seed,representation,weighting,fraction,method,calibration_artists,calibration_tracks,macro_brier,macro_log_loss,delta_raw,delta_platt,fallback_labels,successful_labels,bound_hit_labels
2026092800,maest,ambient_balanced,0.25,raw,24,55,0.14753987455486467,0.4537584942644891,0.0,-0.005538381436687112,0,4,0
2026092800,maest,ambient_balanced,0.25,prior_offset,24,55,0.14468779119274477,0.4515654451586505,-0.002852083362119895,-0.008390464798807007,0,4,0
2026092800,maest,ambient_balanced,0.25,temperature,24,55,0.14847013539678572,0.4657775573895807,0.000930260841921049,-0.004608120594766063,0,4,0
2026092800,maest,ambient_balanced,0.25,platt,24,55,0.15307825599155178,0.5144866715322088,0.005538381436687112,0.0,0,4,0
2026092800,maest,ambient_balanced,0.25,beta,24,55,0.15473754007750223,0.5368043773222727,0.007197665522637564,0.001659284085950452,0,4,1
2026092800,maest,ambient_balanced,0.25,isotonic,24,55,0.15804902453911945,2.4611381870399898,0.010509149984254784,0.004970768547567672,0,4,0
2026092800,maest,ambient_balanced,0.25,ridge_platt,24,55,0.14862622440975098,0.4690339190910122,0.0010863498548863149,-0.004452031581800797,0,4,0
2026092800,maest,ambient_balanced,0.5,raw,47,117,0.14753987455486467,0.4537584942644891,0.0,-0.0013893293054400013,0,4,0
2026092800,maest,ambient_balanced,0.5,prior_offset,47,117,0.14468779119274477,0.4515654451586505,-0.002852083362119895,-0.004241412667559896,0,4,0
2026092800,maest,ambient_balanced,0.5,temperature,47,117,0.1475607826584731,0.4583059635380017,2.090810360844131e-05,-0.00136842120183156,0,4,0
2026092800,maest,ambient_balanced,0.5,platt,47,117,0.14892920386030467,0.4726388871557491,0.0013893293054400013,0.0,0,4,0
2026092800,maest,ambient_balanced,0.5,beta,47,117,0.1490697101763189,0.47040605518442263,0.0015298356214542286,0.00014050631601422725,0,4,1
2026092800,maest,ambient_balanced,0.5,isotonic,47,117,0.15083695419911688,1.0474655475637558,0.0032970796442522154,0.0019077503388122141,0,4,0
2026092800,maest,ambient_balanced,0.5,ridge_platt,47,117,0.1439545872637998,0.4504537462168639,-0.003585287291064859,-0.0049746165965048605,0,4,0
2026092800,maest,ambient_balanced,1.0,raw,94,235,0.14753987455486467,0.4537584942644891,0.0,0.0016060692820305256,0,4,0
2026092800,maest,ambient_balanced,1.0,prior_offset,94,235,0.14468779119274477,0.4515654451586505,-0.002852083362119895,-0.0012460140800893693,0,4,0
2026092800,maest,ambient_balanced,1.0,temperature,94,235,0.14796834077502743,0.45778385313936626,0.00042846622016276537,0.002034535502193291,0,4,0
2026092800,maest,ambient_balanced,1.0,platt,94,235,0.14593380527283414,0.4564103764774825,-0.0016060692820305256,0.0,0,4,0
2026092800,maest,ambient_balanced,1.0,beta,94,235,0.14555315499346227,0.4562598970503412,-0.0019867195614023947,-0.0003806502793718691,0,4,1
2026092800,maest,ambient_balanced,1.0,isotonic,94,235,0.14676256544269434,0.8006439693029255,-0.0007773091121703324,0.0008287601698601932,0,4,0
2026092800,maest,ambient_balanced,1.0,ridge_platt,94,235,0.1431231333251569,0.44606645258628463,-0.004416741229707782,-0.002810671947677257,0,4,0
2026092800,maest,unweighted,0.25,raw,24,55,0.14328937017679433,0.44417670807515314,0.0,-0.00859112049276764,0,4,0
2026092800,maest,unweighted,0.25,prior_offset,24,55,0.14328937017679433,0.44417670807515314,0.0,-0.00859112049276764,0,4,0
2026092800,maest,unweighted,0.25,temperature,24,55,0.14817186340861277,0.4879592385857659,0.004882493231818441,-0.003708627260949199,0,4,0
2026092800,maest,unweighted,0.25,platt,24,55,0.15188049066956197,0.5026796170573623,0.00859112049276764,0.0,0,4,0
2026092800,maest,unweighted,0.25,beta,24,55,0.15375107520038803,0.5105754403243026,0.010461705023593698,0.0018705845308260582,0,4,1
2026092800,maest,unweighted,0.25,isotonic,24,55,0.1562799409649066,2.074937919367936,0.012990570788112277,0.004399450295344637,0,4,0
2026092800,maest,unweighted,0.25,ridge_platt,24,55,0.14788442652930292,0.4676312045327945,0.004595056352508592,-0.003996064140259048,0,4,0
2026092800,maest,unweighted,0.5,raw,47,117,0.14328937017679433,0.44417670807515314,0.0,-0.0051619697811663146,0,4,0
2026092800,maest,unweighted,0.5,prior_offset,47,117,0.14328937017679433,0.44417670807515314,0.0,-0.0051619697811663146,0,4,0
2026092800,maest,unweighted,0.5,temperature,47,117,0.1452277660505225,0.46085268025117176,0.0019383958737281826,-0.003223573907438132,0,4,0
2026092800,maest,unweighted,0.5,platt,47,117,0.14845133995796064,0.4700476038364209,0.0051619697811663146,0.0,0,4,0
2026092800,maest,unweighted,0.5,beta,47,117,0.1486021202664451,0.46816407920715325,0.005312750089650764,0.00015078030848444945,0,4,1
2026092800,maest,unweighted,0.5,isotonic,47,117,0.15034684499955558,1.0451500740545014,0.007057474822761256,0.0018955050415949415,0,4,0
2026092800,maest,unweighted,0.5,ridge_platt,47,117,0.1426082653307919,0.44330661814490824,-0.0006811048460024227,-0.005843074627168737,0,4,0
2026092800,maest,unweighted,1.0,raw,94,235,0.14328937017679433,0.44417670807515314,0.0,-0.0024238843342643257,0,4,0
2026092800,maest,unweighted,1.0,prior_offset,94,235,0.14328937017679433,0.44417670807515314,0.0,-0.0024238843342643257,0,4,0
2026092800,maest,unweighted,1.0,temperature,94,235,0.1443813745287648,0.4518051244625297,0.0010920043519704603,-0.0013318799822938654,0,4,0
2026092800,maest,unweighted,1.0,platt,94,235,0.14571325451105865,0.45581484630727254,0.0024238843342643257,0.0,0,4,0
2026092800,maest,unweighted,1.0,beta,94,235,0.14554928477231374,0.4549476656337775,0.0022599145955194133,-0.00016396973874491239,0,4,1
2026092800,maest,unweighted,1.0,isotonic,94,235,0.14685091818093746,0.7988140674404796,0.003561548004143128,0.0011376636698788023,0,4,0
2026092800,maest,unweighted,1.0,ridge_platt,94,235,0.14229107558560067,0.4424301357122019,-0.0009982945911936603,-0.003422178925457986,0,4,0
2026092800,mert_v0,ambient_balanced,0.25,raw,24,55,0.15956869067123747,0.4910191116885066,0.0,-0.009081259784695789,0,4,0
2026092800,mert_v0,ambient_balanced,0.25,prior_offset,24,55,0.15393219681933437,0.47960557128370407,-0.005636493851903096,-0.014717753636598885,0,4,0
2026092800,mert_v0,ambient_balanced,0.25,temperature,24,55,0.1614801939770012,0.49829424568711667,0.0019115033057637287,-0.00716975647893206,0,4,0
2026092800,mert_v0,ambient_balanced,0.25,platt,24,55,0.16864995045593326,0.5359703712425578,0.009081259784695789,0.0,0,4,0
2026092800,mert_v0,ambient_balanced,0.25,beta,24,55,0.16846749811685502,0.5427310883474384,0.008898807445617551,-0.00018245233907823732,0,4,2
2026092800,mert_v0,ambient_balanced,0.25,isotonic,24,55,0.17632088696399717,2.4884081003183285,0.016752196292759702,0.007670936508063914,0,4,0
2026092800,mert_v0,ambient_balanced,0.25,ridge_platt,24,55,0.16288061258940878,0.5111514780736595,0.003311921918171312,-0.0057693378665244766,0,4,0
2026092800,mert_v0,ambient_balanced,0.5,raw,47,117,0.15956869067123747,0.4910191116885066,0.0,0.0005371513219712964,0,4,0
2026092800,mert_v0,ambient_balanced,0.5,prior_offset,47,117,0.15393219681933437,0.47960557128370407,-0.005636493851903096,-0.0050993425299318,0,4,0
2026092800,mert_v0,ambient_balanced,0.5,temperature,47,117,0.16057873770197967,0.49473161710980484,0.0010100470307422005,0.001547198352713497,0,4,0
2026092800,mert_v0,ambient_balanced,0.5,platt,47,117,0.15903153934926617,0.4942287911196966,-0.0005371513219712964,0.0,0,4,0
2026092800,mert_v0,ambient_balanced,0.5,beta,47,117,0.1597724169699054,0.49764464837546407,0.0002037262986679389,0.0007408776206392353,0,4,3
2026092800,mert_v0,ambient_balanced,0.5,isotonic,47,117,0.16568022450895747,1.1465173097195658,0.006111533837720007,0.006648685159691303,0,4,0
2026092800,mert_v0,ambient_balanced,0.5,ridge_platt,47,117,0.15285690771138866,0.4751227374721936,-0.006711782959848811,-0.006174631637877515,0,4,0
2026092800,mert_v0,ambient_balanced,1.0,raw,94,235,0.15956869067123747,0.4910191116885066,0.0,0.000578156363880894,0,4,0
2026092800,mert_v0,ambient_balanced,1.0,prior_offset,94,235,0.15393219681933437,0.47960557128370407,-0.005636493851903096,-0.005058337488022202,0,4,0
2026092800,mert_v0,ambient_balanced,1.0,temperature,94,235,0.1598690682055308,0.4926210482204737,0.00030037753429332237,0.0008785338981742163,0,4,0
2026092800,mert_v0,ambient_balanced,1.0,platt,94,235,0.15899053430735657,0.49419425455447313,-0.000578156363880894,0.0,0,4,0
2026092800,mert_v0,ambient_balanced,1.0,beta,94,235,0.15938373788111565,0.4967825849161847,-0.0001849527901218173,0.00039320357375907666,0,4,1
2026092800,mert_v0,ambient_balanced,1.0,isotonic,94,235,0.16076580540551466,0.8767129273304985,0.0011971147342771937,0.0017752710981580877,0,4,0
2026092800,mert_v0,ambient_balanced,1.0,ridge_platt,94,235,0.15751253789563222,0.4888735013445461,-0.0020561527756052522,-0.0014779964117243582,0,4,0
2026092800,mert_v0,unweighted,0.25,raw,24,55,0.1535723607035177,0.4775646815229083,0.0,-0.015196261164300034,0,4,0
2026092800,mert_v0,unweighted,0.25,prior_offset,24,55,0.1535723607035177,0.4775646815229083,0.0,-0.015196261164300034,0,4,0
2026092800,mert_v0,unweighted,0.25,temperature,24,55,0.15528182709630997,0.48707247947977717,0.0017094663927922638,-0.01348679477150777,0,4,0
2026092800,mert_v0,unweighted,0.25,platt,24,55,0.16876862186781774,0.5361968873071076,0.015196261164300034,0.0,0,4,0
2026092800,mert_v0,unweighted,0.25,beta,24,55,0.16886532228133433,0.541015141688476,0.015292961577816622,9.67004135165872e-05,0,4,2
2026092800,mert_v0,unweighted,0.25,isotonic,24,55,0.17700589510547787,2.48878063159051,0.023433534401960165,0.008237273237660131,0,4,0
2026092800,mert_v0,unweighted,0.25,ridge_platt,24,55,0.1635138504019336,0.5138522508107921,0.009941489698415906,-0.005254771465884128,0,4,0
2026092800,mert_v0,unweighted,0.5,raw,47,117,0.1535723607035177,0.4775646815229083,0.0,-0.005727561964694344,0,4,0
2026092800,mert_v0,unweighted,0.5,prior_offset,47,117,0.1535723607035177,0.4775646815229083,0.0,-0.005727561964694344,0,4,0
2026092800,mert_v0,unweighted,0.5,temperature,47,117,0.15465901460195478,0.48186513454021734,0.0010866538984370677,-0.004640908066257277,0,4,0
2026092800,mert_v0,unweighted,0.5,platt,47,117,0.15929992266821205,0.4950824922672779,0.005727561964694344,0.0,0,4,0
2026092800,mert_v0,unweighted,0.5,beta,47,117,0.16046972993314051,0.49877918880428496,0.006897369229622807,0.001169807264928463,0,4,3
2026092800,mert_v0,unweighted,0.5,isotonic,47,117,0.1665720108191008,1.150253898201077,0.0129996501155831,0.007272088150888756,0,4,0
2026092800,mert_v0,unweighted,0.5,ridge_platt,47,117,0.15346207327970662,0.47720358663250684,-0.00011028742381108403,-0.005837849388505428,0,4,0
2026092800,mert_v0,unweighted,1.0,raw,94,235,0.1535723607035177,0.4775646815229083,0.0,-0.005920298905557675,0,4,0
2026092800,mert_v0,unweighted,1.0,prior_offset,94,235,0.1535723607035177,0.4775646815229083,0.0,-0.005920298905557675,0,4,0
2026092800,mert_v0,unweighted,1.0,temperature,94,235,0.15452773561030686,0.48176942281908025,0.0009553749067891526,-0.004964923998768522,0,4,0
2026092800,mert_v0,unweighted,1.0,platt,94,235,0.15949265960907538,0.49591403677019213,0.005920298905557675,0.0,0,4,0
2026092800,mert_v0,unweighted,1.0,beta,94,235,0.1601134128131953,0.4983997954805422,0.006541052109677592,0.0006207532041199171,0,4,1
2026092800,mert_v0,unweighted,1.0,isotonic,94,235,0.16255129838433938,0.8841301579834318,0.00897893768082167,0.0030586387752639943,0,4,0
2026092800,mert_v0,unweighted,1.0,ridge_platt,94,235,0.15778981410399162,0.4899889932764222,0.004217453400473914,-0.001702845505083761,0,4,0
2026092800,mert_v1,ambient_balanced,0.25,raw,24,55,0.16217091479814208,0.4984824660653908,0.0,-0.012001683630451926,0,4,0
2026092800,mert_v1,ambient_balanced,0.25,prior_offset,24,55,0.15434960786794724,0.4834503744013605,-0.007821306930194838,-0.019822990560646764,0,4,0
2026092800,mert_v1,ambient_balanced,0.25,temperature,24,55,0.16530907258832855,0.5097041259271462,0.0031381577901864743,-0.008863525840265452,0,4,0
2026092800,mert_v1,ambient_balanced,0.25,platt,24,55,0.174172598428594,0.5560989358380697,0.012001683630451926,0.0,0,4,0
2026092800,mert_v1,ambient_balanced,0.25,beta,24,55,0.17678219485059585,0.5903196343027193,0.014611280052453768,0.002609596422001842,0,4,3
2026092800,mert_v1,ambient_balanced,0.25,isotonic,24,55,0.1882961337180931,3.0600289774301563,0.02612521891995101,0.014123535289499084,0,4,0
2026092800,mert_v1,ambient_balanced,0.25,ridge_platt,24,55,0.15411543241194461,0.47961261485772083,-0.008055482386197466,-0.02005716601664939,0,4,0
2026092800,mert_v1,ambient_balanced,0.5,raw,47,117,0.16217091479814208,0.4984824660653908,0.0,0.002639496950429865,0,4,0
2026092800,mert_v1,ambient_balanced,0.5,prior_offset,47,117,0.15434960786794724,0.4834503744013605,-0.007821306930194838,-0.005181809979764973,0,4,0
2026092800,mert_v1,ambient_balanced,0.5,temperature,47,117,0.1638725129266977,0.5036174531928864,0.0017015981285556092,0.004341095078985474,0,4,0
2026092800,mert_v1,ambient_balanced,0.5,platt,47,117,0.15953141784771221,0.49841755463976145,-0.002639496950429865,0.0,0,4,0
2026092800,mert_v1,ambient_balanced,0.5,beta,47,117,0.16038845486417977,0.5050716277161771,-0.0017824599339623104,0.0008570370164675545,0,4,3
2026092800,mert_v1,ambient_balanced,0.5,isotonic,47,117,0.16584121384203473,1.1386370067483176,0.0036702990438926553,0.00630979599432252,0,4,0
2026092800,mert_v1,ambient_balanced,0.5,ridge_platt,47,117,0.15399376407086432,0.4808155165063062,-0.00817715072727776,-0.005537653776847895,0,4,0
2026092800,mert_v1,ambient_balanced,1.0,raw,94,235,0.16217091479814208,0.4984824660653908,0.0,0.003960879696647407,0,4,0
2026092800,mert_v1,ambient_balanced,1.0,prior_offset,94,235,0.15434960786794724,0.4834503744013605,-0.007821306930194838,-0.003860427233547431,0,4,0
2026092800,mert_v1,ambient_balanced,1.0,temperature,94,235,0.16297443528380937,0.5015843105850002,0.0008035204856672862,0.004764400182314693,0,4,0
2026092800,mert_v1,ambient_balanced,1.0,platt,94,235,0.15821003510149467,0.49438725252448645,-0.003960879696647407,0.0,0,4,0
2026092800,mert_v1,ambient_balanced,1.0,beta,94,235,0.15858548536465966,0.5013303615399536,-0.0035854294334824177,0.0003754502631649892,0,4,2
2026092800,mert_v1,ambient_balanced,1.0,isotonic,94,235,0.16025316854456148,0.9055897458995933,-0.001917746253580599,0.002043133443066808,0,4,0
2026092800,mert_v1,ambient_balanced,1.0,ridge_platt,94,235,0.15399258262958446,0.4810018566052612,-0.008178332168557623,-0.004217452471910216,0,4,0
2026092800,mert_v1,unweighted,0.25,raw,24,55,0.1540445140347341,0.48101462728536737,0.0,-0.020417157971371808,0,4,0
2026092800,mert_v1,unweighted,0.25,prior_offset,24,55,0.1540445140347341,0.48101462728536737,0.0,-0.020417157971371808,0,4,0
2026092800,mert_v1,unweighted,0.25,temperature,24,55,0.15814528847852707,0.5007894372951142,0.004100774443792976,-0.01631638352757883,0,4,0
2026092800,mert_v1,unweighted,0.25,platt,24,55,0.1744616720061059,0.5570241772559302,0.020417157971371808,0.0,0,4,0
2026092800,mert_v1,unweighted,0.25,beta,24,55,0.1769227264413207,0.5818960867778133,0.022878212406586607,0.002461054435214799,0,4,3
2026092800,mert_v1,unweighted,0.25,isotonic,24,55,0.18941794239139487,3.0330263456818054,0.03537342835666077,0.014956270385288961,0,4,0
2026092800,mert_v1,unweighted,0.25,ridge_platt,24,55,0.1539102428337633,0.480580730301336,-0.00013427120097078693,-0.020551429172342595,0,4,0
2026092800,mert_v1,unweighted,0.5,raw,47,117,0.1540445140347341,0.48101462728536737,0.0,-0.005813446129514455,0,4,0
2026092800,mert_v1,unweighted,0.5,prior_offset,47,117,0.1540445140347341,0.48101462728536737,0.0,-0.005813446129514455,0,4,0
2026092800,mert_v1,unweighted,0.5,temperature,47,117,0.15658267365077108,0.49071680523982475,0.0025381596160369835,-0.003275286513477471,0,4,0
2026092800,mert_v1,unweighted,0.5,platt,47,117,0.15985796016424855,0.499301849053009,0.005813446129514455,0.0,0,4,0
2026092800,mert_v1,unweighted,0.5,beta,47,117,0.16089937864270187,0.5028136982153979,0.0068548646079677755,0.001041418478453321,0,4,3
2026092800,mert_v1,unweighted,0.5,isotonic,47,117,0.16627611563637515,1.2039114684800238,0.012231601601641051,0.0064181554721265965,0,4,0
2026092800,mert_v1,unweighted,0.5,ridge_platt,47,117,0.15401787053443466,0.48027428812918027,-2.664350029943363e-05,-0.005840089629813888,0,4,0
2026092800,mert_v1,unweighted,1.0,raw,94,235,0.1540445140347341,0.48101462728536737,0.0,-0.004732539805085811,0,4,0
2026092800,mert_v1,unweighted,1.0,prior_offset,94,235,0.1540445140347341,0.48101462728536737,0.0,-0.004732539805085811,0,4,0
2026092800,mert_v1,unweighted,1.0,temperature,94,235,0.15556818713860632,0.48703395345030764,0.0015236731038722195,-0.003208866701213592,0,4,0
2026092800,mert_v1,unweighted,1.0,platt,94,235,0.1587770538398199,0.496399769032213,0.004732539805085811,0.0,0,4,0
2026092800,mert_v1,unweighted,1.0,beta,94,235,0.1592976382565976,0.49987926267023497,0.005253124221863498,0.0005205844167776863,0,4,2
2026092800,mert_v1,unweighted,1.0,isotonic,94,235,0.160223874857718,0.9365497006258368,0.006179360822983898,0.0014468210178980867,0,4,0
2026092800,mert_v1,unweighted,1.0,ridge_platt,94,235,0.15392285760106547,0.4804530837481944,-0.00012165643366862655,-0.004854196238754438,0,4,0
2026092801,maest,ambient_balanced,0.25,raw,24,51,0.14087464866478902,0.4400203687483843,0.0,5.306274624639062e-06,0,4,0
2026092801,maest,ambient_balanced,0.25,prior_offset,24,51,0.13705235481483088,0.4315623251089945,-0.003822293849958136,-0.003816987575333497,0,4,0
2026092801,maest,ambient_balanced,0.25,temperature,24,51,0.1441041100760221,0.4601984152051115,0.003229461411233092,0.0032347676858577312,0,4,0
2026092801,maest,ambient_balanced,0.25,platt,24,51,0.14086934239016438,0.45632310964502115,-5.306274624639062e-06,0.0,0,4,0
2026092801,maest,ambient_balanced,0.25,beta,24,51,0.14126187577396385,0.46672161095508513,0.00038722710917482583,0.0003925333837994649,0,4,1
2026092801,maest,ambient_balanced,0.25,isotonic,24,51,0.1438397452404704,1.6575528360923835,0.002965096575681392,0.002970402850306031,0,4,0
2026092801,maest,ambient_balanced,0.25,ridge_platt,24,51,0.1404758934920583,0.4387503271154073,-0.00039875517273071925,-0.0003934488981060802,0,4,0
2026092801,maest,ambient_balanced,0.5,raw,47,121,0.14087464866478902,0.4400203687483843,0.0,0.0005316864634007656,0,4,0
2026092801,maest,ambient_balanced,0.5,prior_offset,47,121,0.13705235481483088,0.4315623251089945,-0.003822293849958136,-0.0032906073865573704,0,4,0
2026092801,maest,ambient_balanced,0.5,temperature,47,121,0.14294980368763055,0.4460714040635037,0.0020751550228415294,0.002606841486242295,0,4,0
2026092801,maest,ambient_balanced,0.5,platt,47,121,0.14034296220138825,0.4370124561732366,-0.0005316864634007656,0.0,0,4,0
2026092801,maest,ambient_balanced,0.5,beta,47,121,0.1400093953250312,0.437011280116587,-0.0008652533397578155,-0.00033356687635704985,0,4,0
2026092801,maest,ambient_balanced,0.5,isotonic,47,121,0.14296941663660098,0.8029150253804144,0.0020947679718119616,0.0026264544352127273,0,4,0
2026092801,maest,ambient_balanced,0.5,ridge_platt,47,121,0.13814340236154754,0.43119892311747005,-0.00273124630324148,-0.0021995598398407146,0,4,0
2026092801,maest,ambient_balanced,1.0,raw,94,245,0.14087464866478902,0.4400203687483843,0.0,0.0018166221135043625,0,4,0
2026092801,maest,ambient_balanced,1.0,prior_offset,94,245,0.13705235481483088,0.4315623251089945,-0.003822293849958136,-0.0020056717364537735,0,4,0
2026092801,maest,ambient_balanced,1.0,temperature,94,245,0.1422971785723639,0.44444295978428994,0.001422529907574882,0.0032391520210792446,0,4,0
2026092801,maest,ambient_balanced,1.0,platt,94,245,0.13905802655128466,0.4353523365490602,-0.0018166221135043625,0.0,0,4,0
2026092801,maest,ambient_balanced,1.0,beta,94,245,0.1383721142615329,0.43362189394536904,-0.0025025344032561236,-0.0006859122897517611,0,4,0
2026092801,maest,ambient_balanced,1.0,isotonic,94,245,0.14329159789618676,0.700011557986282,0.002416949231397736,0.004233571344902098,0,4,0
2026092801,maest,ambient_balanced,1.0,ridge_platt,94,245,0.13820860360252543,0.43140330832061974,-0.002666045062263589,-0.0008494229487592264,0,4,0
2026092801,maest,unweighted,0.25,raw,24,51,0.13632919707376343,0.4280312800946799,0.0,-0.004654477686997893,0,4,0
2026092801,maest,unweighted,0.25,prior_offset,24,51,0.13632919707376343,0.4280312800946799,0.0,-0.004654477686997893,0,4,0
2026092801,maest,unweighted,0.25,temperature,24,51,0.1391609053612439,0.44546551945567875,0.002831708287480472,-0.001822769399517421,0,4,0
2026092801,maest,unweighted,0.25,platt,24,51,0.14098367476076132,0.4566571196132978,0.004654477686997893,0.0,0,4,0
2026092801,maest,unweighted,0.25,beta,24,51,0.14135784522940775,0.4669265068067027,0.005028648155644327,0.0003741704686464342,0,4,2
2026092801,maest,unweighted,0.25,isotonic,24,51,0.14372125890943352,1.6574841605371666,0.007392061835670094,0.002737584148672201,0,4,0
2026092801,maest,unweighted,0.25,ridge_platt,24,51,0.13639757468347563,0.4279297626545811,6.837760971220574e-05,-0.0045861000772856875,0,4,0
2026092801,maest,unweighted,0.5,raw,47,121,0.13632919707376343,0.4280312800946799,0.0,-0.004149988845823016,0,4,0
2026092801,maest,unweighted,0.5,prior_offset,47,121,0.13632919707376343,0.4280312800946799,0.0,-0.004149988845823016,0,4,0
2026092801,maest,unweighted,0.5,temperature,47,121,0.13774103497352302,0.43221496221739397,0.0014118378997595993,-0.002738150946063417,0,4,0
2026092801,maest,unweighted,0.5,platt,47,121,0.14047918591958644,0.437459099671767,0.004149988845823016,0.0,0,4,0
2026092801,maest,unweighted,0.5,beta,47,121,0.14006338519877282,0.43726361987166656,0.003734188125009391,-0.00041580072081362496,0,4,1
2026092801,maest,unweighted,0.5,isotonic,47,121,0.1436516727827342,0.8050113693144629,0.007322475708970766,0.00317248686314775,0,4,0
2026092801,maest,unweighted,0.5,ridge_platt,47,121,0.13822883637744054,0.43244039111929006,0.0018996393036771198,-0.0022503495421458963,0,4,0
2026092801,maest,unweighted,1.0,raw,94,245,0.13632919707376343,0.4280312800946799,0.0,-0.0027924076903271533,0,4,0
2026092801,maest,unweighted,1.0,prior_offset,94,245,0.13632919707376343,0.4280312800946799,0.0,-0.0027924076903271533,0,4,0
2026092801,maest,unweighted,1.0,temperature,94,245,0.13717166818012627,0.43093477293936067,0.0008424711063628465,-0.0019499365839643068,0,4,0
2026092801,maest,unweighted,1.0,platt,94,245,0.13912160476409058,0.43569073122791846,0.0027924076903271533,0.0,0,4,0
2026092801,maest,unweighted,1.0,beta,94,245,0.1384138775737364,0.43391662078929993,0.002084680499972985,-0.0007077271903541682,0,4,0
2026092801,maest,unweighted,1.0,isotonic,94,245,0.14330397550478505,0.7005766496973016,0.006974778431021622,0.004182370740694469,0,4,0
2026092801,maest,unweighted,1.0,ridge_platt,94,245,0.13746280829161875,0.4298981971633129,0.0011336112178553237,-0.0016587964724718296,0,4,0
2026092801,mert_v0,ambient_balanced,0.25,raw,24,51,0.15051014390799677,0.4677833703574909,0.0,0.008684709464001378,0,4,0
2026092801,mert_v0,ambient_balanced,0.25,prior_offset,24,51,0.14303230578538784,0.447144746841506,-0.007477838122608937,0.0012068713413924403,0,4,0
2026092801,mert_v0,ambient_balanced,0.25,temperature,24,51,0.1527468275712725,0.4921868651295239,0.002236683663275729,0.010921393127277107,0,4,0
2026092801,mert_v0,ambient_balanced,0.25,platt,24,51,0.1418254344439954,0.47306144051617255,-0.008684709464001378,0.0,0,4,0
2026092801,mert_v0,ambient_balanced,0.25,beta,24,51,0.14183908806856665,0.4865281943679015,-0.00867105583943012,1.3653624571258183e-05,0,4,3
2026092801,mert_v0,ambient_balanced,0.25,isotonic,24,51,0.1502658562152817,1.806094741188121,-0.0002442876927150617,0.008440421771286316,0,4,0
2026092801,mert_v0,ambient_balanced,0.25,ridge_platt,24,51,0.14838804665576877,0.47498922459629156,-0.0021220972522280057,0.006562612211773372,0,4,0
2026092801,mert_v0,ambient_balanced,0.5,raw,47,121,0.15051014390799677,0.4677833703574909,0.0,0.003478208639877939,0,4,0
2026092801,mert_v0,ambient_balanced,0.5,prior_offset,47,121,0.14303230578538784,0.447144746841506,-0.007477838122608937,-0.003999629482730999,0,4,0
2026092801,mert_v0,ambient_balanced,0.5,temperature,47,121,0.15218594173889544,0.47660496149597575,0.001675797830898662,0.005154006470776601,0,4,0
2026092801,mert_v0,ambient_balanced,0.5,platt,47,121,0.14703193526811884,0.46321404891260853,-0.003478208639877939,0.0,0,4,0
2026092801,mert_v0,ambient_balanced,0.5,beta,47,121,0.14764412591794068,0.4680127612836165,-0.002866017990056091,0.0006121906498218477,0,4,2
2026092801,mert_v0,ambient_balanced,0.5,isotonic,47,121,0.15302830038205162,0.8247795255331654,0.0025181564740548446,0.005996365113932783,0,4,0
2026092801,mert_v0,ambient_balanced,0.5,ridge_platt,47,121,0.14534143226300983,0.45647881755086867,-0.005168711644986945,-0.0016905030051090064,0,4,0
2026092801,mert_v0,ambient_balanced,1.0,raw,94,245,0.15051014390799677,0.4677833703574909,0.0,0.0076540555814375855,0,4,0
2026092801,mert_v0,ambient_balanced,1.0,prior_offset,94,245,0.14303230578538784,0.447144746841506,-0.007477838122608937,0.00017621745882864803,0,4,0
2026092801,mert_v0,ambient_balanced,1.0,temperature,94,245,0.15092046897497816,0.46945295673704074,0.0004103250669813818,0.008064380648418967,0,4,0
2026092801,mert_v0,ambient_balanced,1.0,platt,94,245,0.1428560883265592,0.4492042938112186,-0.0076540555814375855,0.0,0,4,0
2026092801,mert_v0,ambient_balanced,1.0,beta,94,245,0.14386919646414098,0.4537785768397777,-0.006640947443855794,0.0010131081375817919,0,4,2
2026092801,mert_v0,ambient_balanced,1.0,isotonic,94,245,0.14840332846561594,0.5690326877490668,-0.0021068154423808383,0.005547240139056747,0,4,0
2026092801,mert_v0,ambient_balanced,1.0,ridge_platt,94,245,0.14248573265988704,0.446874230973373,-0.008024411248109736,-0.0003703556666721508,0,4,0
2026092801,mert_v0,unweighted,0.25,raw,24,51,0.1428696856333354,0.4471996742190184,0.0,0.0007537232425496865,0,4,0
2026092801,mert_v0,unweighted,0.25,prior_offset,24,51,0.1428696856333354,0.4471996742190184,0.0,0.0007537232425496865,0,4,0
2026092801,mert_v0,unweighted,0.25,temperature,24,51,0.14503545928789585,0.4710751770127199,0.0021657736545604434,0.00291949689711013,0,4,0
2026092801,mert_v0,unweighted,0.25,platt,24,51,0.14211596239078572,0.4741463185287507,-0.0007537232425496865,0.0,0,4,0
2026092801,mert_v0,unweighted,0.25,beta,24,51,0.14254886168569778,0.4882167576393386,-0.0003208239476376329,0.0004328992949120536,0,4,3
2026092801,mert_v0,unweighted,0.25,isotonic,24,51,0.14975617745607955,1.806059147211089,0.006886491822744145,0.007640215065293832,0,4,0
2026092801,mert_v0,unweighted,0.25,ridge_platt,24,51,0.14193061540476004,0.4574965621155287,-0.0009390702285753671,-0.00018534698602568067,0,4,0
2026092801,mert_v0,unweighted,0.5,raw,47,121,0.1428696856333354,0.4471996742190184,0.0,-0.0042923711939951426,0,4,0
2026092801,mert_v0,unweighted,0.5,prior_offset,47,121,0.1428696856333354,0.4471996742190184,0.0,-0.0042923711939951426,0,4,0
2026092801,mert_v0,unweighted,0.5,temperature,47,121,0.14331987514196348,0.452959136373157,0.00045018950862807383,-0.0038421816853670687,0,4,0
2026092801,mert_v0,unweighted,0.5,platt,47,121,0.14716205682733055,0.463817402614244,0.0042923711939951426,0.0,0,4,0
2026092801,mert_v0,unweighted,0.5,beta,47,121,0.14768633122750408,0.4683178920582595,0.004816645594168667,0.0005242744001735244,0,4,3
2026092801,mert_v0,unweighted,0.5,isotonic,47,121,0.15396501287162898,0.8278018264574628,0.011095327238293567,0.006802956044298425,0,4,0
2026092801,mert_v0,unweighted,0.5,ridge_platt,47,121,0.14498517920436552,0.45542739952721445,0.002115493571030108,-0.0021768776229650344,0,4,0
2026092801,mert_v0,unweighted,1.0,raw,94,245,0.1428696856333354,0.4471996742190184,0.0,-1.9407798529935683e-05,0,4,0
2026092801,mert_v0,unweighted,1.0,prior_offset,94,245,0.1428696856333354,0.4471996742190184,0.0,-1.9407798529935683e-05,0,4,0
2026092801,mert_v0,unweighted,1.0,temperature,94,245,0.14325007927136635,0.44863170063654956,0.0003803936380309403,0.0003609858395010046,0,4,0
2026092801,mert_v0,unweighted,1.0,platt,94,245,0.14288909343186534,0.44966465631050645,1.9407798529935683e-05,0.0,0,4,0
2026092801,mert_v0,unweighted,1.0,beta,94,245,0.14385216272687973,0.45403316054312104,0.0009824770935443206,0.0009630692950143849,0,4,2
2026092801,mert_v0,unweighted,1.0,isotonic,94,245,0.14909979926751538,0.571666318976845,0.006230113634179968,0.006210705835650032,0,4,0
2026092801,mert_v0,unweighted,1.0,ridge_platt,94,245,0.1430729703009727,0.44866003552170175,0.00020328466763730457,0.0001838768691073689,0,4,0
2026092801,mert_v1,ambient_balanced,0.25,raw,24,51,0.1502984637653613,0.46540872035604314,0.0,0.004329455637622187,0,4,0
2026092801,mert_v1,ambient_balanced,0.25,prior_offset,24,51,0.14362897451727738,0.4461932849021436,-0.006669489248083915,-0.002340033610461728,0,4,0
2026092801,mert_v1,ambient_balanced,0.25,temperature,24,51,0.15367778550142744,0.4813167189679855,0.003379321736066143,0.00770877737368833,0,4,0
2026092801,mert_v1,ambient_balanced,0.25,platt,24,51,0.1459690081277391,0.4665750727491461,-0.004329455637622187,0.0,0,4,0
2026092801,mert_v1,ambient_balanced,0.25,beta,24,51,0.1461459279192378,0.4752094135223809,-0.00415253584612349,0.00017691979149869752,0,4,2
2026092801,mert_v1,ambient_balanced,0.25,isotonic,24,51,0.15717645684210296,1.4656786319457582,0.0068779930767416675,0.011207448714363855,0,4,0
2026092801,mert_v1,ambient_balanced,0.25,ridge_platt,24,51,0.15097458818345838,0.467639643674529,0.0006761244180970849,0.005005580055719272,0,4,0
2026092801,mert_v1,ambient_balanced,0.5,raw,47,121,0.1502984637653613,0.46540872035604314,0.0,0.002954974416729844,0,4,0
2026092801,mert_v1,ambient_balanced,0.5,prior_offset,47,121,0.14362897451727738,0.4461932849021436,-0.006669489248083915,-0.003714514831354071,0,4,0
2026092801,mert_v1,ambient_balanced,0.5,temperature,47,121,0.15142206666478641,0.46941009960145286,0.001123602899425119,0.004078577316154963,0,4,0
2026092801,mert_v1,ambient_balanced,0.5,platt,47,121,0.14734348934863145,0.4550107034874506,-0.002954974416729844,0.0,0,4,0
2026092801,mert_v1,ambient_balanced,0.5,beta,47,121,0.14769876919954028,0.4552927576198945,-0.0025996945658210147,0.0003552798509088295,0,4,1
2026092801,mert_v1,ambient_balanced,0.5,isotonic,47,121,0.15746241326130486,0.6467166039068812,0.007163949495943567,0.010118923912673411,0,4,0
2026092801,mert_v1,ambient_balanced,0.5,ridge_platt,47,121,0.14575581231319093,0.45063305927610664,-0.004542651452170365,-0.0015876770354405212,0,4,0
2026092801,mert_v1,ambient_balanced,1.0,raw,94,245,0.1502984637653613,0.46540872035604314,0.0,0.005790729029503255,0,4,0
2026092801,mert_v1,ambient_balanced,1.0,prior_offset,94,245,0.14362897451727738,0.4461932849021436,-0.006669489248083915,-0.0008787602185806598,0,4,0
2026092801,mert_v1,ambient_balanced,1.0,temperature,94,245,0.15110927081481526,0.46863738399034827,0.0008108070494539654,0.006601536078957221,0,4,0
2026092801,mert_v1,ambient_balanced,1.0,platt,94,245,0.14450773473585804,0.4502783360848649,-0.005790729029503255,0.0,0,4,0
2026092801,mert_v1,ambient_balanced,1.0,beta,94,245,0.1454902618549967,0.4532694008788181,-0.004808201910364601,0.0009825271191386542,0,4,2
2026092801,mert_v1,ambient_balanced,1.0,isotonic,94,245,0.1476737051057278,0.5894525062611179,-0.0026247586596334915,0.003165970369869764,0,4,0
2026092801,mert_v1,ambient_balanced,1.0,ridge_platt,94,245,0.14385961444202477,0.44654586580090344,-0.006438849323336521,-0.0006481202938332653,0,4,0
2026092801,mert_v1,unweighted,0.25,raw,24,51,0.14376883892936246,0.446972330762616,0.0,-0.002948970117478328,0,4,0
2026092801,mert_v1,unweighted,0.25,prior_offset,24,51,0.14376883892936246,0.446972330762616,0.0,-0.002948970117478328,0,4,0
2026092801,mert_v1,unweighted,0.25,temperature,24,51,0.146664226841335,0.4603306228738836,0.0028953879119725523,-5.3582205505775526e-05,0,4,0
2026092801,mert_v1,unweighted,0.25,platt,24,51,0.14671780904684079,0.4686086472183491,0.002948970117478328,0.0,0,4,0
2026092801,mert_v1,unweighted,0.25,beta,24,51,0.14750476330518106,0.4782248211883334,0.0037359243758186,0.0007869542583402722,0,4,3
2026092801,mert_v1,unweighted,0.25,isotonic,24,51,0.15997875752708124,1.4724973389809026,0.01620991859771878,0.013260948480240453,0,4,0
2026092801,mert_v1,unweighted,0.25,ridge_platt,24,51,0.145598911932096,0.4522765862520869,0.001830073002733551,-0.0011188971147447768,0,4,0
2026092801,mert_v1,unweighted,0.5,raw,47,121,0.14376883892936246,0.446972330762616,0.0,-0.00402821768797898,0,4,0
2026092801,mert_v1,unweighted,0.5,prior_offset,47,121,0.14376883892936246,0.446972330762616,0.0,-0.00402821768797898,0,4,0
2026092801,mert_v1,unweighted,0.5,temperature,47,121,0.1443503362786738,0.4496536355205914,0.000581497349311344,-0.003446720338667636,0,4,0
2026092801,mert_v1,unweighted,0.5,platt,47,121,0.14779705661734144,0.45639492729288356,0.00402821768797898,0.0,0,4,0
2026092801,mert_v1,unweighted,0.5,beta,47,121,0.1478315622313253,0.4556405844157031,0.004062723301962834,3.450561398385399e-05,0,4,1
2026092801,mert_v1,unweighted,0.5,isotonic,47,121,0.1574103527688515,0.6460170342759948,0.013641513839489056,0.009613296151510076,0,4,0
2026092801,mert_v1,unweighted,0.5,ridge_platt,47,121,0.14616437570058624,0.45160150696475665,0.002395536771223783,-0.001632680916755197,0,4,0
2026092801,mert_v1,unweighted,1.0,raw,94,245,0.14376883892936246,0.446972330762616,0.0,-0.0010362622729645221,0,4,0
2026092801,mert_v1,unweighted,1.0,prior_offset,94,245,0.14376883892936246,0.446972330762616,0.0,-0.0010362622729645221,0,4,0
2026092801,mert_v1,unweighted,1.0,temperature,94,245,0.14516620990604648,0.451710743422648,0.0013973709766840203,0.0003611087037194982,0,4,0
2026092801,mert_v1,unweighted,1.0,platt,94,245,0.14480510120232698,0.4514692712892455,0.0010362622729645221,0.0,0,4,0
2026092801,mert_v1,unweighted,1.0,beta,94,245,0.14563242109360383,0.453852029733086,0.001863582164241373,0.0008273198912768509,0,4,2
2026092801,mert_v1,unweighted,1.0,isotonic,94,245,0.14749607811778864,0.5886078374397195,0.0037272391884261846,0.0026909769154616625,0,4,0
2026092801,mert_v1,unweighted,1.0,ridge_platt,94,245,0.1438013539738104,0.44656040722235246,3.25150444479283e-05,-0.0010037472285165938,0,4,0
2026092802,maest,ambient_balanced,0.25,raw,24,59,0.1456326092484287,0.4517998306419461,0.0,-0.00016978718631111,0,4,0
2026092802,maest,ambient_balanced,0.25,prior_offset,24,59,0.139208916163456,0.4327375000350251,-0.006423693084972704,-0.006593480271283814,0,4,0
2026092802,maest,ambient_balanced,0.25,temperature,24,59,0.14632042609299906,0.4555276877837039,0.0006878168445703658,0.0005180296582592558,0,4,0
2026092802,maest,ambient_balanced,0.25,platt,24,59,0.1458023964347398,0.45538016107448454,0.00016978718631111,0.0,0,4,0
2026092802,maest,ambient_balanced,0.25,beta,24,59,0.14812046590692007,0.46068872624416557,0.002487856658491383,0.002318069472180273,0,4,3
2026092802,maest,ambient_balanced,0.25,isotonic,24,59,0.1495479294041851,0.8211243820732872,0.003915320155756408,0.0037455329694452977,0,4,0
2026092802,maest,ambient_balanced,0.25,ridge_platt,24,59,0.14337801678188905,0.44731048032831977,-0.00225459246653964,-0.00242437965285075,0,4,0
2026092802,maest,ambient_balanced,0.5,raw,47,118,0.1456326092484287,0.4517998306419461,0.0,-0.002722866743227137,0,4,0
2026092802,maest,ambient_balanced,0.5,prior_offset,47,118,0.139208916163456,0.4327375000350251,-0.006423693084972704,-0.00914655982819984,0,4,0
2026092802,maest,ambient_balanced,0.5,temperature,47,118,0.14726586304472747,0.4634758164880096,0.001633253796298778,-0.0010896129469283589,0,4,0
2026092802,maest,ambient_balanced,0.5,platt,47,118,0.14835547599165583,0.4668313176078154,0.002722866743227137,0.0,0,4,0
2026092802,maest,ambient_balanced,0.5,beta,47,118,0.1498148688936728,0.46711871978162767,0.004182259645244102,0.001459392902016965,0,4,1
2026092802,maest,ambient_balanced,0.5,isotonic,47,118,0.1513341831325801,0.7586561265995637,0.005701573884151406,0.0029787071409242694,0,4,0
2026092802,maest,ambient_balanced,0.5,ridge_platt,47,118,0.14624445752253248,0.45608960863367626,0.0006118482741037934,-0.0021110184691233436,0,4,0
2026092802,maest,ambient_balanced,1.0,raw,94,254,0.1456326092484287,0.4517998306419461,0.0,0.006995234184157012,0,4,0
2026092802,maest,ambient_balanced,1.0,prior_offset,94,254,0.139208916163456,0.4327375000350251,-0.006423693084972704,0.0005715410991843084,0,4,0
2026092802,maest,ambient_balanced,1.0,temperature,94,254,0.1461529986489155,0.4526060430463351,0.0005203894004868204,0.007515623584643832,0,4,0
2026092802,maest,ambient_balanced,1.0,platt,94,254,0.13863737506427168,0.4320462971261548,-0.006995234184157012,0.0,0,4,0
2026092802,maest,ambient_balanced,1.0,beta,94,254,0.14005055408909126,0.43514141308995546,-0.005582055159337435,0.0014131790248195775,0,4,0
2026092802,maest,ambient_balanced,1.0,isotonic,94,254,0.1437084830640937,0.6321163699265525,-0.00192412618433499,0.005071107999822022,0,4,0
2026092802,maest,ambient_balanced,1.0,ridge_platt,94,254,0.13830970891121364,0.4323733360623318,-0.007322900337215055,-0.0003276661530580427,0,4,0
2026092802,maest,unweighted,0.25,raw,24,59,0.13853088378137282,0.4310148122106033,0.0,-0.0075520172247769135,0,4,0
2026092802,maest,unweighted,0.25,prior_offset,24,59,0.13853088378137282,0.4310148122106033,0.0,-0.0075520172247769135,0,4,0
2026092802,maest,unweighted,0.25,temperature,24,59,0.14103134055090155,0.44229132357212064,0.0025004567695287305,-0.005051560455248183,0,4,0
2026092802,maest,unweighted,0.25,platt,24,59,0.14608290100614973,0.45602360623547833,0.0075520172247769135,0.0,0,4,0
2026092802,maest,unweighted,0.25,beta,24,59,0.14794093555205962,0.4601378016276099,0.009410051770686795,0.0018580345459098813,0,4,3
2026092802,maest,unweighted,0.25,isotonic,24,59,0.14966493874682013,0.8234738360677665,0.01113405496544731,0.0035820377406703963,0,4,0
2026092802,maest,unweighted,0.25,ridge_platt,24,59,0.14250735639922418,0.44466042666199784,0.003976472617851362,-0.0035755446069255514,0,4,0
2026092802,maest,unweighted,0.5,raw,47,118,0.13853088378137282,0.4310148122106033,0.0,-0.009675821058741652,0,4,0
2026092802,maest,unweighted,0.5,prior_offset,47,118,0.13853088378137282,0.4310148122106033,0.0,-0.009675821058741652,0,4,0
2026092802,maest,unweighted,0.5,temperature,47,118,0.14033202545870874,0.4428917148914335,0.0018011416773359157,-0.007874679381405736,0,4,0
2026092802,maest,unweighted,0.5,platt,47,118,0.14820670484011447,0.466273515714252,0.009675821058741652,0.0,0,4,0
2026092802,maest,unweighted,0.5,beta,47,118,0.15023729315683004,0.46781218621791965,0.011706409375457222,0.0020305883167155703,0,4,0
2026092802,maest,unweighted,0.5,isotonic,47,118,0.15126407948506373,0.7576339809061221,0.012733195703690914,0.0030573746449492623,0,4,0
2026092802,maest,unweighted,0.5,ridge_platt,47,118,0.14609568637099113,0.4555318067401129,0.007564802589618308,-0.0021110184691233436,0,4,0
2026092802,maest,unweighted,1.0,raw,94,254,0.13853088378137282,0.4310148122106033,0.0,-6.712824379764837e-05,0,4,0
2026092802,maest,unweighted,1.0,prior_offset,94,254,0.13853088378137282,0.4310148122106033,0.0,-6.712824379764837e-05,0,4,0
2026092802,maest,unweighted,1.0,temperature,94,254,0.1388805858913027,0.43250785287068816,0.00034970210992987805,0.0002825738661322297,0,4,0
2026092802,maest,unweighted,1.0,platt,94,254,0.13859801202517047,0.4316995239378601,6.712824379764837e-05,0.0,0,4,0
2026092802,maest,unweighted,1.0,beta,94,254,0.13997797240373533,0.43464407281690365,0.001447088622362508,0.0013799603785648595,0,4,0
2026092802,maest,unweighted,1.0,isotonic,94,254,0.14394454881501415,0.6322738307407495,0.005413665033641324,0.0053465367898436755,0,4,0
2026092802,maest,unweighted,1.0,ridge_platt,94,254,0.13853088378137282,0.4310148122106033,0.0,-6.712824379764837e-05,0,4,0
2026092802,mert_v0,ambient_balanced,0.25,raw,24,59,0.15953899953676634,0.4922514032781119,0.0,0.004569880110426167,0,4,0
2026092802,mert_v0,ambient_balanced,0.25,prior_offset,24,59,0.14775021880744588,0.45989953611630235,-0.011788780729320464,-0.007218900618894297,0,4,0
2026092802,mert_v0,ambient_balanced,0.25,temperature,24,59,0.15983630642130486,0.4992882081442763,0.00029730688453852294,0.0048671869949646895,0,4,0
2026092802,mert_v0,ambient_balanced,0.25,platt,24,59,0.15496911942634017,0.4905451916177158,-0.004569880110426167,0.0,0,4,0
2026092802,mert_v0,ambient_balanced,0.25,beta,24,59,0.1538458928971997,0.48634553092654215,-0.005693106639566653,-0.0011232265291404864,0,4,2
2026092802,mert_v0,ambient_balanced,0.25,isotonic,24,59,0.15582690845270206,0.7260546972208014,-0.003712091084064284,0.0008577890263618826,0,4,0
2026092802,mert_v0,ambient_balanced,0.25,ridge_platt,24,59,0.1495603251220747,0.46662553374129345,-0.009978674414691635,-0.0054087943042654685,0,4,0
2026092802,mert_v0,ambient_balanced,0.5,raw,47,118,0.15953899953676634,0.4922514032781119,0.0,0.007144634879849121,0,4,0
2026092802,mert_v0,ambient_balanced,0.5,prior_offset,47,118,0.14775021880744588,0.45989953611630235,-0.011788780729320464,-0.004644145849471343,0,4,0
2026092802,mert_v0,ambient_balanced,0.5,temperature,47,118,0.160111049865937,0.5009544547527803,0.0005720503291706536,0.007716685209019775,0,4,0
2026092802,mert_v0,ambient_balanced,0.5,platt,47,118,0.15239436465691722,0.4850670943578858,-0.007144634879849121,0.0,0,4,0
2026092802,mert_v0,ambient_balanced,0.5,beta,47,118,0.15270289583704283,0.48355852979793146,-0.006836103699723511,0.00030853118012560965,0,4,2
2026092802,mert_v0,ambient_balanced,0.5,isotonic,47,118,0.15378367225233677,0.7416994306831489,-0.005755327284429568,0.0013893075954195533,0,4,0
2026092802,mert_v0,ambient_balanced,0.5,ridge_platt,47,118,0.15302224362987524,0.4798386412199628,-0.006516755906891103,0.0006278789729580181,0,4,0
2026092802,mert_v0,ambient_balanced,1.0,raw,94,254,0.15953899953676634,0.4922514032781119,0.0,0.014195403885205765,0,4,0
2026092802,mert_v0,ambient_balanced,1.0,prior_offset,94,254,0.14775021880744588,0.45989953611630235,-0.011788780729320464,0.0024066231558853013,0,4,0
2026092802,mert_v0,ambient_balanced,1.0,temperature,94,254,0.15909105624613812,0.4933437152791443,-0.00044794329062822213,0.013747460594577543,0,4,0
2026092802,mert_v0,ambient_balanced,1.0,platt,94,254,0.14534359565156058,0.461288920624769,-0.014195403885205765,0.0,0,4,0
2026092802,mert_v0,ambient_balanced,1.0,beta,94,254,0.14578355343482924,0.460389690168957,-0.013755446101937102,0.00043995778326866297,0,4,1
2026092802,mert_v0,ambient_balanced,1.0,isotonic,94,254,0.1496165125390121,0.600801051393792,-0.009922486997754248,0.004272916887451517,0,4,0
2026092802,mert_v0,ambient_balanced,1.0,ridge_platt,94,254,0.14560899919601192,0.4616553838737141,-0.013930000340754423,0.0002654035444513425,0,4,0
2026092802,mert_v0,unweighted,0.25,raw,24,59,0.14755728741939353,0.4602925148268813,0.0,-0.007799975789771929,0,4,0
2026092802,mert_v0,unweighted,0.25,prior_offset,24,59,0.14755728741939353,0.4602925148268813,0.0,-0.007799975789771929,0,4,0
2026092802,mert_v0,unweighted,0.25,temperature,24,59,0.15054522467372755,0.476749800955368,0.002987937254334022,-0.004812038535437907,0,4,0
2026092802,mert_v0,unweighted,0.25,platt,24,59,0.15535726320916546,0.4922233488755292,0.007799975789771929,0.0,0,4,0
2026092802,mert_v0,unweighted,0.25,beta,24,59,0.15441093220287924,0.4883127752750939,0.006853644783485713,-0.0009463310062862162,0,4,3
2026092802,mert_v0,unweighted,0.25,isotonic,24,59,0.15615385877750898,0.7269226113131283,0.008596571358115451,0.0007965955683435222,0,4,0
2026092802,mert_v0,unweighted,0.25,ridge_platt,24,59,0.14884843332571385,0.4643964685502957,0.001291145906320318,-0.006508829883451611,0,4,0
2026092802,mert_v0,unweighted,0.5,raw,47,118,0.14755728741939353,0.4602925148268813,0.0,-0.005364298611825358,0,4,0
2026092802,mert_v0,unweighted,0.5,prior_offset,47,118,0.14755728741939353,0.4602925148268813,0.0,-0.005364298611825358,0,4,0
2026092802,mert_v0,unweighted,0.5,temperature,47,118,0.14875510396634362,0.4703712704816466,0.0011978165469500868,-0.004166482064875271,0,4,0
2026092802,mert_v0,unweighted,0.5,platt,47,118,0.1529215860312189,0.4871918463162234,0.005364298611825358,0.0,0,4,0
2026092802,mert_v0,unweighted,0.5,beta,47,118,0.15317933669922035,0.4859305847588501,0.0056220492798268185,0.00025775066800146074,0,4,2
2026092802,mert_v0,unweighted,0.5,isotonic,47,118,0.15402233365372428,0.7428849064557198,0.006465046234330751,0.0011007476225053936,0,4,0
2026092802,mert_v0,unweighted,0.5,ridge_platt,47,118,0.1535494650041769,0.48196339317830045,0.005992177584783376,0.0006278789729580181,0,4,0
2026092802,mert_v0,unweighted,1.0,raw,94,254,0.14755728741939353,0.4602925148268813,0.0,0.0019736181594310065,0,4,0
2026092802,mert_v0,unweighted,1.0,prior_offset,94,254,0.14755728741939353,0.4602925148268813,0.0,0.0019736181594310065,0,4,0
2026092802,mert_v0,unweighted,1.0,temperature,94,254,0.14692403339042948,0.46192090787751827,-0.0006332540289640531,0.0013403641304669534,0,4,0
2026092802,mert_v0,unweighted,1.0,platt,94,254,0.14558366925996252,0.46220335757253883,-0.0019736181594310065,0.0,0,4,0
2026092802,mert_v0,unweighted,1.0,beta,94,254,0.14634568644285398,0.46213153387936484,-0.0012116009765395508,0.0007620171828914557,0,4,1
2026092802,mert_v0,unweighted,1.0,isotonic,94,254,0.1494309024980206,0.6013449693342964,0.0018736150786270722,0.0038472332380580787,0,4,0
2026092802,mert_v0,unweighted,1.0,ridge_platt,94,254,0.14601007165968408,0.4615627074481279,-0.0015472157597094527,0.0004264023997215538,0,4,0
2026092802,mert_v1,ambient_balanced,0.25,raw,24,59,0.15875818756792415,0.4877153970435938,0.0,0.003250846999340251,0,4,0
2026092802,mert_v1,ambient_balanced,0.25,prior_offset,24,59,0.14666807436712298,0.45566475854495536,-0.012090113200801167,-0.008839266201460916,0,4,0
2026092802,mert_v1,ambient_balanced,0.25,temperature,24,59,0.1588418675654686,0.4926032773596769,8.367999754443911e-05,0.0033345269968846902,0,4,0
2026092802,mert_v1,ambient_balanced,0.25,platt,24,59,0.1555073405685839,0.49064761893273423,-0.003250846999340251,0.0,0,4,0
2026092802,mert_v1,ambient_balanced,0.25,beta,24,59,0.15637776546377816,0.49218098600301385,-0.0023804221041459905,0.0008704248951942606,0,4,3
2026092802,mert_v1,ambient_balanced,0.25,isotonic,24,59,0.1622821229730982,0.8284470526084232,0.003523935405174039,0.00677478240451429,0,4,0
2026092802,mert_v1,ambient_balanced,0.25,ridge_platt,24,59,0.14984665505660366,0.4658726760860783,-0.008911532511320486,-0.005660685511980235,0,4,0
2026092802,mert_v1,ambient_balanced,0.5,raw,47,118,0.15875818756792415,0.4877153970435938,0.0,0.005113107656421201,0,4,0
2026092802,mert_v1,ambient_balanced,0.5,prior_offset,47,118,0.14666807436712298,0.45566475854495536,-0.012090113200801167,-0.006977005544379966,0,4,0
2026092802,mert_v1,ambient_balanced,0.5,temperature,47,118,0.15952763260549002,0.49694644036633995,0.0007694450375658746,0.005882552693987075,0,4,0
2026092802,mert_v1,ambient_balanced,0.5,platt,47,118,0.15364507991150295,0.4885394979283254,-0.005113107656421201,0.0,0,4,0
2026092802,mert_v1,ambient_balanced,0.5,beta,47,118,0.15337628424665833,0.48438948272645577,-0.005381903321265813,-0.00026879566484461215,0,4,2
2026092802,mert_v1,ambient_balanced,0.5,isotonic,47,118,0.15409752699180945,0.7383527990193012,-0.004660660576114695,0.00045244708030650616,0,4,0
2026092802,mert_v1,ambient_balanced,0.5,ridge_platt,47,118,0.15415879597938972,0.4831707004240746,-0.004599391588534424,0.0005137160678867769,0,4,0
2026092802,mert_v1,ambient_balanced,1.0,raw,94,254,0.15875818756792415,0.4877153970435938,0.0,0.013691506065964476,0,4,0
2026092802,mert_v1,ambient_balanced,1.0,prior_offset,94,254,0.14666807436712298,0.45566475854495536,-0.012090113200801167,0.0016013928651633091,0,4,0
2026092802,mert_v1,ambient_balanced,1.0,temperature,94,254,0.15841875535365424,0.4876368790188158,-0.000339432214269908,0.013352073851694568,0,4,0
2026092802,mert_v1,ambient_balanced,1.0,platt,94,254,0.14506668150195967,0.4554907278011996,-0.013691506065964476,0.0,0,4,0
2026092802,mert_v1,ambient_balanced,1.0,beta,94,254,0.14537579929612487,0.4569461509335673,-0.013382388271799273,0.00030911779416520346,0,4,2
2026092802,mert_v1,ambient_balanced,1.0,isotonic,94,254,0.15158012656822964,0.7632133169550981,-0.007178060999694508,0.006513445066269968,0,4,0
2026092802,mert_v1,ambient_balanced,1.0,ridge_platt,94,254,0.14508750228721679,0.4559326389305953,-0.013670685280707362,2.082078525711406e-05,0,4,0
2026092802,mert_v1,unweighted,0.25,raw,24,59,0.14667321446965095,0.45662428468031874,0.0,-0.009392465099699876,0,4,0
2026092802,mert_v1,unweighted,0.25,prior_offset,24,59,0.14667321446965095,0.45662428468031874,0.0,-0.009392465099699876,0,4,0
2026092802,mert_v1,unweighted,0.25,temperature,24,59,0.14872497545714697,0.4686140535750719,0.002051760987496015,-0.007340704112203861,0,4,0
2026092802,mert_v1,unweighted,0.25,platt,24,59,0.15606567956935083,0.4931770397197066,0.009392465099699876,0.0,0,4,0
2026092802,mert_v1,unweighted,0.25,beta,24,59,0.15670782032281014,0.4943979662717253,0.010034605853159184,0.0006421407534593082,0,4,3
2026092802,mert_v1,unweighted,0.25,isotonic,24,59,0.16286890389876602,0.831735201678706,0.016195689429115062,0.006803224329415186,0,4,0
2026092802,mert_v1,unweighted,0.25,ridge_platt,24,59,0.15034533901952893,0.46920953615015626,0.0036721245498779753,-0.005720340549821901,0,4,0
2026092802,mert_v1,unweighted,0.5,raw,47,118,0.14667321446965095,0.45662428468031874,0.0,-0.007205955287063109,0,4,0
2026092802,mert_v1,unweighted,0.5,prior_offset,47,118,0.14667321446965095,0.45662428468031874,0.0,-0.007205955287063109,0,4,0
2026092802,mert_v1,unweighted,0.5,temperature,47,118,0.14801458047764965,0.4671164140308819,0.0013413660079986955,-0.005864589279064414,0,4,0
2026092802,mert_v1,unweighted,0.5,platt,47,118,0.15387916975671406,0.48961255387465535,0.007205955287063109,0.0,0,4,0
2026092802,mert_v1,unweighted,0.5,beta,47,118,0.1537338113300363,0.4861893778191946,0.007060596860385349,-0.00014535842667776078,0,4,2
2026092802,mert_v1,unweighted,0.5,isotonic,47,118,0.15459385440605117,0.7411187751878853,0.007920639936400214,0.0007146846493371051,0,4,0
2026092802,mert_v1,unweighted,0.5,ridge_platt,47,118,0.15439288582460084,0.48424375637040457,0.007719671354949886,0.0005137160678867769,0,4,0
2026092802,mert_v1,unweighted,1.0,raw,94,254,0.14667321446965095,0.45662428468031874,0.0,0.0012600470789196627,0,4,0
2026092802,mert_v1,unweighted,1.0,prior_offset,94,254,0.14667321446965095,0.45662428468031874,0.0,0.0012600470789196627,0,4,0
2026092802,mert_v1,unweighted,1.0,temperature,94,254,0.14621124885766967,0.45692521485663923,-0.00046196561198127983,0.0007980814669383829,0,4,0
2026092802,mert_v1,unweighted,1.0,platt,94,254,0.1454131673907313,0.4568000159284744,-0.0012600470789196627,0.0,0,4,0
2026092802,mert_v1,unweighted,1.0,beta,94,254,0.1461202856679411,0.45919264763162626,-0.0005529288017098455,0.0007071182772098172,0,4,2
2026092802,mert_v1,unweighted,1.0,isotonic,94,254,0.1502699456234822,0.6276611237587414,0.003596731153831245,0.004856778232750908,0,4,0
2026092802,mert_v1,unweighted,1.0,ridge_platt,94,254,0.14546443441759602,0.45627571192608407,-0.0012087800520549363,5.1267026864726395e-05,0,4,0
2026092803,maest,ambient_balanced,0.25,raw,24,87,0.124434260672849,0.39399314676185865,0.0,-0.006795560421981275,0,4,0
2026092803,maest,ambient_balanced,0.25,prior_offset,24,87,0.11258449205573612,0.3644785427423835,-0.011849768617112885,-0.01864532903909416,0,4,0
2026092803,maest,ambient_balanced,0.25,temperature,24,87,0.12901310287926987,0.4140634270220794,0.004578842206420866,-0.0022167182155604093,0,4,0
2026092803,maest,ambient_balanced,0.25,platt,24,87,0.13122982109483028,0.41487781309555927,0.006795560421981275,0.0,0,4,0
2026092803,maest,ambient_balanced,0.25,beta,24,87,0.12905531776820228,0.42624740529137384,0.004621057095353279,-0.0021745033266279967,0,4,1
2026092803,maest,ambient_balanced,0.25,isotonic,24,87,0.13112086632037556,1.1488019687385749,0.006686605647526558,-0.00010895477445471702,0,4,0
2026092803,maest,ambient_balanced,0.25,ridge_platt,24,87,0.12551135441777522,0.39617220169410217,0.0010770937449262191,-0.005718466677055056,0,4,0
2026092803,maest,ambient_balanced,0.5,raw,47,149,0.124434260672849,0.39399314676185865,0.0,0.004555079497241918,0,4,0
2026092803,maest,ambient_balanced,0.5,prior_offset,47,149,0.11258449205573612,0.3644785427423835,-0.011849768617112885,-0.007294689119870967,0,4,0
2026092803,maest,ambient_balanced,0.5,temperature,47,149,0.12617261686610168,0.40283160803903945,0.0017383561932526742,0.006293435690494592,0,4,0
2026092803,maest,ambient_balanced,0.5,platt,47,149,0.11987918117560709,0.3819602699167846,-0.004555079497241918,0.0,0,4,0
2026092803,maest,ambient_balanced,0.5,beta,47,149,0.11817214208990184,0.38455172646802904,-0.00626211858294716,-0.001707039085705242,0,4,0
2026092803,maest,ambient_balanced,0.5,isotonic,47,149,0.11974470637696338,0.8925248240524775,-0.00468955429588562,-0.00013447479864370226,0,4,0
2026092803,maest,ambient_balanced,0.5,ridge_platt,47,149,0.11577026705762626,0.37069386644732283,-0.008663993615222743,-0.004108914117980825,0,4,0
2026092803,maest,ambient_balanced,1.0,raw,94,245,0.124434260672849,0.39399314676185865,0.0,0.007424130306276991,0,4,0
2026092803,maest,ambient_balanced,1.0,prior_offset,94,245,0.11258449205573612,0.3644785427423835,-0.011849768617112885,-0.004425638310835894,0,4,0
2026092803,maest,ambient_balanced,1.0,temperature,94,245,0.12718757070454095,0.40445833553902055,0.0027533100316919495,0.01017744033796894,0,4,0
2026092803,maest,ambient_balanced,1.0,platt,94,245,0.11701013036657201,0.3788615960286591,-0.007424130306276991,0.0,0,4,0
2026092803,maest,ambient_balanced,1.0,beta,94,245,0.11612312629249869,0.3774102246604299,-0.008311134380350318,-0.0008870040740733276,0,4,0
2026092803,maest,ambient_balanced,1.0,isotonic,94,245,0.11429910210342561,0.4346634729294947,-0.010135158569423389,-0.0027110282631463978,0,4,0
2026092803,maest,ambient_balanced,1.0,ridge_platt,94,245,0.11478009786887014,0.37182587745757173,-0.009654162803978864,-0.0022300324977018726,0,4,0
2026092803,maest,unweighted,0.25,raw,24,87,0.11288072965618777,0.36469424392890576,0.0,-0.0181022328865635,0,4,0
2026092803,maest,unweighted,0.25,prior_offset,24,87,0.11288072965618777,0.36469424392890576,0.0,-0.0181022328865635,0,4,0
2026092803,maest,unweighted,0.25,temperature,24,87,0.11501287309052699,0.37301935382917956,0.0021321434343392204,-0.01597008945222428,0,4,0
2026092803,maest,unweighted,0.25,platt,24,87,0.13098296254275127,0.4135928715622395,0.0181022328865635,0.0,0,4,0
2026092803,maest,unweighted,0.25,beta,24,87,0.1287106112980669,0.4243108244597991,0.015829881641879137,-0.002272351244684362,0,4,1
2026092803,maest,unweighted,0.25,isotonic,24,87,0.1307179116172481,0.9843209627978557,0.017837181961060336,-0.000265050925503163,0,4,0
2026092803,maest,unweighted,0.25,ridge_platt,24,87,0.11774094788148545,0.3766207934719205,0.004860218225297683,-0.013242014661265816,0,4,0
2026092803,maest,unweighted,0.5,raw,47,149,0.11288072965618777,0.36469424392890576,0.0,-0.007101330654507951,0,4,0
2026092803,maest,unweighted,0.5,prior_offset,47,149,0.11288072965618777,0.36469424392890576,0.0,-0.007101330654507951,0,4,0
2026092803,maest,unweighted,0.5,temperature,47,149,0.11247825745806733,0.3633987179892615,-0.00040247219812043766,-0.007503802852628388,0,4,0
2026092803,maest,unweighted,0.5,platt,47,149,0.11998206031069572,0.38192224413805465,0.007101330654507951,0.0,0,4,0
2026092803,maest,unweighted,0.5,beta,47,149,0.11823252777887254,0.3846140297105182,0.00535179812268477,-0.0017495325318231808,0,4,0
2026092803,maest,unweighted,0.5,isotonic,47,149,0.12049655810966381,0.6980560384655892,0.0076158284534760395,0.0005144977989680888,0,4,0
2026092803,maest,unweighted,0.5,ridge_platt,47,149,0.11561088521942708,0.36999254879452514,0.0027301555632393143,-0.0043711750912686365,0,4,0
2026092803,maest,unweighted,1.0,raw,94,245,0.11288072965618777,0.36469424392890576,0.0,-0.004192580455929282,0,4,0
2026092803,maest,unweighted,1.0,prior_offset,94,245,0.11288072965618777,0.36469424392890576,0.0,-0.004192580455929282,0,4,0
2026092803,maest,unweighted,1.0,temperature,94,245,0.11579194142551981,0.37569399942501736,0.0029112117693320394,-0.0012813686865972423,0,4,0
2026092803,maest,unweighted,1.0,platt,94,245,0.11707331011211705,0.37880992022857624,0.004192580455929282,0.0,0,4,0
2026092803,maest,unweighted,1.0,beta,94,245,0.11606377941808198,0.3769462075275189,0.0031830497618942077,-0.001009530694035074,0,4,1
2026092803,maest,unweighted,1.0,isotonic,94,245,0.11494131159637626,0.43571260077877083,0.0020605819401884884,-0.0021319985157407934,0,4,0
2026092803,maest,unweighted,1.0,ridge_platt,94,245,0.11527238941590581,0.3722178144286532,0.002391659759718043,-0.001800920696211239,0,4,0
2026092803,mert_v0,ambient_balanced,0.25,raw,24,87,0.14691824428496825,0.45360188421954667,0.0,-0.0020146912996175104,0,4,0
2026092803,mert_v0,ambient_balanced,0.25,prior_offset,24,87,0.12944663597339134,0.4091953656181782,-0.017471608311576903,-0.019486299611194413,0,4,0
2026092803,mert_v0,ambient_balanced,0.25,temperature,24,87,0.15287274423283584,0.47893339509414207,0.005954499947867592,0.003939808648250082,0,4,0
2026092803,mert_v0,ambient_balanced,0.25,platt,24,87,0.14893293558458576,0.46185233781462304,0.0020146912996175104,0.0,0,4,0
2026092803,mert_v0,ambient_balanced,0.25,beta,24,87,0.14703524587256614,0.46811791587044493,0.00011700158759789248,-0.0018976897120196179,0,4,2
2026092803,mert_v0,ambient_balanced,0.25,isotonic,24,87,0.14838184623832965,1.1032657436113313,0.0014636019533613986,-0.0005510893462561117,0,4,0
2026092803,mert_v0,ambient_balanced,0.25,ridge_platt,24,87,0.14096118642397173,0.4366277585898665,-0.005957057860996512,-0.007971749160614022,0,4,0
2026092803,mert_v0,ambient_balanced,0.5,raw,47,149,0.14691824428496825,0.45360188421954667,0.0,0.010665404303503906,0,4,0
2026092803,mert_v0,ambient_balanced,0.5,prior_offset,47,149,0.12944663597339134,0.4091953656181782,-0.017471608311576903,-0.006806204008072997,0,4,0
2026092803,mert_v0,ambient_balanced,0.5,temperature,47,149,0.1489009738168046,0.45886118471855275,0.0019827295318363414,0.012648133835340247,0,4,0
2026092803,mert_v0,ambient_balanced,0.5,platt,47,149,0.13625283998146434,0.4209166287230674,-0.010665404303503906,0.0,0,4,0
2026092803,mert_v0,ambient_balanced,0.5,beta,47,149,0.1324749927367731,0.4151283479371036,-0.014443251548195146,-0.0037778472446912403,0,4,2
2026092803,mert_v0,ambient_balanced,0.5,isotonic,47,149,0.13368910077250298,0.7041862583093753,-0.013229143512465263,-0.0025637392089613575,0,4,0
2026092803,mert_v0,ambient_balanced,0.5,ridge_platt,47,149,0.1353118963833201,0.41894116793564445,-0.011606347901648134,-0.0009409435981442282,0,4,0
2026092803,mert_v0,ambient_balanced,1.0,raw,94,245,0.14691824428496825,0.45360188421954667,0.0,0.012368730435391329,0,4,0
2026092803,mert_v0,ambient_balanced,1.0,prior_offset,94,245,0.12944663597339134,0.4091953656181782,-0.017471608311576903,-0.005102877876185574,0,4,0
2026092803,mert_v0,ambient_balanced,1.0,temperature,94,245,0.14907131327963746,0.4617305530862815,0.002153068994669216,0.014521799430060545,0,4,0
2026092803,mert_v0,ambient_balanced,1.0,platt,94,245,0.13454951384957692,0.4214186657193303,-0.012368730435391329,0.0,0,4,0
2026092803,mert_v0,ambient_balanced,1.0,beta,94,245,0.1298745573392485,0.4122411869445605,-0.017043686945719755,-0.004674956510328426,0,4,2
2026092803,mert_v0,ambient_balanced,1.0,isotonic,94,245,0.13325061636626487,0.6784409078807154,-0.013667627918703379,-0.0012988974833120503,0,4,0
2026092803,mert_v0,ambient_balanced,1.0,ridge_platt,94,245,0.1314557862978708,0.4134741457865432,-0.015462457987097444,-0.003093727551706116,0,4,0
2026092803,mert_v0,unweighted,0.25,raw,24,87,0.12933054939480385,0.409590863135765,0.0,-0.018379817547766047,0,4,0
2026092803,mert_v0,unweighted,0.25,prior_offset,24,87,0.12933054939480385,0.409590863135765,0.0,-0.018379817547766047,0,4,0
2026092803,mert_v0,unweighted,0.25,temperature,24,87,0.13073017794631317,0.4127236538371069,0.0013996285515093243,-0.016980188996256723,0,4,0
2026092803,mert_v0,unweighted,0.25,platt,24,87,0.1477103669425699,0.4580449609975096,0.018379817547766047,0.0,0,4,0
2026092803,mert_v0,unweighted,0.25,beta,24,87,0.14604643171223752,0.4674830041228182,0.016715882317433678,-0.0016639352303323696,0,4,2
2026092803,mert_v0,unweighted,0.25,isotonic,24,87,0.1466694348856268,1.134664830468503,0.017338885490822964,-0.0010409320569430836,0,4,0
2026092803,mert_v0,unweighted,0.25,ridge_platt,24,87,0.13092140032170352,0.41209809524342333,0.0015908509268996729,-0.016788966620866375,0,4,0
2026092803,mert_v0,unweighted,0.5,raw,47,149,0.12933054939480385,0.409590863135765,0.0,-0.006697803544407244,0,4,0
2026092803,mert_v0,unweighted,0.5,prior_offset,47,149,0.12933054939480385,0.409590863135765,0.0,-0.006697803544407244,0,4,0
2026092803,mert_v0,unweighted,0.5,temperature,47,149,0.12853362063505944,0.40176738734185735,-0.0007969287597444086,-0.007494732304151652,0,4,0
2026092803,mert_v0,unweighted,0.5,platt,47,149,0.1360283529392111,0.42041649235597917,0.006697803544407244,0.0,0,4,0
2026092803,mert_v0,unweighted,0.5,beta,47,149,0.13255974527328293,0.4155983947466473,0.0032291958784790853,-0.0034686076659281584,0,4,2
2026092803,mert_v0,unweighted,0.5,isotonic,47,149,0.1341579809770188,0.6781066725082506,0.004827431582214964,-0.0018703719621922799,0,4,0
2026092803,mert_v0,unweighted,0.5,ridge_platt,47,149,0.13319122005404346,0.4140055229905615,0.003860670659239618,-0.002837132885167626,0,4,0
2026092803,mert_v0,unweighted,1.0,raw,94,245,0.12933054939480385,0.409590863135765,0.0,-0.0048265710176783605,0,4,0
2026092803,mert_v0,unweighted,1.0,prior_offset,94,245,0.12933054939480385,0.409590863135765,0.0,-0.0048265710176783605,0,4,0
2026092803,mert_v0,unweighted,1.0,temperature,94,245,0.1297397645912158,0.4099068748046649,0.0004092151964119606,-0.0044173558212664,0,4,0
2026092803,mert_v0,unweighted,1.0,platt,94,245,0.1341571204124822,0.42052190669858797,0.0048265710176783605,0.0,0,4,0
2026092803,mert_v0,unweighted,1.0,beta,94,245,0.13010832975127076,0.41315625484203206,0.0007777803564669172,-0.004048790661211443,0,4,2
2026092803,mert_v0,unweighted,1.0,isotonic,94,245,0.13310862119924335,0.6482519731754908,0.003778071804439509,-0.0010484992132388515,0,4,0
2026092803,mert_v0,unweighted,1.0,ridge_platt,94,245,0.12933054939480385,0.409590863135765,0.0,-0.0048265710176783605,0,4,0
2026092803,mert_v1,ambient_balanced,0.25,raw,24,87,0.14695349173948147,0.4538749130100957,0.0,-0.0010172751882725206,0,4,0
2026092803,mert_v1,ambient_balanced,0.25,prior_offset,24,87,0.12962511926914322,0.41077610098979406,-0.01732837247033825,-0.01834564765861077,0,4,0
2026092803,mert_v1,ambient_balanced,0.25,temperature,24,87,0.15388641985077559,0.4814773763212009,0.006932928111294118,0.005915652923021597,0,4,0
2026092803,mert_v1,ambient_balanced,0.25,platt,24,87,0.147970766927754,0.4644817089541029,0.0010172751882725206,0.0,0,4,0
2026092803,mert_v1,ambient_balanced,0.25,beta,24,87,0.14531447502154513,0.4645152880747402,-0.0016390167179363424,-0.002656291906208863,0,4,2
2026092803,mert_v1,ambient_balanced,0.25,isotonic,24,87,0.14855308738606882,1.014869782642107,0.0015995956465873484,0.0005823204583148278,0,4,0
2026092803,mert_v1,ambient_balanced,0.25,ridge_platt,24,87,0.1383478786681272,0.43386878199754114,-0.008605613071354268,-0.009622888259626788,0,4,0
2026092803,mert_v1,ambient_balanced,0.5,raw,47,149,0.14695349173948147,0.4538749130100957,0.0,0.012210074558064415,0,4,0
2026092803,mert_v1,ambient_balanced,0.5,prior_offset,47,149,0.12962511926914322,0.41077610098979406,-0.01732837247033825,-0.005118297912273834,0,4,0
2026092803,mert_v1,ambient_balanced,0.5,temperature,47,149,0.14854136670979048,0.45687963821837746,0.0015878749703090167,0.013797949528373432,0,4,0
2026092803,mert_v1,ambient_balanced,0.5,platt,47,149,0.13474341718141705,0.4200180233503238,-0.012210074558064415,0.0,0,4,0
2026092803,mert_v1,ambient_balanced,0.5,beta,47,149,0.13103608053941174,0.41434577064125605,-0.01591741120006973,-0.0037073366420053155,0,4,3
2026092803,mert_v1,ambient_balanced,0.5,isotonic,47,149,0.13538204480842236,0.8083513133468619,-0.011571446931059104,0.0006386276270053115,0,4,0
2026092803,mert_v1,ambient_balanced,0.5,ridge_platt,47,149,0.13405156554501815,0.4182163758133724,-0.012901926194463315,-0.0006918516363988991,0,4,0
2026092803,mert_v1,ambient_balanced,1.0,raw,94,245,0.14695349173948147,0.4538749130100957,0.0,0.01518265003836125,0,4,0
2026092803,mert_v1,ambient_balanced,1.0,prior_offset,94,245,0.12962511926914322,0.41077610098979406,-0.01732837247033825,-0.0021457224319769985,0,4,0
2026092803,mert_v1,ambient_balanced,1.0,temperature,94,245,0.1481152456400836,0.4571397700698062,0.001161753900602136,0.016344403938963387,0,4,0
2026092803,mert_v1,ambient_balanced,1.0,platt,94,245,0.13177084170112022,0.4154732060841717,-0.01518265003836125,0.0,0,4,0
2026092803,mert_v1,ambient_balanced,1.0,beta,94,245,0.12852881238916433,0.4101343081093818,-0.018424679350317136,-0.003242029311955885,0,4,2
2026092803,mert_v1,ambient_balanced,1.0,isotonic,94,245,0.13093862647572868,0.64491556462435,-0.016014865263752787,-0.000832215225391536,0,4,0
2026092803,mert_v1,ambient_balanced,1.0,ridge_platt,94,245,0.13076681846608745,0.41320626339876915,-0.016186673273394014,-0.0010040232350327638,0,4,0
2026092803,mert_v1,unweighted,0.25,raw,24,87,0.1295933305116433,0.4113582586552061,0.0,-0.017332522125042854,0,4,0
2026092803,mert_v1,unweighted,0.25,prior_offset,24,87,0.1295933305116433,0.4113582586552061,0.0,-0.017332522125042854,0,4,0
2026092803,mert_v1,unweighted,0.25,temperature,24,87,0.13166303632994458,0.41905429712244835,0.002069705818301293,-0.015262816306741561,0,4,0
2026092803,mert_v1,unweighted,0.25,platt,24,87,0.14692585263668614,0.4599819943327217,0.017332522125042854,0.0,0,4,0
2026092803,mert_v1,unweighted,0.25,beta,24,87,0.1438937659203147,0.4569601783270549,0.014300435408671403,-0.0030320867163714516,0,4,2
2026092803,mert_v1,unweighted,0.25,isotonic,24,87,0.14959136830213063,0.9499997047243143,0.01999803779048734,0.0026655156654444845,0,4,0
2026092803,mert_v1,unweighted,0.25,ridge_platt,24,87,0.13094403517555175,0.4138381367064092,0.0013507046639084641,-0.01598181746113439,0,4,0
2026092803,mert_v1,unweighted,0.5,raw,47,149,0.1295933305116433,0.4113582586552061,0.0,-0.004602437968506401,0,4,0
2026092803,mert_v1,unweighted,0.5,prior_offset,47,149,0.1295933305116433,0.4113582586552061,0.0,-0.004602437968506401,0,4,0
2026092803,mert_v1,unweighted,0.5,temperature,47,149,0.12860984281958612,0.4045958731816181,-0.0009834876920571667,-0.005585925660563568,0,4,0
2026092803,mert_v1,unweighted,0.5,platt,47,149,0.1341957684801497,0.41835631107489146,0.004602437968506401,0.0,0,4,0
2026092803,mert_v1,unweighted,0.5,beta,47,149,0.13108778194820114,0.41409019155904864,0.0014944514365578532,-0.003107986531948548,0,4,3
2026092803,mert_v1,unweighted,0.5,isotonic,47,149,0.1366020019726482,0.812697148631662,0.007008671461004923,0.002406233492498522,0,4,0
2026092803,mert_v1,unweighted,0.5,ridge_platt,47,149,0.1322774818463225,0.4141958187954282,0.0026841513346791968,-0.0019182866338272042,0,4,0
2026092803,mert_v1,unweighted,1.0,raw,94,245,0.1295933305116433,0.4113582586552061,0.0,-0.0018560379818385597,0,4,0
2026092803,mert_v1,unweighted,1.0,prior_offset,94,245,0.1295933305116433,0.4113582586552061,0.0,-0.0018560379818385597,0,4,0
2026092803,mert_v1,unweighted,1.0,temperature,94,245,0.12949766690865022,0.4100363451993928,-9.566360299306798e-05,-0.0019517015848316277,0,4,0
2026092803,mert_v1,unweighted,1.0,platt,94,245,0.13144936849348185,0.41482360832738685,0.0018560379818385597,0.0,0,4,0
2026092803,mert_v1,unweighted,1.0,beta,94,245,0.12819235037666066,0.40949106542686564,-0.0014009801349826323,-0.003257018116821192,0,4,2
2026092803,mert_v1,unweighted,1.0,isotonic,94,245,0.1317104325645504,0.6475256505628073,0.002117102052907105,0.00026106407106854523,0,4,0
2026092803,mert_v1,unweighted,1.0,ridge_platt,94,245,0.1295933305116433,0.4113582586552061,0.0,-0.0018560379818385597,0,4,0
2026092804,maest,ambient_balanced,0.25,raw,24,63,0.12982456722227476,0.4087990745037928,0.0,0.008820206802809996,0,4,0
2026092804,maest,ambient_balanced,0.25,prior_offset,24,63,0.11722908374430613,0.377840707279851,-0.012595483477968628,-0.0037752766751586314,0,4,0
2026092804,maest,ambient_balanced,0.25,temperature,24,63,0.1320298641458078,0.42636332612170713,0.002205296923533051,0.011025503726343047,0,4,0
2026092804,maest,ambient_balanced,0.25,platt,24,63,0.12100436041946476,0.40044263583205275,-0.008820206802809996,0.0,0,4,0
2026092804,maest,ambient_balanced,0.25,beta,24,63,0.1216310019404937,0.40998906509053545,-0.008193565281781057,0.0006266415210289394,0,4,1
2026092804,maest,ambient_balanced,0.25,isotonic,24,63,0.1272311044182689,1.144544512725298,-0.0025934628040058527,0.006226743998804143,0,4,0
2026092804,maest,ambient_balanced,0.25,ridge_platt,24,63,0.11720270107183578,0.3789054602364949,-0.012621866150438976,-0.00380165934762898,0,4,0
2026092804,maest,ambient_balanced,0.5,raw,47,118,0.12982456722227476,0.4087990745037928,0.0,0.00799263992554941,0,4,0
2026092804,maest,ambient_balanced,0.5,prior_offset,47,118,0.11722908374430613,0.377840707279851,-0.012595483477968628,-0.004602843552419217,0,4,0
2026092804,maest,ambient_balanced,0.5,temperature,47,118,0.13283260403599598,0.4205864661070212,0.003008036813721221,0.011000676739270632,0,4,0
2026092804,maest,ambient_balanced,0.5,platt,47,118,0.12183192729672535,0.3932709715496566,-0.00799263992554941,0.0,0,4,0
2026092804,maest,ambient_balanced,0.5,beta,47,118,0.12237696706283754,0.3975928530033578,-0.007447600159437212,0.0005450397661121986,0,4,1
2026092804,maest,ambient_balanced,0.5,isotonic,47,118,0.13192768232358765,0.9327141455388679,0.0021031151013128913,0.010095755026862302,0,4,0
2026092804,maest,ambient_balanced,0.5,ridge_platt,47,118,0.11898909082840631,0.38384744095016726,-0.010835476393868448,-0.0028428364683190377,0,4,0
2026092804,maest,ambient_balanced,1.0,raw,94,249,0.12982456722227476,0.4087990745037928,0.0,0.009539855145260345,0,4,0
2026092804,maest,ambient_balanced,1.0,prior_offset,94,249,0.11722908374430613,0.377840707279851,-0.012595483477968628,-0.0030556283327082823,0,4,0
2026092804,maest,ambient_balanced,1.0,temperature,94,249,0.1319122557881571,0.4163469945438475,0.002087688565882345,0.01162754371114269,0,4,0
2026092804,maest,ambient_balanced,1.0,platt,94,249,0.12028471207701441,0.38621992386925796,-0.009539855145260345,0.0,0,4,0
2026092804,maest,ambient_balanced,1.0,beta,94,249,0.11931633383071306,0.38470015195826546,-0.010508233391561692,-0.0009683782463013463,0,4,0
2026092804,maest,ambient_balanced,1.0,isotonic,94,249,0.12429477255705539,0.5854083348487418,-0.00552979466521937,0.004010060480040975,0,4,0
2026092804,maest,ambient_balanced,1.0,ridge_platt,94,249,0.11806923102292811,0.37942340297170396,-0.011755336199346642,-0.0022154810540862963,0,4,0
2026092804,maest,unweighted,0.25,raw,24,63,0.11715325477584673,0.37712758806695235,0.0,-0.003992565073218726,0,4,0
2026092804,maest,unweighted,0.25,prior_offset,24,63,0.11715325477584673,0.37712758806695235,0.0,-0.003992565073218726,0,4,0
2026092804,maest,unweighted,0.25,temperature,24,63,0.119894030103074,0.3963156725230522,0.002740775327227274,-0.0012517897459914523,0,4,0
2026092804,maest,unweighted,0.25,platt,24,63,0.12114581984906546,0.40067965983703513,0.003992565073218726,0.0,0,4,0
2026092804,maest,unweighted,0.25,beta,24,63,0.12214684194357694,0.4124868047338051,0.004993587167730212,0.0010010220945114862,0,4,1
2026092804,maest,unweighted,0.25,isotonic,24,63,0.12591432185594556,1.174532509557018,0.008761067080098828,0.0047685020068801015,0,4,0
2026092804,maest,unweighted,0.25,ridge_platt,24,63,0.11690495350760055,0.3780361363931665,-0.0002483012682461816,-0.004240866341464908,0,4,0
2026092804,maest,unweighted,0.5,raw,47,118,0.11715325477584673,0.37712758806695235,0.0,-0.00473458066125601,0,4,0
2026092804,maest,unweighted,0.5,prior_offset,47,118,0.11715325477584673,0.37712758806695235,0.0,-0.00473458066125601,0,4,0
2026092804,maest,unweighted,0.5,temperature,47,118,0.1201751631874627,0.3889453275504147,0.0030219084116159672,-0.0017126722496400432,0,4,0
2026092804,maest,unweighted,0.5,platt,47,118,0.12188783543710274,0.39328970571042365,0.00473458066125601,0.0,0,4,0
2026092804,maest,unweighted,0.5,beta,47,118,0.12276546005625809,0.39906411719617185,0.005612205280411356,0.0008776246191553455,0,4,1
2026092804,maest,unweighted,0.5,isotonic,47,118,0.1308712111100273,0.9637106106977089,0.013717956334180575,0.008983375672924565,0,4,0
2026092804,maest,unweighted,0.5,ridge_platt,47,118,0.11902471361020345,0.38370884878885547,0.0018714588343567151,-0.0028631218268992953,0,4,0
2026092804,maest,unweighted,1.0,raw,94,249,0.11715325477584673,0.37712758806695235,0.0,-0.0031825159161121275,0,4,0
2026092804,maest,unweighted,1.0,prior_offset,94,249,0.11715325477584673,0.37712758806695235,0.0,-0.0031825159161121275,0,4,0
2026092804,maest,unweighted,1.0,temperature,94,249,0.11863130694571584,0.3824610050148225,0.0014780521698691124,-0.0017044637462430151,0,4,0
2026092804,maest,unweighted,1.0,platt,94,249,0.12033577069195886,0.38616928341095463,0.0031825159161121275,0.0,0,4,0
2026092804,maest,unweighted,1.0,beta,94,249,0.11952689678682786,0.38464453401861176,0.002373642010981128,-0.0008088739051309995,0,4,0
2026092804,maest,unweighted,1.0,isotonic,94,249,0.12368360013438277,0.5845257692560606,0.006530345358536041,0.0033478294424239136,0,4,0
2026092804,maest,unweighted,1.0,ridge_platt,94,249,0.11788786624735724,0.37885554593477416,0.0007346114715105073,-0.00244790444460162,0,4,0
2026092804,mert_v0,ambient_balanced,0.25,raw,24,63,0.15055759335394164,0.4656444208204277,0.0,0.011661469933918922,0,4,0
2026092804,mert_v0,ambient_balanced,0.25,prior_offset,24,63,0.13566816038920854,0.429695780745022,-0.014889432964733107,-0.003227963030814185,0,4,0
2026092804,mert_v0,ambient_balanced,0.25,temperature,24,63,0.15163507316031682,0.47168998000871254,0.0010774798063751811,0.012738949740294103,0,4,0
2026092804,mert_v0,ambient_balanced,0.25,platt,24,63,0.13889612342002272,0.44196011370198157,-0.011661469933918922,0.0,0,4,0
2026092804,mert_v0,ambient_balanced,0.25,beta,24,63,0.13909109142112402,0.4455959899895664,-0.011466501932817619,0.0001949680011013033,0,4,2
2026092804,mert_v0,ambient_balanced,0.25,isotonic,24,63,0.14596329212842185,1.1713100639172367,-0.004594301225519792,0.00706716870839913,0,4,0
2026092804,mert_v0,ambient_balanced,0.25,ridge_platt,24,63,0.13733015641293939,0.43366740286057087,-0.013227436941002257,-0.0015659670070833354,0,4,0
2026092804,mert_v0,ambient_balanced,0.5,raw,47,118,0.15055759335394164,0.4656444208204277,0.0,0.011110659335260786,0,4,0
2026092804,mert_v0,ambient_balanced,0.5,prior_offset,47,118,0.13566816038920854,0.429695780745022,-0.014889432964733107,-0.0037787736294723206,0,4,0
2026092804,mert_v0,ambient_balanced,0.5,temperature,47,118,0.15409265190401775,0.4774901187364078,0.0035350585500761034,0.01464571788533689,0,4,0
2026092804,mert_v0,ambient_balanced,0.5,platt,47,118,0.13944693401868086,0.440531386474855,-0.011110659335260786,0.0,0,4,0
2026092804,mert_v0,ambient_balanced,0.5,beta,47,118,0.14021496029635133,0.44396262839717204,-0.010342633057590311,0.0007680262776704749,0,4,3
2026092804,mert_v0,ambient_balanced,0.5,isotonic,47,118,0.14390729810278333,0.7793876361877375,-0.006650295251158317,0.004460364084102469,0,4,0
2026092804,mert_v0,ambient_balanced,0.5,ridge_platt,47,118,0.13815769197966266,0.43727156796537553,-0.012399901374278988,-0.0012892420390182013,0,4,0
2026092804,mert_v0,ambient_balanced,1.0,raw,94,249,0.15055759335394164,0.4656444208204277,0.0,0.014782381805964917,0,4,0
2026092804,mert_v0,ambient_balanced,1.0,prior_offset,94,249,0.13566816038920854,0.429695780745022,-0.014889432964733107,-0.00010705115876818994,0,4,0
2026092804,mert_v0,ambient_balanced,1.0,temperature,94,249,0.15139870099624952,0.4690658906080509,0.0008411076423078812,0.015623489448272798,0,4,0
2026092804,mert_v0,ambient_balanced,1.0,platt,94,249,0.13577521154797673,0.4295424440709019,-0.014782381805964917,0.0,0,4,0
2026092804,mert_v0,ambient_balanced,1.0,beta,94,249,0.13534970261780704,0.42984179537111195,-0.0152078907361346,-0.0004255089301696824,0,4,2
2026092804,mert_v0,ambient_balanced,1.0,isotonic,94,249,0.14005184170451085,0.7024771351403135,-0.010505751649430795,0.0042766301565341225,0,4,0
2026092804,mert_v0,ambient_balanced,1.0,ridge_platt,94,249,0.13599444664175853,0.429610365824667,-0.014563146712183117,0.00021923509378179995,0,4,0
2026092804,mert_v0,unweighted,0.25,raw,24,63,0.1356309210831636,0.4297915281227217,0.0,-0.004387947541682619,0,4,0
2026092804,mert_v0,unweighted,0.25,prior_offset,24,63,0.1356309210831636,0.4297915281227217,0.0,-0.004387947541682619,0,4,0
2026092804,mert_v0,unweighted,0.25,temperature,24,63,0.13671425561037226,0.435750607210423,0.001083334527208657,-0.0033046130144739616,0,4,0
2026092804,mert_v0,unweighted,0.25,platt,24,63,0.14001886862484622,0.44684352880695594,0.004387947541682619,0.0,0,4,0
2026092804,mert_v0,unweighted,0.25,beta,24,63,0.1407455927809656,0.45573380673794184,0.005114671697801998,0.0007267241561193793,0,4,3
2026092804,mert_v0,unweighted,0.25,isotonic,24,63,0.14636673767808842,1.2705539483841628,0.010735816594924813,0.006347869053242194,0,4,0
2026092804,mert_v0,unweighted,0.25,ridge_platt,24,63,0.13498371095216366,0.4280968756808509,-0.0006472101309999423,-0.005035157672682561,0,4,0
2026092804,mert_v0,unweighted,0.5,raw,47,118,0.1356309210831636,0.4297915281227217,0.0,-0.004252166068154595,0,4,0
2026092804,mert_v0,unweighted,0.5,prior_offset,47,118,0.1356309210831636,0.4297915281227217,0.0,-0.004252166068154595,0,4,0
2026092804,mert_v0,unweighted,0.5,temperature,47,118,0.13879290597775149,0.4398251743528815,0.0031619848945878826,-0.0010901811735667122,0,4,0
2026092804,mert_v0,unweighted,0.5,platt,47,118,0.1398830871513182,0.44199584166664796,0.004252166068154595,0.0,0,4,0
2026092804,mert_v0,unweighted,0.5,beta,47,118,0.1416019293112758,0.44942065109156565,0.005971008228112196,0.001718842159957601,0,4,3
2026092804,mert_v0,unweighted,0.5,isotonic,47,118,0.14560140980943023,0.8179850397098684,0.00997048872626663,0.005718322658112035,0,4,0
2026092804,mert_v0,unweighted,0.5,ridge_platt,47,118,0.13751193023555552,0.43624420175278095,0.0018810091523919215,-0.0023711569157626733,0,4,0
2026092804,mert_v0,unweighted,1.0,raw,94,249,0.1356309210831636,0.4297915281227217,0.0,-0.0003598432917823746,0,4,0
2026092804,mert_v0,unweighted,1.0,prior_offset,94,249,0.1356309210831636,0.4297915281227217,0.0,-0.0003598432917823746,0,4,0
2026092804,mert_v0,unweighted,1.0,temperature,94,249,0.1356853380243868,0.429810164513693,5.44169412231843e-05,-0.0003054263505591903,0,4,0
2026092804,mert_v0,unweighted,1.0,platt,94,249,0.13599076437494598,0.4303000278243537,0.0003598432917823746,0.0,0,4,0
2026092804,mert_v0,unweighted,1.0,beta,94,249,0.13591637104369314,0.43124254296772296,0.00028544996052953797,-7.439333125283665e-05,0,4,2
2026092804,mert_v0,unweighted,1.0,isotonic,94,249,0.14075525174666118,0.642220398176359,0.005124330663497573,0.004764487371715198,0,4,0
2026092804,mert_v0,unweighted,1.0,ridge_platt,94,249,0.13541781598013508,0.4287234399201614,-0.00021310510302852137,-0.000572948394810896,0,4,0
2026092804,mert_v1,ambient_balanced,0.25,raw,24,63,0.15023672996528997,0.4646267235461427,0.0,0.011567721406982867,0,4,0
2026092804,mert_v1,ambient_balanced,0.25,prior_offset,24,63,0.13476444257693737,0.42698702586425785,-0.015472287388352601,-0.003904565981369734,0,4,0
2026092804,mert_v1,ambient_balanced,0.25,temperature,24,63,0.15153912781844778,0.47058811335989337,0.001302397853157805,0.012870119260140672,0,4,0
2026092804,mert_v1,ambient_balanced,0.25,platt,24,63,0.1386690085583071,0.43855014286063077,-0.011567721406982867,0.0,0,4,0
2026092804,mert_v1,ambient_balanced,0.25,beta,24,63,0.13873501065330218,0.4398450486076051,-0.01150171931198779,6.600209499507681e-05,0,4,3
2026092804,mert_v1,ambient_balanced,0.25,isotonic,24,63,0.14499551236731476,1.2992092508281394,-0.005241217597975217,0.00632650380900765,0,4,0
2026092804,mert_v1,ambient_balanced,0.25,ridge_platt,24,63,0.13761885862708512,0.43427108408668286,-0.012617871338204856,-0.0010501499312219886,0,4,0
2026092804,mert_v1,ambient_balanced,0.5,raw,47,118,0.15023672996528997,0.4646267235461427,0.0,0.012638641601897399,0,4,0
2026092804,mert_v1,ambient_balanced,0.5,prior_offset,47,118,0.13476444257693737,0.42698702586425785,-0.015472287388352601,-0.0028336457864552023,0,4,0
2026092804,mert_v1,ambient_balanced,0.5,temperature,47,118,0.15324484596891785,0.4748784514946752,0.003008116003627881,0.01564675760552528,0,4,0
2026092804,mert_v1,ambient_balanced,0.5,platt,47,118,0.13759808836339257,0.43439751325854314,-0.012638641601897399,0.0,0,4,0
2026092804,mert_v1,ambient_balanced,0.5,beta,47,118,0.13826008029802114,0.43692880239730725,-0.01197664966726883,0.0006619919346285696,0,4,2
2026092804,mert_v1,ambient_balanced,0.5,isotonic,47,118,0.1438725782426588,1.038168559230949,-0.006364151722631162,0.006274489879266237,0,4,0
2026092804,mert_v1,ambient_balanced,0.5,ridge_platt,47,118,0.1374233004314846,0.43458380319109247,-0.012813429533805376,-0.00017478793190797703,0,4,0
2026092804,mert_v1,ambient_balanced,1.0,raw,94,249,0.15023672996528997,0.4646267235461427,0.0,0.015238636648818638,0,4,0
2026092804,mert_v1,ambient_balanced,1.0,prior_offset,94,249,0.13476444257693737,0.42698702586425785,-0.015472287388352601,-0.00023365073953396376,0,4,0
2026092804,mert_v1,ambient_balanced,1.0,temperature,94,249,0.15140968727647316,0.4691761328852848,0.0011729573111831926,0.01641159396000183,0,4,0
2026092804,mert_v1,ambient_balanced,1.0,platt,94,249,0.13499809331647133,0.4276071680375361,-0.015238636648818638,0.0,0,4,0
2026092804,mert_v1,ambient_balanced,1.0,beta,94,249,0.13421136012126064,0.42700066124460995,-0.01602536984402933,-0.0007867331952106926,0,4,1
2026092804,mert_v1,ambient_balanced,1.0,isotonic,94,249,0.13794620443160904,0.7277992633486701,-0.01229052553368093,0.002948111115137708,0,4,0
2026092804,mert_v1,ambient_balanced,1.0,ridge_platt,94,249,0.13523600183066273,0.42724481552005983,-0.015000728134627245,0.0002379085141913928,0,4,0
2026092804,mert_v1,unweighted,0.25,raw,24,63,0.1346037947981594,0.4267934767914455,0.0,-0.0047689246335028135,0,4,0
2026092804,mert_v1,unweighted,0.25,prior_offset,24,63,0.1346037947981594,0.4267934767914455,0.0,-0.0047689246335028135,0,4,0
2026092804,mert_v1,unweighted,0.25,temperature,24,63,0.13541062917531405,0.4302892786094362,0.0008068343771546471,-0.003962090256348166,0,4,0
2026092804,mert_v1,unweighted,0.25,platt,24,63,0.1393727194316622,0.44115904369838344,0.0047689246335028135,0.0,0,4,0
2026092804,mert_v1,unweighted,0.25,beta,24,63,0.14017096474058516,0.44731622953024525,0.005567169942425759,0.0007982453089229458,0,4,3
2026092804,mert_v1,unweighted,0.25,isotonic,24,63,0.14603013627446165,1.2701976851263141,0.011426341476302254,0.006657416842799441,0,4,0
2026092804,mert_v1,unweighted,0.25,ridge_platt,24,63,0.13832256950044025,0.43687998492443547,0.0037187747022808526,-0.0010501499312219609,0,4,0
2026092804,mert_v1,unweighted,0.5,raw,47,118,0.1346037947981594,0.4267934767914455,0.0,-0.0031982585792056095,0,4,0
2026092804,mert_v1,unweighted,0.5,prior_offset,47,118,0.1346037947981594,0.4267934767914455,0.0,-0.0031982585792056095,0,4,0
2026092804,mert_v1,unweighted,0.5,temperature,47,118,0.13693458830840735,0.4338519745406084,0.0023307935102479527,-0.0008674650689576568,0,4,0
2026092804,mert_v1,unweighted,0.5,platt,47,118,0.137802053377365,0.4351258693734614,0.0031982585792056095,0.0,0,4,0
2026092804,mert_v1,unweighted,0.5,beta,47,118,0.13965664239011358,0.4420337711199051,0.005052847591954179,0.0018545890127485698,0,4,3
2026092804,mert_v1,unweighted,0.5,isotonic,47,118,0.1449324445201279,0.975449224667497,0.010328649721968508,0.0071303911427628985,0,4,0
2026092804,mert_v1,unweighted,0.5,ridge_platt,47,118,0.13628894722444151,0.432462292602475,0.001685152426282116,-0.0015131061529234935,0,4,0
2026092804,mert_v1,unweighted,1.0,raw,94,249,0.1346037947981594,0.4267934767914455,0.0,-0.00046795083405121174,0,4,0
2026092804,mert_v1,unweighted,1.0,prior_offset,94,249,0.1346037947981594,0.4267934767914455,0.0,-0.00046795083405121174,0,4,0
2026092804,mert_v1,unweighted,1.0,temperature,94,249,0.13493634043110572,0.42766028221284724,0.0003325456329463239,-0.00013540520110488785,0,4,0
2026092804,mert_v1,unweighted,1.0,platt,94,249,0.1350717456322106,0.42790964416764754,0.00046795083405121174,0.0,0,4,0
2026092804,mert_v1,unweighted,1.0,beta,94,249,0.1350513655724226,0.4285013142397838,0.0004475707742631896,-2.0380059788022153e-05,0,4,1
2026092804,mert_v1,unweighted,1.0,isotonic,94,249,0.13842054729210465,0.7294423900212268,0.0038167524939452524,0.0033488016598940407,0,4,0
2026092804,mert_v1,unweighted,1.0,ridge_platt,94,249,0.13435172681273863,0.4255910303382249,-0.00025206798542076747,-0.0007200188194719792,0,4,0
2026092805,maest,ambient_balanced,0.25,raw,24,61,0.1375502497542258,0.4290565507411769,0.0,0.00950030081422254,0,4,0
2026092805,maest,ambient_balanced,0.25,prior_offset,24,61,0.12568615950206385,0.4020903249483847,-0.011864090252161952,-0.002363789437939412,0,4,0
2026092805,maest,ambient_balanced,0.25,temperature,24,61,0.13746510929507233,0.4285368349987135,-8.514045915347657e-05,0.009415160355069063,0,4,0
2026092805,maest,ambient_balanced,0.25,platt,24,61,0.12804994894000327,0.4043428260989289,-0.00950030081422254,0.0,0,4,0
2026092805,maest,ambient_balanced,0.25,beta,24,61,0.12971737599032102,0.4129437546816669,-0.00783287376390479,0.001667427050317749,0,4,2
2026092805,maest,ambient_balanced,0.25,isotonic,24,61,0.13556047887461448,1.2418800578356906,-0.00198977087961133,0.00751052993461121,0,4,0
2026092805,maest,ambient_balanced,0.25,ridge_platt,24,61,0.1264465412477278,0.4026553714196843,-0.011103708506498,-0.0016034076922754603,0,4,0
2026092805,maest,ambient_balanced,0.5,raw,47,113,0.1375502497542258,0.4290565507411769,0.0,0.00903120305717911,0,4,0
2026092805,maest,ambient_balanced,0.5,prior_offset,47,113,0.12568615950206385,0.4020903249483847,-0.011864090252161952,-0.0028328871949828416,0,4,0
2026092805,maest,ambient_balanced,0.5,temperature,47,113,0.13717812882933791,0.4285720453566232,-0.00037212092488789206,0.008659082132291218,0,4,0
2026092805,maest,ambient_balanced,0.5,platt,47,113,0.1285190466970467,0.4057477794625131,-0.00903120305717911,0.0,0,4,0
2026092805,maest,ambient_balanced,0.5,beta,47,113,0.12991542243795168,0.40978095266630266,-0.007634827316274129,0.0013963757409049815,0,4,1
2026092805,maest,ambient_balanced,0.5,isotonic,47,113,0.13856558697528507,1.0863212527209334,0.0010153372210592593,0.01004654027823837,0,4,0
2026092805,maest,ambient_balanced,0.5,ridge_platt,47,113,0.13140867967998543,0.4143410183331394,-0.006141570074240377,0.0028896329829387335,0,4,0
2026092805,maest,ambient_balanced,1.0,raw,94,246,0.1375502497542258,0.4290565507411769,0.0,0.013454313421531791,0,4,0
2026092805,maest,ambient_balanced,1.0,prior_offset,94,246,0.12568615950206385,0.4020903249483847,-0.011864090252161952,0.0015902231693698393,0,4,0
2026092805,maest,ambient_balanced,1.0,temperature,94,246,0.13758428203053324,0.42993606652085387,3.403227630743855e-05,0.01348834569783923,0,4,0
2026092805,maest,ambient_balanced,1.0,platt,94,246,0.12409593633269402,0.3979226442754376,-0.013454313421531791,0.0,0,4,0
2026092805,maest,ambient_balanced,1.0,beta,94,246,0.1250475741515741,0.40020436770117973,-0.012502675602651697,0.0009516378188800939,0,4,0
2026092805,maest,ambient_balanced,1.0,isotonic,94,246,0.13237803288658812,0.8532580187359883,-0.005172216867637691,0.0082820965538941,0,4,0
2026092805,maest,ambient_balanced,1.0,ridge_platt,94,246,0.1256323128640202,0.4012938266629782,-0.011917936890205594,0.0015363765313261973,0,4,0
2026092805,maest,unweighted,0.25,raw,24,61,0.12557030058051044,0.40060447059149085,0.0,-0.0022379083855596227,0,4,0
2026092805,maest,unweighted,0.25,prior_offset,24,61,0.12557030058051044,0.40060447059149085,0.0,-0.0022379083855596227,0,4,0
2026092805,maest,unweighted,0.25,temperature,24,61,0.1252936318779599,0.3996486722676511,-0.0002766687025505532,-0.002514577088110176,0,4,0
2026092805,maest,unweighted,0.25,platt,24,61,0.12780820896607006,0.40360518959024955,0.0022379083855596227,0.0,0,4,0
2026092805,maest,unweighted,0.25,beta,24,61,0.1290413200676242,0.41122275824768817,0.003471019487113758,0.0012331111015541352,0,4,2
2026092805,maest,unweighted,0.25,isotonic,24,61,0.13590009718832077,1.2431789301846528,0.010329796607810332,0.00809188822225071,0,4,0
2026092805,maest,unweighted,0.25,ridge_platt,24,61,0.12557030058051044,0.40060447059149085,0.0,-0.0022379083855596227,0,4,0
2026092805,maest,unweighted,0.5,raw,47,113,0.12557030058051044,0.40060447059149085,0.0,-0.002742204175191776,0,4,0
2026092805,maest,unweighted,0.5,prior_offset,47,113,0.12557030058051044,0.40060447059149085,0.0,-0.002742204175191776,0,4,0
2026092805,maest,unweighted,0.5,temperature,47,113,0.1258422240259907,0.402008859861144,0.00027192344548027103,-0.002470280729711505,0,4,0
2026092805,maest,unweighted,0.5,platt,47,113,0.12831250475570222,0.4053091232470496,0.002742204175191776,0.0,0,4,0
2026092805,maest,unweighted,0.5,beta,47,113,0.12917803947622059,0.4083920879250866,0.003607738895710144,0.0008655347205183683,0,4,1
2026092805,maest,unweighted,0.5,isotonic,47,113,0.13839935619929017,1.0857185880593354,0.012829055618779728,0.010086851443587952,0,4,0
2026092805,maest,unweighted,0.5,ridge_platt,47,113,0.12557030058051044,0.40060447059149085,0.0,-0.002742204175191776,0,4,0
2026092805,maest,unweighted,1.0,raw,94,246,0.12557030058051044,0.40060447059149085,0.0,0.0015870393087279722,0,4,0
2026092805,maest,unweighted,1.0,prior_offset,94,246,0.12557030058051044,0.40060447059149085,0.0,0.0015870393087279722,0,4,0
2026092805,maest,unweighted,1.0,temperature,94,246,0.12607576381969907,0.40208108398981274,0.0005054632391886249,0.002092502547916597,0,4,0
2026092805,maest,unweighted,1.0,platt,94,246,0.12398326127178247,0.39746725115913845,-0.0015870393087279722,0.0,0,4,0
2026092805,maest,unweighted,1.0,beta,94,246,0.12462314626475407,0.3992293711481559,-0.0009471543157563711,0.0006398849929716011,0,4,1
2026092805,maest,unweighted,1.0,isotonic,94,246,0.1321010727046372,0.8523899512651368,0.006530772124126755,0.008117811432854727,0,4,0
2026092805,maest,unweighted,1.0,ridge_platt,94,246,0.12557030058051044,0.40060447059149085,0.0,0.0015870393087279722,0,4,0
2026092805,mert_v0,ambient_balanced,0.25,raw,24,61,0.14953139624315873,0.4653164563837856,0.0,0.010261421770627221,0,4,0
2026092805,mert_v0,ambient_balanced,0.25,prior_offset,24,61,0.13779748912036688,0.43684174971590006,-0.011733907122791848,-0.0014724853521646264,0,4,0
2026092805,mert_v0,ambient_balanced,0.25,temperature,24,61,0.1483898868265808,0.4608215104507454,-0.0011415094165779238,0.009119912354049298,0,4,0
2026092805,mert_v0,ambient_balanced,0.25,platt,24,61,0.1392699744725315,0.4402255915418515,-0.010261421770627221,0.0,0,4,0
2026092805,mert_v0,ambient_balanced,0.25,beta,24,61,0.14147293486487167,0.4446203699898902,-0.008058461378287057,0.002202960392340164,0,4,2
2026092805,mert_v0,ambient_balanced,0.25,isotonic,24,61,0.14882053011650836,1.081931734419651,-0.0007108661266503613,0.00955055564397686,0,4,0
2026092805,mert_v0,ambient_balanced,0.25,ridge_platt,24,61,0.14180684508492647,0.4462455066291177,-0.007724551158232257,0.0025368706123949647,0,4,0
2026092805,mert_v0,ambient_balanced,0.5,raw,47,113,0.14953139624315873,0.4653164563837856,0.0,0.007050085244981935,0,4,0
2026092805,mert_v0,ambient_balanced,0.5,prior_offset,47,113,0.13779748912036688,0.43684174971590006,-0.011733907122791848,-0.004683821877809913,0,4,0
2026092805,mert_v0,ambient_balanced,0.5,temperature,47,113,0.14865890764767656,0.46161691060101134,-0.0008724885954821682,0.006177596649499767,0,4,0
2026092805,mert_v0,ambient_balanced,0.5,platt,47,113,0.1424813109981768,0.44820013901750755,-0.007050085244981935,0.0,0,4,0
2026092805,mert_v0,ambient_balanced,0.5,beta,47,113,0.142611537926225,0.4470156245139924,-0.00691985831693373,0.0001302269280482049,0,4,1
2026092805,mert_v0,ambient_balanced,0.5,isotonic,47,113,0.15003478340132753,0.8272467343877982,0.0005033871581688054,0.0075534724031507405,0,4,0
2026092805,mert_v0,ambient_balanced,0.5,ridge_platt,47,113,0.14199000635342257,0.4472824507842944,-0.007541389889736155,-0.0004913046447542202,0,4,0
2026092805,mert_v0,ambient_balanced,1.0,raw,94,246,0.14953139624315873,0.4653164563837856,0.0,0.01412127738477309,0,4,0
2026092805,mert_v0,ambient_balanced,1.0,prior_offset,94,246,0.13779748912036688,0.43684174971590006,-0.011733907122791848,0.002387370261981242,0,4,0
2026092805,mert_v0,ambient_balanced,1.0,temperature,94,246,0.14931249805197558,0.4653255589715998,-0.0002188981911831478,0.013902379193589942,0,4,0
2026092805,mert_v0,ambient_balanced,1.0,platt,94,246,0.13541011885838564,0.43283167484478546,-0.01412127738477309,0.0,0,4,0
2026092805,mert_v0,ambient_balanced,1.0,beta,94,246,0.13483377870845542,0.4285977610113417,-0.014697617534703306,-0.0005763401499302157,0,4,1
2026092805,mert_v0,ambient_balanced,1.0,isotonic,94,246,0.14131464730241733,0.6139470835612478,-0.008216748940741397,0.0059045284440316925,0,4,0
2026092805,mert_v0,ambient_balanced,1.0,ridge_platt,94,246,0.1363545939528998,0.43396764329808646,-0.013176802290258915,0.0009444750945141744,0,4,0
2026092805,mert_v0,unweighted,0.25,raw,24,61,0.13750022823253882,0.4360753614384143,0.0,-0.0017292919587497124,0,4,0
2026092805,mert_v0,unweighted,0.25,prior_offset,24,61,0.13750022823253882,0.4360753614384143,0.0,-0.0017292919587497124,0,4,0
2026092805,mert_v0,unweighted,0.25,temperature,24,61,0.1361709927477091,0.43167560300831403,-0.001329235484829716,-0.0030585274435794285,0,4,0
2026092805,mert_v0,unweighted,0.25,platt,24,61,0.13922952019128854,0.4401865914698928,0.0017292919587497124,0.0,0,4,0
2026092805,mert_v0,unweighted,0.25,beta,24,61,0.14124891907824322,0.4439493982675303,0.0037486908457043944,0.002019398886954682,0,4,2
2026092805,mert_v0,unweighted,0.25,isotonic,24,61,0.14849984450352838,1.0805169557397385,0.010999616270989554,0.009270324312239842,0,4,0
2026092805,mert_v0,unweighted,0.25,ridge_platt,24,61,0.13750022823253882,0.4360753614384143,0.0,-0.0017292919587497124,0,4,0
2026092805,mert_v0,unweighted,0.5,raw,47,113,0.13750022823253882,0.4360753614384143,0.0,-0.004859133424365031,0,4,0
2026092805,mert_v0,unweighted,0.5,prior_offset,47,113,0.13750022823253882,0.4360753614384143,0.0,-0.004859133424365031,0,4,0
2026092805,mert_v0,unweighted,0.5,temperature,47,113,0.13681737016060624,0.4336322820974936,-0.0006828580719325794,-0.00554199149629761,0,4,0
2026092805,mert_v0,unweighted,0.5,platt,47,113,0.14235936165690385,0.4480560296475781,0.004859133424365031,0.0,0,4,0
2026092805,mert_v0,unweighted,0.5,beta,47,113,0.14234704047488075,0.44684352055378257,0.00484681224234193,-1.2321182023100619e-05,0,4,1
2026092805,mert_v0,unweighted,0.5,isotonic,47,113,0.1501546912183589,0.8276910699834275,0.01265446298582007,0.007795329561455039,0,4,0
2026092805,mert_v0,unweighted,0.5,ridge_platt,47,113,0.13750022823253882,0.4360753614384143,0.0,-0.004859133424365031,0,4,0
2026092805,mert_v0,unweighted,1.0,raw,94,246,0.13750022823253882,0.4360753614384143,0.0,0.002189378345480858,0,4,0
2026092805,mert_v0,unweighted,1.0,prior_offset,94,246,0.13750022823253882,0.4360753614384143,0.0,0.002189378345480858,0,4,0
2026092805,mert_v0,unweighted,1.0,temperature,94,246,0.1373663243062007,0.43670433115272644,-0.00013390392633813586,0.002055474419142722,0,4,0
2026092805,mert_v0,unweighted,1.0,platt,94,246,0.13531084988705797,0.4327472100988463,-0.002189378345480858,0.0,0,4,0
2026092805,mert_v0,unweighted,1.0,beta,94,246,0.13476527673988786,0.4287808290687447,-0.002734951492650961,-0.0005455731471701031,0,4,1
2026092805,mert_v0,unweighted,1.0,isotonic,94,246,0.14120149557965422,0.6123214338291807,0.0037012673471154,0.005890645692596258,0,4,0
2026092805,mert_v0,unweighted,1.0,ridge_platt,94,246,0.13613019203879637,0.43322529727761977,-0.0013700361937424577,0.0008193421517384003,0,4,0
2026092805,mert_v1,ambient_balanced,0.25,raw,24,61,0.153554436357627,0.47616719170996746,0.0,0.012909586210571006,0,4,0
2026092805,mert_v1,ambient_balanced,0.25,prior_offset,24,61,0.14007252499040007,0.4437200848023254,-0.013481911367226929,-0.0005723251566559229,0,4,0
2026092805,mert_v1,ambient_balanced,0.25,temperature,24,61,0.152974748080432,0.4747491598134828,-0.0005796882771950118,0.012329897933375994,0,4,0
2026092805,mert_v1,ambient_balanced,0.25,platt,24,61,0.140644850147056,0.44743758020058483,-0.012909586210571006,0.0,0,4,0
2026092805,mert_v1,ambient_balanced,0.25,beta,24,61,0.14164900135137884,0.4535959535729921,-0.01190543500624816,0.001004151204322845,0,4,3
2026092805,mert_v1,ambient_balanced,0.25,isotonic,24,61,0.14751333032624742,1.4036546134949748,-0.006041106031379584,0.006868480179191422,0,4,0
2026092805,mert_v1,ambient_balanced,0.25,ridge_platt,24,61,0.14116332358565334,0.4458355837504879,-0.012391112771973661,0.0005184734385973444,0,4,0
2026092805,mert_v1,ambient_balanced,0.5,raw,47,113,0.153554436357627,0.47616719170996746,0.0,0.008652141879686215,0,4,0
2026092805,mert_v1,ambient_balanced,0.5,prior_offset,47,113,0.14007252499040007,0.4437200848023254,-0.013481911367226929,-0.004829769487540714,0,4,0
2026092805,mert_v1,ambient_balanced,0.5,temperature,47,113,0.1528017702890736,0.4740052717411068,-0.0007526660685533981,0.007899475811132817,0,4,0
2026092805,mert_v1,ambient_balanced,0.5,platt,47,113,0.14490229447794079,0.4579817097538597,-0.008652141879686215,0.0,0,4,0
2026092805,mert_v1,ambient_balanced,0.5,beta,47,113,0.14503048886805178,0.4584756297794722,-0.008523947489575218,0.0001281943901109972,0,4,2
2026092805,mert_v1,ambient_balanced,0.5,isotonic,47,113,0.15002499978439213,0.8904034996439667,-0.003529436573234873,0.005122705306451342,0,4,0
2026092805,mert_v1,ambient_balanced,0.5,ridge_platt,47,113,0.1409700377095171,0.4459504272060355,-0.012584398648109896,-0.003932256768423681,0,4,0
2026092805,mert_v1,ambient_balanced,1.0,raw,94,246,0.153554436357627,0.47616719170996746,0.0,0.01576079628432367,0,4,0
2026092805,mert_v1,ambient_balanced,1.0,prior_offset,94,246,0.14007252499040007,0.4437200848023254,-0.013481911367226929,0.0022788849170967407,0,4,0
2026092805,mert_v1,ambient_balanced,1.0,temperature,94,246,0.15271288327325083,0.47498223423662583,-0.0008415530843761676,0.014919243199947502,0,4,0
2026092805,mert_v1,ambient_balanced,1.0,platt,94,246,0.13779364007330333,0.4407587796765446,-0.01576079628432367,0.0,0,4,0
2026092805,mert_v1,ambient_balanced,1.0,beta,94,246,0.13719013125088517,0.4373348737913263,-0.016364305106741833,-0.000603508822418164,0,4,1
2026092805,mert_v1,ambient_balanced,1.0,isotonic,94,246,0.13868393333969264,0.5382615812415285,-0.014870503017934356,0.0008902932663893137,0,4,0
2026092805,mert_v1,ambient_balanced,1.0,ridge_platt,94,246,0.13839074315560998,0.4412658069980864,-0.01516369320201702,0.0005971030823066492,0,4,0
2026092805,mert_v1,unweighted,0.25,raw,24,61,0.14004205696705144,0.4439861751124907,0.0,-0.0008889124243577073,0,4,0
2026092805,mert_v1,unweighted,0.25,prior_offset,24,61,0.14004205696705144,0.4439861751124907,0.0,-0.0008889124243577073,0,4,0
2026092805,mert_v1,unweighted,0.25,temperature,24,61,0.1389039728019267,0.44123471420444377,-0.0011380841651247309,-0.002026996589482438,0,4,0
2026092805,mert_v1,unweighted,0.25,platt,24,61,0.14093096939140914,0.44860803036604063,0.0008889124243577073,0.0,0,4,0
2026092805,mert_v1,unweighted,0.25,beta,24,61,0.14182740682751052,0.45421797921216345,0.0017853498604590845,0.0008964374361013772,0,4,3
2026092805,mert_v1,unweighted,0.25,isotonic,24,61,0.14819900327800736,1.4383419085103464,0.008156946310955926,0.007268033886598219,0,4,0
2026092805,mert_v1,unweighted,0.25,ridge_platt,24,61,0.14004205696705144,0.4439861751124907,0.0,-0.0008889124243577073,0,4,0
2026092805,mert_v1,unweighted,0.5,raw,47,113,0.14004205696705144,0.4439861751124907,0.0,-0.004903550115796129,0,4,0
2026092805,mert_v1,unweighted,0.5,prior_offset,47,113,0.14004205696705144,0.4439861751124907,0.0,-0.004903550115796129,0,4,0
2026092805,mert_v1,unweighted,0.5,temperature,47,113,0.1394658887263069,0.4428396493856291,-0.0005761682407445234,-0.005479718356540653,0,4,0
2026092805,mert_v1,unweighted,0.5,platt,47,113,0.14494560708284757,0.45846894371786545,0.004903550115796129,0.0,0,4,0
2026092805,mert_v1,unweighted,0.5,beta,47,113,0.1447960384196817,0.45857058862961597,0.004753981452630257,-0.00014956866316587214,0,4,2
2026092805,mert_v1,unweighted,0.5,isotonic,47,113,0.15089928201239855,0.8943277069567621,0.010857225045347113,0.005953674929550984,0,4,0
2026092805,mert_v1,unweighted,0.5,ridge_platt,47,113,0.14004205696705144,0.4439861751124907,0.0,-0.004903550115796129,0,4,0
2026092805,mert_v1,unweighted,1.0,raw,94,246,0.14004205696705144,0.4439861751124907,0.0,0.0021723260707690317,0,4,0
2026092805,mert_v1,unweighted,1.0,prior_offset,94,246,0.14004205696705144,0.4439861751124907,0.0,0.0021723260707690317,0,4,0
2026092805,mert_v1,unweighted,1.0,temperature,94,246,0.13935266104525895,0.44355356321089123,-0.000689395921792485,0.0014829301489765467,0,4,0
2026092805,mert_v1,unweighted,1.0,platt,94,246,0.1378697308962824,0.44133531427193146,-0.0021723260707690317,0.0,0,4,0
2026092805,mert_v1,unweighted,1.0,beta,94,246,0.13720464090689483,0.4379696100724184,-0.002837416060156611,-0.0006650899893875795,0,4,1
2026092805,mert_v1,unweighted,1.0,isotonic,94,246,0.13862446354777858,0.5391878996500471,-0.0014175934192728612,0.0007547326514961705,0,4,0
2026092805,mert_v1,unweighted,1.0,ridge_platt,94,246,0.1381094739978678,0.4406887736116639,-0.0019325829691836383,0.00023974310158539347,0,4,0
2026092806,maest,ambient_balanced,0.25,raw,24,65,0.14652010209922944,0.44904625989442204,0.0,0.002158743796176976,0,4,0
2026092806,maest,ambient_balanced,0.25,prior_offset,24,65,0.13973631199661932,0.4325189616727665,-0.006783790102610127,-0.00462504630643315,0,4,0
2026092806,maest,ambient_balanced,0.25,temperature,24,65,0.15180860048475225,0.47457271792993794,0.005288498385522811,0.007447242181699787,0,4,0
2026092806,maest,ambient_balanced,0.25,platt,24,65,0.14436135830305247,0.4588655778787409,-0.002158743796176976,0.0,0,4,0
2026092806,maest,ambient_balanced,0.25,beta,24,65,0.14410989507952313,0.45845005577429454,-0.0024102070197063175,-0.00025146322352934125,0,4,1
2026092806,maest,ambient_balanced,0.25,isotonic,24,65,0.14876861156933432,1.3152722432799366,0.0022485094701048813,0.0044072532662818575,0,4,0
2026092806,maest,ambient_balanced,0.25,ridge_platt,24,65,0.14703917392496355,0.4502869655947397,0.000519071825734102,0.0026778156219110782,0,4,0
2026092806,maest,ambient_balanced,0.5,raw,47,119,0.14652010209922944,0.44904625989442204,0.0,0.005369761672619183,0,4,0
2026092806,maest,ambient_balanced,0.5,prior_offset,47,119,0.13973631199661932,0.4325189616727665,-0.006783790102610127,-0.0014140284299909434,0,4,0
2026092806,maest,ambient_balanced,0.5,temperature,47,119,0.14852480559938275,0.4549931045716658,0.0020047035001533042,0.0073744651727724875,0,4,0
2026092806,maest,ambient_balanced,0.5,platt,47,119,0.14115034042661026,0.438195008896109,-0.005369761672619183,0.0,0,4,0
2026092806,maest,ambient_balanced,0.5,beta,47,119,0.1408568451173337,0.436551491064412,-0.005663256981895737,-0.00029349530927655354,0,4,1
2026092806,maest,ambient_balanced,0.5,isotonic,47,119,0.1456460920831725,1.0596498131322487,-0.000874010016056942,0.004495751656562241,0,4,0
2026092806,maest,ambient_balanced,0.5,ridge_platt,47,119,0.1464078591835307,0.4474781517674774,-0.00011224291569875144,0.005257518756920432,0,4,0
2026092806,maest,ambient_balanced,1.0,raw,94,240,0.14652010209922944,0.44904625989442204,0.0,0.007327882429814192,0,4,0
2026092806,maest,ambient_balanced,1.0,prior_offset,94,240,0.13973631199661932,0.4325189616727665,-0.006783790102610127,0.0005440923272040654,0,4,0
2026092806,maest,ambient_balanced,1.0,temperature,94,240,0.14695389633848424,0.4492554776268377,0.00043379423925479776,0.00776167666906899,0,4,0
2026092806,maest,ambient_balanced,1.0,platt,94,240,0.13919221966941525,0.4300380513323576,-0.007327882429814192,0.0,0,4,0
2026092806,maest,ambient_balanced,1.0,beta,94,240,0.14045180347148345,0.43630251821390065,-0.006068298627745994,0.0012595838020681982,0,4,1
2026092806,maest,ambient_balanced,1.0,isotonic,94,240,0.1436876138408733,0.819104396229174,-0.002832488258356136,0.004495394171458056,0,4,0
2026092806,maest,ambient_balanced,1.0,ridge_platt,94,240,0.1392356548648506,0.4302152834862032,-0.007284447234378849,4.343519543534291e-05,0,4,0
2026092806,maest,unweighted,0.25,raw,24,65,0.13888474434293424,0.4299907971948971,0.0,-0.005245834756754747,0,4,0
2026092806,maest,unweighted,0.25,prior_offset,24,65,0.13888474434293424,0.4299907971948971,0.0,-0.005245834756754747,0,4,0
2026092806,maest,unweighted,0.25,temperature,24,65,0.14397427351141492,0.4550930538345028,0.005089529168480683,-0.00015630558827406382,0,4,0
2026092806,maest,unweighted,0.25,platt,24,65,0.144130579099689,0.4582834557300235,0.005245834756754747,0.0,0,4,0
2026092806,maest,unweighted,0.25,beta,24,65,0.14391423524673444,0.4583017474532034,0.005029490903800199,-0.00021634385295454805,0,4,1
2026092806,maest,unweighted,0.25,isotonic,24,65,0.14873729646844788,1.3154671240629514,0.009852552125513642,0.004606717368758895,0,4,0
2026092806,maest,unweighted,0.25,ridge_platt,24,65,0.14023595474419978,0.433332799071405,0.0013512104012655402,-0.003894624355489207,0,4,0
2026092806,maest,unweighted,0.5,raw,47,119,0.13888474434293424,0.4299907971948971,0.0,-0.002050642042073031,0,4,0
2026092806,maest,unweighted,0.5,prior_offset,47,119,0.13888474434293424,0.4299907971948971,0.0,-0.002050642042073031,0,4,0
2026092806,maest,unweighted,0.5,temperature,47,119,0.14077420262647738,0.43604036791794054,0.001889458283543144,-0.00016118375852988698,0,4,0
2026092806,maest,unweighted,0.5,platt,47,119,0.14093538638500727,0.4377222105823269,0.002050642042073031,0.0,0,4,0
2026092806,maest,unweighted,0.5,beta,47,119,0.14078680042655387,0.4365161797842934,0.0019020560836196243,-0.0001485859584534066,0,4,2
2026092806,maest,unweighted,0.5,isotonic,47,119,0.14466804445346115,1.0571996668244537,0.005783300110526912,0.0037326580684538813,0,4,0
2026092806,maest,unweighted,0.5,ridge_platt,47,119,0.1387725014272355,0.42842268906795244,-0.00011224291569875144,-0.0021628849577717824,0,4,0
2026092806,maest,unweighted,1.0,raw,94,240,0.13888474434293424,0.4299907971948971,0.0,-0.00013169429528742116,0,4,0
2026092806,maest,unweighted,1.0,prior_offset,94,240,0.13888474434293424,0.4299907971948971,0.0,-0.00013169429528742116,0,4,0
2026092806,maest,unweighted,1.0,temperature,94,240,0.1392527986448505,0.43021282014436807,0.00036805430191624855,0.0002363600066288274,0,4,0
2026092806,maest,unweighted,1.0,platt,94,240,0.13901643863822166,0.42996468139914223,0.00013169429528742116,0.0,0,4,0
2026092806,maest,unweighted,1.0,beta,94,240,0.1403317413822658,0.4363615513324056,0.0014469970393315712,0.00131530274404415,0,4,1
2026092806,maest,unweighted,1.0,isotonic,94,240,0.1424124053116593,0.8160504523796143,0.0035276609687250604,0.0033959666734376392,0,4,0
2026092806,maest,unweighted,1.0,ridge_platt,94,240,0.13888474434293424,0.4299907971948971,0.0,-0.00013169429528742116,0,4,0
2026092806,mert_v0,ambient_balanced,0.25,raw,24,65,0.16133243001353373,0.49218086252502385,0.0,0.01517673987278878,0,4,0
2026092806,mert_v0,ambient_balanced,0.25,prior_offset,24,65,0.14729359684462,0.4578521446009264,-0.014038833168913717,0.0011379067038750634,0,4,0
2026092806,mert_v0,ambient_balanced,0.25,temperature,24,65,0.16090668436047198,0.4956052324794384,-0.0004257456530617487,0.014750994219727032,0,4,0
2026092806,mert_v0,ambient_balanced,0.25,platt,24,65,0.14615569014074495,0.4661364631446861,-0.01517673987278878,0.0,0,4,0
2026092806,mert_v0,ambient_balanced,0.25,beta,24,65,0.14916319931804903,0.4793200361870409,-0.0121692306954847,0.0030075091773040796,0,4,2
2026092806,mert_v0,ambient_balanced,0.25,isotonic,24,65,0.16016848399152897,1.4721360632557383,-0.0011639460220047582,0.014012793850784022,0,4,0
2026092806,mert_v0,ambient_balanced,0.25,ridge_platt,24,65,0.15043871362689704,0.4772720798843032,-0.010893716386636693,0.004283023486152088,0,4,0
2026092806,mert_v0,ambient_balanced,0.5,raw,47,119,0.16133243001353373,0.49218086252502385,0.0,0.015811175624210833,0,4,0
2026092806,mert_v0,ambient_balanced,0.5,prior_offset,47,119,0.14729359684462,0.4578521446009264,-0.014038833168913717,0.0017723424552971156,0,4,0
2026092806,mert_v0,ambient_balanced,0.5,temperature,47,119,0.15952553238478276,0.48427453639038426,-0.0018068976287509697,0.014004277995459863,0,4,0
2026092806,mert_v0,ambient_balanced,0.5,platt,47,119,0.1455212543893229,0.4501816738824868,-0.015811175624210833,0.0,0,4,0
2026092806,mert_v0,ambient_balanced,0.5,beta,47,119,0.1471369167339017,0.4540763897979268,-0.014195513279632033,0.0016156623445787999,0,4,1
2026092806,mert_v0,ambient_balanced,0.5,isotonic,47,119,0.15313332578086736,0.7687821020012376,-0.008199104232666371,0.0076120713915444616,0,4,0
2026092806,mert_v0,ambient_balanced,0.5,ridge_platt,47,119,0.1513619717758703,0.4670934241004775,-0.009970458237663432,0.0058407173865474005,0,4,0
2026092806,mert_v0,ambient_balanced,1.0,raw,94,240,0.16133243001353373,0.49218086252502385,0.0,0.015645222931493424,0,4,0
2026092806,mert_v0,ambient_balanced,1.0,prior_offset,94,240,0.14729359684462,0.4578521446009264,-0.014038833168913717,0.0016063897625797074,0,4,0
2026092806,mert_v0,ambient_balanced,1.0,temperature,94,240,0.15984693007332254,0.4859891745304315,-0.001485499940211188,0.014159722991282236,0,4,0
2026092806,mert_v0,ambient_balanced,1.0,platt,94,240,0.1456872070820403,0.45127885380741684,-0.015645222931493424,0.0,0,4,0
2026092806,mert_v0,ambient_balanced,1.0,beta,94,240,0.1461805051792853,0.45355800663740864,-0.015151924834248431,0.000493298097244993,0,4,1
2026092806,mert_v0,ambient_balanced,1.0,isotonic,94,240,0.14922759761506016,0.594577192941585,-0.01210483239847357,0.003540390533019855,0,4,0
2026092806,mert_v0,ambient_balanced,1.0,ridge_platt,94,240,0.14647789208385048,0.4540789889028736,-0.014854537929683248,0.0007906850018101763,0,4,0
2026092806,mert_v0,unweighted,0.25,raw,24,65,0.14754257592309517,0.4588845448405627,0.0,0.0011564506673200914,0,4,0
2026092806,mert_v0,unweighted,0.25,prior_offset,24,65,0.14754257592309517,0.4588845448405627,0.0,0.0011564506673200914,0,4,0
2026092806,mert_v0,unweighted,0.25,temperature,24,65,0.14721347258122786,0.4628581045172127,-0.0003291033418673095,0.0008273473254527819,0,4,0
2026092806,mert_v0,unweighted,0.25,platt,24,65,0.14638612525577507,0.4668698800357365,-0.0011564506673200914,0.0,0,4,0
2026092806,mert_v0,unweighted,0.25,beta,24,65,0.14947525779945336,0.48030309210577754,0.0019326818763581999,0.0030891325436782913,0,4,2
2026092806,mert_v0,unweighted,0.25,isotonic,24,65,0.15904964252295709,1.3663956372866435,0.01150706659986192,0.012663517267182012,0,4,0
2026092806,mert_v0,unweighted,0.25,ridge_platt,24,65,0.14599824087460367,0.4659169793230857,-0.0015443350484914964,-0.000387884381171405,0,4,0
2026092806,mert_v0,unweighted,0.5,raw,47,119,0.14754257592309517,0.4588845448405627,0.0,0.0017177658020662845,0,4,0
2026092806,mert_v0,unweighted,0.5,prior_offset,47,119,0.14754257592309517,0.4588845448405627,0.0,0.0017177658020662845,0,4,0
2026092806,mert_v0,unweighted,0.5,temperature,47,119,0.14596488674370212,0.45206002768675574,-0.0015776891793930492,0.00014007662267323528,0,4,0
2026092806,mert_v0,unweighted,0.5,platt,47,119,0.14582481012102888,0.45112686219616804,-0.0017177658020662845,0.0,0,4,0
2026092806,mert_v0,unweighted,0.5,beta,47,119,0.1475186215645442,0.45516720654490833,-2.3954358550959398e-05,0.001693811443515325,0,4,2
2026092806,mert_v0,unweighted,0.5,isotonic,47,119,0.15306377685894273,0.735022995868157,0.00552120093584757,0.0072389667379138545,0,4,0
2026092806,mert_v0,unweighted,0.5,ridge_platt,47,119,0.1462389481886503,0.4542249741853862,-0.0013036277344448677,0.0004141380676214168,0,4,0
2026092806,mert_v0,unweighted,1.0,raw,94,240,0.14754257592309517,0.4588845448405627,0.0,0.0015535473565357893,0,4,0
2026092806,mert_v0,unweighted,1.0,prior_offset,94,240,0.14754257592309517,0.4588845448405627,0.0,0.0015535473565357893,0,4,0
2026092806,mert_v0,unweighted,1.0,temperature,94,240,0.14625989111018423,0.4533106186901588,-0.0012826848129109392,0.0002708625436248502,0,4,0
2026092806,mert_v0,unweighted,1.0,platt,94,240,0.14598902856655938,0.4524907351574923,-0.0015535473565357893,0.0,0,4,0
2026092806,mert_v0,unweighted,1.0,beta,94,240,0.14658628967068174,0.45459112366652676,-0.0009562862524134241,0.0005972611041223652,0,4,2
2026092806,mert_v0,unweighted,1.0,isotonic,94,240,0.14914724357044784,0.5611197879101771,0.0016046676473526755,0.003158215003888465,0,4,0
2026092806,mert_v0,unweighted,1.0,ridge_platt,94,240,0.14672469825941387,0.4549056856970583,-0.000817877663681299,0.0007356696928544904,0,4,0
2026092806,mert_v1,ambient_balanced,0.25,raw,24,65,0.15896379194405869,0.4873524191002782,0.0,0.012167518949239675,0,4,0
2026092806,mert_v1,ambient_balanced,0.25,prior_offset,24,65,0.145750796985318,0.45399717891067715,-0.013212994958740676,-0.0010454760095010007,0,4,0
2026092806,mert_v1,ambient_balanced,0.25,temperature,24,65,0.16150101784379647,0.5093009279437765,0.0025372258997377883,0.014704744848977463,0,4,0
2026092806,mert_v1,ambient_balanced,0.25,platt,24,65,0.146796272994819,0.49597171979069327,-0.012167518949239675,0.0,0,4,0
2026092806,mert_v1,ambient_balanced,0.25,beta,24,65,0.1471117337388365,0.49415481494694585,-0.011852058205222199,0.00031546074401747615,0,4,1
2026092806,mert_v1,ambient_balanced,0.25,isotonic,24,65,0.153789336687004,1.5917370469268413,-0.005174455257054678,0.006993063692184998,0,4,0
2026092806,mert_v1,ambient_balanced,0.25,ridge_platt,24,65,0.1489697851679276,0.4829149035822623,-0.009994006776131076,0.0021735121731085993,0,4,0
2026092806,mert_v1,ambient_balanced,0.5,raw,47,119,0.15896379194405869,0.4873524191002782,0.0,0.015370093147572789,0,4,0
2026092806,mert_v1,ambient_balanced,0.5,prior_offset,47,119,0.145750796985318,0.45399717891067715,-0.013212994958740676,0.002157098188832113,0,4,0
2026092806,mert_v1,ambient_balanced,0.5,temperature,47,119,0.15759086271854533,0.4798499821978885,-0.001372929225513353,0.013997163922059436,0,4,0
2026092806,mert_v1,ambient_balanced,0.5,platt,47,119,0.1435936987964859,0.44592733900060755,-0.015370093147572789,0.0,0,4,0
2026092806,mert_v1,ambient_balanced,0.5,beta,47,119,0.14412091974841806,0.4466012333828181,-0.014842872195640622,0.0005272209519321669,0,4,1
2026092806,mert_v1,ambient_balanced,0.5,isotonic,47,119,0.14923812669971512,0.9307706306323715,-0.009725665244343568,0.005644427903229221,0,4,0
2026092806,mert_v1,ambient_balanced,0.5,ridge_platt,47,119,0.14855398250824037,0.4620259407002697,-0.010409809435818318,0.004960283711754471,0,4,0
2026092806,mert_v1,ambient_balanced,1.0,raw,94,240,0.15896379194405869,0.4873524191002782,0.0,0.014816619075093379,0,4,0
2026092806,mert_v1,ambient_balanced,1.0,prior_offset,94,240,0.145750796985318,0.45399717891067715,-0.013212994958740676,0.0016036241163527032,0,4,0
2026092806,mert_v1,ambient_balanced,1.0,temperature,94,240,0.15760698897679704,0.4802890037781372,-0.00135680296726165,0.013459816107831729,0,4,0
2026092806,mert_v1,ambient_balanced,1.0,platt,94,240,0.1441471728689653,0.44677577432182797,-0.014816619075093379,0.0,0,4,0
2026092806,mert_v1,ambient_balanced,1.0,beta,94,240,0.14396607038363524,0.44673222019074316,-0.01499772156042345,-0.00018110248533007023,0,4,1
2026092806,mert_v1,ambient_balanced,1.0,isotonic,94,240,0.14924216209824565,0.5633066833318005,-0.00972162984581304,0.005094989229280339,0,4,0
2026092806,mert_v1,ambient_balanced,1.0,ridge_platt,94,240,0.14452576920604257,0.4495533971127154,-0.014438022738016115,0.0003785963370772638,0,4,0
2026092806,mert_v1,unweighted,0.25,raw,24,65,0.14587236722350486,0.4549246716496688,0.0,-0.001120820276221679,0,4,0
2026092806,mert_v1,unweighted,0.25,prior_offset,24,65,0.14587236722350486,0.4549246716496688,0.0,-0.001120820276221679,0,4,0
2026092806,mert_v1,unweighted,0.25,temperature,24,65,0.14824966729692132,0.47734283841149305,0.002377300073416466,0.0012564797971947872,0,4,0
2026092806,mert_v1,unweighted,0.25,platt,24,65,0.14699318749972654,0.49663339395553197,0.001120820276221679,0.0,0,4,0
2026092806,mert_v1,unweighted,0.25,beta,24,65,0.1472938586268494,0.4948585893090951,0.0014214914033445492,0.00030067112712287014,0,4,1
2026092806,mert_v1,unweighted,0.25,isotonic,24,65,0.15406059936543262,1.5589389327548697,0.008188232141927765,0.007067411865706086,0,4,0
2026092806,mert_v1,unweighted,0.25,ridge_platt,24,65,0.14500586702002438,0.4718977517280198,-0.0008665002034804747,-0.0019873204797021538,0,4,0
2026092806,mert_v1,unweighted,0.5,raw,47,119,0.14587236722350486,0.4549246716496688,0.0,0.001999204648242159,0,4,0
2026092806,mert_v1,unweighted,0.5,prior_offset,47,119,0.14587236722350486,0.4549246716496688,0.0,0.001999204648242159,0,4,0
2026092806,mert_v1,unweighted,0.5,temperature,47,119,0.14468232458967395,0.4487822394878156,-0.0011900426338309067,0.0008091620144112521,0,4,0
2026092806,mert_v1,unweighted,0.5,platt,47,119,0.1438731625752627,0.4469248759328266,-0.001999204648242159,0.0,0,4,0
2026092806,mert_v1,unweighted,0.5,beta,47,119,0.14450624614992832,0.44767929862012434,-0.0013661210735765317,0.0006330835746656271,0,4,2
2026092806,mert_v1,unweighted,0.5,isotonic,47,119,0.14976031537183185,0.8978749179439776,0.0038879481483269918,0.005887152796569151,0,4,0
2026092806,mert_v1,unweighted,0.5,ridge_platt,47,119,0.14384273575207018,0.4496354773375941,-0.002029631471434673,-3.042682319251422e-05,0,4,0
2026092806,mert_v1,unweighted,1.0,raw,94,240,0.14587236722350486,0.4549246716496688,0.0,0.0015345247614964308,0,4,0
2026092806,mert_v1,unweighted,1.0,prior_offset,94,240,0.14587236722350486,0.4549246716496688,0.0,0.0015345247614964308,0,4,0
2026092806,mert_v1,unweighted,1.0,temperature,94,240,0.1448623557536744,0.4484852574903734,-0.0010100114698304574,0.0005245132916659734,0,4,0
2026092806,mert_v1,unweighted,1.0,platt,94,240,0.14433784246200843,0.4476855332061121,-0.0015345247614964308,0.0,0,4,0
2026092806,mert_v1,unweighted,1.0,beta,94,240,0.14436872516620544,0.44777176991958373,-0.0015036420572994147,3.088270419701611e-05,0,4,2
2026092806,mert_v1,unweighted,1.0,isotonic,94,240,0.14897625042743273,0.5614388161593435,0.0031038832039278763,0.004638407965424307,0,4,0
2026092806,mert_v1,unweighted,1.0,ridge_platt,94,240,0.1446559708300279,0.4504840156057056,-0.001216396393476954,0.00031812836801947686,0,4,0
2026092807,maest,ambient_balanced,0.25,raw,24,45,0.15233946365332104,0.4739996500140511,0.0,-0.009006216157514568,0,4,0
2026092807,maest,ambient_balanced,0.25,prior_offset,24,45,0.14713798908091638,0.4611419729691334,-0.005201474572404663,-0.014207690729919231,0,4,0
2026092807,maest,ambient_balanced,0.25,temperature,24,45,0.15591442346367845,0.5097894200425049,0.0035749598103574087,-0.0054312563471571595,0,4,0
2026092807,maest,ambient_balanced,0.25,platt,24,45,0.1613456798108356,0.5537214905472063,0.009006216157514568,0.0,0,4,0
2026092807,maest,ambient_balanced,0.25,beta,24,45,0.159639793500489,0.5548307246929668,0.007300329847167969,-0.0017058863103465993,0,4,3
2026092807,maest,ambient_balanced,0.25,isotonic,24,45,0.16560448736097877,2.350945908536069,0.013265023707657725,0.004258807550143157,0,4,0
2026092807,maest,ambient_balanced,0.25,ridge_platt,24,45,0.1544577334728042,0.49485096321897026,0.002118269819483154,-0.006887946338031414,0,4,0
2026092807,maest,ambient_balanced,0.5,raw,47,93,0.15233946365332104,0.4739996500140511,0.0,0.0024048869980360654,0,4,0
2026092807,maest,ambient_balanced,0.5,prior_offset,47,93,0.14713798908091638,0.4611419729691334,-0.005201474572404663,-0.0027965875743685975,0,4,0
2026092807,maest,ambient_balanced,0.5,temperature,47,93,0.15182805239621336,0.47166046717603693,-0.0005114112571076856,0.0018934757409283798,0,4,0
2026092807,maest,ambient_balanced,0.5,platt,47,93,0.14993457665528498,0.4719495536795454,-0.0024048869980360654,0.0,0,4,0
2026092807,maest,ambient_balanced,0.5,beta,47,93,0.15210720373079634,0.4914029081878205,-0.00023225992252470795,0.0021726270755113575,0,4,3
2026092807,maest,ambient_balanced,0.5,isotonic,47,93,0.15338032413943253,1.4648115934137234,0.001040860486111489,0.0034457474841475544,0,4,0
2026092807,maest,ambient_balanced,0.5,ridge_platt,47,93,0.14969492038499843,0.47089153669049943,-0.0026445432683226133,-0.0002396562702865479,0,4,0
2026092807,maest,ambient_balanced,1.0,raw,94,249,0.15233946365332104,0.4739996500140511,0.0,0.00814365032176384,0,4,0
2026092807,maest,ambient_balanced,1.0,prior_offset,94,249,0.14713798908091638,0.4611419729691334,-0.005201474572404663,0.002942175749359177,0,4,0
2026092807,maest,ambient_balanced,1.0,temperature,94,249,0.15118490572713592,0.4688659616033404,-0.001154557926185129,0.006989092395578711,0,4,0
2026092807,maest,ambient_balanced,1.0,platt,94,249,0.1441958133315572,0.45039741525674964,-0.00814365032176384,0.0,0,4,0
2026092807,maest,ambient_balanced,1.0,beta,94,249,0.14457456442963743,0.46080947297394004,-0.007764899223683619,0.0003787510980802211,0,4,1
2026092807,maest,ambient_balanced,1.0,isotonic,94,249,0.14798280174659548,1.099998289137984,-0.004356661906725567,0.0037869884150382727,0,4,0
2026092807,maest,ambient_balanced,1.0,ridge_platt,94,249,0.14377346252687342,0.4470612082368606,-0.00856600112644762,-0.00042235080468377983,0,4,0
2026092807,maest,unweighted,0.25,raw,24,45,0.14622046114657145,0.45676379106848264,0.0,-0.014930682963324754,0,4,0
2026092807,maest,unweighted,0.25,prior_offset,24,45,0.14622046114657145,0.45676379106848264,0.0,-0.014930682963324754,0,4,0
2026092807,maest,unweighted,0.25,temperature,24,45,0.1515827696786119,0.5013827112690422,0.0053623085320404495,-0.009568374431284304,0,4,0
2026092807,maest,unweighted,0.25,platt,24,45,0.1611511441098962,0.5530068289640644,0.014930682963324754,0.0,0,4,0
2026092807,maest,unweighted,0.25,beta,24,45,0.15949122187794823,0.5542237411841642,0.013270760731376785,-0.001659922231947969,0,4,3
2026092807,maest,unweighted,0.25,isotonic,24,45,0.16492008762004112,2.381350599926497,0.018699626473469677,0.003768943510144923,0,4,0
2026092807,maest,unweighted,0.25,ridge_platt,24,45,0.15435245842431636,0.4948423306337619,0.008131997277744912,-0.006798685685579842,0,4,0
2026092807,maest,unweighted,0.5,raw,47,93,0.14622046114657145,0.45676379106848264,0.0,-0.003519210526873623,0,4,0
2026092807,maest,unweighted,0.5,prior_offset,47,93,0.14622046114657145,0.45676379106848264,0.0,-0.003519210526873623,0,4,0
2026092807,maest,unweighted,0.5,temperature,47,93,0.14761812703737695,0.46441476231487844,0.001397665890805505,-0.002121544636068118,0,4,0
2026092807,maest,unweighted,0.5,platt,47,93,0.14973967167344507,0.4711027606592705,0.003519210526873623,0.0,0,4,0
2026092807,maest,unweighted,0.5,beta,47,93,0.15185646821452578,0.49027537337661,0.005636007067954335,0.002116796541080712,0,4,3
2026092807,maest,unweighted,0.5,isotonic,47,93,0.15282246610188832,1.4632308889964551,0.006602004955316876,0.003082794428443253,0,4,0
2026092807,maest,unweighted,0.5,ridge_platt,47,93,0.1495817639320574,0.4707483211802125,0.0033613027854859645,-0.0001579077413876584,0,4,0
2026092807,maest,unweighted,1.0,raw,94,249,0.14622046114657145,0.45676379106848264,0.0,0.0021753011913104026,0,4,0
2026092807,maest,unweighted,1.0,prior_offset,94,249,0.14622046114657145,0.45676379106848264,0.0,0.0021753011913104026,0,4,0
2026092807,maest,unweighted,1.0,temperature,94,249,0.14491499468058625,0.4511945883322729,-0.0013054664659852,0.0008698347253252026,0,4,0
2026092807,maest,unweighted,1.0,platt,94,249,0.14404515995526104,0.4497158650040296,-0.0021753011913104026,0.0,0,4,0
2026092807,maest,unweighted,1.0,beta,94,249,0.14448198564623144,0.46015113844857547,-0.0017384755003400088,0.0004368256909703938,0,4,2
2026092807,maest,unweighted,1.0,isotonic,94,249,0.1478755334909993,1.0990976749657682,0.0016550723444278548,0.0038303735357382573,0,4,0
2026092807,maest,unweighted,1.0,ridge_platt,94,249,0.14407585048850496,0.44791908605688324,-0.0021446106580664814,3.0690533243921125e-05,0,4,0
2026092807,mert_v0,ambient_balanced,0.25,raw,24,45,0.16479825088136343,0.5015137543230958,0.0,-0.01247631315749373,0,4,0
2026092807,mert_v0,ambient_balanced,0.25,prior_offset,24,45,0.15728155836526705,0.48562720455172026,-0.007516692516096379,-0.01999300567359011,0,4,0
2026092807,mert_v0,ambient_balanced,0.25,temperature,24,45,0.1744297777459858,0.5933388914888564,0.009631526864622375,-0.002844786292871354,0,4,0
2026092807,mert_v0,ambient_balanced,0.25,platt,24,45,0.17727456403885716,0.6221133664744298,0.01247631315749373,0.0,0,4,0
2026092807,mert_v0,ambient_balanced,0.25,beta,24,45,0.17334380397969806,0.654474788509988,0.00854555309833463,-0.0039307600591591,0,4,4
2026092807,mert_v0,ambient_balanced,0.25,isotonic,24,45,0.17689095696410537,2.8419002119202847,0.012092706082741933,-0.0003836070747517961,0,4,0
2026092807,mert_v0,ambient_balanced,0.25,ridge_platt,24,45,0.16572642987994335,0.517115948033987,0.0009281789985799149,-0.011548134158913814,0,4,0
2026092807,mert_v0,ambient_balanced,0.5,raw,47,93,0.16479825088136343,0.5015137543230958,0.0,-0.001194688525678722,0,4,0
2026092807,mert_v0,ambient_balanced,0.5,prior_offset,47,93,0.15728155836526705,0.48562720455172026,-0.007516692516096379,-0.008711381041775101,0,4,0
2026092807,mert_v0,ambient_balanced,0.5,temperature,47,93,0.16594702569814215,0.5054994596795767,0.0011487748167787193,-4.591370890000279e-05,0,4,0
2026092807,mert_v0,ambient_balanced,0.5,platt,47,93,0.16599293940704216,0.5132557452804248,0.001194688525678722,0.0,0,4,0
2026092807,mert_v0,ambient_balanced,0.5,beta,47,93,0.16368822352208665,0.5129096875292815,-0.0011100273592767884,-0.0023047158849555105,0,4,4
2026092807,mert_v0,ambient_balanced,0.5,isotonic,47,93,0.1655376174931816,1.2847959948472951,0.0007393666118181708,-0.0004553219138605513,0,4,0
2026092807,mert_v0,ambient_balanced,0.5,ridge_platt,47,93,0.1621470825522832,0.5025001749810746,-0.0026511683290802446,-0.0038458568547589667,0,4,0
2026092807,mert_v0,ambient_balanced,1.0,raw,94,249,0.16479825088136343,0.5015137543230958,0.0,0.006809035791735807,0,4,0
2026092807,mert_v0,ambient_balanced,1.0,prior_offset,94,249,0.15728155836526705,0.48562720455172026,-0.007516692516096379,-0.0007076567243605725,0,4,0
2026092807,mert_v0,ambient_balanced,1.0,temperature,94,249,0.1668944211782151,0.509132688547403,0.0020961702968516627,0.00890520608858747,0,4,0
2026092807,mert_v0,ambient_balanced,1.0,platt,94,249,0.15798921508962763,0.4917530066708918,-0.006809035791735807,0.0,0,4,0
2026092807,mert_v0,ambient_balanced,1.0,beta,94,249,0.15717617130580563,0.4913604954810065,-0.0076220795755578,-0.0008130437838219928,0,4,1
2026092807,mert_v0,ambient_balanced,1.0,isotonic,94,249,0.16095421727832712,0.8216741940232235,-0.003844033603036312,0.002965002188699495,0,4,0
2026092807,mert_v0,ambient_balanced,1.0,ridge_platt,94,249,0.1572728991260004,0.48491755616709614,-0.007525351755363036,-0.0007163159636272287,0,4,0
2026092807,mert_v0,unweighted,0.25,raw,24,45,0.15673593402893407,0.4832868909918918,0.0,-0.020545295739897967,0,4,0
2026092807,mert_v0,unweighted,0.25,prior_offset,24,45,0.15673593402893407,0.4832868909918918,0.0,-0.020545295739897967,0,4,0
2026092807,mert_v0,unweighted,0.25,temperature,24,45,0.16742319346543702,0.5816883250488234,0.01068725943650295,-0.009858036303395018,0,4,0
2026092807,mert_v0,unweighted,0.25,platt,24,45,0.17728122976883204,0.6222525325920659,0.020545295739897967,0.0,0,4,0
2026092807,mert_v0,unweighted,0.25,beta,24,45,0.17345804769318457,0.6549435837027401,0.0167221136642505,-0.003823182075647469,0,4,4
2026092807,mert_v0,unweighted,0.25,isotonic,24,45,0.17768600922303882,2.87577047459895,0.020950075194104745,0.0004047794542067773,0,4,0
2026092807,mert_v0,unweighted,0.25,ridge_platt,24,45,0.1633590308554483,0.5096614397759854,0.006623096826514241,-0.013922198913383727,0,4,0
2026092807,mert_v0,unweighted,0.5,raw,47,93,0.15673593402893407,0.4832868909918918,0.0,-0.009207110274238206,0,4,0
2026092807,mert_v0,unweighted,0.5,prior_offset,47,93,0.15673593402893407,0.4832868909918918,0.0,-0.009207110274238206,0,4,0
2026092807,mert_v0,unweighted,0.5,temperature,47,93,0.15984126755907954,0.5012318234300808,0.003105333530145471,-0.006101776744092735,0,4,0
2026092807,mert_v0,unweighted,0.5,platt,47,93,0.16594304430317228,0.5131918291712978,0.009207110274238206,0.0,0,4,0
2026092807,mert_v0,unweighted,0.5,beta,47,93,0.16361739525153815,0.5124659413441742,0.0068814612226040794,-0.0023256490516341266,0,4,4
2026092807,mert_v0,unweighted,0.5,isotonic,47,93,0.16575669345159028,1.3153840218038226,0.009020759422656205,-0.00018635085158200115,0,4,0
2026092807,mert_v0,unweighted,0.5,ridge_platt,47,93,0.16209625790673438,0.5030946419778732,0.005360323877800305,-0.003846786396437901,0,4,0
2026092807,mert_v0,unweighted,1.0,raw,94,249,0.15673593402893407,0.4832868909918918,0.0,-0.0011105943891649706,0,4,0
2026092807,mert_v0,unweighted,1.0,prior_offset,94,249,0.15673593402893407,0.4832868909918918,0.0,-0.0011105943891649706,0,4,0
2026092807,mert_v0,unweighted,1.0,temperature,94,249,0.1587851171782852,0.49136297228504855,0.0020491831493511248,0.0009385887601861542,0,4,0
2026092807,mert_v0,unweighted,1.0,platt,94,249,0.15784652841809904,0.4915591691504531,0.0011105943891649706,0.0,0,4,0
2026092807,mert_v0,unweighted,1.0,beta,94,249,0.15703242927158317,0.4910122994533147,0.000296495242649103,-0.0008140991465158676,0,4,1
2026092807,mert_v0,unweighted,1.0,isotonic,94,249,0.15885107353808692,0.8155391163503147,0.002115139509152847,0.0010045451199878763,0,4,0
2026092807,mert_v0,unweighted,1.0,ridge_platt,94,249,0.15719502676680208,0.48501114252050853,0.00045909273786801097,-0.0006515016512969596,0,4,0
2026092807,mert_v1,ambient_balanced,0.25,raw,24,45,0.16641340735760976,0.5052919392191318,0.0,-0.01064434023949104,0,4,0
2026092807,mert_v1,ambient_balanced,0.25,prior_offset,24,45,0.15961478622843733,0.490591618559554,-0.0067986211291724274,-0.017442961368663468,0,4,0
2026092807,mert_v1,ambient_balanced,0.25,temperature,24,45,0.17442928198162802,0.5594191506930368,0.00801587462401826,-0.0026284656154727803,0,4,0
2026092807,mert_v1,ambient_balanced,0.25,platt,24,45,0.1770577475971008,0.5763290134062993,0.01064434023949104,0.0,0,4,0
2026092807,mert_v1,ambient_balanced,0.25,beta,24,45,0.17425389000457772,0.5583219093266214,0.007840482646967961,-0.002803857592523079,0,4,2
2026092807,mert_v1,ambient_balanced,0.25,isotonic,24,45,0.1769769587842969,1.867627978557913,0.010563551426687134,-8.078881280390582e-05,0,4,0
2026092807,mert_v1,ambient_balanced,0.25,ridge_platt,24,45,0.16526040365301284,0.5105133494696898,-0.0011530037045969221,-0.011797343944087962,0,4,0
2026092807,mert_v1,ambient_balanced,0.5,raw,47,93,0.16641340735760976,0.5052919392191318,0.0,-0.0008712958008238458,0,4,0
2026092807,mert_v1,ambient_balanced,0.5,prior_offset,47,93,0.15961478622843733,0.490591618559554,-0.0067986211291724274,-0.007669916929996273,0,4,0
2026092807,mert_v1,ambient_balanced,0.5,temperature,47,93,0.1682506475673112,0.5111613786411898,0.0018372402097014406,0.0009659444088775948,0,4,0
2026092807,mert_v1,ambient_balanced,0.5,platt,47,93,0.1672847031584336,0.5166086648156172,0.0008712958008238458,0.0,0,4,0
2026092807,mert_v1,ambient_balanced,0.5,beta,47,93,0.16594510252410333,0.5139091751609882,-0.00046830483350643326,-0.001339600634330279,0,4,3
2026092807,mert_v1,ambient_balanced,0.5,isotonic,47,93,0.16919465865393865,1.3206713388016469,0.0027812512963288905,0.0019099554955050446,0,4,0
2026092807,mert_v1,ambient_balanced,0.5,ridge_platt,47,93,0.16409817293990406,0.5065840263476187,-0.0023152344177057027,-0.0031865302185295485,0,4,0
2026092807,mert_v1,ambient_balanced,1.0,raw,94,249,0.16641340735760976,0.5052919392191318,0.0,0.005729068656180197,0,4,0
2026092807,mert_v1,ambient_balanced,1.0,prior_offset,94,249,0.15961478622843733,0.490591618559554,-0.0067986211291724274,-0.00106955247299223,0,4,0
2026092807,mert_v1,ambient_balanced,1.0,temperature,94,249,0.168988640009344,0.5142062534565717,0.0025752326517342328,0.00830430130791443,0,4,0
2026092807,mert_v1,ambient_balanced,1.0,platt,94,249,0.16068433870142956,0.49678191559289214,-0.005729068656180197,0.0,0,4,0
2026092807,mert_v1,ambient_balanced,1.0,beta,94,249,0.1599464385839286,0.49415910648054195,-0.006466968773681164,-0.000737900117500967,0,4,1
2026092807,mert_v1,ambient_balanced,1.0,isotonic,94,249,0.165378730986059,0.7974685403724873,-0.0010346763715507468,0.004694392284629451,0,4,0
2026092807,mert_v1,ambient_balanced,1.0,ridge_platt,94,249,0.15932613720998157,0.48871054994367963,-0.007087270147628194,-0.0013582014914479967,0,4,0
2026092807,mert_v1,unweighted,0.25,raw,24,45,0.15886962641359884,0.48778440952554386,0.0,-0.01817830196296663,0,4,0
2026092807,mert_v1,unweighted,0.25,prior_offset,24,45,0.15886962641359884,0.48778440952554386,0.0,-0.01817830196296663,0,4,0
2026092807,mert_v1,unweighted,0.25,temperature,24,45,0.16802455871145966,0.5486143340600764,0.009154932297860824,-0.009023369665105807,0,4,0
2026092807,mert_v1,unweighted,0.25,platt,24,45,0.17704792837656547,0.5763020033279441,0.01817830196296663,0.0,0,4,0
2026092807,mert_v1,unweighted,0.25,beta,24,45,0.17444257013117914,0.5592451225815209,0.015572943717580306,-0.0026053582453863244,0,4,2
2026092807,mert_v1,unweighted,0.25,isotonic,24,45,0.17687523576320738,1.8064041681070124,0.018005609349608542,-0.0001726926133580886,0,4,0
2026092807,mert_v1,unweighted,0.25,ridge_platt,24,45,0.16525058443247748,0.5104863393913346,0.006380958018878641,-0.01179734394408799,0,4,0
2026092807,mert_v1,unweighted,0.5,raw,47,93,0.15886962641359884,0.48778440952554386,0.0,-0.008398584486510097,0,4,0
2026092807,mert_v1,unweighted,0.5,prior_offset,47,93,0.15886962641359884,0.48778440952554386,0.0,-0.008398584486510097,0,4,0
2026092807,mert_v1,unweighted,0.5,temperature,47,93,0.16268924592034092,0.5062621753863507,0.003819619506742089,-0.004578964979768008,0,4,0
2026092807,mert_v1,unweighted,0.5,platt,47,93,0.16726821090010893,0.5164919410137269,0.008398584486510097,0.0,0,4,0
2026092807,mert_v1,unweighted,0.5,beta,47,93,0.1660282158786131,0.5138968505142936,0.00715858946501427,-0.0012399950214958266,0,4,3
2026092807,mert_v1,unweighted,0.5,isotonic,47,93,0.16973279282478157,1.2616130540493848,0.010863166411182734,0.0024645819246726375,0,4,0
2026092807,mert_v1,unweighted,0.5,ridge_platt,47,93,0.16402032790604834,0.5066631406712316,0.005150701492449505,-0.0032478829940605913,0,4,0
2026092807,mert_v1,unweighted,1.0,raw,94,249,0.15886962641359884,0.48778440952554386,0.0,-0.0015870835569878061,0,4,0
2026092807,mert_v1,unweighted,1.0,prior_offset,94,249,0.15886962641359884,0.48778440952554386,0.0,-0.0015870835569878061,0,4,0
2026092807,mert_v1,unweighted,1.0,temperature,94,249,0.16146209552375113,0.49688844026503504,0.00259246911015229,0.001005385553164484,0,4,0
2026092807,mert_v1,unweighted,1.0,platt,94,249,0.16045670997058664,0.49641749286940284,0.0015870835569878061,0.0,0,4,0
2026092807,mert_v1,unweighted,1.0,beta,94,249,0.15989350627911642,0.49417026075296305,0.0010238798655175796,-0.0005632036914702265,0,4,1
2026092807,mert_v1,unweighted,1.0,isotonic,94,249,0.1649575652451949,0.7968966460649832,0.006087938831596057,0.004500855274608251,0,4,0
2026092807,mert_v1,unweighted,1.0,ridge_platt,94,249,0.1592822273349607,0.4891776043269775,0.0004126009213618609,-0.0011744826356259452,0,4,0
2026092808,maest,ambient_balanced,0.25,raw,24,53,0.1577617197600129,0.48982818596201455,0.0,0.0005458443695405546,0,4,0
2026092808,maest,ambient_balanced,0.25,prior_offset,24,53,0.14930965166924096,0.4709200854558397,-0.008452068090771953,-0.007906223721231398,0,4,0
2026092808,maest,ambient_balanced,0.25,temperature,24,53,0.16569377260358972,0.5618884316497686,0.007932052843576815,0.008477897213117369,0,4,0
2026092808,maest,ambient_balanced,0.25,platt,24,53,0.15721587539047235,0.5591374780506647,-0.0005458443695405546,0.0,0,4,0
2026092808,maest,ambient_balanced,0.25,beta,24,53,0.16074922415348036,0.5718809356230788,0.002987504393467455,0.0035333487630080096,0,4,2
2026092808,maest,ambient_balanced,0.25,isotonic,24,53,0.16923343948876512,2.4950123485620517,0.011471719728752217,0.012017564098292771,0,4,0
2026092808,maest,ambient_balanced,0.25,ridge_platt,24,53,0.15460730605300443,0.5174714534918979,-0.0031544137070084743,-0.0026085693374679197,0,4,0
2026092808,maest,ambient_balanced,0.5,raw,47,120,0.1577617197600129,0.48982818596201455,0.0,0.008527230107757022,0,4,0
2026092808,maest,ambient_balanced,0.5,prior_offset,47,120,0.14930965166924096,0.4709200854558397,-0.008452068090771953,7.516201698506975e-05,0,4,0
2026092808,maest,ambient_balanced,0.5,temperature,47,120,0.15714928384796992,0.48647941997144567,-0.0006124359120429912,0.007914794195714031,0,4,0
2026092808,maest,ambient_balanced,0.5,platt,47,120,0.1492344896522559,0.4661899501356014,-0.008527230107757022,0.0,0,4,0
2026092808,maest,ambient_balanced,0.5,beta,47,120,0.14851138120689636,0.46839145704846785,-0.00925033855311655,-0.0007231084453595271,0,4,2
2026092808,maest,ambient_balanced,0.5,isotonic,47,120,0.15510062557617899,1.213525960853465,-0.002661094183833923,0.005866135923923099,0,4,0
2026092808,maest,ambient_balanced,0.5,ridge_platt,47,120,0.14937852196558776,0.46687259229621186,-0.008383197794425146,0.0001440323133318766,0,4,0
2026092808,maest,ambient_balanced,1.0,raw,94,231,0.1577617197600129,0.48982818596201455,0.0,0.00811341743632632,0,4,0
2026092808,maest,ambient_balanced,1.0,prior_offset,94,231,0.14930965166924096,0.4709200854558397,-0.008452068090771953,-0.00033865065444563247,0,4,0
2026092808,maest,ambient_balanced,1.0,temperature,94,231,0.1578298568574436,0.4910342331999362,6.813709743069829e-05,0.008181554533757018,0,4,0
2026092808,maest,ambient_balanced,1.0,platt,94,231,0.1496483023236866,0.4699608563155444,-0.00811341743632632,0.0,0,4,0
2026092808,maest,ambient_balanced,1.0,beta,94,231,0.1487069491446373,0.46733398899868905,-0.009054770615375601,-0.0009413531790492813,0,4,0
2026092808,maest,ambient_balanced,1.0,isotonic,94,231,0.15455387263470202,0.9202305887207332,-0.0032078471253108864,0.004905570311015434,0,4,0
2026092808,maest,ambient_balanced,1.0,ridge_platt,94,231,0.14907419168524258,0.4664845822041735,-0.008687528074770329,-0.0005741106384440087,0,4,0
2026092808,maest,unweighted,0.25,raw,24,53,0.1486282310047211,0.466010943487274,0.0,-0.008258243745490168,0,4,0
2026092808,maest,unweighted,0.25,prior_offset,24,53,0.1486282310047211,0.466010943487274,0.0,-0.008258243745490168,0,4,0
2026092808,maest,unweighted,0.25,temperature,24,53,0.15677942429386124,0.539263906006919,0.00815119328914013,-0.00010705045635003851,0,4,0
2026092808,maest,unweighted,0.25,platt,24,53,0.15688647475021128,0.558087113098547,0.008258243745490168,0.0,0,4,0
2026092808,maest,unweighted,0.25,beta,24,53,0.1607324768766616,0.5699967364467368,0.012104245871940478,0.0038460021264503097,0,4,2
2026092808,maest,unweighted,0.25,isotonic,24,53,0.16870243734529752,2.462907971329552,0.02007420634057641,0.011815962595086243,0,4,0
2026092808,maest,unweighted,0.25,ridge_platt,24,53,0.15518928133686458,0.5191590912327742,0.006561050332143464,-0.0016971934133467037,0,4,0
2026092808,maest,unweighted,0.5,raw,47,120,0.1486282310047211,0.466010943487274,0.0,-0.0003622811643947399,0,4,0
2026092808,maest,unweighted,0.5,prior_offset,47,120,0.1486282310047211,0.466010943487274,0.0,-0.0003622811643947399,0,4,0
2026092808,maest,unweighted,0.5,temperature,47,120,0.14810213067361358,0.4632277270255253,-0.0005261003311075318,-0.0008883814955022717,0,4,0
2026092808,maest,unweighted,0.5,platt,47,120,0.14899051216911585,0.4653529077497847,0.0003622811643947399,0.0,0,4,0
2026092808,maest,unweighted,0.5,beta,47,120,0.14866359419082453,0.4656737687380985,3.536318610342093e-05,-0.00032691797829131897,0,4,2
2026092808,maest,unweighted,0.5,isotonic,47,120,0.1548725321797858,1.214228953356544,0.006244301175064693,0.005882020010669953,0,4,0
2026092808,maest,unweighted,0.5,ridge_platt,47,120,0.1486282310047211,0.466010943487274,0.0,-0.0003622811643947399,0,4,0
2026092808,maest,unweighted,1.0,raw,94,231,0.1486282310047211,0.466010943487274,0.0,-0.0006860971506742752,0,4,0
2026092808,maest,unweighted,1.0,prior_offset,94,231,0.1486282310047211,0.466010943487274,0.0,-0.0006860971506742752,0,4,0
2026092808,maest,unweighted,1.0,temperature,94,231,0.14875294288051613,0.46755958006826126,0.0001247118757950194,-0.0005613852748792558,0,4,0
2026092808,maest,unweighted,1.0,platt,94,231,0.1493143281553954,0.468759802904442,0.0006860971506742752,0.0,0,4,0
2026092808,maest,unweighted,1.0,beta,94,231,0.14831524754015427,0.4657118655413313,-0.0003129834645668461,-0.0009990806152411214,0,4,0
2026092808,maest,unweighted,1.0,isotonic,94,231,0.15313404794029786,0.8533354223427415,0.004505816935576751,0.0038197197849024755,0,4,0
2026092808,maest,unweighted,1.0,ridge_platt,94,231,0.1486282310047211,0.466010943487274,0.0,-0.0006860971506742752,0,4,0
2026092808,mert_v0,ambient_balanced,0.25,raw,24,53,0.17127790398020662,0.5242949720196433,0.0,0.00349825546758456,0,4,0
2026092808,mert_v0,ambient_balanced,0.25,prior_offset,24,53,0.15929369951766387,0.495189509462236,-0.011984204462542752,-0.008485948994958192,0,4,0
2026092808,mert_v0,ambient_balanced,0.25,temperature,24,53,0.17563999162402572,0.5537143934309491,0.004362087643819096,0.007860343111403656,0,4,0
2026092808,mert_v0,ambient_balanced,0.25,platt,24,53,0.16777964851262206,0.5677100565061499,-0.00349825546758456,0.0,0,4,0
2026092808,mert_v0,ambient_balanced,0.25,beta,24,53,0.1673963390929426,0.5708738790384196,-0.0038815648872640163,-0.0003833094196794562,0,4,2
2026092808,mert_v0,ambient_balanced,0.25,isotonic,24,53,0.17790545750865439,2.2125840201264877,0.006627553528447766,0.010125808996032326,0,4,0
2026092808,mert_v0,ambient_balanced,0.25,ridge_platt,24,53,0.16496782500501586,0.538390838661978,-0.006310078975190758,-0.002811823507606198,0,4,0
2026092808,mert_v0,ambient_balanced,0.5,raw,47,120,0.17127790398020662,0.5242949720196433,0.0,0.007935433805262904,0,4,0
2026092808,mert_v0,ambient_balanced,0.5,prior_offset,47,120,0.15929369951766387,0.495189509462236,-0.011984204462542752,-0.004048770657279849,0,4,0
2026092808,mert_v0,ambient_balanced,0.5,temperature,47,120,0.1727232413188598,0.531128995841267,0.0014453373386531798,0.009380771143916083,0,4,0
2026092808,mert_v0,ambient_balanced,0.5,platt,47,120,0.16334247017494372,0.5098146617366212,-0.007935433805262904,0.0,0,4,0
2026092808,mert_v0,ambient_balanced,0.5,beta,47,120,0.16200484134147758,0.5086739247844042,-0.00927306263872904,-0.0013376288334661368,0,4,3
2026092808,mert_v0,ambient_balanced,0.5,isotonic,47,120,0.16733722001579387,1.1273084613040496,-0.0039406839644127445,0.003994749840850159,0,4,0
2026092808,mert_v0,ambient_balanced,0.5,ridge_platt,47,120,0.16430564287318478,0.5062149349362226,-0.006972261107021843,0.0009631726982410604,0,4,0
2026092808,mert_v0,ambient_balanced,1.0,raw,94,231,0.17127790398020662,0.5242949720196433,0.0,0.011070412859762208,0,4,0
2026092808,mert_v0,ambient_balanced,1.0,prior_offset,94,231,0.15929369951766387,0.495189509462236,-0.011984204462542752,-0.0009137916027805448,0,4,0
2026092808,mert_v0,ambient_balanced,1.0,temperature,94,231,0.17214644974416327,0.5310560725408444,0.0008685457639566463,0.011938958623718854,0,4,0
2026092808,mert_v0,ambient_balanced,1.0,platt,94,231,0.1602074911204444,0.5038416477352731,-0.011070412859762208,0.0,0,4,0
2026092808,mert_v0,ambient_balanced,1.0,beta,94,231,0.15831745135340988,0.4963477956432402,-0.012960452626796737,-0.0018900397670345293,0,4,0
2026092808,mert_v0,ambient_balanced,1.0,isotonic,94,231,0.16170116639176657,0.8690368612809958,-0.009576737588440049,0.001493675271322159,0,4,0
2026092808,mert_v0,ambient_balanced,1.0,ridge_platt,94,231,0.16027173139512524,0.5023274644578355,-0.01100617258508138,6.424027468082683e-05,0,4,0
2026092808,mert_v0,unweighted,0.25,raw,24,53,0.158988165340716,0.49424514393006996,0.0,-0.008697799359019043,0,4,0
2026092808,mert_v0,unweighted,0.25,prior_offset,24,53,0.158988165340716,0.49424514393006996,0.0,-0.008697799359019043,0,4,0
2026092808,mert_v0,unweighted,0.25,temperature,24,53,0.16412368610011932,0.5267751918229038,0.0051355207594033225,-0.0035622785996157202,0,4,0
2026092808,mert_v0,unweighted,0.25,platt,24,53,0.16768596469973504,0.5677537604172729,0.008697799359019043,0.0,0,4,0
2026092808,mert_v0,unweighted,0.25,beta,24,53,0.16744126570511592,0.5695054642937586,0.008453100364399918,-0.0002446989946191247,0,4,2
2026092808,mert_v0,unweighted,0.25,isotonic,24,53,0.17698319111068586,2.208530518723597,0.017995025769969863,0.00929722641095082,0,4,0
2026092808,mert_v0,unweighted,0.25,ridge_platt,24,53,0.16485365907571717,0.538249088005279,0.0058654937350011704,-0.0028323056240178723,0,4,0
2026092808,mert_v0,unweighted,0.5,raw,47,120,0.158988165340716,0.49424514393006996,0.0,-0.004373817402659658,0,4,0
2026092808,mert_v0,unweighted,0.5,prior_offset,47,120,0.158988165340716,0.49424514393006996,0.0,-0.004373817402659658,0,4,0
2026092808,mert_v0,unweighted,0.5,temperature,47,120,0.1595812891689049,0.49735941375331083,0.0005931238281889073,-0.0037806935744707504,0,4,0
2026092808,mert_v0,unweighted,0.5,platt,47,120,0.16336198274337566,0.5105462802305134,0.004373817402659658,0.0,0,4,0
2026092808,mert_v0,unweighted,0.5,beta,47,120,0.1624835444980983,0.5076347532120588,0.0034953791573822945,-0.0008784382452773631,0,4,3
2026092808,mert_v0,unweighted,0.5,isotonic,47,120,0.16741437663208472,1.126650768296771,0.008426211291368724,0.004052393888709066,0,4,0
2026092808,mert_v0,unweighted,0.5,ridge_platt,47,120,0.158988165340716,0.49424514393006996,0.0,-0.004373817402659658,0,4,0
2026092808,mert_v0,unweighted,1.0,raw,94,231,0.158988165340716,0.49424514393006996,0.0,-0.0014017781043616506,0,4,0
2026092808,mert_v0,unweighted,1.0,prior_offset,94,231,0.158988165340716,0.49424514393006996,0.0,-0.0014017781043616506,0,4,0
2026092808,mert_v0,unweighted,1.0,temperature,94,231,0.15932590576652056,0.4986740174115578,0.0003377404258045613,-0.0010640376785570893,0,4,0
2026092808,mert_v0,unweighted,1.0,platt,94,231,0.16038994344507765,0.504777164181527,0.0014017781043616506,0.0,0,4,0
2026092808,mert_v0,unweighted,1.0,beta,94,231,0.15913321551056728,0.497893312257536,0.0001450501698512796,-0.001256727934510371,0,4,1
2026092808,mert_v0,unweighted,1.0,isotonic,94,231,0.1631155509443032,0.9041204921426125,0.004127385603587191,0.002725607499225541,0,4,0
2026092808,mert_v0,unweighted,1.0,ridge_platt,94,231,0.1585065846117932,0.4989290866138328,-0.00048158072892279247,-0.001883358833284443,0,4,0
2026092808,mert_v1,ambient_balanced,0.25,raw,24,53,0.16900320294303134,0.5170621618140456,0.0,0.0005093858700749854,0,4,0
2026092808,mert_v1,ambient_balanced,0.25,prior_offset,24,53,0.1573124816029678,0.4880706694763595,-0.011690721340063548,-0.011181335469988563,0,4,0
2026092808,mert_v1,ambient_balanced,0.25,temperature,24,53,0.1743120160509766,0.554717359672254,0.005308813107945259,0.005818198978020245,0,4,0
2026092808,mert_v1,ambient_balanced,0.25,platt,24,53,0.16849381707295635,0.5789352386249342,-0.0005093858700749854,0.0,0,4,0
2026092808,mert_v1,ambient_balanced,0.25,beta,24,53,0.16716853415412242,0.5748362277536586,-0.001834668788908922,-0.0013252829188339366,0,4,1
2026092808,mert_v1,ambient_balanced,0.25,isotonic,24,53,0.17189861736865708,1.9376768257826182,0.002895414425625742,0.0034048002957007273,0,4,0
2026092808,mert_v1,ambient_balanced,0.25,ridge_platt,24,53,0.16457281676868724,0.5423020105733748,-0.004430386174344103,-0.003921000304269118,0,4,0
2026092808,mert_v1,ambient_balanced,0.5,raw,47,120,0.16900320294303134,0.5170621618140456,0.0,0.008190829614100309,0,4,0
2026092808,mert_v1,ambient_balanced,0.5,prior_offset,47,120,0.1573124816029678,0.4880706694763595,-0.011690721340063548,-0.003499891725963239,0,4,0
2026092808,mert_v1,ambient_balanced,0.5,temperature,47,120,0.16986640793895258,0.5220535513797724,0.0008632049959212407,0.00905403461002155,0,4,0
2026092808,mert_v1,ambient_balanced,0.5,platt,47,120,0.16081237332893103,0.502192931497284,-0.008190829614100309,0.0,0,4,0
2026092808,mert_v1,ambient_balanced,0.5,beta,47,120,0.15938002655250444,0.4986720241533547,-0.0096231763905269,-0.0014323467764265907,0,4,2
2026092808,mert_v1,ambient_balanced,0.5,isotonic,47,120,0.16536996726600184,1.1159010195282144,-0.0036332356770295005,0.0045575939370708085,0,4,0
2026092808,mert_v1,ambient_balanced,0.5,ridge_platt,47,120,0.16148501408651844,0.4980421596095,-0.007518188856512897,0.0006726407575874116,0,4,0
2026092808,mert_v1,ambient_balanced,1.0,raw,94,231,0.16900320294303134,0.5170621618140456,0.0,0.009684704476023182,0,4,0
2026092808,mert_v1,ambient_balanced,1.0,prior_offset,94,231,0.1573124816029678,0.4880706694763595,-0.011690721340063548,-0.0020060168640403664,0,4,0
2026092808,mert_v1,ambient_balanced,1.0,temperature,94,231,0.16931528875967572,0.5211742982186394,0.00031208581664438073,0.009996790292667562,0,4,0
2026092808,mert_v1,ambient_balanced,1.0,platt,94,231,0.15931849846700816,0.4980484716698711,-0.009684704476023182,0.0,0,4,0
2026092808,mert_v1,ambient_balanced,1.0,beta,94,231,0.15820629834149585,0.49287654051321816,-0.010796904601535484,-0.0011122001255123026,0,4,0
2026092808,mert_v1,ambient_balanced,1.0,isotonic,94,231,0.16255921963911932,0.9324668332773577,-0.006443983303912021,0.0032407211721111606,0,4,0
2026092808,mert_v1,ambient_balanced,1.0,ridge_platt,94,231,0.1592075936612633,0.49461513906043125,-0.009795609281768036,-0.00011090480574485473,0,4,0
2026092808,mert_v1,unweighted,0.25,raw,24,53,0.15684000169192164,0.4867639286231629,0.0,-0.011664807274261418,0,4,0
2026092808,mert_v1,unweighted,0.25,prior_offset,24,53,0.15684000169192164,0.4867639286231629,0.0,-0.011664807274261418,0,4,0
2026092808,mert_v1,unweighted,0.25,temperature,24,53,0.16318548803232102,0.528149330154573,0.006345486340399387,-0.005319320933862032,0,4,0
2026092808,mert_v1,unweighted,0.25,platt,24,53,0.16850480896618306,0.5791487824900976,0.011664807274261418,0.0,0,4,0
2026092808,mert_v1,unweighted,0.25,beta,24,53,0.16740048428746923,0.5730479351310869,0.010560482595547593,-0.001104324678713825,0,4,1
2026092808,mert_v1,unweighted,0.25,isotonic,24,53,0.17070510742024858,1.9048197263227515,0.013865105728326943,0.0022002984540655246,0,4,0
2026092808,mert_v1,unweighted,0.25,ridge_platt,24,53,0.16386942727928777,0.5405672517150395,0.007029425587366134,-0.004635381686895285,0,4,0
2026092808,mert_v1,unweighted,0.5,raw,47,120,0.15684000169192164,0.4867639286231629,0.0,-0.004012309329209096,0,4,0
2026092808,mert_v1,unweighted,0.5,prior_offset,47,120,0.15684000169192164,0.4867639286231629,0.0,-0.004012309329209096,0,4,0
2026092808,mert_v1,unweighted,0.5,temperature,47,120,0.15751569622800074,0.4903295287645556,0.0006756945360791022,-0.003336614793129994,0,4,0
2026092808,mert_v1,unweighted,0.5,platt,47,120,0.16085231102113073,0.5025220907529829,0.004012309329209096,0.0,0,4,0
2026092808,mert_v1,unweighted,0.5,beta,47,120,0.1597810347169741,0.49770482381300996,0.0029410330250524697,-0.0010712763041566264,0,4,2
2026092808,mert_v1,unweighted,0.5,isotonic,47,120,0.16630526247554359,1.118955234167385,0.009465260783621948,0.005452951454412852,0,4,0
2026092808,mert_v1,unweighted,0.5,ridge_platt,47,120,0.15684000169192164,0.4867639286231629,0.0,-0.004012309329209096,0,4,0
2026092808,mert_v1,unweighted,1.0,raw,94,231,0.15684000169192164,0.4867639286231629,0.0,-0.0025245636839794916,0,4,0
2026092808,mert_v1,unweighted,1.0,prior_offset,94,231,0.15684000169192164,0.4867639286231629,0.0,-0.0025245636839794916,0,4,0
2026092808,mert_v1,unweighted,1.0,temperature,94,231,0.15712370309904766,0.4898091408101074,0.00028370140712602465,-0.002240862276853467,0,4,0
2026092808,mert_v1,unweighted,1.0,platt,94,231,0.15936456537590113,0.49827125907120573,0.0025245636839794916,0.0,0,4,0
2026092808,mert_v1,unweighted,1.0,beta,94,231,0.15850987567497438,0.49291880317674497,0.0016698739830527387,-0.0008546897009267529,0,4,1
2026092808,mert_v1,unweighted,1.0,isotonic,94,231,0.1632691583509269,0.9650513662304843,0.0064291566590052585,0.003904592975025767,0,4,0
2026092808,mert_v1,unweighted,1.0,ridge_platt,94,231,0.15788054581102473,0.4918499476177436,0.0010405441191030929,-0.0014840195648763987,0,4,0
2026092809,maest,ambient_balanced,0.25,raw,24,59,0.11973691190601769,0.3874322232751393,0.0,-0.0008162130216382846,0,4,0
2026092809,maest,ambient_balanced,0.25,prior_offset,24,59,0.11048371630904573,0.3625698853711836,-0.009253195596971964,-0.010069408618610248,0,4,0
2026092809,maest,ambient_balanced,0.25,temperature,24,59,0.12243033938762013,0.39852329749959514,0.0026934274816024367,0.0018772144599641521,0,4,0
2026092809,maest,ambient_balanced,0.25,platt,24,59,0.12055312492765598,0.38814415725514967,0.0008162130216382846,0.0,0,4,0
2026092809,maest,ambient_balanced,0.25,beta,24,59,0.11996353561633863,0.3947312942257726,0.0002266237103209362,-0.0005895893113173484,0,4,3
2026092809,maest,ambient_balanced,0.25,isotonic,24,59,0.1366279086158629,1.138070859807251,0.016890996709845216,0.01607478368820693,0,4,0
2026092809,maest,ambient_balanced,0.25,ridge_platt,24,59,0.11037610961495511,0.361543120446881,-0.009360802291062578,-0.010177015312700863,0,4,0
2026092809,maest,ambient_balanced,0.5,raw,47,117,0.11973691190601769,0.3874322232751393,0.0,0.0021994320893425068,0,4,0
2026092809,maest,ambient_balanced,0.5,prior_offset,47,117,0.11048371630904573,0.3625698853711836,-0.009253195596971964,-0.007053763507629457,0,4,0
2026092809,maest,ambient_balanced,0.5,temperature,47,117,0.12126233713410821,0.3943646462787966,0.0015254252280905156,0.0037248573174330224,0,4,0
2026092809,maest,ambient_balanced,0.5,platt,47,117,0.11753747981667519,0.38253585702954634,-0.0021994320893425068,0.0,0,4,0
2026092809,maest,ambient_balanced,0.5,beta,47,117,0.11599711549334214,0.38242457191827683,-0.00373979641267555,-0.0015403643233330433,0,4,2
2026092809,maest,ambient_balanced,0.5,isotonic,47,117,0.11992817528611345,0.8806489776278941,0.0001912633800957575,0.0023906954694382643,0,4,0
2026092809,maest,ambient_balanced,0.5,ridge_platt,47,117,0.1107450361016859,0.3622437249593484,-0.008991875804331792,-0.006792443714989285,0,4,0
2026092809,maest,ambient_balanced,1.0,raw,94,231,0.11973691190601769,0.3874322232751393,0.0,0.007182897214989076,0,4,0
2026092809,maest,ambient_balanced,1.0,prior_offset,94,231,0.11048371630904573,0.3625698853711836,-0.009253195596971964,-0.002070298381982888,0,4,0
2026092809,maest,ambient_balanced,1.0,temperature,94,231,0.12059722282865058,0.39103225150457044,0.0008603109226328898,0.008043208137621966,0,4,0
2026092809,maest,ambient_balanced,1.0,platt,94,231,0.11255401469102862,0.36925190115657697,-0.007182897214989076,0.0,0,4,0
2026092809,maest,ambient_balanced,1.0,beta,94,231,0.11178810582740199,0.36928832580618043,-0.0079488060786157,-0.0007659088636266242,0,4,1
2026092809,maest,ambient_balanced,1.0,isotonic,94,231,0.11295885354768417,0.617023101874162,-0.006778058358333519,0.00040483885665555663,0,4,0
2026092809,maest,ambient_balanced,1.0,ridge_platt,94,231,0.11230040880298854,0.36912172060713466,-0.007436503103029152,-0.000253605888040076,0,4,0
2026092809,maest,unweighted,0.25,raw,24,59,0.1096672953056513,0.3603403847094508,0.0,-0.010233175248442195,0,4,0
2026092809,maest,unweighted,0.25,prior_offset,24,59,0.1096672953056513,0.3603403847094508,0.0,-0.010233175248442195,0,4,0
2026092809,maest,unweighted,0.25,temperature,24,59,0.1122658711268911,0.36999191553925126,0.002598575821239804,-0.00763459942720239,0,4,0
2026092809,maest,unweighted,0.25,platt,24,59,0.11990047055409349,0.38648088372518513,0.010233175248442195,0.0,0,4,0
2026092809,maest,unweighted,0.25,beta,24,59,0.11957841725488985,0.3914427838984622,0.009911121949238558,-0.0003220532992036368,0,4,3
2026092809,maest,unweighted,0.25,isotonic,24,59,0.13536300313511102,1.135143175395742,0.02569570782945972,0.015462532581017527,0,4,0
2026092809,maest,unweighted,0.25,ridge_platt,24,59,0.10961351144851589,0.3598302324175154,-5.378385713540601e-05,-0.0102869591055776,0,4,0
2026092809,maest,unweighted,0.5,raw,47,117,0.1096672953056513,0.3603403847094508,0.0,-0.007297470398153649,0,4,0
2026092809,maest,unweighted,0.5,prior_offset,47,117,0.1096672953056513,0.3603403847094508,0.0,-0.007297470398153649,0,4,0
2026092809,maest,unweighted,0.5,temperature,47,117,0.11119687775900701,0.3675176084964456,0.0015295824533557156,-0.005767887944797934,0,4,0
2026092809,maest,unweighted,0.5,platt,47,117,0.11696476570380494,0.38112955281529587,0.007297470398153649,0.0,0,4,0
2026092809,maest,unweighted,0.5,beta,47,117,0.11543832923785119,0.38056421341528124,0.0057710339321998955,-0.0015264364659537538,0,4,2
2026092809,maest,unweighted,0.5,isotonic,47,117,0.11917968071189428,0.8782960416503425,0.009512385406242982,0.0022149150080893326,0,4,0
2026092809,maest,unweighted,0.5,ridge_platt,47,117,0.11018393782976835,0.3608504087348535,0.000516642524117053,-0.006780827874036596,0,4,0
2026092809,maest,unweighted,1.0,raw,94,231,0.1096672953056513,0.3603403847094508,0.0,-0.0022486605102464696,0,4,0
2026092809,maest,unweighted,1.0,prior_offset,94,231,0.1096672953056513,0.3603403847094508,0.0,-0.0022486605102464696,0,4,0
2026092809,maest,unweighted,1.0,temperature,94,231,0.11054660155143313,0.36413305283369996,0.0008793062457818357,-0.001369354264464634,0,4,0
2026092809,maest,unweighted,1.0,platt,94,231,0.11191595581589776,0.3676657070106024,0.0022486605102464696,0.0,0,4,0
2026092809,maest,unweighted,1.0,beta,94,231,0.111254854265784,0.36703255762275866,0.0015875589601327122,-0.0006611015501137574,0,4,1
2026092809,maest,unweighted,1.0,isotonic,94,231,0.11321339337177155,0.6173665751584787,0.0035460980661202596,0.00129743755587379,0,4,0
2026092809,maest,unweighted,1.0,ridge_platt,94,231,0.11179151382776227,0.36787628037758074,0.0021242185221109766,-0.000124441988135493,0,4,0
2026092809,mert_v0,ambient_balanced,0.25,raw,24,59,0.1405743602262434,0.4407907257844385,0.0,0.005516697540918186,0,4,0
2026092809,mert_v0,ambient_balanced,0.25,prior_offset,24,59,0.1256838693887702,0.4035797394586888,-0.014890490837473208,-0.009373793296555022,0,4,0
2026092809,mert_v0,ambient_balanced,0.25,temperature,24,59,0.14489689020276572,0.4579622237179366,0.004322529976522327,0.009839227517440513,0,4,0
2026092809,mert_v0,ambient_balanced,0.25,platt,24,59,0.1350576626853252,0.43065769924511466,-0.005516697540918186,0.0,0,4,0
2026092809,mert_v0,ambient_balanced,0.25,beta,24,59,0.1349201837326443,0.4314572422273753,-0.005654176493599089,-0.00013747895268090282,0,4,3
2026092809,mert_v0,ambient_balanced,0.25,isotonic,24,59,0.14475950177945332,1.2837733035218593,0.004185141553209926,0.009701839094128112,0,4,0
2026092809,mert_v0,ambient_balanced,0.25,ridge_platt,24,59,0.12619557127586495,0.40331630133764884,-0.014378788950378446,-0.00886209140946026,0,4,0
2026092809,mert_v0,ambient_balanced,0.5,raw,47,117,0.1405743602262434,0.4407907257844385,0.0,0.012054880642165644,0,4,0
2026092809,mert_v0,ambient_balanced,0.5,prior_offset,47,117,0.1256838693887702,0.4035797394586888,-0.014890490837473208,-0.002835610195307564,0,4,0
2026092809,mert_v0,ambient_balanced,0.5,temperature,47,117,0.1407098803313705,0.44149689084340993,0.00013552010512710155,0.012190400747292746,0,4,0
2026092809,mert_v0,ambient_balanced,0.5,platt,47,117,0.12851947958407775,0.41065482602401804,-0.012054880642165644,0.0,0,4,0
2026092809,mert_v0,ambient_balanced,0.5,beta,47,117,0.12743429702171366,0.4084658540634053,-0.013140063204529734,-0.0010851825623640898,0,4,2
2026092809,mert_v0,ambient_balanced,0.5,isotonic,47,117,0.12996493735400502,0.84800635452261,-0.010609422872238372,0.001445457769927272,0,4,0
2026092809,mert_v0,ambient_balanced,0.5,ridge_platt,47,117,0.1263403369951407,0.4062116194318385,-0.014234023231102705,-0.002179142588937061,0,4,0
2026092809,mert_v0,ambient_balanced,1.0,raw,94,231,0.1405743602262434,0.4407907257844385,0.0,0.01663407606028916,0,4,0
2026092809,mert_v0,ambient_balanced,1.0,prior_offset,94,231,0.1256838693887702,0.4035797394586888,-0.014890490837473208,0.001743585222815952,0,4,0
2026092809,mert_v0,ambient_balanced,1.0,temperature,94,231,0.13864430686142462,0.43357723007491594,-0.0019300533648187734,0.014704022695470387,0,4,0
2026092809,mert_v0,ambient_balanced,1.0,platt,94,231,0.12394028416595423,0.39836474957104145,-0.01663407606028916,0.0,0,4,0
2026092809,mert_v0,ambient_balanced,1.0,beta,94,231,0.1217929091157526,0.3910689160851202,-0.018781451110490788,-0.0021473750502016276,0,4,2
2026092809,mert_v0,ambient_balanced,1.0,isotonic,94,231,0.1261200316723747,0.7142834849314077,-0.01445432855386869,0.0021797475064204708,0,4,0
2026092809,mert_v0,ambient_balanced,1.0,ridge_platt,94,231,0.12311412590274183,0.3958810405341004,-0.017460234323501564,-0.0008261582632124037,0,4,0
2026092809,mert_v0,unweighted,0.25,raw,24,59,0.12553800572208726,0.403919500791097,0.0,-0.00972714250013304,0,4,0
2026092809,mert_v0,unweighted,0.25,prior_offset,24,59,0.12553800572208726,0.403919500791097,0.0,-0.00972714250013304,0,4,0
2026092809,mert_v0,unweighted,0.25,temperature,24,59,0.12867501274375817,0.4172589923045948,0.0031370070216709123,-0.006590135478462128,0,4,0
2026092809,mert_v0,unweighted,0.25,platt,24,59,0.1352651482222203,0.43144533884458014,0.00972714250013304,0.0,0,4,0
2026092809,mert_v0,unweighted,0.25,beta,24,59,0.13515885475705786,0.43258270327395726,0.009620849034970597,-0.00010629346516244365,0,4,3
2026092809,mert_v0,unweighted,0.25,isotonic,24,59,0.1459338014256234,1.3188957499235596,0.02039579570353614,0.0106686532034031,0,4,0
2026092809,mert_v0,unweighted,0.25,ridge_platt,24,59,0.12640305681276004,0.4041039409371144,0.0008650510906727804,-0.00886209140946026,0,4,0
2026092809,mert_v0,unweighted,0.5,raw,47,117,0.12553800572208726,0.403919500791097,0.0,-0.0028229901891604903,0,4,0
2026092809,mert_v0,unweighted,0.5,prior_offset,47,117,0.12553800572208726,0.403919500791097,0.0,-0.0028229901891604903,0,4,0
2026092809,mert_v0,unweighted,0.5,temperature,47,117,0.1251991312025169,0.4030693054078307,-0.000338874519570348,-0.0031618647087308382,0,4,0
2026092809,mert_v0,unweighted,0.5,platt,47,117,0.12836099591124775,0.4103980348285494,0.0028229901891604903,0.0,0,4,0
2026092809,mert_v0,unweighted,0.5,beta,47,117,0.12733213564228857,0.40868862212290274,0.0017941299202013095,-0.0010288602689591808,0,4,2
2026092809,mert_v0,unweighted,0.5,isotonic,47,117,0.1296974043908329,0.8157746359665325,0.004159398668745651,0.0013364084795851605,0,4,0
2026092809,mert_v0,unweighted,0.5,ridge_platt,47,117,0.12539810024863726,0.40401434879586823,-0.00013990547344999715,-0.0029628956626104874,0,4,0
2026092809,mert_v0,unweighted,1.0,raw,94,231,0.12553800572208726,0.403919500791097,0.0,0.001865730915284275,0,4,0
2026092809,mert_v0,unweighted,1.0,prior_offset,94,231,0.12553800572208726,0.403919500791097,0.0,0.001865730915284275,0,4,0
2026092809,mert_v0,unweighted,1.0,temperature,94,231,0.12342837261987652,0.3958510986475096,-0.0021096331022107395,-0.0002439021869264646,0,4,0
2026092809,mert_v0,unweighted,1.0,platt,94,231,0.12367227480680298,0.39779087800675006,-0.001865730915284275,0.0,0,4,0
2026092809,mert_v0,unweighted,1.0,beta,94,231,0.12156057710442085,0.39079254073877034,-0.003977428617666409,-0.0021116977023821343,0,4,2
2026092809,mert_v0,unweighted,1.0,isotonic,94,231,0.12483658200719287,0.7111788899740176,-0.0007014237148943864,0.0011643072003898886,0,4,0
2026092809,mert_v0,unweighted,1.0,ridge_platt,94,231,0.12293391736360136,0.3958321031231826,-0.002604088358485898,-0.0007383574432016232,0,4,0
2026092809,mert_v1,ambient_balanced,0.25,raw,24,59,0.13925989836481698,0.4355131750495851,0.0,0.004731759859889301,0,4,0
2026092809,mert_v1,ambient_balanced,0.25,prior_offset,24,59,0.12361187777124769,0.39621529310071774,-0.01564802059356929,-0.010916260733679989,0,4,0
2026092809,mert_v1,ambient_balanced,0.25,temperature,24,59,0.14723878085537748,0.46221583121569054,0.007978882490560502,0.012710642350449802,0,4,0
2026092809,mert_v1,ambient_balanced,0.25,platt,24,59,0.13452813850492767,0.42783835292649963,-0.004731759859889301,0.0,0,4,0
2026092809,mert_v1,ambient_balanced,0.25,beta,24,59,0.13537112474379584,0.4314048831558952,-0.0038887736210211354,0.0008429862388681653,0,4,4
2026092809,mert_v1,ambient_balanced,0.25,isotonic,24,59,0.14047862656398322,0.832769628150252,0.0012187281991662413,0.005950488059055542,0,4,0
2026092809,mert_v1,ambient_balanced,0.25,ridge_platt,24,59,0.1284776620747213,0.4093713677493487,-0.01078223629009567,-0.00605047643020637,0,4,0
2026092809,mert_v1,ambient_balanced,0.5,raw,47,117,0.13925989836481698,0.4355131750495851,0.0,0.008462060687902673,0,4,0
2026092809,mert_v1,ambient_balanced,0.5,prior_offset,47,117,0.12361187777124769,0.39621529310071774,-0.01564802059356929,-0.007185959905666617,0,4,0
2026092809,mert_v1,ambient_balanced,0.5,temperature,47,117,0.14223988996442838,0.44385037369490155,0.0029799915996114035,0.011442052287514076,0,4,0
2026092809,mert_v1,ambient_balanced,0.5,platt,47,117,0.1307978376769143,0.41769588189031903,-0.008462060687902673,0.0,0,4,0
2026092809,mert_v1,ambient_balanced,0.5,beta,47,117,0.13154890582290865,0.418436479726894,-0.007710992541908324,0.0007510681459943491,0,4,3
2026092809,mert_v1,ambient_balanced,0.5,isotonic,47,117,0.1340173879295248,0.7578321738919723,-0.005242510435292169,0.0032195502526105035,0,4,0
2026092809,mert_v1,ambient_balanced,0.5,ridge_platt,47,117,0.12890153392246798,0.4111979974421521,-0.010358364442349,-0.0018963037544463268,0,4,0
2026092809,mert_v1,ambient_balanced,1.0,raw,94,231,0.13925989836481698,0.4355131750495851,0.0,0.01353603807304335,0,4,0
2026092809,mert_v1,ambient_balanced,1.0,prior_offset,94,231,0.12361187777124769,0.39621529310071774,-0.01564802059356929,-0.00211198252052594,0,4,0
2026092809,mert_v1,ambient_balanced,1.0,temperature,94,231,0.13960624983766814,0.4344319508404905,0.00034635147285116963,0.013882389545894519,0,4,0
2026092809,mert_v1,ambient_balanced,1.0,platt,94,231,0.12572386029177363,0.3997162333399997,-0.01353603807304335,0.0,0,4,0
2026092809,mert_v1,ambient_balanced,1.0,beta,94,231,0.1246566208133789,0.3967877497198138,-0.014603277551438074,-0.0010672394783947242,0,4,2
2026092809,mert_v1,ambient_balanced,1.0,isotonic,94,231,0.1278606483057085,0.5878666993400923,-0.011399250059108468,0.0021367880139348816,0,4,0
2026092809,mert_v1,ambient_balanced,1.0,ridge_platt,94,231,0.12577561011072697,0.40134396269790035,-0.01348428825409001,5.174981895333941e-05,0,4,0
2026092809,mert_v1,unweighted,0.25,raw,24,59,0.12376648729096548,0.39732906148392777,0.0,-0.010982976544362588,0,4,0
2026092809,mert_v1,unweighted,0.25,prior_offset,24,59,0.12376648729096548,0.39732906148392777,0.0,-0.010982976544362588,0,4,0
2026092809,mert_v1,unweighted,0.25,temperature,24,59,0.12872198724484943,0.41316401779108974,0.004955499953883946,-0.006027476590478642,0,4,0
2026092809,mert_v1,unweighted,0.25,platt,24,59,0.13474946383532807,0.42874334182910173,0.010982976544362588,0.0,0,4,0
2026092809,mert_v1,unweighted,0.25,beta,24,59,0.13562243893539747,0.43230557720325724,0.011855951644431983,0.0008729751000693953,0,4,4
2026092809,mert_v1,unweighted,0.25,isotonic,24,59,0.14096015635693565,0.8649690829022151,0.01719366906597017,0.00621069252160758,0,4,0
2026092809,mert_v1,unweighted,0.25,ridge_platt,24,59,0.12854455472674498,0.4103750765734647,0.004778067435779493,-0.006204909108583095,0,4,0
2026092809,mert_v1,unweighted,0.5,raw,47,117,0.12376648729096548,0.39732906148392777,0.0,-0.0071651209087934264,0,4,0
2026092809,mert_v1,unweighted,0.5,prior_offset,47,117,0.12376648729096548,0.39732906148392777,0.0,-0.0071651209087934264,0,4,0
2026092809,mert_v1,unweighted,0.5,temperature,47,117,0.1253712766592387,0.4013100278406645,0.0016047893682732128,-0.005560331540520214,0,4,0
2026092809,mert_v1,unweighted,0.5,platt,47,117,0.1309316081997589,0.41826859218290213,0.0071651209087934264,0.0,0,4,0
2026092809,mert_v1,unweighted,0.5,beta,47,117,0.13153874078260758,0.41888906521056946,0.007772253491642095,0.0006071325828486684,0,4,3
2026092809,mert_v1,unweighted,0.5,isotonic,47,117,0.1341975788157507,0.6314082014657519,0.010431091524785219,0.0032659706159917923,0,4,0
2026092809,mert_v1,unweighted,0.5,ridge_platt,47,117,0.12873650242904933,0.41135889632941475,0.004970015138083844,-0.0021951057707095822,0,4,0
2026092809,mert_v1,unweighted,1.0,raw,94,231,0.12376648729096548,0.39732906148392777,0.0,-0.0019997464053810587,0,4,0
2026092809,mert_v1,unweighted,1.0,prior_offset,94,231,0.12376648729096548,0.39732906148392777,0.0,-0.0019997464053810587,0,4,0
2026092809,mert_v1,unweighted,1.0,temperature,94,231,0.12332182631261596,0.39356617671147626,-0.0004446609783495259,-0.0024444073837305846,0,4,0
2026092809,mert_v1,unweighted,1.0,platt,94,231,0.12576623369634654,0.39996748340340005,0.0019997464053810587,0.0,0,4,0
2026092809,mert_v1,unweighted,1.0,beta,94,231,0.12470366030437141,0.3970637998554681,0.0009371730134059286,-0.0010625733919751301,0,4,2
2026092809,mert_v1,unweighted,1.0,isotonic,94,231,0.1275256591159748,0.5554741812999126,0.0037591718250093165,0.0017594254196282577,0,4,0
2026092809,mert_v1,unweighted,1.0,ridge_platt,94,231,0.12572372672506701,0.4020277133316862,0.001957239434101532,-4.250697127952674e-05,0,4,0
2026092810,maest,ambient_balanced,0.25,raw,24,68,0.15779665233543383,0.47986003293384055,0.0,-0.0037584870039047424,0,4,0
2026092810,maest,ambient_balanced,0.25,prior_offset,24,68,0.14781097550240607,0.4520582887776671,-0.009985676833027757,-0.0137441638369325,0,4,0
2026092810,maest,ambient_balanced,0.25,temperature,24,68,0.16036972892679674,0.494483352470291,0.0025730765913629106,-0.0011854104125418319,0,4,0
2026092810,maest,ambient_balanced,0.25,platt,24,68,0.16155513933933857,0.5034136214512687,0.0037584870039047424,0.0,0,4,0
2026092810,maest,ambient_balanced,0.25,beta,24,68,0.1635483682637471,0.5293387030268134,0.005751715928313278,0.0019932289244085355,0,4,1
2026092810,maest,ambient_balanced,0.25,isotonic,24,68,0.17142103873190215,1.5241896913463768,0.013624386396468319,0.009865899392563576,0,4,0
2026092810,maest,ambient_balanced,0.25,ridge_platt,24,68,0.15371335805592268,0.47592890999577636,-0.0040832942795111515,-0.007841781283415894,0,4,0
2026092810,maest,ambient_balanced,0.5,raw,47,129,0.15779665233543383,0.47986003293384055,0.0,0.0018770042411803411,0,4,0
2026092810,maest,ambient_balanced,0.5,prior_offset,47,129,0.14781097550240607,0.4520582887776671,-0.009985676833027757,-0.008108672591847416,0,4,0
2026092810,maest,ambient_balanced,0.5,temperature,47,129,0.15875968070480714,0.4851286322369601,0.0009630283693733144,0.0028400326105536555,0,4,0
2026092810,maest,ambient_balanced,0.5,platt,47,129,0.1559196480942535,0.4775541274512689,-0.0018770042411803411,0.0,0,4,0
2026092810,maest,ambient_balanced,0.5,beta,47,129,0.15843783612890008,0.5014789528581476,0.0006411837934662545,0.0025181880346465957,0,4,3
2026092810,maest,ambient_balanced,0.5,isotonic,47,129,0.16548781334562912,1.5960800721534525,0.007691161010195291,0.009568165251375632,0,4,0
2026092810,maest,ambient_balanced,0.5,ridge_platt,47,129,0.14800799245595153,0.4566322866944973,-0.009788659879482298,-0.007911655638301957,0,4,0
2026092810,maest,ambient_balanced,1.0,raw,94,247,0.15779665233543383,0.47986003293384055,0.0,0.009411561777133648,0,4,0
2026092810,maest,ambient_balanced,1.0,prior_offset,94,247,0.14781097550240607,0.4520582887776671,-0.009985676833027757,-0.0005741150558941088,0,4,0
2026092810,maest,ambient_balanced,1.0,temperature,94,247,0.15740308628165872,0.4784251031954521,-0.00039356605377510734,0.00901799572335854,0,4,0
2026092810,maest,ambient_balanced,1.0,platt,94,247,0.14838509055830018,0.45379900211908164,-0.009411561777133648,0.0,0,4,0
2026092810,maest,ambient_balanced,1.0,beta,94,247,0.14836070613078,0.4549559655882061,-0.009435946204653822,-2.4384427520174334e-05,0,4,0
2026092810,maest,ambient_balanced,1.0,isotonic,94,247,0.1544006703868843,0.5704117377183963,-0.003395981948549537,0.006015579828584111,0,4,0
2026092810,maest,ambient_balanced,1.0,ridge_platt,94,247,0.147611218672223,0.452862773501847,-0.010185433663210841,-0.0007738718860771931,0,4,0
2026092810,maest,unweighted,0.25,raw,24,68,0.14778931222594177,0.4528394677721708,0.0,-0.013522734120279822,0,4,0
2026092810,maest,unweighted,0.25,prior_offset,24,68,0.14778931222594177,0.4528394677721708,0.0,-0.013522734120279822,0,4,0
2026092810,maest,unweighted,0.25,temperature,24,68,0.15044039254689465,0.46885832043948866,0.0026510803209528755,-0.010871653799326947,0,4,0
2026092810,maest,unweighted,0.25,platt,24,68,0.1613120463462216,0.502859831131405,0.013522734120279822,0.0,0,4,0
2026092810,maest,unweighted,0.25,beta,24,68,0.1629291308517901,0.528276605650156,0.015139818625848317,0.0016170845055684946,0,4,1
2026092810,maest,unweighted,0.25,isotonic,24,68,0.17595179245679707,1.7385351538760867,0.028162480230855297,0.014639746110575474,0,4,0
2026092810,maest,unweighted,0.25,ridge_platt,24,68,0.15370345200013785,0.47395485743683774,0.005914139774196081,-0.007608594346083741,0,4,0
2026092810,maest,unweighted,0.5,raw,47,129,0.14778931222594177,0.4528394677721708,0.0,-0.008191455430018202,0,4,0
2026092810,maest,unweighted,0.5,prior_offset,47,129,0.14778931222594177,0.4528394677721708,0.0,-0.008191455430018202,0,4,0
2026092810,maest,unweighted,0.5,temperature,47,129,0.14863581247411065,0.45840896800768,0.0008465002481688744,-0.0073449551818493275,0,4,0
2026092810,maest,unweighted,0.5,platt,47,129,0.15598076765595997,0.4778983960742267,0.008191455430018202,0.0,0,4,0
2026092810,maest,unweighted,0.5,beta,47,129,0.15851183492228124,0.5022225232147712,0.01072252269633947,0.0025310672663212685,0,4,3
2026092810,maest,unweighted,0.5,isotonic,47,129,0.1652088270853902,1.5954228666952301,0.017419514859448426,0.009228059429430224,0,4,0
2026092810,maest,unweighted,0.5,ridge_platt,47,129,0.14820912935667394,0.4557370736818297,0.0004198171307321641,-0.007771638299286038,0,4,0
2026092810,maest,unweighted,1.0,raw,94,247,0.14778931222594177,0.4528394677721708,0.0,-0.0008531292010344194,0,4,0
2026092810,maest,unweighted,1.0,prior_offset,94,247,0.14778931222594177,0.4528394677721708,0.0,-0.0008531292010344194,0,4,0
2026092810,maest,unweighted,1.0,temperature,94,247,0.14739175886397002,0.4519695095897153,-0.00039755336197175306,-0.0012506825630061724,0,4,0
2026092810,maest,unweighted,1.0,platt,94,247,0.1486424414269762,0.4544974036968676,0.0008531292010344194,0.0,0,4,0
2026092810,maest,unweighted,1.0,beta,94,247,0.14860589123208492,0.4557126222428679,0.0008165790061431533,-3.65501948912661e-05,0,4,0
2026092810,maest,unweighted,1.0,isotonic,94,247,0.15398621079956842,0.5692655468680168,0.006196898573626652,0.005343769372592233,0,4,0
2026092810,maest,unweighted,1.0,ridge_platt,94,247,0.14780112906815568,0.45319288796070706,1.1816842213907552e-05,-0.0008413123588205118,0,4,0
2026092810,mert_v0,ambient_balanced,0.25,raw,24,68,0.16577851642060823,0.5019798098520084,0.0,0.000410037982593231,0,4,0
2026092810,mert_v0,ambient_balanced,0.25,prior_offset,24,68,0.15275066742423007,0.46808064436669977,-0.013027848996378155,-0.012617811013784924,0,4,0
2026092810,mert_v0,ambient_balanced,0.25,temperature,24,68,0.16665051644790696,0.5051155354028178,0.0008720000272987305,0.0012820380098919615,0,4,0
2026092810,mert_v0,ambient_balanced,0.25,platt,24,68,0.165368478438015,0.5043663335253641,-0.000410037982593231,0.0,0,4,0
2026092810,mert_v0,ambient_balanced,0.25,beta,24,68,0.165984690529764,0.5056481474987292,0.00020617410915577117,0.0006162120917490022,0,4,1
2026092810,mert_v0,ambient_balanced,0.25,isotonic,24,68,0.17474663672212903,1.2148293250915523,0.008968120301520804,0.009378158284114035,0,4,0
2026092810,mert_v0,ambient_balanced,0.25,ridge_platt,24,68,0.16256131409996244,0.49638981892409517,-0.00321720232064579,-0.002807164338052559,0,4,0
2026092810,mert_v0,ambient_balanced,0.5,raw,47,129,0.16577851642060823,0.5019798098520084,0.0,0.002124409276977629,0,4,0
2026092810,mert_v0,ambient_balanced,0.5,prior_offset,47,129,0.15275066742423007,0.46808064436669977,-0.013027848996378155,-0.010903439719400526,0,4,0
2026092810,mert_v0,ambient_balanced,0.5,temperature,47,129,0.16519607282976315,0.5025083076154246,-0.0005824435908450831,0.001541965686132546,0,4,0
2026092810,mert_v0,ambient_balanced,0.5,platt,47,129,0.1636541071436306,0.5007457079318656,-0.002124409276977629,0.0,0,4,0
2026092810,mert_v0,ambient_balanced,0.5,beta,47,129,0.1643343111929238,0.5026525137616711,-0.0014442052276844308,0.0006802040492931982,0,4,1
2026092810,mert_v0,ambient_balanced,0.5,isotonic,47,129,0.17392502700433216,0.9516950507289583,0.008146510583723926,0.010270919860701555,0,4,0
2026092810,mert_v0,ambient_balanced,0.5,ridge_platt,47,129,0.15982546735548198,0.4918058596611958,-0.0059530490651262535,-0.0038286397881486245,0,4,0
2026092810,mert_v0,ambient_balanced,1.0,raw,94,247,0.16577851642060823,0.5019798098520084,0.0,0.009008470511905203,0,4,0
2026092810,mert_v0,ambient_balanced,1.0,prior_offset,94,247,0.15275066742423007,0.46808064436669977,-0.013027848996378155,-0.004019378484472952,0,4,0
2026092810,mert_v0,ambient_balanced,1.0,temperature,94,247,0.16530634213343462,0.5008883000142258,-0.0004721742871736101,0.008536296224731593,0,4,0
2026092810,mert_v0,ambient_balanced,1.0,platt,94,247,0.15677004590870303,0.47870722863826076,-0.009008470511905203,0.0,0,4,0
2026092810,mert_v0,ambient_balanced,1.0,beta,94,247,0.1569699871218025,0.478064040346756,-0.00880852929880574,0.00019994121309946378,0,4,1
2026092810,mert_v0,ambient_balanced,1.0,isotonic,94,247,0.16318926868560915,0.823522746412778,-0.0025892477349990783,0.006419222776906125,0,4,0
2026092810,mert_v0,ambient_balanced,1.0,ridge_platt,94,247,0.15671741601206648,0.47839396458683237,-0.009061100408541745,-5.2629896636541273e-05,0,4,0
2026092810,mert_v0,unweighted,0.25,raw,24,68,0.15296825163079442,0.46955895807851616,0.0,-0.012867446458315002,0,4,0
2026092810,mert_v0,unweighted,0.25,prior_offset,24,68,0.15296825163079442,0.46955895807851616,0.0,-0.012867446458315002,0,4,0
2026092810,mert_v0,unweighted,0.25,temperature,24,68,0.15444452867296599,0.47453139993115667,0.0014762770421715699,-0.011391169416143432,0,4,0
2026092810,mert_v0,unweighted,0.25,platt,24,68,0.16583569808910942,0.5059754748591402,0.012867446458315002,0.0,0,4,0
2026092810,mert_v0,unweighted,0.25,beta,24,68,0.16650622157695788,0.5079168125014772,0.013537969946163464,0.0006705234878484623,0,4,1
2026092810,mert_v0,unweighted,0.25,isotonic,24,68,0.17527531654172812,1.2174677697114105,0.022307064910933705,0.009439618452618703,0,4,0
2026092810,mert_v0,unweighted,0.25,ridge_platt,24,68,0.1600731551603475,0.48892295514393724,0.007104903529553092,-0.00576254292876191,0,4,0
2026092810,mert_v0,unweighted,0.5,raw,47,129,0.15296825163079442,0.46955895807851616,0.0,-0.010951304648623927,0,4,0
2026092810,mert_v0,unweighted,0.5,prior_offset,47,129,0.15296825163079442,0.46955895807851616,0.0,-0.010951304648623927,0,4,0
2026092810,mert_v0,unweighted,0.5,temperature,47,129,0.153088095380955,0.4720997134920716,0.00011984375016058091,-0.010831460898463346,0,4,0
2026092810,mert_v0,unweighted,0.5,platt,47,129,0.16391955627941834,0.5018844598736262,0.010951304648623927,0.0,0,4,0
2026092810,mert_v0,unweighted,0.5,beta,47,129,0.16450639060448835,0.5042412306935923,0.011538138973693934,0.000586834325070007,0,4,1
2026092810,mert_v0,unweighted,0.5,isotonic,47,129,0.17401488569200638,0.9546579699998781,0.02104663406121196,0.010095329412588033,0,4,0
2026092810,mert_v0,unweighted,0.5,ridge_platt,47,129,0.1572080544368279,0.4844616236336058,0.004239802806033477,-0.0067115018425904505,0,4,0
2026092810,mert_v0,unweighted,1.0,raw,94,247,0.15296825163079442,0.46955895807851616,0.0,-0.0040799392772645215,0,4,0
2026092810,mert_v0,unweighted,1.0,prior_offset,94,247,0.15296825163079442,0.46955895807851616,0.0,-0.0040799392772645215,0,4,0
2026092810,mert_v0,unweighted,1.0,temperature,94,247,0.15315048942694054,0.47030781448125364,0.000182237796146123,-0.0038977014811183985,0,4,0
2026092810,mert_v0,unweighted,1.0,platt,94,247,0.15704819090805894,0.47984037152991343,0.0040799392772645215,0.0,0,4,0
2026092810,mert_v0,unweighted,1.0,beta,94,247,0.15707900134782074,0.4794048728119237,0.004110749717026324,3.081043976180253e-05,0,4,1
2026092810,mert_v0,unweighted,1.0,isotonic,94,247,0.1629664828244295,0.8233346898032875,0.009998231193635077,0.005918291916370555,0,4,0
2026092810,mert_v0,unweighted,1.0,ridge_platt,94,247,0.15716510473397674,0.48035476009233924,0.004196853103182324,0.00011691382591780264,0,4,0
2026092810,mert_v1,ambient_balanced,0.25,raw,24,68,0.16527803053097506,0.5021194589789888,0.0,-0.00024046195931329284,0,4,0
2026092810,mert_v1,ambient_balanced,0.25,prior_offset,24,68,0.15122857458351746,0.46765812530363826,-0.0140494559474576,-0.014289917906770894,0,4,0
2026092810,mert_v1,ambient_balanced,0.25,temperature,24,68,0.16787514254777125,0.5136173020494151,0.002597112016796188,0.0023566500574828952,0,4,0
2026092810,mert_v1,ambient_balanced,0.25,platt,24,68,0.16551849249028835,0.5271109434753835,0.00024046195931329284,0.0,0,4,0
2026092810,mert_v1,ambient_balanced,0.25,beta,24,68,0.16873840358670825,0.5411670879537288,0.0034603730557331847,0.003219911096419892,0,4,3
2026092810,mert_v1,ambient_balanced,0.25,isotonic,24,68,0.17559826968403563,1.8323914688216782,0.010320239153060573,0.01007977719374728,0,4,0
2026092810,mert_v1,ambient_balanced,0.25,ridge_platt,24,68,0.1648158530318671,0.5188382523513604,-0.00046217749910795747,-0.0007026394584212503,0,4,0
2026092810,mert_v1,ambient_balanced,0.5,raw,47,129,0.16527803053097506,0.5021194589789888,0.0,0.00340946821170246,0,4,0
2026092810,mert_v1,ambient_balanced,0.5,prior_offset,47,129,0.15122857458351746,0.46765812530363826,-0.0140494559474576,-0.010639987735755141,0,4,0
2026092810,mert_v1,ambient_balanced,0.5,temperature,47,129,0.16547921391749226,0.5087958161660011,0.0002011833865172008,0.0036106515982196608,0,4,0
2026092810,mert_v1,ambient_balanced,0.5,platt,47,129,0.1618685623192726,0.5115155581842207,-0.00340946821170246,0.0,0,4,0
2026092810,mert_v1,ambient_balanced,0.5,beta,47,129,0.1637982460502913,0.5173190256097067,-0.0014797844806837546,0.0019296837310187054,0,4,1
2026092810,mert_v1,ambient_balanced,0.5,isotonic,47,129,0.17202551777840402,1.7919547152026603,0.006747487247428963,0.010156955459131423,0,4,0
2026092810,mert_v1,ambient_balanced,0.5,ridge_platt,47,129,0.16365685757755913,0.5140608585141269,-0.0016211729534159336,0.0017882952582865264,0,4,0
2026092810,mert_v1,ambient_balanced,1.0,raw,94,247,0.16527803053097506,0.5021194589789888,0.0,0.010765589580861212,0,4,0
2026092810,mert_v1,ambient_balanced,1.0,prior_offset,94,247,0.15122857458351746,0.46765812530363826,-0.0140494559474576,-0.0032838663665963885,0,4,0
2026092810,mert_v1,ambient_balanced,1.0,temperature,94,247,0.16521207821931727,0.5044144604213545,-6.595231165779092e-05,0.010699637269203421,0,4,0
2026092810,mert_v1,ambient_balanced,1.0,platt,94,247,0.15451244095011385,0.48148710671339456,-0.010765589580861212,0.0,0,4,0
2026092810,mert_v1,ambient_balanced,1.0,beta,94,247,0.1553745081559448,0.48216829443175,-0.009903522375030255,0.0008620672058309575,0,4,1
2026092810,mert_v1,ambient_balanced,1.0,isotonic,94,247,0.15754623281832345,0.9429775852760351,-0.007731797712651617,0.0030337918682095955,0,4,0
2026092810,mert_v1,ambient_balanced,1.0,ridge_platt,94,247,0.15410973783435553,0.4790258551134175,-0.011168292696619536,-0.00040270311575832385,0,4,0
2026092810,mert_v1,unweighted,0.25,raw,24,68,0.1513192786074931,0.4687578952047514,0.0,-0.014264704864058841,0,4,0
2026092810,mert_v1,unweighted,0.25,prior_offset,24,68,0.1513192786074931,0.4687578952047514,0.0,-0.014264704864058841,0,4,0
2026092810,mert_v1,unweighted,0.25,temperature,24,68,0.1539006999879445,0.48087259375217684,0.002581421380451393,-0.011683283483607448,0,4,0
2026092810,mert_v1,unweighted,0.25,platt,24,68,0.16558398347155195,0.5277944528256249,0.014264704864058841,0.0,0,4,0
2026092810,mert_v1,unweighted,0.25,beta,24,68,0.16845627362648677,0.5413562485395511,0.017136995018993656,0.0028722901549348145,0,4,3
2026092810,mert_v1,unweighted,0.25,isotonic,24,68,0.17582013894167864,1.8337054942572981,0.024500860334185526,0.010236155470126684,0,4,0
2026092810,mert_v1,unweighted,0.25,ridge_platt,24,68,0.16103212373613013,0.5096611835568114,0.009712845128637015,-0.004551859735421826,0,4,0
2026092810,mert_v1,unweighted,0.5,raw,47,129,0.1513192786074931,0.4687578952047514,0.0,-0.010521776434223168,0,4,0
2026092810,mert_v1,unweighted,0.5,prior_offset,47,129,0.1513192786074931,0.4687578952047514,0.0,-0.010521776434223168,0,4,0
2026092810,mert_v1,unweighted,0.5,temperature,47,129,0.1515173971410707,0.4760789380784211,0.0001981185335775959,-0.010323657900645572,0,4,0
2026092810,mert_v1,unweighted,0.5,platt,47,129,0.16184105504171628,0.5122029419658273,0.010521776434223168,0.0,0,4,0
2026092810,mert_v1,unweighted,0.5,beta,47,129,0.16351679885406936,0.5178144379693574,0.012197520246576249,0.001675743812353081,0,4,1
2026092810,mert_v1,unweighted,0.5,isotonic,47,129,0.17193911013441862,1.7933343338136747,0.02061983152692551,0.01009805509270234,0,4,0
2026092810,mert_v1,unweighted,0.5,ridge_platt,47,129,0.16010247184824564,0.5055096601233572,0.008783193240752524,-0.0017385831934706442,0,4,0
2026092810,mert_v1,unweighted,1.0,raw,94,247,0.1513192786074931,0.4687578952047514,0.0,-0.003191386686610953,0,4,0
2026092810,mert_v1,unweighted,1.0,prior_offset,94,247,0.1513192786074931,0.4687578952047514,0.0,-0.003191386686610953,0,4,0
2026092810,mert_v1,unweighted,1.0,temperature,94,247,0.15148939027472696,0.47214450921994516,0.00017011166723385207,-0.003021275019377101,0,4,0
2026092810,mert_v1,unweighted,1.0,platt,94,247,0.15451066529410407,0.48210201941002173,0.003191386686610953,0.0,0,4,0
2026092810,mert_v1,unweighted,1.0,beta,94,247,0.15510207669547732,0.4825978041372879,0.003782798087984207,0.0005914114013732541,0,4,1
2026092810,mert_v1,unweighted,1.0,isotonic,94,247,0.15797889174614135,0.9465503967640202,0.0066596131386482404,0.0034682264520372874,0,4,0
2026092810,mert_v1,unweighted,1.0,ridge_platt,94,247,0.15398817704636308,0.47919209482770064,0.002668898438869971,-0.000522488247740982,0,4,0
2026092811,maest,ambient_balanced,0.25,raw,24,56,0.1387816513182546,0.4284445113519589,0.0,-0.005022143777534793,0,4,0
2026092811,maest,ambient_balanced,0.25,prior_offset,24,56,0.13373369504244959,0.4203786523445702,-0.00504795627580501,-0.010070100053339803,0,4,0
2026092811,maest,ambient_balanced,0.25,temperature,24,56,0.14210356313036643,0.44078822837505277,0.003321911812111833,-0.0017002319654229603,0,4,0
2026092811,maest,ambient_balanced,0.25,platt,24,56,0.1438037950957894,0.4462759225602604,0.005022143777534793,0.0,0,4,0
2026092811,maest,ambient_balanced,0.25,beta,24,56,0.14415614428102946,0.4639047332781863,0.005374492962774868,0.0003523491852400751,0,4,3
2026092811,maest,ambient_balanced,0.25,isotonic,24,56,0.15409941628755705,1.3184411257988673,0.015317764969302455,0.010295621191767662,0,4,0
2026092811,maest,ambient_balanced,0.25,ridge_platt,24,56,0.1442724230399855,0.4401884679501432,0.005490771721730903,0.0004686279441961094,0,4,0
2026092811,maest,ambient_balanced,0.5,raw,47,126,0.1387816513182546,0.4284445113519589,0.0,0.00430282870892984,0,4,0
2026092811,maest,ambient_balanced,0.5,prior_offset,47,126,0.13373369504244959,0.4203786523445702,-0.00504795627580501,-0.00074512756687517,0,4,0
2026092811,maest,ambient_balanced,0.5,temperature,47,126,0.14004397508430258,0.4335073817577432,0.0012623237660479847,0.005565152474977825,0,4,0
2026092811,maest,ambient_balanced,0.5,platt,47,126,0.13447882260932476,0.4226765100453549,-0.00430282870892984,0.0,0,4,0
2026092811,maest,ambient_balanced,0.5,beta,47,126,0.1342819590193843,0.4223752007011823,-0.004499692298870289,-0.00019686358994044917,0,4,2
2026092811,maest,ambient_balanced,0.5,isotonic,47,126,0.1390313288249192,0.7012568427395414,0.00024967750666460287,0.004552506215594443,0,4,0
2026092811,maest,ambient_balanced,0.5,ridge_platt,47,126,0.13425750517685445,0.4188601855699171,-0.004524146141400148,-0.00022131743247030822,0,4,0
2026092811,maest,ambient_balanced,1.0,raw,94,247,0.1387816513182546,0.4284445113519589,0.0,0.005774100997824688,0,4,0
2026092811,maest,ambient_balanced,1.0,prior_offset,94,247,0.13373369504244959,0.4203786523445702,-0.00504795627580501,0.0007261447220196782,0,4,0
2026092811,maest,ambient_balanced,1.0,temperature,94,247,0.139282085959868,0.4312679273549267,0.0005004346416133953,0.006274535639438084,0,4,0
2026092811,maest,ambient_balanced,1.0,platt,94,247,0.1330075503204299,0.41829365689563774,-0.005774100997824688,0.0,0,4,0
2026092811,maest,ambient_balanced,1.0,beta,94,247,0.13338729782678865,0.41797250066798275,-0.005394353491465942,0.0003797475063587463,0,4,0
2026092811,maest,ambient_balanced,1.0,isotonic,94,247,0.13958525661219953,0.5353450227452671,0.0008036052939449367,0.006577706291769625,0,4,0
2026092811,maest,ambient_balanced,1.0,ridge_platt,94,247,0.13260609778211782,0.4155906720470461,-0.006175553536136774,-0.00040145253831208594,0,4,0
2026092811,maest,unweighted,0.25,raw,24,56,0.13279826042198192,0.41574751252498265,0.0,-0.010738525534004922,0,4,0
2026092811,maest,unweighted,0.25,prior_offset,24,56,0.13279826042198192,0.41574751252498265,0.0,-0.010738525534004922,0,4,0
2026092811,maest,unweighted,0.25,temperature,24,56,0.13573608913568075,0.42690070949969683,0.0029378287136988257,-0.007800696820306097,0,4,0
2026092811,maest,unweighted,0.25,platt,24,56,0.14353678595598685,0.4451742080331191,0.010738525534004922,0.0,0,4,0
2026092811,maest,unweighted,0.25,beta,24,56,0.14412390818400683,0.4638712132940939,0.01132564776202491,0.0005871222280199873,0,4,3
2026092811,maest,unweighted,0.25,isotonic,24,56,0.15305850360678197,1.313369054925873,0.020260243184800047,0.009521717650795125,0,4,0
2026092811,maest,unweighted,0.25,ridge_platt,24,56,0.1390068631598226,0.42924299029103974,0.006208602737840685,-0.004529922796164237,0,4,0
2026092811,maest,unweighted,0.5,raw,47,126,0.13279826042198192,0.41574751252498265,0.0,-0.0013384446790343507,0,4,0
2026092811,maest,unweighted,0.5,prior_offset,47,126,0.13279826042198192,0.41574751252498265,0.0,-0.0013384446790343507,0,4,0
2026092811,maest,unweighted,0.5,temperature,47,126,0.1327487330369167,0.41533776749993995,-4.952738506522336e-05,-0.001387972064099574,0,4,0
2026092811,maest,unweighted,0.5,platt,47,126,0.13413670510101627,0.4215522285318765,0.0013384446790343507,0.0,0,4,0
2026092811,maest,unweighted,0.5,beta,47,126,0.13375490799030273,0.4210101690889673,0.000956647568320812,-0.0003817971107135387,0,4,2
2026092811,maest,unweighted,0.5,isotonic,47,126,0.1374777109727643,0.6970058967867228,0.004679450550782366,0.003341005871748015,0,4,0
2026092811,maest,unweighted,0.5,ridge_platt,47,126,0.13264360527552893,0.4142153964679377,-0.00015465514645299216,-0.0014930998254873429,0,4,0
2026092811,maest,unweighted,1.0,raw,94,247,0.13279826042198192,0.41574751252498265,0.0,-3.647880738913423e-05,0,4,0
2026092811,maest,unweighted,1.0,prior_offset,94,247,0.13279826042198192,0.41574751252498265,0.0,-3.647880738913423e-05,0,4,0
2026092811,maest,unweighted,1.0,temperature,94,247,0.13290140053586116,0.41617490399033447,0.00010314011387924094,6.666130649010671e-05,0,4,0
2026092811,maest,unweighted,1.0,platt,94,247,0.13283473922937106,0.41771499646278604,3.647880738913423e-05,0.0,0,4,0
2026092811,maest,unweighted,1.0,beta,94,247,0.13319468280529087,0.4174606313875642,0.0003964223833089475,0.0003599435759198133,0,4,1
2026092811,maest,unweighted,1.0,isotonic,94,247,0.13734910353020235,0.5286321645076958,0.0045508431082204315,0.004514364300831297,0,4,0
2026092811,maest,unweighted,1.0,ridge_platt,94,247,0.13279826042198192,0.41574751252498265,0.0,-3.647880738913423e-05,0,4,0
2026092811,mert_v0,ambient_balanced,0.25,raw,24,56,0.15894291833625246,0.4847342259975982,0.0,0.0036312449891710563,0,4,0
2026092811,mert_v0,ambient_balanced,0.25,prior_offset,24,56,0.14956661441926777,0.46374362487211385,-0.009376303916984685,-0.005745058927813629,0,4,0
2026092811,mert_v0,ambient_balanced,0.25,temperature,24,56,0.1625185463421291,0.4958191497913456,0.00357562800587663,0.007206872995047686,0,4,0
2026092811,mert_v0,ambient_balanced,0.25,platt,24,56,0.1553116733470814,0.4786311385658881,-0.0036312449891710563,0.0,0,4,0
2026092811,mert_v0,ambient_balanced,0.25,beta,24,56,0.15434567619853296,0.4773797704403585,-0.004597242137719504,-0.0009659971485484475,0,4,2
2026092811,mert_v0,ambient_balanced,0.25,isotonic,24,56,0.15657240931135538,1.0492002567412575,-0.0023705090248970773,0.001260735964273979,0,4,0
2026092811,mert_v0,ambient_balanced,0.25,ridge_platt,24,56,0.15272470399787605,0.46840092526928523,-0.00621821433837641,-0.0025869693492053536,0,4,0
2026092811,mert_v0,ambient_balanced,0.5,raw,47,126,0.15894291833625246,0.4847342259975982,0.0,0.014027540984411141,0,4,0
2026092811,mert_v0,ambient_balanced,0.5,prior_offset,47,126,0.14956661441926777,0.46374362487211385,-0.009376303916984685,0.004651237067426456,0,4,0
2026092811,mert_v0,ambient_balanced,0.5,temperature,47,126,0.15930075942105032,0.485149313034917,0.0003578410847978608,0.014385382069209002,0,4,0
2026092811,mert_v0,ambient_balanced,0.5,platt,47,126,0.14491537735184132,0.45190597520997977,-0.014027540984411141,0.0,0,4,0
2026092811,mert_v0,ambient_balanced,0.5,beta,47,126,0.1453232727206609,0.4530293031724726,-0.013619645615591564,0.00040789536881957744,0,4,1
2026092811,mert_v0,ambient_balanced,0.5,isotonic,47,126,0.1488468978378377,0.7876984587627687,-0.010096020498414765,0.003931520485996376,0,4,0
2026092811,mert_v0,ambient_balanced,0.5,ridge_platt,47,126,0.1469552813732839,0.4567118170652451,-0.011987636962968562,0.002039904021442579,0,4,0
2026092811,mert_v0,ambient_balanced,1.0,raw,94,247,0.15894291833625246,0.4847342259975982,0.0,0.012611407928366791,0,4,0
2026092811,mert_v0,ambient_balanced,1.0,prior_offset,94,247,0.14956661441926777,0.46374362487211385,-0.009376303916984685,0.003235104011382106,0,4,0
2026092811,mert_v0,ambient_balanced,1.0,temperature,94,247,0.15826808757428046,0.4825186268135966,-0.0006748307619720006,0.01193657716639479,0,4,0
2026092811,mert_v0,ambient_balanced,1.0,platt,94,247,0.14633151040788567,0.4554100515145303,-0.012611407928366791,0.0,0,4,0
2026092811,mert_v0,ambient_balanced,1.0,beta,94,247,0.14550285488999887,0.453313184545757,-0.013440063446253592,-0.0008286555178868005,0,4,2
2026092811,mert_v0,ambient_balanced,1.0,isotonic,94,247,0.1502135807549373,0.6304766340106586,-0.008729337581315166,0.003882070347051625,0,4,0
2026092811,mert_v0,ambient_balanced,1.0,ridge_platt,94,247,0.1470857414197308,0.45729229972848523,-0.011857176916521661,0.0007542310118451301,0,4,0
2026092811,mert_v0,unweighted,0.25,raw,24,56,0.14901259510664683,0.4615100093290929,0.0,-0.006225565643240782,0,4,0
2026092811,mert_v0,unweighted,0.25,prior_offset,24,56,0.14901259510664683,0.4615100093290929,0.0,-0.006225565643240782,0,4,0
2026092811,mert_v0,unweighted,0.25,temperature,24,56,0.1526191014019889,0.47252537299375397,0.0036065062953420657,-0.0026190593478987167,0,4,0
2026092811,mert_v0,unweighted,0.25,platt,24,56,0.1552381607498876,0.47838440864246934,0.006225565643240782,0.0,0,4,0
2026092811,mert_v0,unweighted,0.25,beta,24,56,0.1546956654989094,0.4782623560733369,0.005683070392262568,-0.0005424952509782144,0,4,2
2026092811,mert_v0,unweighted,0.25,isotonic,24,56,0.15821347075001121,1.122096362237342,0.009200875643364387,0.0029753100001236044,0,4,0
2026092811,mert_v0,unweighted,0.25,ridge_platt,24,56,0.15052175418840902,0.46359175357857607,0.0015091590817621903,-0.004716406561478592,0,4,0
2026092811,mert_v0,unweighted,0.5,raw,47,126,0.14901259510664683,0.4615100093290929,0.0,0.004223213199375131,0,4,0
2026092811,mert_v0,unweighted,0.5,prior_offset,47,126,0.14901259510664683,0.4615100093290929,0.0,0.004223213199375131,0,4,0
2026092811,mert_v0,unweighted,0.5,temperature,47,126,0.1481380440904439,0.45784706019666427,-0.0008745510162029291,0.003348662183172202,0,4,0
2026092811,mert_v0,unweighted,0.5,platt,47,126,0.1447893819072717,0.4515533214819001,-0.004223213199375131,0.0,0,4,0
2026092811,mert_v0,unweighted,0.5,beta,47,126,0.1451985754694356,0.4527111223406076,-0.00381401963721123,0.0004091935621639009,0,4,1
2026092811,mert_v0,unweighted,0.5,isotonic,47,126,0.14884058268836697,0.7873043708401288,-0.00017201241827985436,0.004051200781095277,0,4,0
2026092811,mert_v0,unweighted,0.5,ridge_platt,47,126,0.14466278487812007,0.4508942277767217,-0.004349810228526763,-0.00012659702915163162,0,4,0
2026092811,mert_v0,unweighted,1.0,raw,94,247,0.14901259510664683,0.4615100093290929,0.0,0.002781330318634062,0,4,0
2026092811,mert_v0,unweighted,1.0,prior_offset,94,247,0.14901259510664683,0.4615100093290929,0.0,0.002781330318634062,0,4,0
2026092811,mert_v0,unweighted,1.0,temperature,94,247,0.14829778394517001,0.4589257511799606,-0.0007148111614768138,0.0020665191571572483,0,4,0
2026092811,mert_v0,unweighted,1.0,platt,94,247,0.14623126478801277,0.4551381134961617,-0.002781330318634062,0.0,0,4,0
2026092811,mert_v0,unweighted,1.0,beta,94,247,0.14542061918237653,0.45314043008043137,-0.0035919759242702964,-0.0008106456056362343,0,4,2
2026092811,mert_v0,unweighted,1.0,isotonic,94,247,0.15116979418478968,0.6333902436570559,0.002157199078142852,0.004938529396776914,0,4,0
2026092811,mert_v0,unweighted,1.0,ridge_platt,94,247,0.147206510857813,0.45741376850014026,-0.001806084248833828,0.0009752460698002341,0,4,0
2026092811,mert_v1,ambient_balanced,0.25,raw,24,56,0.15659990268076412,0.4788354154079728,0.0,0.0011609195925821325,0,4,0
2026092811,mert_v1,ambient_balanced,0.25,prior_offset,24,56,0.147071276519735,0.45667720677349133,-0.009528626161029119,-0.008367706568446986,0,4,0
2026092811,mert_v1,ambient_balanced,0.25,temperature,24,56,0.160788440454959,0.4880633677812657,0.004188537774194867,0.005349457366777,0,4,0
2026092811,mert_v1,ambient_balanced,0.25,platt,24,56,0.155438983088182,0.47331779999268586,-0.0011609195925821325,0.0,0,4,0
2026092811,mert_v1,ambient_balanced,0.25,beta,24,56,0.1537259217025408,0.4723501593693325,-0.002873980978223334,-0.0017130613856412014,0,4,3
2026092811,mert_v1,ambient_balanced,0.25,isotonic,24,56,0.16595031970565863,1.3857305059691536,0.009350417024894503,0.010511336617476635,0,4,0
2026092811,mert_v1,ambient_balanced,0.25,ridge_platt,24,56,0.15256644712941717,0.46776357251932066,-0.004033455551346959,-0.002872535958764827,0,4,0
2026092811,mert_v1,ambient_balanced,0.5,raw,47,126,0.15659990268076412,0.4788354154079728,0.0,0.012723455991890037,0,4,0
2026092811,mert_v1,ambient_balanced,0.5,prior_offset,47,126,0.147071276519735,0.45667720677349133,-0.009528626161029119,0.003194829830860918,0,4,0
2026092811,mert_v1,ambient_balanced,0.5,temperature,47,126,0.15760342994026888,0.4794534526451343,0.001003527259504755,0.013726983251394792,0,4,0
2026092811,mert_v1,ambient_balanced,0.5,platt,47,126,0.1438764466888741,0.4471677200773766,-0.012723455991890037,0.0,0,4,0
2026092811,mert_v1,ambient_balanced,0.5,beta,47,126,0.143772206498234,0.44483092569799576,-0.01282769618253013,-0.00010424019064009249,0,4,2
2026092811,mert_v1,ambient_balanced,0.5,isotonic,47,126,0.15179802247221766,0.9981334045440649,-0.004801880208546466,0.00792157578334357,0,4,0
2026092811,mert_v1,ambient_balanced,0.5,ridge_platt,47,126,0.14588577641006664,0.4513470618260832,-0.010714126270697483,0.0020093297211925543,0,4,0
2026092811,mert_v1,ambient_balanced,1.0,raw,94,247,0.15659990268076412,0.4788354154079728,0.0,0.013230490539437367,0,4,0
2026092811,mert_v1,ambient_balanced,1.0,prior_offset,94,247,0.147071276519735,0.45667720677349133,-0.009528626161029119,0.0037018643784082483,0,4,0
2026092811,mert_v1,ambient_balanced,1.0,temperature,94,247,0.1558476054155349,0.47508307349360757,-0.0007522972652292126,0.012478193274208155,0,4,0
2026092811,mert_v1,ambient_balanced,1.0,platt,94,247,0.14336941214132676,0.4466655513241773,-0.013230490539437367,0.0,0,4,0
2026092811,mert_v1,ambient_balanced,1.0,beta,94,247,0.1427438197660704,0.44300531838048535,-0.01385608291469373,-0.0006255923752563619,0,4,2
2026092811,mert_v1,ambient_balanced,1.0,isotonic,94,247,0.14717600298512018,0.6251097190300468,-0.009423899695643945,0.0038065908437934226,0,4,0
2026092811,mert_v1,ambient_balanced,1.0,ridge_platt,94,247,0.1428568036022983,0.44431955394466105,-0.013743099078465826,-0.0005126085390284585,0,4,0
2026092811,mert_v1,unweighted,0.25,raw,24,56,0.14644131152620574,0.45443059228546234,0.0,-0.008774575170063664,0,4,0
2026092811,mert_v1,unweighted,0.25,prior_offset,24,56,0.14644131152620574,0.45443059228546234,0.0,-0.008774575170063664,0,4,0
2026092811,mert_v1,unweighted,0.25,temperature,24,56,0.15061793241774102,0.4639855457035068,0.004176620891535282,-0.004597954278528382,0,4,0
2026092811,mert_v1,unweighted,0.25,platt,24,56,0.1552158866962694,0.4727322707297734,0.008774575170063664,0.0,0,4,0
2026092811,mert_v1,unweighted,0.25,beta,24,56,0.15378911351212654,0.47289938080752875,0.007347801985920804,-0.00142677318414286,0,4,3
2026092811,mert_v1,unweighted,0.25,isotonic,24,56,0.1659448276368535,1.3853661873377978,0.019503516110647767,0.010728940940584103,0,4,0
2026092811,mert_v1,unweighted,0.25,ridge_platt,24,56,0.14987065271484853,0.46158415107730044,0.0034293411886427982,-0.005345233981420866,0,4,0
2026092811,mert_v1,unweighted,0.5,raw,47,126,0.14644131152620574,0.45443059228546234,0.0,0.0027628291615461598,0,4,0
2026092811,mert_v1,unweighted,0.5,prior_offset,47,126,0.14644131152620574,0.45443059228546234,0.0,0.0027628291615461598,0,4,0
2026092811,mert_v1,unweighted,0.5,temperature,47,126,0.1467425277716089,0.4530026397962224,0.00030121624540316305,0.003064045406949323,0,4,0
2026092811,mert_v1,unweighted,0.5,platt,47,126,0.14367848236465958,0.44669385988687577,-0.0027628291615461598,0.0,0,4,0
2026092811,mert_v1,unweighted,0.5,beta,47,126,0.1436096099448494,0.44461530620659195,-0.002831701581356344,-6.887241981018422e-05,0,4,2
2026092811,mert_v1,unweighted,0.5,isotonic,47,126,0.15187439653042512,0.9992802863972403,0.005433085004219379,0.008195914165765539,0,4,0
2026092811,mert_v1,unweighted,0.5,ridge_platt,47,126,0.14308635280470197,0.4441295870200826,-0.0033549587215037646,-0.0005921295599576049,0,4,0
2026092811,mert_v1,unweighted,1.0,raw,94,247,0.14644131152620574,0.45443059228546234,0.0,0.00326530933159605,0,4,0
2026092811,mert_v1,unweighted,1.0,prior_offset,94,247,0.14644131152620574,0.45443059228546234,0.0,0.00326530933159605,0,4,0
2026092811,mert_v1,unweighted,1.0,temperature,94,247,0.14560687277615786,0.45038531082460187,-0.0008344387500478778,0.0024308705815481724,0,4,0
2026092811,mert_v1,unweighted,1.0,platt,94,247,0.1431760021946097,0.44614833356026096,-0.00326530933159605,0.0,0,4,0
2026092811,mert_v1,unweighted,1.0,beta,94,247,0.1425673748557078,0.4426482481329919,-0.0038739366704979294,-0.0006086273389018793,0,4,3
2026092811,mert_v1,unweighted,1.0,isotonic,94,247,0.1471424040327402,0.6253648142423487,0.0007010925065344675,0.003966401838130518,0,4,0
2026092811,mert_v1,unweighted,1.0,ridge_platt,94,247,0.14279386385287499,0.4439384240462012,-0.0036474476733307504,-0.0003821383417347002,0,4,0
2026092812,maest,ambient_balanced,0.25,raw,24,58,0.1437021464174832,0.4450674608891519,0.0,0.004408660476103554,0,4,0
2026092812,maest,ambient_balanced,0.25,prior_offset,24,58,0.13241893127695004,0.4215660013014773,-0.011283215140533154,-0.0068745546644296,0,4,0
2026092812,maest,ambient_balanced,0.25,temperature,24,58,0.14889880007343476,0.4751919957937205,0.005196653655951566,0.00960531413205512,0,4,0
2026092812,maest,ambient_balanced,0.25,platt,24,58,0.13929348594137964,0.4668238098217032,-0.004408660476103554,0.0,0,4,0
2026092812,maest,ambient_balanced,0.25,beta,24,58,0.14486640131671824,0.5777473896683433,0.001164254899235051,0.005572915375338605,0,4,2
2026092812,maest,ambient_balanced,0.25,isotonic,24,58,0.14848889278655947,2.378911549880157,0.004786746369076278,0.009195406845179832,0,4,0
2026092812,maest,ambient_balanced,0.25,ridge_platt,24,58,0.13629934693476353,0.4339194053465912,-0.0074027994827196575,-0.0029941390066161033,0,4,0
2026092812,maest,ambient_balanced,0.5,raw,47,123,0.1437021464174832,0.4450674608891519,0.0,0.0078111286248831735,0,4,0
2026092812,maest,ambient_balanced,0.5,prior_offset,47,123,0.13241893127695004,0.4215660013014773,-0.011283215140533154,-0.0034720865156499803,0,4,0
2026092812,maest,ambient_balanced,0.5,temperature,47,123,0.1472176709541873,0.4689625679470164,0.0035155245367041177,0.011326653161587291,0,4,0
2026092812,maest,ambient_balanced,0.5,platt,47,123,0.13589101779260002,0.4435904511526969,-0.0078111286248831735,0.0,0,4,0
2026092812,maest,ambient_balanced,0.5,beta,47,123,0.13970215936844774,0.46784154700173597,-0.003999987049035453,0.0038111415758477207,0,4,1
2026092812,maest,ambient_balanced,0.5,isotonic,47,123,0.146020025366457,1.3605949753948048,0.0023178789489738116,0.010129007573856985,0,4,0
2026092812,maest,ambient_balanced,0.5,ridge_platt,47,123,0.1386181637737738,0.43370267481068675,-0.005083982643709378,0.0027271459811737953,0,4,0
2026092812,maest,ambient_balanced,1.0,raw,94,246,0.1437021464174832,0.4450674608891519,0.0,0.011328785576865175,0,4,0
2026092812,maest,ambient_balanced,1.0,prior_offset,94,246,0.13241893127695004,0.4215660013014773,-0.011283215140533154,4.557043633202085e-05,0,4,0
2026092812,maest,ambient_balanced,1.0,temperature,94,246,0.14436653909654676,0.446017814045001,0.000664392679063569,0.011993178255928744,0,4,0
2026092812,maest,ambient_balanced,1.0,platt,94,246,0.13237336084061802,0.42025945332680337,-0.011328785576865175,0.0,0,4,0
2026092812,maest,ambient_balanced,1.0,beta,94,246,0.13564441178125758,0.43712120807676014,-0.00805773463622561,0.003271050940639564,0,4,0
2026092812,maest,ambient_balanced,1.0,isotonic,94,246,0.1406071355596169,0.988497392097373,-0.003095010857866287,0.008233774718998887,0,4,0
2026092812,maest,ambient_balanced,1.0,ridge_platt,94,246,0.1328015075197124,0.4215501059453637,-0.010900638897770792,0.0004281466790943822,0,4,0
2026092812,maest,unweighted,0.25,raw,24,58,0.13238431257675407,0.4197813590021194,0.0,-0.0063815748547838,0,4,0
2026092812,maest,unweighted,0.25,prior_offset,24,58,0.13238431257675407,0.4197813590021194,0.0,-0.0063815748547838,0,4,0
2026092812,maest,unweighted,0.25,temperature,24,58,0.13667571874366052,0.45501907787869167,0.0042914061669064585,-0.0020901686878773418,0,4,0
2026092812,maest,unweighted,0.25,platt,24,58,0.13876588743153787,0.463263947659084,0.0063815748547838,0.0,0,4,0
2026092812,maest,unweighted,0.25,beta,24,58,0.14434144710690064,0.5740387416227837,0.011957134530146574,0.005575559675362773,0,4,2
2026092812,maest,unweighted,0.25,isotonic,24,58,0.14898387666454946,2.319213454640273,0.016599564087795393,0.010217989233011593,0,4,0
2026092812,maest,unweighted,0.25,ridge_platt,24,58,0.13229616199678024,0.4202670281852905,-8.815057997382802e-05,-0.006469725434757628,0,4,0
2026092812,maest,unweighted,0.5,raw,47,123,0.13238431257675407,0.4197813590021194,0.0,-0.003467482926692911,0,4,0
2026092812,maest,unweighted,0.5,prior_offset,47,123,0.13238431257675407,0.4197813590021194,0.0,-0.003467482926692911,0,4,0
2026092812,maest,unweighted,0.5,temperature,47,123,0.13478044102675302,0.4414694284269976,0.002396128449998952,-0.0010713544766939587,0,4,0
2026092812,maest,unweighted,0.5,platt,47,123,0.13585179550344698,0.4435279909425477,0.003467482926692911,0.0,0,4,0
2026092812,maest,unweighted,0.5,beta,47,123,0.1397758220394525,0.46922041119483004,0.007391509462698426,0.003924026536005515,0,4,1
2026092812,maest,unweighted,0.5,isotonic,47,123,0.14561836415008522,1.3271275235043944,0.013234051573331157,0.009766568646638246,0,4,0
2026092812,maest,unweighted,0.5,ridge_platt,47,123,0.13234198513711487,0.4203937613613916,-4.232743963919483e-05,-0.0035098103663321056,0,4,0
2026092812,maest,unweighted,1.0,raw,94,246,0.13238431257675407,0.4197813590021194,0.0,1.936955691289599e-05,0,4,0
2026092812,maest,unweighted,1.0,prior_offset,94,246,0.13238431257675407,0.4197813590021194,0.0,1.936955691289599e-05,0,4,0
2026092812,maest,unweighted,1.0,temperature,94,246,0.13272450900891047,0.4206426983061821,0.0003401964321564088,0.0003595659890693048,0,4,0
2026092812,maest,unweighted,1.0,platt,94,246,0.13236494301984117,0.4203272379207893,-1.936955691289599e-05,0.0,0,4,0
2026092812,maest,unweighted,1.0,beta,94,246,0.13562986556767656,0.43711384900325506,0.0032455529909224956,0.0032649225478353916,0,4,0
2026092812,maest,unweighted,1.0,isotonic,94,246,0.14093765198842134,0.9571050023169885,0.008553339411667277,0.008572708968580173,0,4,0
2026092812,maest,unweighted,1.0,ridge_platt,94,246,0.13244850752259413,0.4203435151217213,6.419494584006258e-05,8.356450275295857e-05,0,4,0
2026092812,mert_v0,ambient_balanced,0.25,raw,24,58,0.15210292198823103,0.469879900902534,0.0,0.01658422059150419,0,4,0
2026092812,mert_v0,ambient_balanced,0.25,prior_offset,24,58,0.13700452802137003,0.4350864221922159,-0.015098393966860996,0.001485826624643194,0,4,0
2026092812,mert_v0,ambient_balanced,0.25,temperature,24,58,0.15290819849940301,0.47833871282898344,0.0008052765111719873,0.017389497102676177,0,4,0
2026092812,mert_v0,ambient_balanced,0.25,platt,24,58,0.13551870139672684,0.4462211100799041,-0.01658422059150419,0.0,0,4,0
2026092812,mert_v0,ambient_balanced,0.25,beta,24,58,0.13811189805342122,0.47063230733514866,-0.013991023934809804,0.0025931966566943854,0,4,2
2026092812,mert_v0,ambient_balanced,0.25,isotonic,24,58,0.14539087443622367,1.4667183807547886,-0.006712047552007355,0.009872173039496834,0,4,0
2026092812,mert_v0,ambient_balanced,0.25,ridge_platt,24,58,0.1383068416849665,0.43933327653778725,-0.013796080303264513,0.0027881402882396766,0,4,0
2026092812,mert_v0,ambient_balanced,0.5,raw,47,123,0.15210292198823103,0.469879900902534,0.0,0.017816603982560658,0,4,0
2026092812,mert_v0,ambient_balanced,0.5,prior_offset,47,123,0.13700452802137003,0.4350864221922159,-0.015098393966860996,0.0027182100156996625,0,4,0
2026092812,mert_v0,ambient_balanced,0.5,temperature,47,123,0.1514727382601016,0.46847572526046666,-0.0006301837281294242,0.017186420254431234,0,4,0
2026092812,mert_v0,ambient_balanced,0.5,platt,47,123,0.13428631800567037,0.43091879343834605,-0.017816603982560658,0.0,0,4,0
2026092812,mert_v0,ambient_balanced,0.5,beta,47,123,0.13496591076848657,0.4350076678237929,-0.017137011219744452,0.0006795927628162057,0,4,1
2026092812,mert_v0,ambient_balanced,0.5,isotonic,47,123,0.13699319847397018,0.6937545718096341,-0.015109723514260848,0.0027068804682998104,0,4,0
2026092812,mert_v0,ambient_balanced,0.5,ridge_platt,47,123,0.13702474972762474,0.43413547448029083,-0.015078172260606287,0.002738431721954371,0,4,0
2026092812,mert_v0,ambient_balanced,1.0,raw,94,246,0.15210292198823103,0.469879900902534,0.0,0.017028897592582193,0,4,0
2026092812,mert_v0,ambient_balanced,1.0,prior_offset,94,246,0.13700452802137003,0.4350864221922159,-0.015098393966860996,0.0019305036257211972,0,4,0
2026092812,mert_v0,ambient_balanced,1.0,temperature,94,246,0.1518540259213684,0.46829513864641914,-0.000248896066862625,0.016780001525719568,0,4,0
2026092812,mert_v0,ambient_balanced,1.0,platt,94,246,0.13507402439564883,0.431567013695413,-0.017028897592582193,0.0,0,4,0
2026092812,mert_v0,ambient_balanced,1.0,beta,94,246,0.13521498265648424,0.43198883182525394,-0.016887939331746787,0.0001409582608354054,0,4,1
2026092812,mert_v0,ambient_balanced,1.0,isotonic,94,246,0.13908951685810783,0.6301828778642603,-0.013013405130123196,0.004015492462458997,0,4,0
2026092812,mert_v0,ambient_balanced,1.0,ridge_platt,94,246,0.13539821412565295,0.43290185098306516,-0.016704707862578078,0.0003241897300041152,0,4,0
2026092812,mert_v0,unweighted,0.25,raw,24,58,0.13698629832185902,0.434784327617118,0.0,0.0012005664908573133,0,4,0
2026092812,mert_v0,unweighted,0.25,prior_offset,24,58,0.13698629832185902,0.434784327617118,0.0,0.0012005664908573133,0,4,0
2026092812,mert_v0,unweighted,0.25,temperature,24,58,0.13817649465068763,0.44727094184423855,0.0011901963288286077,0.002390762819685921,0,4,0
2026092812,mert_v0,unweighted,0.25,platt,24,58,0.1357857318310017,0.44628328199975353,-0.0012005664908573133,0.0,0,4,0
2026092812,mert_v0,unweighted,0.25,beta,24,58,0.13838044307298858,0.4693349934328237,0.0013941447511295613,0.0025947112419868745,0,4,2
2026092812,mert_v0,unweighted,0.25,isotonic,24,58,0.14811329476493088,1.5057540408923975,0.011126996443071857,0.01232756293392917,0,4,0
2026092812,mert_v0,unweighted,0.25,ridge_platt,24,58,0.13396860583071635,0.42971498175393846,-0.0030176924911426706,-0.0018171260002853573,0,4,0
2026092812,mert_v0,unweighted,0.5,raw,47,123,0.13698629832185902,0.434784327617118,0.0,0.002462141570969939,0,4,0
2026092812,mert_v0,unweighted,0.5,prior_offset,47,123,0.13698629832185902,0.434784327617118,0.0,0.002462141570969939,0,4,0
2026092812,mert_v0,unweighted,0.5,temperature,47,123,0.1362633598854132,0.43462847788606995,-0.0007229384364458302,0.0017392031345241088,0,4,0
2026092812,mert_v0,unweighted,0.5,platt,47,123,0.13452415675088908,0.43133091190809875,-0.002462141570969939,0.0,0,4,0
2026092812,mert_v0,unweighted,0.5,beta,47,123,0.135250146422119,0.4355182527433241,-0.0017361518997400238,0.0007259896712299152,0,4,1
2026092812,mert_v0,unweighted,0.5,isotonic,47,123,0.1404971667824191,0.6713686977539205,0.0035108684605600904,0.005973010031530029,0,4,0
2026092812,mert_v0,unweighted,0.5,ridge_platt,47,123,0.13638339466760707,0.43245789701723925,-0.0006029036542519461,0.0018592379167179929,0,4,0
2026092812,mert_v0,unweighted,1.0,raw,94,246,0.13698629832185902,0.434784327617118,0.0,0.001730180228417505,0,4,0
2026092812,mert_v0,unweighted,1.0,prior_offset,94,246,0.13698629832185902,0.434784327617118,0.0,0.001730180228417505,0,4,0
2026092812,mert_v0,unweighted,1.0,temperature,94,246,0.13667385564246493,0.43415842298510443,-0.00031244267939409265,0.0014177375490234123,0,4,0
2026092812,mert_v0,unweighted,1.0,platt,94,246,0.1352561180934415,0.43180705894475474,-0.001730180228417505,0.0,0,4,0
2026092812,mert_v0,unweighted,1.0,beta,94,246,0.13537294320727045,0.43226553355148184,-0.0016133551145885716,0.00011682511382893335,0,4,2
2026092812,mert_v0,unweighted,1.0,isotonic,94,246,0.13935966664398539,0.629868426670818,0.002373368322126368,0.004103548550543873,0,4,0
2026092812,mert_v0,unweighted,1.0,ridge_platt,94,246,0.13528666654834415,0.4323477125876985,-0.0016996317735148703,3.054845490263469e-05,0,4,0
2026092812,mert_v1,ambient_balanced,0.25,raw,24,58,0.15609270599515065,0.4783579747116902,0.0,0.016629375326921936,0,4,0
2026092812,mert_v1,ambient_balanced,0.25,prior_offset,24,58,0.1395726554230801,0.44262768222390036,-0.016520050572070566,0.00010932475485136983,0,4,0
2026092812,mert_v1,ambient_balanced,0.25,temperature,24,58,0.15714122692451307,0.48945475241179465,0.0010485209293624176,0.017677896256284353,0,4,0
2026092812,mert_v1,ambient_balanced,0.25,platt,24,58,0.13946333066822872,0.46119121194377133,-0.016629375326921936,0.0,0,4,0
2026092812,mert_v1,ambient_balanced,0.25,beta,24,58,0.14293823151112683,0.49657303328268443,-0.01315447448402382,0.0034749008428981154,0,4,3
2026092812,mert_v1,ambient_balanced,0.25,isotonic,24,58,0.15342172919174316,2.4278249002893553,-0.0026709768034074988,0.013958398523514437,0,4,0
2026092812,mert_v1,ambient_balanced,0.25,ridge_platt,24,58,0.1425266544111681,0.4493334153342007,-0.013566051583982552,0.0030633237429393834,0,4,0
2026092812,mert_v1,ambient_balanced,0.5,raw,47,123,0.15609270599515065,0.4783579747116902,0.0,0.018030138529882306,0,4,0
2026092812,mert_v1,ambient_balanced,0.5,prior_offset,47,123,0.1395726554230801,0.44262768222390036,-0.016520050572070566,0.0015100879578117399,0,4,0
2026092812,mert_v1,ambient_balanced,0.5,temperature,47,123,0.15622418924688694,0.4826612161767124,0.00013148325173628628,0.018161621781618592,0,4,0
2026092812,mert_v1,ambient_balanced,0.5,platt,47,123,0.13806256746526835,0.44629872618031685,-0.018030138529882306,0.0,0,4,0
2026092812,mert_v1,ambient_balanced,0.5,beta,47,123,0.13907753636272716,0.449802709047577,-0.0170151696324235,0.0010149688974588067,0,4,1
2026092812,mert_v1,ambient_balanced,0.5,isotonic,47,123,0.13906219821912416,0.7951838424335474,-0.017030507776026493,0.0009996307538558125,0,4,0
2026092812,mert_v1,ambient_balanced,0.5,ridge_platt,47,123,0.14025600417217607,0.4444985232758439,-0.015836701822974586,0.00219343670690772,0,4,0
2026092812,mert_v1,ambient_balanced,1.0,raw,94,246,0.15609270599515065,0.4783579747116902,0.0,0.018045334249995715,0,4,0
2026092812,mert_v1,ambient_balanced,1.0,prior_offset,94,246,0.1395726554230801,0.44262768222390036,-0.016520050572070566,0.0015252836779251489,0,4,0
2026092812,mert_v1,ambient_balanced,1.0,temperature,94,246,0.15598616462024903,0.4779041192706192,-0.0001065413749016253,0.01793879287509409,0,4,0
2026092812,mert_v1,ambient_balanced,1.0,platt,94,246,0.13804737174515494,0.4400719295752514,-0.018045334249995715,0.0,0,4,0
2026092812,mert_v1,ambient_balanced,1.0,beta,94,246,0.13773240419209812,0.4402426655946172,-0.018360301803052537,-0.0003149675530568219,0,4,0
2026092812,mert_v1,ambient_balanced,1.0,isotonic,94,246,0.14070798141296564,0.5419157271234466,-0.015384724582185011,0.002660609667810704,0,4,0
2026092812,mert_v1,ambient_balanced,1.0,ridge_platt,94,246,0.1379266996436977,0.43987519890430277,-0.018166006351452962,-0.0001206721014572476,0,4,0
2026092812,mert_v1,unweighted,0.25,raw,24,58,0.13929383309610371,0.44130967383564135,0.0,0.000191330919471433,0,4,0
2026092812,mert_v1,unweighted,0.25,prior_offset,24,58,0.13929383309610371,0.44130967383564135,0.0,0.000191330919471433,0,4,0
2026092812,mert_v1,unweighted,0.25,temperature,24,58,0.14047189311713495,0.45746723865104866,0.0011780600210312409,0.0013693909405026738,0,4,0
2026092812,mert_v1,unweighted,0.25,platt,24,58,0.13910250217663228,0.459146760802181,-0.000191330919471433,0.0,0,4,0
2026092812,mert_v1,unweighted,0.25,beta,24,58,0.14254379667819955,0.48999594648699085,0.0032499635820958384,0.0034412945015672713,0,4,3
2026092812,mert_v1,unweighted,0.25,isotonic,24,58,0.15244530896777084,2.331142016145175,0.013151475871667123,0.013342806791138556,0,4,0
2026092812,mert_v1,unweighted,0.25,ridge_platt,24,58,0.13729818772348354,0.43834006124923797,-0.001995645372620175,-0.001804314453148742,0,4,0
2026092812,mert_v1,unweighted,0.5,raw,47,123,0.13929383309610371,0.44130967383564135,0.0,0.001346922533669248,0,4,0
2026092812,mert_v1,unweighted,0.5,prior_offset,47,123,0.13929383309610371,0.44130967383564135,0.0,0.001346922533669248,0,4,0
2026092812,mert_v1,unweighted,0.5,temperature,47,123,0.13929174631143393,0.44805895259384054,-2.086784669785846e-06,0.0013448357489994622,0,4,0
2026092812,mert_v1,unweighted,0.5,platt,47,123,0.13794691056243447,0.44604079317932394,-0.001346922533669248,0.0,0,4,0
2026092812,mert_v1,unweighted,0.5,beta,47,123,0.13877614445929531,0.4489494189947463,-0.0005176886368083999,0.0008292338968608481,0,4,1
2026092812,mert_v1,unweighted,0.5,isotonic,47,123,0.13909815628370995,0.7964003960131875,-0.0001956768123937691,0.001151245721275479,0,4,0
2026092812,mert_v1,unweighted,0.5,ridge_platt,47,123,0.13929383309610371,0.44130967383564135,0.0,0.001346922533669248,0,4,0
2026092812,mert_v1,unweighted,1.0,raw,94,246,0.13929383309610371,0.44130967383564135,0.0,0.0014089754585899228,0,4,0
2026092812,mert_v1,unweighted,1.0,prior_offset,94,246,0.13929383309610371,0.44130967383564135,0.0,0.0014089754585899228,0,4,0
2026092812,mert_v1,unweighted,1.0,temperature,94,246,0.13900169395021053,0.4417548307026888,-0.00029213914589318324,0.0011168363126967396,0,4,0
2026092812,mert_v1,unweighted,1.0,platt,94,246,0.1378848576375138,0.43970702799588285,-0.0014089754585899228,0.0,0,4,0
2026092812,mert_v1,unweighted,1.0,beta,94,246,0.13765525753746383,0.4400437046546932,-0.0016385755586398876,-0.00022960010004996478,0,4,1
2026092812,mert_v1,unweighted,1.0,isotonic,94,246,0.14022048192564562,0.5414391969690715,0.0009266488295419095,0.0023356242881318323,0,4,0
2026092812,mert_v1,unweighted,1.0,ridge_platt,94,246,0.13740749675417857,0.43801737691703146,-0.0018863363419251433,-0.00047736088333522053,0,4,0
2026092813,maest,ambient_balanced,0.25,raw,24,53,0.1345848879384436,0.41547716315812133,0.0,-0.016872937946130817,0,4,0
2026092813,maest,ambient_balanced,0.25,prior_offset,24,53,0.12885757678820622,0.4022929223550341,-0.005727311150237363,-0.02260024909636818,0,4,0
2026092813,maest,ambient_balanced,0.25,temperature,24,53,0.1354704500735748,0.4209255458893275,0.0008855621351312182,-0.0159873758109996,0,4,0
2026092813,maest,ambient_balanced,0.25,platt,24,53,0.1514578258845744,1.2367112874681436,0.016872937946130817,0.0,0,4,1
2026092813,maest,ambient_balanced,0.25,beta,24,53,0.14733556910992135,1.9178015481936719,0.012750681171477762,-0.004122256774653055,0,4,2
2026092813,maest,ambient_balanced,0.25,isotonic,24,53,0.15086710622466262,2.2430405957157555,0.016282218286219036,-0.0005907196599117814,0,4,0
2026092813,maest,ambient_balanced,0.25,ridge_platt,24,53,0.14902480305204474,1.2286730162201887,0.014439915113601154,-0.0024330228325296632,0,4,1
2026092813,maest,ambient_balanced,0.5,raw,47,105,0.1345848879384436,0.41547716315812133,0.0,-0.006269355327524734,0,4,0
2026092813,maest,ambient_balanced,0.5,prior_offset,47,105,0.12885757678820622,0.4022929223550341,-0.005727311150237363,-0.011996666477762097,0,4,0
2026092813,maest,ambient_balanced,0.5,temperature,47,105,0.14233761574264314,0.4422083853231968,0.007752727804199555,0.0014833724766748213,0,4,0
2026092813,maest,ambient_balanced,0.5,platt,47,105,0.14085424326596832,0.4405708799653274,0.006269355327524734,0.0,0,4,0
2026092813,maest,ambient_balanced,0.5,beta,47,105,0.13776612505206484,0.4332614295065157,0.0031812371136212547,-0.003088118213903479,0,4,2
2026092813,maest,ambient_balanced,0.5,isotonic,47,105,0.13835916926872355,0.7867420616882564,0.0037742813302799605,-0.0024950739972447733,0,4,0
2026092813,maest,ambient_balanced,0.5,ridge_platt,47,105,0.1313097119190604,0.4108342493442043,-0.0032751760193831803,-0.009544531346907914,0,4,0
2026092813,maest,ambient_balanced,1.0,raw,94,238,0.1345848879384436,0.41547716315812133,0.0,0.004310620607830884,0,4,0
2026092813,maest,ambient_balanced,1.0,prior_offset,94,238,0.12885757678820622,0.4022929223550341,-0.005727311150237363,-0.001416690542406479,0,4,0
2026092813,maest,ambient_balanced,1.0,temperature,94,238,0.13528989111340745,0.41890974806582126,0.0007050031749638586,0.0050156237827947425,0,4,0
2026092813,maest,ambient_balanced,1.0,platt,94,238,0.1302742673306127,0.40660493605854786,-0.004310620607830884,0.0,0,4,0
2026092813,maest,ambient_balanced,1.0,beta,94,238,0.13005266825863623,0.4103351747872567,-0.004532219679807353,-0.00022159907197646933,0,4,0
2026092813,maest,ambient_balanced,1.0,isotonic,94,238,0.1329165969481504,0.5740659491304632,-0.0016682909902931975,0.0026423296175376865,0,4,0
2026092813,maest,ambient_balanced,1.0,ridge_platt,94,238,0.12824210957073923,0.39851676545530923,-0.00634277836770436,-0.0020321577598734764,0,4,0
2026092813,maest,unweighted,0.25,raw,24,53,0.12854084073893268,0.4001428460956493,0.0,-0.022357134909982923,0,4,0
2026092813,maest,unweighted,0.25,prior_offset,24,53,0.12854084073893268,0.4001428460956493,0.0,-0.022357134909982923,0,4,0
2026092813,maest,unweighted,0.25,temperature,24,53,0.1377788639391518,0.5001409752475666,0.009238023200219131,-0.013119111709763792,0,4,0
2026092813,maest,unweighted,0.25,platt,24,53,0.1508979756489156,0.8050887869376534,0.022357134909982923,0.0,0,4,0
2026092813,maest,unweighted,0.25,beta,24,53,0.14688271531643282,0.9764508332100271,0.01834187457750014,-0.004015260332482784,0,4,2
2026092813,maest,unweighted,0.25,isotonic,24,53,0.15095959532418235,2.145302051788454,0.022418754585249667,6.161967526674417e-05,0,4,0
2026092813,maest,unweighted,0.25,ridge_platt,24,53,0.14236803210512516,0.47318535903761705,0.013827191366192482,-0.008529943543790441,0,4,0
2026092813,maest,unweighted,0.5,raw,47,105,0.12854084073893268,0.4001428460956493,0.0,-0.01255488386461398,0,4,0
2026092813,maest,unweighted,0.5,prior_offset,47,105,0.12854084073893268,0.4001428460956493,0.0,-0.01255488386461398,0,4,0
2026092813,maest,unweighted,0.5,temperature,47,105,0.13745707935013374,0.43348159632549943,0.008916238611201055,-0.0036386452534129254,0,4,0
2026092813,maest,unweighted,0.5,platt,47,105,0.14109572460354666,0.4409508837937431,0.01255488386461398,0.0,0,4,0
2026092813,maest,unweighted,0.5,beta,47,105,0.13798725787491567,0.4331003051850515,0.009446417135982987,-0.003108466728630993,0,4,3
2026092813,maest,unweighted,0.5,isotonic,47,105,0.13928010788814932,0.755229279006063,0.010739267149216636,-0.0018156167153973446,0,4,0
2026092813,maest,unweighted,0.5,ridge_platt,47,105,0.13110517511223538,0.4113605653263838,0.0025643343733026958,-0.009990549491311285,0,4,0
2026092813,maest,unweighted,1.0,raw,94,238,0.12854084073893268,0.4001428460956493,0.0,-0.002184108219198233,0,4,0
2026092813,maest,unweighted,1.0,prior_offset,94,238,0.12854084073893268,0.4001428460956493,0.0,-0.002184108219198233,0,4,0
2026092813,maest,unweighted,1.0,temperature,94,238,0.12966804168919657,0.4056781115686616,0.0011272009502638902,-0.0010569072689343428,0,4,0
2026092813,maest,unweighted,1.0,platt,94,238,0.13072494895813092,0.40782951397953215,0.002184108219198233,0.0,0,4,0
2026092813,maest,unweighted,1.0,beta,94,238,0.13062798917887336,0.41008520114139596,0.002087148439940678,-9.695977925755495e-05,0,4,1
2026092813,maest,unweighted,1.0,isotonic,94,238,0.13439306323942615,0.5780191774571188,0.00585222250049347,0.003668114281295237,0,4,0
2026092813,maest,unweighted,1.0,ridge_platt,94,238,0.12862165159435524,0.39929532009613466,8.081085542255284e-05,-0.0021032973637756802,0,4,0
2026092813,mert_v0,ambient_balanced,0.25,raw,24,53,0.15518814696658698,0.47369080935259456,0.0,-0.008493087586877945,0,4,0
2026092813,mert_v0,ambient_balanced,0.25,prior_offset,24,53,0.14416281790778213,0.44515393380020696,-0.01102532905880485,-0.019518416645682796,0,4,0
2026092813,mert_v0,ambient_balanced,0.25,temperature,24,53,0.15547100858331925,0.47531461290614396,0.0002828616167322717,-0.008210225970145674,0,4,0
2026092813,mert_v0,ambient_balanced,0.25,platt,24,53,0.16368123455346492,0.5592392629683263,0.008493087586877945,0.0,0,4,0
2026092813,mert_v0,ambient_balanced,0.25,beta,24,53,0.16086564659265612,0.5741083399247934,0.0056774996260691435,-0.002815587960808802,0,4,3
2026092813,mert_v0,ambient_balanced,0.25,isotonic,24,53,0.162092624284979,2.0994581792997535,0.006904477318392027,-0.0015886102684859182,0,4,0
2026092813,mert_v0,ambient_balanced,0.25,ridge_platt,24,53,0.16150230661493248,0.527734796206803,0.006314159648345502,-0.0021789279385324434,0,4,0
2026092813,mert_v0,ambient_balanced,0.5,raw,47,105,0.15518814696658698,0.47369080935259456,0.0,0.0022697621257798395,0,4,0
2026092813,mert_v0,ambient_balanced,0.5,prior_offset,47,105,0.14416281790778213,0.44515393380020696,-0.01102532905880485,-0.00875556693302501,0,4,0
2026092813,mert_v0,ambient_balanced,0.5,temperature,47,105,0.16024544371533223,0.49079469164303563,0.005057296748745249,0.007327058874525089,0,4,0
2026092813,mert_v0,ambient_balanced,0.5,platt,47,105,0.15291838484080714,0.47128783014227704,-0.0022697621257798395,0.0,0,4,0
2026092813,mert_v0,ambient_balanced,0.5,beta,47,105,0.15209032256028227,0.46989624279042036,-0.003097824406304711,-0.0008280622805248716,0,4,3
2026092813,mert_v0,ambient_balanced,0.5,isotonic,47,105,0.147847472710308,0.6827606483762789,-0.0073406742562789895,-0.00507091213049915,0,4,0
2026092813,mert_v0,ambient_balanced,0.5,ridge_platt,47,105,0.14643923763083372,0.4534514173813146,-0.008748909335753258,-0.006479147209973418,0,4,0
2026092813,mert_v0,ambient_balanced,1.0,raw,94,238,0.15518814696658698,0.47369080935259456,0.0,0.01117925015271351,0,4,0
2026092813,mert_v0,ambient_balanced,1.0,prior_offset,94,238,0.14416281790778213,0.44515393380020696,-0.01102532905880485,0.00015392109390865993,0,4,0
2026092813,mert_v0,ambient_balanced,1.0,temperature,94,238,0.15509197254393536,0.473893271392384,-9.617442265161258e-05,0.011083075730061898,0,4,0
2026092813,mert_v0,ambient_balanced,1.0,platt,94,238,0.14400889681387347,0.4443800513100741,-0.01117925015271351,0.0,0,4,0
2026092813,mert_v0,ambient_balanced,1.0,beta,94,238,0.14334308893686792,0.4442651703012326,-0.011845058029719052,-0.000665807877005542,0,4,2
2026092813,mert_v0,ambient_balanced,1.0,isotonic,94,238,0.14360709991450804,0.5112505653691581,-0.011581047052078935,-0.0004017968993654253,0,4,0
2026092813,mert_v0,ambient_balanced,1.0,ridge_platt,94,238,0.14275366263252184,0.44010738244302305,-0.012434484334065132,-0.0012552341813516221,0,4,0
2026092813,mert_v0,unweighted,0.25,raw,24,53,0.1441094315387052,0.44550817542454946,0.0,-0.019798714734459738,0,4,0
2026092813,mert_v0,unweighted,0.25,prior_offset,24,53,0.1441094315387052,0.44550817542454946,0.0,-0.019798714734459738,0,4,0
2026092813,mert_v0,unweighted,0.25,temperature,24,53,0.15317252779418233,0.5284072070940544,0.009063096255477132,-0.010735618478982606,0,4,0
2026092813,mert_v0,unweighted,0.25,platt,24,53,0.16390814627316494,0.5622061205131077,0.019798714734459738,0.0,0,4,0
2026092813,mert_v0,unweighted,0.25,beta,24,53,0.16118977463649348,0.5670720811669053,0.017080343097788275,-0.0027183716366714628,0,4,3
2026092813,mert_v0,unweighted,0.25,isotonic,24,53,0.16239001212293863,2.0997799934545434,0.01828058058423343,-0.001518134150226308,0,4,0
2026092813,mert_v0,unweighted,0.25,ridge_platt,24,53,0.15909175913371273,0.510675674161045,0.014982327595007533,-0.004816387139452205,0,4,0
2026092813,mert_v0,unweighted,0.5,raw,47,105,0.1441094315387052,0.44550817542454946,0.0,-0.00914374578268523,0,4,0
2026092813,mert_v0,unweighted,0.5,prior_offset,47,105,0.1441094315387052,0.44550817542454946,0.0,-0.00914374578268523,0,4,0
2026092813,mert_v0,unweighted,0.5,temperature,47,105,0.15046200540097815,0.4664553772116016,0.006352573862272948,-0.002791171920412283,0,4,0
2026092813,mert_v0,unweighted,0.5,platt,47,105,0.15325317732139043,0.4725178829522807,0.00914374578268523,0.0,0,4,0
2026092813,mert_v0,unweighted,0.5,beta,47,105,0.15257831663387397,0.4712595091615718,0.008468885095168771,-0.0006748606875164598,0,4,3
2026092813,mert_v0,unweighted,0.5,isotonic,47,105,0.14782487609014824,0.617968945549265,0.0037154445514430423,-0.0054283012312421886,0,4,0
2026092813,mert_v0,unweighted,0.5,ridge_platt,47,105,0.14683633823190406,0.4549825525097953,0.0027269066931988606,-0.00641683908948637,0,4,0
2026092813,mert_v0,unweighted,1.0,raw,94,238,0.1441094315387052,0.44550817542454946,0.0,-0.000112251392135998,0,4,0
2026092813,mert_v0,unweighted,1.0,prior_offset,94,238,0.1441094315387052,0.44550817542454946,0.0,-0.000112251392135998,0,4,0
2026092813,mert_v0,unweighted,1.0,temperature,94,238,0.1445674054495955,0.4467800949612468,0.00045797391089030803,0.00034572251875431004,0,4,0
2026092813,mert_v0,unweighted,1.0,platt,94,238,0.1442216829308412,0.44526266981823515,0.000112251392135998,0.0,0,4,0
2026092813,mert_v0,unweighted,1.0,beta,94,238,0.14388940479285262,0.4454290033727608,-0.0002200267458525862,-0.0003322781379885842,0,4,2
2026092813,mert_v0,unweighted,1.0,isotonic,94,238,0.14449690442913124,0.5138022649729069,0.0003874728904260383,0.0002752214982900403,0,4,0
2026092813,mert_v0,unweighted,1.0,ridge_platt,94,238,0.1429510083102916,0.4410960342117073,-0.0011584232284136131,-0.0012706746205496111,0,4,0
2026092813,mert_v1,ambient_balanced,0.25,raw,24,53,0.15663290282879977,0.4788640595489023,0.0,-0.008928119028379478,0,4,0
2026092813,mert_v1,ambient_balanced,0.25,prior_offset,24,53,0.14528669294624855,0.44967962146021895,-0.011346209882551223,-0.0202743289109307,0,4,0
2026092813,mert_v1,ambient_balanced,0.25,temperature,24,53,0.15661901649919063,0.4799628131066632,-1.3886329609136272e-05,-0.008942005357988614,0,4,0
2026092813,mert_v1,ambient_balanced,0.25,platt,24,53,0.16556102185717925,0.5549327680669154,0.008928119028379478,0.0,0,4,0
2026092813,mert_v1,ambient_balanced,0.25,beta,24,53,0.16224468301930658,0.5585059488141975,0.005611780190506815,-0.003316338837872662,0,4,3
2026092813,mert_v1,ambient_balanced,0.25,isotonic,24,53,0.169614923597067,2.226762904663927,0.012982020768267238,0.004053901739887761,0,4,0
2026092813,mert_v1,ambient_balanced,0.25,ridge_platt,24,53,0.15210247840797383,0.4734422642311125,-0.004530424420825935,-0.013458543449205412,0,4,0
2026092813,mert_v1,ambient_balanced,0.5,raw,47,105,0.15663290282879977,0.4788640595489023,0.0,0.003897030630270776,0,4,0
2026092813,mert_v1,ambient_balanced,0.5,prior_offset,47,105,0.14528669294624855,0.44967962146021895,-0.011346209882551223,-0.007449179252280447,0,4,0
2026092813,mert_v1,ambient_balanced,0.5,temperature,47,105,0.16099145938039577,0.49474187348881116,0.0043585565515960045,0.00825558718186678,0,4,0
2026092813,mert_v1,ambient_balanced,0.5,platt,47,105,0.152735872198529,0.4734444234879709,-0.003897030630270776,0.0,0,4,0
2026092813,mert_v1,ambient_balanced,0.5,beta,47,105,0.15207118637819006,0.4732390090705654,-0.00456171645060971,-0.0006646858203389339,0,4,4
2026092813,mert_v1,ambient_balanced,0.5,isotonic,47,105,0.15432224397929212,0.6697160801177563,-0.002310658849507652,0.001586371780763124,0,4,0
2026092813,mert_v1,ambient_balanced,0.5,ridge_platt,47,105,0.14585467604797975,0.4534077799960865,-0.010778226780820022,-0.006881196150549246,0,4,0
2026092813,mert_v1,ambient_balanced,1.0,raw,94,238,0.15663290282879977,0.4788640595489023,0.0,0.011674375122443126,0,4,0
2026092813,mert_v1,ambient_balanced,1.0,prior_offset,94,238,0.14528669294624855,0.44967962146021895,-0.011346209882551223,0.00032816523989190327,0,4,0
2026092813,mert_v1,ambient_balanced,1.0,temperature,94,238,0.1564682381796068,0.4793304424468244,-0.0001646646491929582,0.011509710473250168,0,4,0
2026092813,mert_v1,ambient_balanced,1.0,platt,94,238,0.14495852770635664,0.4484792410232984,-0.011674375122443126,0.0,0,4,0
2026092813,mert_v1,ambient_balanced,1.0,beta,94,238,0.1437029535726702,0.4481093637582042,-0.012929949256129558,-0.0012555741336864323,0,4,1
2026092813,mert_v1,ambient_balanced,1.0,isotonic,94,238,0.14747674833609006,0.5528046124251147,-0.009156154492709706,0.0025182206297334198,0,4,0
2026092813,mert_v1,ambient_balanced,1.0,ridge_platt,94,238,0.14443045043456185,0.4466206407680534,-0.012202452394237923,-0.0005280772717947968,0,4,0
2026092813,mert_v1,unweighted,0.25,raw,24,53,0.14511233706385407,0.4494974785161379,0.0,-0.02052304584737294,0,4,0
2026092813,mert_v1,unweighted,0.25,prior_offset,24,53,0.14511233706385407,0.4494974785161379,0.0,-0.02052304584737294,0,4,0
2026092813,mert_v1,unweighted,0.25,temperature,24,53,0.1544173835556456,0.5231193696306864,0.009305046491791535,-0.011217999355581404,0,4,0
2026092813,mert_v1,unweighted,0.25,platt,24,53,0.165635382911227,0.5598557853429054,0.02052304584737294,0.0,0,4,0
2026092813,mert_v1,unweighted,0.25,beta,24,53,0.16259227321973196,0.5590120703028003,0.017479936155877895,-0.003043109691495044,0,4,3
2026092813,mert_v1,unweighted,0.25,isotonic,24,53,0.16948227057176818,2.259880755260979,0.02436993350791411,0.0038468876605411706,0,4,0
2026092813,mert_v1,unweighted,0.25,ridge_platt,24,53,0.14945566906882046,0.46275163860524365,0.004343332004966394,-0.016179713842406546,0,4,0
2026092813,mert_v1,unweighted,0.5,raw,47,105,0.14511233706385407,0.4494974785161379,0.0,-0.007615986078243653,0,4,0
2026092813,mert_v1,unweighted,0.5,prior_offset,47,105,0.14511233706385407,0.4494974785161379,0.0,-0.007615986078243653,0,4,0
2026092813,mert_v1,unweighted,0.5,temperature,47,105,0.15125420483347024,0.4703776622237414,0.006141867769616172,-0.0014741183086274812,0,4,0
2026092813,mert_v1,unweighted,0.5,platt,47,105,0.15272832314209772,0.4734785508385648,0.007615986078243653,0.0,0,4,0
2026092813,mert_v1,unweighted,0.5,beta,47,105,0.15250135859007036,0.47329077666869523,0.007389021526216288,-0.00022696455202736443,0,4,4
2026092813,mert_v1,unweighted,0.5,isotonic,47,105,0.15363579624569815,0.6671064100172259,0.008523459181844079,0.0009074731036004258,0,4,0
2026092813,mert_v1,unweighted,0.5,ridge_platt,47,105,0.14695536608585222,0.4573976646166861,0.0018430290219981493,-0.0057729570562455035,0,4,0
2026092813,mert_v1,unweighted,1.0,raw,94,238,0.14511233706385407,0.4494974785161379,0.0,8.800820363771833e-05,0,4,0
2026092813,mert_v1,unweighted,1.0,prior_offset,94,238,0.14511233706385407,0.4494974785161379,0.0,8.800820363771833e-05,0,4,0
2026092813,mert_v1,unweighted,1.0,temperature,94,238,0.14552450575630316,0.4503796183256648,0.0004121686924490886,0.0005001768960868069,0,4,0
2026092813,mert_v1,unweighted,1.0,platt,94,238,0.14502432886021635,0.44856343803951004,-8.800820363771833e-05,0.0,0,4,0
2026092813,mert_v1,unweighted,1.0,beta,94,238,0.1444100476365408,0.4479905240357479,-0.0007022894273132629,-0.0006142812236755446,0,4,1
2026092813,mert_v1,unweighted,1.0,isotonic,94,238,0.14750820313408508,0.5529439254499541,0.002395866070231012,0.0024838742738687303,0,4,0
2026092813,mert_v1,unweighted,1.0,ridge_platt,94,238,0.14423540583626998,0.44645613428291725,-0.0008769312275840879,-0.0007889230239463696,0,4,0
2026092814,maest,ambient_balanced,0.25,raw,24,64,0.13974561418700465,0.4389878775444871,0.0,-0.00022820777792864622,0,4,0
2026092814,maest,ambient_balanced,0.25,prior_offset,24,64,0.1333679043812847,0.4266393795818239,-0.006377709805719944,-0.006605917583648591,0,4,0
2026092814,maest,ambient_balanced,0.25,temperature,24,64,0.1463821549521058,0.5122650233954422,0.0066365407651011454,0.006408332987172499,0,4,0
2026092814,maest,ambient_balanced,0.25,platt,24,64,0.1399738219649333,0.4965209654743406,0.00022820777792864622,0.0,0,4,0
2026092814,maest,ambient_balanced,0.25,beta,24,64,0.1425506017558779,0.4895856006217727,0.002804987568873235,0.002576779790944589,0,4,2
2026092814,maest,ambient_balanced,0.25,isotonic,24,64,0.15321144525773336,1.9697864852243856,0.013465831070728712,0.013237623292800066,0,4,0
2026092814,maest,ambient_balanced,0.25,ridge_platt,24,64,0.14109700605392358,0.4936313128189669,0.0013513918669189329,0.0011231840889902867,0,4,0
2026092814,maest,ambient_balanced,0.5,raw,47,118,0.13974561418700465,0.4389878775444871,0.0,0.002805025471657785,0,4,0
2026092814,maest,ambient_balanced,0.5,prior_offset,47,118,0.1333679043812847,0.4266393795818239,-0.006377709805719944,-0.0035726843340621595,0,4,0
2026092814,maest,ambient_balanced,0.5,temperature,47,118,0.14260878489992385,0.4571366406130565,0.002863170712919194,0.005668196184576979,0,4,0
2026092814,maest,ambient_balanced,0.5,platt,47,118,0.13694058871534687,0.4411637606978399,-0.002805025471657785,0.0,0,4,0
2026092814,maest,ambient_balanced,0.5,beta,47,118,0.13792740062797879,0.4499139243429537,-0.0018182135590258663,0.0009868119126319186,0,4,2
2026092814,maest,ambient_balanced,0.5,isotonic,47,118,0.1429224365026318,1.3773965645578286,0.003176822315627159,0.005981847787284944,0,4,0
2026092814,maest,ambient_balanced,0.5,ridge_platt,47,118,0.13455906023306055,0.4303745133807221,-0.005186553953944101,-0.002381528482286316,0,4,0
2026092814,maest,ambient_balanced,1.0,raw,94,228,0.13974561418700465,0.4389878775444871,0.0,0.00596560884153971,0,4,0
2026092814,maest,ambient_balanced,1.0,prior_offset,94,228,0.1333679043812847,0.4266393795818239,-0.006377709805719944,-0.00041210096418023423,0,4,0
2026092814,maest,ambient_balanced,1.0,temperature,94,228,0.14054447849292895,0.4406328456979334,0.0007988643059242961,0.006764473147464006,0,4,0
2026092814,maest,ambient_balanced,1.0,platt,94,228,0.13378000534546494,0.4240809419263004,-0.00596560884153971,0.0,0,4,0
2026092814,maest,ambient_balanced,1.0,beta,94,228,0.13467428928115496,0.42416908213807814,-0.005071324905849689,0.0008942839356900212,0,4,1
2026092814,maest,ambient_balanced,1.0,isotonic,94,228,0.13894941384142917,0.6553566383623509,-0.0007962003455754818,0.005169408495964228,0,4,0
2026092814,maest,ambient_balanced,1.0,ridge_platt,94,228,0.1331890547451143,0.4247186725697003,-0.006556559441890347,-0.0005909506003506371,0,4,0
2026092814,maest,unweighted,0.25,raw,24,64,0.13218612426642556,0.42130880503584334,0.0,-0.0071958210074274664,0,4,0
2026092814,maest,unweighted,0.25,prior_offset,24,64,0.13218612426642556,0.42130880503584334,0.0,-0.0071958210074274664,0,4,0
2026092814,maest,unweighted,0.25,temperature,24,64,0.1362630126620356,0.4830662737633461,0.0040768883956100455,-0.003118932611817421,0,4,0
2026092814,maest,unweighted,0.25,platt,24,64,0.13938194527385303,0.4951336534331101,0.0071958210074274664,0.0,0,4,0
2026092814,maest,unweighted,0.25,beta,24,64,0.14143372718683747,0.48455526710750685,0.009247602920411907,0.0020517819129844406,0,4,2
2026092814,maest,unweighted,0.25,isotonic,24,64,0.15105993800871115,1.9023565328254333,0.018873813742285583,0.011677992734858117,0,4,0
2026092814,maest,unweighted,0.25,ridge_platt,24,64,0.13910048040205478,0.4906543482764365,0.006914356135629213,-0.00028146487179825375,0,4,0
2026092814,maest,unweighted,0.5,raw,47,118,0.13218612426642556,0.42130880503584334,0.0,-0.004260992408834902,0,4,0
2026092814,maest,unweighted,0.5,prior_offset,47,118,0.13218612426642556,0.42130880503584334,0.0,-0.004260992408834902,0,4,0
2026092814,maest,unweighted,0.5,temperature,47,118,0.1336254324055995,0.4339621008926072,0.0014393081391739226,-0.002821684269660979,0,4,0
2026092814,maest,unweighted,0.5,platt,47,118,0.13644711667526047,0.43954600058315774,0.004260992408834902,0.0,0,4,0
2026092814,maest,unweighted,0.5,beta,47,118,0.13727433015024496,0.44433677651431386,0.005088205883819391,0.0008272134749844895,0,4,2
2026092814,maest,unweighted,0.5,isotonic,47,118,0.14191652858219755,1.3113226894151508,0.00973040431577199,0.005469411906937088,0,4,0
2026092814,maest,unweighted,0.5,ridge_platt,47,118,0.13226719002380682,0.4222878514766917,8.10657573812601e-05,-0.0041799266514536415,0,4,0
2026092814,maest,unweighted,1.0,raw,94,228,0.13218612426642556,0.42130880503584334,0.0,-0.0010200277996563756,0,4,0
2026092814,maest,unweighted,1.0,prior_offset,94,228,0.13218612426642556,0.42130880503584334,0.0,-0.0010200277996563756,0,4,0
2026092814,maest,unweighted,1.0,temperature,94,228,0.1326610835250036,0.42248336003492065,0.0004749592585780449,-0.0005450685410783307,0,4,0
2026092814,maest,unweighted,1.0,platt,94,228,0.13320615206608194,0.4222082752062861,0.0010200277996563756,0.0,0,4,0
2026092814,maest,unweighted,1.0,beta,94,228,0.1340748541218609,0.4223500820269334,0.0018887298554353393,0.0008687020557789638,0,4,2
2026092814,maest,unweighted,1.0,isotonic,94,228,0.13806002643180781,0.6833748224210685,0.00587390216538225,0.004853874365725874,0,4,0
2026092814,maest,unweighted,1.0,ridge_platt,94,228,0.1323018508430466,0.42185897257316973,0.00011572657662103913,-0.0009043012230353364,0,4,0
2026092814,mert_v0,ambient_balanced,0.25,raw,24,64,0.15304029132990937,0.4760717979277569,0.0,-0.0014774603277734055,0,4,0
2026092814,mert_v0,ambient_balanced,0.25,prior_offset,24,64,0.14295774954868998,0.45173060481181504,-0.010082541781219395,-0.0115600021089928,0,4,0
2026092814,mert_v0,ambient_balanced,0.25,temperature,24,64,0.15780174646828382,0.523923322508025,0.0047614551383744486,0.003283994810601043,0,4,0
2026092814,mert_v0,ambient_balanced,0.25,platt,24,64,0.15451775165768278,0.5039407205831524,0.0014774603277734055,0.0,0,4,0
2026092814,mert_v0,ambient_balanced,0.25,beta,24,64,0.15252296287338787,0.4901095936900393,-0.0005173284565214986,-0.001994788784294904,0,4,4
2026092814,mert_v0,ambient_balanced,0.25,isotonic,24,64,0.15443944400551776,1.270426056931852,0.0013991526756083894,-7.830765216501612e-05,0,4,0
2026092814,mert_v0,ambient_balanced,0.25,ridge_platt,24,64,0.1486125312321233,0.4719458068485033,-0.00442776009778606,-0.005905220425559465,0,4,0
2026092814,mert_v0,ambient_balanced,0.5,raw,47,118,0.15304029132990937,0.4760717979277569,0.0,0.005572119364174011,0,4,0
2026092814,mert_v0,ambient_balanced,0.5,prior_offset,47,118,0.14295774954868998,0.45173060481181504,-0.010082541781219395,-0.004510422417045384,0,4,0
2026092814,mert_v0,ambient_balanced,0.5,temperature,47,118,0.1555652895540322,0.4969118994721353,0.002524998224122832,0.008097117588296843,0,4,0
2026092814,mert_v0,ambient_balanced,0.5,platt,47,118,0.14746817196573536,0.4702174744969818,-0.005572119364174011,0.0,0,4,0
2026092814,mert_v0,ambient_balanced,0.5,beta,47,118,0.14786243924479495,0.46909800187193834,-0.005177852085114426,0.0003942672790595847,0,4,4
2026092814,mert_v0,ambient_balanced,0.5,isotonic,47,118,0.15180793238593177,1.1569266978665682,-0.0012323589439776073,0.0043397604201964035,0,4,0
2026092814,mert_v0,ambient_balanced,0.5,ridge_platt,47,118,0.14615770322853222,0.46543540954495366,-0.006882588101377152,-0.001310468737203141,0,4,0
2026092814,mert_v0,ambient_balanced,1.0,raw,94,228,0.15304029132990937,0.4760717979277569,0.0,0.011169775676067306,0,4,0
2026092814,mert_v0,ambient_balanced,1.0,prior_offset,94,228,0.14295774954868998,0.45173060481181504,-0.010082541781219395,0.001087233894847911,0,4,0
2026092814,mert_v0,ambient_balanced,1.0,temperature,94,228,0.1524400637522535,0.4734862628386838,-0.0006002275776558763,0.01056954809841143,0,4,0
2026092814,mert_v0,ambient_balanced,1.0,platt,94,228,0.14187051565384207,0.4461576216014701,-0.011169775676067306,0.0,0,4,0
2026092814,mert_v0,ambient_balanced,1.0,beta,94,228,0.14298644470464494,0.44931114150254736,-0.010053846625264429,0.0011159290508028774,0,4,4
2026092814,mert_v0,ambient_balanced,1.0,isotonic,94,228,0.1454048004268595,0.827493445113414,-0.00763549090304988,0.0035342847730174265,0,4,0
2026092814,mert_v0,ambient_balanced,1.0,ridge_platt,94,228,0.14285196550148607,0.45095751084376146,-0.0101883258284233,0.0009814498476440059,0,4,0
2026092814,mert_v0,unweighted,0.25,raw,24,64,0.14268372009235006,0.45086701997917894,0.0,-0.011783816370214667,0,4,0
2026092814,mert_v0,unweighted,0.25,prior_offset,24,64,0.14268372009235006,0.45086701997917894,0.0,-0.011783816370214667,0,4,0
2026092814,mert_v0,unweighted,0.25,temperature,24,64,0.14388751618112344,0.48268505780513216,0.0012037960887733845,-0.010580020281441282,0,4,0
2026092814,mert_v0,unweighted,0.25,platt,24,64,0.15446753646256473,0.5030067655001988,0.011783816370214667,0.0,0,4,0
2026092814,mert_v0,unweighted,0.25,beta,24,64,0.1533370447709512,0.4909077685224121,0.01065332467860114,-0.0011304916916135277,0,4,4
2026092814,mert_v0,unweighted,0.25,isotonic,24,64,0.15467650912155448,1.20740500878772,0.01199278902920442,0.00020897265898975337,0,4,0
2026092814,mert_v0,unweighted,0.25,ridge_platt,24,64,0.14264626783299456,0.4583387823282134,-3.745225935550267e-05,-0.01182126862957017,0,4,0
2026092814,mert_v0,unweighted,0.5,raw,47,118,0.14268372009235006,0.45086701997917894,0.0,-0.005062502759997062,0,4,0
2026092814,mert_v0,unweighted,0.5,prior_offset,47,118,0.14268372009235006,0.45086701997917894,0.0,-0.005062502759997062,0,4,0
2026092814,mert_v0,unweighted,0.5,temperature,47,118,0.1431456084533896,0.46257264529283393,0.000461888361039553,-0.004600614398957509,0,4,0
2026092814,mert_v0,unweighted,0.5,platt,47,118,0.14774622285234712,0.47032780345791575,0.005062502759997062,0.0,0,4,0
2026092814,mert_v0,unweighted,0.5,beta,47,118,0.14824295536894175,0.4668054320861493,0.00555923527659169,0.0004967325165946279,0,4,4
2026092814,mert_v0,unweighted,0.5,isotonic,47,118,0.15109109892883324,1.091724513371071,0.008407378836483181,0.0033448760764861196,0,4,0
2026092814,mert_v0,unweighted,0.5,ridge_platt,47,118,0.1436230751845956,0.4594347325655222,0.0009393550922455474,-0.004123147667751514,0,4,0
2026092814,mert_v0,unweighted,1.0,raw,94,228,0.14268372009235006,0.45086701997917894,0.0,0.0007421281212728059,0,4,0
2026092814,mert_v0,unweighted,1.0,prior_offset,94,228,0.14268372009235006,0.45086701997917894,0.0,0.0007421281212728059,0,4,0
2026092814,mert_v0,unweighted,1.0,temperature,94,228,0.14196115805889797,0.4481239327242591,-0.0007225620334520844,1.9566087820721556e-05,0,4,0
2026092814,mert_v0,unweighted,1.0,platt,94,228,0.14194159197107725,0.4463565437413093,-0.0007421281212728059,0.0,0,4,0
2026092814,mert_v0,unweighted,1.0,beta,94,228,0.14308218376620815,0.4491603363788106,0.000398463673858096,0.001140591795130902,0,4,4
2026092814,mert_v0,unweighted,1.0,isotonic,94,228,0.14508071040072779,0.7962477787026706,0.0023969903083777278,0.0031391184296505337,0,4,0
2026092814,mert_v0,unweighted,1.0,ridge_platt,94,228,0.14252215617346478,0.4504042811284981,-0.00016156391888527688,0.000580564202387529,0,4,0
2026092814,mert_v1,ambient_balanced,0.25,raw,24,64,0.15444483102040105,0.47892877218728663,0.0,0.00392606482870253,0,4,0
2026092814,mert_v1,ambient_balanced,0.25,prior_offset,24,64,0.14293520550543143,0.45123395475745176,-0.011509625514969618,-0.007583560686267088,0,4,0
2026092814,mert_v1,ambient_balanced,0.25,temperature,24,64,0.1589790269215704,0.5221577093340573,0.004534195901169352,0.008460260729871882,0,4,0
2026092814,mert_v1,ambient_balanced,0.25,platt,24,64,0.15051876619169852,0.49208517013885894,-0.00392606482870253,0.0,0,4,0
2026092814,mert_v1,ambient_balanced,0.25,beta,24,64,0.15169821749429457,0.49318603091672886,-0.002746613526106473,0.0011794513025960573,0,4,4
2026092814,mert_v1,ambient_balanced,0.25,isotonic,24,64,0.16339683116216366,1.4140626305796578,0.008952000141762617,0.012878064970465147,0,4,0
2026092814,mert_v1,ambient_balanced,0.25,ridge_platt,24,64,0.14845880726830785,0.47155436273003787,-0.0059860237520932,-0.00205995892339067,0,4,0
2026092814,mert_v1,ambient_balanced,0.5,raw,47,118,0.15444483102040105,0.47892877218728663,0.0,0.009176275575409037,0,4,0
2026092814,mert_v1,ambient_balanced,0.5,prior_offset,47,118,0.14293520550543143,0.45123395475745176,-0.011509625514969618,-0.0023333499395605806,0,4,0
2026092814,mert_v1,ambient_balanced,0.5,temperature,47,118,0.15598349656206423,0.49173342710235785,0.0015386655416631811,0.010714941117072219,0,4,0
2026092814,mert_v1,ambient_balanced,0.5,platt,47,118,0.145268555444992,0.462798685312573,-0.009176275575409037,0.0,0,4,0
2026092814,mert_v1,ambient_balanced,0.5,beta,47,118,0.14704408396332114,0.4656286203802289,-0.007400747057079909,0.001775528518329128,0,4,4
2026092814,mert_v1,ambient_balanced,0.5,isotonic,47,118,0.15426417841388204,1.0651249869670314,-0.00018065260651900505,0.008995622968890032,0,4,0
2026092814,mert_v1,ambient_balanced,0.5,ridge_platt,47,118,0.14426903688885515,0.4580358225507331,-0.010175794131545901,-0.0009995185561368636,0,4,0
2026092814,mert_v1,ambient_balanced,1.0,raw,94,228,0.15444483102040105,0.47892877218728663,0.0,0.012592913057614535,0,4,0
2026092814,mert_v1,ambient_balanced,1.0,prior_offset,94,228,0.14293520550543143,0.45123395475745176,-0.011509625514969618,0.0010832875426449173,0,4,0
2026092814,mert_v1,ambient_balanced,1.0,temperature,94,228,0.1538734700829823,0.4764624664473082,-0.0005713609374187467,0.012021552120195789,0,4,0
2026092814,mert_v1,ambient_balanced,1.0,platt,94,228,0.1418519179627865,0.44710450714222505,-0.012592913057614535,0.0,0,4,0
2026092814,mert_v1,ambient_balanced,1.0,beta,94,228,0.14316543877854135,0.45047960763385336,-0.011279392241859698,0.0013135208157548373,0,4,3
2026092814,mert_v1,ambient_balanced,1.0,isotonic,94,228,0.14706101691525336,0.7133138364871637,-0.007383814105147685,0.005209098952466851,0,4,0
2026092814,mert_v1,ambient_balanced,1.0,ridge_platt,94,228,0.14284360611958244,0.45079893835235013,-0.011601224900818607,0.000991688156795928,0,4,0
2026092814,mert_v1,unweighted,0.25,raw,24,64,0.1428715350259768,0.45126522002572406,0.0,-0.007854533819498244,0,4,0
2026092814,mert_v1,unweighted,0.25,prior_offset,24,64,0.1428715350259768,0.45126522002572406,0.0,-0.007854533819498244,0,4,0
2026092814,mert_v1,unweighted,0.25,temperature,24,64,0.14566011115344077,0.48923505266901895,0.002788576127463971,-0.005065957692034273,0,4,0
2026092814,mert_v1,unweighted,0.25,platt,24,64,0.15072606884547504,0.4927912588335106,0.007854533819498244,0.0,0,4,0
2026092814,mert_v1,unweighted,0.25,beta,24,64,0.1516111936427614,0.49296014067190896,0.008739658616784607,0.000885124797286363,0,4,4
2026092814,mert_v1,unweighted,0.25,isotonic,24,64,0.16537177832831143,1.5456050361441924,0.022500243302334633,0.014645709482836389,0,4,0
2026092814,mert_v1,unweighted,0.25,ridge_platt,24,64,0.14310577806852062,0.4596715426641352,0.00023424304254382466,-0.007620290776954419,0,4,0
2026092814,mert_v1,unweighted,0.5,raw,47,118,0.1428715350259768,0.45126522002572406,0.0,-0.0027151193383920524,0,4,0
2026092814,mert_v1,unweighted,0.5,prior_offset,47,118,0.1428715350259768,0.45126522002572406,0.0,-0.0027151193383920524,0,4,0
2026092814,mert_v1,unweighted,0.5,temperature,47,118,0.1439279097174625,0.46370970020622676,0.0010563746914857008,-0.0016587446469063516,0,4,0
2026092814,mert_v1,unweighted,0.5,platt,47,118,0.14558665436436885,0.4637402907065547,0.0027151193383920524,0.0,0,4,0
2026092814,mert_v1,unweighted,0.5,beta,47,118,0.14717610349701718,0.4648876762575159,0.004304568471040382,0.0015894491326483295,0,4,4
2026092814,mert_v1,unweighted,0.5,isotonic,47,118,0.15358337503625275,1.0969086086469306,0.010711840010275947,0.007996720671883895,0,4,0
2026092814,mert_v1,unweighted,0.5,ridge_platt,47,118,0.14340271272963806,0.45635923275864726,0.0005311777036612619,-0.0021839416347307905,0,4,0
2026092814,mert_v1,unweighted,1.0,raw,94,228,0.1428715350259768,0.45126522002572406,0.0,0.000898276342201132,0,4,0
2026092814,mert_v1,unweighted,1.0,prior_offset,94,228,0.1428715350259768,0.45126522002572406,0.0,0.000898276342201132,0,4,0
2026092814,mert_v1,unweighted,1.0,temperature,94,228,0.14257941445958466,0.4508009716854285,-0.00029212056639213446,0.0006061557758089975,0,4,0
2026092814,mert_v1,unweighted,1.0,platt,94,228,0.14197325868377567,0.44773173543736544,-0.000898276342201132,0.0,0,4,0
2026092814,mert_v1,unweighted,1.0,beta,94,228,0.14317338547986863,0.45061238504625156,0.0003018504538918332,0.0012001267960929651,0,4,3
2026092814,mert_v1,unweighted,1.0,isotonic,94,228,0.14593643109353646,0.7390336094430136,0.0030648960675596637,0.003963172409760796,0,4,0
2026092814,mert_v1,unweighted,1.0,ridge_platt,94,228,0.14270020863823574,0.4507641287820427,-0.0001713263877410609,0.000726949954460071,0,4,0
2026092815,maest,ambient_balanced,0.25,raw,24,67,0.13947986336280593,0.4362476899184021,0.0,-0.004357577712547606,0,4,0
2026092815,maest,ambient_balanced,0.25,prior_offset,24,67,0.1327892949110702,0.41776132042347686,-0.00669056845173574,-0.011048146164283346,0,4,0
2026092815,maest,ambient_balanced,0.25,temperature,24,67,0.14592438196387056,0.45190705691681937,0.006444518601064625,0.0020869408885170193,0,4,0
2026092815,maest,ambient_balanced,0.25,platt,24,67,0.14383744107535354,0.44371362836852085,0.004357577712547606,0.0,0,4,0
2026092815,maest,ambient_balanced,0.25,beta,24,67,0.1441577735052274,0.4417070322100822,0.004677910142421471,0.00032033242987386523,0,4,2
2026092815,maest,ambient_balanced,0.25,isotonic,24,67,0.15461214701260978,1.2967080718444488,0.015132283649803846,0.01077470593725624,0,4,0
2026092815,maest,ambient_balanced,0.25,ridge_platt,24,67,0.15118522904627735,0.4635599198891216,0.011705365683471414,0.007347787970923808,0,4,0
2026092815,maest,ambient_balanced,0.5,raw,47,116,0.13947986336280593,0.4362476899184021,0.0,0.002519011581196412,0,4,0
2026092815,maest,ambient_balanced,0.5,prior_offset,47,116,0.1327892949110702,0.41776132042347686,-0.00669056845173574,-0.004171556870539328,0,4,0
2026092815,maest,ambient_balanced,0.5,temperature,47,116,0.14218072237870474,0.44171379572015795,0.00270085901589881,0.005219870597095222,0,4,0
2026092815,maest,ambient_balanced,0.5,platt,47,116,0.13696085178160952,0.42682682745149136,-0.002519011581196412,0.0,0,4,0
2026092815,maest,ambient_balanced,0.5,beta,47,116,0.13638798439138297,0.42488967751483037,-0.003091878971422962,-0.0005728673902265502,0,4,1
2026092815,maest,ambient_balanced,0.5,isotonic,47,116,0.14266914572306452,1.0295609466991658,0.0031892823602585885,0.0057082939414550005,0,4,0
2026092815,maest,ambient_balanced,0.5,ridge_platt,47,116,0.1329541228263409,0.4168964201347398,-0.006525740536465041,-0.004006728955268629,0,4,0
2026092815,maest,ambient_balanced,1.0,raw,94,246,0.13947986336280593,0.4362476899184021,0.0,0.007933125762480925,0,4,0
2026092815,maest,ambient_balanced,1.0,prior_offset,94,246,0.1327892949110702,0.41776132042347686,-0.00669056845173574,0.0012425573107451848,0,4,0
2026092815,maest,ambient_balanced,1.0,temperature,94,246,0.14033420631021562,0.43776500571904997,0.0008543429474096864,0.008787468709890611,0,4,0
2026092815,maest,ambient_balanced,1.0,platt,94,246,0.131546737600325,0.41344155538937766,-0.007933125762480925,0.0,0,4,0
2026092815,maest,ambient_balanced,1.0,beta,94,246,0.13005036961896646,0.410706250540662,-0.009429493743839473,-0.0014963679813585484,0,4,0
2026092815,maest,ambient_balanced,1.0,isotonic,94,246,0.13426640777611992,0.696883194200517,-0.005213455586686011,0.0027196701757949138,0,4,0
2026092815,maest,ambient_balanced,1.0,ridge_platt,94,246,0.13051796883433142,0.4104744364924847,-0.008961894528474512,-0.0010287687659935874,0,4,0
2026092815,maest,unweighted,0.25,raw,24,67,0.13262526651039602,0.4161419312800613,0.0,-0.011500369535918764,0,4,0
2026092815,maest,unweighted,0.25,prior_offset,24,67,0.13262526651039602,0.4161419312800613,0.0,-0.011500369535918764,0,4,0
2026092815,maest,unweighted,0.25,temperature,24,67,0.13817045281588997,0.4312311194960065,0.005545186305493943,-0.005955183230424821,0,4,0
2026092815,maest,unweighted,0.25,platt,24,67,0.1441256360463148,0.4444858978968185,0.011500369535918764,0.0,0,4,0
2026092815,maest,unweighted,0.25,beta,24,67,0.14478128397106113,0.4439261136121277,0.012156017460665108,0.0006556479247463443,0,4,2
2026092815,maest,unweighted,0.25,isotonic,24,67,0.15250792029020135,1.1831165166338877,0.01988265377980533,0.008382284243886567,0,4,0
2026092815,maest,unweighted,0.25,ridge_platt,24,67,0.1443306321938674,0.44345416125078074,0.011705365683471386,0.00020499614755262185,0,4,0
2026092815,maest,unweighted,0.5,raw,47,116,0.13262526651039602,0.4161419312800613,0.0,-0.004618570530065758,0,4,0
2026092815,maest,unweighted,0.5,prior_offset,47,116,0.13262526651039602,0.4161419312800613,0.0,-0.004618570530065758,0,4,0
2026092815,maest,unweighted,0.5,temperature,47,116,0.13508597822516272,0.42159028217466393,0.0024607117147666946,-0.002157858815299063,0,4,0
2026092815,maest,unweighted,0.5,platt,47,116,0.13724383704046178,0.4277266740986121,0.004618570530065758,0.0,0,4,0
2026092815,maest,unweighted,0.5,beta,47,116,0.13710852499467419,0.4267886348060453,0.004483258484278163,-0.00013531204578759448,0,4,1
2026092815,maest,unweighted,0.5,isotonic,47,116,0.14125388725235125,0.8840538245271743,0.008628620741955223,0.004010050211889465,0,4,0
2026092815,maest,unweighted,0.5,ridge_platt,47,116,0.13580384757294287,0.42385663983545063,0.0031785810625468425,-0.001439989467518915,0,4,0
2026092815,maest,unweighted,1.0,raw,94,246,0.13262526651039602,0.4161419312800613,0.0,0.0005964375492451823,0,4,0
2026092815,maest,unweighted,1.0,prior_offset,94,246,0.13262526651039602,0.4161419312800613,0.0,0.0005964375492451823,0,4,0
2026092815,maest,unweighted,1.0,temperature,94,246,0.13294685760587385,0.4164138789111853,0.00032159109547783005,0.0009180286447230124,0,4,0
2026092815,maest,unweighted,1.0,platt,94,246,0.13202882896115084,0.41478399590341475,-0.0005964375492451823,0.0,0,4,0
2026092815,maest,unweighted,1.0,beta,94,246,0.13101183649842935,0.4131111765471744,-0.0016134300119666767,-0.0010169924627214944,0,4,1
2026092815,maest,unweighted,1.0,isotonic,94,246,0.13533611901186426,0.7348543603828429,0.0027108525014682416,0.003307290050713424,0,4,0
2026092815,maest,unweighted,1.0,ridge_platt,94,246,0.1325007058064657,0.4156962846825222,-0.00012456070393032648,0.00047187684531485585,0,4,0
2026092815,mert_v0,ambient_balanced,0.25,raw,24,67,0.15131156963259348,0.4680527276164599,0.0,-7.272965677385113e-05,0,4,0
2026092815,mert_v0,ambient_balanced,0.25,prior_offset,24,67,0.14046994193904958,0.44086678173668065,-0.01084162769354391,-0.01091435735031776,0,4,0
2026092815,mert_v0,ambient_balanced,0.25,temperature,24,67,0.15833205452374982,0.48246281520665896,0.007020484891156337,0.0069477552343824855,0,4,0
2026092815,mert_v0,ambient_balanced,0.25,platt,24,67,0.15138429928936734,0.46351305211921257,7.272965677385113e-05,0.0,0,4,0
2026092815,mert_v0,ambient_balanced,0.25,beta,24,67,0.15167242772779932,0.47373592238997786,0.0003608580952058349,0.00028812843843198377,0,4,3
2026092815,mert_v0,ambient_balanced,0.25,isotonic,24,67,0.15600844165875694,0.714624468057026,0.004696872026163451,0.0046241423693896,0,4,0
2026092815,mert_v0,ambient_balanced,0.25,ridge_platt,24,67,0.15054820796815083,0.4649626111589978,-0.0007633616644426577,-0.0008360913212165089,0,4,0
2026092815,mert_v0,ambient_balanced,0.5,raw,47,116,0.15131156963259348,0.4680527276164599,0.0,0.006049016752471076,0,4,0
2026092815,mert_v0,ambient_balanced,0.5,prior_offset,47,116,0.14046994193904958,0.44086678173668065,-0.01084162769354391,-0.0047926109410728335,0,4,0
2026092815,mert_v0,ambient_balanced,0.5,temperature,47,116,0.15334049126127058,0.47016548578745493,0.0020289216286770995,0.008077938381148175,0,4,0
2026092815,mert_v0,ambient_balanced,0.5,platt,47,116,0.1452625528801224,0.4498152263321471,-0.006049016752471076,0.0,0,4,0
2026092815,mert_v0,ambient_balanced,0.5,beta,47,116,0.144747159131537,0.4560160854458973,-0.006564410501056495,-0.0005153937485854188,0,4,2
2026092815,mert_v0,ambient_balanced,0.5,isotonic,47,116,0.14694644913842658,0.6633584563213012,-0.004365120494166902,0.0016838962583041739,0,4,0
2026092815,mert_v0,ambient_balanced,0.5,ridge_platt,47,116,0.1420628297824803,0.44497565415813906,-0.00924873985011318,-0.0031997230976421043,0,4,0
2026092815,mert_v0,ambient_balanced,1.0,raw,94,246,0.15131156963259348,0.4680527276164599,0.0,0.012358601660886842,0,4,0
2026092815,mert_v0,ambient_balanced,1.0,prior_offset,94,246,0.14046994193904958,0.44086678173668065,-0.01084162769354391,0.0015169739673429328,0,4,0
2026092815,mert_v0,ambient_balanced,1.0,temperature,94,246,0.15082634798489275,0.4641654866649005,-0.0004852216477007343,0.011873380013186108,0,4,0
2026092815,mert_v0,ambient_balanced,1.0,platt,94,246,0.13895296797170664,0.4348323522323915,-0.012358601660886842,0.0,0,4,0
2026092815,mert_v0,ambient_balanced,1.0,beta,94,246,0.13875225879350897,0.44337624792856856,-0.012559310839084514,-0.0002007091781976722,0,4,2
2026092815,mert_v0,ambient_balanced,1.0,isotonic,94,246,0.13895187063827663,0.6751315071584891,-0.012359698994316853,-1.0973334300112825e-06,0,4,0
2026092815,mert_v0,ambient_balanced,1.0,ridge_platt,94,246,0.1391110178072875,0.4357030892370027,-0.012200551825305994,0.00015804983558084795,0,4,0
2026092815,mert_v0,unweighted,0.25,raw,24,67,0.14081247359482388,0.441951107082338,0.0,-0.010956249991566497,0,4,0
2026092815,mert_v0,unweighted,0.25,prior_offset,24,67,0.14081247359482388,0.441951107082338,0.0,-0.010956249991566497,0,4,0
2026092815,mert_v0,unweighted,0.25,temperature,24,67,0.14741433028382767,0.45571361496256735,0.006601856689003788,-0.004354393302562709,0,4,0
2026092815,mert_v0,unweighted,0.25,platt,24,67,0.15176872358639037,0.4650109363016097,0.010956249991566497,0.0,0,4,0
2026092815,mert_v0,unweighted,0.25,beta,24,67,0.15234490563821443,0.47645032197988785,0.01153243204339055,0.0005761820518240535,0,4,3
2026092815,mert_v0,unweighted,0.25,isotonic,24,67,0.1558969381692944,0.6833266551829815,0.015084464574470519,0.004128214582904022,0,4,0
2026092815,mert_v0,unweighted,0.25,ridge_platt,24,67,0.14711302658207615,0.4569147583526514,0.006300552987252267,-0.00465569700431423,0,4,0
2026092815,mert_v0,unweighted,0.5,raw,47,116,0.14081247359482388,0.441951107082338,0.0,-0.004817694729314953,0,4,0
2026092815,mert_v0,unweighted,0.5,prior_offset,47,116,0.14081247359482388,0.441951107082338,0.0,-0.004817694729314953,0,4,0
2026092815,mert_v0,unweighted,0.5,temperature,47,116,0.14322584837292013,0.4452202145819347,0.00241337477809625,-0.002404319951218703,0,4,0
2026092815,mert_v0,unweighted,0.5,platt,47,116,0.14563016832413883,0.45141115001456045,0.004817694729314953,0.0,0,4,0
2026092815,mert_v0,unweighted,0.5,beta,47,116,0.14549618838516767,0.4588735603226856,0.004683714790343796,-0.00013397993897115712,0,4,2
2026092815,mert_v0,unweighted,0.5,isotonic,47,116,0.14877422563632461,0.6372291421736195,0.007961752041500736,0.003144057312185783,0,4,0
2026092815,mert_v0,unweighted,0.5,ridge_platt,47,116,0.14346485870609735,0.4481628655961821,0.0026523851112734698,-0.0021653096180414833,0,4,0
2026092815,mert_v0,unweighted,1.0,raw,94,246,0.14081247359482388,0.441951107082338,0.0,0.00141208646413013,0,4,0
2026092815,mert_v0,unweighted,1.0,prior_offset,94,246,0.14081247359482388,0.441951107082338,0.0,0.00141208646413013,0,4,0
2026092815,mert_v0,unweighted,1.0,temperature,94,246,0.14013004238776033,0.43761171276116323,-0.0006824312070635441,0.000729655257066586,0,4,0
2026092815,mert_v0,unweighted,1.0,platt,94,246,0.13940038713069375,0.4365545977898901,-0.00141208646413013,0.0,0,4,0
2026092815,mert_v0,unweighted,1.0,beta,94,246,0.1396376238239651,0.4464111988227051,-0.0011748497708587713,0.00023723669327135877,0,4,2
2026092815,mert_v0,unweighted,1.0,isotonic,94,246,0.13959688054591834,0.6445969864613545,-0.0012155930489055333,0.00019649341522459673,0,4,0
2026092815,mert_v0,unweighted,1.0,ridge_platt,94,246,0.14005653050475736,0.4383643040950517,-0.0007559430900665187,0.0006561433740636113,0,4,0
2026092815,mert_v1,ambient_balanced,0.25,raw,24,67,0.1506441676537454,0.4682289107946979,0.0,0.0019009266202961173,0,4,0
2026092815,mert_v1,ambient_balanced,0.25,prior_offset,24,67,0.1394611373821961,0.4393559126525431,-0.011183030271549294,-0.009282103651253176,0,4,0
2026092815,mert_v1,ambient_balanced,0.25,temperature,24,67,0.15761137510522866,0.481585111075372,0.0069672074514832705,0.008868134071779388,0,4,0
2026092815,mert_v1,ambient_balanced,0.25,platt,24,67,0.14874324103344927,0.4580196102424553,-0.0019009266202961173,0.0,0,4,0
2026092815,mert_v1,ambient_balanced,0.25,beta,24,67,0.14835323515654308,0.46036786168203314,-0.0022909324972023026,-0.0003900058769061854,0,4,2
2026092815,mert_v1,ambient_balanced,0.25,isotonic,24,67,0.1562599445422227,0.7489944175815058,0.0056157768884773085,0.007516703508773426,0,4,0
2026092815,mert_v1,ambient_balanced,0.25,ridge_platt,24,67,0.1493418142038821,0.46382266199603545,-0.0013023534498632916,0.0005985731704328257,0,4,0
2026092815,mert_v1,ambient_balanced,0.5,raw,47,116,0.1506441676537454,0.4682289107946979,0.0,0.007477489133788179,0,4,0
2026092815,mert_v1,ambient_balanced,0.5,prior_offset,47,116,0.1394611373821961,0.4393559126525431,-0.011183030271549294,-0.0037055411377611147,0,4,0
2026092815,mert_v1,ambient_balanced,0.5,temperature,47,116,0.152651877665905,0.4701882197834365,0.0020077100121596025,0.009485199145947781,0,4,0
2026092815,mert_v1,ambient_balanced,0.5,platt,47,116,0.1431666785199572,0.4455063255294141,-0.007477489133788179,0.0,0,4,0
2026092815,mert_v1,ambient_balanced,0.5,beta,47,116,0.1422466976027664,0.44567570619765917,-0.008397470050978989,-0.0009199809171908102,0,4,2
2026092815,mert_v1,ambient_balanced,0.5,isotonic,47,116,0.15043936279626138,0.8842089725362461,-0.00020480485748400334,0.0072726842763041755,0,4,0
2026092815,mert_v1,ambient_balanced,0.5,ridge_platt,47,116,0.1403440788146487,0.4408744300508853,-0.010300088839096694,-0.002822599705308515,0,4,0
2026092815,mert_v1,ambient_balanced,1.0,raw,94,246,0.1506441676537454,0.4682289107946979,0.0,0.013504636350466698,0,4,0
2026092815,mert_v1,ambient_balanced,1.0,prior_offset,94,246,0.1394611373821961,0.4393559126525431,-0.011183030271549294,0.0023216060789174042,0,4,0
2026092815,mert_v1,ambient_balanced,1.0,temperature,94,246,0.1493679548369871,0.46229118532673286,-0.0012762128167582987,0.012228423533708399,0,4,0
2026092815,mert_v1,ambient_balanced,1.0,platt,94,246,0.1371395313032787,0.43153985245755666,-0.013504636350466698,0.0,0,4,0
2026092815,mert_v1,ambient_balanced,1.0,beta,94,246,0.13641913900812094,0.4332271071004286,-0.014225028645624443,-0.0007203922951577457,0,4,2
2026092815,mert_v1,ambient_balanced,1.0,isotonic,94,246,0.14249109932222684,0.8600598523291794,-0.008153068331518548,0.00535156801894815,0,4,0
2026092815,mert_v1,ambient_balanced,1.0,ridge_platt,94,246,0.13794799337907826,0.43494631107943765,-0.012696174274667127,0.0008084620757995709,0,4,0
2026092815,mert_v1,unweighted,0.25,raw,24,67,0.13974253334924108,0.4406328008105079,0.0,-0.009449258675686079,0,4,0
2026092815,mert_v1,unweighted,0.25,prior_offset,24,67,0.13974253334924108,0.4406328008105079,0.0,-0.009449258675686079,0,4,0
2026092815,mert_v1,unweighted,0.25,temperature,24,67,0.14633849161439955,0.4537794696205311,0.006595958265158464,-0.002853300410527615,0,4,0
2026092815,mert_v1,unweighted,0.25,platt,24,67,0.14919179202492716,0.4594164651710372,0.009449258675686079,0.0,0,4,0
2026092815,mert_v1,unweighted,0.25,beta,24,67,0.1491846875960487,0.46334535497526963,0.00944215424680761,-7.104428878468294e-06,0,4,2
2026092815,mert_v1,unweighted,0.25,isotonic,24,67,0.15507370656371602,0.6774947625833835,0.015331173214474941,0.005881914538788863,0,4,0
2026092815,mert_v1,unweighted,0.25,ridge_platt,24,67,0.1461364358042186,0.45539257676803757,0.006393902454977507,-0.0030553562207085716,0,4,0
2026092815,mert_v1,unweighted,0.5,raw,47,116,0.13974253334924108,0.4406328008105079,0.0,-0.003776093211925513,0,4,0
2026092815,mert_v1,unweighted,0.5,prior_offset,47,116,0.13974253334924108,0.4406328008105079,0.0,-0.003776093211925513,0,4,0
2026092815,mert_v1,unweighted,0.5,temperature,47,116,0.14172856465307654,0.4423988618673129,0.001986031303835456,-0.001790061908090057,0,4,0
2026092815,mert_v1,unweighted,0.5,platt,47,116,0.1435186265611666,0.44693409568314457,0.003776093211925513,0.0,0,4,0
2026092815,mert_v1,unweighted,0.5,beta,47,116,0.14301709663622064,0.4486559633124061,0.0032745632869795593,-0.0005015299249459537,0,4,2
2026092815,mert_v1,unweighted,0.5,isotonic,47,116,0.1495791699241755,0.8135909524653047,0.009836636574934415,0.006060543363008902,0,4,0
2026092815,mert_v1,unweighted,0.5,ridge_platt,47,116,0.14160444767697195,0.44351140076149054,0.0018619143277308625,-0.0019141788841946505,0,4,0
2026092815,mert_v1,unweighted,1.0,raw,94,246,0.13974253334924108,0.4406328008105079,0.0,0.002130466278197962,0,4,0
2026092815,mert_v1,unweighted,1.0,prior_offset,94,246,0.13974253334924108,0.4406328008105079,0.0,0.002130466278197962,0,4,0
2026092815,mert_v1,unweighted,1.0,temperature,94,246,0.13837628723688344,0.4346558467868473,-0.0013662461123576386,0.0007642201658403236,0,4,0
2026092815,mert_v1,unweighted,1.0,platt,94,246,0.13761206707104312,0.43321443691617095,-0.002130466278197962,0.0,0,4,0
2026092815,mert_v1,unweighted,1.0,beta,94,246,0.13734157530878702,0.4363543571612097,-0.0024009580404540654,-0.00027049176225610316,0,4,2
2026092815,mert_v1,unweighted,1.0,isotonic,94,246,0.14314034862372824,0.7930768705891481,0.0033978152744871537,0.005528281552685116,0,4,0
2026092815,mert_v1,unweighted,1.0,ridge_platt,94,246,0.13900087155280028,0.4374980997438112,-0.0007416617964408068,0.0013888044817571554,0,4,0
2026092816,maest,ambient_balanced,0.25,raw,24,64,0.13927856474249856,0.43255662564990943,0.0,0.003258678074015059,0,4,0
2026092816,maest,ambient_balanced,0.25,prior_offset,24,64,0.12565009907011096,0.3989970574934786,-0.013628465672387596,-0.010369787598372537,0,4,0
2026092816,maest,ambient_balanced,0.25,temperature,24,64,0.14036052139639588,0.4336194446078563,0.0010819566538973202,0.004340634727912379,0,4,0
2026092816,maest,ambient_balanced,0.25,platt,24,64,0.1360198866684835,0.43089003531336595,-0.003258678074015059,0.0,0,4,0
2026092816,maest,ambient_balanced,0.25,beta,24,64,0.13557903718280315,0.42962629452598183,-0.003699527559695409,-0.0004408494856803502,0,4,2
2026092816,maest,ambient_balanced,0.25,isotonic,24,64,0.14147655421885919,0.866917354044975,0.002197989476360629,0.005456667550375688,0,4,0
2026092816,maest,ambient_balanced,0.25,ridge_platt,24,64,0.13108549009289622,0.41287356263167185,-0.008193074649602339,-0.00493439657558728,0,4,0
2026092816,maest,ambient_balanced,0.5,raw,47,115,0.13927856474249856,0.43255662564990943,0.0,0.006509964279862057,0,4,0
2026092816,maest,ambient_balanced,0.5,prior_offset,47,115,0.12565009907011096,0.3989970574934786,-0.013628465672387596,-0.007118501392525539,0,4,0
2026092816,maest,ambient_balanced,0.5,temperature,47,115,0.14010390392232544,0.4339397238614082,0.0008253391798268839,0.007335303459688941,0,4,0
2026092816,maest,ambient_balanced,0.5,platt,47,115,0.1327686004626365,0.41867758881114436,-0.006509964279862057,0.0,0,4,0
2026092816,maest,ambient_balanced,0.5,beta,47,115,0.1322838247579815,0.42138545249068293,-0.006994739984517051,-0.00048477570465499387,0,4,2
2026092816,maest,ambient_balanced,0.5,isotonic,47,115,0.13590129930075914,0.9489494480732754,-0.0033772654417394132,0.003132698838122644,0,4,0
2026092816,maest,ambient_balanced,0.5,ridge_platt,47,115,0.1302330695317792,0.41094375693613094,-0.009045495210719345,-0.002535530930857288,0,4,0
2026092816,maest,ambient_balanced,1.0,raw,94,234,0.13927856474249856,0.43255662564990943,0.0,0.012095460649829332,0,4,0
2026092816,maest,ambient_balanced,1.0,prior_offset,94,234,0.12565009907011096,0.3989970574934786,-0.013628465672387596,-0.0015330050225582648,0,4,0
2026092816,maest,ambient_balanced,1.0,temperature,94,234,0.14052182704684568,0.43567399094755116,0.0012432623043471258,0.013338722954176457,0,4,0
2026092816,maest,ambient_balanced,1.0,platt,94,234,0.12718310409266922,0.4022749884608412,-0.012095460649829332,0.0,0,4,0
2026092816,maest,ambient_balanced,1.0,beta,94,234,0.1275775181099054,0.40354088393422793,-0.011701046632593165,0.00039441401723616654,0,4,1
2026092816,maest,ambient_balanced,1.0,isotonic,94,234,0.12969128090415527,0.5605609472190736,-0.009587283838343286,0.002508176811486046,0,4,0
2026092816,maest,ambient_balanced,1.0,ridge_platt,94,234,0.12546982065645584,0.39735249237405024,-0.013808744086042712,-0.0017132834362133809,0,4,0
2026092816,maest,unweighted,0.25,raw,24,64,0.12577019503101403,0.3986440379056687,0.0,-0.01001927065688693,0,4,0
2026092816,maest,unweighted,0.25,prior_offset,24,64,0.12577019503101403,0.3986440379056687,0.0,-0.01001927065688693,0,4,0
2026092816,maest,unweighted,0.25,temperature,24,64,0.12794219835946052,0.40423249723636456,0.002172003328446498,-0.007847267328440433,0,4,0
2026092816,maest,unweighted,0.25,platt,24,64,0.13578946568790096,0.4301544000615365,0.01001927065688693,0.0,0,4,0
2026092816,maest,unweighted,0.25,beta,24,64,0.13504270738379734,0.4282310820097115,0.009272512352783313,-0.0007467583041036174,0,4,2
2026092816,maest,unweighted,0.25,isotonic,24,64,0.1396618624151968,0.862766075739415,0.013891667384182765,0.003872396727295835,0,4,0
2026092816,maest,unweighted,0.25,ridge_platt,24,64,0.12577019503101403,0.3986440379056687,0.0,-0.01001927065688693,0,4,0
2026092816,maest,unweighted,0.5,raw,47,115,0.12577019503101403,0.3986440379056687,0.0,-0.0068486008747391525,0,4,0
2026092816,maest,unweighted,0.5,prior_offset,47,115,0.12577019503101403,0.3986440379056687,0.0,-0.0068486008747391525,0,4,0
2026092816,maest,unweighted,0.5,temperature,47,115,0.12712206903008708,0.40211278783138094,0.00135187399907305,-0.0054967268756661025,0,4,0
2026092816,maest,unweighted,0.5,platt,47,115,0.13261879590575318,0.41815385359748036,0.0068486008747391525,0.0,0,4,0
2026092816,maest,unweighted,0.5,beta,47,115,0.13196584792461796,0.42001238101376714,0.006195652893603937,-0.0006529479811352157,0,4,2
2026092816,maest,unweighted,0.5,isotonic,47,115,0.13492491474314486,0.9459246479450156,0.009154719712130832,0.0023061188373916797,0,4,0
2026092816,maest,unweighted,0.5,ridge_platt,47,115,0.1303907705518337,0.4105657211706588,0.004620575520819681,-0.0022280253539194717,0,4,0
2026092816,maest,unweighted,1.0,raw,94,234,0.12577019503101403,0.3986440379056687,0.0,-0.0012848457468924435,0,4,0
2026092816,maest,unweighted,1.0,prior_offset,94,234,0.12577019503101403,0.3986440379056687,0.0,-0.0012848457468924435,0,4,0
2026092816,maest,unweighted,1.0,temperature,94,234,0.12742303448547282,0.4033578680233795,0.0016528394544587932,0.00036799370756634975,0,4,0
2026092816,maest,unweighted,1.0,platt,94,234,0.12705504077790647,0.4018778508938736,0.0012848457468924435,0.0,0,4,0
2026092816,maest,unweighted,1.0,beta,94,234,0.12740733017651748,0.40220677386109394,0.0016371351455034544,0.00035228939861101094,0,4,1
2026092816,maest,unweighted,1.0,isotonic,94,234,0.1291251696835843,0.5591537972715716,0.003354974652570286,0.0020701289056778427,0,4,0
2026092816,maest,unweighted,1.0,ridge_platt,94,234,0.1251811307060392,0.39636244020660766,-0.0005890643249748251,-0.0018739100718672685,0,4,0
2026092816,mert_v0,ambient_balanced,0.25,raw,24,64,0.15600803366124588,0.4790004666718601,0.0,0.00919352401843801,0,4,0
2026092816,mert_v0,ambient_balanced,0.25,prior_offset,24,64,0.14124854766754816,0.44141211058158675,-0.014759485993697724,-0.0055659619752597145,0,4,0
2026092816,mert_v0,ambient_balanced,0.25,temperature,24,64,0.1607954497585052,0.49530248594608595,0.004787416097259328,0.013980940115697338,0,4,0
2026092816,mert_v0,ambient_balanced,0.25,platt,24,64,0.14681450964280787,0.4661998608348767,-0.00919352401843801,0.0,0,4,0
2026092816,mert_v0,ambient_balanced,0.25,beta,24,64,0.14679110580492635,0.47922503997314314,-0.009216927856319529,-2.340383788151934e-05,0,4,3
2026092816,mert_v0,ambient_balanced,0.25,isotonic,24,64,0.15212877369406674,1.1238473466888466,-0.0038792599671791383,0.005314264051258871,0,4,0
2026092816,mert_v0,ambient_balanced,0.25,ridge_platt,24,64,0.15844067750361085,0.4887938430379422,0.0024326438423649677,0.011626167860802977,0,4,0
2026092816,mert_v0,ambient_balanced,0.5,raw,47,115,0.15600803366124588,0.4790004666718601,0.0,0.01140944430133875,0,4,0
2026092816,mert_v0,ambient_balanced,0.5,prior_offset,47,115,0.14124854766754816,0.44141211058158675,-0.014759485993697724,-0.0033500416923589738,0,4,0
2026092816,mert_v0,ambient_balanced,0.5,temperature,47,115,0.15971434818864608,0.4909849463681597,0.003706314527400195,0.015115758828738945,0,4,0
2026092816,mert_v0,ambient_balanced,0.5,platt,47,115,0.14459858935990713,0.453990724580331,-0.01140944430133875,0.0,0,4,0
2026092816,mert_v0,ambient_balanced,0.5,beta,47,115,0.1427875222998734,0.4583661528716564,-0.013220511361372478,-0.0018110670600337275,0,4,3
2026092816,mert_v0,ambient_balanced,0.5,isotonic,47,115,0.14838230735453226,0.925421197937935,-0.007625726306713626,0.0037837179946251243,0,4,0
2026092816,mert_v0,ambient_balanced,0.5,ridge_platt,47,115,0.14363536341742178,0.4491902849404593,-0.012372670243824102,-0.0009632259424853518,0,4,0
2026092816,mert_v0,ambient_balanced,1.0,raw,94,234,0.15600803366124588,0.4790004666718601,0.0,0.015193884097958271,0,4,0
2026092816,mert_v0,ambient_balanced,1.0,prior_offset,94,234,0.14124854766754816,0.44141211058158675,-0.014759485993697724,0.00043439810426054715,0,4,0
2026092816,mert_v0,ambient_balanced,1.0,temperature,94,234,0.15829475607500165,0.4837285428470771,0.0022867224137557707,0.017480606511714042,0,4,0
2026092816,mert_v0,ambient_balanced,1.0,platt,94,234,0.1408141495632876,0.44121206781877786,-0.015193884097958271,0.0,0,4,0
2026092816,mert_v0,ambient_balanced,1.0,beta,94,234,0.14040247372351938,0.43897516982611645,-0.015605559937726499,-0.0004116758397682274,0,4,1
2026092816,mert_v0,ambient_balanced,1.0,isotonic,94,234,0.14093682413320663,0.6557715632761185,-0.015071209528039253,0.00012267456991901793,0,4,0
2026092816,mert_v0,ambient_balanced,1.0,ridge_platt,94,234,0.14100448467674057,0.44053865884128135,-0.015003548984505316,0.00019033511345295517,0,4,0
2026092816,mert_v0,unweighted,0.25,raw,24,64,0.14077913473767262,0.44036738635640194,0.0,-0.005759716924064212,0,4,0
2026092816,mert_v0,unweighted,0.25,prior_offset,24,64,0.14077913473767262,0.44036738635640194,0.0,-0.005759716924064212,0,4,0
2026092816,mert_v0,unweighted,0.25,temperature,24,64,0.14588546671176497,0.4602833511729872,0.005106331974092354,-0.000653384949971858,0,4,0
2026092816,mert_v0,unweighted,0.25,platt,24,64,0.14653885166173683,0.46559560982387266,0.005759716924064212,0.0,0,4,0
2026092816,mert_v0,unweighted,0.25,beta,24,64,0.14682963888120512,0.4796085864867429,0.0060505041435325035,0.00029078721946829145,0,4,3
2026092816,mert_v0,unweighted,0.25,isotonic,24,64,0.15212787642548634,1.1229031697266612,0.011348741687813718,0.005589024763749506,0,4,0
2026092816,mert_v0,unweighted,0.25,ridge_platt,24,64,0.14504920302182508,0.45477267518665243,0.004270068284152467,-0.0014896486399117448,0,4,0
2026092816,mert_v0,unweighted,0.5,raw,47,115,0.14077913473767262,0.44036738635640194,0.0,-0.003531410803909729,0,4,0
2026092816,mert_v0,unweighted,0.5,prior_offset,47,115,0.14077913473767262,0.44036738635640194,0.0,-0.003531410803909729,0,4,0
2026092816,mert_v0,unweighted,0.5,temperature,47,115,0.14434225370330855,0.45296552399286627,0.0035631189656359363,3.170816172620716e-05,0,4,0
2026092816,mert_v0,unweighted,0.5,platt,47,115,0.14431054554158235,0.4533820643422948,0.003531410803909729,0.0,0,4,0
2026092816,mert_v0,unweighted,0.5,beta,47,115,0.14285740892175547,0.4587487597752514,0.002078274184082851,-0.001453136619826878,0,4,3
2026092816,mert_v0,unweighted,0.5,isotonic,47,115,0.1480151521155789,0.9237815200249149,0.007236017377906273,0.003704606573996544,0,4,0
2026092816,mert_v0,unweighted,0.5,ridge_platt,47,115,0.1435738733018172,0.44802319620694975,0.002794738564144583,-0.000736672239765146,0,4,0
2026092816,mert_v0,unweighted,1.0,raw,94,234,0.14077913473767262,0.44036738635640194,0.0,0.0001522875234521992,0,4,0
2026092816,mert_v0,unweighted,1.0,prior_offset,94,234,0.14077913473767262,0.44036738635640194,0.0,0.0001522875234521992,0,4,0
2026092816,mert_v0,unweighted,1.0,temperature,94,234,0.14259653625096863,0.44471544306551375,0.001817401513296013,0.0019696890367482123,0,4,0
2026092816,mert_v0,unweighted,1.0,platt,94,234,0.14062684721422042,0.4407928512817339,-0.0001522875234521992,0.0,0,4,0
2026092816,mert_v0,unweighted,1.0,beta,94,234,0.14054217155758955,0.4394613564732737,-0.00023696318008306627,-8.467565663086707e-05,0,4,1
2026092816,mert_v0,unweighted,1.0,isotonic,94,234,0.14041925421163448,0.6537808481392697,-0.0003598805260381366,-0.00020759300258593738,0,4,0
2026092816,mert_v0,unweighted,1.0,ridge_platt,94,234,0.14146741317790587,0.4406126196202567,0.0006882784402332531,0.0008405659636854523,0,4,0
2026092816,mert_v1,ambient_balanced,0.25,raw,24,64,0.1576919361103717,0.48347753907259383,0.0,0.011720071536393178,0,4,0
2026092816,mert_v1,ambient_balanced,0.25,prior_offset,24,64,0.1406499290159976,0.43923156988079765,-0.01704200709437409,-0.005321935557980911,0,4,0
2026092816,mert_v1,ambient_balanced,0.25,temperature,24,64,0.16222252641303225,0.49929761369591913,0.004530590302660564,0.016250661839053743,0,4,0
2026092816,mert_v1,ambient_balanced,0.25,platt,24,64,0.1459718645739785,0.47033685309659085,-0.011720071536393178,0.0,0,4,0
2026092816,mert_v1,ambient_balanced,0.25,beta,24,64,0.1471509065732203,0.4784280652501877,-0.010541029537151386,0.0011790419992417922,0,4,2
2026092816,mert_v1,ambient_balanced,0.25,isotonic,24,64,0.1532758483918464,1.104884420197473,-0.00441608771852528,0.007303983817867898,0,4,0
2026092816,mert_v1,ambient_balanced,0.25,ridge_platt,24,64,0.16117382015589615,0.49984706044663935,0.0034818840455244637,0.015201955581917642,0,4,0
2026092816,mert_v1,ambient_balanced,0.5,raw,47,115,0.1576919361103717,0.48347753907259383,0.0,0.01344662217251455,0,4,0
2026092816,mert_v1,ambient_balanced,0.5,prior_offset,47,115,0.1406499290159976,0.43923156988079765,-0.01704200709437409,-0.00359538492185954,0,4,0
2026092816,mert_v1,ambient_balanced,0.5,temperature,47,115,0.1617994661172993,0.4978482815814739,0.004107530006927623,0.017554152179442173,0,4,0
2026092816,mert_v1,ambient_balanced,0.5,platt,47,115,0.14424531393785714,0.45531866359477713,-0.01344662217251455,0.0,0,4,0
2026092816,mert_v1,ambient_balanced,0.5,beta,47,115,0.14216401550160096,0.4546860949370525,-0.015527920608770729,-0.0020812984362561793,0,4,3
2026092816,mert_v1,ambient_balanced,0.5,isotonic,47,115,0.14673022859483326,0.7093817168549716,-0.010961707515538432,0.002484914656976117,0,4,0
2026092816,mert_v1,ambient_balanced,0.5,ridge_platt,47,115,0.14370566299908008,0.44853527164126383,-0.013986273111291608,-0.0005396509387770587,0,4,0
2026092816,mert_v1,ambient_balanced,1.0,raw,94,234,0.1576919361103717,0.48347753907259383,0.0,0.017635208241563588,0,4,0
2026092816,mert_v1,ambient_balanced,1.0,prior_offset,94,234,0.1406499290159976,0.43923156988079765,-0.01704200709437409,0.0005932011471894982,0,4,0
2026092816,mert_v1,ambient_balanced,1.0,temperature,94,234,0.15953467393985005,0.4858673015717814,0.001842737829478358,0.019477946071041946,0,4,0
2026092816,mert_v1,ambient_balanced,1.0,platt,94,234,0.1400567278688081,0.4385783158171085,-0.017635208241563588,0.0,0,4,0
2026092816,mert_v1,ambient_balanced,1.0,beta,94,234,0.13910465143681078,0.43633375030501903,-0.01858728467356091,-0.000952076431997323,0,4,2
2026092816,mert_v1,ambient_balanced,1.0,isotonic,94,234,0.13617671371312548,0.5808532146700237,-0.02151522239724621,-0.0038800141556826206,0,4,0
2026092816,mert_v1,ambient_balanced,1.0,ridge_platt,94,234,0.14005568487704778,0.4373790024517603,-0.017636251233323907,-1.0429917603194117e-06,0,4,0
2026092816,mert_v1,unweighted,0.25,raw,24,64,0.14035444762834862,0.4389497653531667,0.0,-0.005457219291715082,0,4,0
2026092816,mert_v1,unweighted,0.25,prior_offset,24,64,0.14035444762834862,0.4389497653531667,0.0,-0.005457219291715082,0,4,0
2026092816,mert_v1,unweighted,0.25,temperature,24,64,0.1459634684719487,0.4616795443259212,0.005609020843600071,0.00015180155188498912,0,4,0
2026092816,mert_v1,unweighted,0.25,platt,24,64,0.1458116669200637,0.4698723421061222,0.005457219291715082,0.0,0,4,0
2026092816,mert_v1,unweighted,0.25,beta,24,64,0.14725178554093796,0.47880653466416545,0.006897337912589341,0.001440118620874259,0,4,2
2026092816,mert_v1,unweighted,0.25,isotonic,24,64,0.15241326370435893,1.1019947350560555,0.01205881607601031,0.006601596784295227,0,4,0
2026092816,mert_v1,unweighted,0.25,ridge_platt,24,64,0.14383633167387308,0.4553192867272122,0.0034818840455244637,-0.001975335246190618,0,4,0
2026092816,mert_v1,unweighted,0.5,raw,47,115,0.14035444762834862,0.4389497653531667,0.0,-0.003713115241993581,0,4,0
2026092816,mert_v1,unweighted,0.5,prior_offset,47,115,0.14035444762834862,0.4389497653531667,0.0,-0.003713115241993581,0,4,0
2026092816,mert_v1,unweighted,0.5,temperature,47,115,0.14467124206247603,0.45587650661251344,0.004316794434127413,0.0006036791921338325,0,4,0
2026092816,mert_v1,unweighted,0.5,platt,47,115,0.1440675628703422,0.4548933814766948,0.003713115241993581,0.0,0,4,0
2026092816,mert_v1,unweighted,0.5,beta,47,115,0.14235280549479135,0.45519384622873293,0.0019983578664427293,-0.0017147573755508516,0,4,3
2026092816,mert_v1,unweighted,0.5,isotonic,47,115,0.14663849987620475,0.7083416463705183,0.006284052247856137,0.002570937005862556,0,4,0
2026092816,mert_v1,unweighted,0.5,ridge_platt,47,115,0.14404923234660597,0.4477710163609409,0.003694784718257349,-1.8330523736231896e-05,0,4,0
2026092816,mert_v1,unweighted,1.0,raw,94,234,0.14035444762834862,0.4389497653531667,0.0,0.00047741410884047375,0,4,0
2026092816,mert_v1,unweighted,1.0,prior_offset,94,234,0.14035444762834862,0.4389497653531667,0.0,0.00047741410884047375,0,4,0
2026092816,mert_v1,unweighted,1.0,temperature,94,234,0.14234463799078936,0.4433121950672978,0.001990190362440747,0.0024676044712812206,0,4,0
2026092816,mert_v1,unweighted,1.0,platt,94,234,0.13987703351950814,0.438305356434306,-0.00047741410884047375,0.0,0,4,0
2026092816,mert_v1,unweighted,1.0,beta,94,234,0.13933579027983267,0.4369703115808046,-0.0010186573485159445,-0.0005412432396754707,0,4,2
2026092816,mert_v1,unweighted,1.0,isotonic,94,234,0.13593279461086102,0.579640002576383,-0.004421653017487592,-0.003944238908647119,0,4,0
2026092816,mert_v1,unweighted,1.0,ridge_platt,94,234,0.14077792522870602,0.4379511398677687,0.0004234776003574081,0.0009008917091978819,0,4,0
2026092817,maest,ambient_balanced,0.25,raw,24,54,0.13394550768491897,0.419875662478343,0.0,-0.0038493729325389248,0,4,0
2026092817,maest,ambient_balanced,0.25,prior_offset,24,54,0.12777693576979715,0.4055852474871383,-0.006168571915121823,-0.010017944847660748,0,4,0
2026092817,maest,ambient_balanced,0.25,temperature,24,54,0.13997484151068212,0.4795691750289394,0.00602933382576315,0.0021799608932242254,0,4,0
2026092817,maest,ambient_balanced,0.25,platt,24,54,0.1377948806174579,0.47416204077340496,0.0038493729325389248,0.0,0,4,0
2026092817,maest,ambient_balanced,0.25,beta,24,54,0.14303260322311595,0.4950807775133901,0.009087095538196976,0.005237722605658052,0,4,3
2026092817,maest,ambient_balanced,0.25,isotonic,24,54,0.1394497305146988,1.5834766221228846,0.005504222829779831,0.0016548498972409065,0,4,0
2026092817,maest,ambient_balanced,0.25,ridge_platt,24,54,0.1338818384369899,0.43096071184340334,-6.366924792908235e-05,-0.003913042180468007,0,4,0
2026092817,maest,ambient_balanced,0.5,raw,47,95,0.13394550768491897,0.419875662478343,0.0,0.0012049591714901053,0,4,0
2026092817,maest,ambient_balanced,0.5,prior_offset,47,95,0.12777693576979715,0.4055852474871383,-0.006168571915121823,-0.004963612743631718,0,4,0
2026092817,maest,ambient_balanced,0.5,temperature,47,95,0.1353578304111369,0.4288296976074834,0.0014123227262179128,0.002617281897708018,0,4,0
2026092817,maest,ambient_balanced,0.5,platt,47,95,0.13274054851342887,0.42414979748404125,-0.0012049591714901053,0.0,0,4,0
2026092817,maest,ambient_balanced,0.5,beta,47,95,0.1355581941194026,0.441096406878591,0.0016126864344836178,0.002817645605973723,0,4,1
2026092817,maest,ambient_balanced,0.5,isotonic,47,95,0.1391405082083374,1.088539538776813,0.005195000523418425,0.00639995969490853,0,4,0
2026092817,maest,ambient_balanced,0.5,ridge_platt,47,95,0.13057441943305956,0.41177097811295915,-0.0033710882518594165,-0.002166129080369311,0,4,0
2026092817,maest,ambient_balanced,1.0,raw,94,239,0.13394550768491897,0.419875662478343,0.0,0.004369777542473002,0,4,0
2026092817,maest,ambient_balanced,1.0,prior_offset,94,239,0.12777693576979715,0.4055852474871383,-0.006168571915121823,-0.001798794372648821,0,4,0
2026092817,maest,ambient_balanced,1.0,temperature,94,239,0.13425993693248425,0.42153911840260183,0.0003144292475652788,0.004684206790038281,0,4,0
2026092817,maest,ambient_balanced,1.0,platt,94,239,0.12957573014244597,0.4100272318685634,-0.004369777542473002,0.0,0,4,0
2026092817,maest,ambient_balanced,1.0,beta,94,239,0.13118131029690855,0.41770357815126224,-0.0027641973880104254,0.001605580154462577,0,4,0
2026092817,maest,ambient_balanced,1.0,isotonic,94,239,0.1312868926326263,0.7378450950983874,-0.0026586150522926733,0.001711162490180329,0,4,0
2026092817,maest,ambient_balanced,1.0,ridge_platt,94,239,0.12911477551682193,0.4082288445036821,-0.0048307321680970405,-0.0004609546256240382,0,4,0
2026092817,maest,unweighted,0.25,raw,24,54,0.12707403624674107,0.4031252942070308,0.0,-0.010547058336194765,0,4,0
2026092817,maest,unweighted,0.25,prior_offset,24,54,0.12707403624674107,0.4031252942070308,0.0,-0.010547058336194765,0,4,0
2026092817,maest,unweighted,0.25,temperature,24,54,0.13310372886864016,0.46282834566447817,0.006029692621899091,-0.004517365714295674,0,4,0
2026092817,maest,unweighted,0.25,platt,24,54,0.13762109458293584,0.4737169481289122,0.010547058336194765,0.0,0,4,0
2026092817,maest,unweighted,0.25,beta,24,54,0.1420729826953096,0.49289387180496125,0.014998946448568529,0.004451888112373764,0,4,3
2026092817,maest,unweighted,0.25,isotonic,24,54,0.1397940508772696,1.5849701980068267,0.01272001463052852,0.0021729562943337555,0,4,0
2026092817,maest,unweighted,0.25,ridge_platt,24,54,0.12935113499627202,0.4205167271073391,0.0022770987495309425,-0.008269959586663822,0,4,0
2026092817,maest,unweighted,0.5,raw,47,95,0.12707403624674107,0.4031252942070308,0.0,-0.004960988508369374,0,4,0
2026092817,maest,unweighted,0.5,prior_offset,47,95,0.12707403624674107,0.4031252942070308,0.0,-0.004960988508369374,0,4,0
2026092817,maest,unweighted,0.5,temperature,47,95,0.12848123132225647,0.4118311351060619,0.0014071950755153995,-0.0035537934328539744,0,4,0
2026092817,maest,unweighted,0.5,platt,47,95,0.13203502475511045,0.4224602033966196,0.004960988508369374,0.0,0,4,0
2026092817,maest,unweighted,0.5,beta,47,95,0.13439498877182718,0.4386495427663263,0.007320952525086105,0.0023599640167167313,0,4,1
2026092817,maest,unweighted,0.5,isotonic,47,95,0.13997278170869262,1.0904144333134225,0.01289874546195155,0.007937756953582176,0,4,0
2026092817,maest,unweighted,0.5,ridge_platt,47,95,0.12707403624674107,0.4031252942070308,0.0,-0.004960988508369374,0,4,0
2026092817,maest,unweighted,1.0,raw,94,239,0.12707403624674107,0.4031252942070308,0.0,-0.00218963079789683,0,4,0
2026092817,maest,unweighted,1.0,prior_offset,94,239,0.12707403624674107,0.4031252942070308,0.0,-0.00218963079789683,0,4,0
2026092817,maest,unweighted,1.0,temperature,94,239,0.12732535186984248,0.40429033976643514,0.00025131562310140576,-0.0019383151747954241,0,4,0
2026092817,maest,unweighted,1.0,platt,94,239,0.1292636670446379,0.40931684037348376,0.00218963079789683,0.0,0,4,0
2026092817,maest,unweighted,1.0,beta,94,239,0.13068067735540556,0.41657982693270623,0.003606641108664488,0.001417010310767658,0,4,1
2026092817,maest,unweighted,1.0,isotonic,94,239,0.13066670043185083,0.7361588179917424,0.0035926641851097563,0.0014030333872129264,0,4,0
2026092817,maest,unweighted,1.0,ridge_platt,94,239,0.12880271241901387,0.40751845300860245,0.0017286761722727917,-0.0004609546256240382,0,4,0
2026092817,mert_v0,ambient_balanced,0.25,raw,24,54,0.15155504154096103,0.4704871467250034,0.0,-0.004557444973724484,0,4,0
2026092817,mert_v0,ambient_balanced,0.25,prior_offset,24,54,0.14296235789761982,0.4486066931506926,-0.008592683643341203,-0.013150128617065687,0,4,0
2026092817,mert_v0,ambient_balanced,0.25,temperature,24,54,0.15686207724328727,0.5189999025503491,0.0053070357023262404,0.0007495907286017567,0,4,0
2026092817,mert_v0,ambient_balanced,0.25,platt,24,54,0.1561124865146855,0.5173214273180947,0.004557444973724484,0.0,0,4,0
2026092817,mert_v0,ambient_balanced,0.25,beta,24,54,0.1571688735338886,0.5119836550815648,0.005613831992927559,0.0010563870192030755,0,4,2
2026092817,mert_v0,ambient_balanced,0.25,isotonic,24,54,0.15953504902839907,1.551690369908293,0.007980007487438046,0.003422562513713562,0,4,0
2026092817,mert_v0,ambient_balanced,0.25,ridge_platt,24,54,0.14766687954106048,0.4792396284697058,-0.0038881619999005523,-0.008445606973625036,0,4,0
2026092817,mert_v0,ambient_balanced,0.5,raw,47,95,0.15155504154096103,0.4704871467250034,0.0,0.006320309922290962,0,4,0
2026092817,mert_v0,ambient_balanced,0.5,prior_offset,47,95,0.14296235789761982,0.4486066931506926,-0.008592683643341203,-0.0022723737210502415,0,4,0
2026092817,mert_v0,ambient_balanced,0.5,temperature,47,95,0.1510713448668552,0.4701997006579268,-0.0004836966741058324,0.00583661324818513,0,4,0
2026092817,mert_v0,ambient_balanced,0.5,platt,47,95,0.14523473161867007,0.4541141293267372,-0.006320309922290962,0.0,0,4,0
2026092817,mert_v0,ambient_balanced,0.5,beta,47,95,0.14543151699181872,0.4532697777504256,-0.006123524549142306,0.00019678537314865574,0,4,3
2026092817,mert_v0,ambient_balanced,0.5,isotonic,47,95,0.15056178667563888,1.0250133968124953,-0.0009932548653221462,0.005327055056968816,0,4,0
2026092817,mert_v0,ambient_balanced,0.5,ridge_platt,47,95,0.14370250844592705,0.45000122572100576,-0.007852533095033976,-0.0015322231727430136,0,4,0
2026092817,mert_v0,ambient_balanced,1.0,raw,94,239,0.15155504154096103,0.4704871467250034,0.0,0.009434764403193435,0,4,0
2026092817,mert_v0,ambient_balanced,1.0,prior_offset,94,239,0.14296235789761982,0.4486066931506926,-0.008592683643341203,0.0008420807598522317,0,4,0
2026092817,mert_v0,ambient_balanced,1.0,temperature,94,239,0.15077541504734332,0.4682646192377161,-0.0007796264936177077,0.008655137909575727,0,4,0
2026092817,mert_v0,ambient_balanced,1.0,platt,94,239,0.1421202771377676,0.4455374811151625,-0.009434764403193435,0.0,0,4,0
2026092817,mert_v0,ambient_balanced,1.0,beta,94,239,0.14197206225650535,0.4451358730684388,-0.009582979284455673,-0.00014821488126223747,0,4,2
2026092817,mert_v0,ambient_balanced,1.0,isotonic,94,239,0.14499059221884494,0.6144183792733355,-0.006564449322116084,0.0028703150810773514,0,4,0
2026092817,mert_v0,ambient_balanced,1.0,ridge_platt,94,239,0.14334124597901543,0.4491475463857406,-0.008213795561945597,0.0012209688412478381,0,4,0
2026092817,mert_v0,unweighted,0.25,raw,24,54,0.1424506894068714,0.4470462966699809,0.0,-0.013135253227353622,0,4,0
2026092817,mert_v0,unweighted,0.25,prior_offset,24,54,0.1424506894068714,0.4470462966699809,0.0,-0.013135253227353622,0,4,0
2026092817,mert_v0,unweighted,0.25,temperature,24,54,0.14739826719986043,0.4966302705587048,0.004947577792989044,-0.008187675434364577,0,4,0
2026092817,mert_v0,unweighted,0.25,platt,24,54,0.155585942634225,0.5158977247199078,0.013135253227353622,0.0,0,4,0
2026092817,mert_v0,unweighted,0.25,beta,24,54,0.15658925607476365,0.5101817608599573,0.01413856666789226,0.001003313440538639,0,4,2
2026092817,mert_v0,unweighted,0.25,isotonic,24,54,0.1595287195525193,1.5514032533930677,0.017078030145647904,0.003942776918294283,0,4,0
2026092817,mert_v0,unweighted,0.25,ridge_platt,24,54,0.14582919386384796,0.47531964857287323,0.003378504456976572,-0.00975674877037705,0,4,0
2026092817,mert_v0,unweighted,0.5,raw,47,95,0.1424506894068714,0.4470462966699809,0.0,-0.002262322143267659,0,4,0
2026092817,mert_v0,unweighted,0.5,prior_offset,47,95,0.1424506894068714,0.4470462966699809,0.0,-0.002262322143267659,0,4,0
2026092817,mert_v0,unweighted,0.5,temperature,47,95,0.14171990679922705,0.4461031955923507,-0.0007307826076443369,-0.0029931047509119957,0,4,0
2026092817,mert_v0,unweighted,0.5,platt,47,95,0.14471301155013905,0.4527711368154256,0.002262322143267659,0.0,0,4,0
2026092817,mert_v0,unweighted,0.5,beta,47,95,0.14497984685493115,0.4522548417364545,0.00252915744805976,0.00026683530479210127,0,4,3
2026092817,mert_v0,unweighted,0.5,isotonic,47,95,0.15016366359168865,1.0559580887034024,0.007712974184817256,0.005450652041549597,0,4,0
2026092817,mert_v0,unweighted,0.5,ridge_platt,47,95,0.14232837849095828,0.44657778864174624,-0.00012231091591310972,-0.0023846330591807685,0,4,0
2026092817,mert_v0,unweighted,1.0,raw,94,239,0.1424506894068714,0.4470462966699809,0.0,0.0006236292328463955,0,4,0
2026092817,mert_v0,unweighted,1.0,prior_offset,94,239,0.1424506894068714,0.4470462966699809,0.0,0.0006236292328463955,0,4,0
2026092817,mert_v0,unweighted,1.0,temperature,94,239,0.14191184211081814,0.4454120776712367,-0.0005388472960532464,8.478193679314905e-05,0,4,0
2026092817,mert_v0,unweighted,1.0,platt,94,239,0.141827060174025,0.44477972980970165,-0.0006236292328463955,0.0,0,4,0
2026092817,mert_v0,unweighted,1.0,beta,94,239,0.1415245538186513,0.4439259948978356,-0.0009261355882200784,-0.00030250635537368287,0,4,2
2026092817,mert_v0,unweighted,1.0,isotonic,94,239,0.14469231811375105,0.6447291227240044,0.0022416287068796614,0.002865257939726057,0,4,0
2026092817,mert_v0,unweighted,1.0,ridge_platt,94,239,0.1424506894068714,0.4470462966699809,0.0,0.0006236292328463955,0,4,0
2026092817,mert_v1,ambient_balanced,0.25,raw,24,54,0.15439091452007545,0.47508873932729256,0.0,-0.0049994171198771975,0,4,0
2026092817,mert_v1,ambient_balanced,0.25,prior_offset,24,54,0.14387173035595094,0.45016962619977086,-0.010519184164124507,-0.015518601284001704,0,4,0
2026092817,mert_v1,ambient_balanced,0.25,temperature,24,54,0.15995267887321057,0.509203685425195,0.005561764353135129,0.0005623472332579316,0,4,0
2026092817,mert_v1,ambient_balanced,0.25,platt,24,54,0.15939033163995264,0.5197922768559039,0.0049994171198771975,0.0,0,4,0
2026092817,mert_v1,ambient_balanced,0.25,beta,24,54,0.1597067305113234,0.5159388619257169,0.005315815991247946,0.00031639887137074885,0,4,2
2026092817,mert_v1,ambient_balanced,0.25,isotonic,24,54,0.15756442192807307,1.5009511770971973,0.0031735074079976278,-0.0018259097118795697,0,4,0
2026092817,mert_v1,ambient_balanced,0.25,ridge_platt,24,54,0.15031610071695664,0.4789585128118872,-0.004074813803118804,-0.009074230922996002,0,4,0
2026092817,mert_v1,ambient_balanced,0.5,raw,47,95,0.15439091452007545,0.47508873932729256,0.0,0.008436582548289495,0,4,0
2026092817,mert_v1,ambient_balanced,0.5,prior_offset,47,95,0.14387173035595094,0.45016962619977086,-0.010519184164124507,-0.0020826016158350114,0,4,0
2026092817,mert_v1,ambient_balanced,0.5,temperature,47,95,0.15455149930946602,0.47680545756636916,0.00016058478939057208,0.008597167337680067,0,4,0
2026092817,mert_v1,ambient_balanced,0.5,platt,47,95,0.14595433197178595,0.4571411077847487,-0.008436582548289495,0.0,0,4,0
2026092817,mert_v1,ambient_balanced,0.5,beta,47,95,0.14604584258130973,0.455475286805101,-0.008345071938765714,9.151060952378165e-05,0,4,1
2026092817,mert_v1,ambient_balanced,0.5,isotonic,47,95,0.14975637052765436,0.8188708517218074,-0.004634543992421081,0.0038020385558684144,0,4,0
2026092817,mert_v1,ambient_balanced,0.5,ridge_platt,47,95,0.1462942836819794,0.45555584194736837,-0.008096630838096058,0.00033995171019343684,0,4,0
2026092817,mert_v1,ambient_balanced,1.0,raw,94,239,0.15439091452007545,0.47508873932729256,0.0,0.010778142565491339,0,4,0
2026092817,mert_v1,ambient_balanced,1.0,prior_offset,94,239,0.14387173035595094,0.45016962619977086,-0.010519184164124507,0.00025895840136683224,0,4,0
2026092817,mert_v1,ambient_balanced,1.0,temperature,94,239,0.15400394192838313,0.47349637115989746,-0.00038697259169231946,0.01039116997379902,0,4,0
2026092817,mert_v1,ambient_balanced,1.0,platt,94,239,0.1436127719545841,0.4479608814284723,-0.010778142565491339,0.0,0,4,0
2026092817,mert_v1,ambient_balanced,1.0,beta,94,239,0.14406128006693877,0.44927483095965126,-0.010329634453136671,0.0004485081123546675,0,4,1
2026092817,mert_v1,ambient_balanced,1.0,isotonic,94,239,0.14558435169916434,0.6112757819996297,-0.008806562820911107,0.001971579744580232,0,4,0
2026092817,mert_v1,ambient_balanced,1.0,ridge_platt,94,239,0.14452920230918173,0.45122867258241134,-0.009861712210893714,0.0009164303545976249,0,4,0
2026092817,mert_v1,unweighted,0.25,raw,24,54,0.14356237262777938,0.44924570573844685,0.0,-0.01551802900565738,0,4,0
2026092817,mert_v1,unweighted,0.25,prior_offset,24,54,0.14356237262777938,0.44924570573844685,0.0,-0.01551802900565738,0,4,0
2026092817,mert_v1,unweighted,0.25,temperature,24,54,0.14770294437443704,0.48266613136361725,0.004140571746657662,-0.011377457258999718,0,4,0
2026092817,mert_v1,unweighted,0.25,platt,24,54,0.15908040163343676,0.5191582092564893,0.01551802900565738,0.0,0,4,0
2026092817,mert_v1,unweighted,0.25,beta,24,54,0.15952121920513304,0.5153307336377516,0.015958846577353664,0.00044081757169628366,0,4,2
2026092817,mert_v1,unweighted,0.25,isotonic,24,54,0.15827315847224413,1.4705374025192377,0.014710785844464752,-0.0008072431611926278,0,4,0
2026092817,mert_v1,unweighted,0.25,ridge_platt,24,54,0.1480321445169906,0.4738894051526646,0.004469771889211216,-0.011048257116446164,0,4,0
2026092817,mert_v1,unweighted,0.5,raw,47,95,0.14356237262777938,0.44924570573844685,0.0,-0.002180230247896875,0,4,0
2026092817,mert_v1,unweighted,0.5,prior_offset,47,95,0.14356237262777938,0.44924570573844685,0.0,-0.002180230247896875,0,4,0
2026092817,mert_v1,unweighted,0.5,temperature,47,95,0.14327164915864274,0.4496986041363471,-0.00029072346913663893,-0.002470953717033514,0,4,0
2026092817,mert_v1,unweighted,0.5,platt,47,95,0.14574260287567625,0.4567448243776013,0.002180230247896875,0.0,0,4,0
2026092817,mert_v1,unweighted,0.5,beta,47,95,0.14584285632673624,0.4552253857459122,0.0022804836989568644,0.00010025345105998951,0,4,1
2026092817,mert_v1,unweighted,0.5,isotonic,47,95,0.14915455854144605,0.8155061999330274,0.00559218591366667,0.0034119556657697947,0,4,0
2026092817,mert_v1,unweighted,0.5,ridge_platt,47,95,0.14356237262777938,0.44924570573844685,0.0,-0.002180230247896875,0,4,0
2026092817,mert_v1,unweighted,1.0,raw,94,239,0.14356237262777938,0.44924570573844685,0.0,6.730155171111307e-05,0,4,0
2026092817,mert_v1,unweighted,1.0,prior_offset,94,239,0.14356237262777938,0.44924570573844685,0.0,6.730155171111307e-05,0,4,0
2026092817,mert_v1,unweighted,1.0,temperature,94,239,0.14313412075648507,0.44754833336024014,-0.0004282518712943051,-0.000360950319583192,0,4,0
2026092817,mert_v1,unweighted,1.0,platt,94,239,0.14349507107606826,0.447895716266207,-6.730155171111307e-05,0.0,0,4,0
2026092817,mert_v1,unweighted,1.0,beta,94,239,0.14363470072209264,0.4484336864599461,7.232809431326204e-05,0.0001396296460243751,0,4,1
2026092817,mert_v1,unweighted,1.0,isotonic,94,239,0.1453306806875912,0.676538478068554,0.0017683080598118184,0.0018356096115229315,0,4,0
2026092817,mert_v1,unweighted,1.0,ridge_platt,94,239,0.1443388742214569,0.4509980398945146,0.0007765015936775088,0.0008438031453886219,0,4,0
2026092818,maest,ambient_balanced,0.25,raw,24,53,0.13242659467478496,0.4161373649241842,0.0,-0.008815508902427743,0,4,0
2026092818,maest,ambient_balanced,0.25,prior_offset,24,53,0.1263255033846111,0.4035869937871819,-0.00610109129017386,-0.014916600192601603,0,4,0
2026092818,maest,ambient_balanced,0.25,temperature,24,53,0.1355069799030042,0.43025515345834897,0.00308038522821924,-0.005735123674208503,0,4,0
2026092818,maest,ambient_balanced,0.25,platt,24,53,0.1412421035772127,0.4434720922121819,0.008815508902427743,0.0,0,4,0
2026092818,maest,ambient_balanced,0.25,beta,24,53,0.13956122725808798,0.4394283153926683,0.007134632583303019,-0.0016808763191247245,0,4,3
2026092818,maest,ambient_balanced,0.25,isotonic,24,53,0.14210357170859414,0.997224223365348,0.009676977033809181,0.0008614681313814376,0,4,0
2026092818,maest,ambient_balanced,0.25,ridge_platt,24,53,0.1329498272821271,0.4183303704817547,0.0005232326073421334,-0.00829227629508561,0,4,0
2026092818,maest,ambient_balanced,0.5,raw,47,101,0.13242659467478496,0.4161373649241842,0.0,-2.0404269779311646e-05,0,4,0
2026092818,maest,ambient_balanced,0.5,prior_offset,47,101,0.1263255033846111,0.4035869937871819,-0.00610109129017386,-0.006121495559953172,0,4,0
2026092818,maest,ambient_balanced,0.5,temperature,47,101,0.13295657379090783,0.4199044334928045,0.0005299791161228751,0.0005095748463435634,0,4,0
2026092818,maest,ambient_balanced,0.5,platt,47,101,0.13244699894456427,0.41756089268200003,2.0404269779311646e-05,0.0,0,4,0
2026092818,maest,ambient_balanced,0.5,beta,47,101,0.13304317891067186,0.41776211689623155,0.0006165842358868967,0.0005961799661075851,0,4,2
2026092818,maest,ambient_balanced,0.5,isotonic,47,101,0.13416736347645056,0.6125948716826816,0.0017407688016655987,0.001720364531886287,0,4,0
2026092818,maest,ambient_balanced,0.5,ridge_platt,47,101,0.13152951874283592,0.41429066177304247,-0.0008970759319490429,-0.0009174802017283545,0,4,0
2026092818,maest,ambient_balanced,1.0,raw,94,232,0.13242659467478496,0.4161373649241842,0.0,0.004439584512321765,0,4,0
2026092818,maest,ambient_balanced,1.0,prior_offset,94,232,0.1263255033846111,0.4035869937871819,-0.00610109129017386,-0.0016615067778520953,0,4,0
2026092818,maest,ambient_balanced,1.0,temperature,94,232,0.1343102382123113,0.42493368295786954,0.0018836435375263472,0.006323228049848112,0,4,0
2026092818,maest,ambient_balanced,1.0,platt,94,232,0.1279870101624632,0.4091360988262853,-0.004439584512321765,0.0,0,4,0
2026092818,maest,ambient_balanced,1.0,beta,94,232,0.1298169897281355,0.4111111207933693,-0.0026096049466494686,0.0018299795656722961,0,4,1
2026092818,maest,ambient_balanced,1.0,isotonic,94,232,0.12875613612467177,0.4715842434118532,-0.0036704585501131926,0.0007691259622085722,0,4,0
2026092818,maest,ambient_balanced,1.0,ridge_platt,94,232,0.12636074796290578,0.40308990089593766,-0.00606584671187918,-0.0016262621995574156,0,4,0
2026092818,maest,unweighted,0.25,raw,24,53,0.12496107708455753,0.3981376502127121,0.0,-0.015584885005901689,0,4,0
2026092818,maest,unweighted,0.25,prior_offset,24,53,0.12496107708455753,0.3981376502127121,0.0,-0.015584885005901689,0,4,0
2026092818,maest,unweighted,0.25,temperature,24,53,0.1322246422796453,0.42569399982239653,0.007263565195087779,-0.00832131981081391,0,4,0
2026092818,maest,unweighted,0.25,platt,24,53,0.14054596209045922,0.44214379796874775,0.015584885005901689,0.0,0,4,0
2026092818,maest,unweighted,0.25,beta,24,53,0.13899395734903622,0.43770406399179224,0.014032880264478687,-0.001552004741423002,0,4,4
2026092818,maest,unweighted,0.25,isotonic,24,53,0.14055766532310127,0.993628002723821,0.015596588238543735,1.1703232642046313e-05,0,4,0
2026092818,maest,unweighted,0.25,ridge_platt,24,53,0.12766379293768607,0.4080617627382924,0.0027027158531285345,-0.012882169152773154,0,4,0
2026092818,maest,unweighted,0.5,raw,47,101,0.12496107708455753,0.3981376502127121,0.0,-0.00676509932675648,0,4,0
2026092818,maest,unweighted,0.5,prior_offset,47,101,0.12496107708455753,0.3981376502127121,0.0,-0.00676509932675648,0,4,0
2026092818,maest,unweighted,0.5,temperature,47,101,0.12588406675522282,0.40329697648416957,0.0009229896706652863,-0.005842109656091193,0,4,0
2026092818,maest,unweighted,0.5,platt,47,101,0.131726176411314,0.4157245186085955,0.00676509932675648,0.0,0,4,0
2026092818,maest,unweighted,0.5,beta,47,101,0.1312382449466162,0.41296847936624603,0.006277167862058675,-0.000487931464697805,0,4,2
2026092818,maest,unweighted,0.5,isotonic,47,101,0.13381685195878293,0.6095058513115634,0.008855774874225397,0.0020906755474689176,0,4,0
2026092818,maest,unweighted,0.5,ridge_platt,47,101,0.12810101393185977,0.4061574616378546,0.003139936847302238,-0.0036251624794542414,0,4,0
2026092818,maest,unweighted,1.0,raw,94,232,0.12496107708455753,0.3981376502127121,0.0,-0.002454061166868887,0,4,0
2026092818,maest,unweighted,1.0,prior_offset,94,232,0.12496107708455753,0.3981376502127121,0.0,-0.002454061166868887,0,4,0
2026092818,maest,unweighted,1.0,temperature,94,232,0.1267766304817016,0.4063765445121357,0.0018155533971440652,-0.000638507769724822,0,4,0
2026092818,maest,unweighted,1.0,platt,94,232,0.12741513825142642,0.40764738730130656,0.002454061166868887,0.0,0,4,0
2026092818,maest,unweighted,1.0,beta,94,232,0.12839085795698263,0.4076129828219073,0.0034297808724250978,0.0009757197055562106,0,4,1
2026092818,maest,unweighted,1.0,isotonic,94,232,0.12922078377680443,0.47181872803049396,0.004259706692246901,0.0018056455253780135,0,4,0
2026092818,maest,unweighted,1.0,ridge_platt,94,232,0.12556283117170317,0.40089723729714904,0.0006017540871456339,-0.0018523070797232533,0,4,0
2026092818,mert_v0,ambient_balanced,0.25,raw,24,53,0.15630134283231867,0.47897186519340956,0.0,-0.0014658757947108303,0,4,0
2026092818,mert_v0,ambient_balanced,0.25,prior_offset,24,53,0.14443305014473,0.4507357797009966,-0.011868292687588655,-0.013334168482299485,0,4,0
2026092818,mert_v0,ambient_balanced,0.25,temperature,24,53,0.1610999629739524,0.5032248082837426,0.004798620141633736,0.0033327443469229057,0,4,0
2026092818,mert_v0,ambient_balanced,0.25,platt,24,53,0.1577672186270295,0.49758007435770873,0.0014658757947108303,0.0,0,4,0
2026092818,mert_v0,ambient_balanced,0.25,beta,24,53,0.1560797071930674,0.48961193243433576,-0.00022163563925126084,-0.0016875114339620911,0,4,3
2026092818,mert_v0,ambient_balanced,0.25,isotonic,24,53,0.16464718077345197,1.2802188531954029,0.008345837941133305,0.006879962146422475,0,4,0
2026092818,mert_v0,ambient_balanced,0.25,ridge_platt,24,53,0.1574869877318705,0.4841961806766284,0.0011856448995518354,-0.0002802308951589949,0,4,0
2026092818,mert_v0,ambient_balanced,0.5,raw,47,101,0.15630134283231867,0.47897186519340956,0.0,0.009263390615137562,0,4,0
2026092818,mert_v0,ambient_balanced,0.5,prior_offset,47,101,0.14443305014473,0.4507357797009966,-0.011868292687588655,-0.002604902072451093,0,4,0
2026092818,mert_v0,ambient_balanced,0.5,temperature,47,101,0.15642864031143405,0.47961599051718984,0.0001272974791153847,0.009390688094252947,0,4,0
2026092818,mert_v0,ambient_balanced,0.5,platt,47,101,0.1470379522171811,0.45959819689550924,-0.009263390615137562,0.0,0,4,0
2026092818,mert_v0,ambient_balanced,0.5,beta,47,101,0.14651547773338933,0.4545213891183464,-0.009785865098929342,-0.0005224744837917794,0,4,2
2026092818,mert_v0,ambient_balanced,0.5,isotonic,47,101,0.15594959755731605,0.7476353587853637,-0.00035174527500261843,0.008911645340134944,0,4,0
2026092818,mert_v0,ambient_balanced,0.5,ridge_platt,47,101,0.1507289703962859,0.464626179413958,-0.0055723724360327576,0.0036910181791048047,0,4,0
2026092818,mert_v0,ambient_balanced,1.0,raw,94,232,0.15630134283231867,0.47897186519340956,0.0,0.014188719156111446,0,4,0
2026092818,mert_v0,ambient_balanced,1.0,prior_offset,94,232,0.14443305014473,0.4507357797009966,-0.011868292687588655,0.0023204264685227904,0,4,0
2026092818,mert_v0,ambient_balanced,1.0,temperature,94,232,0.15633596431399652,0.4801848283076125,3.462148167784895e-05,0.014223340637789295,0,4,0
2026092818,mert_v0,ambient_balanced,1.0,platt,94,232,0.14211262367620722,0.4489749954728224,-0.014188719156111446,0.0,0,4,0
2026092818,mert_v0,ambient_balanced,1.0,beta,94,232,0.14252825076248465,0.4453938581049606,-0.013773092069834014,0.0004156270862774314,0,4,3
2026092818,mert_v0,ambient_balanced,1.0,isotonic,94,232,0.14582945203942888,0.6199051826969127,-0.010471890792889793,0.0037168283632216526,0,4,0
2026092818,mert_v0,ambient_balanced,1.0,ridge_platt,94,232,0.1422700918570141,0.4498140207570181,-0.014031250975304554,0.00015746818080689118,0,4,0
2026092818,mert_v0,unweighted,0.25,raw,24,53,0.14383312528452857,0.4490031779814187,0.0,-0.01391315963864101,0,4,0
2026092818,mert_v0,unweighted,0.25,prior_offset,24,53,0.14383312528452857,0.4490031779814187,0.0,-0.01391315963864101,0,4,0
2026092818,mert_v0,unweighted,0.25,temperature,24,53,0.1605911586372758,0.5033360598147913,0.016758033352747226,0.0028448737141062164,0,4,0
2026092818,mert_v0,unweighted,0.25,platt,24,53,0.15774628492316958,0.4977616823153895,0.01391315963864101,0.0,0,4,0
2026092818,mert_v0,unweighted,0.25,beta,24,53,0.15638159212443986,0.49157001752470225,0.012548466839911288,-0.001364692798729722,0,4,3
2026092818,mert_v0,unweighted,0.25,isotonic,24,53,0.1629400702457598,1.2771213186748607,0.01910694496123122,0.005193785322590211,0,4,0
2026092818,mert_v0,unweighted,0.25,ridge_platt,24,53,0.15123220373538215,0.47234567024738083,0.00739907845085358,-0.006514081187787429,0,4,0
2026092818,mert_v0,unweighted,0.5,raw,47,101,0.14383312528452857,0.4490031779814187,0.0,-0.0028690788953789903,0,4,0
2026092818,mert_v0,unweighted,0.5,prior_offset,47,101,0.14383312528452857,0.4490031779814187,0.0,-0.0028690788953789903,0,4,0
2026092818,mert_v0,unweighted,0.5,temperature,47,101,0.14514183997671987,0.45456836208260787,0.0013087146921912929,-0.0015603642031876974,0,4,0
2026092818,mert_v0,unweighted,0.5,platt,47,101,0.14670220417990756,0.4593309939736774,0.0028690788953789903,0.0,0,4,0
2026092818,mert_v0,unweighted,0.5,beta,47,101,0.14600575573658603,0.4544146278265293,0.0021726304520574558,-0.0006964484433215345,0,4,2
2026092818,mert_v0,unweighted,0.5,isotonic,47,101,0.15291320909078598,0.7412000800614807,0.00908008380625741,0.0062110049108784204,0,4,0
2026092818,mert_v0,unweighted,0.5,ridge_platt,47,101,0.14489876003358468,0.4516360682916298,0.0010656347490561047,-0.0018034441463228856,0,4,0
2026092818,mert_v0,unweighted,1.0,raw,94,232,0.14383312528452857,0.4490031779814187,0.0,0.0019785402940689645,0,4,0
2026092818,mert_v0,unweighted,1.0,prior_offset,94,232,0.14383312528452857,0.4490031779814187,0.0,0.0019785402940689645,0,4,0
2026092818,mert_v0,unweighted,1.0,temperature,94,232,0.1440235724112455,0.4515646435805833,0.00019044712671692499,0.0021689874207858895,0,4,0
2026092818,mert_v0,unweighted,1.0,platt,94,232,0.1418545849904596,0.4487724083375168,-0.0019785402940689645,0.0,0,4,0
2026092818,mert_v0,unweighted,1.0,beta,94,232,0.1421398774857332,0.4450930274868775,-0.001693247798795372,0.00028529249527359246,0,4,3
2026092818,mert_v0,unweighted,1.0,isotonic,94,232,0.14576846736694066,0.6207012529298094,0.0019353420824120837,0.003913882376481048,0,4,0
2026092818,mert_v0,unweighted,1.0,ridge_platt,94,232,0.14138326833186193,0.4481580517654409,-0.0024498569526666403,-0.0004713166585976758,0,4,0
2026092818,mert_v1,ambient_balanced,0.25,raw,24,53,0.15782969449920206,0.4826748373272127,0.0,0.0006970106039210222,0,4,0
2026092818,mert_v1,ambient_balanced,0.25,prior_offset,24,53,0.1460964969214961,0.45322027778799356,-0.011733197577705967,-0.011036186973784945,0,4,0
2026092818,mert_v1,ambient_balanced,0.25,temperature,24,53,0.16176897283082192,0.5098313094574476,0.003939278331619861,0.004636288935540883,0,4,0
2026092818,mert_v1,ambient_balanced,0.25,platt,24,53,0.15713268389528104,0.5146710417543992,-0.0006970106039210222,0.0,0,4,0
2026092818,mert_v1,ambient_balanced,0.25,beta,24,53,0.15714112972428557,0.5094548947071573,-0.0006885647749164947,8.445829004527505e-06,0,4,1
2026092818,mert_v1,ambient_balanced,0.25,isotonic,24,53,0.16989491273566606,1.639630612924677,0.012065218236464004,0.012762228840385026,0,4,0
2026092818,mert_v1,ambient_balanced,0.25,ridge_platt,24,53,0.15877654629570256,0.49696223558912034,0.000946851796500503,0.0016438624004215252,0,4,0
2026092818,mert_v1,ambient_balanced,0.5,raw,47,101,0.15782969449920206,0.4826748373272127,0.0,0.0071166931438627345,0,4,0
2026092818,mert_v1,ambient_balanced,0.5,prior_offset,47,101,0.1460964969214961,0.45322027778799356,-0.011733197577705967,-0.004616504433843233,0,4,0
2026092818,mert_v1,ambient_balanced,0.5,temperature,47,101,0.1589672266454668,0.487246848843633,0.001137532146264747,0.008254225290127482,0,4,0
2026092818,mert_v1,ambient_balanced,0.5,platt,47,101,0.15071300135533933,0.4699810623768279,-0.0071166931438627345,0.0,0,4,0
2026092818,mert_v1,ambient_balanced,0.5,beta,47,101,0.15022947863208852,0.46602370657585535,-0.007600215867113541,-0.0004835227232508066,0,4,1
2026092818,mert_v1,ambient_balanced,0.5,isotonic,47,101,0.1579553350710637,0.8168780450460389,0.00012564057186165156,0.007242333715724386,0,4,0
2026092818,mert_v1,ambient_balanced,0.5,ridge_platt,47,101,0.1516356242346496,0.4651675696299743,-0.006194070264552459,0.0009226228793102753,0,4,0
2026092818,mert_v1,ambient_balanced,1.0,raw,94,232,0.15782969449920206,0.4826748373272127,0.0,0.012598562264832358,0,4,0
2026092818,mert_v1,ambient_balanced,1.0,prior_offset,94,232,0.1460964969214961,0.45322027778799356,-0.011733197577705967,0.0008653646871263909,0,4,0
2026092818,mert_v1,ambient_balanced,1.0,temperature,94,232,0.15846865449103426,0.4855132908583174,0.0006389599918321942,0.013237522256664552,0,4,0
2026092818,mert_v1,ambient_balanced,1.0,platt,94,232,0.1452311322343697,0.456258225527671,-0.012598562264832358,0.0,0,4,0
2026092818,mert_v1,ambient_balanced,1.0,beta,94,232,0.14532941731723448,0.4543163592526855,-0.012500277181967584,9.828508286477411e-05,0,4,1
2026092818,mert_v1,ambient_balanced,1.0,isotonic,94,232,0.15121184857428493,0.8294184224083243,-0.006617845924917126,0.005980716339915232,0,4,0
2026092818,mert_v1,ambient_balanced,1.0,ridge_platt,94,232,0.14533753045616812,0.45456082160889655,-0.012492164043033938,0.00010639822179842051,0,4,0
2026092818,mert_v1,unweighted,0.25,raw,24,53,0.14561095456332607,0.4521780377046617,0.0,-0.011377532195098822,0,4,0
2026092818,mert_v1,unweighted,0.25,prior_offset,24,53,0.14561095456332607,0.4521780377046617,0.0,-0.011377532195098822,0,4,0
2026092818,mert_v1,unweighted,0.25,temperature,24,53,0.1585856216436475,0.5052490556685616,0.01297466708032144,0.0015971348852226175,0,4,0
2026092818,mert_v1,unweighted,0.25,platt,24,53,0.1569884867584249,0.5147343290725452,0.011377532195098822,0.0,0,4,0
2026092818,mert_v1,unweighted,0.25,beta,24,53,0.15689800795703607,0.509015673535719,0.01128705339371,-9.047880138882136e-05,0,4,2
2026092818,mert_v1,unweighted,0.25,isotonic,24,53,0.16904046933869693,1.7013974289136677,0.023429514775370863,0.012051982580272042,0,4,0
2026092818,mert_v1,unweighted,0.25,ridge_platt,24,53,0.15082150276765363,0.4800223382749441,0.005210548204327564,-0.006166983990771258,0,4,0
2026092818,mert_v1,unweighted,0.5,raw,47,101,0.14561095456332607,0.4521780377046617,0.0,-0.004488343887440682,0,4,0
2026092818,mert_v1,unweighted,0.5,prior_offset,47,101,0.14561095456332607,0.4521780377046617,0.0,-0.004488343887440682,0,4,0
2026092818,mert_v1,unweighted,0.5,temperature,47,101,0.14726606922932442,0.46044899563267383,0.0016551146659983529,-0.0028332292214423294,0,4,0
2026092818,mert_v1,unweighted,0.5,platt,47,101,0.15009929845076675,0.4690756729495593,0.004488343887440682,0.0,0,4,0
2026092818,mert_v1,unweighted,0.5,beta,47,101,0.1499498661678317,0.4660531605953955,0.004338911604505641,-0.0001494322829350414,0,4,2
2026092818,mert_v1,unweighted,0.5,isotonic,47,101,0.15618275075694912,0.8125450145656952,0.010571796193623056,0.006083452306182374,0,4,0
2026092818,mert_v1,unweighted,0.5,ridge_platt,47,101,0.1503306847371769,0.46250387695654327,0.004719730173850828,0.0002313862864101457,0,4,0
2026092818,mert_v1,unweighted,1.0,raw,94,232,0.14561095456332607,0.4521780377046617,0.0,0.000665030182231019,0,4,0
2026092818,mert_v1,unweighted,1.0,prior_offset,94,232,0.14561095456332607,0.4521780377046617,0.0,0.000665030182231019,0,4,0
2026092818,mert_v1,unweighted,1.0,temperature,94,232,0.14627789128283536,0.45650579828851856,0.0006669367195092923,0.0013319669017403113,0,4,0
2026092818,mert_v1,unweighted,1.0,platt,94,232,0.14494592438109505,0.4560952252600471,-0.000665030182231019,0.0,0,4,0
2026092818,mert_v1,unweighted,1.0,beta,94,232,0.14530508517882798,0.45485686534823194,-0.00030586938449808643,0.0003591607977329325,0,4,2
2026092818,mert_v1,unweighted,1.0,isotonic,94,232,0.1508590223016094,0.829899420341592,0.005248067738283346,0.005913097920514365,0,4,0
2026092818,mert_v1,unweighted,1.0,ridge_platt,94,232,0.14451983845907293,0.45296919988046713,-0.001091116104253137,-0.00042608592202211804,0,4,0
2026092819,maest,ambient_balanced,0.25,raw,24,58,0.14691881726478126,0.4554579534240617,0.0,-0.007751309527539552,0,4,0
2026092819,maest,ambient_balanced,0.25,prior_offset,24,58,0.14312353402871858,0.4436471185961853,-0.00379528323606268,-0.011546592763602231,0,4,0
2026092819,maest,ambient_balanced,0.25,temperature,24,58,0.14977496397799828,0.47272730550482805,0.002856146713217017,-0.0048951628143225345,0,4,0
2026092819,maest,ambient_balanced,0.25,platt,24,58,0.1546701267923208,0.48796245504889957,0.007751309527539552,0.0,0,4,0
2026092819,maest,ambient_balanced,0.25,beta,24,58,0.15268884539704072,0.48978463680248224,0.005770028132259464,-0.001981281395280088,0,4,2
2026092819,maest,ambient_balanced,0.25,isotonic,24,58,0.1540801280445161,0.9577178647379826,0.007161310779734836,-0.0005899987478047153,0,4,0
2026092819,maest,ambient_balanced,0.25,ridge_platt,24,58,0.15053417484576684,0.4704106898772556,0.0036153575809855787,-0.004135951946553973,0,4,0
2026092819,maest,ambient_balanced,0.5,raw,47,122,0.14691881726478126,0.4554579534240617,0.0,0.0015942346095548787,0,4,0
2026092819,maest,ambient_balanced,0.5,prior_offset,47,122,0.14312353402871858,0.4436471185961853,-0.00379528323606268,-0.002201048626507801,0,4,0
2026092819,maest,ambient_balanced,0.5,temperature,47,122,0.14863021038985672,0.467539391325975,0.0017113931250754555,0.003305627734630334,0,4,0
2026092819,maest,ambient_balanced,0.5,platt,47,122,0.14532458265522638,0.4553817784465865,-0.0015942346095548787,0.0,0,4,0
2026092819,maest,ambient_balanced,0.5,beta,47,122,0.14571253753848679,0.4616935931960743,-0.0012062797262944736,0.00038795488326040517,0,4,1
2026092819,maest,ambient_balanced,0.5,isotonic,47,122,0.14865007074067338,1.0031061864668944,0.0017312534758921194,0.003325488085446998,0,4,0
2026092819,maest,ambient_balanced,0.5,ridge_platt,47,122,0.14256687863781387,0.4452923470161847,-0.004351938626967394,-0.0027577040174125156,0,4,0
2026092819,maest,ambient_balanced,1.0,raw,94,234,0.14691881726478126,0.4554579534240617,0.0,0.0015941053670125993,0,4,0
2026092819,maest,ambient_balanced,1.0,prior_offset,94,234,0.14312353402871858,0.4436471185961853,-0.00379528323606268,-0.0022011778690500805,0,4,0
2026092819,maest,ambient_balanced,1.0,temperature,94,234,0.14819338242049562,0.4623063694038537,0.0012745651557143634,0.0028686705227269627,0,4,0
2026092819,maest,ambient_balanced,1.0,platt,94,234,0.14532471189776866,0.45224482280827905,-0.0015941053670125993,0.0,0,4,0
2026092819,maest,ambient_balanced,1.0,beta,94,234,0.14653534586725636,0.45905566898536576,-0.00038347139752489823,0.001210633969487701,0,4,0
2026092819,maest,ambient_balanced,1.0,isotonic,94,234,0.15256250055720338,0.8539929696979145,0.005643683292422125,0.007237788659434724,0,4,0
2026092819,maest,ambient_balanced,1.0,ridge_platt,94,234,0.14347065670422435,0.44731608540961865,-0.003448160560556912,-0.0018540551935443128,0,4,0
2026092819,maest,unweighted,0.25,raw,24,58,0.1419148237461504,0.4400306833366228,0.0,-0.012525641874818721,0,4,0
2026092819,maest,unweighted,0.25,prior_offset,24,58,0.1419148237461504,0.4400306833366228,0.0,-0.012525641874818721,0,4,0
2026092819,maest,unweighted,0.25,temperature,24,58,0.14310255496355626,0.45513826263517027,0.0011877312174058685,-0.011337910657412853,0,4,0
2026092819,maest,unweighted,0.25,platt,24,58,0.1544404656209691,0.48702038304823914,0.012525641874818721,0.0,0,4,0
2026092819,maest,unweighted,0.25,beta,24,58,0.15312692505845,0.49152466163721925,0.011212101312299605,-0.0013135405625191166,0,4,2
2026092819,maest,unweighted,0.25,isotonic,24,58,0.15415699370627903,0.9579592343046649,0.01224216996012864,-0.00028347191469008104,0,4,0
2026092819,maest,unweighted,0.25,ridge_platt,24,58,0.1503045136744151,0.46946861787659516,0.00838968992826472,-0.004135951946554001,0,4,0
2026092819,maest,unweighted,0.5,raw,47,122,0.1419148237461504,0.4400306833366228,0.0,-0.003352494185113214,0,4,0
2026092819,maest,unweighted,0.5,prior_offset,47,122,0.1419148237461504,0.4400306833366228,0.0,-0.003352494185113214,0,4,0
2026092819,maest,unweighted,0.5,temperature,47,122,0.14248599810562226,0.449535088107342,0.0005711743594718766,-0.0027813198256413374,0,4,0
2026092819,maest,unweighted,0.5,platt,47,122,0.1452673179312636,0.45507178986498725,0.003352494185113214,0.0,0,4,0
2026092819,maest,unweighted,0.5,beta,47,122,0.14583795905093014,0.462133271496187,0.003923135304779751,0.0005706411196665373,0,4,1
2026092819,maest,unweighted,0.5,isotonic,47,122,0.14888363272947647,1.0040050123545903,0.00696880898332608,0.0036163147982128663,0,4,0
2026092819,maest,unweighted,0.5,ridge_platt,47,122,0.1424238293503066,0.4429755740021335,0.0005090056041562041,-0.00284348858095701,0,4,0
2026092819,maest,unweighted,1.0,raw,94,234,0.1419148237461504,0.4400306833366228,0.0,-0.0033403374886937787,0,4,0
2026092819,maest,unweighted,1.0,prior_offset,94,234,0.1419148237461504,0.4400306833366228,0.0,-0.0033403374886937787,0,4,0
2026092819,maest,unweighted,1.0,temperature,94,234,0.14192027807307747,0.4433583341413576,5.454326927084585e-06,-0.003334883161766694,0,4,0
2026092819,maest,unweighted,1.0,platt,94,234,0.14525516123484417,0.4519180097230811,0.0033403374886937787,0.0,0,4,0
2026092819,maest,unweighted,1.0,beta,94,234,0.1465392416780796,0.45896495647340213,0.00462441793192922,0.0012840804432354413,0,4,0
2026092819,maest,unweighted,1.0,isotonic,94,234,0.15184554854431326,0.8516969839171388,0.009930724798162871,0.006590387309469092,0,4,0
2026092819,maest,unweighted,1.0,ridge_platt,94,234,0.1437951067058103,0.44757702376503483,0.001880282959659918,-0.0014600545290338607,0,4,0
2026092819,mert_v0,ambient_balanced,0.25,raw,24,58,0.16010162615838908,0.4901589565346102,0.0,-0.001473878345447488,0,4,0
2026092819,mert_v0,ambient_balanced,0.25,prior_offset,24,58,0.15170958053430864,0.46755681261485443,-0.00839204562408044,-0.009865923969527929,0,4,0
2026092819,mert_v0,ambient_balanced,0.25,temperature,24,58,0.16366014465240458,0.5126926676198398,0.0035585184940155057,0.0020846401485680177,0,4,0
2026092819,mert_v0,ambient_balanced,0.25,platt,24,58,0.16157550450383656,0.5056453659169391,0.001473878345447488,0.0,0,4,0
2026092819,mert_v0,ambient_balanced,0.25,beta,24,58,0.15980448794042873,0.5028047889108835,-0.00029713821796034656,-0.0017710165634078345,0,4,2
2026092819,mert_v0,ambient_balanced,0.25,isotonic,24,58,0.16345933209420743,1.0569822805764457,0.003357705935818356,0.0018838275903708679,0,4,0
2026092819,mert_v0,ambient_balanced,0.25,ridge_platt,24,58,0.1563802324271859,0.4859930366529778,-0.003721393731203171,-0.005195272076650659,0,4,0
2026092819,mert_v0,ambient_balanced,0.5,raw,47,122,0.16010162615838908,0.4901589565346102,0.0,0.006072130761062083,0,4,0
2026092819,mert_v0,ambient_balanced,0.5,prior_offset,47,122,0.15170958053430864,0.46755681261485443,-0.00839204562408044,-0.0023199148630183575,0,4,0
2026092819,mert_v0,ambient_balanced,0.5,temperature,47,122,0.16151332110635044,0.5017520439119091,0.0014116949479613672,0.007483825709023451,0,4,0
2026092819,mert_v0,ambient_balanced,0.5,platt,47,122,0.154029495397327,0.47986042302733406,-0.006072130761062083,0.0,0,4,0
2026092819,mert_v0,ambient_balanced,0.5,beta,47,122,0.15328897763934832,0.4790241990464005,-0.006812648519040759,-0.0007405177579786759,0,4,2
2026092819,mert_v0,ambient_balanced,0.5,isotonic,47,122,0.15382985102661353,0.890479393766446,-0.006271775131775542,-0.00019964437071345875,0,4,0
2026092819,mert_v0,ambient_balanced,0.5,ridge_platt,47,122,0.15192676141213157,0.471302360944729,-0.008174864746257504,-0.0021027339851954208,0,4,0
2026092819,mert_v0,ambient_balanced,1.0,raw,94,234,0.16010162615838908,0.4901589565346102,0.0,0.007755849390800845,0,4,0
2026092819,mert_v0,ambient_balanced,1.0,prior_offset,94,234,0.15170958053430864,0.46755681261485443,-0.00839204562408044,-0.0006361962332795956,0,4,0
2026092819,mert_v0,ambient_balanced,1.0,temperature,94,234,0.16084145741856443,0.4969690575985481,0.0007398312601753498,0.008495680650976195,0,4,0
2026092819,mert_v0,ambient_balanced,1.0,platt,94,234,0.15234577676758823,0.47406767573893016,-0.007755849390800845,0.0,0,4,0
2026092819,mert_v0,ambient_balanced,1.0,beta,94,234,0.15290263837182544,0.4748284626479983,-0.007198987786563638,0.0005568616042372077,0,4,0
2026092819,mert_v0,ambient_balanced,1.0,isotonic,94,234,0.15586969242729723,0.8984275873875208,-0.004231933731091847,0.0035239156597089982,0,4,0
2026092819,mert_v0,ambient_balanced,1.0,ridge_platt,94,234,0.15167069809229075,0.47139807428802016,-0.008430928066098325,-0.0006750786752974802,0,4,0
2026092819,mert_v0,unweighted,0.25,raw,24,58,0.15097986452970058,0.4663225851807355,0.0,-0.010689927145793254,0,4,0
2026092819,mert_v0,unweighted,0.25,prior_offset,24,58,0.15097986452970058,0.4663225851807355,0.0,-0.010689927145793254,0,4,0
2026092819,mert_v0,unweighted,0.25,temperature,24,58,0.15413373285223544,0.48821800157049333,0.003153868322534864,-0.00753605882325839,0,4,0
2026092819,mert_v0,unweighted,0.25,platt,24,58,0.16166979167549383,0.506033016959044,0.010689927145793254,0.0,0,4,0
2026092819,mert_v0,unweighted,0.25,beta,24,58,0.16053623112398213,0.505629035865406,0.009556366594281551,-0.001133560551511703,0,4,2
2026092819,mert_v0,unweighted,0.25,isotonic,24,58,0.16369504704245058,1.025985735268663,0.01271518251275,0.0020252553669567464,0,4,0
2026092819,mert_v0,unweighted,0.25,ridge_platt,24,58,0.15647451959884318,0.48638068769508275,0.0054946550691425955,-0.005195272076650659,0,4,0
2026092819,mert_v0,unweighted,0.5,raw,47,122,0.15097986452970058,0.4663225851807355,0.0,-0.0029730562970538,0,4,0
2026092819,mert_v0,unweighted,0.5,prior_offset,47,122,0.15097986452970058,0.4663225851807355,0.0,-0.0029730562970538,0,4,0
2026092819,mert_v0,unweighted,0.5,temperature,47,122,0.1523013647701694,0.4776034165177765,0.0013215002404688148,-0.0016515560565849852,0,4,0
2026092819,mert_v0,unweighted,0.5,platt,47,122,0.15395292082675438,0.47990148438112273,0.0029730562970538,0.0,0,4,0
2026092819,mert_v0,unweighted,0.5,beta,47,122,0.15368923564140333,0.4808242196708092,0.0027093711117027464,-0.00026368518535105356,0,4,2
2026092819,mert_v0,unweighted,0.5,isotonic,47,122,0.15383346068507306,0.8586099209082111,0.0028535961553724787,-0.00011946014168132124,0,4,0
2026092819,mert_v0,unweighted,0.5,ridge_platt,47,122,0.15178566601066817,0.4704171264216368,0.000805801480967594,-0.002167254816086206,0,4,0
2026092819,mert_v0,unweighted,1.0,raw,94,234,0.15097986452970058,0.4663225851807355,0.0,-0.0012379157042928801,0,4,0
2026092819,mert_v0,unweighted,1.0,prior_offset,94,234,0.15097986452970058,0.4663225851807355,0.0,-0.0012379157042928801,0,4,0
2026092819,mert_v0,unweighted,1.0,temperature,94,234,0.15194035884670704,0.47335177400984996,0.000960494317006455,-0.00027742138728642507,0,4,0
2026092819,mert_v0,unweighted,1.0,platt,94,234,0.15221778023399346,0.4739587901487101,0.0012379157042928801,0.0,0,4,0
2026092819,mert_v0,unweighted,1.0,beta,94,234,0.15240515549557238,0.4733787708033961,0.001425290965871795,0.00018737526157891482,0,4,0
2026092819,mert_v0,unweighted,1.0,isotonic,94,234,0.15603613063794455,0.8999365352792679,0.005056266108243973,0.003818350403951093,0,4,0
2026092819,mert_v0,unweighted,1.0,ridge_platt,94,234,0.15123744386873364,0.4699876735375669,0.0002575793390330594,-0.0009803363652598207,0,4,0
2026092819,mert_v1,ambient_balanced,0.25,raw,24,58,0.15993734824362543,0.4900943652172248,0.0,-0.0041158410375670695,0,4,0
2026092819,mert_v1,ambient_balanced,0.25,prior_offset,24,58,0.15250044786485306,0.4694950539477474,-0.007436900378772371,-0.01155274141633944,0,4,0
2026092819,mert_v1,ambient_balanced,0.25,temperature,24,58,0.16237064645829008,0.5034447137057374,0.0024332982146646476,-0.001682542822902422,0,4,0
2026092819,mert_v1,ambient_balanced,0.25,platt,24,58,0.1640531892811925,0.5065676610259513,0.0041158410375670695,0.0,0,4,0
2026092819,mert_v1,ambient_balanced,0.25,beta,24,58,0.16258290063622574,0.501388471476261,0.002645552392600309,-0.0014702886449667607,0,4,2
2026092819,mert_v1,ambient_balanced,0.25,isotonic,24,58,0.16434540898198932,0.8616556232567849,0.004408060738363889,0.0002922197007968197,0,4,0
2026092819,mert_v1,ambient_balanced,0.25,ridge_platt,24,58,0.16101039766855718,0.4969197531266826,0.001073049424931749,-0.0030427916126353205,0,4,0
2026092819,mert_v1,ambient_balanced,0.5,raw,47,122,0.15993734824362543,0.4900943652172248,0.0,0.00447473527055911,0,4,0
2026092819,mert_v1,ambient_balanced,0.5,prior_offset,47,122,0.15250044786485306,0.4694950539477474,-0.007436900378772371,-0.0029621651082132605,0,4,0
2026092819,mert_v1,ambient_balanced,0.5,temperature,47,122,0.16171103158708316,0.5023325702976311,0.0017736833434577326,0.006248418614016843,0,4,0
2026092819,mert_v1,ambient_balanced,0.5,platt,47,122,0.15546261297306632,0.48129346596383565,-0.00447473527055911,0.0,0,4,0
2026092819,mert_v1,ambient_balanced,0.5,beta,47,122,0.15454919345745458,0.480348988197463,-0.005388154786170857,-0.0009134195156117464,0,4,3
2026092819,mert_v1,ambient_balanced,0.5,isotonic,47,122,0.15674354017223538,0.7694854762659618,-0.003193808071390053,0.0012809271991690574,0,4,0
2026092819,mert_v1,ambient_balanced,0.5,ridge_platt,47,122,0.15259432191986366,0.47289925711849046,-0.00734302632376177,-0.0028682910532026595,0,4,0
2026092819,mert_v1,ambient_balanced,1.0,raw,94,234,0.15993734824362543,0.4900943652172248,0.0,0.005870697587242457,0,4,0
2026092819,mert_v1,ambient_balanced,1.0,prior_offset,94,234,0.15250044786485306,0.4694950539477474,-0.007436900378772371,-0.0015662027915299137,0,4,0
2026092819,mert_v1,ambient_balanced,1.0,temperature,94,234,0.1613973067071267,0.4991626287762063,0.0014599584635012763,0.0073306560507437335,0,4,0
2026092819,mert_v1,ambient_balanced,1.0,platt,94,234,0.15406665065638298,0.478109500655528,-0.005870697587242457,0.0,0,4,0
2026092819,mert_v1,ambient_balanced,1.0,beta,94,234,0.1536169480926019,0.47557986869043567,-0.006320400151023531,-0.00044970256378107365,0,4,0
2026092819,mert_v1,ambient_balanced,1.0,isotonic,94,234,0.15432744974141852,0.7637464767412132,-0.005609898502206917,0.00026079908503554017,0,4,0
2026092819,mert_v1,ambient_balanced,1.0,ridge_platt,94,234,0.15300989300502144,0.47515537518099216,-0.006927455238603997,-0.0010567576513615395,0,4,0
2026092819,mert_v1,unweighted,0.25,raw,24,58,0.15199761726229316,0.46868533651389743,0.0,-0.0122607020540893,0,4,0
2026092819,mert_v1,unweighted,0.25,prior_offset,24,58,0.15199761726229316,0.46868533651389743,0.0,-0.0122607020540893,0,4,0
2026092819,mert_v1,unweighted,0.25,temperature,24,58,0.15364084865972089,0.48061875297016915,0.0016432313974277246,-0.010617470656661576,0,4,0
2026092819,mert_v1,unweighted,0.25,platt,24,58,0.16425831931638246,0.5074035141013185,0.0122607020540893,0.0,0,4,0
2026092819,mert_v1,unweighted,0.25,beta,24,58,0.1637173901071523,0.5057598717761342,0.011719772844859144,-0.0005409292092301565,0,4,2
2026092819,mert_v1,unweighted,0.25,isotonic,24,58,0.16439459428772518,0.8621713384394886,0.012396977025432021,0.00013627497134272026,0,4,0
2026092819,mert_v1,unweighted,0.25,ridge_platt,24,58,0.1612155277037472,0.4977556062020497,0.009217910441454036,-0.003042791612635265,0,4,0
2026092819,mert_v1,unweighted,0.5,raw,47,122,0.15199761726229316,0.46868533651389743,0.0,-0.003526670658640235,0,4,0
2026092819,mert_v1,unweighted,0.5,prior_offset,47,122,0.15199761726229316,0.46868533651389743,0.0,-0.003526670658640235,0,4,0
2026092819,mert_v1,unweighted,0.5,temperature,47,122,0.1532458189080578,0.4795834398195687,0.0012482016457646405,-0.0022784690128755947,0,4,0
2026092819,mert_v1,unweighted,0.5,platt,47,122,0.1555242879209334,0.48166095934714326,0.003526670658640235,0.0,0,4,0
2026092819,mert_v1,unweighted,0.5,beta,47,122,0.1550452513417749,0.482295192735394,0.003047634079481748,-0.0004790365791584872,0,4,3
2026092819,mert_v1,unweighted,0.5,isotonic,47,122,0.15593258660484458,0.7675687756760585,0.003934969342551414,0.00040829868391117907,0,4,0
2026092819,mert_v1,unweighted,0.5,ridge_platt,47,122,0.15230641288056374,0.4715686217079022,0.0003087956182705742,-0.003217875040369661,0,4,0
2026092819,mert_v1,unweighted,1.0,raw,94,234,0.15199761726229316,0.46868533651389743,0.0,-0.0020404392187381437,0,4,0
2026092819,mert_v1,unweighted,1.0,prior_offset,94,234,0.15199761726229316,0.46868533651389743,0.0,-0.0020404392187381437,0,4,0
2026092819,mert_v1,unweighted,1.0,temperature,94,234,0.1531917461841459,0.47689229382023735,0.0011941289218527495,-0.0008463102968853942,0,4,0
2026092819,mert_v1,unweighted,1.0,platt,94,234,0.1540380564810313,0.4782116756562412,0.0020404392187381437,0.0,0,4,0
2026092819,mert_v1,unweighted,1.0,beta,94,234,0.1531797998892263,0.47437774049068737,0.0011821826269331481,-0.0008582565918049956,0,4,1
2026092819,mert_v1,unweighted,1.0,isotonic,94,234,0.1537646796908127,0.7631742028403032,0.001767062428519539,-0.0002733767902186046,0,4,0
2026092819,mert_v1,unweighted,1.0,ridge_platt,94,234,0.15243875135733967,0.4733340184712944,0.00044113409504650813,-0.0015993051236916356,0,4,0
