key,label,selected_penalty,final_fallback,inner_fallbacks
draw_01/budget_24/2026092800/unweighted,electronic,identity,False,0
draw_01/budget_24/2026092800/unweighted,pop,0.01,False,0
draw_01/budget_24/2026092800/unweighted,ambient,identity,False,0
draw_01/budget_24/2026092800/unweighted,rock,identity,False,0
draw_01/budget_24/2026092800/ambient_balanced,electronic,identity,False,0
draw_01/budget_24/2026092800/ambient_balanced,pop,0.01,False,0
draw_01/budget_24/2026092800/ambient_balanced,ambient,0.1,False,0
draw_01/budget_24/2026092800/ambient_balanced,rock,identity,False,0
draw_01/budget_24/2026092801/unweighted,electronic,identity,False,0
draw_01/budget_24/2026092801/unweighted,pop,0.01,False,0
draw_01/budget_24/2026092801/unweighted,ambient,1.0,False,0
draw_01/budget_24/2026092801/unweighted,rock,identity,False,0
draw_01/budget_24/2026092801/ambient_balanced,electronic,identity,False,0
draw_01/budget_24/2026092801/ambient_balanced,pop,0.01,False,0
draw_01/budget_24/2026092801/ambient_balanced,ambient,0.1,False,0
draw_01/budget_24/2026092801/ambient_balanced,rock,identity,False,0
draw_01/budget_24/2026092802/unweighted,electronic,identity,False,0
draw_01/budget_24/2026092802/unweighted,pop,0.001,False,0
draw_01/budget_24/2026092802/unweighted,ambient,identity,False,0
draw_01/budget_24/2026092802/unweighted,rock,0.01,False,0
draw_01/budget_24/2026092802/ambient_balanced,electronic,identity,False,0
draw_01/budget_24/2026092802/ambient_balanced,pop,0.001,False,0
draw_01/budget_24/2026092802/ambient_balanced,ambient,0.1,False,0
draw_01/budget_24/2026092802/ambient_balanced,rock,0.01,False,0
draw_01/budget_24/2026092803/unweighted,electronic,identity,False,0
draw_01/budget_24/2026092803/unweighted,pop,1.0,False,0
draw_01/budget_24/2026092803/unweighted,ambient,identity,False,0
draw_01/budget_24/2026092803/unweighted,rock,identity,False,0
draw_01/budget_24/2026092803/ambient_balanced,electronic,identity,False,0
draw_01/budget_24/2026092803/ambient_balanced,pop,1.0,False,0
draw_01/budget_24/2026092803/ambient_balanced,ambient,0.01,False,0
draw_01/budget_24/2026092803/ambient_balanced,rock,identity,False,0
draw_01/budget_24/2026092804/unweighted,electronic,identity,False,0
draw_01/budget_24/2026092804/unweighted,pop,0.001,False,0
draw_01/budget_24/2026092804/unweighted,ambient,1.0,False,0
draw_01/budget_24/2026092804/unweighted,rock,identity,False,0
draw_01/budget_24/2026092804/ambient_balanced,electronic,identity,False,0
draw_01/budget_24/2026092804/ambient_balanced,pop,0.001,False,0
draw_01/budget_24/2026092804/ambient_balanced,ambient,0.01,False,0
draw_01/budget_24/2026092804/ambient_balanced,rock,identity,False,0
draw_01/budget_24/2026092805/unweighted,electronic,identity,False,0
draw_01/budget_24/2026092805/unweighted,pop,0.001,False,0
draw_01/budget_24/2026092805/unweighted,ambient,identity,False,0
draw_01/budget_24/2026092805/unweighted,rock,identity,False,0
draw_01/budget_24/2026092805/ambient_balanced,electronic,identity,False,0
draw_01/budget_24/2026092805/ambient_balanced,pop,0.001,False,0
draw_01/budget_24/2026092805/ambient_balanced,ambient,0.1,False,0
draw_01/budget_24/2026092805/ambient_balanced,rock,identity,False,0
draw_01/budget_24/2026092806/unweighted,electronic,1.0,False,0
draw_01/budget_24/2026092806/unweighted,pop,0.01,False,0
draw_01/budget_24/2026092806/unweighted,ambient,identity,False,0
draw_01/budget_24/2026092806/unweighted,rock,identity,False,0
draw_01/budget_24/2026092806/ambient_balanced,electronic,1.0,False,0
draw_01/budget_24/2026092806/ambient_balanced,pop,0.01,False,0
draw_01/budget_24/2026092806/ambient_balanced,ambient,0.1,False,0
draw_01/budget_24/2026092806/ambient_balanced,rock,identity,False,0
draw_01/budget_24/2026092807/unweighted,electronic,identity,False,0
draw_01/budget_24/2026092807/unweighted,pop,0.01,False,0
draw_01/budget_24/2026092807/unweighted,ambient,1.0,False,0
draw_01/budget_24/2026092807/unweighted,rock,identity,False,0
draw_01/budget_24/2026092807/ambient_balanced,electronic,identity,False,0
draw_01/budget_24/2026092807/ambient_balanced,pop,0.01,False,0
draw_01/budget_24/2026092807/ambient_balanced,ambient,0.01,False,0
draw_01/budget_24/2026092807/ambient_balanced,rock,identity,False,0
draw_01/budget_24/2026092808/unweighted,electronic,identity,False,0
draw_01/budget_24/2026092808/unweighted,pop,0.001,False,0
draw_01/budget_24/2026092808/unweighted,ambient,identity,False,0
draw_01/budget_24/2026092808/unweighted,rock,identity,False,0
draw_01/budget_24/2026092808/ambient_balanced,electronic,identity,False,0
draw_01/budget_24/2026092808/ambient_balanced,pop,0.001,False,0
draw_01/budget_24/2026092808/ambient_balanced,ambient,0.1,False,0
draw_01/budget_24/2026092808/ambient_balanced,rock,identity,False,0
draw_01/budget_24/2026092809/unweighted,electronic,identity,False,0
draw_01/budget_24/2026092809/unweighted,pop,1.0,False,0
draw_01/budget_24/2026092809/unweighted,ambient,identity,False,0
draw_01/budget_24/2026092809/unweighted,rock,1.0,False,0
draw_01/budget_24/2026092809/ambient_balanced,electronic,identity,False,0
draw_01/budget_24/2026092809/ambient_balanced,pop,1.0,False,0
draw_01/budget_24/2026092809/ambient_balanced,ambient,0.01,False,0
draw_01/budget_24/2026092809/ambient_balanced,rock,1.0,False,0
draw_01/budget_24/2026092810/unweighted,electronic,1.0,False,0
draw_01/budget_24/2026092810/unweighted,pop,1.0,False,0
draw_01/budget_24/2026092810/unweighted,ambient,identity,False,0
draw_01/budget_24/2026092810/unweighted,rock,identity,False,0
draw_01/budget_24/2026092810/ambient_balanced,electronic,1.0,False,0
draw_01/budget_24/2026092810/ambient_balanced,pop,1.0,False,0
draw_01/budget_24/2026092810/ambient_balanced,ambient,0.1,False,0
draw_01/budget_24/2026092810/ambient_balanced,rock,identity,False,0
draw_01/budget_24/2026092811/unweighted,electronic,identity,False,0
draw_01/budget_24/2026092811/unweighted,pop,identity,False,0
draw_01/budget_24/2026092811/unweighted,ambient,1.0,False,0
draw_01/budget_24/2026092811/unweighted,rock,identity,False,0
draw_01/budget_24/2026092811/ambient_balanced,electronic,identity,False,0
draw_01/budget_24/2026092811/ambient_balanced,pop,identity,False,0
draw_01/budget_24/2026092811/ambient_balanced,ambient,0.01,False,0
draw_01/budget_24/2026092811/ambient_balanced,rock,identity,False,0
draw_01/budget_24/2026092812/unweighted,electronic,identity,False,0
draw_01/budget_24/2026092812/unweighted,pop,0.01,False,0
draw_01/budget_24/2026092812/unweighted,ambient,identity,False,0
draw_01/budget_24/2026092812/unweighted,rock,identity,False,0
draw_01/budget_24/2026092812/ambient_balanced,electronic,identity,False,0
draw_01/budget_24/2026092812/ambient_balanced,pop,0.01,False,0
draw_01/budget_24/2026092812/ambient_balanced,ambient,0.1,False,0
draw_01/budget_24/2026092812/ambient_balanced,rock,identity,False,0
draw_01/budget_24/2026092813/unweighted,electronic,identity,False,0
draw_01/budget_24/2026092813/unweighted,pop,0.1,False,0
draw_01/budget_24/2026092813/unweighted,ambient,identity,False,0
draw_01/budget_24/2026092813/unweighted,rock,identity,False,0
draw_01/budget_24/2026092813/ambient_balanced,electronic,identity,False,0
draw_01/budget_24/2026092813/ambient_balanced,pop,0.1,False,0
draw_01/budget_24/2026092813/ambient_balanced,ambient,0.01,False,0
draw_01/budget_24/2026092813/ambient_balanced,rock,identity,False,0
draw_01/budget_24/2026092814/unweighted,electronic,identity,False,0
draw_01/budget_24/2026092814/unweighted,pop,0.1,False,0
draw_01/budget_24/2026092814/unweighted,ambient,1.0,False,0
draw_01/budget_24/2026092814/unweighted,rock,identity,False,0
draw_01/budget_24/2026092814/ambient_balanced,electronic,identity,False,0
draw_01/budget_24/2026092814/ambient_balanced,pop,0.1,False,0
draw_01/budget_24/2026092814/ambient_balanced,ambient,0.01,False,0
draw_01/budget_24/2026092814/ambient_balanced,rock,identity,False,0
draw_01/budget_24/2026092815/unweighted,electronic,identity,False,0
draw_01/budget_24/2026092815/unweighted,pop,0.001,False,0
draw_01/budget_24/2026092815/unweighted,ambient,1.0,False,0
draw_01/budget_24/2026092815/unweighted,rock,identity,False,0
draw_01/budget_24/2026092815/ambient_balanced,electronic,identity,False,0
draw_01/budget_24/2026092815/ambient_balanced,pop,0.001,False,0
draw_01/budget_24/2026092815/ambient_balanced,ambient,0.01,False,0
draw_01/budget_24/2026092815/ambient_balanced,rock,identity,False,0
draw_01/budget_24/2026092816/unweighted,electronic,identity,False,0
draw_01/budget_24/2026092816/unweighted,pop,0.1,False,0
draw_01/budget_24/2026092816/unweighted,ambient,1.0,False,0
draw_01/budget_24/2026092816/unweighted,rock,identity,False,0
draw_01/budget_24/2026092816/ambient_balanced,electronic,identity,False,0
draw_01/budget_24/2026092816/ambient_balanced,pop,0.1,False,0
draw_01/budget_24/2026092816/ambient_balanced,ambient,0.01,False,0
draw_01/budget_24/2026092816/ambient_balanced,rock,identity,False,0
draw_01/budget_24/2026092817/unweighted,electronic,1.0,False,0
draw_01/budget_24/2026092817/unweighted,pop,1.0,False,0
draw_01/budget_24/2026092817/unweighted,ambient,identity,False,0
draw_01/budget_24/2026092817/unweighted,rock,identity,False,0
draw_01/budget_24/2026092817/ambient_balanced,electronic,1.0,False,0
draw_01/budget_24/2026092817/ambient_balanced,pop,1.0,False,0
draw_01/budget_24/2026092817/ambient_balanced,ambient,0.01,False,0
draw_01/budget_24/2026092817/ambient_balanced,rock,identity,False,0
draw_01/budget_24/2026092818/unweighted,electronic,1.0,False,0
draw_01/budget_24/2026092818/unweighted,pop,0.01,False,0
draw_01/budget_24/2026092818/unweighted,ambient,identity,False,0
draw_01/budget_24/2026092818/unweighted,rock,identity,False,0
draw_01/budget_24/2026092818/ambient_balanced,electronic,1.0,False,0
draw_01/budget_24/2026092818/ambient_balanced,pop,0.01,False,0
draw_01/budget_24/2026092818/ambient_balanced,ambient,0.1,False,0
draw_01/budget_24/2026092818/ambient_balanced,rock,identity,False,0
draw_01/budget_24/2026092819/unweighted,electronic,identity,False,0
draw_01/budget_24/2026092819/unweighted,pop,0.001,False,0
draw_01/budget_24/2026092819/unweighted,ambient,identity,False,0
draw_01/budget_24/2026092819/unweighted,rock,1.0,False,0
draw_01/budget_24/2026092819/ambient_balanced,electronic,identity,False,0
draw_01/budget_24/2026092819/ambient_balanced,pop,0.001,False,0
draw_01/budget_24/2026092819/ambient_balanced,ambient,0.1,False,0
draw_01/budget_24/2026092819/ambient_balanced,rock,1.0,False,0
draw_01/budget_47/2026092800/unweighted,electronic,0.1,False,0
draw_01/budget_47/2026092800/unweighted,pop,identity,False,0
draw_01/budget_47/2026092800/unweighted,ambient,identity,False,0
draw_01/budget_47/2026092800/unweighted,rock,identity,False,0
draw_01/budget_47/2026092800/ambient_balanced,electronic,0.1,False,0
draw_01/budget_47/2026092800/ambient_balanced,pop,identity,False,0
draw_01/budget_47/2026092800/ambient_balanced,ambient,0.1,False,0
draw_01/budget_47/2026092800/ambient_balanced,rock,identity,False,0
draw_01/budget_47/2026092801/unweighted,electronic,0.1,False,0
draw_01/budget_47/2026092801/unweighted,pop,identity,False,0
draw_01/budget_47/2026092801/unweighted,ambient,identity,False,0
draw_01/budget_47/2026092801/unweighted,rock,identity,False,0
draw_01/budget_47/2026092801/ambient_balanced,electronic,0.1,False,0
draw_01/budget_47/2026092801/ambient_balanced,pop,identity,False,0
draw_01/budget_47/2026092801/ambient_balanced,ambient,0.01,False,0
draw_01/budget_47/2026092801/ambient_balanced,rock,identity,False,0
draw_01/budget_47/2026092802/unweighted,electronic,0.1,False,0
draw_01/budget_47/2026092802/unweighted,pop,identity,False,0
draw_01/budget_47/2026092802/unweighted,ambient,identity,False,0
draw_01/budget_47/2026092802/unweighted,rock,identity,False,0
draw_01/budget_47/2026092802/ambient_balanced,electronic,0.1,False,0
draw_01/budget_47/2026092802/ambient_balanced,pop,identity,False,0
draw_01/budget_47/2026092802/ambient_balanced,ambient,0.1,False,0
draw_01/budget_47/2026092802/ambient_balanced,rock,identity,False,0
draw_01/budget_47/2026092803/unweighted,electronic,0.1,False,0
draw_01/budget_47/2026092803/unweighted,pop,1.0,False,0
draw_01/budget_47/2026092803/unweighted,ambient,identity,False,0
draw_01/budget_47/2026092803/unweighted,rock,identity,False,0
draw_01/budget_47/2026092803/ambient_balanced,electronic,0.1,False,0
draw_01/budget_47/2026092803/ambient_balanced,pop,1.0,False,0
draw_01/budget_47/2026092803/ambient_balanced,ambient,0.01,False,0
draw_01/budget_47/2026092803/ambient_balanced,rock,identity,False,0
draw_01/budget_47/2026092804/unweighted,electronic,0.1,False,0
draw_01/budget_47/2026092804/unweighted,pop,identity,False,0
draw_01/budget_47/2026092804/unweighted,ambient,1.0,False,0
draw_01/budget_47/2026092804/unweighted,rock,identity,False,0
draw_01/budget_47/2026092804/ambient_balanced,electronic,0.1,False,0
draw_01/budget_47/2026092804/ambient_balanced,pop,identity,False,0
draw_01/budget_47/2026092804/ambient_balanced,ambient,0.01,False,0
draw_01/budget_47/2026092804/ambient_balanced,rock,identity,False,0
draw_01/budget_47/2026092805/unweighted,electronic,1.0,False,0
draw_01/budget_47/2026092805/unweighted,pop,identity,False,0
draw_01/budget_47/2026092805/unweighted,ambient,1.0,False,0
draw_01/budget_47/2026092805/unweighted,rock,identity,False,0
draw_01/budget_47/2026092805/ambient_balanced,electronic,1.0,False,0
draw_01/budget_47/2026092805/ambient_balanced,pop,identity,False,0
draw_01/budget_47/2026092805/ambient_balanced,ambient,0.01,False,0
draw_01/budget_47/2026092805/ambient_balanced,rock,identity,False,0
draw_01/budget_47/2026092806/unweighted,electronic,0.1,False,0
draw_01/budget_47/2026092806/unweighted,pop,1.0,False,0
draw_01/budget_47/2026092806/unweighted,ambient,identity,False,0
draw_01/budget_47/2026092806/unweighted,rock,identity,False,0
draw_01/budget_47/2026092806/ambient_balanced,electronic,0.1,False,0
draw_01/budget_47/2026092806/ambient_balanced,pop,1.0,False,0
draw_01/budget_47/2026092806/ambient_balanced,ambient,0.1,False,0
draw_01/budget_47/2026092806/ambient_balanced,rock,identity,False,0
draw_01/budget_47/2026092807/unweighted,electronic,0.1,False,0
draw_01/budget_47/2026092807/unweighted,pop,identity,False,0
draw_01/budget_47/2026092807/unweighted,ambient,identity,False,0
draw_01/budget_47/2026092807/unweighted,rock,identity,False,0
draw_01/budget_47/2026092807/ambient_balanced,electronic,0.1,False,0
draw_01/budget_47/2026092807/ambient_balanced,pop,identity,False,0
draw_01/budget_47/2026092807/ambient_balanced,ambient,0.01,False,0
draw_01/budget_47/2026092807/ambient_balanced,rock,identity,False,0
draw_01/budget_47/2026092808/unweighted,electronic,0.1,False,0
draw_01/budget_47/2026092808/unweighted,pop,identity,False,0
draw_01/budget_47/2026092808/unweighted,ambient,1.0,False,0
draw_01/budget_47/2026092808/unweighted,rock,identity,False,0
draw_01/budget_47/2026092808/ambient_balanced,electronic,0.1,False,0
draw_01/budget_47/2026092808/ambient_balanced,pop,identity,False,0
draw_01/budget_47/2026092808/ambient_balanced,ambient,0.01,False,0
draw_01/budget_47/2026092808/ambient_balanced,rock,identity,False,0
draw_01/budget_47/2026092809/unweighted,electronic,0.1,False,0
draw_01/budget_47/2026092809/unweighted,pop,identity,False,0
draw_01/budget_47/2026092809/unweighted,ambient,1.0,False,0
draw_01/budget_47/2026092809/unweighted,rock,identity,False,0
draw_01/budget_47/2026092809/ambient_balanced,electronic,0.1,False,0
draw_01/budget_47/2026092809/ambient_balanced,pop,identity,False,0
draw_01/budget_47/2026092809/ambient_balanced,ambient,0.01,False,0
draw_01/budget_47/2026092809/ambient_balanced,rock,identity,False,0
draw_01/budget_47/2026092810/unweighted,electronic,0.1,False,0
draw_01/budget_47/2026092810/unweighted,pop,1.0,False,0
draw_01/budget_47/2026092810/unweighted,ambient,identity,False,0
draw_01/budget_47/2026092810/unweighted,rock,identity,False,0
draw_01/budget_47/2026092810/ambient_balanced,electronic,0.1,False,0
draw_01/budget_47/2026092810/ambient_balanced,pop,1.0,False,0
draw_01/budget_47/2026092810/ambient_balanced,ambient,0.1,False,0
draw_01/budget_47/2026092810/ambient_balanced,rock,identity,False,0
draw_01/budget_47/2026092811/unweighted,electronic,0.01,False,0
draw_01/budget_47/2026092811/unweighted,pop,identity,False,0
draw_01/budget_47/2026092811/unweighted,ambient,identity,False,0
draw_01/budget_47/2026092811/unweighted,rock,identity,False,0
draw_01/budget_47/2026092811/ambient_balanced,electronic,0.01,False,0
draw_01/budget_47/2026092811/ambient_balanced,pop,identity,False,0
draw_01/budget_47/2026092811/ambient_balanced,ambient,0.1,False,0
draw_01/budget_47/2026092811/ambient_balanced,rock,identity,False,0
draw_01/budget_47/2026092812/unweighted,electronic,1.0,False,0
draw_01/budget_47/2026092812/unweighted,pop,identity,False,0
draw_01/budget_47/2026092812/unweighted,ambient,identity,False,0
draw_01/budget_47/2026092812/unweighted,rock,identity,False,0
draw_01/budget_47/2026092812/ambient_balanced,electronic,1.0,False,0
draw_01/budget_47/2026092812/ambient_balanced,pop,identity,False,0
draw_01/budget_47/2026092812/ambient_balanced,ambient,0.01,False,0
draw_01/budget_47/2026092812/ambient_balanced,rock,identity,False,0
draw_01/budget_47/2026092813/unweighted,electronic,0.1,False,0
draw_01/budget_47/2026092813/unweighted,pop,identity,False,0
draw_01/budget_47/2026092813/unweighted,ambient,identity,False,0
draw_01/budget_47/2026092813/unweighted,rock,identity,False,0
draw_01/budget_47/2026092813/ambient_balanced,electronic,0.1,False,0
draw_01/budget_47/2026092813/ambient_balanced,pop,identity,False,0
draw_01/budget_47/2026092813/ambient_balanced,ambient,0.01,False,0
draw_01/budget_47/2026092813/ambient_balanced,rock,identity,False,0
draw_01/budget_47/2026092814/unweighted,electronic,0.1,False,0
draw_01/budget_47/2026092814/unweighted,pop,1.0,False,0
draw_01/budget_47/2026092814/unweighted,ambient,1.0,False,0
draw_01/budget_47/2026092814/unweighted,rock,identity,False,0
draw_01/budget_47/2026092814/ambient_balanced,electronic,0.1,False,0
draw_01/budget_47/2026092814/ambient_balanced,pop,1.0,False,0
draw_01/budget_47/2026092814/ambient_balanced,ambient,0.1,False,0
draw_01/budget_47/2026092814/ambient_balanced,rock,identity,False,0
draw_01/budget_47/2026092815/unweighted,electronic,0.1,False,0
draw_01/budget_47/2026092815/unweighted,pop,identity,False,0
draw_01/budget_47/2026092815/unweighted,ambient,1.0,False,0
draw_01/budget_47/2026092815/unweighted,rock,identity,False,0
draw_01/budget_47/2026092815/ambient_balanced,electronic,0.1,False,0
draw_01/budget_47/2026092815/ambient_balanced,pop,identity,False,0
draw_01/budget_47/2026092815/ambient_balanced,ambient,0.001,False,0
draw_01/budget_47/2026092815/ambient_balanced,rock,identity,False,0
draw_01/budget_47/2026092816/unweighted,electronic,0.1,False,0
draw_01/budget_47/2026092816/unweighted,pop,identity,False,0
draw_01/budget_47/2026092816/unweighted,ambient,identity,False,0
draw_01/budget_47/2026092816/unweighted,rock,identity,False,0
draw_01/budget_47/2026092816/ambient_balanced,electronic,0.1,False,0
draw_01/budget_47/2026092816/ambient_balanced,pop,identity,False,0
draw_01/budget_47/2026092816/ambient_balanced,ambient,0.01,False,0
draw_01/budget_47/2026092816/ambient_balanced,rock,identity,False,0
draw_01/budget_47/2026092817/unweighted,electronic,0.1,False,0
draw_01/budget_47/2026092817/unweighted,pop,identity,False,0
draw_01/budget_47/2026092817/unweighted,ambient,identity,False,0
draw_01/budget_47/2026092817/unweighted,rock,identity,False,0
draw_01/budget_47/2026092817/ambient_balanced,electronic,0.1,False,0
draw_01/budget_47/2026092817/ambient_balanced,pop,identity,False,0
draw_01/budget_47/2026092817/ambient_balanced,ambient,0.01,False,0
draw_01/budget_47/2026092817/ambient_balanced,rock,identity,False,0
draw_01/budget_47/2026092818/unweighted,electronic,0.01,False,0
draw_01/budget_47/2026092818/unweighted,pop,identity,False,0
draw_01/budget_47/2026092818/unweighted,ambient,identity,False,0
draw_01/budget_47/2026092818/unweighted,rock,identity,False,0
draw_01/budget_47/2026092818/ambient_balanced,electronic,0.01,False,0
draw_01/budget_47/2026092818/ambient_balanced,pop,identity,False,0
draw_01/budget_47/2026092818/ambient_balanced,ambient,0.1,False,0
draw_01/budget_47/2026092818/ambient_balanced,rock,identity,False,0
draw_01/budget_47/2026092819/unweighted,electronic,0.1,False,0
draw_01/budget_47/2026092819/unweighted,pop,identity,False,0
draw_01/budget_47/2026092819/unweighted,ambient,identity,False,0
draw_01/budget_47/2026092819/unweighted,rock,identity,False,0
draw_01/budget_47/2026092819/ambient_balanced,electronic,0.1,False,0
draw_01/budget_47/2026092819/ambient_balanced,pop,identity,False,0
draw_01/budget_47/2026092819/ambient_balanced,ambient,0.01,False,0
draw_01/budget_47/2026092819/ambient_balanced,rock,identity,False,0
draw_01/budget_94/2026092800/unweighted,electronic,identity,False,0
draw_01/budget_94/2026092800/unweighted,pop,identity,False,0
draw_01/budget_94/2026092800/unweighted,ambient,1.0,False,0
draw_01/budget_94/2026092800/unweighted,rock,0.0,False,0
draw_01/budget_94/2026092800/ambient_balanced,electronic,identity,False,0
draw_01/budget_94/2026092800/ambient_balanced,pop,identity,False,0
draw_01/budget_94/2026092800/ambient_balanced,ambient,0.001,False,0
draw_01/budget_94/2026092800/ambient_balanced,rock,0.0,False,0
draw_01/budget_94/2026092801/unweighted,electronic,identity,False,0
draw_01/budget_94/2026092801/unweighted,pop,identity,False,0
draw_01/budget_94/2026092801/unweighted,ambient,0.1,False,0
draw_01/budget_94/2026092801/unweighted,rock,0.0,False,0
draw_01/budget_94/2026092801/ambient_balanced,electronic,identity,False,0
draw_01/budget_94/2026092801/ambient_balanced,pop,identity,False,0
draw_01/budget_94/2026092801/ambient_balanced,ambient,0.01,False,0
draw_01/budget_94/2026092801/ambient_balanced,rock,0.0,False,0
draw_01/budget_94/2026092802/unweighted,electronic,identity,False,0
draw_01/budget_94/2026092802/unweighted,pop,identity,False,0
draw_01/budget_94/2026092802/unweighted,ambient,1.0,False,0
draw_01/budget_94/2026092802/unweighted,rock,0.01,False,0
draw_01/budget_94/2026092802/ambient_balanced,electronic,identity,False,0
draw_01/budget_94/2026092802/ambient_balanced,pop,identity,False,0
draw_01/budget_94/2026092802/ambient_balanced,ambient,0.01,False,0
draw_01/budget_94/2026092802/ambient_balanced,rock,0.01,False,0
draw_01/budget_94/2026092803/unweighted,electronic,identity,False,0
draw_01/budget_94/2026092803/unweighted,pop,identity,False,0
draw_01/budget_94/2026092803/unweighted,ambient,1.0,False,0
draw_01/budget_94/2026092803/unweighted,rock,0.01,False,0
draw_01/budget_94/2026092803/ambient_balanced,electronic,identity,False,0
draw_01/budget_94/2026092803/ambient_balanced,pop,identity,False,0
draw_01/budget_94/2026092803/ambient_balanced,ambient,0.01,False,0
draw_01/budget_94/2026092803/ambient_balanced,rock,0.01,False,0
draw_01/budget_94/2026092804/unweighted,electronic,identity,False,0
draw_01/budget_94/2026092804/unweighted,pop,identity,False,0
draw_01/budget_94/2026092804/unweighted,ambient,0.1,False,0
draw_01/budget_94/2026092804/unweighted,rock,1.0,False,0
draw_01/budget_94/2026092804/ambient_balanced,electronic,identity,False,0
draw_01/budget_94/2026092804/ambient_balanced,pop,identity,False,0
draw_01/budget_94/2026092804/ambient_balanced,ambient,0.01,False,0
draw_01/budget_94/2026092804/ambient_balanced,rock,1.0,False,0
draw_01/budget_94/2026092805/unweighted,electronic,identity,False,0
draw_01/budget_94/2026092805/unweighted,pop,identity,False,0
draw_01/budget_94/2026092805/unweighted,ambient,1.0,False,0
draw_01/budget_94/2026092805/unweighted,rock,0.0,False,0
draw_01/budget_94/2026092805/ambient_balanced,electronic,identity,False,0
draw_01/budget_94/2026092805/ambient_balanced,pop,identity,False,0
draw_01/budget_94/2026092805/ambient_balanced,ambient,0.001,False,0
draw_01/budget_94/2026092805/ambient_balanced,rock,0.0,False,0
draw_01/budget_94/2026092806/unweighted,electronic,identity,False,0
draw_01/budget_94/2026092806/unweighted,pop,identity,False,0
draw_01/budget_94/2026092806/unweighted,ambient,identity,False,0
draw_01/budget_94/2026092806/unweighted,rock,0.0,False,0
draw_01/budget_94/2026092806/ambient_balanced,electronic,identity,False,0
draw_01/budget_94/2026092806/ambient_balanced,pop,identity,False,0
draw_01/budget_94/2026092806/ambient_balanced,ambient,0.01,False,0
draw_01/budget_94/2026092806/ambient_balanced,rock,0.0,False,0
draw_01/budget_94/2026092807/unweighted,electronic,identity,False,0
draw_01/budget_94/2026092807/unweighted,pop,identity,False,0
draw_01/budget_94/2026092807/unweighted,ambient,1.0,False,0
draw_01/budget_94/2026092807/unweighted,rock,identity,False,0
draw_01/budget_94/2026092807/ambient_balanced,electronic,identity,False,0
draw_01/budget_94/2026092807/ambient_balanced,pop,identity,False,0
draw_01/budget_94/2026092807/ambient_balanced,ambient,0.01,False,0
draw_01/budget_94/2026092807/ambient_balanced,rock,identity,False,0
draw_01/budget_94/2026092808/unweighted,electronic,identity,False,0
draw_01/budget_94/2026092808/unweighted,pop,identity,False,0
draw_01/budget_94/2026092808/unweighted,ambient,0.1,False,0
draw_01/budget_94/2026092808/unweighted,rock,0.1,False,0
draw_01/budget_94/2026092808/ambient_balanced,electronic,identity,False,0
draw_01/budget_94/2026092808/ambient_balanced,pop,identity,False,0
draw_01/budget_94/2026092808/ambient_balanced,ambient,0.01,False,0
draw_01/budget_94/2026092808/ambient_balanced,rock,0.1,False,0
draw_01/budget_94/2026092809/unweighted,electronic,identity,False,0
draw_01/budget_94/2026092809/unweighted,pop,identity,False,0
draw_01/budget_94/2026092809/unweighted,ambient,0.1,False,0
draw_01/budget_94/2026092809/unweighted,rock,0.0,False,0
draw_01/budget_94/2026092809/ambient_balanced,electronic,identity,False,0
draw_01/budget_94/2026092809/ambient_balanced,pop,identity,False,0
draw_01/budget_94/2026092809/ambient_balanced,ambient,0.01,False,0
draw_01/budget_94/2026092809/ambient_balanced,rock,0.0,False,0
draw_01/budget_94/2026092810/unweighted,electronic,identity,False,0
draw_01/budget_94/2026092810/unweighted,pop,identity,False,0
draw_01/budget_94/2026092810/unweighted,ambient,1.0,False,0
draw_01/budget_94/2026092810/unweighted,rock,0.1,False,0
draw_01/budget_94/2026092810/ambient_balanced,electronic,identity,False,0
draw_01/budget_94/2026092810/ambient_balanced,pop,identity,False,0
draw_01/budget_94/2026092810/ambient_balanced,ambient,0.01,False,0
draw_01/budget_94/2026092810/ambient_balanced,rock,0.1,False,0
draw_01/budget_94/2026092811/unweighted,electronic,identity,False,0
draw_01/budget_94/2026092811/unweighted,pop,identity,False,0
draw_01/budget_94/2026092811/unweighted,ambient,1.0,False,0
draw_01/budget_94/2026092811/unweighted,rock,0.01,False,0
draw_01/budget_94/2026092811/ambient_balanced,electronic,identity,False,0
draw_01/budget_94/2026092811/ambient_balanced,pop,identity,False,0
draw_01/budget_94/2026092811/ambient_balanced,ambient,0.01,False,0
draw_01/budget_94/2026092811/ambient_balanced,rock,0.01,False,0
draw_01/budget_94/2026092812/unweighted,electronic,identity,False,0
draw_01/budget_94/2026092812/unweighted,pop,identity,False,0
draw_01/budget_94/2026092812/unweighted,ambient,identity,False,0
draw_01/budget_94/2026092812/unweighted,rock,0.0,False,0
draw_01/budget_94/2026092812/ambient_balanced,electronic,identity,False,0
draw_01/budget_94/2026092812/ambient_balanced,pop,identity,False,0
draw_01/budget_94/2026092812/ambient_balanced,ambient,0.01,False,0
draw_01/budget_94/2026092812/ambient_balanced,rock,0.0,False,0
draw_01/budget_94/2026092813/unweighted,electronic,identity,False,0
draw_01/budget_94/2026092813/unweighted,pop,identity,False,0
draw_01/budget_94/2026092813/unweighted,ambient,1.0,False,0
draw_01/budget_94/2026092813/unweighted,rock,0.0,False,0
draw_01/budget_94/2026092813/ambient_balanced,electronic,identity,False,0
draw_01/budget_94/2026092813/ambient_balanced,pop,identity,False,0
draw_01/budget_94/2026092813/ambient_balanced,ambient,0.01,False,0
draw_01/budget_94/2026092813/ambient_balanced,rock,0.0,False,0
draw_01/budget_94/2026092814/unweighted,electronic,identity,False,0
draw_01/budget_94/2026092814/unweighted,pop,identity,False,0
draw_01/budget_94/2026092814/unweighted,ambient,0.1,False,0
draw_01/budget_94/2026092814/unweighted,rock,0.0,False,0
draw_01/budget_94/2026092814/ambient_balanced,electronic,identity,False,0
draw_01/budget_94/2026092814/ambient_balanced,pop,identity,False,0
draw_01/budget_94/2026092814/ambient_balanced,ambient,0.001,False,0
draw_01/budget_94/2026092814/ambient_balanced,rock,0.0,False,0
draw_01/budget_94/2026092815/unweighted,electronic,identity,False,0
draw_01/budget_94/2026092815/unweighted,pop,identity,False,0
draw_01/budget_94/2026092815/unweighted,ambient,0.1,False,0
draw_01/budget_94/2026092815/unweighted,rock,identity,False,0
draw_01/budget_94/2026092815/ambient_balanced,electronic,identity,False,0
draw_01/budget_94/2026092815/ambient_balanced,pop,identity,False,0
draw_01/budget_94/2026092815/ambient_balanced,ambient,0.01,False,0
draw_01/budget_94/2026092815/ambient_balanced,rock,identity,False,0
draw_01/budget_94/2026092816/unweighted,electronic,identity,False,0
draw_01/budget_94/2026092816/unweighted,pop,identity,False,0
draw_01/budget_94/2026092816/unweighted,ambient,0.1,False,0
draw_01/budget_94/2026092816/unweighted,rock,0.0,False,0
draw_01/budget_94/2026092816/ambient_balanced,electronic,identity,False,0
draw_01/budget_94/2026092816/ambient_balanced,pop,identity,False,0
draw_01/budget_94/2026092816/ambient_balanced,ambient,0.01,False,0
draw_01/budget_94/2026092816/ambient_balanced,rock,0.0,False,0
draw_01/budget_94/2026092817/unweighted,electronic,identity,False,0
draw_01/budget_94/2026092817/unweighted,pop,identity,False,0
draw_01/budget_94/2026092817/unweighted,ambient,identity,False,0
draw_01/budget_94/2026092817/unweighted,rock,0.01,False,0
draw_01/budget_94/2026092817/ambient_balanced,electronic,identity,False,0
draw_01/budget_94/2026092817/ambient_balanced,pop,identity,False,0
draw_01/budget_94/2026092817/ambient_balanced,ambient,0.01,False,0
draw_01/budget_94/2026092817/ambient_balanced,rock,0.01,False,0
draw_01/budget_94/2026092818/unweighted,electronic,identity,False,0
draw_01/budget_94/2026092818/unweighted,pop,identity,False,0
draw_01/budget_94/2026092818/unweighted,ambient,identity,False,0
draw_01/budget_94/2026092818/unweighted,rock,0.0,False,0
draw_01/budget_94/2026092818/ambient_balanced,electronic,identity,False,0
draw_01/budget_94/2026092818/ambient_balanced,pop,identity,False,0
draw_01/budget_94/2026092818/ambient_balanced,ambient,0.01,False,0
draw_01/budget_94/2026092818/ambient_balanced,rock,0.0,False,0
draw_01/budget_94/2026092819/unweighted,electronic,identity,False,0
draw_01/budget_94/2026092819/unweighted,pop,identity,False,0
draw_01/budget_94/2026092819/unweighted,ambient,identity,False,0
draw_01/budget_94/2026092819/unweighted,rock,0.01,False,0
draw_01/budget_94/2026092819/ambient_balanced,electronic,identity,False,0
draw_01/budget_94/2026092819/ambient_balanced,pop,identity,False,0
draw_01/budget_94/2026092819/ambient_balanced,ambient,0.01,False,0
draw_01/budget_94/2026092819/ambient_balanced,rock,0.01,False,0
draw_02/budget_24/2026092800/unweighted,electronic,identity,False,0
draw_02/budget_24/2026092800/unweighted,pop,0.01,False,0
draw_02/budget_24/2026092800/unweighted,ambient,identity,False,0
draw_02/budget_24/2026092800/unweighted,rock,0.0,False,0
draw_02/budget_24/2026092800/ambient_balanced,electronic,identity,False,0
draw_02/budget_24/2026092800/ambient_balanced,pop,0.01,False,0
draw_02/budget_24/2026092800/ambient_balanced,ambient,0.0,False,0
draw_02/budget_24/2026092800/ambient_balanced,rock,0.0,False,0
draw_02/budget_24/2026092801/unweighted,electronic,identity,False,0
draw_02/budget_24/2026092801/unweighted,pop,identity,False,0
draw_02/budget_24/2026092801/unweighted,ambient,identity,False,0
draw_02/budget_24/2026092801/unweighted,rock,0.0,False,0
draw_02/budget_24/2026092801/ambient_balanced,electronic,identity,False,0
draw_02/budget_24/2026092801/ambient_balanced,pop,identity,False,0
draw_02/budget_24/2026092801/ambient_balanced,ambient,0.0,False,0
draw_02/budget_24/2026092801/ambient_balanced,rock,0.0,False,0
draw_02/budget_24/2026092802/unweighted,electronic,identity,False,0
draw_02/budget_24/2026092802/unweighted,pop,identity,False,0
draw_02/budget_24/2026092802/unweighted,ambient,identity,False,0
draw_02/budget_24/2026092802/unweighted,rock,0.001,False,0
draw_02/budget_24/2026092802/ambient_balanced,electronic,identity,False,0
draw_02/budget_24/2026092802/ambient_balanced,pop,identity,False,0
draw_02/budget_24/2026092802/ambient_balanced,ambient,0.01,False,0
draw_02/budget_24/2026092802/ambient_balanced,rock,0.001,False,0
draw_02/budget_24/2026092803/unweighted,electronic,identity,False,0
draw_02/budget_24/2026092803/unweighted,pop,identity,False,0
draw_02/budget_24/2026092803/unweighted,ambient,identity,False,0
draw_02/budget_24/2026092803/unweighted,rock,0.0,False,0
draw_02/budget_24/2026092803/ambient_balanced,electronic,identity,False,0
draw_02/budget_24/2026092803/ambient_balanced,pop,identity,False,0
draw_02/budget_24/2026092803/ambient_balanced,ambient,0.0,False,0
draw_02/budget_24/2026092803/ambient_balanced,rock,0.0,False,0
draw_02/budget_24/2026092804/unweighted,electronic,identity,False,0
draw_02/budget_24/2026092804/unweighted,pop,identity,False,0
draw_02/budget_24/2026092804/unweighted,ambient,identity,False,0
draw_02/budget_24/2026092804/unweighted,rock,0.0,False,0
draw_02/budget_24/2026092804/ambient_balanced,electronic,identity,False,0
draw_02/budget_24/2026092804/ambient_balanced,pop,identity,False,0
draw_02/budget_24/2026092804/ambient_balanced,ambient,0.0,False,0
draw_02/budget_24/2026092804/ambient_balanced,rock,0.0,False,0
draw_02/budget_24/2026092805/unweighted,electronic,identity,False,0
draw_02/budget_24/2026092805/unweighted,pop,identity,False,0
draw_02/budget_24/2026092805/unweighted,ambient,identity,False,0
draw_02/budget_24/2026092805/unweighted,rock,0.001,False,0
draw_02/budget_24/2026092805/ambient_balanced,electronic,identity,False,0
draw_02/budget_24/2026092805/ambient_balanced,pop,identity,False,0
draw_02/budget_24/2026092805/ambient_balanced,ambient,0.0,False,0
draw_02/budget_24/2026092805/ambient_balanced,rock,0.001,False,0
draw_02/budget_24/2026092806/unweighted,electronic,identity,False,0
draw_02/budget_24/2026092806/unweighted,pop,0.01,False,0
draw_02/budget_24/2026092806/unweighted,ambient,identity,False,0
draw_02/budget_24/2026092806/unweighted,rock,0.001,False,0
draw_02/budget_24/2026092806/ambient_balanced,electronic,identity,False,0
draw_02/budget_24/2026092806/ambient_balanced,pop,0.01,False,0
draw_02/budget_24/2026092806/ambient_balanced,ambient,0.0,False,0
draw_02/budget_24/2026092806/ambient_balanced,rock,0.001,False,0
draw_02/budget_24/2026092807/unweighted,electronic,identity,False,0
draw_02/budget_24/2026092807/unweighted,pop,identity,False,0
draw_02/budget_24/2026092807/unweighted,ambient,identity,False,0
draw_02/budget_24/2026092807/unweighted,rock,0.1,False,0
draw_02/budget_24/2026092807/ambient_balanced,electronic,identity,False,0
draw_02/budget_24/2026092807/ambient_balanced,pop,identity,False,0
draw_02/budget_24/2026092807/ambient_balanced,ambient,0.0,False,0
draw_02/budget_24/2026092807/ambient_balanced,rock,0.1,False,0
draw_02/budget_24/2026092808/unweighted,electronic,identity,False,0
draw_02/budget_24/2026092808/unweighted,pop,identity,False,0
draw_02/budget_24/2026092808/unweighted,ambient,identity,False,0
draw_02/budget_24/2026092808/unweighted,rock,0.01,False,0
draw_02/budget_24/2026092808/ambient_balanced,electronic,identity,False,0
draw_02/budget_24/2026092808/ambient_balanced,pop,identity,False,0
draw_02/budget_24/2026092808/ambient_balanced,ambient,0.0,False,0
draw_02/budget_24/2026092808/ambient_balanced,rock,0.01,False,0
draw_02/budget_24/2026092809/unweighted,electronic,identity,False,0
draw_02/budget_24/2026092809/unweighted,pop,0.01,False,0
draw_02/budget_24/2026092809/unweighted,ambient,identity,False,0
draw_02/budget_24/2026092809/unweighted,rock,0.001,False,0
draw_02/budget_24/2026092809/ambient_balanced,electronic,identity,False,0
draw_02/budget_24/2026092809/ambient_balanced,pop,0.01,False,0
draw_02/budget_24/2026092809/ambient_balanced,ambient,0.0,False,0
draw_02/budget_24/2026092809/ambient_balanced,rock,0.001,False,0
draw_02/budget_24/2026092810/unweighted,electronic,identity,False,0
draw_02/budget_24/2026092810/unweighted,pop,identity,False,0
draw_02/budget_24/2026092810/unweighted,ambient,identity,False,0
draw_02/budget_24/2026092810/unweighted,rock,0.01,False,0
draw_02/budget_24/2026092810/ambient_balanced,electronic,identity,False,0
draw_02/budget_24/2026092810/ambient_balanced,pop,identity,False,0
draw_02/budget_24/2026092810/ambient_balanced,ambient,0.0,False,0
draw_02/budget_24/2026092810/ambient_balanced,rock,0.01,False,0
draw_02/budget_24/2026092811/unweighted,electronic,identity,False,0
draw_02/budget_24/2026092811/unweighted,pop,identity,False,0
draw_02/budget_24/2026092811/unweighted,ambient,identity,False,0
draw_02/budget_24/2026092811/unweighted,rock,0.0,False,0
draw_02/budget_24/2026092811/ambient_balanced,electronic,identity,False,0
draw_02/budget_24/2026092811/ambient_balanced,pop,identity,False,0
draw_02/budget_24/2026092811/ambient_balanced,ambient,0.0,False,0
draw_02/budget_24/2026092811/ambient_balanced,rock,0.0,False,0
draw_02/budget_24/2026092812/unweighted,electronic,identity,False,0
draw_02/budget_24/2026092812/unweighted,pop,identity,False,0
draw_02/budget_24/2026092812/unweighted,ambient,identity,False,0
draw_02/budget_24/2026092812/unweighted,rock,0.001,False,0
draw_02/budget_24/2026092812/ambient_balanced,electronic,identity,False,0
draw_02/budget_24/2026092812/ambient_balanced,pop,identity,False,0
draw_02/budget_24/2026092812/ambient_balanced,ambient,0.0,False,0
draw_02/budget_24/2026092812/ambient_balanced,rock,0.001,False,0
draw_02/budget_24/2026092813/unweighted,electronic,identity,False,0
draw_02/budget_24/2026092813/unweighted,pop,identity,False,0
draw_02/budget_24/2026092813/unweighted,ambient,identity,False,0
draw_02/budget_24/2026092813/unweighted,rock,0.01,False,0
draw_02/budget_24/2026092813/ambient_balanced,electronic,identity,False,0
draw_02/budget_24/2026092813/ambient_balanced,pop,identity,False,0
draw_02/budget_24/2026092813/ambient_balanced,ambient,0.0,False,0
draw_02/budget_24/2026092813/ambient_balanced,rock,0.01,False,0
draw_02/budget_24/2026092814/unweighted,electronic,identity,False,0
draw_02/budget_24/2026092814/unweighted,pop,identity,False,0
draw_02/budget_24/2026092814/unweighted,ambient,identity,False,0
draw_02/budget_24/2026092814/unweighted,rock,0.01,False,0
draw_02/budget_24/2026092814/ambient_balanced,electronic,identity,False,0
draw_02/budget_24/2026092814/ambient_balanced,pop,identity,False,0
draw_02/budget_24/2026092814/ambient_balanced,ambient,0.0,False,0
draw_02/budget_24/2026092814/ambient_balanced,rock,0.01,False,0
draw_02/budget_24/2026092815/unweighted,electronic,identity,False,0
draw_02/budget_24/2026092815/unweighted,pop,0.1,False,0
draw_02/budget_24/2026092815/unweighted,ambient,identity,False,0
draw_02/budget_24/2026092815/unweighted,rock,0.01,False,0
draw_02/budget_24/2026092815/ambient_balanced,electronic,identity,False,0
draw_02/budget_24/2026092815/ambient_balanced,pop,0.1,False,0
draw_02/budget_24/2026092815/ambient_balanced,ambient,0.0,False,0
draw_02/budget_24/2026092815/ambient_balanced,rock,0.01,False,0
draw_02/budget_24/2026092816/unweighted,electronic,identity,False,0
draw_02/budget_24/2026092816/unweighted,pop,0.01,False,0
draw_02/budget_24/2026092816/unweighted,ambient,identity,False,0
draw_02/budget_24/2026092816/unweighted,rock,0.001,False,0
draw_02/budget_24/2026092816/ambient_balanced,electronic,identity,False,0
draw_02/budget_24/2026092816/ambient_balanced,pop,0.01,False,0
draw_02/budget_24/2026092816/ambient_balanced,ambient,0.0,False,0
draw_02/budget_24/2026092816/ambient_balanced,rock,0.001,False,0
draw_02/budget_24/2026092817/unweighted,electronic,identity,False,0
draw_02/budget_24/2026092817/unweighted,pop,identity,False,0
draw_02/budget_24/2026092817/unweighted,ambient,identity,False,0
draw_02/budget_24/2026092817/unweighted,rock,0.01,False,0
draw_02/budget_24/2026092817/ambient_balanced,electronic,identity,False,0
draw_02/budget_24/2026092817/ambient_balanced,pop,identity,False,0
draw_02/budget_24/2026092817/ambient_balanced,ambient,0.0,False,0
draw_02/budget_24/2026092817/ambient_balanced,rock,0.01,False,0
draw_02/budget_24/2026092818/unweighted,electronic,identity,False,0
draw_02/budget_24/2026092818/unweighted,pop,identity,False,0
draw_02/budget_24/2026092818/unweighted,ambient,identity,False,0
draw_02/budget_24/2026092818/unweighted,rock,0.0,False,0
draw_02/budget_24/2026092818/ambient_balanced,electronic,identity,False,0
draw_02/budget_24/2026092818/ambient_balanced,pop,identity,False,0
draw_02/budget_24/2026092818/ambient_balanced,ambient,0.0,False,0
draw_02/budget_24/2026092818/ambient_balanced,rock,0.0,False,0
draw_02/budget_24/2026092819/unweighted,electronic,identity,False,0
draw_02/budget_24/2026092819/unweighted,pop,identity,False,0
draw_02/budget_24/2026092819/unweighted,ambient,identity,False,0
draw_02/budget_24/2026092819/unweighted,rock,0.001,False,0
draw_02/budget_24/2026092819/ambient_balanced,electronic,identity,False,0
draw_02/budget_24/2026092819/ambient_balanced,pop,identity,False,0
draw_02/budget_24/2026092819/ambient_balanced,ambient,0.0,False,0
draw_02/budget_24/2026092819/ambient_balanced,rock,0.001,False,0
draw_02/budget_47/2026092800/unweighted,electronic,1.0,False,0
draw_02/budget_47/2026092800/unweighted,pop,identity,False,0
draw_02/budget_47/2026092800/unweighted,ambient,0.1,False,0
draw_02/budget_47/2026092800/unweighted,rock,0.1,False,0
draw_02/budget_47/2026092800/ambient_balanced,electronic,1.0,False,0
draw_02/budget_47/2026092800/ambient_balanced,pop,identity,False,0
draw_02/budget_47/2026092800/ambient_balanced,ambient,0.01,False,0
draw_02/budget_47/2026092800/ambient_balanced,rock,0.1,False,0
draw_02/budget_47/2026092801/unweighted,electronic,identity,False,0
draw_02/budget_47/2026092801/unweighted,pop,identity,False,0
draw_02/budget_47/2026092801/unweighted,ambient,0.1,False,0
draw_02/budget_47/2026092801/unweighted,rock,0.1,False,0
draw_02/budget_47/2026092801/ambient_balanced,electronic,identity,False,0
draw_02/budget_47/2026092801/ambient_balanced,pop,identity,False,0
draw_02/budget_47/2026092801/ambient_balanced,ambient,0.01,False,0
draw_02/budget_47/2026092801/ambient_balanced,rock,0.1,False,0
draw_02/budget_47/2026092802/unweighted,electronic,identity,False,0
draw_02/budget_47/2026092802/unweighted,pop,identity,False,0
draw_02/budget_47/2026092802/unweighted,ambient,identity,False,0
draw_02/budget_47/2026092802/unweighted,rock,0.1,False,0
draw_02/budget_47/2026092802/ambient_balanced,electronic,identity,False,0
draw_02/budget_47/2026092802/ambient_balanced,pop,identity,False,0
draw_02/budget_47/2026092802/ambient_balanced,ambient,0.01,False,0
draw_02/budget_47/2026092802/ambient_balanced,rock,0.1,False,0
draw_02/budget_47/2026092803/unweighted,electronic,1.0,False,0
draw_02/budget_47/2026092803/unweighted,pop,identity,False,0
draw_02/budget_47/2026092803/unweighted,ambient,identity,False,0
draw_02/budget_47/2026092803/unweighted,rock,0.1,False,0
draw_02/budget_47/2026092803/ambient_balanced,electronic,1.0,False,0
draw_02/budget_47/2026092803/ambient_balanced,pop,identity,False,0
draw_02/budget_47/2026092803/ambient_balanced,ambient,0.001,False,0
draw_02/budget_47/2026092803/ambient_balanced,rock,0.1,False,0
draw_02/budget_47/2026092804/unweighted,electronic,1.0,False,0
draw_02/budget_47/2026092804/unweighted,pop,identity,False,0
draw_02/budget_47/2026092804/unweighted,ambient,identity,False,0
draw_02/budget_47/2026092804/unweighted,rock,0.1,False,0
draw_02/budget_47/2026092804/ambient_balanced,electronic,1.0,False,0
draw_02/budget_47/2026092804/ambient_balanced,pop,identity,False,0
draw_02/budget_47/2026092804/ambient_balanced,ambient,0.01,False,0
draw_02/budget_47/2026092804/ambient_balanced,rock,0.1,False,0
draw_02/budget_47/2026092805/unweighted,electronic,identity,False,0
draw_02/budget_47/2026092805/unweighted,pop,identity,False,0
draw_02/budget_47/2026092805/unweighted,ambient,0.01,False,0
draw_02/budget_47/2026092805/unweighted,rock,0.1,False,0
draw_02/budget_47/2026092805/ambient_balanced,electronic,identity,False,0
draw_02/budget_47/2026092805/ambient_balanced,pop,identity,False,0
draw_02/budget_47/2026092805/ambient_balanced,ambient,0.001,False,0
draw_02/budget_47/2026092805/ambient_balanced,rock,0.1,False,0
draw_02/budget_47/2026092806/unweighted,electronic,0.1,False,0
draw_02/budget_47/2026092806/unweighted,pop,identity,False,0
draw_02/budget_47/2026092806/unweighted,ambient,identity,False,0
draw_02/budget_47/2026092806/unweighted,rock,1.0,False,0
draw_02/budget_47/2026092806/ambient_balanced,electronic,0.1,False,0
draw_02/budget_47/2026092806/ambient_balanced,pop,identity,False,0
draw_02/budget_47/2026092806/ambient_balanced,ambient,0.001,False,0
draw_02/budget_47/2026092806/ambient_balanced,rock,1.0,False,0
draw_02/budget_47/2026092807/unweighted,electronic,identity,False,0
draw_02/budget_47/2026092807/unweighted,pop,identity,False,0
draw_02/budget_47/2026092807/unweighted,ambient,identity,False,0
draw_02/budget_47/2026092807/unweighted,rock,0.1,False,0
draw_02/budget_47/2026092807/ambient_balanced,electronic,identity,False,0
draw_02/budget_47/2026092807/ambient_balanced,pop,identity,False,0
draw_02/budget_47/2026092807/ambient_balanced,ambient,0.01,False,0
draw_02/budget_47/2026092807/ambient_balanced,rock,0.1,False,0
draw_02/budget_47/2026092808/unweighted,electronic,identity,False,0
draw_02/budget_47/2026092808/unweighted,pop,identity,False,0
draw_02/budget_47/2026092808/unweighted,ambient,0.01,False,0
draw_02/budget_47/2026092808/unweighted,rock,0.1,False,0
draw_02/budget_47/2026092808/ambient_balanced,electronic,identity,False,0
draw_02/budget_47/2026092808/ambient_balanced,pop,identity,False,0
draw_02/budget_47/2026092808/ambient_balanced,ambient,0.01,False,0
draw_02/budget_47/2026092808/ambient_balanced,rock,0.1,False,0
draw_02/budget_47/2026092809/unweighted,electronic,0.1,False,0
draw_02/budget_47/2026092809/unweighted,pop,identity,False,0
draw_02/budget_47/2026092809/unweighted,ambient,1.0,False,0
draw_02/budget_47/2026092809/unweighted,rock,1.0,False,0
draw_02/budget_47/2026092809/ambient_balanced,electronic,0.1,False,0
draw_02/budget_47/2026092809/ambient_balanced,pop,identity,False,0
draw_02/budget_47/2026092809/ambient_balanced,ambient,0.01,False,0
draw_02/budget_47/2026092809/ambient_balanced,rock,1.0,False,0
draw_02/budget_47/2026092810/unweighted,electronic,identity,False,0
draw_02/budget_47/2026092810/unweighted,pop,identity,False,0
draw_02/budget_47/2026092810/unweighted,ambient,identity,False,0
draw_02/budget_47/2026092810/unweighted,rock,1.0,False,0
draw_02/budget_47/2026092810/ambient_balanced,electronic,identity,False,0
draw_02/budget_47/2026092810/ambient_balanced,pop,identity,False,0
draw_02/budget_47/2026092810/ambient_balanced,ambient,0.01,False,0
draw_02/budget_47/2026092810/ambient_balanced,rock,1.0,False,0
draw_02/budget_47/2026092811/unweighted,electronic,0.1,False,0
draw_02/budget_47/2026092811/unweighted,pop,identity,False,0
draw_02/budget_47/2026092811/unweighted,ambient,0.1,False,0
draw_02/budget_47/2026092811/unweighted,rock,0.1,False,0
draw_02/budget_47/2026092811/ambient_balanced,electronic,0.1,False,0
draw_02/budget_47/2026092811/ambient_balanced,pop,identity,False,0
draw_02/budget_47/2026092811/ambient_balanced,ambient,0.001,False,0
draw_02/budget_47/2026092811/ambient_balanced,rock,0.1,False,0
draw_02/budget_47/2026092812/unweighted,electronic,0.1,False,0
draw_02/budget_47/2026092812/unweighted,pop,identity,False,0
draw_02/budget_47/2026092812/unweighted,ambient,identity,False,0
draw_02/budget_47/2026092812/unweighted,rock,0.01,False,0
draw_02/budget_47/2026092812/ambient_balanced,electronic,0.1,False,0
draw_02/budget_47/2026092812/ambient_balanced,pop,identity,False,0
draw_02/budget_47/2026092812/ambient_balanced,ambient,0.001,False,0
draw_02/budget_47/2026092812/ambient_balanced,rock,0.01,False,0
draw_02/budget_47/2026092813/unweighted,electronic,identity,False,0
draw_02/budget_47/2026092813/unweighted,pop,identity,False,0
draw_02/budget_47/2026092813/unweighted,ambient,identity,False,0
draw_02/budget_47/2026092813/unweighted,rock,1.0,False,0
draw_02/budget_47/2026092813/ambient_balanced,electronic,identity,False,0
draw_02/budget_47/2026092813/ambient_balanced,pop,identity,False,0
draw_02/budget_47/2026092813/ambient_balanced,ambient,0.01,False,0
draw_02/budget_47/2026092813/ambient_balanced,rock,1.0,False,0
draw_02/budget_47/2026092814/unweighted,electronic,1.0,False,0
draw_02/budget_47/2026092814/unweighted,pop,identity,False,0
draw_02/budget_47/2026092814/unweighted,ambient,identity,False,0
draw_02/budget_47/2026092814/unweighted,rock,1.0,False,0
draw_02/budget_47/2026092814/ambient_balanced,electronic,1.0,False,0
draw_02/budget_47/2026092814/ambient_balanced,pop,identity,False,0
draw_02/budget_47/2026092814/ambient_balanced,ambient,0.01,False,0
draw_02/budget_47/2026092814/ambient_balanced,rock,1.0,False,0
draw_02/budget_47/2026092815/unweighted,electronic,identity,False,0
draw_02/budget_47/2026092815/unweighted,pop,identity,False,0
draw_02/budget_47/2026092815/unweighted,ambient,0.1,False,0
draw_02/budget_47/2026092815/unweighted,rock,1.0,False,0
draw_02/budget_47/2026092815/ambient_balanced,electronic,identity,False,0
draw_02/budget_47/2026092815/ambient_balanced,pop,identity,False,0
draw_02/budget_47/2026092815/ambient_balanced,ambient,0.01,False,0
draw_02/budget_47/2026092815/ambient_balanced,rock,1.0,False,0
draw_02/budget_47/2026092816/unweighted,electronic,0.1,False,0
draw_02/budget_47/2026092816/unweighted,pop,identity,False,0
draw_02/budget_47/2026092816/unweighted,ambient,1.0,False,0
draw_02/budget_47/2026092816/unweighted,rock,0.1,False,0
draw_02/budget_47/2026092816/ambient_balanced,electronic,0.1,False,0
draw_02/budget_47/2026092816/ambient_balanced,pop,identity,False,0
draw_02/budget_47/2026092816/ambient_balanced,ambient,0.01,False,0
draw_02/budget_47/2026092816/ambient_balanced,rock,0.1,False,0
draw_02/budget_47/2026092817/unweighted,electronic,identity,False,0
draw_02/budget_47/2026092817/unweighted,pop,identity,False,0
draw_02/budget_47/2026092817/unweighted,ambient,identity,False,0
draw_02/budget_47/2026092817/unweighted,rock,0.1,False,0
draw_02/budget_47/2026092817/ambient_balanced,electronic,identity,False,0
draw_02/budget_47/2026092817/ambient_balanced,pop,identity,False,0
draw_02/budget_47/2026092817/ambient_balanced,ambient,0.01,False,0
draw_02/budget_47/2026092817/ambient_balanced,rock,0.1,False,0
draw_02/budget_47/2026092818/unweighted,electronic,identity,False,0
draw_02/budget_47/2026092818/unweighted,pop,identity,False,0
draw_02/budget_47/2026092818/unweighted,ambient,identity,False,0
draw_02/budget_47/2026092818/unweighted,rock,0.1,False,0
draw_02/budget_47/2026092818/ambient_balanced,electronic,identity,False,0
draw_02/budget_47/2026092818/ambient_balanced,pop,identity,False,0
draw_02/budget_47/2026092818/ambient_balanced,ambient,0.01,False,0
draw_02/budget_47/2026092818/ambient_balanced,rock,0.1,False,0
draw_02/budget_47/2026092819/unweighted,electronic,1.0,False,0
draw_02/budget_47/2026092819/unweighted,pop,identity,False,0
draw_02/budget_47/2026092819/unweighted,ambient,identity,False,0
draw_02/budget_47/2026092819/unweighted,rock,0.1,False,0
draw_02/budget_47/2026092819/ambient_balanced,electronic,1.0,False,0
draw_02/budget_47/2026092819/ambient_balanced,pop,identity,False,0
draw_02/budget_47/2026092819/ambient_balanced,ambient,0.01,False,0
draw_02/budget_47/2026092819/ambient_balanced,rock,0.1,False,0
draw_03/budget_24/2026092800/unweighted,electronic,identity,False,0
draw_03/budget_24/2026092800/unweighted,pop,identity,False,0
draw_03/budget_24/2026092800/unweighted,ambient,identity,False,0
draw_03/budget_24/2026092800/unweighted,rock,1.0,False,0
draw_03/budget_24/2026092800/ambient_balanced,electronic,identity,False,0
draw_03/budget_24/2026092800/ambient_balanced,pop,identity,False,0
draw_03/budget_24/2026092800/ambient_balanced,ambient,1.0,False,0
draw_03/budget_24/2026092800/ambient_balanced,rock,1.0,False,0
draw_03/budget_24/2026092801/unweighted,electronic,identity,False,0
draw_03/budget_24/2026092801/unweighted,pop,identity,False,0
draw_03/budget_24/2026092801/unweighted,ambient,identity,False,0
draw_03/budget_24/2026092801/unweighted,rock,1.0,False,0
draw_03/budget_24/2026092801/ambient_balanced,electronic,identity,False,0
draw_03/budget_24/2026092801/ambient_balanced,pop,identity,False,0
draw_03/budget_24/2026092801/ambient_balanced,ambient,0.1,False,0
draw_03/budget_24/2026092801/ambient_balanced,rock,1.0,False,0
draw_03/budget_24/2026092802/unweighted,electronic,identity,False,0
draw_03/budget_24/2026092802/unweighted,pop,identity,False,0
draw_03/budget_24/2026092802/unweighted,ambient,identity,False,0
draw_03/budget_24/2026092802/unweighted,rock,1.0,False,0
draw_03/budget_24/2026092802/ambient_balanced,electronic,identity,False,0
draw_03/budget_24/2026092802/ambient_balanced,pop,identity,False,0
draw_03/budget_24/2026092802/ambient_balanced,ambient,0.1,False,0
draw_03/budget_24/2026092802/ambient_balanced,rock,1.0,False,0
draw_03/budget_24/2026092803/unweighted,electronic,identity,False,0
draw_03/budget_24/2026092803/unweighted,pop,identity,False,0
draw_03/budget_24/2026092803/unweighted,ambient,identity,False,0
draw_03/budget_24/2026092803/unweighted,rock,1.0,False,0
draw_03/budget_24/2026092803/ambient_balanced,electronic,identity,False,0
draw_03/budget_24/2026092803/ambient_balanced,pop,identity,False,0
draw_03/budget_24/2026092803/ambient_balanced,ambient,0.01,False,0
draw_03/budget_24/2026092803/ambient_balanced,rock,1.0,False,0
draw_03/budget_24/2026092804/unweighted,electronic,identity,False,0
draw_03/budget_24/2026092804/unweighted,pop,identity,False,0
draw_03/budget_24/2026092804/unweighted,ambient,identity,False,0
draw_03/budget_24/2026092804/unweighted,rock,identity,False,0
draw_03/budget_24/2026092804/ambient_balanced,electronic,identity,False,0
draw_03/budget_24/2026092804/ambient_balanced,pop,identity,False,0
draw_03/budget_24/2026092804/ambient_balanced,ambient,0.1,False,0
draw_03/budget_24/2026092804/ambient_balanced,rock,identity,False,0
draw_03/budget_24/2026092805/unweighted,electronic,identity,False,0
draw_03/budget_24/2026092805/unweighted,pop,identity,False,0
draw_03/budget_24/2026092805/unweighted,ambient,identity,False,0
draw_03/budget_24/2026092805/unweighted,rock,1.0,False,0
draw_03/budget_24/2026092805/ambient_balanced,electronic,identity,False,0
draw_03/budget_24/2026092805/ambient_balanced,pop,identity,False,0
draw_03/budget_24/2026092805/ambient_balanced,ambient,0.1,False,0
draw_03/budget_24/2026092805/ambient_balanced,rock,1.0,False,0
draw_03/budget_24/2026092806/unweighted,electronic,identity,False,0
draw_03/budget_24/2026092806/unweighted,pop,identity,False,0
draw_03/budget_24/2026092806/unweighted,ambient,identity,False,0
draw_03/budget_24/2026092806/unweighted,rock,1.0,False,0
draw_03/budget_24/2026092806/ambient_balanced,electronic,identity,False,0
draw_03/budget_24/2026092806/ambient_balanced,pop,identity,False,0
draw_03/budget_24/2026092806/ambient_balanced,ambient,0.1,False,0
draw_03/budget_24/2026092806/ambient_balanced,rock,1.0,False,0
draw_03/budget_24/2026092807/unweighted,electronic,identity,False,0
draw_03/budget_24/2026092807/unweighted,pop,identity,False,0
draw_03/budget_24/2026092807/unweighted,ambient,identity,False,0
draw_03/budget_24/2026092807/unweighted,rock,1.0,False,0
draw_03/budget_24/2026092807/ambient_balanced,electronic,identity,False,0
draw_03/budget_24/2026092807/ambient_balanced,pop,identity,False,0
draw_03/budget_24/2026092807/ambient_balanced,ambient,1.0,False,0
draw_03/budget_24/2026092807/ambient_balanced,rock,1.0,False,0
draw_03/budget_24/2026092808/unweighted,electronic,identity,False,0
draw_03/budget_24/2026092808/unweighted,pop,identity,False,0
draw_03/budget_24/2026092808/unweighted,ambient,identity,False,0
draw_03/budget_24/2026092808/unweighted,rock,1.0,False,0
draw_03/budget_24/2026092808/ambient_balanced,electronic,identity,False,0
draw_03/budget_24/2026092808/ambient_balanced,pop,identity,False,0
draw_03/budget_24/2026092808/ambient_balanced,ambient,0.1,False,0
draw_03/budget_24/2026092808/ambient_balanced,rock,1.0,False,0
draw_03/budget_24/2026092809/unweighted,electronic,identity,False,0
draw_03/budget_24/2026092809/unweighted,pop,identity,False,0
draw_03/budget_24/2026092809/unweighted,ambient,1.0,False,0
draw_03/budget_24/2026092809/unweighted,rock,1.0,False,0
draw_03/budget_24/2026092809/ambient_balanced,electronic,identity,False,0
draw_03/budget_24/2026092809/ambient_balanced,pop,identity,False,0
draw_03/budget_24/2026092809/ambient_balanced,ambient,0.01,False,0
draw_03/budget_24/2026092809/ambient_balanced,rock,1.0,False,0
draw_03/budget_24/2026092810/unweighted,electronic,identity,False,0
draw_03/budget_24/2026092810/unweighted,pop,identity,False,0
draw_03/budget_24/2026092810/unweighted,ambient,identity,False,0
draw_03/budget_24/2026092810/unweighted,rock,1.0,False,0
draw_03/budget_24/2026092810/ambient_balanced,electronic,identity,False,0
draw_03/budget_24/2026092810/ambient_balanced,pop,identity,False,0
draw_03/budget_24/2026092810/ambient_balanced,ambient,0.1,False,0
draw_03/budget_24/2026092810/ambient_balanced,rock,1.0,False,0
draw_03/budget_24/2026092811/unweighted,electronic,identity,False,0
draw_03/budget_24/2026092811/unweighted,pop,identity,False,0
draw_03/budget_24/2026092811/unweighted,ambient,identity,False,0
draw_03/budget_24/2026092811/unweighted,rock,1.0,False,0
draw_03/budget_24/2026092811/ambient_balanced,electronic,identity,False,0
draw_03/budget_24/2026092811/ambient_balanced,pop,identity,False,0
draw_03/budget_24/2026092811/ambient_balanced,ambient,0.1,False,0
draw_03/budget_24/2026092811/ambient_balanced,rock,1.0,False,0
draw_03/budget_24/2026092812/unweighted,electronic,identity,False,0
draw_03/budget_24/2026092812/unweighted,pop,identity,False,0
draw_03/budget_24/2026092812/unweighted,ambient,identity,False,0
draw_03/budget_24/2026092812/unweighted,rock,1.0,False,0
draw_03/budget_24/2026092812/ambient_balanced,electronic,identity,False,0
draw_03/budget_24/2026092812/ambient_balanced,pop,identity,False,0
draw_03/budget_24/2026092812/ambient_balanced,ambient,0.1,False,0
draw_03/budget_24/2026092812/ambient_balanced,rock,1.0,False,0
draw_03/budget_24/2026092813/unweighted,electronic,identity,False,0
draw_03/budget_24/2026092813/unweighted,pop,identity,False,0
draw_03/budget_24/2026092813/unweighted,ambient,identity,False,0
draw_03/budget_24/2026092813/unweighted,rock,1.0,False,0
draw_03/budget_24/2026092813/ambient_balanced,electronic,identity,False,0
draw_03/budget_24/2026092813/ambient_balanced,pop,identity,False,0
draw_03/budget_24/2026092813/ambient_balanced,ambient,0.1,False,0
draw_03/budget_24/2026092813/ambient_balanced,rock,1.0,False,0
draw_03/budget_24/2026092814/unweighted,electronic,identity,False,0
draw_03/budget_24/2026092814/unweighted,pop,identity,False,0
draw_03/budget_24/2026092814/unweighted,ambient,0.001,False,0
draw_03/budget_24/2026092814/unweighted,rock,1.0,False,0
draw_03/budget_24/2026092814/ambient_balanced,electronic,identity,False,0
draw_03/budget_24/2026092814/ambient_balanced,pop,identity,False,0
draw_03/budget_24/2026092814/ambient_balanced,ambient,0.01,False,0
draw_03/budget_24/2026092814/ambient_balanced,rock,1.0,False,0
draw_03/budget_24/2026092815/unweighted,electronic,0.0,False,0
draw_03/budget_24/2026092815/unweighted,pop,identity,False,0
draw_03/budget_24/2026092815/unweighted,ambient,identity,False,0
draw_03/budget_24/2026092815/unweighted,rock,1.0,False,0
draw_03/budget_24/2026092815/ambient_balanced,electronic,0.0,False,0
draw_03/budget_24/2026092815/ambient_balanced,pop,identity,False,0
draw_03/budget_24/2026092815/ambient_balanced,ambient,identity,False,0
draw_03/budget_24/2026092815/ambient_balanced,rock,1.0,False,0
draw_03/budget_24/2026092816/unweighted,electronic,identity,False,0
draw_03/budget_24/2026092816/unweighted,pop,identity,False,0
draw_03/budget_24/2026092816/unweighted,ambient,identity,False,0
draw_03/budget_24/2026092816/unweighted,rock,1.0,False,0
draw_03/budget_24/2026092816/ambient_balanced,electronic,identity,False,0
draw_03/budget_24/2026092816/ambient_balanced,pop,identity,False,0
draw_03/budget_24/2026092816/ambient_balanced,ambient,0.01,False,0
draw_03/budget_24/2026092816/ambient_balanced,rock,1.0,False,0
draw_03/budget_24/2026092817/unweighted,electronic,identity,False,0
draw_03/budget_24/2026092817/unweighted,pop,identity,False,0
draw_03/budget_24/2026092817/unweighted,ambient,identity,False,0
draw_03/budget_24/2026092817/unweighted,rock,1.0,False,0
draw_03/budget_24/2026092817/ambient_balanced,electronic,identity,False,0
draw_03/budget_24/2026092817/ambient_balanced,pop,identity,False,0
draw_03/budget_24/2026092817/ambient_balanced,ambient,0.1,False,0
draw_03/budget_24/2026092817/ambient_balanced,rock,1.0,False,0
draw_03/budget_24/2026092818/unweighted,electronic,identity,False,0
draw_03/budget_24/2026092818/unweighted,pop,identity,False,0
draw_03/budget_24/2026092818/unweighted,ambient,0.01,False,0
draw_03/budget_24/2026092818/unweighted,rock,1.0,False,0
draw_03/budget_24/2026092818/ambient_balanced,electronic,identity,False,0
draw_03/budget_24/2026092818/ambient_balanced,pop,identity,False,0
draw_03/budget_24/2026092818/ambient_balanced,ambient,0.01,False,0
draw_03/budget_24/2026092818/ambient_balanced,rock,1.0,False,0
draw_03/budget_24/2026092819/unweighted,electronic,0.0,False,0
draw_03/budget_24/2026092819/unweighted,pop,identity,False,0
draw_03/budget_24/2026092819/unweighted,ambient,identity,False,0
draw_03/budget_24/2026092819/unweighted,rock,1.0,False,0
draw_03/budget_24/2026092819/ambient_balanced,electronic,0.0,False,0
draw_03/budget_24/2026092819/ambient_balanced,pop,identity,False,0
draw_03/budget_24/2026092819/ambient_balanced,ambient,0.1,False,0
draw_03/budget_24/2026092819/ambient_balanced,rock,1.0,False,0
draw_03/budget_47/2026092800/unweighted,electronic,identity,False,0
draw_03/budget_47/2026092800/unweighted,pop,1.0,False,0
draw_03/budget_47/2026092800/unweighted,ambient,1.0,False,0
draw_03/budget_47/2026092800/unweighted,rock,0.1,False,0
draw_03/budget_47/2026092800/ambient_balanced,electronic,identity,False,0
draw_03/budget_47/2026092800/ambient_balanced,pop,1.0,False,0
draw_03/budget_47/2026092800/ambient_balanced,ambient,0.01,False,0
draw_03/budget_47/2026092800/ambient_balanced,rock,0.1,False,0
draw_03/budget_47/2026092801/unweighted,electronic,identity,False,0
draw_03/budget_47/2026092801/unweighted,pop,1.0,False,0
draw_03/budget_47/2026092801/unweighted,ambient,0.1,False,0
draw_03/budget_47/2026092801/unweighted,rock,identity,False,0
draw_03/budget_47/2026092801/ambient_balanced,electronic,identity,False,0
draw_03/budget_47/2026092801/ambient_balanced,pop,1.0,False,0
draw_03/budget_47/2026092801/ambient_balanced,ambient,0.01,False,0
draw_03/budget_47/2026092801/ambient_balanced,rock,identity,False,0
draw_03/budget_47/2026092802/unweighted,electronic,0.01,False,0
draw_03/budget_47/2026092802/unweighted,pop,0.1,False,0
draw_03/budget_47/2026092802/unweighted,ambient,1.0,False,0
draw_03/budget_47/2026092802/unweighted,rock,identity,False,0
draw_03/budget_47/2026092802/ambient_balanced,electronic,0.01,False,0
draw_03/budget_47/2026092802/ambient_balanced,pop,0.1,False,0
draw_03/budget_47/2026092802/ambient_balanced,ambient,0.01,False,0
draw_03/budget_47/2026092802/ambient_balanced,rock,identity,False,0
draw_03/budget_47/2026092803/unweighted,electronic,identity,False,0
draw_03/budget_47/2026092803/unweighted,pop,0.1,False,0
draw_03/budget_47/2026092803/unweighted,ambient,0.1,False,0
draw_03/budget_47/2026092803/unweighted,rock,identity,False,0
draw_03/budget_47/2026092803/ambient_balanced,electronic,identity,False,0
draw_03/budget_47/2026092803/ambient_balanced,pop,0.1,False,0
draw_03/budget_47/2026092803/ambient_balanced,ambient,0.01,False,0
draw_03/budget_47/2026092803/ambient_balanced,rock,identity,False,0
draw_03/budget_47/2026092804/unweighted,electronic,identity,False,0
draw_03/budget_47/2026092804/unweighted,pop,0.1,False,0
draw_03/budget_47/2026092804/unweighted,ambient,0.1,False,0
draw_03/budget_47/2026092804/unweighted,rock,1.0,False,0
draw_03/budget_47/2026092804/ambient_balanced,electronic,identity,False,0
draw_03/budget_47/2026092804/ambient_balanced,pop,0.1,False,0
draw_03/budget_47/2026092804/ambient_balanced,ambient,0.01,False,0
draw_03/budget_47/2026092804/ambient_balanced,rock,1.0,False,0
draw_03/budget_47/2026092805/unweighted,electronic,1.0,False,0
draw_03/budget_47/2026092805/unweighted,pop,1.0,False,0
draw_03/budget_47/2026092805/unweighted,ambient,0.1,False,0
draw_03/budget_47/2026092805/unweighted,rock,identity,False,0
draw_03/budget_47/2026092805/ambient_balanced,electronic,1.0,False,0
draw_03/budget_47/2026092805/ambient_balanced,pop,1.0,False,0
draw_03/budget_47/2026092805/ambient_balanced,ambient,0.01,False,0
draw_03/budget_47/2026092805/ambient_balanced,rock,identity,False,0
draw_03/budget_47/2026092806/unweighted,electronic,identity,False,0
draw_03/budget_47/2026092806/unweighted,pop,0.1,False,0
draw_03/budget_47/2026092806/unweighted,ambient,0.1,False,0
draw_03/budget_47/2026092806/unweighted,rock,1.0,False,0
draw_03/budget_47/2026092806/ambient_balanced,electronic,identity,False,0
draw_03/budget_47/2026092806/ambient_balanced,pop,0.1,False,0
draw_03/budget_47/2026092806/ambient_balanced,ambient,0.01,False,0
draw_03/budget_47/2026092806/ambient_balanced,rock,1.0,False,0
draw_03/budget_47/2026092807/unweighted,electronic,identity,False,0
draw_03/budget_47/2026092807/unweighted,pop,0.1,False,0
draw_03/budget_47/2026092807/unweighted,ambient,0.1,False,0
draw_03/budget_47/2026092807/unweighted,rock,1.0,False,0
draw_03/budget_47/2026092807/ambient_balanced,electronic,identity,False,0
draw_03/budget_47/2026092807/ambient_balanced,pop,0.1,False,0
draw_03/budget_47/2026092807/ambient_balanced,ambient,0.01,False,0
draw_03/budget_47/2026092807/ambient_balanced,rock,1.0,False,0
draw_03/budget_47/2026092808/unweighted,electronic,identity,False,0
draw_03/budget_47/2026092808/unweighted,pop,0.1,False,0
draw_03/budget_47/2026092808/unweighted,ambient,1.0,False,0
draw_03/budget_47/2026092808/unweighted,rock,1.0,False,0
draw_03/budget_47/2026092808/ambient_balanced,electronic,identity,False,0
draw_03/budget_47/2026092808/ambient_balanced,pop,0.1,False,0
draw_03/budget_47/2026092808/ambient_balanced,ambient,0.01,False,0
draw_03/budget_47/2026092808/ambient_balanced,rock,1.0,False,0
draw_03/budget_47/2026092809/unweighted,electronic,identity,False,0
draw_03/budget_47/2026092809/unweighted,pop,0.1,False,0
draw_03/budget_47/2026092809/unweighted,ambient,0.1,False,0
draw_03/budget_47/2026092809/unweighted,rock,1.0,False,0
draw_03/budget_47/2026092809/ambient_balanced,electronic,identity,False,0
draw_03/budget_47/2026092809/ambient_balanced,pop,0.1,False,0
draw_03/budget_47/2026092809/ambient_balanced,ambient,0.01,False,0
draw_03/budget_47/2026092809/ambient_balanced,rock,1.0,False,0
draw_03/budget_47/2026092810/unweighted,electronic,1.0,False,0
draw_03/budget_47/2026092810/unweighted,pop,0.1,False,0
draw_03/budget_47/2026092810/unweighted,ambient,0.1,False,0
draw_03/budget_47/2026092810/unweighted,rock,1.0,False,0
draw_03/budget_47/2026092810/ambient_balanced,electronic,1.0,False,0
draw_03/budget_47/2026092810/ambient_balanced,pop,0.1,False,0
draw_03/budget_47/2026092810/ambient_balanced,ambient,0.01,False,0
draw_03/budget_47/2026092810/ambient_balanced,rock,1.0,False,0
draw_03/budget_47/2026092811/unweighted,electronic,identity,False,0
draw_03/budget_47/2026092811/unweighted,pop,1.0,False,0
draw_03/budget_47/2026092811/unweighted,ambient,0.001,False,0
draw_03/budget_47/2026092811/unweighted,rock,identity,False,0
draw_03/budget_47/2026092811/ambient_balanced,electronic,identity,False,0
draw_03/budget_47/2026092811/ambient_balanced,pop,1.0,False,0
draw_03/budget_47/2026092811/ambient_balanced,ambient,0.01,False,0
draw_03/budget_47/2026092811/ambient_balanced,rock,identity,False,0
draw_03/budget_47/2026092812/unweighted,electronic,identity,False,0
draw_03/budget_47/2026092812/unweighted,pop,1.0,False,0
draw_03/budget_47/2026092812/unweighted,ambient,0.1,False,0
draw_03/budget_47/2026092812/unweighted,rock,1.0,False,0
draw_03/budget_47/2026092812/ambient_balanced,electronic,identity,False,0
draw_03/budget_47/2026092812/ambient_balanced,pop,1.0,False,0
draw_03/budget_47/2026092812/ambient_balanced,ambient,0.001,False,0
draw_03/budget_47/2026092812/ambient_balanced,rock,1.0,False,0
draw_03/budget_47/2026092813/unweighted,electronic,identity,False,0
draw_03/budget_47/2026092813/unweighted,pop,0.1,False,0
draw_03/budget_47/2026092813/unweighted,ambient,0.1,False,0
draw_03/budget_47/2026092813/unweighted,rock,1.0,False,0
draw_03/budget_47/2026092813/ambient_balanced,electronic,identity,False,0
draw_03/budget_47/2026092813/ambient_balanced,pop,0.1,False,0
draw_03/budget_47/2026092813/ambient_balanced,ambient,0.01,False,0
draw_03/budget_47/2026092813/ambient_balanced,rock,1.0,False,0
draw_03/budget_47/2026092814/unweighted,electronic,identity,False,0
draw_03/budget_47/2026092814/unweighted,pop,0.1,False,0
draw_03/budget_47/2026092814/unweighted,ambient,0.01,False,0
draw_03/budget_47/2026092814/unweighted,rock,1.0,False,0
draw_03/budget_47/2026092814/ambient_balanced,electronic,identity,False,0
draw_03/budget_47/2026092814/ambient_balanced,pop,0.1,False,0
draw_03/budget_47/2026092814/ambient_balanced,ambient,0.01,False,0
draw_03/budget_47/2026092814/ambient_balanced,rock,1.0,False,0
draw_03/budget_47/2026092815/unweighted,electronic,identity,False,0
draw_03/budget_47/2026092815/unweighted,pop,0.1,False,0
draw_03/budget_47/2026092815/unweighted,ambient,1.0,False,0
draw_03/budget_47/2026092815/unweighted,rock,identity,False,0
draw_03/budget_47/2026092815/ambient_balanced,electronic,identity,False,0
draw_03/budget_47/2026092815/ambient_balanced,pop,0.1,False,0
draw_03/budget_47/2026092815/ambient_balanced,ambient,0.01,False,0
draw_03/budget_47/2026092815/ambient_balanced,rock,identity,False,0
draw_03/budget_47/2026092816/unweighted,electronic,identity,False,0
draw_03/budget_47/2026092816/unweighted,pop,0.1,False,0
draw_03/budget_47/2026092816/unweighted,ambient,0.1,False,0
draw_03/budget_47/2026092816/unweighted,rock,1.0,False,0
draw_03/budget_47/2026092816/ambient_balanced,electronic,identity,False,0
draw_03/budget_47/2026092816/ambient_balanced,pop,0.1,False,0
draw_03/budget_47/2026092816/ambient_balanced,ambient,0.01,False,0
draw_03/budget_47/2026092816/ambient_balanced,rock,1.0,False,0
draw_03/budget_47/2026092817/unweighted,electronic,identity,False,0
draw_03/budget_47/2026092817/unweighted,pop,0.1,False,0
draw_03/budget_47/2026092817/unweighted,ambient,0.1,False,0
draw_03/budget_47/2026092817/unweighted,rock,1.0,False,0
draw_03/budget_47/2026092817/ambient_balanced,electronic,identity,False,0
draw_03/budget_47/2026092817/ambient_balanced,pop,0.1,False,0
draw_03/budget_47/2026092817/ambient_balanced,ambient,0.01,False,0
draw_03/budget_47/2026092817/ambient_balanced,rock,1.0,False,0
draw_03/budget_47/2026092818/unweighted,electronic,1.0,False,0
draw_03/budget_47/2026092818/unweighted,pop,identity,False,0
draw_03/budget_47/2026092818/unweighted,ambient,0.01,False,0
draw_03/budget_47/2026092818/unweighted,rock,1.0,False,0
draw_03/budget_47/2026092818/ambient_balanced,electronic,1.0,False,0
draw_03/budget_47/2026092818/ambient_balanced,pop,identity,False,0
draw_03/budget_47/2026092818/ambient_balanced,ambient,0.01,False,0
draw_03/budget_47/2026092818/ambient_balanced,rock,1.0,False,0
draw_03/budget_47/2026092819/unweighted,electronic,identity,False,0
draw_03/budget_47/2026092819/unweighted,pop,1.0,False,0
draw_03/budget_47/2026092819/unweighted,ambient,0.1,False,0
draw_03/budget_47/2026092819/unweighted,rock,1.0,False,0
draw_03/budget_47/2026092819/ambient_balanced,electronic,identity,False,0
draw_03/budget_47/2026092819/ambient_balanced,pop,1.0,False,0
draw_03/budget_47/2026092819/ambient_balanced,ambient,0.01,False,0
draw_03/budget_47/2026092819/ambient_balanced,rock,1.0,False,0
draw_04/budget_24/2026092800/unweighted,electronic,identity,False,0
draw_04/budget_24/2026092800/unweighted,pop,0.001,False,0
draw_04/budget_24/2026092800/unweighted,ambient,0.1,False,0
draw_04/budget_24/2026092800/unweighted,rock,0.0,False,0
draw_04/budget_24/2026092800/ambient_balanced,electronic,identity,False,0
draw_04/budget_24/2026092800/ambient_balanced,pop,0.001,False,0
draw_04/budget_24/2026092800/ambient_balanced,ambient,0.01,False,0
draw_04/budget_24/2026092800/ambient_balanced,rock,0.0,False,0
draw_04/budget_24/2026092801/unweighted,electronic,identity,False,0
draw_04/budget_24/2026092801/unweighted,pop,0.0,False,0
draw_04/budget_24/2026092801/unweighted,ambient,0.1,False,0
draw_04/budget_24/2026092801/unweighted,rock,0.1,False,0
draw_04/budget_24/2026092801/ambient_balanced,electronic,identity,False,0
draw_04/budget_24/2026092801/ambient_balanced,pop,0.0,False,0
draw_04/budget_24/2026092801/ambient_balanced,ambient,0.01,False,0
draw_04/budget_24/2026092801/ambient_balanced,rock,0.1,False,0
draw_04/budget_24/2026092802/unweighted,electronic,identity,False,0
draw_04/budget_24/2026092802/unweighted,pop,0.0,False,0
draw_04/budget_24/2026092802/unweighted,ambient,0.1,False,0
draw_04/budget_24/2026092802/unweighted,rock,identity,False,0
draw_04/budget_24/2026092802/ambient_balanced,electronic,identity,False,0
draw_04/budget_24/2026092802/ambient_balanced,pop,0.0,False,0
draw_04/budget_24/2026092802/ambient_balanced,ambient,0.01,False,0
draw_04/budget_24/2026092802/ambient_balanced,rock,identity,False,0
draw_04/budget_24/2026092803/unweighted,electronic,identity,False,0
draw_04/budget_24/2026092803/unweighted,pop,0.0,False,0
draw_04/budget_24/2026092803/unweighted,ambient,0.1,False,0
draw_04/budget_24/2026092803/unweighted,rock,1.0,False,0
draw_04/budget_24/2026092803/ambient_balanced,electronic,identity,False,0
draw_04/budget_24/2026092803/ambient_balanced,pop,0.0,False,0
draw_04/budget_24/2026092803/ambient_balanced,ambient,0.01,False,0
draw_04/budget_24/2026092803/ambient_balanced,rock,1.0,False,0
draw_04/budget_24/2026092804/unweighted,electronic,identity,False,0
draw_04/budget_24/2026092804/unweighted,pop,0.001,False,0
draw_04/budget_24/2026092804/unweighted,ambient,0.1,False,0
draw_04/budget_24/2026092804/unweighted,rock,0.0,False,0
draw_04/budget_24/2026092804/ambient_balanced,electronic,identity,False,0
draw_04/budget_24/2026092804/ambient_balanced,pop,0.001,False,0
draw_04/budget_24/2026092804/ambient_balanced,ambient,0.01,False,0
draw_04/budget_24/2026092804/ambient_balanced,rock,0.0,False,0
draw_04/budget_24/2026092805/unweighted,electronic,identity,False,0
draw_04/budget_24/2026092805/unweighted,pop,0.001,False,0
draw_04/budget_24/2026092805/unweighted,ambient,0.1,False,0
draw_04/budget_24/2026092805/unweighted,rock,0.01,False,0
draw_04/budget_24/2026092805/ambient_balanced,electronic,identity,False,0
draw_04/budget_24/2026092805/ambient_balanced,pop,0.001,False,0
draw_04/budget_24/2026092805/ambient_balanced,ambient,0.01,False,0
draw_04/budget_24/2026092805/ambient_balanced,rock,0.01,False,0
draw_04/budget_24/2026092806/unweighted,electronic,identity,False,0
draw_04/budget_24/2026092806/unweighted,pop,identity,False,0
draw_04/budget_24/2026092806/unweighted,ambient,0.1,False,0
draw_04/budget_24/2026092806/unweighted,rock,0.1,False,0
draw_04/budget_24/2026092806/ambient_balanced,electronic,identity,False,0
draw_04/budget_24/2026092806/ambient_balanced,pop,identity,False,0
draw_04/budget_24/2026092806/ambient_balanced,ambient,0.01,False,0
draw_04/budget_24/2026092806/ambient_balanced,rock,0.1,False,0
draw_04/budget_24/2026092807/unweighted,electronic,identity,False,0
draw_04/budget_24/2026092807/unweighted,pop,0.001,False,0
draw_04/budget_24/2026092807/unweighted,ambient,0.1,False,0
draw_04/budget_24/2026092807/unweighted,rock,0.1,False,0
draw_04/budget_24/2026092807/ambient_balanced,electronic,identity,False,0
draw_04/budget_24/2026092807/ambient_balanced,pop,0.001,False,0
draw_04/budget_24/2026092807/ambient_balanced,ambient,0.01,False,0
draw_04/budget_24/2026092807/ambient_balanced,rock,0.1,False,0
draw_04/budget_24/2026092808/unweighted,electronic,identity,False,0
draw_04/budget_24/2026092808/unweighted,pop,0.001,False,0
draw_04/budget_24/2026092808/unweighted,ambient,0.1,False,0
draw_04/budget_24/2026092808/unweighted,rock,1.0,False,0
draw_04/budget_24/2026092808/ambient_balanced,electronic,identity,False,0
draw_04/budget_24/2026092808/ambient_balanced,pop,0.001,False,0
draw_04/budget_24/2026092808/ambient_balanced,ambient,0.01,False,0
draw_04/budget_24/2026092808/ambient_balanced,rock,1.0,False,0
draw_04/budget_24/2026092809/unweighted,electronic,identity,False,0
draw_04/budget_24/2026092809/unweighted,pop,0.001,False,0
draw_04/budget_24/2026092809/unweighted,ambient,0.01,False,0
draw_04/budget_24/2026092809/unweighted,rock,0.01,False,0
draw_04/budget_24/2026092809/ambient_balanced,electronic,identity,False,0
draw_04/budget_24/2026092809/ambient_balanced,pop,0.001,False,0
draw_04/budget_24/2026092809/ambient_balanced,ambient,0.001,False,0
draw_04/budget_24/2026092809/ambient_balanced,rock,0.01,False,0
draw_04/budget_24/2026092810/unweighted,electronic,identity,False,0
draw_04/budget_24/2026092810/unweighted,pop,0.001,False,0
draw_04/budget_24/2026092810/unweighted,ambient,0.1,False,0
draw_04/budget_24/2026092810/unweighted,rock,identity,False,0
draw_04/budget_24/2026092810/ambient_balanced,electronic,identity,False,0
draw_04/budget_24/2026092810/ambient_balanced,pop,0.001,False,0
draw_04/budget_24/2026092810/ambient_balanced,ambient,0.01,False,0
draw_04/budget_24/2026092810/ambient_balanced,rock,identity,False,0
draw_04/budget_24/2026092811/unweighted,electronic,identity,False,0
draw_04/budget_24/2026092811/unweighted,pop,0.001,False,0
draw_04/budget_24/2026092811/unweighted,ambient,0.1,False,0
draw_04/budget_24/2026092811/unweighted,rock,0.1,False,0
draw_04/budget_24/2026092811/ambient_balanced,electronic,identity,False,0
draw_04/budget_24/2026092811/ambient_balanced,pop,0.001,False,0
draw_04/budget_24/2026092811/ambient_balanced,ambient,0.01,False,0
draw_04/budget_24/2026092811/ambient_balanced,rock,0.1,False,0
draw_04/budget_24/2026092812/unweighted,electronic,identity,False,0
draw_04/budget_24/2026092812/unweighted,pop,0.01,False,0
draw_04/budget_24/2026092812/unweighted,ambient,0.1,False,0
draw_04/budget_24/2026092812/unweighted,rock,1.0,False,0
draw_04/budget_24/2026092812/ambient_balanced,electronic,identity,False,0
draw_04/budget_24/2026092812/ambient_balanced,pop,0.01,False,0
draw_04/budget_24/2026092812/ambient_balanced,ambient,0.01,False,0
draw_04/budget_24/2026092812/ambient_balanced,rock,1.0,False,0
draw_04/budget_24/2026092813/unweighted,electronic,identity,False,0
draw_04/budget_24/2026092813/unweighted,pop,0.001,False,0
draw_04/budget_24/2026092813/unweighted,ambient,0.1,False,0
draw_04/budget_24/2026092813/unweighted,rock,0.001,False,0
draw_04/budget_24/2026092813/ambient_balanced,electronic,identity,False,0
draw_04/budget_24/2026092813/ambient_balanced,pop,0.001,False,0
draw_04/budget_24/2026092813/ambient_balanced,ambient,0.01,False,0
draw_04/budget_24/2026092813/ambient_balanced,rock,0.001,False,0
draw_04/budget_24/2026092814/unweighted,electronic,identity,False,0
draw_04/budget_24/2026092814/unweighted,pop,0.0,False,0
draw_04/budget_24/2026092814/unweighted,ambient,0.1,False,0
draw_04/budget_24/2026092814/unweighted,rock,0.1,False,0
draw_04/budget_24/2026092814/ambient_balanced,electronic,identity,False,0
draw_04/budget_24/2026092814/ambient_balanced,pop,0.0,False,0
draw_04/budget_24/2026092814/ambient_balanced,ambient,0.01,False,0
draw_04/budget_24/2026092814/ambient_balanced,rock,0.1,False,0
draw_04/budget_24/2026092815/unweighted,electronic,identity,False,0
draw_04/budget_24/2026092815/unweighted,pop,identity,False,0
draw_04/budget_24/2026092815/unweighted,ambient,0.1,False,0
draw_04/budget_24/2026092815/unweighted,rock,0.0,False,0
draw_04/budget_24/2026092815/ambient_balanced,electronic,identity,False,0
draw_04/budget_24/2026092815/ambient_balanced,pop,identity,False,0
draw_04/budget_24/2026092815/ambient_balanced,ambient,0.01,False,0
draw_04/budget_24/2026092815/ambient_balanced,rock,0.0,False,0
draw_04/budget_24/2026092816/unweighted,electronic,identity,False,0
draw_04/budget_24/2026092816/unweighted,pop,0.01,False,0
draw_04/budget_24/2026092816/unweighted,ambient,0.1,False,0
draw_04/budget_24/2026092816/unweighted,rock,1.0,False,0
draw_04/budget_24/2026092816/ambient_balanced,electronic,identity,False,0
draw_04/budget_24/2026092816/ambient_balanced,pop,0.01,False,0
draw_04/budget_24/2026092816/ambient_balanced,ambient,0.01,False,0
draw_04/budget_24/2026092816/ambient_balanced,rock,1.0,False,0
draw_04/budget_24/2026092817/unweighted,electronic,identity,False,0
draw_04/budget_24/2026092817/unweighted,pop,0.001,False,0
draw_04/budget_24/2026092817/unweighted,ambient,0.1,False,0
draw_04/budget_24/2026092817/unweighted,rock,identity,False,0
draw_04/budget_24/2026092817/ambient_balanced,electronic,identity,False,0
draw_04/budget_24/2026092817/ambient_balanced,pop,0.001,False,0
draw_04/budget_24/2026092817/ambient_balanced,ambient,0.01,False,0
draw_04/budget_24/2026092817/ambient_balanced,rock,identity,False,0
draw_04/budget_24/2026092818/unweighted,electronic,identity,False,0
draw_04/budget_24/2026092818/unweighted,pop,0.001,False,0
draw_04/budget_24/2026092818/unweighted,ambient,0.1,False,0
draw_04/budget_24/2026092818/unweighted,rock,0.001,False,0
draw_04/budget_24/2026092818/ambient_balanced,electronic,identity,False,0
draw_04/budget_24/2026092818/ambient_balanced,pop,0.001,False,0
draw_04/budget_24/2026092818/ambient_balanced,ambient,0.01,False,0
draw_04/budget_24/2026092818/ambient_balanced,rock,0.001,False,0
draw_04/budget_24/2026092819/unweighted,electronic,identity,False,0
draw_04/budget_24/2026092819/unweighted,pop,0.01,False,0
draw_04/budget_24/2026092819/unweighted,ambient,0.1,False,0
draw_04/budget_24/2026092819/unweighted,rock,0.1,False,0
draw_04/budget_24/2026092819/ambient_balanced,electronic,identity,False,0
draw_04/budget_24/2026092819/ambient_balanced,pop,0.01,False,0
draw_04/budget_24/2026092819/ambient_balanced,ambient,0.01,False,0
draw_04/budget_24/2026092819/ambient_balanced,rock,0.1,False,0
draw_04/budget_47/2026092800/unweighted,electronic,identity,False,0
draw_04/budget_47/2026092800/unweighted,pop,identity,False,0
draw_04/budget_47/2026092800/unweighted,ambient,1.0,False,0
draw_04/budget_47/2026092800/unweighted,rock,0.1,False,0
draw_04/budget_47/2026092800/ambient_balanced,electronic,identity,False,0
draw_04/budget_47/2026092800/ambient_balanced,pop,identity,False,0
draw_04/budget_47/2026092800/ambient_balanced,ambient,0.01,False,0
draw_04/budget_47/2026092800/ambient_balanced,rock,0.1,False,0
draw_04/budget_47/2026092801/unweighted,electronic,identity,False,0
draw_04/budget_47/2026092801/unweighted,pop,identity,False,0
draw_04/budget_47/2026092801/unweighted,ambient,identity,False,0
draw_04/budget_47/2026092801/unweighted,rock,identity,False,0
draw_04/budget_47/2026092801/ambient_balanced,electronic,identity,False,0
draw_04/budget_47/2026092801/ambient_balanced,pop,identity,False,0
draw_04/budget_47/2026092801/ambient_balanced,ambient,0.01,False,0
draw_04/budget_47/2026092801/ambient_balanced,rock,identity,False,0
draw_04/budget_47/2026092802/unweighted,electronic,identity,False,0
draw_04/budget_47/2026092802/unweighted,pop,identity,False,0
draw_04/budget_47/2026092802/unweighted,ambient,1.0,False,0
draw_04/budget_47/2026092802/unweighted,rock,0.1,False,0
draw_04/budget_47/2026092802/ambient_balanced,electronic,identity,False,0
draw_04/budget_47/2026092802/ambient_balanced,pop,identity,False,0
draw_04/budget_47/2026092802/ambient_balanced,ambient,0.01,False,0
draw_04/budget_47/2026092802/ambient_balanced,rock,0.1,False,0
draw_04/budget_47/2026092803/unweighted,electronic,identity,False,0
draw_04/budget_47/2026092803/unweighted,pop,identity,False,0
draw_04/budget_47/2026092803/unweighted,ambient,identity,False,0
draw_04/budget_47/2026092803/unweighted,rock,1.0,False,0
draw_04/budget_47/2026092803/ambient_balanced,electronic,identity,False,0
draw_04/budget_47/2026092803/ambient_balanced,pop,identity,False,0
draw_04/budget_47/2026092803/ambient_balanced,ambient,0.01,False,0
draw_04/budget_47/2026092803/ambient_balanced,rock,1.0,False,0
draw_04/budget_47/2026092804/unweighted,electronic,identity,False,0
draw_04/budget_47/2026092804/unweighted,pop,identity,False,0
draw_04/budget_47/2026092804/unweighted,ambient,identity,False,0
draw_04/budget_47/2026092804/unweighted,rock,identity,False,0
draw_04/budget_47/2026092804/ambient_balanced,electronic,identity,False,0
draw_04/budget_47/2026092804/ambient_balanced,pop,identity,False,0
draw_04/budget_47/2026092804/ambient_balanced,ambient,0.01,False,0
draw_04/budget_47/2026092804/ambient_balanced,rock,identity,False,0
draw_04/budget_47/2026092805/unweighted,electronic,identity,False,0
draw_04/budget_47/2026092805/unweighted,pop,identity,False,0
draw_04/budget_47/2026092805/unweighted,ambient,identity,False,0
draw_04/budget_47/2026092805/unweighted,rock,identity,False,0
draw_04/budget_47/2026092805/ambient_balanced,electronic,identity,False,0
draw_04/budget_47/2026092805/ambient_balanced,pop,identity,False,0
draw_04/budget_47/2026092805/ambient_balanced,ambient,0.1,False,0
draw_04/budget_47/2026092805/ambient_balanced,rock,identity,False,0
draw_04/budget_47/2026092806/unweighted,electronic,identity,False,0
draw_04/budget_47/2026092806/unweighted,pop,identity,False,0
draw_04/budget_47/2026092806/unweighted,ambient,identity,False,0
draw_04/budget_47/2026092806/unweighted,rock,0.1,False,0
draw_04/budget_47/2026092806/ambient_balanced,electronic,identity,False,0
draw_04/budget_47/2026092806/ambient_balanced,pop,identity,False,0
draw_04/budget_47/2026092806/ambient_balanced,ambient,0.01,False,0
draw_04/budget_47/2026092806/ambient_balanced,rock,0.1,False,0
draw_04/budget_47/2026092807/unweighted,electronic,identity,False,0
draw_04/budget_47/2026092807/unweighted,pop,identity,False,0
draw_04/budget_47/2026092807/unweighted,ambient,1.0,False,0
draw_04/budget_47/2026092807/unweighted,rock,identity,False,0
draw_04/budget_47/2026092807/ambient_balanced,electronic,identity,False,0
draw_04/budget_47/2026092807/ambient_balanced,pop,identity,False,0
draw_04/budget_47/2026092807/ambient_balanced,ambient,0.01,False,0
draw_04/budget_47/2026092807/ambient_balanced,rock,identity,False,0
draw_04/budget_47/2026092808/unweighted,electronic,identity,False,0
draw_04/budget_47/2026092808/unweighted,pop,identity,False,0
draw_04/budget_47/2026092808/unweighted,ambient,identity,False,0
draw_04/budget_47/2026092808/unweighted,rock,identity,False,0
draw_04/budget_47/2026092808/ambient_balanced,electronic,identity,False,0
draw_04/budget_47/2026092808/ambient_balanced,pop,identity,False,0
draw_04/budget_47/2026092808/ambient_balanced,ambient,0.01,False,0
draw_04/budget_47/2026092808/ambient_balanced,rock,identity,False,0
draw_04/budget_47/2026092809/unweighted,electronic,identity,False,0
draw_04/budget_47/2026092809/unweighted,pop,identity,False,0
draw_04/budget_47/2026092809/unweighted,ambient,0.1,False,0
draw_04/budget_47/2026092809/unweighted,rock,0.01,False,0
draw_04/budget_47/2026092809/ambient_balanced,electronic,identity,False,0
draw_04/budget_47/2026092809/ambient_balanced,pop,identity,False,0
draw_04/budget_47/2026092809/ambient_balanced,ambient,0.01,False,0
draw_04/budget_47/2026092809/ambient_balanced,rock,0.01,False,0
draw_04/budget_47/2026092810/unweighted,electronic,identity,False,0
draw_04/budget_47/2026092810/unweighted,pop,identity,False,0
draw_04/budget_47/2026092810/unweighted,ambient,identity,False,0
draw_04/budget_47/2026092810/unweighted,rock,0.1,False,0
draw_04/budget_47/2026092810/ambient_balanced,electronic,identity,False,0
draw_04/budget_47/2026092810/ambient_balanced,pop,identity,False,0
draw_04/budget_47/2026092810/ambient_balanced,ambient,0.01,False,0
draw_04/budget_47/2026092810/ambient_balanced,rock,0.1,False,0
draw_04/budget_47/2026092811/unweighted,electronic,identity,False,0
draw_04/budget_47/2026092811/unweighted,pop,identity,False,0
draw_04/budget_47/2026092811/unweighted,ambient,identity,False,0
draw_04/budget_47/2026092811/unweighted,rock,0.1,False,0
draw_04/budget_47/2026092811/ambient_balanced,electronic,identity,False,0
draw_04/budget_47/2026092811/ambient_balanced,pop,identity,False,0
draw_04/budget_47/2026092811/ambient_balanced,ambient,0.01,False,0
draw_04/budget_47/2026092811/ambient_balanced,rock,0.1,False,0
draw_04/budget_47/2026092812/unweighted,electronic,identity,False,0
draw_04/budget_47/2026092812/unweighted,pop,identity,False,0
draw_04/budget_47/2026092812/unweighted,ambient,identity,False,0
draw_04/budget_47/2026092812/unweighted,rock,0.01,False,0
draw_04/budget_47/2026092812/ambient_balanced,electronic,identity,False,0
draw_04/budget_47/2026092812/ambient_balanced,pop,identity,False,0
draw_04/budget_47/2026092812/ambient_balanced,ambient,0.1,False,0
draw_04/budget_47/2026092812/ambient_balanced,rock,0.01,False,0
draw_04/budget_47/2026092813/unweighted,electronic,identity,False,0
draw_04/budget_47/2026092813/unweighted,pop,identity,False,0
draw_04/budget_47/2026092813/unweighted,ambient,identity,False,0
draw_04/budget_47/2026092813/unweighted,rock,0.01,False,0
draw_04/budget_47/2026092813/ambient_balanced,electronic,identity,False,0
draw_04/budget_47/2026092813/ambient_balanced,pop,identity,False,0
draw_04/budget_47/2026092813/ambient_balanced,ambient,0.1,False,0
draw_04/budget_47/2026092813/ambient_balanced,rock,0.01,False,0
draw_04/budget_47/2026092814/unweighted,electronic,identity,False,0
draw_04/budget_47/2026092814/unweighted,pop,identity,False,0
draw_04/budget_47/2026092814/unweighted,ambient,1.0,False,0
draw_04/budget_47/2026092814/unweighted,rock,0.1,False,0
draw_04/budget_47/2026092814/ambient_balanced,electronic,identity,False,0
draw_04/budget_47/2026092814/ambient_balanced,pop,identity,False,0
draw_04/budget_47/2026092814/ambient_balanced,ambient,0.01,False,0
draw_04/budget_47/2026092814/ambient_balanced,rock,0.1,False,0
draw_04/budget_47/2026092815/unweighted,electronic,identity,False,0
draw_04/budget_47/2026092815/unweighted,pop,identity,False,0
draw_04/budget_47/2026092815/unweighted,ambient,1.0,False,0
draw_04/budget_47/2026092815/unweighted,rock,1.0,False,0
draw_04/budget_47/2026092815/ambient_balanced,electronic,identity,False,0
draw_04/budget_47/2026092815/ambient_balanced,pop,identity,False,0
draw_04/budget_47/2026092815/ambient_balanced,ambient,0.01,False,0
draw_04/budget_47/2026092815/ambient_balanced,rock,1.0,False,0
draw_04/budget_47/2026092816/unweighted,electronic,identity,False,0
draw_04/budget_47/2026092816/unweighted,pop,identity,False,0
draw_04/budget_47/2026092816/unweighted,ambient,1.0,False,0
draw_04/budget_47/2026092816/unweighted,rock,identity,False,0
draw_04/budget_47/2026092816/ambient_balanced,electronic,identity,False,0
draw_04/budget_47/2026092816/ambient_balanced,pop,identity,False,0
draw_04/budget_47/2026092816/ambient_balanced,ambient,0.01,False,0
draw_04/budget_47/2026092816/ambient_balanced,rock,identity,False,0
draw_04/budget_47/2026092817/unweighted,electronic,identity,False,0
draw_04/budget_47/2026092817/unweighted,pop,identity,False,0
draw_04/budget_47/2026092817/unweighted,ambient,identity,False,0
draw_04/budget_47/2026092817/unweighted,rock,identity,False,0
draw_04/budget_47/2026092817/ambient_balanced,electronic,identity,False,0
draw_04/budget_47/2026092817/ambient_balanced,pop,identity,False,0
draw_04/budget_47/2026092817/ambient_balanced,ambient,0.01,False,0
draw_04/budget_47/2026092817/ambient_balanced,rock,identity,False,0
draw_04/budget_47/2026092818/unweighted,electronic,identity,False,0
draw_04/budget_47/2026092818/unweighted,pop,1.0,False,0
draw_04/budget_47/2026092818/unweighted,ambient,identity,False,0
draw_04/budget_47/2026092818/unweighted,rock,0.1,False,0
draw_04/budget_47/2026092818/ambient_balanced,electronic,identity,False,0
draw_04/budget_47/2026092818/ambient_balanced,pop,1.0,False,0
draw_04/budget_47/2026092818/ambient_balanced,ambient,0.01,False,0
draw_04/budget_47/2026092818/ambient_balanced,rock,0.1,False,0
draw_04/budget_47/2026092819/unweighted,electronic,identity,False,0
draw_04/budget_47/2026092819/unweighted,pop,1.0,False,0
draw_04/budget_47/2026092819/unweighted,ambient,identity,False,0
draw_04/budget_47/2026092819/unweighted,rock,0.1,False,0
draw_04/budget_47/2026092819/ambient_balanced,electronic,identity,False,0
draw_04/budget_47/2026092819/ambient_balanced,pop,1.0,False,0
draw_04/budget_47/2026092819/ambient_balanced,ambient,0.1,False,0
draw_04/budget_47/2026092819/ambient_balanced,rock,0.1,False,0
draw_05/budget_24/2026092800/unweighted,electronic,identity,False,0
draw_05/budget_24/2026092800/unweighted,pop,identity,False,0
draw_05/budget_24/2026092800/unweighted,ambient,0.001,False,0
draw_05/budget_24/2026092800/unweighted,rock,identity,False,0
draw_05/budget_24/2026092800/ambient_balanced,electronic,identity,False,0
draw_05/budget_24/2026092800/ambient_balanced,pop,identity,False,0
draw_05/budget_24/2026092800/ambient_balanced,ambient,0.01,False,0
draw_05/budget_24/2026092800/ambient_balanced,rock,identity,False,0
draw_05/budget_24/2026092801/unweighted,electronic,identity,False,0
draw_05/budget_24/2026092801/unweighted,pop,identity,False,0
draw_05/budget_24/2026092801/unweighted,ambient,0.1,False,0
draw_05/budget_24/2026092801/unweighted,rock,1.0,False,0
draw_05/budget_24/2026092801/ambient_balanced,electronic,identity,False,0
draw_05/budget_24/2026092801/ambient_balanced,pop,identity,False,0
draw_05/budget_24/2026092801/ambient_balanced,ambient,0.01,False,0
draw_05/budget_24/2026092801/ambient_balanced,rock,1.0,False,0
draw_05/budget_24/2026092802/unweighted,electronic,identity,False,0
draw_05/budget_24/2026092802/unweighted,pop,identity,False,0
draw_05/budget_24/2026092802/unweighted,ambient,0.001,False,0
draw_05/budget_24/2026092802/unweighted,rock,identity,False,0
draw_05/budget_24/2026092802/ambient_balanced,electronic,identity,False,0
draw_05/budget_24/2026092802/ambient_balanced,pop,identity,False,0
draw_05/budget_24/2026092802/ambient_balanced,ambient,0.01,False,0
draw_05/budget_24/2026092802/ambient_balanced,rock,identity,False,0
draw_05/budget_24/2026092803/unweighted,electronic,identity,False,0
draw_05/budget_24/2026092803/unweighted,pop,identity,False,0
draw_05/budget_24/2026092803/unweighted,ambient,identity,False,0
draw_05/budget_24/2026092803/unweighted,rock,1.0,False,0
draw_05/budget_24/2026092803/ambient_balanced,electronic,identity,False,0
draw_05/budget_24/2026092803/ambient_balanced,pop,identity,False,0
draw_05/budget_24/2026092803/ambient_balanced,ambient,0.1,False,0
draw_05/budget_24/2026092803/ambient_balanced,rock,1.0,False,0
draw_05/budget_24/2026092804/unweighted,electronic,identity,False,0
draw_05/budget_24/2026092804/unweighted,pop,identity,False,0
draw_05/budget_24/2026092804/unweighted,ambient,0.0,False,0
draw_05/budget_24/2026092804/unweighted,rock,identity,False,0
draw_05/budget_24/2026092804/ambient_balanced,electronic,identity,False,0
draw_05/budget_24/2026092804/ambient_balanced,pop,identity,False,0
draw_05/budget_24/2026092804/ambient_balanced,ambient,0.0,False,0
draw_05/budget_24/2026092804/ambient_balanced,rock,identity,False,0
draw_05/budget_24/2026092805/unweighted,electronic,identity,False,0
draw_05/budget_24/2026092805/unweighted,pop,identity,False,0
draw_05/budget_24/2026092805/unweighted,ambient,1.0,False,0
draw_05/budget_24/2026092805/unweighted,rock,1.0,False,0
draw_05/budget_24/2026092805/ambient_balanced,electronic,identity,False,0
draw_05/budget_24/2026092805/ambient_balanced,pop,identity,False,0
draw_05/budget_24/2026092805/ambient_balanced,ambient,0.01,False,0
draw_05/budget_24/2026092805/ambient_balanced,rock,1.0,False,0
draw_05/budget_24/2026092806/unweighted,electronic,identity,False,0
draw_05/budget_24/2026092806/unweighted,pop,identity,False,0
draw_05/budget_24/2026092806/unweighted,ambient,0.001,False,0
draw_05/budget_24/2026092806/unweighted,rock,1.0,False,0
draw_05/budget_24/2026092806/ambient_balanced,electronic,identity,False,0
draw_05/budget_24/2026092806/ambient_balanced,pop,identity,False,0
draw_05/budget_24/2026092806/ambient_balanced,ambient,0.01,False,0
draw_05/budget_24/2026092806/ambient_balanced,rock,1.0,False,0
draw_05/budget_24/2026092807/unweighted,electronic,identity,False,0
draw_05/budget_24/2026092807/unweighted,pop,identity,False,0
draw_05/budget_24/2026092807/unweighted,ambient,0.001,False,0
draw_05/budget_24/2026092807/unweighted,rock,1.0,False,0
draw_05/budget_24/2026092807/ambient_balanced,electronic,identity,False,0
draw_05/budget_24/2026092807/ambient_balanced,pop,identity,False,0
draw_05/budget_24/2026092807/ambient_balanced,ambient,0.01,False,0
draw_05/budget_24/2026092807/ambient_balanced,rock,1.0,False,0
draw_05/budget_24/2026092808/unweighted,electronic,identity,False,0
draw_05/budget_24/2026092808/unweighted,pop,identity,False,0
draw_05/budget_24/2026092808/unweighted,ambient,0.1,False,0
draw_05/budget_24/2026092808/unweighted,rock,identity,False,0
draw_05/budget_24/2026092808/ambient_balanced,electronic,identity,False,0
draw_05/budget_24/2026092808/ambient_balanced,pop,identity,False,0
draw_05/budget_24/2026092808/ambient_balanced,ambient,0.01,False,0
draw_05/budget_24/2026092808/ambient_balanced,rock,identity,False,0
draw_05/budget_24/2026092809/unweighted,electronic,identity,False,0
draw_05/budget_24/2026092809/unweighted,pop,identity,False,0
draw_05/budget_24/2026092809/unweighted,ambient,0.1,False,0
draw_05/budget_24/2026092809/unweighted,rock,identity,False,0
draw_05/budget_24/2026092809/ambient_balanced,electronic,identity,False,0
draw_05/budget_24/2026092809/ambient_balanced,pop,identity,False,0
draw_05/budget_24/2026092809/ambient_balanced,ambient,0.01,False,0
draw_05/budget_24/2026092809/ambient_balanced,rock,identity,False,0
draw_05/budget_24/2026092810/unweighted,electronic,identity,False,0
draw_05/budget_24/2026092810/unweighted,pop,identity,False,0
draw_05/budget_24/2026092810/unweighted,ambient,0.01,False,0
draw_05/budget_24/2026092810/unweighted,rock,identity,False,0
draw_05/budget_24/2026092810/ambient_balanced,electronic,identity,False,0
draw_05/budget_24/2026092810/ambient_balanced,pop,identity,False,0
draw_05/budget_24/2026092810/ambient_balanced,ambient,0.01,False,0
draw_05/budget_24/2026092810/ambient_balanced,rock,identity,False,0
draw_05/budget_24/2026092811/unweighted,electronic,identity,False,0
draw_05/budget_24/2026092811/unweighted,pop,identity,False,0
draw_05/budget_24/2026092811/unweighted,ambient,identity,False,0
draw_05/budget_24/2026092811/unweighted,rock,identity,False,0
draw_05/budget_24/2026092811/ambient_balanced,electronic,identity,False,0
draw_05/budget_24/2026092811/ambient_balanced,pop,identity,False,0
draw_05/budget_24/2026092811/ambient_balanced,ambient,0.1,False,0
draw_05/budget_24/2026092811/ambient_balanced,rock,identity,False,0
draw_05/budget_24/2026092812/unweighted,electronic,identity,False,0
draw_05/budget_24/2026092812/unweighted,pop,identity,False,0
draw_05/budget_24/2026092812/unweighted,ambient,identity,False,0
draw_05/budget_24/2026092812/unweighted,rock,1.0,False,0
draw_05/budget_24/2026092812/ambient_balanced,electronic,identity,False,0
draw_05/budget_24/2026092812/ambient_balanced,pop,identity,False,0
draw_05/budget_24/2026092812/ambient_balanced,ambient,0.1,False,0
draw_05/budget_24/2026092812/ambient_balanced,rock,1.0,False,0
draw_05/budget_24/2026092813/unweighted,electronic,identity,False,0
draw_05/budget_24/2026092813/unweighted,pop,identity,False,0
draw_05/budget_24/2026092813/unweighted,ambient,0.01,False,0
draw_05/budget_24/2026092813/unweighted,rock,0.1,False,0
draw_05/budget_24/2026092813/ambient_balanced,electronic,identity,False,0
draw_05/budget_24/2026092813/ambient_balanced,pop,identity,False,0
draw_05/budget_24/2026092813/ambient_balanced,ambient,0.01,False,0
draw_05/budget_24/2026092813/ambient_balanced,rock,0.1,False,0
draw_05/budget_24/2026092814/unweighted,electronic,identity,False,0
draw_05/budget_24/2026092814/unweighted,pop,identity,False,0
draw_05/budget_24/2026092814/unweighted,ambient,identity,False,0
draw_05/budget_24/2026092814/unweighted,rock,1.0,False,0
draw_05/budget_24/2026092814/ambient_balanced,electronic,identity,False,0
draw_05/budget_24/2026092814/ambient_balanced,pop,identity,False,0
draw_05/budget_24/2026092814/ambient_balanced,ambient,0.01,False,0
draw_05/budget_24/2026092814/ambient_balanced,rock,1.0,False,0
draw_05/budget_24/2026092815/unweighted,electronic,identity,False,0
draw_05/budget_24/2026092815/unweighted,pop,identity,False,0
draw_05/budget_24/2026092815/unweighted,ambient,0.0,False,0
draw_05/budget_24/2026092815/unweighted,rock,1.0,False,0
draw_05/budget_24/2026092815/ambient_balanced,electronic,identity,False,0
draw_05/budget_24/2026092815/ambient_balanced,pop,identity,False,0
draw_05/budget_24/2026092815/ambient_balanced,ambient,0.0,False,0
draw_05/budget_24/2026092815/ambient_balanced,rock,1.0,False,0
draw_05/budget_24/2026092816/unweighted,electronic,identity,False,0
draw_05/budget_24/2026092816/unweighted,pop,identity,False,0
draw_05/budget_24/2026092816/unweighted,ambient,identity,False,0
draw_05/budget_24/2026092816/unweighted,rock,identity,False,0
draw_05/budget_24/2026092816/ambient_balanced,electronic,identity,False,0
draw_05/budget_24/2026092816/ambient_balanced,pop,identity,False,0
draw_05/budget_24/2026092816/ambient_balanced,ambient,0.1,False,0
draw_05/budget_24/2026092816/ambient_balanced,rock,identity,False,0
draw_05/budget_24/2026092817/unweighted,electronic,identity,False,0
draw_05/budget_24/2026092817/unweighted,pop,identity,False,0
draw_05/budget_24/2026092817/unweighted,ambient,1.0,False,0
draw_05/budget_24/2026092817/unweighted,rock,1.0,False,0
draw_05/budget_24/2026092817/ambient_balanced,electronic,identity,False,0
draw_05/budget_24/2026092817/ambient_balanced,pop,identity,False,0
draw_05/budget_24/2026092817/ambient_balanced,ambient,0.01,False,0
draw_05/budget_24/2026092817/ambient_balanced,rock,1.0,False,0
draw_05/budget_24/2026092818/unweighted,electronic,identity,False,0
draw_05/budget_24/2026092818/unweighted,pop,identity,False,0
draw_05/budget_24/2026092818/unweighted,ambient,0.001,False,0
draw_05/budget_24/2026092818/unweighted,rock,identity,False,0
draw_05/budget_24/2026092818/ambient_balanced,electronic,identity,False,0
draw_05/budget_24/2026092818/ambient_balanced,pop,identity,False,0
draw_05/budget_24/2026092818/ambient_balanced,ambient,0.001,False,0
draw_05/budget_24/2026092818/ambient_balanced,rock,identity,False,0
draw_05/budget_24/2026092819/unweighted,electronic,identity,False,0
draw_05/budget_24/2026092819/unweighted,pop,identity,False,0
draw_05/budget_24/2026092819/unweighted,ambient,0.001,False,0
draw_05/budget_24/2026092819/unweighted,rock,identity,False,0
draw_05/budget_24/2026092819/ambient_balanced,electronic,identity,False,0
draw_05/budget_24/2026092819/ambient_balanced,pop,identity,False,0
draw_05/budget_24/2026092819/ambient_balanced,ambient,0.01,False,0
draw_05/budget_24/2026092819/ambient_balanced,rock,identity,False,0
draw_05/budget_47/2026092800/unweighted,electronic,identity,False,0
draw_05/budget_47/2026092800/unweighted,pop,identity,False,0
draw_05/budget_47/2026092800/unweighted,ambient,0.1,False,0
draw_05/budget_47/2026092800/unweighted,rock,identity,False,0
draw_05/budget_47/2026092800/ambient_balanced,electronic,identity,False,0
draw_05/budget_47/2026092800/ambient_balanced,pop,identity,False,0
draw_05/budget_47/2026092800/ambient_balanced,ambient,0.01,False,0
draw_05/budget_47/2026092800/ambient_balanced,rock,identity,False,0
draw_05/budget_47/2026092801/unweighted,electronic,1.0,False,0
draw_05/budget_47/2026092801/unweighted,pop,identity,False,0
draw_05/budget_47/2026092801/unweighted,ambient,1.0,False,0
draw_05/budget_47/2026092801/unweighted,rock,identity,False,0
draw_05/budget_47/2026092801/ambient_balanced,electronic,1.0,False,0
draw_05/budget_47/2026092801/ambient_balanced,pop,identity,False,0
draw_05/budget_47/2026092801/ambient_balanced,ambient,0.0,False,0
draw_05/budget_47/2026092801/ambient_balanced,rock,identity,False,0
draw_05/budget_47/2026092802/unweighted,electronic,identity,False,0
draw_05/budget_47/2026092802/unweighted,pop,identity,False,0
draw_05/budget_47/2026092802/unweighted,ambient,0.0,False,0
draw_05/budget_47/2026092802/unweighted,rock,identity,False,0
draw_05/budget_47/2026092802/ambient_balanced,electronic,identity,False,0
draw_05/budget_47/2026092802/ambient_balanced,pop,identity,False,0
draw_05/budget_47/2026092802/ambient_balanced,ambient,0.0,False,0
draw_05/budget_47/2026092802/ambient_balanced,rock,identity,False,0
draw_05/budget_47/2026092803/unweighted,electronic,identity,False,0
draw_05/budget_47/2026092803/unweighted,pop,identity,False,0
draw_05/budget_47/2026092803/unweighted,ambient,1.0,False,0
draw_05/budget_47/2026092803/unweighted,rock,identity,False,0
draw_05/budget_47/2026092803/ambient_balanced,electronic,identity,False,0
draw_05/budget_47/2026092803/ambient_balanced,pop,identity,False,0
draw_05/budget_47/2026092803/ambient_balanced,ambient,0.01,False,0
draw_05/budget_47/2026092803/ambient_balanced,rock,identity,False,0
draw_05/budget_47/2026092804/unweighted,electronic,identity,False,0
draw_05/budget_47/2026092804/unweighted,pop,1.0,False,0
draw_05/budget_47/2026092804/unweighted,ambient,0.1,False,0
draw_05/budget_47/2026092804/unweighted,rock,identity,False,0
draw_05/budget_47/2026092804/ambient_balanced,electronic,identity,False,0
draw_05/budget_47/2026092804/ambient_balanced,pop,1.0,False,0
draw_05/budget_47/2026092804/ambient_balanced,ambient,0.01,False,0
draw_05/budget_47/2026092804/ambient_balanced,rock,identity,False,0
draw_05/budget_47/2026092805/unweighted,electronic,identity,False,0
draw_05/budget_47/2026092805/unweighted,pop,identity,False,0
draw_05/budget_47/2026092805/unweighted,ambient,identity,False,0
draw_05/budget_47/2026092805/unweighted,rock,identity,False,0
draw_05/budget_47/2026092805/ambient_balanced,electronic,identity,False,0
draw_05/budget_47/2026092805/ambient_balanced,pop,identity,False,0
draw_05/budget_47/2026092805/ambient_balanced,ambient,0.01,False,0
draw_05/budget_47/2026092805/ambient_balanced,rock,identity,False,0
draw_05/budget_47/2026092806/unweighted,electronic,identity,False,0
draw_05/budget_47/2026092806/unweighted,pop,identity,False,0
draw_05/budget_47/2026092806/unweighted,ambient,identity,False,0
draw_05/budget_47/2026092806/unweighted,rock,identity,False,0
draw_05/budget_47/2026092806/ambient_balanced,electronic,identity,False,0
draw_05/budget_47/2026092806/ambient_balanced,pop,identity,False,0
draw_05/budget_47/2026092806/ambient_balanced,ambient,0.01,False,0
draw_05/budget_47/2026092806/ambient_balanced,rock,identity,False,0
draw_05/budget_47/2026092807/unweighted,electronic,identity,False,0
draw_05/budget_47/2026092807/unweighted,pop,identity,False,0
draw_05/budget_47/2026092807/unweighted,ambient,identity,False,0
draw_05/budget_47/2026092807/unweighted,rock,identity,False,0
draw_05/budget_47/2026092807/ambient_balanced,electronic,identity,False,0
draw_05/budget_47/2026092807/ambient_balanced,pop,identity,False,0
draw_05/budget_47/2026092807/ambient_balanced,ambient,0.01,False,0
draw_05/budget_47/2026092807/ambient_balanced,rock,identity,False,0
draw_05/budget_47/2026092808/unweighted,electronic,identity,False,0
draw_05/budget_47/2026092808/unweighted,pop,identity,False,0
draw_05/budget_47/2026092808/unweighted,ambient,identity,False,0
draw_05/budget_47/2026092808/unweighted,rock,identity,False,0
draw_05/budget_47/2026092808/ambient_balanced,electronic,identity,False,0
draw_05/budget_47/2026092808/ambient_balanced,pop,identity,False,0
draw_05/budget_47/2026092808/ambient_balanced,ambient,0.01,False,0
draw_05/budget_47/2026092808/ambient_balanced,rock,identity,False,0
draw_05/budget_47/2026092809/unweighted,electronic,identity,False,0
draw_05/budget_47/2026092809/unweighted,pop,identity,False,0
draw_05/budget_47/2026092809/unweighted,ambient,1.0,False,0
draw_05/budget_47/2026092809/unweighted,rock,identity,False,0
draw_05/budget_47/2026092809/ambient_balanced,electronic,identity,False,0
draw_05/budget_47/2026092809/ambient_balanced,pop,identity,False,0
draw_05/budget_47/2026092809/ambient_balanced,ambient,0.01,False,0
draw_05/budget_47/2026092809/ambient_balanced,rock,identity,False,0
draw_05/budget_47/2026092810/unweighted,electronic,identity,False,0
draw_05/budget_47/2026092810/unweighted,pop,identity,False,0
draw_05/budget_47/2026092810/unweighted,ambient,0.1,False,0
draw_05/budget_47/2026092810/unweighted,rock,identity,False,0
draw_05/budget_47/2026092810/ambient_balanced,electronic,identity,False,0
draw_05/budget_47/2026092810/ambient_balanced,pop,identity,False,0
draw_05/budget_47/2026092810/ambient_balanced,ambient,0.001,False,0
draw_05/budget_47/2026092810/ambient_balanced,rock,identity,False,0
draw_05/budget_47/2026092811/unweighted,electronic,identity,False,0
draw_05/budget_47/2026092811/unweighted,pop,identity,False,0
draw_05/budget_47/2026092811/unweighted,ambient,identity,False,0
draw_05/budget_47/2026092811/unweighted,rock,identity,False,0
draw_05/budget_47/2026092811/ambient_balanced,electronic,identity,False,0
draw_05/budget_47/2026092811/ambient_balanced,pop,identity,False,0
draw_05/budget_47/2026092811/ambient_balanced,ambient,0.01,False,0
draw_05/budget_47/2026092811/ambient_balanced,rock,identity,False,0
draw_05/budget_47/2026092812/unweighted,electronic,1.0,False,0
draw_05/budget_47/2026092812/unweighted,pop,identity,False,0
draw_05/budget_47/2026092812/unweighted,ambient,identity,False,0
draw_05/budget_47/2026092812/unweighted,rock,identity,False,0
draw_05/budget_47/2026092812/ambient_balanced,electronic,1.0,False,0
draw_05/budget_47/2026092812/ambient_balanced,pop,identity,False,0
draw_05/budget_47/2026092812/ambient_balanced,ambient,0.01,False,0
draw_05/budget_47/2026092812/ambient_balanced,rock,identity,False,0
draw_05/budget_47/2026092813/unweighted,electronic,identity,False,0
draw_05/budget_47/2026092813/unweighted,pop,identity,False,0
draw_05/budget_47/2026092813/unweighted,ambient,0.1,False,0
draw_05/budget_47/2026092813/unweighted,rock,identity,False,0
draw_05/budget_47/2026092813/ambient_balanced,electronic,identity,False,0
draw_05/budget_47/2026092813/ambient_balanced,pop,identity,False,0
draw_05/budget_47/2026092813/ambient_balanced,ambient,0.01,False,0
draw_05/budget_47/2026092813/ambient_balanced,rock,identity,False,0
draw_05/budget_47/2026092814/unweighted,electronic,identity,False,0
draw_05/budget_47/2026092814/unweighted,pop,identity,False,0
draw_05/budget_47/2026092814/unweighted,ambient,0.1,False,0
draw_05/budget_47/2026092814/unweighted,rock,identity,False,0
draw_05/budget_47/2026092814/ambient_balanced,electronic,identity,False,0
draw_05/budget_47/2026092814/ambient_balanced,pop,identity,False,0
draw_05/budget_47/2026092814/ambient_balanced,ambient,0.01,False,0
draw_05/budget_47/2026092814/ambient_balanced,rock,identity,False,0
draw_05/budget_47/2026092815/unweighted,electronic,identity,False,0
draw_05/budget_47/2026092815/unweighted,pop,identity,False,0
draw_05/budget_47/2026092815/unweighted,ambient,0.1,False,0
draw_05/budget_47/2026092815/unweighted,rock,0.1,False,0
draw_05/budget_47/2026092815/ambient_balanced,electronic,identity,False,0
draw_05/budget_47/2026092815/ambient_balanced,pop,identity,False,0
draw_05/budget_47/2026092815/ambient_balanced,ambient,0.01,False,0
draw_05/budget_47/2026092815/ambient_balanced,rock,0.1,False,0
draw_05/budget_47/2026092816/unweighted,electronic,1.0,False,0
draw_05/budget_47/2026092816/unweighted,pop,identity,False,0
draw_05/budget_47/2026092816/unweighted,ambient,1.0,False,0
draw_05/budget_47/2026092816/unweighted,rock,identity,False,0
draw_05/budget_47/2026092816/ambient_balanced,electronic,1.0,False,0
draw_05/budget_47/2026092816/ambient_balanced,pop,identity,False,0
draw_05/budget_47/2026092816/ambient_balanced,ambient,0.01,False,0
draw_05/budget_47/2026092816/ambient_balanced,rock,identity,False,0
draw_05/budget_47/2026092817/unweighted,electronic,identity,False,0
draw_05/budget_47/2026092817/unweighted,pop,identity,False,0
draw_05/budget_47/2026092817/unweighted,ambient,0.1,False,0
draw_05/budget_47/2026092817/unweighted,rock,identity,False,0
draw_05/budget_47/2026092817/ambient_balanced,electronic,identity,False,0
draw_05/budget_47/2026092817/ambient_balanced,pop,identity,False,0
draw_05/budget_47/2026092817/ambient_balanced,ambient,0.01,False,0
draw_05/budget_47/2026092817/ambient_balanced,rock,identity,False,0
draw_05/budget_47/2026092818/unweighted,electronic,identity,False,0
draw_05/budget_47/2026092818/unweighted,pop,1.0,False,0
draw_05/budget_47/2026092818/unweighted,ambient,identity,False,0
draw_05/budget_47/2026092818/unweighted,rock,identity,False,0
draw_05/budget_47/2026092818/ambient_balanced,electronic,identity,False,0
draw_05/budget_47/2026092818/ambient_balanced,pop,1.0,False,0
draw_05/budget_47/2026092818/ambient_balanced,ambient,0.01,False,0
draw_05/budget_47/2026092818/ambient_balanced,rock,identity,False,0
draw_05/budget_47/2026092819/unweighted,electronic,1.0,False,0
draw_05/budget_47/2026092819/unweighted,pop,identity,False,0
draw_05/budget_47/2026092819/unweighted,ambient,identity,False,0
draw_05/budget_47/2026092819/unweighted,rock,identity,False,0
draw_05/budget_47/2026092819/ambient_balanced,electronic,1.0,False,0
draw_05/budget_47/2026092819/ambient_balanced,pop,identity,False,0
draw_05/budget_47/2026092819/ambient_balanced,ambient,0.01,False,0
draw_05/budget_47/2026092819/ambient_balanced,rock,identity,False,0
