seed,representation,weighting,fraction,method,calibration_artists,calibration_tracks,macro_brier,macro_log_loss,delta_raw,delta_platt,fallback_labels,successful_labels,bound_hit_labels
2026092800,maest,ambient_balanced,0.25,raw,24,69,0.14753987455486467,0.4537584942644891,0.0,-0.0013222809610981268,0,4,0
2026092800,maest,ambient_balanced,0.25,prior_offset,24,69,0.14468779119274477,0.4515654451586505,-0.002852083362119895,-0.004174364323218022,0,4,0
2026092800,maest,ambient_balanced,0.25,temperature,24,69,0.14919202689046754,0.4596130692855845,0.001652152335602869,0.00032987137450474213,0,4,0
2026092800,maest,ambient_balanced,0.25,platt,24,69,0.1488621555159628,0.4588284714558627,0.0013222809610981268,0.0,0,4,0
2026092800,maest,ambient_balanced,0.25,beta,24,69,0.14876338899939576,0.4662212241800986,0.0012235144445310875,-9.876651656703928e-05,0,4,2
2026092800,maest,ambient_balanced,0.25,isotonic,24,69,0.1562646581974348,1.3696329462416177,0.008724783642570122,0.007402502681471995,0,4,0
2026092800,maest,ambient_balanced,0.25,ridge_platt,24,69,0.14546054031496006,0.4483320887833912,-0.002079334239904612,-0.003401615201002739,0,4,0
2026092800,maest,ambient_balanced,0.5,raw,47,121,0.14753987455486467,0.4537584942644891,0.0,0.004613413038653563,0,4,0
2026092800,maest,ambient_balanced,0.5,prior_offset,47,121,0.14468779119274477,0.4515654451586505,-0.002852083362119895,0.0017613296765336683,0,4,0
2026092800,maest,ambient_balanced,0.5,temperature,47,121,0.14771479952628186,0.4552486497625108,0.00017492497141718966,0.004788338010070753,0,4,0
2026092800,maest,ambient_balanced,0.5,platt,47,121,0.1429264615162111,0.4439668814442053,-0.004613413038653563,0.0,0,4,0
2026092800,maest,ambient_balanced,0.5,beta,47,121,0.14386988220119246,0.4477674515708275,-0.0036699923536722134,0.0009434206849813498,0,4,2
2026092800,maest,ambient_balanced,0.5,isotonic,47,121,0.14821997288665906,1.0255799734893936,0.0006800983317943876,0.005293511370447951,0,4,0
2026092800,maest,ambient_balanced,0.5,ridge_platt,47,121,0.14273704265791815,0.44156392408592005,-0.0048028318969465245,-0.00018941885829296123,0,4,0
2026092800,maest,ambient_balanced,1.0,raw,94,235,0.14753987455486467,0.4537584942644891,0.0,0.0016060692820305256,0,4,0
2026092800,maest,ambient_balanced,1.0,prior_offset,94,235,0.14468779119274477,0.4515654451586505,-0.002852083362119895,-0.0012460140800893693,0,4,0
2026092800,maest,ambient_balanced,1.0,temperature,94,235,0.14796834077502743,0.45778385313936626,0.00042846622016276537,0.002034535502193291,0,4,0
2026092800,maest,ambient_balanced,1.0,platt,94,235,0.14593380527283414,0.4564103764774825,-0.0016060692820305256,0.0,0,4,0
2026092800,maest,ambient_balanced,1.0,beta,94,235,0.14555315499346227,0.4562598970503412,-0.0019867195614023947,-0.0003806502793718691,0,4,1
2026092800,maest,ambient_balanced,1.0,isotonic,94,235,0.14676256544269434,0.8006439693029255,-0.0007773091121703324,0.0008287601698601932,0,4,0
2026092800,maest,ambient_balanced,1.0,ridge_platt,94,235,0.1431231333251569,0.44606645258628463,-0.004416741229707782,-0.002810671947677257,0,4,0
2026092800,maest,unweighted,0.25,raw,24,69,0.14328937017679433,0.44417670807515314,0.0,-0.005285778277186404,0,4,0
2026092800,maest,unweighted,0.25,prior_offset,24,69,0.14328937017679433,0.44417670807515314,0.0,-0.005285778277186404,0,4,0
2026092800,maest,unweighted,0.25,temperature,24,69,0.14460309523605627,0.448064284175353,0.0013137250592619443,-0.003972053217924459,0,4,0
2026092800,maest,unweighted,0.25,platt,24,69,0.14857514845398073,0.4579084415440436,0.005285778277186404,0.0,0,4,0
2026092800,maest,unweighted,0.25,beta,24,69,0.14899148061651055,0.46383646514570287,0.005702110439716218,0.0004163321625298144,0,4,2
2026092800,maest,unweighted,0.25,isotonic,24,69,0.1568010953569632,1.4029144157930487,0.013511725180168882,0.008225946902982478,0,4,0
2026092800,maest,unweighted,0.25,ridge_platt,24,69,0.14391125718457143,0.44549526880821283,0.0006218870077770999,-0.004663891269409304,0,4,0
2026092800,maest,unweighted,0.5,raw,47,121,0.14328937017679433,0.44417670807515314,0.0,0.0006008453436327221,0,4,0
2026092800,maest,unweighted,0.5,prior_offset,47,121,0.14328937017679433,0.44417670807515314,0.0,0.0006008453436327221,0,4,0
2026092800,maest,unweighted,0.5,temperature,47,121,0.14303999540850273,0.4440315530650922,-0.00024937476829159366,0.00035147057534112847,0,4,0
2026092800,maest,unweighted,0.5,platt,47,121,0.1426885248331616,0.44314638246413773,-0.0006008453436327221,0.0,0,4,0
2026092800,maest,unweighted,0.5,beta,47,121,0.14387199634549497,0.4471625016276455,0.0005826261687006395,0.0011834715123333617,0,4,2
2026092800,maest,unweighted,0.5,isotonic,47,121,0.14831832971012918,1.025084161311502,0.005028959533334848,0.00562980487696757,0,4,0
2026092800,maest,unweighted,0.5,ridge_platt,47,121,0.14309944248111361,0.4436490262121273,-0.00018992769568071388,0.00041091764795200825,0,4,0
2026092800,maest,unweighted,1.0,raw,94,235,0.14328937017679433,0.44417670807515314,0.0,-0.0024238843342643257,0,4,0
2026092800,maest,unweighted,1.0,prior_offset,94,235,0.14328937017679433,0.44417670807515314,0.0,-0.0024238843342643257,0,4,0
2026092800,maest,unweighted,1.0,temperature,94,235,0.1443813745287648,0.4518051244625297,0.0010920043519704603,-0.0013318799822938654,0,4,0
2026092800,maest,unweighted,1.0,platt,94,235,0.14571325451105865,0.45581484630727254,0.0024238843342643257,0.0,0,4,0
2026092800,maest,unweighted,1.0,beta,94,235,0.14554928477231374,0.4549476656337775,0.0022599145955194133,-0.00016396973874491239,0,4,1
2026092800,maest,unweighted,1.0,isotonic,94,235,0.14685091818093746,0.7988140674404796,0.003561548004143128,0.0011376636698788023,0,4,0
2026092800,maest,unweighted,1.0,ridge_platt,94,235,0.14229107558560067,0.4424301357122019,-0.0009982945911936603,-0.003422178925457986,0,4,0
2026092800,mert_v0,ambient_balanced,0.25,raw,24,69,0.15956869067123747,0.4910191116885066,0.0,-0.008775343972740712,0,4,0
2026092800,mert_v0,ambient_balanced,0.25,prior_offset,24,69,0.15393219681933437,0.47960557128370407,-0.005636493851903096,-0.014411837824643808,0,4,0
2026092800,mert_v0,ambient_balanced,0.25,temperature,24,69,0.16031702314302473,0.49236006511158315,0.0007483324717872664,-0.008027011500953446,0,4,0
2026092800,mert_v0,ambient_balanced,0.25,platt,24,69,0.16834403464397818,0.5137032389243154,0.008775343972740712,0.0,0,4,0
2026092800,mert_v0,ambient_balanced,0.25,beta,24,69,0.1678608744952798,0.5197370871124776,0.008292183824042343,-0.00048316014869836943,0,4,3
2026092800,mert_v0,ambient_balanced,0.25,isotonic,24,69,0.17610944175552895,1.8149644896873585,0.016540751084291483,0.007765407111550771,0,4,0
2026092800,mert_v0,ambient_balanced,0.25,ridge_platt,24,69,0.1544784030247521,0.47807544613593095,-0.005090287646485364,-0.013865631619226076,0,4,0
2026092800,mert_v0,ambient_balanced,0.5,raw,47,121,0.15956869067123747,0.4910191116885066,0.0,0.00041606071732541716,0,4,0
2026092800,mert_v0,ambient_balanced,0.5,prior_offset,47,121,0.15393219681933437,0.47960557128370407,-0.005636493851903096,-0.005220433134577679,0,4,0
2026092800,mert_v0,ambient_balanced,0.5,temperature,47,121,0.16102961087212295,0.49632912509018007,0.0014609202008854794,0.0018769809182108965,0,4,0
2026092800,mert_v0,ambient_balanced,0.5,platt,47,121,0.15915262995391205,0.49510015053514406,-0.00041606071732541716,0.0,0,4,0
2026092800,mert_v0,ambient_balanced,0.5,beta,47,121,0.16018508097785522,0.4989855685837323,0.0006163903066177534,0.0010324510239431706,0,4,2
2026092800,mert_v0,ambient_balanced,0.5,isotonic,47,121,0.1644581007901626,1.0824509844080363,0.0048894101189251304,0.005305470836250548,0,4,0
2026092800,mert_v0,ambient_balanced,0.5,ridge_platt,47,121,0.15234902442110743,0.4736298541170162,-0.007219666250130041,-0.006803605532804624,0,4,0
2026092800,mert_v0,ambient_balanced,1.0,raw,94,235,0.15956869067123747,0.4910191116885066,0.0,0.000578156363880894,0,4,0
2026092800,mert_v0,ambient_balanced,1.0,prior_offset,94,235,0.15393219681933437,0.47960557128370407,-0.005636493851903096,-0.005058337488022202,0,4,0
2026092800,mert_v0,ambient_balanced,1.0,temperature,94,235,0.1598690682055308,0.4926210482204737,0.00030037753429332237,0.0008785338981742163,0,4,0
2026092800,mert_v0,ambient_balanced,1.0,platt,94,235,0.15899053430735657,0.49419425455447313,-0.000578156363880894,0.0,0,4,0
2026092800,mert_v0,ambient_balanced,1.0,beta,94,235,0.15938373788111565,0.4967825849161847,-0.0001849527901218173,0.00039320357375907666,0,4,1
2026092800,mert_v0,ambient_balanced,1.0,isotonic,94,235,0.16076580540551466,0.8767129273304985,0.0011971147342771937,0.0017752710981580877,0,4,0
2026092800,mert_v0,ambient_balanced,1.0,ridge_platt,94,235,0.15751253789563222,0.4888735013445461,-0.0020561527756052522,-0.0014779964117243582,0,4,0
2026092800,mert_v0,unweighted,0.25,raw,24,69,0.1535723607035177,0.4775646815229083,0.0,-0.015300720466879192,0,4,0
2026092800,mert_v0,unweighted,0.25,prior_offset,24,69,0.1535723607035177,0.4775646815229083,0.0,-0.015300720466879192,0,4,0
2026092800,mert_v0,unweighted,0.25,temperature,24,69,0.15406336329850973,0.4777171711831528,0.0004910025949920183,-0.014809717871887174,0,4,0
2026092800,mert_v0,unweighted,0.25,platt,24,69,0.1688730811703969,0.5152217943867752,0.015300720466879192,0.0,0,4,0
2026092800,mert_v0,unweighted,0.25,beta,24,69,0.16867457393087165,0.5204842646643418,0.015102213227353944,-0.0001985072395252474,0,4,3
2026092800,mert_v0,unweighted,0.25,isotonic,24,69,0.17643067543802365,1.847850268003343,0.022858314734505947,0.007557594267626755,0,4,0
2026092800,mert_v0,unweighted,0.25,ridge_platt,24,69,0.15353342549417323,0.477284106354139,-3.893520934447614e-05,-0.015339655676223668,0,4,0
2026092800,mert_v0,unweighted,0.5,raw,47,121,0.1535723607035177,0.4775646815229083,0.0,-0.005895307859156762,0,4,0
2026092800,mert_v0,unweighted,0.5,prior_offset,47,121,0.1535723607035177,0.4775646815229083,0.0,-0.005895307859156762,0,4,0
2026092800,mert_v0,unweighted,0.5,temperature,47,121,0.15360972371876946,0.47840625611131377,3.736301525175678e-05,-0.005857944843905005,0,4,0
2026092800,mert_v0,unweighted,0.5,platt,47,121,0.15946766856267447,0.49612539838611647,0.005895307859156762,0.0,0,4,0
2026092800,mert_v0,unweighted,0.5,beta,47,121,0.16076023415784807,0.500591905969106,0.007187873454330362,0.0012925655951736004,0,4,2
2026092800,mert_v0,unweighted,0.5,isotonic,47,121,0.16530575589570426,1.0864145113173587,0.011733395192186552,0.00583808733302979,0,4,0
2026092800,mert_v0,unweighted,0.5,ridge_platt,47,121,0.1535723607035177,0.4775646815229083,0.0,-0.005895307859156762,0,4,0
2026092800,mert_v0,unweighted,1.0,raw,94,235,0.1535723607035177,0.4775646815229083,0.0,-0.005920298905557675,0,4,0
2026092800,mert_v0,unweighted,1.0,prior_offset,94,235,0.1535723607035177,0.4775646815229083,0.0,-0.005920298905557675,0,4,0
2026092800,mert_v0,unweighted,1.0,temperature,94,235,0.15452773561030686,0.48176942281908025,0.0009553749067891526,-0.004964923998768522,0,4,0
2026092800,mert_v0,unweighted,1.0,platt,94,235,0.15949265960907538,0.49591403677019213,0.005920298905557675,0.0,0,4,0
2026092800,mert_v0,unweighted,1.0,beta,94,235,0.1601134128131953,0.4983997954805422,0.006541052109677592,0.0006207532041199171,0,4,1
2026092800,mert_v0,unweighted,1.0,isotonic,94,235,0.16255129838433938,0.8841301579834318,0.00897893768082167,0.0030586387752639943,0,4,0
2026092800,mert_v0,unweighted,1.0,ridge_platt,94,235,0.15778981410399162,0.4899889932764222,0.004217453400473914,-0.001702845505083761,0,4,0
2026092800,mert_v1,ambient_balanced,0.25,raw,24,69,0.16217091479814208,0.4984824660653908,0.0,-0.005549356146709844,0,4,0
2026092800,mert_v1,ambient_balanced,0.25,prior_offset,24,69,0.15434960786794724,0.4834503744013605,-0.007821306930194838,-0.013370663076904682,0,4,0
2026092800,mert_v1,ambient_balanced,0.25,temperature,24,69,0.16404198361924152,0.5057507217037591,0.001871068821099442,-0.003678287325610402,0,4,0
2026092800,mert_v1,ambient_balanced,0.25,platt,24,69,0.16772027094485192,0.5185234619074035,0.005549356146709844,0.0,0,4,0
2026092800,mert_v1,ambient_balanced,0.25,beta,24,69,0.16611417813260249,0.5214608848439963,0.003943263334460406,-0.0016060928122494378,0,4,2
2026092800,mert_v1,ambient_balanced,0.25,isotonic,24,69,0.17928062783982074,1.8507302324825832,0.01710971304167866,0.011560356894968815,0,4,0
2026092800,mert_v1,ambient_balanced,0.25,ridge_platt,24,69,0.15674276361922268,0.48575002417999835,-0.005428151178919399,-0.010977507325629243,0,4,0
2026092800,mert_v1,ambient_balanced,0.5,raw,47,121,0.16217091479814208,0.4984824660653908,0.0,0.00519256697451817,0,4,0
2026092800,mert_v1,ambient_balanced,0.5,prior_offset,47,121,0.15434960786794724,0.4834503744013605,-0.007821306930194838,-0.0026287399556766677,0,4,0
2026092800,mert_v1,ambient_balanced,0.5,temperature,47,121,0.1628098481609242,0.5005698350758301,0.0006389333627821181,0.005831500337300288,0,4,0
2026092800,mert_v1,ambient_balanced,0.5,platt,47,121,0.1569783478236239,0.48914718954165926,-0.00519256697451817,0.0,0,4,0
2026092800,mert_v1,ambient_balanced,0.5,beta,47,121,0.15772310912386983,0.4936687164638137,-0.004447805674272248,0.0007447613002459219,0,4,2
2026092800,mert_v1,ambient_balanced,0.5,isotonic,47,121,0.16284044931548222,0.9131526429932617,0.0006695345173401424,0.0058621014918583125,0,4,0
2026092800,mert_v1,ambient_balanced,0.5,ridge_platt,47,121,0.15359392636230482,0.47906678044445883,-0.008576988435837263,-0.0033844214613190926,0,4,0
2026092800,mert_v1,ambient_balanced,1.0,raw,94,235,0.16217091479814208,0.4984824660653908,0.0,0.003960879696647407,0,4,0
2026092800,mert_v1,ambient_balanced,1.0,prior_offset,94,235,0.15434960786794724,0.4834503744013605,-0.007821306930194838,-0.003860427233547431,0,4,0
2026092800,mert_v1,ambient_balanced,1.0,temperature,94,235,0.16297443528380937,0.5015843105850002,0.0008035204856672862,0.004764400182314693,0,4,0
2026092800,mert_v1,ambient_balanced,1.0,platt,94,235,0.15821003510149467,0.49438725252448645,-0.003960879696647407,0.0,0,4,0
2026092800,mert_v1,ambient_balanced,1.0,beta,94,235,0.15858548536465966,0.5013303615399536,-0.0035854294334824177,0.0003754502631649892,0,4,2
2026092800,mert_v1,ambient_balanced,1.0,isotonic,94,235,0.16025316854456148,0.9055897458995933,-0.001917746253580599,0.002043133443066808,0,4,0
2026092800,mert_v1,ambient_balanced,1.0,ridge_platt,94,235,0.15399258262958446,0.4810018566052612,-0.008178332168557623,-0.004217452471910216,0,4,0
2026092800,mert_v1,unweighted,0.25,raw,24,69,0.1540445140347341,0.48101462728536737,0.0,-0.014228098580369386,0,4,0
2026092800,mert_v1,unweighted,0.25,prior_offset,24,69,0.1540445140347341,0.48101462728536737,0.0,-0.014228098580369386,0,4,0
2026092800,mert_v1,unweighted,0.25,temperature,24,69,0.15558790529188896,0.48469886763874653,0.001543391257154858,-0.012684707323214528,0,4,0
2026092800,mert_v1,unweighted,0.25,platt,24,69,0.16827261261510348,0.5199614071773692,0.014228098580369386,0.0,0,4,0
2026092800,mert_v1,unweighted,0.25,beta,24,69,0.16729422039166753,0.5194222850020587,0.013249706356933427,-0.0009783922234359588,0,4,2
2026092800,mert_v1,unweighted,0.25,isotonic,24,69,0.1773574141688942,1.7827143041378917,0.023312900134160097,0.009084801553790711,0,4,0
2026092800,mert_v1,unweighted,0.25,ridge_platt,24,69,0.1542043186720165,0.4809400345984427,0.0001598046372824069,-0.014068293943086979,0,4,0
2026092800,mert_v1,unweighted,0.5,raw,47,121,0.1540445140347341,0.48101462728536737,0.0,-0.003227050066107434,0,4,0
2026092800,mert_v1,unweighted,0.5,prior_offset,47,121,0.1540445140347341,0.48101462728536737,0.0,-0.003227050066107434,0,4,0
2026092800,mert_v1,unweighted,0.5,temperature,47,121,0.15445248210273238,0.4821591191841147,0.0004079680679982822,-0.002819081998109152,0,4,0
2026092800,mert_v1,unweighted,0.5,platt,47,121,0.15727156410084153,0.4898821606302472,0.003227050066107434,0.0,0,4,0
2026092800,mert_v1,unweighted,0.5,beta,47,121,0.15811847175073557,0.49350616004759995,0.0040739577160014695,0.0008469076498940353,0,4,2
2026092800,mert_v1,unweighted,0.5,isotonic,47,121,0.16275160155902266,0.9446274242972346,0.00870708752428856,0.005480037458181125,0,4,0
2026092800,mert_v1,unweighted,0.5,ridge_platt,47,121,0.1540445140347341,0.48101462728536737,0.0,-0.003227050066107434,0,4,0
2026092800,mert_v1,unweighted,1.0,raw,94,235,0.1540445140347341,0.48101462728536737,0.0,-0.004732539805085811,0,4,0
2026092800,mert_v1,unweighted,1.0,prior_offset,94,235,0.1540445140347341,0.48101462728536737,0.0,-0.004732539805085811,0,4,0
2026092800,mert_v1,unweighted,1.0,temperature,94,235,0.15556818713860632,0.48703395345030764,0.0015236731038722195,-0.003208866701213592,0,4,0
2026092800,mert_v1,unweighted,1.0,platt,94,235,0.1587770538398199,0.496399769032213,0.004732539805085811,0.0,0,4,0
2026092800,mert_v1,unweighted,1.0,beta,94,235,0.1592976382565976,0.49987926267023497,0.005253124221863498,0.0005205844167776863,0,4,2
2026092800,mert_v1,unweighted,1.0,isotonic,94,235,0.160223874857718,0.9365497006258368,0.006179360822983898,0.0014468210178980867,0,4,0
2026092800,mert_v1,unweighted,1.0,ridge_platt,94,235,0.15392285760106547,0.4804530837481944,-0.00012165643366862655,-0.004854196238754438,0,4,0
2026092801,maest,ambient_balanced,0.25,raw,24,56,0.14087464866478902,0.4400203687483843,0.0,0.0001907387917228498,0,4,0
2026092801,maest,ambient_balanced,0.25,prior_offset,24,56,0.13705235481483088,0.4315623251089945,-0.003822293849958136,-0.0036315550582352862,0,4,0
2026092801,maest,ambient_balanced,0.25,temperature,24,56,0.1455043446356621,0.4722459927606525,0.004629695970873066,0.004820434762595915,0,4,0
2026092801,maest,ambient_balanced,0.25,platt,24,56,0.14068390987306617,0.45953327992979615,-0.0001907387917228498,0.0,0,4,0
2026092801,maest,ambient_balanced,0.25,beta,24,56,0.14348935761680548,0.4790173767417001,0.002614708952016459,0.002805447743739309,0,4,2
2026092801,maest,ambient_balanced,0.25,isotonic,24,56,0.15061826137987408,1.4186023233026437,0.00974361271508506,0.009934351506807909,0,4,0
2026092801,maest,ambient_balanced,0.25,ridge_platt,24,56,0.13785785378472964,0.43667569958897096,-0.003016794880059376,-0.002826056088336526,0,4,0
2026092801,maest,ambient_balanced,0.5,raw,47,112,0.14087464866478902,0.4400203687483843,0.0,0.0017063232863464561,0,4,0
2026092801,maest,ambient_balanced,0.5,prior_offset,47,112,0.13705235481483088,0.4315623251089945,-0.003822293849958136,-0.00211597056361168,0,4,0
2026092801,maest,ambient_balanced,0.5,temperature,47,112,0.14282853829026826,0.4528740279594156,0.001953889625479238,0.0036602129118256943,0,4,0
2026092801,maest,ambient_balanced,0.5,platt,47,112,0.13916832537844256,0.4415392075148705,-0.0017063232863464561,0.0,0,4,0
2026092801,maest,ambient_balanced,0.5,beta,47,112,0.1381992231480021,0.443590138486882,-0.002675425516786928,-0.0009691022304404717,0,4,1
2026092801,maest,ambient_balanced,0.5,isotonic,47,112,0.14464266446116247,0.9357481352201759,0.003768015796373453,0.005474339082719909,0,4,0
2026092801,maest,ambient_balanced,0.5,ridge_platt,47,112,0.13675118666571429,0.4282120451785377,-0.0041234619990747345,-0.0024171387127282784,0,4,0
2026092801,maest,ambient_balanced,1.0,raw,94,245,0.14087464866478902,0.4400203687483843,0.0,0.0018166221135043625,0,4,0
2026092801,maest,ambient_balanced,1.0,prior_offset,94,245,0.13705235481483088,0.4315623251089945,-0.003822293849958136,-0.0020056717364537735,0,4,0
2026092801,maest,ambient_balanced,1.0,temperature,94,245,0.1422971785723639,0.44444295978428994,0.001422529907574882,0.0032391520210792446,0,4,0
2026092801,maest,ambient_balanced,1.0,platt,94,245,0.13905802655128466,0.4353523365490602,-0.0018166221135043625,0.0,0,4,0
2026092801,maest,ambient_balanced,1.0,beta,94,245,0.1383721142615329,0.43362189394536904,-0.0025025344032561236,-0.0006859122897517611,0,4,0
2026092801,maest,ambient_balanced,1.0,isotonic,94,245,0.14329159789618676,0.700011557986282,0.002416949231397736,0.004233571344902098,0,4,0
2026092801,maest,ambient_balanced,1.0,ridge_platt,94,245,0.13820860360252543,0.43140330832061974,-0.002666045062263589,-0.0008494229487592264,0,4,0
2026092801,maest,unweighted,0.25,raw,24,56,0.13632919707376343,0.4280312800946799,0.0,-0.004509601330105001,0,4,0
2026092801,maest,unweighted,0.25,prior_offset,24,56,0.13632919707376343,0.4280312800946799,0.0,-0.004509601330105001,0,4,0
2026092801,maest,unweighted,0.25,temperature,24,56,0.14046127773080735,0.4591106487788862,0.0041320806570439295,-0.0003775206730610714,0,4,0
2026092801,maest,unweighted,0.25,platt,24,56,0.14083879840386843,0.46004305862591643,0.004509601330105001,0.0,0,4,0
2026092801,maest,unweighted,0.25,beta,24,56,0.14358721545213854,0.47941575075806864,0.007258018378375114,0.002748417048270113,0,4,2
2026092801,maest,unweighted,0.25,isotonic,24,56,0.15151710642407243,1.3872741326491027,0.015187909350309003,0.010678308020204003,0,4,0
2026092801,maest,unweighted,0.25,ridge_platt,24,56,0.13812150992625927,0.4378606947191896,0.001792312852495842,-0.002717288477609159,0,4,0
2026092801,maest,unweighted,0.5,raw,47,112,0.13632919707376343,0.4280312800946799,0.0,-0.0029478382824711102,0,4,0
2026092801,maest,unweighted,0.5,prior_offset,47,112,0.13632919707376343,0.4280312800946799,0.0,-0.0029478382824711102,0,4,0
2026092801,maest,unweighted,0.5,temperature,47,112,0.13790035930135888,0.43971234004874377,0.0015711622275954573,-0.001376676054875653,0,4,0
2026092801,maest,unweighted,0.5,platt,47,112,0.13927703535623454,0.4419316817477952,0.0029478382824711102,0.0,0,4,0
2026092801,maest,unweighted,0.5,beta,47,112,0.1384290506165888,0.44425563937345935,0.0020998535428253806,-0.0008479847396457296,0,4,1
2026092801,maest,unweighted,0.5,isotonic,47,112,0.14526665071221131,0.9371433236151452,0.00893745363844789,0.0059896153559767795,0,4,0
2026092801,maest,unweighted,0.5,ridge_platt,47,112,0.13661490557473965,0.42809564934454525,0.00028570850097622835,-0.002662129781494882,0,4,0
2026092801,maest,unweighted,1.0,raw,94,245,0.13632919707376343,0.4280312800946799,0.0,-0.0027924076903271533,0,4,0
2026092801,maest,unweighted,1.0,prior_offset,94,245,0.13632919707376343,0.4280312800946799,0.0,-0.0027924076903271533,0,4,0
2026092801,maest,unweighted,1.0,temperature,94,245,0.13717166818012627,0.43093477293936067,0.0008424711063628465,-0.0019499365839643068,0,4,0
2026092801,maest,unweighted,1.0,platt,94,245,0.13912160476409058,0.43569073122791846,0.0027924076903271533,0.0,0,4,0
2026092801,maest,unweighted,1.0,beta,94,245,0.1384138775737364,0.43391662078929993,0.002084680499972985,-0.0007077271903541682,0,4,0
2026092801,maest,unweighted,1.0,isotonic,94,245,0.14330397550478505,0.7005766496973016,0.006974778431021622,0.004182370740694469,0,4,0
2026092801,maest,unweighted,1.0,ridge_platt,94,245,0.13746280829161875,0.4298981971633129,0.0011336112178553237,-0.0016587964724718296,0,4,0
2026092801,mert_v0,ambient_balanced,0.25,raw,24,56,0.15051014390799677,0.4677833703574909,0.0,0.0024661322215804304,0,4,0
2026092801,mert_v0,ambient_balanced,0.25,prior_offset,24,56,0.14303230578538784,0.447144746841506,-0.007477838122608937,-0.005011705901028507,0,4,0
2026092801,mert_v0,ambient_balanced,0.25,temperature,24,56,0.1540155915978727,0.48493777300892815,0.003505447689875929,0.0059715799114563595,0,4,0
2026092801,mert_v0,ambient_balanced,0.25,platt,24,56,0.14804401168641634,0.4744963361429661,-0.0024661322215804304,0.0,0,4,0
2026092801,mert_v0,ambient_balanced,0.25,beta,24,56,0.1485952105371782,0.4823169701156448,-0.0019149333708185778,0.0005511988507618526,0,4,2
2026092801,mert_v0,ambient_balanced,0.25,isotonic,24,56,0.157260428134216,2.027571710810928,0.006750284226219233,0.009216416447799664,0,4,0
2026092801,mert_v0,ambient_balanced,0.25,ridge_platt,24,56,0.14646194134608526,0.45737991101086434,-0.004048202561911518,-0.0015820703403310876,0,4,0
2026092801,mert_v0,ambient_balanced,0.5,raw,47,112,0.15051014390799677,0.4677833703574909,0.0,0.004835367999137197,0,4,0
2026092801,mert_v0,ambient_balanced,0.5,prior_offset,47,112,0.14303230578538784,0.447144746841506,-0.007477838122608937,-0.0026424701234717407,0,4,0
2026092801,mert_v0,ambient_balanced,0.5,temperature,47,112,0.15291174925122367,0.47778986067680024,0.0024016053432268925,0.007236973342364089,0,4,0
2026092801,mert_v0,ambient_balanced,0.5,platt,47,112,0.14567477590885958,0.4616404345744631,-0.004835367999137197,0.0,0,4,0
2026092801,mert_v0,ambient_balanced,0.5,beta,47,112,0.1464809376586265,0.46317957641966945,-0.004029206249370282,0.0008061617497669149,0,4,2
2026092801,mert_v0,ambient_balanced,0.5,isotonic,47,112,0.15256062298080433,1.1291236547517278,0.0020504790728075595,0.006885847071944756,0,4,0
2026092801,mert_v0,ambient_balanced,0.5,ridge_platt,47,112,0.14400661143790053,0.45011010158877585,-0.006503532470096246,-0.0016681644709590493,0,4,0
2026092801,mert_v0,ambient_balanced,1.0,raw,94,245,0.15051014390799677,0.4677833703574909,0.0,0.0076540555814375855,0,4,0
2026092801,mert_v0,ambient_balanced,1.0,prior_offset,94,245,0.14303230578538784,0.447144746841506,-0.007477838122608937,0.00017621745882864803,0,4,0
2026092801,mert_v0,ambient_balanced,1.0,temperature,94,245,0.15092046897497816,0.46945295673704074,0.0004103250669813818,0.008064380648418967,0,4,0
2026092801,mert_v0,ambient_balanced,1.0,platt,94,245,0.1428560883265592,0.4492042938112186,-0.0076540555814375855,0.0,0,4,0
2026092801,mert_v0,ambient_balanced,1.0,beta,94,245,0.14386919646414098,0.4537785768397777,-0.006640947443855794,0.0010131081375817919,0,4,2
2026092801,mert_v0,ambient_balanced,1.0,isotonic,94,245,0.14840332846561594,0.5690326877490668,-0.0021068154423808383,0.005547240139056747,0,4,0
2026092801,mert_v0,ambient_balanced,1.0,ridge_platt,94,245,0.14248573265988704,0.446874230973373,-0.008024411248109736,-0.0003703556666721508,0,4,0
2026092801,mert_v0,unweighted,0.25,raw,24,56,0.1428696856333354,0.4471996742190184,0.0,-0.00563267554448485,0,4,0
2026092801,mert_v0,unweighted,0.25,prior_offset,24,56,0.1428696856333354,0.4471996742190184,0.0,-0.00563267554448485,0,4,0
2026092801,mert_v0,unweighted,0.25,temperature,24,56,0.1462587070398956,0.46484973713390476,0.0033890214065601942,-0.0022436541379246555,0,4,0
2026092801,mert_v0,unweighted,0.25,platt,24,56,0.14850236117782026,0.47598274242806815,0.00563267554448485,0.0,0,4,0
2026092801,mert_v0,unweighted,0.25,beta,24,56,0.14954067360336892,0.48545186573511423,0.006670987970033515,0.0010383124255486653,0,4,2
2026092801,mert_v0,unweighted,0.25,isotonic,24,56,0.1576324845208718,1.9966144541892161,0.014762798887536399,0.00913012334305155,0,4,0
2026092801,mert_v0,unweighted,0.25,ridge_platt,24,56,0.14493733696765265,0.45241198141300915,0.0020676513343172442,-0.0035650242101676055,0,4,0
2026092801,mert_v0,unweighted,0.5,raw,47,112,0.1428696856333354,0.4471996742190184,0.0,-0.0030605711511772493,0,4,0
2026092801,mert_v0,unweighted,0.5,prior_offset,47,112,0.1428696856333354,0.4471996742190184,0.0,-0.0030605711511772493,0,4,0
2026092801,mert_v0,unweighted,0.5,temperature,47,112,0.14506468895326738,0.45693470066540637,0.0021950033199319707,-0.0008655678312452786,0,4,0
2026092801,mert_v0,unweighted,0.5,platt,47,112,0.14593025678451266,0.46260746067133957,0.0030605711511772493,0.0,0,4,0
2026092801,mert_v0,unweighted,0.5,beta,47,112,0.1468890471034341,0.4647414958676409,0.004019361470098681,0.000958790318921432,0,4,2
2026092801,mert_v0,unweighted,0.5,isotonic,47,112,0.15299775373170726,1.1306834699557164,0.010128068098371856,0.007067496947194607,0,4,0
2026092801,mert_v0,unweighted,0.5,ridge_platt,47,112,0.14439076741705503,0.4513762712223565,0.0015210817837196244,-0.0015394893674576249,0,4,0
2026092801,mert_v0,unweighted,1.0,raw,94,245,0.1428696856333354,0.4471996742190184,0.0,-1.9407798529935683e-05,0,4,0
2026092801,mert_v0,unweighted,1.0,prior_offset,94,245,0.1428696856333354,0.4471996742190184,0.0,-1.9407798529935683e-05,0,4,0
2026092801,mert_v0,unweighted,1.0,temperature,94,245,0.14325007927136635,0.44863170063654956,0.0003803936380309403,0.0003609858395010046,0,4,0
2026092801,mert_v0,unweighted,1.0,platt,94,245,0.14288909343186534,0.44966465631050645,1.9407798529935683e-05,0.0,0,4,0
2026092801,mert_v0,unweighted,1.0,beta,94,245,0.14385216272687973,0.45403316054312104,0.0009824770935443206,0.0009630692950143849,0,4,2
2026092801,mert_v0,unweighted,1.0,isotonic,94,245,0.14909979926751538,0.571666318976845,0.006230113634179968,0.006210705835650032,0,4,0
2026092801,mert_v0,unweighted,1.0,ridge_platt,94,245,0.1430729703009727,0.44866003552170175,0.00020328466763730457,0.0001838768691073689,0,4,0
2026092801,mert_v1,ambient_balanced,0.25,raw,24,56,0.1502984637653613,0.46540872035604314,0.0,-0.0002975615078162075,0,4,0
2026092801,mert_v1,ambient_balanced,0.25,prior_offset,24,56,0.14362897451727738,0.4461932849021436,-0.006669489248083915,-0.006967050755900123,0,4,0
2026092801,mert_v1,ambient_balanced,0.25,temperature,24,56,0.15578194726718375,0.49757383513975695,0.005483483501822456,0.005185921994006248,0,4,0
2026092801,mert_v1,ambient_balanced,0.25,platt,24,56,0.1505960252731775,0.4818471856187064,0.0002975615078162075,0.0,0,4,0
2026092801,mert_v1,ambient_balanced,0.25,beta,24,56,0.14978454320670714,0.48500490536043883,-0.0005139205586541518,-0.0008114820664703593,0,4,1
2026092801,mert_v1,ambient_balanced,0.25,isotonic,24,56,0.15421758802155988,1.7224429597916988,0.003919124256198586,0.0036215627483823787,0,4,0
2026092801,mert_v1,ambient_balanced,0.25,ridge_platt,24,56,0.1456382244800914,0.4530796986877624,-0.0046602392852699015,-0.004957800793086109,0,4,0
2026092801,mert_v1,ambient_balanced,0.5,raw,47,112,0.1502984637653613,0.46540872035604314,0.0,0.003958975304522688,0,4,0
2026092801,mert_v1,ambient_balanced,0.5,prior_offset,47,112,0.14362897451727738,0.4461932849021436,-0.006669489248083915,-0.002710513943561227,0,4,0
2026092801,mert_v1,ambient_balanced,0.5,temperature,47,112,0.1527962397169799,0.4765084609527806,0.002497775951618597,0.006456751256141285,0,4,0
2026092801,mert_v1,ambient_balanced,0.5,platt,47,112,0.1463394884608386,0.4577310487608408,-0.003958975304522688,0.0,0,4,0
2026092801,mert_v1,ambient_balanced,0.5,beta,47,112,0.1465870429152391,0.45828561933822637,-0.003711420850122188,0.0002475544544005004,0,4,2
2026092801,mert_v1,ambient_balanced,0.5,isotonic,47,112,0.1491153509901353,0.9846384495780242,-0.0011831127752260084,0.00277586252929668,0,4,0
2026092801,mert_v1,ambient_balanced,0.5,ridge_platt,47,112,0.14366922659572529,0.4463792065602885,-0.00662923716963601,-0.0026702618651133214,0,4,0
2026092801,mert_v1,ambient_balanced,1.0,raw,94,245,0.1502984637653613,0.46540872035604314,0.0,0.005790729029503255,0,4,0
2026092801,mert_v1,ambient_balanced,1.0,prior_offset,94,245,0.14362897451727738,0.4461932849021436,-0.006669489248083915,-0.0008787602185806598,0,4,0
2026092801,mert_v1,ambient_balanced,1.0,temperature,94,245,0.15110927081481526,0.46863738399034827,0.0008108070494539654,0.006601536078957221,0,4,0
2026092801,mert_v1,ambient_balanced,1.0,platt,94,245,0.14450773473585804,0.4502783360848649,-0.005790729029503255,0.0,0,4,0
2026092801,mert_v1,ambient_balanced,1.0,beta,94,245,0.1454902618549967,0.4532694008788181,-0.004808201910364601,0.0009825271191386542,0,4,2
2026092801,mert_v1,ambient_balanced,1.0,isotonic,94,245,0.1476737051057278,0.5894525062611179,-0.0026247586596334915,0.003165970369869764,0,4,0
2026092801,mert_v1,ambient_balanced,1.0,ridge_platt,94,245,0.14385961444202477,0.44654586580090344,-0.006438849323336521,-0.0006481202938332653,0,4,0
2026092801,mert_v1,unweighted,0.25,raw,24,56,0.14376883892936246,0.446972330762616,0.0,-0.007376019871931899,0,4,0
2026092801,mert_v1,unweighted,0.25,prior_offset,24,56,0.14376883892936246,0.446972330762616,0.0,-0.007376019871931899,0,4,0
2026092801,mert_v1,unweighted,0.25,temperature,24,56,0.1491415675379011,0.47977742271249507,0.0053727286085386294,-0.00200329126339327,0,4,0
2026092801,mert_v1,unweighted,0.25,platt,24,56,0.15114485880129436,0.48358177678293873,0.007376019871931899,0.0,0,4,0
2026092801,mert_v1,unweighted,0.25,beta,24,56,0.15105361896072403,0.48911665814726407,0.007284780031361571,-9.123984057032852e-05,0,4,1
2026092801,mert_v1,unweighted,0.25,isotonic,24,56,0.15400844547428505,1.6894252387909292,0.010239606544922591,0.0028635866729906923,0,4,0
2026092801,mert_v1,unweighted,0.25,ridge_platt,24,56,0.1447802824110426,0.4494685525408726,0.001011443481680141,-0.006364576390251758,0,4,0
2026092801,mert_v1,unweighted,0.5,raw,47,112,0.14376883892936246,0.446972330762616,0.0,-0.0030057338239013187,0,4,0
2026092801,mert_v1,unweighted,0.5,prior_offset,47,112,0.14376883892936246,0.446972330762616,0.0,-0.0030057338239013187,0,4,0
2026092801,mert_v1,unweighted,0.5,temperature,47,112,0.14635046502714336,0.45848618109843126,0.002581626097780898,-0.0004241077261204207,0,4,0
2026092801,mert_v1,unweighted,0.5,platt,47,112,0.14677457275326378,0.4591810471265054,0.0030057338239013187,0.0,0,4,0
2026092801,mert_v1,unweighted,0.5,beta,47,112,0.14706172409465487,0.45988555534495557,0.003292885165292414,0.00028715134139109533,0,4,2
2026092801,mert_v1,unweighted,0.5,isotonic,47,112,0.1495347483899729,0.9525107511006305,0.005765909460610452,0.0027601756367091335,0,4,0
2026092801,mert_v1,unweighted,0.5,ridge_platt,47,112,0.14361370633132917,0.4462189815168349,-0.00015513259803329182,-0.0031608664219346105,0,4,0
2026092801,mert_v1,unweighted,1.0,raw,94,245,0.14376883892936246,0.446972330762616,0.0,-0.0010362622729645221,0,4,0
2026092801,mert_v1,unweighted,1.0,prior_offset,94,245,0.14376883892936246,0.446972330762616,0.0,-0.0010362622729645221,0,4,0
2026092801,mert_v1,unweighted,1.0,temperature,94,245,0.14516620990604648,0.451710743422648,0.0013973709766840203,0.0003611087037194982,0,4,0
2026092801,mert_v1,unweighted,1.0,platt,94,245,0.14480510120232698,0.4514692712892455,0.0010362622729645221,0.0,0,4,0
2026092801,mert_v1,unweighted,1.0,beta,94,245,0.14563242109360383,0.453852029733086,0.001863582164241373,0.0008273198912768509,0,4,2
2026092801,mert_v1,unweighted,1.0,isotonic,94,245,0.14749607811778864,0.5886078374397195,0.0037272391884261846,0.0026909769154616625,0,4,0
2026092801,mert_v1,unweighted,1.0,ridge_platt,94,245,0.1438013539738104,0.44656040722235246,3.25150444479283e-05,-0.0010037472285165938,0,4,0
2026092802,maest,ambient_balanced,0.25,raw,24,72,0.1456326092484287,0.4517998306419461,0.0,-0.00826986912226349,0,4,0
2026092802,maest,ambient_balanced,0.25,prior_offset,24,72,0.139208916163456,0.4327375000350251,-0.006423693084972704,-0.014693562207236194,0,4,0
2026092802,maest,ambient_balanced,0.25,temperature,24,72,0.14933580178327965,0.46884442324468717,0.003703192534850963,-0.004566676587412527,0,4,0
2026092802,maest,ambient_balanced,0.25,platt,24,72,0.15390247837069218,0.4748094841523637,0.00826986912226349,0.0,0,4,0
2026092802,maest,ambient_balanced,0.25,beta,24,72,0.15293745892116448,0.47411599265214166,0.007304849672735786,-0.0009650194495277042,0,4,0
2026092802,maest,ambient_balanced,0.25,isotonic,24,72,0.15800547304659343,1.0528594009525758,0.01237286379816474,0.00410299467590125,0,4,0
2026092802,maest,ambient_balanced,0.25,ridge_platt,24,72,0.14203726123874272,0.446391276759576,-0.0035953480096859725,-0.011865217131949463,0,4,0
2026092802,maest,ambient_balanced,0.5,raw,47,139,0.1456326092484287,0.4517998306419461,0.0,0.0039310699413478145,0,4,0
2026092802,maest,ambient_balanced,0.5,prior_offset,47,139,0.139208916163456,0.4327375000350251,-0.006423693084972704,-0.002492623143624889,0,4,0
2026092802,maest,ambient_balanced,0.5,temperature,47,139,0.14806452817480165,0.4618168455493283,0.0024319189263729557,0.00636298886772077,0,4,0
2026092802,maest,ambient_balanced,0.5,platt,47,139,0.14170153930708088,0.44346299523827926,-0.0039310699413478145,0.0,0,4,0
2026092802,maest,ambient_balanced,0.5,beta,47,139,0.14408686764072948,0.45016160235379094,-0.0015457416076992136,0.002385328333648601,0,4,1
2026092802,maest,ambient_balanced,0.5,isotonic,47,139,0.148070672958599,0.7744620095205226,0.0024380637101703018,0.006369133651518116,0,4,0
2026092802,maest,ambient_balanced,0.5,ridge_platt,47,139,0.13964511496249907,0.4372428684060464,-0.005987494285929623,-0.0020564243445818087,0,4,0
2026092802,maest,ambient_balanced,1.0,raw,94,254,0.1456326092484287,0.4517998306419461,0.0,0.006995234184157012,0,4,0
2026092802,maest,ambient_balanced,1.0,prior_offset,94,254,0.139208916163456,0.4327375000350251,-0.006423693084972704,0.0005715410991843084,0,4,0
2026092802,maest,ambient_balanced,1.0,temperature,94,254,0.1461529986489155,0.4526060430463351,0.0005203894004868204,0.007515623584643832,0,4,0
2026092802,maest,ambient_balanced,1.0,platt,94,254,0.13863737506427168,0.4320462971261548,-0.006995234184157012,0.0,0,4,0
2026092802,maest,ambient_balanced,1.0,beta,94,254,0.14005055408909126,0.43514141308995546,-0.005582055159337435,0.0014131790248195775,0,4,0
2026092802,maest,ambient_balanced,1.0,isotonic,94,254,0.1437084830640937,0.6321163699265525,-0.00192412618433499,0.005071107999822022,0,4,0
2026092802,maest,ambient_balanced,1.0,ridge_platt,94,254,0.13830970891121364,0.4323733360623318,-0.007322900337215055,-0.0003276661530580427,0,4,0
2026092802,maest,unweighted,0.25,raw,24,72,0.13853088378137282,0.4310148122106033,0.0,-0.015728597864668153,0,4,0
2026092802,maest,unweighted,0.25,prior_offset,24,72,0.13853088378137282,0.4310148122106033,0.0,-0.015728597864668153,0,4,0
2026092802,maest,unweighted,0.25,temperature,24,72,0.14350439659028202,0.4513733213930529,0.004973512808909203,-0.01075508505575895,0,4,0
2026092802,maest,unweighted,0.25,platt,24,72,0.15425948164604097,0.4761599429102911,0.015728597864668153,0.0,0,4,0
2026092802,maest,unweighted,0.25,beta,24,72,0.15349507911282514,0.475870150448115,0.014964195331452324,-0.00076440253321583,0,4,0
2026092802,maest,unweighted,0.25,isotonic,24,72,0.1565456966248447,1.0486429925050924,0.018014812843471867,0.0022862149788037134,0,4,0
2026092802,maest,unweighted,0.25,ridge_platt,24,72,0.14104530051468653,0.44289001825159985,0.002514416733313707,-0.013214181131354447,0,4,0
2026092802,maest,unweighted,0.5,raw,47,139,0.13853088378137282,0.4310148122106033,0.0,-0.0031608509863425838,0,4,0
2026092802,maest,unweighted,0.5,prior_offset,47,139,0.13853088378137282,0.4310148122106033,0.0,-0.0031608509863425838,0,4,0
2026092802,maest,unweighted,0.5,temperature,47,139,0.1409561267852478,0.44100495010126134,0.0024252430038749773,-0.0007356079824676065,0,4,0
2026092802,maest,unweighted,0.5,platt,47,139,0.1416917347677154,0.44333325428701154,0.0031608509863425838,0.0,0,4,0
2026092802,maest,unweighted,0.5,beta,47,139,0.14444981244555388,0.4511111077328135,0.005918928664181061,0.0027580776778384775,0,4,1
2026092802,maest,unweighted,0.5,isotonic,47,139,0.14689336370142922,0.7699772380041231,0.008362479920056398,0.005201628933713814,0,4,0
2026092802,maest,unweighted,0.5,ridge_platt,47,139,0.13932428607091757,0.4360504919564288,0.0007934022895447479,-0.002367448696797836,0,4,0
2026092802,maest,unweighted,1.0,raw,94,254,0.13853088378137282,0.4310148122106033,0.0,-6.712824379764837e-05,0,4,0
2026092802,maest,unweighted,1.0,prior_offset,94,254,0.13853088378137282,0.4310148122106033,0.0,-6.712824379764837e-05,0,4,0
2026092802,maest,unweighted,1.0,temperature,94,254,0.1388805858913027,0.43250785287068816,0.00034970210992987805,0.0002825738661322297,0,4,0
2026092802,maest,unweighted,1.0,platt,94,254,0.13859801202517047,0.4316995239378601,6.712824379764837e-05,0.0,0,4,0
2026092802,maest,unweighted,1.0,beta,94,254,0.13997797240373533,0.43464407281690365,0.001447088622362508,0.0013799603785648595,0,4,0
2026092802,maest,unweighted,1.0,isotonic,94,254,0.14394454881501415,0.6322738307407495,0.005413665033641324,0.0053465367898436755,0,4,0
2026092802,maest,unweighted,1.0,ridge_platt,94,254,0.13853088378137282,0.4310148122106033,0.0,-6.712824379764837e-05,0,4,0
2026092802,mert_v0,ambient_balanced,0.25,raw,24,72,0.15953899953676634,0.4922514032781119,0.0,-0.002016235946309758,0,4,0
2026092802,mert_v0,ambient_balanced,0.25,prior_offset,24,72,0.14775021880744588,0.45989953611630235,-0.011788780729320464,-0.013805016675630222,0,4,0
2026092802,mert_v0,ambient_balanced,0.25,temperature,24,72,0.16405627806858575,0.5254499444487889,0.0045172785318194075,0.0025010425855096496,0,4,0
2026092802,mert_v0,ambient_balanced,0.25,platt,24,72,0.1615552354830761,0.5060123854858869,0.002016235946309758,0.0,0,4,0
2026092802,mert_v0,ambient_balanced,0.25,beta,24,72,0.16531443353633649,0.5157821003615727,0.005775433999570145,0.0037591980532603875,0,4,3
2026092802,mert_v0,ambient_balanced,0.25,isotonic,24,72,0.17066576785035162,1.3215020997985427,0.011126768313585278,0.00911053236727552,0,4,0
2026092802,mert_v0,ambient_balanced,0.25,ridge_platt,24,72,0.1530341123208862,0.4855684473902269,-0.006504887215880134,-0.008521123162189892,0,4,0
2026092802,mert_v0,ambient_balanced,0.5,raw,47,139,0.15953899953676634,0.4922514032781119,0.0,0.011090394646773583,0,4,0
2026092802,mert_v0,ambient_balanced,0.5,prior_offset,47,139,0.14775021880744588,0.45989953611630235,-0.011788780729320464,-0.0006983860825468813,0,4,0
2026092802,mert_v0,ambient_balanced,0.5,temperature,47,139,0.162297171933638,0.5134884687645329,0.00275817239687165,0.013848567043645232,0,4,0
2026092802,mert_v0,ambient_balanced,0.5,platt,47,139,0.14844860488999276,0.47885365601425595,-0.011090394646773583,0.0,0,4,0
2026092802,mert_v0,ambient_balanced,0.5,beta,47,139,0.14943251197614169,0.47609279352855116,-0.010106487560624655,0.0009839070861489274,0,4,1
2026092802,mert_v0,ambient_balanced,0.5,isotonic,47,139,0.15617021023262992,1.2269708970935884,-0.0033687893041364214,0.007721605342637161,0,4,0
2026092802,mert_v0,ambient_balanced,0.5,ridge_platt,47,139,0.14618718712022685,0.4710145231671016,-0.013351812416539488,-0.0022614177697659055,0,4,0
2026092802,mert_v0,ambient_balanced,1.0,raw,94,254,0.15953899953676634,0.4922514032781119,0.0,0.014195403885205765,0,4,0
2026092802,mert_v0,ambient_balanced,1.0,prior_offset,94,254,0.14775021880744588,0.45989953611630235,-0.011788780729320464,0.0024066231558853013,0,4,0
2026092802,mert_v0,ambient_balanced,1.0,temperature,94,254,0.15909105624613812,0.4933437152791443,-0.00044794329062822213,0.013747460594577543,0,4,0
2026092802,mert_v0,ambient_balanced,1.0,platt,94,254,0.14534359565156058,0.461288920624769,-0.014195403885205765,0.0,0,4,0
2026092802,mert_v0,ambient_balanced,1.0,beta,94,254,0.14578355343482924,0.460389690168957,-0.013755446101937102,0.00043995778326866297,0,4,1
2026092802,mert_v0,ambient_balanced,1.0,isotonic,94,254,0.1496165125390121,0.600801051393792,-0.009922486997754248,0.004272916887451517,0,4,0
2026092802,mert_v0,ambient_balanced,1.0,ridge_platt,94,254,0.14560899919601192,0.4616553838737141,-0.013930000340754423,0.0002654035444513425,0,4,0
2026092802,mert_v0,unweighted,0.25,raw,24,72,0.14755728741939353,0.4602925148268813,0.0,-0.01493203889026165,0,4,0
2026092802,mert_v0,unweighted,0.25,prior_offset,24,72,0.14755728741939353,0.4602925148268813,0.0,-0.01493203889026165,0,4,0
2026092802,mert_v0,unweighted,0.25,temperature,24,72,0.15296792986785027,0.49543793636085753,0.005410642448456737,-0.009521396441804914,0,4,0
2026092802,mert_v0,unweighted,0.25,platt,24,72,0.16248932630965518,0.5090108977896447,0.01493203889026165,0.0,0,4,0
2026092802,mert_v0,unweighted,0.25,beta,24,72,0.16651767498225145,0.5204039867746363,0.018960387562857922,0.004028348672596271,0,4,2
2026092802,mert_v0,unweighted,0.25,isotonic,24,72,0.17044179851395494,1.2251085817901255,0.02288451109456141,0.00795247220429976,0,4,0
2026092802,mert_v0,unweighted,0.25,ridge_platt,24,72,0.15016096602096088,0.47822820084335316,0.0026036786015673496,-0.012328360288694301,0,4,0
2026092802,mert_v0,unweighted,0.5,raw,47,139,0.14755728741939353,0.4602925148268813,0.0,-0.0012944902046348739,0,4,0
2026092802,mert_v0,unweighted,0.5,prior_offset,47,139,0.14755728741939353,0.4602925148268813,0.0,-0.0012944902046348739,0,4,0
2026092802,mert_v0,unweighted,0.5,temperature,47,139,0.14986879514491228,0.47780559518248666,0.0023115077255187466,0.0010170175208838728,0,4,0
2026092802,mert_v0,unweighted,0.5,platt,47,139,0.1488517776240284,0.4802606856807393,0.0012944902046348739,0.0,0,4,0
2026092802,mert_v0,unweighted,0.5,beta,47,139,0.15065036747285487,0.4804555118730627,0.0030930800534613445,0.0017985898488264707,0,4,1
2026092802,mert_v0,unweighted,0.5,isotonic,47,139,0.15443004127627163,1.1238126220989764,0.0068727538568781055,0.005578263652243232,0,4,0
2026092802,mert_v0,unweighted,0.5,ridge_platt,47,139,0.14602686959152847,0.47160838839952596,-0.0015304178278650604,-0.0028249080324999343,0,4,0
2026092802,mert_v0,unweighted,1.0,raw,94,254,0.14755728741939353,0.4602925148268813,0.0,0.0019736181594310065,0,4,0
2026092802,mert_v0,unweighted,1.0,prior_offset,94,254,0.14755728741939353,0.4602925148268813,0.0,0.0019736181594310065,0,4,0
2026092802,mert_v0,unweighted,1.0,temperature,94,254,0.14692403339042948,0.46192090787751827,-0.0006332540289640531,0.0013403641304669534,0,4,0
2026092802,mert_v0,unweighted,1.0,platt,94,254,0.14558366925996252,0.46220335757253883,-0.0019736181594310065,0.0,0,4,0
2026092802,mert_v0,unweighted,1.0,beta,94,254,0.14634568644285398,0.46213153387936484,-0.0012116009765395508,0.0007620171828914557,0,4,1
2026092802,mert_v0,unweighted,1.0,isotonic,94,254,0.1494309024980206,0.6013449693342964,0.0018736150786270722,0.0038472332380580787,0,4,0
2026092802,mert_v0,unweighted,1.0,ridge_platt,94,254,0.14601007165968408,0.4615627074481279,-0.0015472157597094527,0.0004264023997215538,0,4,0
2026092802,mert_v1,ambient_balanced,0.25,raw,24,72,0.15875818756792415,0.4877153970435938,0.0,-0.0006290553553517375,0,4,0
2026092802,mert_v1,ambient_balanced,0.25,prior_offset,24,72,0.14666807436712298,0.45566475854495536,-0.012090113200801167,-0.012719168556152904,0,4,0
2026092802,mert_v1,ambient_balanced,0.25,temperature,24,72,0.1636450074877265,0.5215807135295639,0.00488681991980236,0.004257764564450622,0,4,0
2026092802,mert_v1,ambient_balanced,0.25,platt,24,72,0.15938724292327588,0.5019373907068546,0.0006290553553517375,0.0,0,4,0
2026092802,mert_v1,ambient_balanced,0.25,beta,24,72,0.16224139857629905,0.5113492080355814,0.003483211008374898,0.0028541556530231604,0,4,3
2026092802,mert_v1,ambient_balanced,0.25,isotonic,24,72,0.17569985420469636,1.3665647694026801,0.016941666636772212,0.016312611281420475,0,4,0
2026092802,mert_v1,ambient_balanced,0.25,ridge_platt,24,72,0.15193671873274367,0.48098633612304276,-0.0068214688351804775,-0.007450524190532215,0,4,0
2026092802,mert_v1,ambient_balanced,0.5,raw,47,139,0.15875818756792415,0.4877153970435938,0.0,0.01089788978929232,0,4,0
2026092802,mert_v1,ambient_balanced,0.5,prior_offset,47,139,0.14666807436712298,0.45566475854495536,-0.012090113200801167,-0.001192223411508847,0,4,0
2026092802,mert_v1,ambient_balanced,0.5,temperature,47,139,0.1617824501114698,0.5031445048416391,0.0030242625435456527,0.013922152332837973,0,4,0
2026092802,mert_v1,ambient_balanced,0.5,platt,47,139,0.14786029777863183,0.46675622196146127,-0.01089788978929232,0.0,0,4,0
2026092802,mert_v1,ambient_balanced,0.5,beta,47,139,0.14906493390880032,0.4710065894987505,-0.009693253659123824,0.001204636130168496,0,4,2
2026092802,mert_v1,ambient_balanced,0.5,isotonic,47,139,0.15922764428433964,0.8221251508708134,0.00046945671641548947,0.01136734650570781,0,4,0
2026092802,mert_v1,ambient_balanced,0.5,ridge_platt,47,139,0.14632047566879805,0.4584779044745546,-0.012437711899126097,-0.0015398221098337772,0,4,0
2026092802,mert_v1,ambient_balanced,1.0,raw,94,254,0.15875818756792415,0.4877153970435938,0.0,0.013691506065964476,0,4,0
2026092802,mert_v1,ambient_balanced,1.0,prior_offset,94,254,0.14666807436712298,0.45566475854495536,-0.012090113200801167,0.0016013928651633091,0,4,0
2026092802,mert_v1,ambient_balanced,1.0,temperature,94,254,0.15841875535365424,0.4876368790188158,-0.000339432214269908,0.013352073851694568,0,4,0
2026092802,mert_v1,ambient_balanced,1.0,platt,94,254,0.14506668150195967,0.4554907278011996,-0.013691506065964476,0.0,0,4,0
2026092802,mert_v1,ambient_balanced,1.0,beta,94,254,0.14537579929612487,0.4569461509335673,-0.013382388271799273,0.00030911779416520346,0,4,2
2026092802,mert_v1,ambient_balanced,1.0,isotonic,94,254,0.15158012656822964,0.7632133169550981,-0.007178060999694508,0.006513445066269968,0,4,0
2026092802,mert_v1,ambient_balanced,1.0,ridge_platt,94,254,0.14508750228721679,0.4559326389305953,-0.013670685280707362,2.082078525711406e-05,0,4,0
2026092802,mert_v1,unweighted,0.25,raw,24,72,0.14667321446965095,0.45662428468031874,0.0,-0.013171357507901466,0,4,0
2026092802,mert_v1,unweighted,0.25,prior_offset,24,72,0.14667321446965095,0.45662428468031874,0.0,-0.013171357507901466,0,4,0
2026092802,mert_v1,unweighted,0.25,temperature,24,72,0.1523553007065008,0.4924930972591654,0.005682086236849848,-0.007489271271051617,0,4,0
2026092802,mert_v1,unweighted,0.25,platt,24,72,0.15984457197755242,0.5040584828322949,0.013171357507901466,0.0,0,4,0
2026092802,mert_v1,unweighted,0.25,beta,24,72,0.16334729602715592,0.515547007337085,0.016674081557504966,0.0035027240496035006,0,4,3
2026092802,mert_v1,unweighted,0.25,isotonic,24,72,0.17327408381597337,1.2295121283707013,0.026600869346322414,0.013429511838420949,0,4,0
2026092802,mert_v1,unweighted,0.25,ridge_platt,24,72,0.14923475742811637,0.47477474692788246,0.002561542958465418,-0.010609814549436047,0,4,0
2026092802,mert_v1,unweighted,0.5,raw,47,139,0.14667321446965095,0.45662428468031874,0.0,-0.001626345471657159,0,4,0
2026092802,mert_v1,unweighted,0.5,prior_offset,47,139,0.14667321446965095,0.45662428468031874,0.0,-0.001626345471657159,0,4,0
2026092802,mert_v1,unweighted,0.5,temperature,47,139,0.14880258179620304,0.4675288886840743,0.002129367326552084,0.000503021854894925,0,4,0
2026092802,mert_v1,unweighted,0.5,platt,47,139,0.1482995599413081,0.4685922410803656,0.001626345471657159,0.0,0,4,0
2026092802,mert_v1,unweighted,0.5,beta,47,139,0.1504524706906663,0.47576270071299354,0.0037792562210153535,0.0021529107493581945,0,4,2
2026092802,mert_v1,unweighted,0.5,isotonic,47,139,0.15657465791146064,0.6824035187761177,0.009901443441809682,0.008275097970152523,0,4,0
2026092802,mert_v1,unweighted,0.5,ridge_platt,47,139,0.1459425356783065,0.4591222276187649,-0.0007306787913444468,-0.002357024263001606,0,4,0
2026092802,mert_v1,unweighted,1.0,raw,94,254,0.14667321446965095,0.45662428468031874,0.0,0.0012600470789196627,0,4,0
2026092802,mert_v1,unweighted,1.0,prior_offset,94,254,0.14667321446965095,0.45662428468031874,0.0,0.0012600470789196627,0,4,0
2026092802,mert_v1,unweighted,1.0,temperature,94,254,0.14621124885766967,0.45692521485663923,-0.00046196561198127983,0.0007980814669383829,0,4,0
2026092802,mert_v1,unweighted,1.0,platt,94,254,0.1454131673907313,0.4568000159284744,-0.0012600470789196627,0.0,0,4,0
2026092802,mert_v1,unweighted,1.0,beta,94,254,0.1461202856679411,0.45919264763162626,-0.0005529288017098455,0.0007071182772098172,0,4,2
2026092802,mert_v1,unweighted,1.0,isotonic,94,254,0.1502699456234822,0.6276611237587414,0.003596731153831245,0.004856778232750908,0,4,0
2026092802,mert_v1,unweighted,1.0,ridge_platt,94,254,0.14546443441759602,0.45627571192608407,-0.0012087800520549363,5.1267026864726395e-05,0,4,0
2026092803,maest,ambient_balanced,0.25,raw,24,60,0.124434260672849,0.39399314676185865,0.0,0.0020160756304104105,0,4,0
2026092803,maest,ambient_balanced,0.25,prior_offset,24,60,0.11258449205573612,0.3644785427423835,-0.011849768617112885,-0.009833692986702475,0,4,0
2026092803,maest,ambient_balanced,0.25,temperature,24,60,0.1256176881162248,0.40200785239669795,0.001183427443375809,0.0031995030737862196,0,4,0
2026092803,maest,ambient_balanced,0.25,platt,24,60,0.1224181850424386,0.39121975164253947,-0.0020160756304104105,0.0,0,4,0
2026092803,maest,ambient_balanced,0.25,beta,24,60,0.12162843340645602,0.3936555041477386,-0.002805827266392988,-0.0007897516359825774,0,4,0
2026092803,maest,ambient_balanced,0.25,isotonic,24,60,0.12783507955628132,0.7234117529339188,0.0034008188834323133,0.005416894513842724,0,4,0
2026092803,maest,ambient_balanced,0.25,ridge_platt,24,60,0.1185205512492078,0.37927950155210116,-0.0059137094236412086,-0.003897633793230798,0,4,0
2026092803,maest,ambient_balanced,0.5,raw,47,113,0.124434260672849,0.39399314676185865,0.0,0.003997869830432529,0,4,0
2026092803,maest,ambient_balanced,0.5,prior_offset,47,113,0.11258449205573612,0.3644785427423835,-0.011849768617112885,-0.007851898786680356,0,4,0
2026092803,maest,ambient_balanced,0.5,temperature,47,113,0.1259967874147049,0.40263824905984186,0.0015625267418559047,0.005560396572288434,0,4,0
2026092803,maest,ambient_balanced,0.5,platt,47,113,0.12043639084241647,0.38722764725300096,-0.003997869830432529,0.0,0,4,0
2026092803,maest,ambient_balanced,0.5,beta,47,113,0.11886655037064452,0.38483517861758654,-0.005567710302204487,-0.0015698404717719577,0,4,0
2026092803,maest,ambient_balanced,0.5,isotonic,47,113,0.12039670818155943,0.6761776399835698,-0.004037552491289578,-3.968266085704886e-05,0,4,0
2026092803,maest,ambient_balanced,0.5,ridge_platt,47,113,0.11870813635604516,0.3800103293209504,-0.005726124316803846,-0.0017282544863713167,0,4,0
2026092803,maest,ambient_balanced,1.0,raw,94,245,0.124434260672849,0.39399314676185865,0.0,0.007424130306276991,0,4,0
2026092803,maest,ambient_balanced,1.0,prior_offset,94,245,0.11258449205573612,0.3644785427423835,-0.011849768617112885,-0.004425638310835894,0,4,0
2026092803,maest,ambient_balanced,1.0,temperature,94,245,0.12718757070454095,0.40445833553902055,0.0027533100316919495,0.01017744033796894,0,4,0
2026092803,maest,ambient_balanced,1.0,platt,94,245,0.11701013036657201,0.3788615960286591,-0.007424130306276991,0.0,0,4,0
2026092803,maest,ambient_balanced,1.0,beta,94,245,0.11612312629249869,0.3774102246604299,-0.008311134380350318,-0.0008870040740733276,0,4,0
2026092803,maest,ambient_balanced,1.0,isotonic,94,245,0.11429910210342561,0.4346634729294947,-0.010135158569423389,-0.0027110282631463978,0,4,0
2026092803,maest,ambient_balanced,1.0,ridge_platt,94,245,0.11478009786887014,0.37182587745757173,-0.009654162803978864,-0.0022300324977018726,0,4,0
2026092803,maest,unweighted,0.25,raw,24,60,0.11288072965618777,0.36469424392890576,0.0,-0.009570666748633036,0,4,0
2026092803,maest,unweighted,0.25,prior_offset,24,60,0.11288072965618777,0.36469424392890576,0.0,-0.009570666748633036,0,4,0
2026092803,maest,unweighted,0.25,temperature,24,60,0.11466648723199191,0.3751591677514351,0.0017857575758041394,-0.007784909172828897,0,4,0
2026092803,maest,unweighted,0.25,platt,24,60,0.1224513964048208,0.3905576070198619,0.009570666748633036,0.0,0,4,0
2026092803,maest,unweighted,0.25,beta,24,60,0.12157141560581917,0.3933470659504418,0.008690685949631405,-0.0008799807990016312,0,4,0
2026092803,maest,unweighted,0.25,isotonic,24,60,0.1284342906517956,0.7239537252938145,0.015553560995607826,0.00598289424697479,0,4,0
2026092803,maest,unweighted,0.25,ridge_platt,24,60,0.11288072965618777,0.36469424392890576,0.0,-0.009570666748633036,0,4,0
2026092803,maest,unweighted,0.5,raw,47,113,0.11288072965618777,0.36469424392890576,0.0,-0.007690087827039671,0,4,0
2026092803,maest,unweighted,0.5,prior_offset,47,113,0.11288072965618777,0.36469424392890576,0.0,-0.007690087827039671,0,4,0
2026092803,maest,unweighted,0.5,temperature,47,113,0.11444996462034282,0.37333290540427416,0.0015692349641550501,-0.006120852862884621,0,4,0
2026092803,maest,unweighted,0.5,platt,47,113,0.12057081748322744,0.38717627978351316,0.007690087827039671,0.0,0,4,0
2026092803,maest,unweighted,0.5,beta,47,113,0.11923501214717698,0.38555650840443256,0.00635428249098921,-0.0013358053360504607,0,4,0
2026092803,maest,unweighted,0.5,isotonic,47,113,0.12069677553130498,0.6762303477397265,0.007816045875117208,0.0001259580480775374,0,4,0
2026092803,maest,unweighted,0.5,ridge_platt,47,113,0.11923069653242381,0.380545009972493,0.006349966876236041,-0.0013401209508036305,0,4,0
2026092803,maest,unweighted,1.0,raw,94,245,0.11288072965618777,0.36469424392890576,0.0,-0.004192580455929282,0,4,0
2026092803,maest,unweighted,1.0,prior_offset,94,245,0.11288072965618777,0.36469424392890576,0.0,-0.004192580455929282,0,4,0
2026092803,maest,unweighted,1.0,temperature,94,245,0.11579194142551981,0.37569399942501736,0.0029112117693320394,-0.0012813686865972423,0,4,0
2026092803,maest,unweighted,1.0,platt,94,245,0.11707331011211705,0.37880992022857624,0.004192580455929282,0.0,0,4,0
2026092803,maest,unweighted,1.0,beta,94,245,0.11606377941808198,0.3769462075275189,0.0031830497618942077,-0.001009530694035074,0,4,1
2026092803,maest,unweighted,1.0,isotonic,94,245,0.11494131159637626,0.43571260077877083,0.0020605819401884884,-0.0021319985157407934,0,4,0
2026092803,maest,unweighted,1.0,ridge_platt,94,245,0.11527238941590581,0.3722178144286532,0.002391659759718043,-0.001800920696211239,0,4,0
2026092803,mert_v0,ambient_balanced,0.25,raw,24,60,0.14691824428496825,0.45360188421954667,0.0,0.0019503914483522955,0,4,0
2026092803,mert_v0,ambient_balanced,0.25,prior_offset,24,60,0.12944663597339134,0.4091953656181782,-0.017471608311576903,-0.015521216863224607,0,4,0
2026092803,mert_v0,ambient_balanced,0.25,temperature,24,60,0.15193698512013473,0.47266279075832257,0.005018740835166485,0.006969132283518781,0,4,0
2026092803,mert_v0,ambient_balanced,0.25,platt,24,60,0.14496785283661595,0.4508929004998213,-0.0019503914483522955,0.0,0,4,0
2026092803,mert_v0,ambient_balanced,0.25,beta,24,60,0.14548122706705427,0.45375128378153917,-0.0014370172179139773,0.0005133742304383182,0,4,1
2026092803,mert_v0,ambient_balanced,0.25,isotonic,24,60,0.15294362197516898,1.1792099842595043,0.006025377690200728,0.007975769138553024,0,4,0
2026092803,mert_v0,ambient_balanced,0.25,ridge_platt,24,60,0.13802144820606782,0.43090281680883313,-0.008896796078900426,-0.006946404630548131,0,4,0
2026092803,mert_v0,ambient_balanced,0.5,raw,47,113,0.14691824428496825,0.45360188421954667,0.0,0.008560127286905611,0,4,0
2026092803,mert_v0,ambient_balanced,0.5,prior_offset,47,113,0.12944663597339134,0.4091953656181782,-0.017471608311576903,-0.008911481024671292,0,4,0
2026092803,mert_v0,ambient_balanced,0.5,temperature,47,113,0.14990151405576962,0.4653251243902654,0.002983269770801378,0.011543397057706989,0,4,0
2026092803,mert_v0,ambient_balanced,0.5,platt,47,113,0.13835811699806264,0.4304178587326021,-0.008560127286905611,0.0,0,4,0
2026092803,mert_v0,ambient_balanced,0.5,beta,47,113,0.13692936028053856,0.43099860267696594,-0.009988884004429682,-0.0014287567175240712,0,4,2
2026092803,mert_v0,ambient_balanced,0.5,isotonic,47,113,0.13948230897726138,0.5560556282400343,-0.007435935307706865,0.0011241919791987465,0,4,0
2026092803,mert_v0,ambient_balanced,0.5,ridge_platt,47,113,0.13349902179417225,0.41711662178597636,-0.013419222490795996,-0.0048590952038903845,0,4,0
2026092803,mert_v0,ambient_balanced,1.0,raw,94,245,0.14691824428496825,0.45360188421954667,0.0,0.012368730435391329,0,4,0
2026092803,mert_v0,ambient_balanced,1.0,prior_offset,94,245,0.12944663597339134,0.4091953656181782,-0.017471608311576903,-0.005102877876185574,0,4,0
2026092803,mert_v0,ambient_balanced,1.0,temperature,94,245,0.14907131327963746,0.4617305530862815,0.002153068994669216,0.014521799430060545,0,4,0
2026092803,mert_v0,ambient_balanced,1.0,platt,94,245,0.13454951384957692,0.4214186657193303,-0.012368730435391329,0.0,0,4,0
2026092803,mert_v0,ambient_balanced,1.0,beta,94,245,0.1298745573392485,0.4122411869445605,-0.017043686945719755,-0.004674956510328426,0,4,2
2026092803,mert_v0,ambient_balanced,1.0,isotonic,94,245,0.13325061636626487,0.6784409078807154,-0.013667627918703379,-0.0012988974833120503,0,4,0
2026092803,mert_v0,ambient_balanced,1.0,ridge_platt,94,245,0.1314557862978708,0.4134741457865432,-0.015462457987097444,-0.003093727551706116,0,4,0
2026092803,mert_v0,unweighted,0.25,raw,24,60,0.12933054939480385,0.409590863135765,0.0,-0.01516684074492139,0,4,0
2026092803,mert_v0,unweighted,0.25,prior_offset,24,60,0.12933054939480385,0.409590863135765,0.0,-0.01516684074492139,0,4,0
2026092803,mert_v0,unweighted,0.25,temperature,24,60,0.13269756155877704,0.42217189394736804,0.0033670121639731987,-0.01179982858094819,0,4,0
2026092803,mert_v0,unweighted,0.25,platt,24,60,0.14449739013972523,0.449742978425249,0.01516684074492139,0.0,0,4,0
2026092803,mert_v0,unweighted,0.25,beta,24,60,0.1473097724739571,0.4662820898571122,0.017979223079153256,0.0028123823342318666,0,4,1
2026092803,mert_v0,unweighted,0.25,isotonic,24,60,0.15244578949101528,1.180069844226948,0.023115240096211437,0.007948399351290047,0,4,0
2026092803,mert_v0,unweighted,0.25,ridge_platt,24,60,0.12933054939480385,0.409590863135765,0.0,-0.01516684074492139,0,4,0
2026092803,mert_v0,unweighted,0.5,raw,47,113,0.12933054939480385,0.409590863135765,0.0,-0.008927161666608119,0,4,0
2026092803,mert_v0,unweighted,0.5,prior_offset,47,113,0.12933054939480385,0.409590863135765,0.0,-0.008927161666608119,0,4,0
2026092803,mert_v0,unweighted,0.5,temperature,47,113,0.12987440396370845,0.4099527923577491,0.0005438545689046004,-0.008383307097703518,0,4,0
2026092803,mert_v0,unweighted,0.5,platt,47,113,0.13825771106141196,0.43020540405627217,0.008927161666608119,0.0,0,4,0
2026092803,mert_v0,unweighted,0.5,beta,47,113,0.1383411154920688,0.43700652662118705,0.009010566097264944,8.34044306568249e-05,0,4,2
2026092803,mert_v0,unweighted,0.5,isotonic,47,113,0.13963783502254407,0.5584624055763034,0.01030728562774022,0.0013801239611321015,0,4,0
2026092803,mert_v0,unweighted,0.5,ridge_platt,47,113,0.13135578753273308,0.41239456001989044,0.002025238137929236,-0.006901923528678883,0,4,0
2026092803,mert_v0,unweighted,1.0,raw,94,245,0.12933054939480385,0.409590863135765,0.0,-0.0048265710176783605,0,4,0
2026092803,mert_v0,unweighted,1.0,prior_offset,94,245,0.12933054939480385,0.409590863135765,0.0,-0.0048265710176783605,0,4,0
2026092803,mert_v0,unweighted,1.0,temperature,94,245,0.1297397645912158,0.4099068748046649,0.0004092151964119606,-0.0044173558212664,0,4,0
2026092803,mert_v0,unweighted,1.0,platt,94,245,0.1341571204124822,0.42052190669858797,0.0048265710176783605,0.0,0,4,0
2026092803,mert_v0,unweighted,1.0,beta,94,245,0.13010832975127076,0.41315625484203206,0.0007777803564669172,-0.004048790661211443,0,4,2
2026092803,mert_v0,unweighted,1.0,isotonic,94,245,0.13310862119924335,0.6482519731754908,0.003778071804439509,-0.0010484992132388515,0,4,0
2026092803,mert_v0,unweighted,1.0,ridge_platt,94,245,0.12933054939480385,0.409590863135765,0.0,-0.0048265710176783605,0,4,0
2026092803,mert_v1,ambient_balanced,0.25,raw,24,60,0.14695349173948147,0.4538749130100957,0.0,0.00927810658560177,0,4,0
2026092803,mert_v1,ambient_balanced,0.25,prior_offset,24,60,0.12962511926914322,0.41077610098979406,-0.01732837247033825,-0.00805026588473648,0,4,0
2026092803,mert_v1,ambient_balanced,0.25,temperature,24,60,0.14849141994508724,0.4602638892406662,0.0015379282056057764,0.010816034791207546,0,4,0
2026092803,mert_v1,ambient_balanced,0.25,platt,24,60,0.1376753851538797,0.43167341769418255,-0.00927810658560177,0.0,0,4,0
2026092803,mert_v1,ambient_balanced,0.25,beta,24,60,0.13727119078530883,0.4365948326222568,-0.009682300954172635,-0.0004041943685708649,0,4,1
2026092803,mert_v1,ambient_balanced,0.25,isotonic,24,60,0.14190921965751924,1.1526528129934892,-0.005044272081962231,0.004233834503639539,0,4,0
2026092803,mert_v1,ambient_balanced,0.25,ridge_platt,24,60,0.136841785745136,0.42934808320190687,-0.010111705994345466,-0.000833599408743696,0,4,0
2026092803,mert_v1,ambient_balanced,0.5,raw,47,113,0.14695349173948147,0.4538749130100957,0.0,0.01200881929179573,0,4,0
2026092803,mert_v1,ambient_balanced,0.5,prior_offset,47,113,0.12962511926914322,0.41077610098979406,-0.01732837247033825,-0.005319553178542519,0,4,0
2026092803,mert_v1,ambient_balanced,0.5,temperature,47,113,0.14827819670224804,0.4572321800061075,0.0013247049627665708,0.013333524254562301,0,4,0
2026092803,mert_v1,ambient_balanced,0.5,platt,47,113,0.13494467244768574,0.42187717123225776,-0.01200881929179573,0.0,0,4,0
2026092803,mert_v1,ambient_balanced,0.5,beta,47,113,0.13455790713475493,0.42862616246260454,-0.012395584604726534,-0.0003867653129308035,0,4,2
2026092803,mert_v1,ambient_balanced,0.5,isotonic,47,113,0.13318532164127533,0.6454805175544793,-0.013768170098206134,-0.0017593508064104035,0,4,0
2026092803,mert_v1,ambient_balanced,0.5,ridge_platt,47,113,0.12961909845606712,0.40910870177853664,-0.01733439328341435,-0.005325573991618621,0,4,0
2026092803,mert_v1,ambient_balanced,1.0,raw,94,245,0.14695349173948147,0.4538749130100957,0.0,0.01518265003836125,0,4,0
2026092803,mert_v1,ambient_balanced,1.0,prior_offset,94,245,0.12962511926914322,0.41077610098979406,-0.01732837247033825,-0.0021457224319769985,0,4,0
2026092803,mert_v1,ambient_balanced,1.0,temperature,94,245,0.1481152456400836,0.4571397700698062,0.001161753900602136,0.016344403938963387,0,4,0
2026092803,mert_v1,ambient_balanced,1.0,platt,94,245,0.13177084170112022,0.4154732060841717,-0.01518265003836125,0.0,0,4,0
2026092803,mert_v1,ambient_balanced,1.0,beta,94,245,0.12852881238916433,0.4101343081093818,-0.018424679350317136,-0.003242029311955885,0,4,2
2026092803,mert_v1,ambient_balanced,1.0,isotonic,94,245,0.13093862647572868,0.64491556462435,-0.016014865263752787,-0.000832215225391536,0,4,0
2026092803,mert_v1,ambient_balanced,1.0,ridge_platt,94,245,0.13076681846608745,0.41320626339876915,-0.016186673273394014,-0.0010040232350327638,0,4,0
2026092803,mert_v1,unweighted,0.25,raw,24,60,0.1295933305116433,0.4113582586552061,0.0,-0.007912189761817928,0,4,0
2026092803,mert_v1,unweighted,0.25,prior_offset,24,60,0.1295933305116433,0.4113582586552061,0.0,-0.007912189761817928,0,4,0
2026092803,mert_v1,unweighted,0.25,temperature,24,60,0.13141642799309225,0.4191648086137827,0.0018230974814489598,-0.0060890922803689684,0,4,0
2026092803,mert_v1,unweighted,0.25,platt,24,60,0.13750552027346122,0.4314523450061073,0.007912189761817928,0.0,0,4,0
2026092803,mert_v1,unweighted,0.25,beta,24,60,0.13629179334987526,0.43312657939669713,0.006698462838231972,-0.001213726923585956,0,4,0
2026092803,mert_v1,unweighted,0.25,isotonic,24,60,0.14132515786860114,1.1507780490455535,0.011731827356957852,0.003819637595139924,0,4,0
2026092803,mert_v1,unweighted,0.25,ridge_platt,24,60,0.1295933305116433,0.4113582586552061,0.0,-0.007912189761817928,0,4,0
2026092803,mert_v1,unweighted,0.5,raw,47,113,0.1295933305116433,0.4113582586552061,0.0,-0.0053384597839666315,0,4,0
2026092803,mert_v1,unweighted,0.5,prior_offset,47,113,0.1295933305116433,0.4113582586552061,0.0,-0.0053384597839666315,0,4,0
2026092803,mert_v1,unweighted,0.5,temperature,47,113,0.12930733023007562,0.4087566998704396,-0.00028600028156766655,-0.005624460065534298,0,4,0
2026092803,mert_v1,unweighted,0.5,platt,47,113,0.13493179029560992,0.421905735816858,0.0053384597839666315,0.0,0,4,0
2026092803,mert_v1,unweighted,0.5,beta,47,113,0.1339205135903081,0.42651801501293307,0.004327183078664809,-0.0010112767053018223,0,4,2
2026092803,mert_v1,unweighted,0.5,isotonic,47,113,0.13296964792201174,0.6439368991186496,0.0033763174103684512,-0.0019621423735981802,0,4,0
2026092803,mert_v1,unweighted,0.5,ridge_platt,47,113,0.1287609387066435,0.40747770575486153,-0.0008323918049997769,-0.006170851588966408,0,4,0
2026092803,mert_v1,unweighted,1.0,raw,94,245,0.1295933305116433,0.4113582586552061,0.0,-0.0018560379818385597,0,4,0
2026092803,mert_v1,unweighted,1.0,prior_offset,94,245,0.1295933305116433,0.4113582586552061,0.0,-0.0018560379818385597,0,4,0
2026092803,mert_v1,unweighted,1.0,temperature,94,245,0.12949766690865022,0.4100363451993928,-9.566360299306798e-05,-0.0019517015848316277,0,4,0
2026092803,mert_v1,unweighted,1.0,platt,94,245,0.13144936849348185,0.41482360832738685,0.0018560379818385597,0.0,0,4,0
2026092803,mert_v1,unweighted,1.0,beta,94,245,0.12819235037666066,0.40949106542686564,-0.0014009801349826323,-0.003257018116821192,0,4,2
2026092803,mert_v1,unweighted,1.0,isotonic,94,245,0.1317104325645504,0.6475256505628073,0.002117102052907105,0.00026106407106854523,0,4,0
2026092803,mert_v1,unweighted,1.0,ridge_platt,94,245,0.1295933305116433,0.4113582586552061,0.0,-0.0018560379818385597,0,4,0
2026092804,maest,ambient_balanced,0.25,raw,24,71,0.12982456722227476,0.4087990745037928,0.0,0.009089448950245535,0,4,0
2026092804,maest,ambient_balanced,0.25,prior_offset,24,71,0.11722908374430613,0.377840707279851,-0.012595483477968628,-0.0035060345277230925,0,4,0
2026092804,maest,ambient_balanced,0.25,temperature,24,71,0.13060949368208954,0.41225567238151767,0.0007849264598147887,0.009874375410060324,0,4,0
2026092804,maest,ambient_balanced,0.25,platt,24,71,0.12073511827202922,0.38696172405488405,-0.009089448950245535,0.0,0,4,0
2026092804,maest,ambient_balanced,0.25,beta,24,71,0.12275616856096465,0.39549857284921364,-0.007068398661310107,0.0020210502889354276,0,4,1
2026092804,maest,ambient_balanced,0.25,isotonic,24,71,0.1312275054383958,0.8676931850325267,0.0014029382161210302,0.010492387166366565,0,4,0
2026092804,maest,ambient_balanced,0.25,ridge_platt,24,71,0.12141238263755763,0.38760452783547733,-0.008412184584717125,0.00067726436552841,0,4,0
2026092804,maest,ambient_balanced,0.5,raw,47,120,0.12982456722227476,0.4087990745037928,0.0,0.009002504236361952,0,4,0
2026092804,maest,ambient_balanced,0.5,prior_offset,47,120,0.11722908374430613,0.377840707279851,-0.012595483477968628,-0.0035929792416066753,0,4,0
2026092804,maest,ambient_balanced,0.5,temperature,47,120,0.13075607984369042,0.4127266088934313,0.0009315126214156644,0.009934016857777617,0,4,0
2026092804,maest,ambient_balanced,0.5,platt,47,120,0.1208220629859128,0.3864597968450993,-0.009002504236361952,0.0,0,4,0
2026092804,maest,ambient_balanced,0.5,beta,47,120,0.11987853435974649,0.38596517322866974,-0.009946032862528265,-0.0009435286261663123,0,4,0
2026092804,maest,ambient_balanced,0.5,isotonic,47,120,0.12685092797059028,0.6258322539052353,-0.002973639251684479,0.006028864984677473,0,4,0
2026092804,maest,ambient_balanced,0.5,ridge_platt,47,120,0.11773375560033705,0.37883449806588126,-0.012090811621937703,-0.0030883073855757504,0,4,0
2026092804,maest,ambient_balanced,1.0,raw,94,249,0.12982456722227476,0.4087990745037928,0.0,0.009539855145260345,0,4,0
2026092804,maest,ambient_balanced,1.0,prior_offset,94,249,0.11722908374430613,0.377840707279851,-0.012595483477968628,-0.0030556283327082823,0,4,0
2026092804,maest,ambient_balanced,1.0,temperature,94,249,0.1319122557881571,0.4163469945438475,0.002087688565882345,0.01162754371114269,0,4,0
2026092804,maest,ambient_balanced,1.0,platt,94,249,0.12028471207701441,0.38621992386925796,-0.009539855145260345,0.0,0,4,0
2026092804,maest,ambient_balanced,1.0,beta,94,249,0.11931633383071306,0.38470015195826546,-0.010508233391561692,-0.0009683782463013463,0,4,0
2026092804,maest,ambient_balanced,1.0,isotonic,94,249,0.12429477255705539,0.5854083348487418,-0.00552979466521937,0.004010060480040975,0,4,0
2026092804,maest,ambient_balanced,1.0,ridge_platt,94,249,0.11806923102292811,0.37942340297170396,-0.011755336199346642,-0.0022154810540862963,0,4,0
2026092804,maest,unweighted,0.25,raw,24,71,0.11715325477584673,0.37712758806695235,0.0,-0.0036617565829059895,0,4,0
2026092804,maest,unweighted,0.25,prior_offset,24,71,0.11715325477584673,0.37712758806695235,0.0,-0.0036617565829059895,0,4,0
2026092804,maest,unweighted,0.25,temperature,24,71,0.11783707483223987,0.3809601862081798,0.0006838200563931418,-0.0029779365265128477,0,4,0
2026092804,maest,unweighted,0.25,platt,24,71,0.12081501135875272,0.3871175833790339,0.0036617565829059895,0.0,0,4,0
2026092804,maest,unweighted,0.25,beta,24,71,0.12318382427994996,0.39845827028360536,0.006030569504103231,0.0023688129211972414,0,4,1
2026092804,maest,unweighted,0.25,isotonic,24,71,0.12899224997875908,0.862013672275409,0.011838995202912345,0.008177238620006355,0,4,0
2026092804,maest,unweighted,0.25,ridge_platt,24,71,0.11715325477584673,0.37712758806695235,0.0,-0.0036617565829059895,0,4,0
2026092804,maest,unweighted,0.5,raw,47,120,0.11715325477584673,0.37712758806695235,0.0,-0.003689963573627969,0,4,0
2026092804,maest,unweighted,0.5,prior_offset,47,120,0.11715325477584673,0.37712758806695235,0.0,-0.003689963573627969,0,4,0
2026092804,maest,unweighted,0.5,temperature,47,120,0.11782846972960433,0.38012275908207055,0.0006752149537575941,-0.003014748619870375,0,4,0
2026092804,maest,unweighted,0.5,platt,47,120,0.1208432183494747,0.38636954483160746,0.003689963573627969,0.0,0,4,0
2026092804,maest,unweighted,0.5,beta,47,120,0.12007527919832911,0.38580211977413503,0.0029220244224823777,-0.0007679391511455913,0,4,0
2026092804,maest,unweighted,0.5,isotonic,47,120,0.12518070888577396,0.6216567217175865,0.008027454109927223,0.004337490536299254,0,4,0
2026092804,maest,unweighted,0.5,ridge_platt,47,120,0.1174361159559705,0.37799778860981875,0.00028286118012377237,-0.0034071023935041966,0,4,0
2026092804,maest,unweighted,1.0,raw,94,249,0.11715325477584673,0.37712758806695235,0.0,-0.0031825159161121275,0,4,0
2026092804,maest,unweighted,1.0,prior_offset,94,249,0.11715325477584673,0.37712758806695235,0.0,-0.0031825159161121275,0,4,0
2026092804,maest,unweighted,1.0,temperature,94,249,0.11863130694571584,0.3824610050148225,0.0014780521698691124,-0.0017044637462430151,0,4,0
2026092804,maest,unweighted,1.0,platt,94,249,0.12033577069195886,0.38616928341095463,0.0031825159161121275,0.0,0,4,0
2026092804,maest,unweighted,1.0,beta,94,249,0.11952689678682786,0.38464453401861176,0.002373642010981128,-0.0008088739051309995,0,4,0
2026092804,maest,unweighted,1.0,isotonic,94,249,0.12368360013438277,0.5845257692560606,0.006530345358536041,0.0033478294424239136,0,4,0
2026092804,maest,unweighted,1.0,ridge_platt,94,249,0.11788786624735724,0.37885554593477416,0.0007346114715105073,-0.00244790444460162,0,4,0
2026092804,mert_v0,ambient_balanced,0.25,raw,24,71,0.15055759335394164,0.4656444208204277,0.0,0.015758075905365626,0,4,0
2026092804,mert_v0,ambient_balanced,0.25,prior_offset,24,71,0.13566816038920854,0.429695780745022,-0.014889432964733107,0.0008686429406325191,0,4,0
2026092804,mert_v0,ambient_balanced,0.25,temperature,24,71,0.1514479712977149,0.4689162552030406,0.0008903779437732517,0.016648453849138878,0,4,0
2026092804,mert_v0,ambient_balanced,0.25,platt,24,71,0.13479951744857602,0.4298843416051416,-0.015758075905365626,0.0,0,4,0
2026092804,mert_v0,ambient_balanced,0.25,beta,24,71,0.1348342067917292,0.4330140264741872,-0.01572338656221245,3.4689343153176955e-05,0,4,2
2026092804,mert_v0,ambient_balanced,0.25,isotonic,24,71,0.14153223774303372,1.0260950059401794,-0.00902535561090792,0.006732720294457706,0,4,0
2026092804,mert_v0,ambient_balanced,0.25,ridge_platt,24,71,0.13993545591943143,0.4396449888981169,-0.01062213743451021,0.005135938470855417,0,4,0
2026092804,mert_v0,ambient_balanced,0.5,raw,47,120,0.15055759335394164,0.4656444208204277,0.0,0.01639342178602557,0,4,0
2026092804,mert_v0,ambient_balanced,0.5,prior_offset,47,120,0.13566816038920854,0.429695780745022,-0.014889432964733107,0.0015039888212924624,0,4,0
2026092804,mert_v0,ambient_balanced,0.5,temperature,47,120,0.14993561131655123,0.4632777955441165,-0.0006219820373904172,0.015771439748635152,0,4,0
2026092804,mert_v0,ambient_balanced,0.5,platt,47,120,0.13416417156791607,0.42469791394336454,-0.01639342178602557,0.0,0,4,0
2026092804,mert_v0,ambient_balanced,0.5,beta,47,120,0.13459489135039499,0.42653565879064814,-0.015962702003546658,0.0004307197824789111,0,4,2
2026092804,mert_v0,ambient_balanced,0.5,isotonic,47,120,0.13928827812282166,0.7602342326158164,-0.011269315231119986,0.005124106554905583,0,4,0
2026092804,mert_v0,ambient_balanced,0.5,ridge_platt,47,120,0.13592348544379634,0.42983941409298837,-0.0146341079101453,0.0017593138758802696,0,4,0
2026092804,mert_v0,ambient_balanced,1.0,raw,94,249,0.15055759335394164,0.4656444208204277,0.0,0.014782381805964917,0,4,0
2026092804,mert_v0,ambient_balanced,1.0,prior_offset,94,249,0.13566816038920854,0.429695780745022,-0.014889432964733107,-0.00010705115876818994,0,4,0
2026092804,mert_v0,ambient_balanced,1.0,temperature,94,249,0.15139870099624952,0.4690658906080509,0.0008411076423078812,0.015623489448272798,0,4,0
2026092804,mert_v0,ambient_balanced,1.0,platt,94,249,0.13577521154797673,0.4295424440709019,-0.014782381805964917,0.0,0,4,0
2026092804,mert_v0,ambient_balanced,1.0,beta,94,249,0.13534970261780704,0.42984179537111195,-0.0152078907361346,-0.0004255089301696824,0,4,2
2026092804,mert_v0,ambient_balanced,1.0,isotonic,94,249,0.14005184170451085,0.7024771351403135,-0.010505751649430795,0.0042766301565341225,0,4,0
2026092804,mert_v0,ambient_balanced,1.0,ridge_platt,94,249,0.13599444664175853,0.429610365824667,-0.014563146712183117,0.00021923509378179995,0,4,0
2026092804,mert_v0,unweighted,0.25,raw,24,71,0.1356309210831636,0.4297915281227217,0.0,0.0003392988207540082,0,4,0
2026092804,mert_v0,unweighted,0.25,prior_offset,24,71,0.1356309210831636,0.4297915281227217,0.0,0.0003392988207540082,0,4,0
2026092804,mert_v0,unweighted,0.25,temperature,24,71,0.13651565725698198,0.43373911921735797,0.0008847361738183734,0.0012240349945723816,0,4,0
2026092804,mert_v0,unweighted,0.25,platt,24,71,0.1352916222624096,0.43255440294163144,-0.0003392988207540082,0.0,0,4,0
2026092804,mert_v0,unweighted,0.25,beta,24,71,0.13607760415901032,0.43666173254516905,0.00044668307584672107,0.0007859818966007293,0,4,2
2026092804,mert_v0,unweighted,0.25,isotonic,24,71,0.1446612596049335,1.2010128059561027,0.009030338521769904,0.009369637342523912,0,4,0
2026092804,mert_v0,unweighted,0.25,ridge_platt,24,71,0.1356309210831636,0.4297915281227217,0.0,0.0003392988207540082,0,4,0
2026092804,mert_v0,unweighted,0.5,raw,47,120,0.1356309210831636,0.4297915281227217,0.0,0.0011135739889943652,0,4,0
2026092804,mert_v0,unweighted,0.5,prior_offset,47,120,0.1356309210831636,0.4297915281227217,0.0,0.0011135739889943652,0,4,0
2026092804,mert_v0,unweighted,0.5,temperature,47,120,0.1350044695067281,0.427144718338334,-0.0006264515764355105,0.0004871224125588547,0,4,0
2026092804,mert_v0,unweighted,0.5,platt,47,120,0.13451734709416924,0.42594365532769674,-0.0011135739889943652,0.0,0,4,0
2026092804,mert_v0,unweighted,0.5,beta,47,120,0.13501599305615783,0.4276661244540153,-0.0006149280270057733,0.0004986459619885919,0,4,2
2026092804,mert_v0,unweighted,0.5,isotonic,47,120,0.13993849697130697,0.827234954546377,0.004307575888143372,0.0054211498771377375,0,4,0
2026092804,mert_v0,unweighted,0.5,ridge_platt,47,120,0.13556772106118614,0.4294371647068828,-6.320002197746089e-05,0.0010503739670169043,0,4,0
2026092804,mert_v0,unweighted,1.0,raw,94,249,0.1356309210831636,0.4297915281227217,0.0,-0.0003598432917823746,0,4,0
2026092804,mert_v0,unweighted,1.0,prior_offset,94,249,0.1356309210831636,0.4297915281227217,0.0,-0.0003598432917823746,0,4,0
2026092804,mert_v0,unweighted,1.0,temperature,94,249,0.1356853380243868,0.429810164513693,5.44169412231843e-05,-0.0003054263505591903,0,4,0
2026092804,mert_v0,unweighted,1.0,platt,94,249,0.13599076437494598,0.4303000278243537,0.0003598432917823746,0.0,0,4,0
2026092804,mert_v0,unweighted,1.0,beta,94,249,0.13591637104369314,0.43124254296772296,0.00028544996052953797,-7.439333125283665e-05,0,4,2
2026092804,mert_v0,unweighted,1.0,isotonic,94,249,0.14075525174666118,0.642220398176359,0.005124330663497573,0.004764487371715198,0,4,0
2026092804,mert_v0,unweighted,1.0,ridge_platt,94,249,0.13541781598013508,0.4287234399201614,-0.00021310510302852137,-0.000572948394810896,0,4,0
2026092804,mert_v1,ambient_balanced,0.25,raw,24,71,0.15023672996528997,0.4646267235461427,0.0,0.016197959371956616,0,4,0
2026092804,mert_v1,ambient_balanced,0.25,prior_offset,24,71,0.13476444257693737,0.42698702586425785,-0.015472287388352601,0.0007256719836040149,0,4,0
2026092804,mert_v1,ambient_balanced,0.25,temperature,24,71,0.14985072671812238,0.46301318389774127,-0.0003860032471675878,0.01581195612478903,0,4,0
2026092804,mert_v1,ambient_balanced,0.25,platt,24,71,0.13403877059333336,0.42663491367696094,-0.016197959371956616,0.0,0,4,0
2026092804,mert_v1,ambient_balanced,0.25,beta,24,71,0.13313577730971515,0.42712599779621063,-0.01710095265557482,-0.0009029932836182031,0,4,2
2026092804,mert_v1,ambient_balanced,0.25,isotonic,24,71,0.1373020945560559,0.8796675553490705,-0.012934635409234063,0.003263323962722553,0,4,0
2026092804,mert_v1,ambient_balanced,0.25,ridge_platt,24,71,0.13823694286756108,0.43500611144843637,-0.011999787097728892,0.004198172274227724,0,4,0
2026092804,mert_v1,ambient_balanced,0.5,raw,47,120,0.15023672996528997,0.4646267235461427,0.0,0.016968118549848393,0,4,0
2026092804,mert_v1,ambient_balanced,0.5,prior_offset,47,120,0.13476444257693737,0.42698702586425785,-0.015472287388352601,0.001495831161495792,0,4,0
2026092804,mert_v1,ambient_balanced,0.5,temperature,47,120,0.14944274179581854,0.4618012666198557,-0.0007939881694714324,0.01617413038037696,0,4,0
2026092804,mert_v1,ambient_balanced,0.5,platt,47,120,0.13326861141544158,0.4225342859813416,-0.016968118549848393,0.0,0,4,0
2026092804,mert_v1,ambient_balanced,0.5,beta,47,120,0.13300094372929713,0.4228155647010873,-0.01723578623599284,-0.000267667686144446,0,4,1
2026092804,mert_v1,ambient_balanced,0.5,isotonic,47,120,0.13623284982290562,0.7838668213458659,-0.01400388014238435,0.0029642384074640427,0,4,0
2026092804,mert_v1,ambient_balanced,0.5,ridge_platt,47,120,0.13500504712134684,0.4271337377797585,-0.015231682843943134,0.0017364357059052593,0,4,0
2026092804,mert_v1,ambient_balanced,1.0,raw,94,249,0.15023672996528997,0.4646267235461427,0.0,0.015238636648818638,0,4,0
2026092804,mert_v1,ambient_balanced,1.0,prior_offset,94,249,0.13476444257693737,0.42698702586425785,-0.015472287388352601,-0.00023365073953396376,0,4,0
2026092804,mert_v1,ambient_balanced,1.0,temperature,94,249,0.15140968727647316,0.4691761328852848,0.0011729573111831926,0.01641159396000183,0,4,0
2026092804,mert_v1,ambient_balanced,1.0,platt,94,249,0.13499809331647133,0.4276071680375361,-0.015238636648818638,0.0,0,4,0
2026092804,mert_v1,ambient_balanced,1.0,beta,94,249,0.13421136012126064,0.42700066124460995,-0.01602536984402933,-0.0007867331952106926,0,4,1
2026092804,mert_v1,ambient_balanced,1.0,isotonic,94,249,0.13794620443160904,0.7277992633486701,-0.01229052553368093,0.002948111115137708,0,4,0
2026092804,mert_v1,ambient_balanced,1.0,ridge_platt,94,249,0.13523600183066273,0.42724481552005983,-0.015000728134627245,0.0002379085141913928,0,4,0
2026092804,mert_v1,unweighted,0.25,raw,24,71,0.1346037947981594,0.4267934767914455,0.0,0.00023857664023055336,0,4,0
2026092804,mert_v1,unweighted,0.25,prior_offset,24,71,0.1346037947981594,0.4267934767914455,0.0,0.00023857664023055336,0,4,0
2026092804,mert_v1,unweighted,0.25,temperature,24,71,0.13531519944674145,0.43041427951063527,0.000711404648582048,0.0009499812888126014,0,4,0
2026092804,mert_v1,unweighted,0.25,platt,24,71,0.13436521815792885,0.42859125457982566,-0.00023857664023055336,0.0,0,4,0
2026092804,mert_v1,unweighted,0.25,beta,24,71,0.13409553611708364,0.42919809522576535,-0.0005082586810757628,-0.0002696820408452094,0,4,1
2026092804,mert_v1,unweighted,0.25,isotonic,24,71,0.14017928525852275,1.0895189352075318,0.005575490460363347,0.0058140671005939,0,4,0
2026092804,mert_v1,unweighted,0.25,ridge_platt,24,71,0.13450633593771133,0.42635386304830064,-9.745886044806862e-05,0.00014111777978248474,0,4,0
2026092804,mert_v1,unweighted,0.5,raw,47,120,0.1346037947981594,0.4267934767914455,0.0,0.0009677335455378078,0,4,0
2026092804,mert_v1,unweighted,0.5,prior_offset,47,120,0.1346037947981594,0.4267934767914455,0.0,0.0009677335455378078,0,4,0
2026092804,mert_v1,unweighted,0.5,temperature,47,120,0.1342014210415011,0.42517178892809915,-0.000402373756658303,0.0005653597888795048,0,4,0
2026092804,mert_v1,unweighted,0.5,platt,47,120,0.1336360612526216,0.42385225317212516,-0.0009677335455378078,0.0,0,4,0
2026092804,mert_v1,unweighted,0.5,beta,47,120,0.13361890386896835,0.42398615797201233,-0.0009848909291910457,-1.7157383653237934e-05,0,4,1
2026092804,mert_v1,unweighted,0.5,isotonic,47,120,0.13975450222183455,0.9926759233015214,0.005150707423675155,0.006118440969212963,0,4,0
2026092804,mert_v1,unweighted,0.5,ridge_platt,47,120,0.13451333285014644,0.4263142629068861,-9.046194801295981e-05,0.000877271597524848,0,4,0
2026092804,mert_v1,unweighted,1.0,raw,94,249,0.1346037947981594,0.4267934767914455,0.0,-0.00046795083405121174,0,4,0
2026092804,mert_v1,unweighted,1.0,prior_offset,94,249,0.1346037947981594,0.4267934767914455,0.0,-0.00046795083405121174,0,4,0
2026092804,mert_v1,unweighted,1.0,temperature,94,249,0.13493634043110572,0.42766028221284724,0.0003325456329463239,-0.00013540520110488785,0,4,0
2026092804,mert_v1,unweighted,1.0,platt,94,249,0.1350717456322106,0.42790964416764754,0.00046795083405121174,0.0,0,4,0
2026092804,mert_v1,unweighted,1.0,beta,94,249,0.1350513655724226,0.4285013142397838,0.0004475707742631896,-2.0380059788022153e-05,0,4,1
2026092804,mert_v1,unweighted,1.0,isotonic,94,249,0.13842054729210465,0.7294423900212268,0.0038167524939452524,0.0033488016598940407,0,4,0
2026092804,mert_v1,unweighted,1.0,ridge_platt,94,249,0.13435172681273863,0.4255910303382249,-0.00025206798542076747,-0.0007200188194719792,0,4,0
2026092805,maest,ambient_balanced,0.25,raw,24,60,0.1375502497542258,0.4290565507411769,0.0,0.011843988541617695,0,4,0
2026092805,maest,ambient_balanced,0.25,prior_offset,24,60,0.12568615950206385,0.4020903249483847,-0.011864090252161952,-2.0101710544256912e-05,0,4,0
2026092805,maest,ambient_balanced,0.25,temperature,24,60,0.13916230781829458,0.4360731879201786,0.0016120580640687776,0.013456046605686472,0,4,0
2026092805,maest,ambient_balanced,0.25,platt,24,60,0.1257062612126081,0.40707850598178885,-0.011843988541617695,0.0,0,4,0
2026092805,maest,ambient_balanced,0.25,beta,24,60,0.12923630669866992,0.4309307714754992,-0.008313943055555884,0.0035300454860618113,0,4,3
2026092805,maest,ambient_balanced,0.25,isotonic,24,60,0.13606478455220894,1.5808212363200633,-0.0014854652020168668,0.010358523339600828,0,4,0
2026092805,maest,ambient_balanced,0.25,ridge_platt,24,60,0.12552331833438624,0.4014100279767997,-0.01202693141983957,-0.0001829428782218756,0,4,0
2026092805,maest,ambient_balanced,0.5,raw,47,138,0.1375502497542258,0.4290565507411769,0.0,0.008158477656585034,0,4,0
2026092805,maest,ambient_balanced,0.5,prior_offset,47,138,0.12568615950206385,0.4020903249483847,-0.011864090252161952,-0.003705612595576918,0,4,0
2026092805,maest,ambient_balanced,0.5,temperature,47,138,0.14161864118960185,0.4428017067048029,0.004068391435376045,0.012226869091961079,0,4,0
2026092805,maest,ambient_balanced,0.5,platt,47,138,0.12939177209764077,0.4141223846016763,-0.008158477656585034,0.0,0,4,0
2026092805,maest,ambient_balanced,0.5,beta,47,138,0.13119710186565672,0.4231047088959987,-0.006353147888569083,0.0018053297680159508,0,4,2
2026092805,maest,ambient_balanced,0.5,isotonic,47,138,0.13785084350404342,1.0949870723321968,0.00030059374981761255,0.008459071406402646,0,4,0
2026092805,maest,ambient_balanced,0.5,ridge_platt,47,138,0.1268872408959894,0.4060523172618381,-0.0106630088582364,-0.0025045312016513666,0,4,0
2026092805,maest,ambient_balanced,1.0,raw,94,246,0.1375502497542258,0.4290565507411769,0.0,0.013454313421531791,0,4,0
2026092805,maest,ambient_balanced,1.0,prior_offset,94,246,0.12568615950206385,0.4020903249483847,-0.011864090252161952,0.0015902231693698393,0,4,0
2026092805,maest,ambient_balanced,1.0,temperature,94,246,0.13758428203053324,0.42993606652085387,3.403227630743855e-05,0.01348834569783923,0,4,0
2026092805,maest,ambient_balanced,1.0,platt,94,246,0.12409593633269402,0.3979226442754376,-0.013454313421531791,0.0,0,4,0
2026092805,maest,ambient_balanced,1.0,beta,94,246,0.1250475741515741,0.40020436770117973,-0.012502675602651697,0.0009516378188800939,0,4,0
2026092805,maest,ambient_balanced,1.0,isotonic,94,246,0.13237803288658812,0.8532580187359883,-0.005172216867637691,0.0082820965538941,0,4,0
2026092805,maest,ambient_balanced,1.0,ridge_platt,94,246,0.1256323128640202,0.4012938266629782,-0.011917936890205594,0.0015363765313261973,0,4,0
2026092805,maest,unweighted,0.25,raw,24,60,0.12557030058051044,0.40060447059149085,0.0,1.859079239516226e-05,0,4,0
2026092805,maest,unweighted,0.25,prior_offset,24,60,0.12557030058051044,0.40060447059149085,0.0,1.859079239516226e-05,0,4,0
2026092805,maest,unweighted,0.25,temperature,24,60,0.12789848318490268,0.41072815902902116,0.0023281826043922427,0.002346773396787405,0,4,0
2026092805,maest,unweighted,0.25,platt,24,60,0.12555170978811528,0.40611172904661536,-1.859079239516226e-05,0.0,0,4,0
2026092805,maest,unweighted,0.25,beta,24,60,0.12866649243027228,0.42656071550287156,0.0030961918497618424,0.0031147826421570046,0,4,3
2026092805,maest,unweighted,0.25,isotonic,24,60,0.13664868621451903,1.648722968527884,0.011078385634008592,0.011096976426403754,0,4,0
2026092805,maest,unweighted,0.25,ridge_platt,24,60,0.12557030058051044,0.40060447059149085,0.0,1.859079239516226e-05,0,4,0
2026092805,maest,unweighted,0.5,raw,47,138,0.12557030058051044,0.40060447059149085,0.0,-0.003721775577934655,0,4,0
2026092805,maest,unweighted,0.5,prior_offset,47,138,0.12557030058051044,0.40060447059149085,0.0,-0.003721775577934655,0,4,0
2026092805,maest,unweighted,0.5,temperature,47,138,0.13001046334154198,0.4148533153080146,0.004440162761031541,0.0007183871830968858,0,4,0
2026092805,maest,unweighted,0.5,platt,47,138,0.1292920761584451,0.41368691813265657,0.003721775577934655,0.0,0,4,0
2026092805,maest,unweighted,0.5,beta,47,138,0.1306856021186542,0.421415254104357,0.005115301538143768,0.0013935259602091132,0,4,2
2026092805,maest,unweighted,0.5,isotonic,47,138,0.13797059847206428,1.0644057939902927,0.012400297891553835,0.00867852231361918,0,4,0
2026092805,maest,unweighted,0.5,ridge_platt,47,138,0.12693948902029223,0.40575924104027095,0.0013691884397817877,-0.0023525871381528674,0,4,0
2026092805,maest,unweighted,1.0,raw,94,246,0.12557030058051044,0.40060447059149085,0.0,0.0015870393087279722,0,4,0
2026092805,maest,unweighted,1.0,prior_offset,94,246,0.12557030058051044,0.40060447059149085,0.0,0.0015870393087279722,0,4,0
2026092805,maest,unweighted,1.0,temperature,94,246,0.12607576381969907,0.40208108398981274,0.0005054632391886249,0.002092502547916597,0,4,0
2026092805,maest,unweighted,1.0,platt,94,246,0.12398326127178247,0.39746725115913845,-0.0015870393087279722,0.0,0,4,0
2026092805,maest,unweighted,1.0,beta,94,246,0.12462314626475407,0.3992293711481559,-0.0009471543157563711,0.0006398849929716011,0,4,1
2026092805,maest,unweighted,1.0,isotonic,94,246,0.1321010727046372,0.8523899512651368,0.006530772124126755,0.008117811432854727,0,4,0
2026092805,maest,unweighted,1.0,ridge_platt,94,246,0.12557030058051044,0.40060447059149085,0.0,0.0015870393087279722,0,4,0
2026092805,mert_v0,ambient_balanced,0.25,raw,24,60,0.14953139624315873,0.4653164563837856,0.0,0.011263831631529803,0,4,0
2026092805,mert_v0,ambient_balanced,0.25,prior_offset,24,60,0.13779748912036688,0.43684174971590006,-0.011733907122791848,-0.0004700754912620453,0,4,0
2026092805,mert_v0,ambient_balanced,0.25,temperature,24,60,0.14982967983555312,0.4661095820066953,0.00029828359239439384,0.011562115223924196,0,4,0
2026092805,mert_v0,ambient_balanced,0.25,platt,24,60,0.13826756461162892,0.4393025070176777,-0.011263831631529803,0.0,0,4,0
2026092805,mert_v0,ambient_balanced,0.25,beta,24,60,0.1380700363719809,0.4411340197511375,-0.011461359871177829,-0.00019752823964802602,0,4,3
2026092805,mert_v0,ambient_balanced,0.25,isotonic,24,60,0.14401616002308007,1.2091916678269605,-0.0055152362200786564,0.005748595411451146,0,4,0
2026092805,mert_v0,ambient_balanced,0.25,ridge_platt,24,60,0.14037127170797573,0.44296102813774835,-0.009160124535183,0.002103707096346802,0,4,0
2026092805,mert_v0,ambient_balanced,0.5,raw,47,138,0.14953139624315873,0.4653164563837856,0.0,0.009673574438959082,0,4,0
2026092805,mert_v0,ambient_balanced,0.5,prior_offset,47,138,0.13779748912036688,0.43684174971590006,-0.011733907122791848,-0.0020603326838327662,0,4,0
2026092805,mert_v0,ambient_balanced,0.5,temperature,47,138,0.1525368077406511,0.47484743409720653,0.0030054114974923662,0.012678985936451448,0,4,0
2026092805,mert_v0,ambient_balanced,0.5,platt,47,138,0.13985782180419964,0.4445017934536093,-0.009673574438959082,0.0,0,4,0
2026092805,mert_v0,ambient_balanced,0.5,beta,47,138,0.13887746274398927,0.44069205271426326,-0.01065393349916946,-0.0009803590602103784,0,4,2
2026092805,mert_v0,ambient_balanced,0.5,isotonic,47,138,0.14526071556254505,0.7838525813780246,-0.0042706806806136755,0.005402893758345406,0,4,0
2026092805,mert_v0,ambient_balanced,0.5,ridge_platt,47,138,0.13859635311337032,0.44041503386069714,-0.010935043129788408,-0.001261468690829326,0,4,0
2026092805,mert_v0,ambient_balanced,1.0,raw,94,246,0.14953139624315873,0.4653164563837856,0.0,0.01412127738477309,0,4,0
2026092805,mert_v0,ambient_balanced,1.0,prior_offset,94,246,0.13779748912036688,0.43684174971590006,-0.011733907122791848,0.002387370261981242,0,4,0
2026092805,mert_v0,ambient_balanced,1.0,temperature,94,246,0.14931249805197558,0.4653255589715998,-0.0002188981911831478,0.013902379193589942,0,4,0
2026092805,mert_v0,ambient_balanced,1.0,platt,94,246,0.13541011885838564,0.43283167484478546,-0.01412127738477309,0.0,0,4,0
2026092805,mert_v0,ambient_balanced,1.0,beta,94,246,0.13483377870845542,0.4285977610113417,-0.014697617534703306,-0.0005763401499302157,0,4,1
2026092805,mert_v0,ambient_balanced,1.0,isotonic,94,246,0.14131464730241733,0.6139470835612478,-0.008216748940741397,0.0059045284440316925,0,4,0
2026092805,mert_v0,ambient_balanced,1.0,ridge_platt,94,246,0.1363545939528998,0.43396764329808646,-0.013176802290258915,0.0009444750945141744,0,4,0
2026092805,mert_v0,unweighted,0.25,raw,24,60,0.13750022823253882,0.4360753614384143,0.0,-0.0006993619130227502,0,4,0
2026092805,mert_v0,unweighted,0.25,prior_offset,24,60,0.13750022823253882,0.4360753614384143,0.0,-0.0006993619130227502,0,4,0
2026092805,mert_v0,unweighted,0.25,temperature,24,60,0.13847608671215206,0.4397358901608198,0.0009758584796132341,0.00027649656659048394,0,4,0
2026092805,mert_v0,unweighted,0.25,platt,24,60,0.13819959014556157,0.43925983239830624,0.0006993619130227502,0.0,0,4,0
2026092805,mert_v0,unweighted,0.25,beta,24,60,0.13810646858454037,0.4406060890736036,0.0006062403520015469,-9.312156102120328e-05,0,4,3
2026092805,mert_v0,unweighted,0.25,isotonic,24,60,0.1446005669780128,1.1462886394495881,0.007100338745473972,0.006400976832451222,0,4,0
2026092805,mert_v0,unweighted,0.25,ridge_platt,24,60,0.13750022823253882,0.4360753614384143,0.0,-0.0006993619130227502,0,4,0
2026092805,mert_v0,unweighted,0.5,raw,47,138,0.13750022823253882,0.4360753614384143,0.0,-0.002359647219591643,0,4,0
2026092805,mert_v0,unweighted,0.5,prior_offset,47,138,0.13750022823253882,0.4360753614384143,0.0,-0.002359647219591643,0,4,0
2026092805,mert_v0,unweighted,0.5,temperature,47,138,0.14055317648537696,0.4459893474675415,0.003052948252838139,0.0006933010332464962,0,4,0
2026092805,mert_v0,unweighted,0.5,platt,47,138,0.13985987545213047,0.4446609322476076,0.002359647219591643,0.0,0,4,0
2026092805,mert_v0,unweighted,0.5,beta,47,138,0.13900115741490668,0.4414122964730945,0.001500929182367855,-0.0008587180372237879,0,4,2
2026092805,mert_v0,unweighted,0.5,isotonic,47,138,0.14505527358953235,0.7827685331251201,0.007555045356993528,0.005195398137401885,0,4,0
2026092805,mert_v0,unweighted,0.5,ridge_platt,47,138,0.13852517865871694,0.43977508181708624,0.0010249504261781173,-0.0013346967934135257,0,4,0
2026092805,mert_v0,unweighted,1.0,raw,94,246,0.13750022823253882,0.4360753614384143,0.0,0.002189378345480858,0,4,0
2026092805,mert_v0,unweighted,1.0,prior_offset,94,246,0.13750022823253882,0.4360753614384143,0.0,0.002189378345480858,0,4,0
2026092805,mert_v0,unweighted,1.0,temperature,94,246,0.1373663243062007,0.43670433115272644,-0.00013390392633813586,0.002055474419142722,0,4,0
2026092805,mert_v0,unweighted,1.0,platt,94,246,0.13531084988705797,0.4327472100988463,-0.002189378345480858,0.0,0,4,0
2026092805,mert_v0,unweighted,1.0,beta,94,246,0.13476527673988786,0.4287808290687447,-0.002734951492650961,-0.0005455731471701031,0,4,1
2026092805,mert_v0,unweighted,1.0,isotonic,94,246,0.14120149557965422,0.6123214338291807,0.0037012673471154,0.005890645692596258,0,4,0
2026092805,mert_v0,unweighted,1.0,ridge_platt,94,246,0.13613019203879637,0.43322529727761977,-0.0013700361937424577,0.0008193421517384003,0,4,0
2026092805,mert_v1,ambient_balanced,0.25,raw,24,60,0.153554436357627,0.47616719170996746,0.0,0.012735154129045051,0,4,0
2026092805,mert_v1,ambient_balanced,0.25,prior_offset,24,60,0.14007252499040007,0.4437200848023254,-0.013481911367226929,-0.0007467572381818777,0,4,0
2026092805,mert_v1,ambient_balanced,0.25,temperature,24,60,0.15380244071177315,0.4786455787513066,0.00024800435414615296,0.012983158483191204,0,4,0
2026092805,mert_v1,ambient_balanced,0.25,platt,24,60,0.14081928222858195,0.44906264313165156,-0.012735154129045051,0.0,0,4,0
2026092805,mert_v1,ambient_balanced,0.25,beta,24,60,0.14182293462840823,0.4533245220859995,-0.011731501729218774,0.001003652399826277,0,4,2
2026092805,mert_v1,ambient_balanced,0.25,isotonic,24,60,0.14720793766119536,1.2767001550199335,-0.0063464986964316406,0.00638865543261341,0,4,0
2026092805,mert_v1,ambient_balanced,0.25,ridge_platt,24,60,0.14332762675361618,0.45154299810774023,-0.010226809604010817,0.002508344525034234,0,4,0
2026092805,mert_v1,ambient_balanced,0.5,raw,47,138,0.153554436357627,0.47616719170996746,0.0,0.01132403093294665,0,4,0
2026092805,mert_v1,ambient_balanced,0.5,prior_offset,47,138,0.14007252499040007,0.4437200848023254,-0.013481911367226929,-0.0021578804342802793,0,4,0
2026092805,mert_v1,ambient_balanced,0.5,temperature,47,138,0.1548933305890924,0.4810833714977793,0.0013388942314654095,0.012662925164412059,0,4,0
2026092805,mert_v1,ambient_balanced,0.5,platt,47,138,0.14223040542468035,0.4507630903271242,-0.01132403093294665,0.0,0,4,0
2026092805,mert_v1,ambient_balanced,0.5,beta,47,138,0.14266275838077805,0.4515638979925015,-0.010891677976848951,0.00043235295609769797,0,4,1
2026092805,mert_v1,ambient_balanced,0.5,isotonic,47,138,0.1444226101732663,0.5512155498700045,-0.009131826184360703,0.0021922047485859464,0,4,0
2026092805,mert_v1,ambient_balanced,0.5,ridge_platt,47,138,0.14129014200029089,0.44801335130888553,-0.012264294357336114,-0.0009402634243894648,0,4,0
2026092805,mert_v1,ambient_balanced,1.0,raw,94,246,0.153554436357627,0.47616719170996746,0.0,0.01576079628432367,0,4,0
2026092805,mert_v1,ambient_balanced,1.0,prior_offset,94,246,0.14007252499040007,0.4437200848023254,-0.013481911367226929,0.0022788849170967407,0,4,0
2026092805,mert_v1,ambient_balanced,1.0,temperature,94,246,0.15271288327325083,0.47498223423662583,-0.0008415530843761676,0.014919243199947502,0,4,0
2026092805,mert_v1,ambient_balanced,1.0,platt,94,246,0.13779364007330333,0.4407587796765446,-0.01576079628432367,0.0,0,4,0
2026092805,mert_v1,ambient_balanced,1.0,beta,94,246,0.13719013125088517,0.4373348737913263,-0.016364305106741833,-0.000603508822418164,0,4,1
2026092805,mert_v1,ambient_balanced,1.0,isotonic,94,246,0.13868393333969264,0.5382615812415285,-0.014870503017934356,0.0008902932663893137,0,4,0
2026092805,mert_v1,ambient_balanced,1.0,ridge_platt,94,246,0.13839074315560998,0.4412658069980864,-0.01516369320201702,0.0005971030823066492,0,4,0
2026092805,mert_v1,unweighted,0.25,raw,24,60,0.14004205696705144,0.4439861751124907,0.0,-0.0009149651411346216,0,4,0
2026092805,mert_v1,unweighted,0.25,prior_offset,24,60,0.14004205696705144,0.4439861751124907,0.0,-0.0009149651411346216,0,4,0
2026092805,mert_v1,unweighted,0.25,temperature,24,60,0.14082434452459855,0.44908814196540586,0.0007822875575471122,-0.00013267758358750936,0,4,0
2026092805,mert_v1,unweighted,0.25,platt,24,60,0.14095702210818606,0.45008521393261425,0.0009149651411346216,0.0,0,4,0
2026092805,mert_v1,unweighted,0.25,beta,24,60,0.14198610415375496,0.45380933389577544,0.001944047186703518,0.0010290820455688965,0,4,2
2026092805,mert_v1,unweighted,0.25,isotonic,24,60,0.14699320245198766,1.2444713951571398,0.006951145484936222,0.0060361803438016,0,4,0
2026092805,mert_v1,unweighted,0.25,ridge_platt,24,60,0.14004205696705144,0.4439861751124907,0.0,-0.0009149651411346216,0,4,0
2026092805,mert_v1,unweighted,0.5,raw,47,138,0.14004205696705144,0.4439861751124907,0.0,-0.0023689226636832983,0,4,0
2026092805,mert_v1,unweighted,0.5,prior_offset,47,138,0.14004205696705144,0.4439861751124907,0.0,-0.0023689226636832983,0,4,0
2026092805,mert_v1,unweighted,0.5,temperature,47,138,0.14145458467058242,0.4492623359422179,0.0014125277035309802,-0.0009563949601523181,0,4,0
2026092805,mert_v1,unweighted,0.5,platt,47,138,0.14241097963073474,0.4515266135923705,0.0023689226636832983,0.0,0,4,0
2026092805,mert_v1,unweighted,0.5,beta,47,138,0.14286777345773938,0.45267584166394564,0.0028257164906879406,0.00045679382700464233,0,4,1
2026092805,mert_v1,unweighted,0.5,isotonic,47,138,0.14442322589558523,0.5521328171634565,0.004381168928533796,0.002012246264850498,0,4,0
2026092805,mert_v1,unweighted,0.5,ridge_platt,47,138,0.1413148605799867,0.4478855421565986,0.0012728036129352749,-0.0010961190507480234,0,4,0
2026092805,mert_v1,unweighted,1.0,raw,94,246,0.14004205696705144,0.4439861751124907,0.0,0.0021723260707690317,0,4,0
2026092805,mert_v1,unweighted,1.0,prior_offset,94,246,0.14004205696705144,0.4439861751124907,0.0,0.0021723260707690317,0,4,0
2026092805,mert_v1,unweighted,1.0,temperature,94,246,0.13935266104525895,0.44355356321089123,-0.000689395921792485,0.0014829301489765467,0,4,0
2026092805,mert_v1,unweighted,1.0,platt,94,246,0.1378697308962824,0.44133531427193146,-0.0021723260707690317,0.0,0,4,0
2026092805,mert_v1,unweighted,1.0,beta,94,246,0.13720464090689483,0.4379696100724184,-0.002837416060156611,-0.0006650899893875795,0,4,1
2026092805,mert_v1,unweighted,1.0,isotonic,94,246,0.13862446354777858,0.5391878996500471,-0.0014175934192728612,0.0007547326514961705,0,4,0
2026092805,mert_v1,unweighted,1.0,ridge_platt,94,246,0.1381094739978678,0.4406887736116639,-0.0019325829691836383,0.00023974310158539347,0,4,0
2026092806,maest,ambient_balanced,0.25,raw,24,50,0.14652010209922944,0.44904625989442204,0.0,-0.000710527482105594,0,4,0
2026092806,maest,ambient_balanced,0.25,prior_offset,24,50,0.13973631199661932,0.4325189616727665,-0.006783790102610127,-0.007494317584715721,0,4,0
2026092806,maest,ambient_balanced,0.25,temperature,24,50,0.15263050021791147,0.4733729490411167,0.0061103981186820255,0.0053998706365764315,0,4,0
2026092806,maest,ambient_balanced,0.25,platt,24,50,0.14723062958133504,0.457746532360084,0.000710527482105594,0.0,0,4,0
2026092806,maest,ambient_balanced,0.25,beta,24,50,0.15268775504905757,0.4823818513482659,0.0061676529498281285,0.0054571254677225345,0,4,2
2026092806,maest,ambient_balanced,0.25,isotonic,24,50,0.1592565115624767,1.0886890246599,0.01273640946324725,0.012025881981141656,0,4,0
2026092806,maest,ambient_balanced,0.25,ridge_platt,24,50,0.14147829916498406,0.4365505045515633,-0.005041802934245387,-0.005752330416350981,0,4,0
2026092806,maest,ambient_balanced,0.5,raw,47,114,0.14652010209922944,0.44904625989442204,0.0,0.0014834921021873448,0,4,0
2026092806,maest,ambient_balanced,0.5,prior_offset,47,114,0.13973631199661932,0.4325189616727665,-0.006783790102610127,-0.005300298000422782,0,4,0
2026092806,maest,ambient_balanced,0.5,temperature,47,114,0.14797950536332877,0.45493625708016583,0.0014594032640993237,0.0029428953662866686,0,4,0
2026092806,maest,ambient_balanced,0.5,platt,47,114,0.1450366099970421,0.448749154240106,-0.0014834921021873448,0.0,0,4,0
2026092806,maest,ambient_balanced,0.5,beta,47,114,0.14468652031771456,0.45004003988366503,-0.0018335817815148814,-0.00035008967932753654,0,4,1
2026092806,maest,ambient_balanced,0.5,isotonic,47,114,0.15143152454648862,0.982147560189675,0.004911422447259173,0.006394914549446518,0,4,0
2026092806,maest,ambient_balanced,0.5,ridge_platt,47,114,0.1392236583546048,0.4305463285996215,-0.007296443744624653,-0.0058129516424373084,0,4,0
2026092806,maest,ambient_balanced,1.0,raw,94,240,0.14652010209922944,0.44904625989442204,0.0,0.007327882429814192,0,4,0
2026092806,maest,ambient_balanced,1.0,prior_offset,94,240,0.13973631199661932,0.4325189616727665,-0.006783790102610127,0.0005440923272040654,0,4,0
2026092806,maest,ambient_balanced,1.0,temperature,94,240,0.14695389633848424,0.4492554776268377,0.00043379423925479776,0.00776167666906899,0,4,0
2026092806,maest,ambient_balanced,1.0,platt,94,240,0.13919221966941525,0.4300380513323576,-0.007327882429814192,0.0,0,4,0
2026092806,maest,ambient_balanced,1.0,beta,94,240,0.14045180347148345,0.43630251821390065,-0.006068298627745994,0.0012595838020681982,0,4,1
2026092806,maest,ambient_balanced,1.0,isotonic,94,240,0.1436876138408733,0.819104396229174,-0.002832488258356136,0.004495394171458056,0,4,0
2026092806,maest,ambient_balanced,1.0,ridge_platt,94,240,0.1392356548648506,0.4302152834862032,-0.007284447234378849,4.343519543534291e-05,0,4,0
2026092806,maest,unweighted,0.25,raw,24,50,0.13888474434293424,0.4299907971948971,0.0,-0.008481729816183281,0,4,0
2026092806,maest,unweighted,0.25,prior_offset,24,50,0.13888474434293424,0.4299907971948971,0.0,-0.008481729816183281,0,4,0
2026092806,maest,unweighted,0.25,temperature,24,50,0.14367665443162672,0.45134311883867456,0.00479191008869248,-0.0036898197274908007,0,4,0
2026092806,maest,unweighted,0.25,platt,24,50,0.14736647415911752,0.4596051142813693,0.008481729816183281,0.0,0,4,0
2026092806,maest,unweighted,0.25,beta,24,50,0.15428472429259393,0.4937800922496249,0.015399979949659692,0.006918250133476411,0,4,3
2026092806,maest,unweighted,0.25,isotonic,24,50,0.16315276330137396,1.4113218174060977,0.02426801895843972,0.015786289142256438,0,4,0
2026092806,maest,unweighted,0.25,ridge_platt,24,50,0.14033089469334944,0.4338024468159408,0.001446150350415204,-0.007035579465768077,0,4,0
2026092806,maest,unweighted,0.5,raw,47,114,0.13888474434293424,0.4299907971948971,0.0,-0.005983441431270192,0,4,0
2026092806,maest,unweighted,0.5,prior_offset,47,114,0.13888474434293424,0.4299907971948971,0.0,-0.005983441431270192,0,4,0
2026092806,maest,unweighted,0.5,temperature,47,114,0.140831895644694,0.4380663317887204,0.0019471513017597641,-0.004036290129510428,0,4,0
2026092806,maest,unweighted,0.5,platt,47,114,0.14486818577420443,0.448886084361224,0.005983441431270192,0.0,0,4,0
2026092806,maest,unweighted,0.5,beta,47,114,0.14451388910728385,0.45018943533271544,0.005629144764349614,-0.00035429666692057826,0,4,1
2026092806,maest,unweighted,0.5,isotonic,47,114,0.1488268035293242,0.9738446704343449,0.009942059186389962,0.00395861775511977,0,4,0
2026092806,maest,unweighted,0.5,ridge_platt,47,114,0.13894961837461134,0.43019034067635253,6.487403167709793e-05,-0.005918567399593094,0,4,0
2026092806,maest,unweighted,1.0,raw,94,240,0.13888474434293424,0.4299907971948971,0.0,-0.00013169429528742116,0,4,0
2026092806,maest,unweighted,1.0,prior_offset,94,240,0.13888474434293424,0.4299907971948971,0.0,-0.00013169429528742116,0,4,0
2026092806,maest,unweighted,1.0,temperature,94,240,0.1392527986448505,0.43021282014436807,0.00036805430191624855,0.0002363600066288274,0,4,0
2026092806,maest,unweighted,1.0,platt,94,240,0.13901643863822166,0.42996468139914223,0.00013169429528742116,0.0,0,4,0
2026092806,maest,unweighted,1.0,beta,94,240,0.1403317413822658,0.4363615513324056,0.0014469970393315712,0.00131530274404415,0,4,1
2026092806,maest,unweighted,1.0,isotonic,94,240,0.1424124053116593,0.8160504523796143,0.0035276609687250604,0.0033959666734376392,0,4,0
2026092806,maest,unweighted,1.0,ridge_platt,94,240,0.13888474434293424,0.4299907971948971,0.0,-0.00013169429528742116,0,4,0
2026092806,mert_v0,ambient_balanced,0.25,raw,24,50,0.16133243001353373,0.49218086252502385,0.0,0.012221610257561688,0,4,0
2026092806,mert_v0,ambient_balanced,0.25,prior_offset,24,50,0.14729359684462,0.4578521446009264,-0.014038833168913717,-0.0018172229113520288,0,4,0
2026092806,mert_v0,ambient_balanced,0.25,temperature,24,50,0.16217132069603526,0.4975331362113437,0.0008388906825015363,0.013060500940063224,0,4,0
2026092806,mert_v0,ambient_balanced,0.25,platt,24,50,0.14911081975597204,0.46446670323943295,-0.012221610257561688,0.0,0,4,0
2026092806,mert_v0,ambient_balanced,0.25,beta,24,50,0.14965411534303227,0.4653459197485651,-0.011678314670501455,0.000543295587060233,0,4,2
2026092806,mert_v0,ambient_balanced,0.25,isotonic,24,50,0.15469673997942873,0.8255186489114054,-0.006635690034104996,0.005585920223456692,0,4,0
2026092806,mert_v0,ambient_balanced,0.25,ridge_platt,24,50,0.1475242446486316,0.45871455281988843,-0.013808185364902137,-0.0015865751073404488,0,4,0
2026092806,mert_v0,ambient_balanced,0.5,raw,47,114,0.16133243001353373,0.49218086252502385,0.0,0.012560162185859675,0,4,0
2026092806,mert_v0,ambient_balanced,0.5,prior_offset,47,114,0.14729359684462,0.4578521446009264,-0.014038833168913717,-0.0014786709830540423,0,4,0
2026092806,mert_v0,ambient_balanced,0.5,temperature,47,114,0.1616110563140788,0.49467698759885975,0.0002786263005450651,0.01283878848640474,0,4,0
2026092806,mert_v0,ambient_balanced,0.5,platt,47,114,0.14877226782767405,0.46385240456169075,-0.012560162185859675,0.0,0,4,0
2026092806,mert_v0,ambient_balanced,0.5,beta,47,114,0.14787351295410156,0.46582369455173817,-0.013458917059432168,-0.0008987548735724937,0,4,1
2026092806,mert_v0,ambient_balanced,0.5,isotonic,47,114,0.14925487438307738,0.6381840215277439,-0.012077555630456344,0.00048260655540333097,0,4,0
2026092806,mert_v0,ambient_balanced,0.5,ridge_platt,47,114,0.1473938552510485,0.4584188915065304,-0.013938574762485223,-0.0013784125766255484,0,4,0
2026092806,mert_v0,ambient_balanced,1.0,raw,94,240,0.16133243001353373,0.49218086252502385,0.0,0.015645222931493424,0,4,0
2026092806,mert_v0,ambient_balanced,1.0,prior_offset,94,240,0.14729359684462,0.4578521446009264,-0.014038833168913717,0.0016063897625797074,0,4,0
2026092806,mert_v0,ambient_balanced,1.0,temperature,94,240,0.15984693007332254,0.4859891745304315,-0.001485499940211188,0.014159722991282236,0,4,0
2026092806,mert_v0,ambient_balanced,1.0,platt,94,240,0.1456872070820403,0.45127885380741684,-0.015645222931493424,0.0,0,4,0
2026092806,mert_v0,ambient_balanced,1.0,beta,94,240,0.1461805051792853,0.45355800663740864,-0.015151924834248431,0.000493298097244993,0,4,1
2026092806,mert_v0,ambient_balanced,1.0,isotonic,94,240,0.14922759761506016,0.594577192941585,-0.01210483239847357,0.003540390533019855,0,4,0
2026092806,mert_v0,ambient_balanced,1.0,ridge_platt,94,240,0.14647789208385048,0.4540789889028736,-0.014854537929683248,0.0007906850018101763,0,4,0
2026092806,mert_v0,unweighted,0.25,raw,24,50,0.14754257592309517,0.4588845448405627,0.0,-0.0015218200266191861,0,4,0
2026092806,mert_v0,unweighted,0.25,prior_offset,24,50,0.14754257592309517,0.4588845448405627,0.0,-0.0015218200266191861,0,4,0
2026092806,mert_v0,unweighted,0.25,temperature,24,50,0.14881134779134422,0.46592648995640434,0.0012687718682490579,-0.0002530481583701283,0,4,0
2026092806,mert_v0,unweighted,0.25,platt,24,50,0.14906439594971435,0.46525018773459514,0.0015218200266191861,0.0,0,4,0
2026092806,mert_v0,unweighted,0.25,beta,24,50,0.14980391026549592,0.4664887150222645,0.0022613343424007504,0.0007395143157815642,0,4,2
2026092806,mert_v0,unweighted,0.25,isotonic,24,50,0.15469129083211972,0.7945711237140084,0.0071487149090245505,0.005626894882405364,0,4,0
2026092806,mert_v0,unweighted,0.25,ridge_platt,24,50,0.1474192278123108,0.4583153520684378,-0.00012334811078437702,-0.0016451681374035632,0,4,0
2026092806,mert_v0,unweighted,0.5,raw,47,114,0.14754257592309517,0.4588845448405627,0.0,-0.0014705432532159113,0,4,0
2026092806,mert_v0,unweighted,0.5,prior_offset,47,114,0.14754257592309517,0.4588845448405627,0.0,-0.0014705432532159113,0,4,0
2026092806,mert_v0,unweighted,0.5,temperature,47,114,0.14872047894058327,0.46556170866322116,0.0011779030174881022,-0.00029264023572780906,0,4,0
2026092806,mert_v0,unweighted,0.5,platt,47,114,0.14901311917631108,0.46495444797479424,0.0014705432532159113,0.0,0,4,0
2026092806,mert_v0,unweighted,0.5,beta,47,114,0.14822195985805234,0.46535568407449535,0.0006793839349571729,-0.0007911593182587384,0,4,1
2026092806,mert_v0,unweighted,0.5,isotonic,47,114,0.1497415563864171,0.6066790160779907,0.0021989804633219256,0.0007284372101060144,0,4,0
2026092806,mert_v0,unweighted,0.5,ridge_platt,47,114,0.14784499282912578,0.459959388126691,0.00030241690603061144,-0.0011681263471852998,0,4,0
2026092806,mert_v0,unweighted,1.0,raw,94,240,0.14754257592309517,0.4588845448405627,0.0,0.0015535473565357893,0,4,0
2026092806,mert_v0,unweighted,1.0,prior_offset,94,240,0.14754257592309517,0.4588845448405627,0.0,0.0015535473565357893,0,4,0
2026092806,mert_v0,unweighted,1.0,temperature,94,240,0.14625989111018423,0.4533106186901588,-0.0012826848129109392,0.0002708625436248502,0,4,0
2026092806,mert_v0,unweighted,1.0,platt,94,240,0.14598902856655938,0.4524907351574923,-0.0015535473565357893,0.0,0,4,0
2026092806,mert_v0,unweighted,1.0,beta,94,240,0.14658628967068174,0.45459112366652676,-0.0009562862524134241,0.0005972611041223652,0,4,2
2026092806,mert_v0,unweighted,1.0,isotonic,94,240,0.14914724357044784,0.5611197879101771,0.0016046676473526755,0.003158215003888465,0,4,0
2026092806,mert_v0,unweighted,1.0,ridge_platt,94,240,0.14672469825941387,0.4549056856970583,-0.000817877663681299,0.0007356696928544904,0,4,0
2026092806,mert_v1,ambient_balanced,0.25,raw,24,50,0.15896379194405869,0.4873524191002782,0.0,0.008539662777228618,0,4,0
2026092806,mert_v1,ambient_balanced,0.25,prior_offset,24,50,0.145750796985318,0.45399717891067715,-0.013212994958740676,-0.004673332181512058,0,4,0
2026092806,mert_v1,ambient_balanced,0.25,temperature,24,50,0.16080183268704923,0.49518142336494597,0.0018380407429905432,0.010377703520219161,0,4,0
2026092806,mert_v1,ambient_balanced,0.25,platt,24,50,0.15042412916683007,0.46994291302468794,-0.008539662777228618,0.0,0,4,0
2026092806,mert_v1,ambient_balanced,0.25,beta,24,50,0.1512187184970295,0.4740344168823689,-0.007745073447029183,0.0007945893301994356,0,4,2
2026092806,mert_v1,ambient_balanced,0.25,isotonic,24,50,0.15932563367175628,1.1841336619140195,0.00036184172769759826,0.008901504504926216,0,4,0
2026092806,mert_v1,ambient_balanced,0.25,ridge_platt,24,50,0.1462397273717887,0.4536681214139384,-0.012724064572269989,-0.00418440179504137,0,4,0
2026092806,mert_v1,ambient_balanced,0.5,raw,47,114,0.15896379194405869,0.4873524191002782,0.0,0.010802329143833195,0,4,0
2026092806,mert_v1,ambient_balanced,0.5,prior_offset,47,114,0.145750796985318,0.45399717891067715,-0.013212994958740676,-0.002410665814907481,0,4,0
2026092806,mert_v1,ambient_balanced,0.5,temperature,47,114,0.1591987715870739,0.4883159888328466,0.00023497964301522067,0.011037308786848415,0,4,0
2026092806,mert_v1,ambient_balanced,0.5,platt,47,114,0.1481614628002255,0.4594980372646025,-0.010802329143833195,0.0,0,4,0
2026092806,mert_v1,ambient_balanced,0.5,beta,47,114,0.147645403357233,0.4637621320952357,-0.011318388586825684,-0.0005160594429924892,0,4,4
2026092806,mert_v1,ambient_balanced,0.5,isotonic,47,114,0.15188848098495902,0.8803769863731656,-0.007075310959099662,0.0037270181847335326,0,4,0
2026092806,mert_v1,ambient_balanced,0.5,ridge_platt,47,114,0.14535805718455044,0.45197528163993167,-0.013605734759508242,-0.0028034056156750475,0,4,0
2026092806,mert_v1,ambient_balanced,1.0,raw,94,240,0.15896379194405869,0.4873524191002782,0.0,0.014816619075093379,0,4,0
2026092806,mert_v1,ambient_balanced,1.0,prior_offset,94,240,0.145750796985318,0.45399717891067715,-0.013212994958740676,0.0016036241163527032,0,4,0
2026092806,mert_v1,ambient_balanced,1.0,temperature,94,240,0.15760698897679704,0.4802890037781372,-0.00135680296726165,0.013459816107831729,0,4,0
2026092806,mert_v1,ambient_balanced,1.0,platt,94,240,0.1441471728689653,0.44677577432182797,-0.014816619075093379,0.0,0,4,0
2026092806,mert_v1,ambient_balanced,1.0,beta,94,240,0.14396607038363524,0.44673222019074316,-0.01499772156042345,-0.00018110248533007023,0,4,1
2026092806,mert_v1,ambient_balanced,1.0,isotonic,94,240,0.14924216209824565,0.5633066833318005,-0.00972162984581304,0.005094989229280339,0,4,0
2026092806,mert_v1,ambient_balanced,1.0,ridge_platt,94,240,0.14452576920604257,0.4495533971127154,-0.014438022738016115,0.0003785963370772638,0,4,0
2026092806,mert_v1,unweighted,0.25,raw,24,50,0.14587236722350486,0.4549246716496688,0.0,-0.004502024825030593,0,4,0
2026092806,mert_v1,unweighted,0.25,prior_offset,24,50,0.14587236722350486,0.4549246716496688,0.0,-0.004502024825030593,0,4,0
2026092806,mert_v1,unweighted,0.25,temperature,24,50,0.14840071454269993,0.46403863626134256,0.0025283473191950734,-0.0019736775058355194,0,4,0
2026092806,mert_v1,unweighted,0.25,platt,24,50,0.15037439204853545,0.4701658508007259,0.004502024825030593,0.0,0,4,0
2026092806,mert_v1,unweighted,0.25,beta,24,50,0.1507847979793083,0.47326679722794923,0.004912430755803443,0.00041040593077285026,0,4,2
2026092806,mert_v1,unweighted,0.25,isotonic,24,50,0.16093696134469485,1.1643144235148972,0.01506459412118999,0.010562569296159396,0,4,0
2026092806,mert_v1,unweighted,0.25,ridge_platt,24,50,0.14600563750875717,0.45341222072716636,0.00013327028525231266,-0.00436875453977828,0,4,0
2026092806,mert_v1,unweighted,0.5,raw,47,114,0.14587236722350486,0.4549246716496688,0.0,-0.0023906830616053365,0,4,0
2026092806,mert_v1,unweighted,0.5,prior_offset,47,114,0.14587236722350486,0.4549246716496688,0.0,-0.0023906830616053365,0,4,0
2026092806,mert_v1,unweighted,0.5,temperature,47,114,0.14729810473430205,0.4598839215535652,0.0014257375107971926,-0.0009649455508081439,0,4,0
2026092806,mert_v1,unweighted,0.5,platt,47,114,0.1482630502851102,0.46003634812865557,0.0023906830616053365,0.0,0,4,0
2026092806,mert_v1,unweighted,0.5,beta,47,114,0.14792610224068484,0.46376981078191337,0.0020537350171799806,-0.00033694804442535586,0,4,4
2026092806,mert_v1,unweighted,0.5,isotonic,47,114,0.15242457323898523,0.8807551696079012,0.006552206015480372,0.004161522953875035,0,4,0
2026092806,mert_v1,unweighted,0.5,ridge_platt,47,114,0.14574870430092968,0.4535198551518646,-0.00012366292257517952,-0.002514345984180516,0,4,0
2026092806,mert_v1,unweighted,1.0,raw,94,240,0.14587236722350486,0.4549246716496688,0.0,0.0015345247614964308,0,4,0
2026092806,mert_v1,unweighted,1.0,prior_offset,94,240,0.14587236722350486,0.4549246716496688,0.0,0.0015345247614964308,0,4,0
2026092806,mert_v1,unweighted,1.0,temperature,94,240,0.1448623557536744,0.4484852574903734,-0.0010100114698304574,0.0005245132916659734,0,4,0
2026092806,mert_v1,unweighted,1.0,platt,94,240,0.14433784246200843,0.4476855332061121,-0.0015345247614964308,0.0,0,4,0
2026092806,mert_v1,unweighted,1.0,beta,94,240,0.14436872516620544,0.44777176991958373,-0.0015036420572994147,3.088270419701611e-05,0,4,2
2026092806,mert_v1,unweighted,1.0,isotonic,94,240,0.14897625042743273,0.5614388161593435,0.0031038832039278763,0.004638407965424307,0,4,0
2026092806,mert_v1,unweighted,1.0,ridge_platt,94,240,0.1446559708300279,0.4504840156057056,-0.001216396393476954,0.00031812836801947686,0,4,0
2026092807,maest,ambient_balanced,0.25,raw,24,54,0.15233946365332104,0.4739996500140511,0.0,-0.004548315483441617,0,4,0
2026092807,maest,ambient_balanced,0.25,prior_offset,24,54,0.14713798908091638,0.4611419729691334,-0.005201474572404663,-0.00974979005584628,0,4,0
2026092807,maest,ambient_balanced,0.25,temperature,24,54,0.1527004875676759,0.477308996287839,0.0003610239143548577,-0.00418729156908676,0,4,0
2026092807,maest,ambient_balanced,0.25,platt,24,54,0.15688777913676266,0.4904991403038773,0.004548315483441617,0.0,0,4,0
2026092807,maest,ambient_balanced,0.25,beta,24,54,0.15674695007746112,0.5092364591302051,0.004407486424140072,-0.00014082905930154488,0,4,4
2026092807,maest,ambient_balanced,0.25,isotonic,24,54,0.1590600437239514,1.3777142672235736,0.0067205800706303664,0.002172264587188749,0,4,0
2026092807,maest,ambient_balanced,0.25,ridge_platt,24,54,0.15022038940891166,0.46641268837011424,-0.00211907424440938,-0.0066673897278509975,0,4,0
2026092807,maest,ambient_balanced,0.5,raw,47,102,0.15233946365332104,0.4739996500140511,0.0,0.0032959242569667313,0,4,0
2026092807,maest,ambient_balanced,0.5,prior_offset,47,102,0.14713798908091638,0.4611419729691334,-0.005201474572404663,-0.0019055503154379316,0,4,0
2026092807,maest,ambient_balanced,0.5,temperature,47,102,0.15198966898927335,0.47010847675110606,-0.00034979466404769233,0.002946129592919039,0,4,0
2026092807,maest,ambient_balanced,0.5,platt,47,102,0.1490435393963543,0.46440088523984313,-0.0032959242569667313,0.0,0,4,0
2026092807,maest,ambient_balanced,0.5,beta,47,102,0.15040711353141828,0.4807932809585229,-0.001932350121902765,0.0013635741350639663,0,4,4
2026092807,maest,ambient_balanced,0.5,isotonic,47,102,0.15035664041643643,1.0053542182699196,-0.0019828232368846177,0.0013131010200821136,0,4,0
2026092807,maest,ambient_balanced,0.5,ridge_platt,47,102,0.14728564874042327,0.45725475203035193,-0.005053814912897775,-0.0017578906559310437,0,4,0
2026092807,maest,ambient_balanced,1.0,raw,94,249,0.15233946365332104,0.4739996500140511,0.0,0.00814365032176384,0,4,0
2026092807,maest,ambient_balanced,1.0,prior_offset,94,249,0.14713798908091638,0.4611419729691334,-0.005201474572404663,0.002942175749359177,0,4,0
2026092807,maest,ambient_balanced,1.0,temperature,94,249,0.15118490572713592,0.4688659616033404,-0.001154557926185129,0.006989092395578711,0,4,0
2026092807,maest,ambient_balanced,1.0,platt,94,249,0.1441958133315572,0.45039741525674964,-0.00814365032176384,0.0,0,4,0
2026092807,maest,ambient_balanced,1.0,beta,94,249,0.14457456442963743,0.46080947297394004,-0.007764899223683619,0.0003787510980802211,0,4,1
2026092807,maest,ambient_balanced,1.0,isotonic,94,249,0.14798280174659548,1.099998289137984,-0.004356661906725567,0.0037869884150382727,0,4,0
2026092807,maest,ambient_balanced,1.0,ridge_platt,94,249,0.14377346252687342,0.4470612082368606,-0.00856600112644762,-0.00042235080468377983,0,4,0
2026092807,maest,unweighted,0.25,raw,24,54,0.14622046114657145,0.45676379106848264,0.0,-0.01072691667000028,0,4,0
2026092807,maest,unweighted,0.25,prior_offset,24,54,0.14622046114657145,0.45676379106848264,0.0,-0.01072691667000028,0,4,0
2026092807,maest,unweighted,0.25,temperature,24,54,0.14711738200260152,0.462242704830649,0.0008969208560300757,-0.009829995813970205,0,4,0
2026092807,maest,unweighted,0.25,platt,24,54,0.15694737781657173,0.4908642199558063,0.01072691667000028,0.0,0,4,0
2026092807,maest,unweighted,0.25,beta,24,54,0.15720054851713813,0.5070431370542801,0.010980087370566688,0.00025317070056640745,0,4,4
2026092807,maest,unweighted,0.25,isotonic,24,54,0.15912816768730068,1.4410061043779792,0.01290770654072923,0.0021807898707289497,0,4,0
2026092807,maest,unweighted,0.25,ridge_platt,24,54,0.1478006294167432,0.4590117226876624,0.0015801682701717668,-0.009146748399828514,0,4,0
2026092807,maest,unweighted,0.5,raw,47,102,0.14622046114657145,0.45676379106848264,0.0,-0.002719892726110257,0,4,0
2026092807,maest,unweighted,0.5,prior_offset,47,102,0.14622046114657145,0.45676379106848264,0.0,-0.002719892726110257,0,4,0
2026092807,maest,unweighted,0.5,temperature,47,102,0.1469519714417341,0.4579495553503329,0.0007315102951626629,-0.001988382430947594,0,4,0
2026092807,maest,unweighted,0.5,platt,47,102,0.1489403538726817,0.46389940749347147,0.002719892726110257,0.0,0,4,0
2026092807,maest,unweighted,0.5,beta,47,102,0.15042100223997518,0.4795032013057583,0.004200541093403731,0.0014806483672934745,0,4,4
2026092807,maest,unweighted,0.5,isotonic,47,102,0.15079567112976305,1.0701948927783937,0.004575209983191608,0.0018553172570813514,0,4,0
2026092807,maest,unweighted,0.5,ridge_platt,47,102,0.1469480505924525,0.45554167311529403,0.000727589445881055,-0.0019923032802292018,0,4,0
2026092807,maest,unweighted,1.0,raw,94,249,0.14622046114657145,0.45676379106848264,0.0,0.0021753011913104026,0,4,0
2026092807,maest,unweighted,1.0,prior_offset,94,249,0.14622046114657145,0.45676379106848264,0.0,0.0021753011913104026,0,4,0
2026092807,maest,unweighted,1.0,temperature,94,249,0.14491499468058625,0.4511945883322729,-0.0013054664659852,0.0008698347253252026,0,4,0
2026092807,maest,unweighted,1.0,platt,94,249,0.14404515995526104,0.4497158650040296,-0.0021753011913104026,0.0,0,4,0
2026092807,maest,unweighted,1.0,beta,94,249,0.14448198564623144,0.46015113844857547,-0.0017384755003400088,0.0004368256909703938,0,4,2
2026092807,maest,unweighted,1.0,isotonic,94,249,0.1478755334909993,1.0990976749657682,0.0016550723444278548,0.0038303735357382573,0,4,0
2026092807,maest,unweighted,1.0,ridge_platt,94,249,0.14407585048850496,0.44791908605688324,-0.0021446106580664814,3.0690533243921125e-05,0,4,0
2026092807,mert_v0,ambient_balanced,0.25,raw,24,54,0.16479825088136343,0.5015137543230958,0.0,-0.006157231218757636,0,4,0
2026092807,mert_v0,ambient_balanced,0.25,prior_offset,24,54,0.15728155836526705,0.48562720455172026,-0.007516692516096379,-0.013673923734854015,0,4,0
2026092807,mert_v0,ambient_balanced,0.25,temperature,24,54,0.1685770588830729,0.514362099296778,0.0037788080017094605,-0.0023784232170481756,0,4,0
2026092807,mert_v0,ambient_balanced,0.25,platt,24,54,0.17095548210012107,0.5234332376887227,0.006157231218757636,0.0,0,4,1
2026092807,mert_v0,ambient_balanced,0.25,beta,24,54,0.17172052954048656,0.5291436046484683,0.006922278659123121,0.000765047440365485,0,4,3
2026092807,mert_v0,ambient_balanced,0.25,isotonic,24,54,0.169590136272118,1.26082272538008,0.004791885390754563,-0.0013653458280030728,0,4,0
2026092807,mert_v0,ambient_balanced,0.25,ridge_platt,24,54,0.1613295166843928,0.494390695300029,-0.0034687341969706353,-0.009625965415728271,0,4,1
2026092807,mert_v0,ambient_balanced,0.5,raw,47,102,0.16479825088136343,0.5015137543230958,0.0,0.00012097974148872481,0,4,0
2026092807,mert_v0,ambient_balanced,0.5,prior_offset,47,102,0.15728155836526705,0.48562720455172026,-0.007516692516096379,-0.0073957127746076545,0,4,0
2026092807,mert_v0,ambient_balanced,0.5,temperature,47,102,0.16909285549636804,0.5144453393167995,0.00429460461500461,0.004415584356493335,0,4,0
2026092807,mert_v0,ambient_balanced,0.5,platt,47,102,0.1646772711398747,0.5065146128605106,-0.00012097974148872481,0.0,0,4,0
2026092807,mert_v0,ambient_balanced,0.5,beta,47,102,0.16423875422576495,0.5099836717084092,-0.0005594966555984848,-0.00043851691410976,0,4,3
2026092807,mert_v0,ambient_balanced,0.5,isotonic,47,102,0.16404616863568416,1.1813377815214001,-0.0007520822456792697,-0.0006311025041905449,0,4,0
2026092807,mert_v0,ambient_balanced,0.5,ridge_platt,47,102,0.15916392552057493,0.49034019502259163,-0.005634325360788506,-0.005513345619299781,0,4,0
2026092807,mert_v0,ambient_balanced,1.0,raw,94,249,0.16479825088136343,0.5015137543230958,0.0,0.006809035791735807,0,4,0
2026092807,mert_v0,ambient_balanced,1.0,prior_offset,94,249,0.15728155836526705,0.48562720455172026,-0.007516692516096379,-0.0007076567243605725,0,4,0
2026092807,mert_v0,ambient_balanced,1.0,temperature,94,249,0.1668944211782151,0.509132688547403,0.0020961702968516627,0.00890520608858747,0,4,0
2026092807,mert_v0,ambient_balanced,1.0,platt,94,249,0.15798921508962763,0.4917530066708918,-0.006809035791735807,0.0,0,4,0
2026092807,mert_v0,ambient_balanced,1.0,beta,94,249,0.15717617130580563,0.4913604954810065,-0.0076220795755578,-0.0008130437838219928,0,4,1
2026092807,mert_v0,ambient_balanced,1.0,isotonic,94,249,0.16095421727832712,0.8216741940232235,-0.003844033603036312,0.002965002188699495,0,4,0
2026092807,mert_v0,ambient_balanced,1.0,ridge_platt,94,249,0.1572728991260004,0.48491755616709614,-0.007525351755363036,-0.0007163159636272287,0,4,0
2026092807,mert_v0,unweighted,0.25,raw,24,54,0.15673593402893407,0.4832868909918918,0.0,-0.01410973750135322,0,4,0
2026092807,mert_v0,unweighted,0.25,prior_offset,24,54,0.15673593402893407,0.4832868909918918,0.0,-0.01410973750135322,0,4,0
2026092807,mert_v0,unweighted,0.25,temperature,24,54,0.1604468623047017,0.499549258129018,0.003710928275767633,-0.010398809225585587,0,4,0
2026092807,mert_v0,unweighted,0.25,platt,24,54,0.1708456715302873,0.5236639749802173,0.01410973750135322,0.0,0,4,1
2026092807,mert_v0,unweighted,0.25,beta,24,54,0.17157221836258996,0.5269402815551714,0.014836284333655886,0.0007265468323026658,0,4,3
2026092807,mert_v0,unweighted,0.25,isotonic,24,54,0.17104327714367856,1.2981387998819673,0.014307343114744492,0.0001976056133912718,0,4,0
2026092807,mert_v0,unweighted,0.25,ridge_platt,24,54,0.15970606098177167,0.4915532679922904,0.002970126952837604,-0.011139610548515616,0,4,1
2026092807,mert_v0,unweighted,0.5,raw,47,102,0.15673593402893407,0.4832868909918918,0.0,-0.007970566075439361,0,4,0
2026092807,mert_v0,unweighted,0.5,prior_offset,47,102,0.15673593402893407,0.4832868909918918,0.0,-0.007970566075439361,0,4,0
2026092807,mert_v0,unweighted,0.5,temperature,47,102,0.1618082590073447,0.5012148293443759,0.0050723249784106195,-0.002898241097028742,0,4,0
2026092807,mert_v0,unweighted,0.5,platt,47,102,0.16470650010437343,0.5067459168865697,0.007970566075439361,0.0,0,4,0
2026092807,mert_v0,unweighted,0.5,beta,47,102,0.16423873294477845,0.508788955218492,0.0075027989158443775,-0.00046776715959498394,0,4,3
2026092807,mert_v0,unweighted,0.5,isotonic,47,102,0.16495707193524584,1.2168911143940657,0.008221137906311765,0.00025057183087240364,0,4,0
2026092807,mert_v0,unweighted,0.5,ridge_platt,47,102,0.15848296301341638,0.4883699052503925,0.0017470289844823128,-0.006223537090957049,0,4,0
2026092807,mert_v0,unweighted,1.0,raw,94,249,0.15673593402893407,0.4832868909918918,0.0,-0.0011105943891649706,0,4,0
2026092807,mert_v0,unweighted,1.0,prior_offset,94,249,0.15673593402893407,0.4832868909918918,0.0,-0.0011105943891649706,0,4,0
2026092807,mert_v0,unweighted,1.0,temperature,94,249,0.1587851171782852,0.49136297228504855,0.0020491831493511248,0.0009385887601861542,0,4,0
2026092807,mert_v0,unweighted,1.0,platt,94,249,0.15784652841809904,0.4915591691504531,0.0011105943891649706,0.0,0,4,0
2026092807,mert_v0,unweighted,1.0,beta,94,249,0.15703242927158317,0.4910122994533147,0.000296495242649103,-0.0008140991465158676,0,4,1
2026092807,mert_v0,unweighted,1.0,isotonic,94,249,0.15885107353808692,0.8155391163503147,0.002115139509152847,0.0010045451199878763,0,4,0
2026092807,mert_v0,unweighted,1.0,ridge_platt,94,249,0.15719502676680208,0.48501114252050853,0.00045909273786801097,-0.0006515016512969596,0,4,0
2026092807,mert_v1,ambient_balanced,0.25,raw,24,54,0.16641340735760976,0.5052919392191318,0.0,-0.008476609014608838,0,4,0
2026092807,mert_v1,ambient_balanced,0.25,prior_offset,24,54,0.15961478622843733,0.490591618559554,-0.0067986211291724274,-0.015275230143781265,0,4,0
2026092807,mert_v1,ambient_balanced,0.25,temperature,24,54,0.17146023786348297,0.5230731224283002,0.005046830505873207,-0.0034297785087356314,0,4,0
2026092807,mert_v1,ambient_balanced,0.25,platt,24,54,0.1748900163722186,0.5374273233657176,0.008476609014608838,0.0,0,4,1
2026092807,mert_v1,ambient_balanced,0.25,beta,24,54,0.17538588455489892,0.5422526542195627,0.008972477197289164,0.0004958681826803257,0,4,3
2026092807,mert_v1,ambient_balanced,0.25,isotonic,24,54,0.17496535974031655,1.3137010524196746,0.008551952382706784,7.53433680979465e-05,0,4,0
2026092807,mert_v1,ambient_balanced,0.25,ridge_platt,24,54,0.1639780005754976,0.5006702159526156,-0.002435406782112154,-0.010912015796720992,0,4,1
2026092807,mert_v1,ambient_balanced,0.5,raw,47,102,0.16641340735760976,0.5052919392191318,0.0,-0.0016398743193835885,0,4,0
2026092807,mert_v1,ambient_balanced,0.5,prior_offset,47,102,0.15961478622843733,0.490591618559554,-0.0067986211291724274,-0.008438495448556016,0,4,0
2026092807,mert_v1,ambient_balanced,0.5,temperature,47,102,0.17155778623860954,0.5209668392714212,0.005144378880999778,0.0035045045616161896,0,4,0
2026092807,mert_v1,ambient_balanced,0.5,platt,47,102,0.16805328167699335,0.5157594305130092,0.0016398743193835885,0.0,0,4,0
2026092807,mert_v1,ambient_balanced,0.5,beta,47,102,0.16728389364015372,0.5185015695686173,0.0008704862825439641,-0.0007693880368396244,0,4,4
2026092807,mert_v1,ambient_balanced,0.5,isotonic,47,102,0.16871354278976725,1.0698816943633909,0.002300135432157485,0.0006602611127738967,0,4,0
2026092807,mert_v1,ambient_balanced,0.5,ridge_platt,47,102,0.16197942252186479,0.49678833111643017,-0.004433984835744975,-0.006073859155128564,0,4,0
2026092807,mert_v1,ambient_balanced,1.0,raw,94,249,0.16641340735760976,0.5052919392191318,0.0,0.005729068656180197,0,4,0
2026092807,mert_v1,ambient_balanced,1.0,prior_offset,94,249,0.15961478622843733,0.490591618559554,-0.0067986211291724274,-0.00106955247299223,0,4,0
2026092807,mert_v1,ambient_balanced,1.0,temperature,94,249,0.168988640009344,0.5142062534565717,0.0025752326517342328,0.00830430130791443,0,4,0
2026092807,mert_v1,ambient_balanced,1.0,platt,94,249,0.16068433870142956,0.49678191559289214,-0.005729068656180197,0.0,0,4,0
2026092807,mert_v1,ambient_balanced,1.0,beta,94,249,0.1599464385839286,0.49415910648054195,-0.006466968773681164,-0.000737900117500967,0,4,1
2026092807,mert_v1,ambient_balanced,1.0,isotonic,94,249,0.165378730986059,0.7974685403724873,-0.0010346763715507468,0.004694392284629451,0,4,0
2026092807,mert_v1,ambient_balanced,1.0,ridge_platt,94,249,0.15932613720998157,0.48871054994367963,-0.007087270147628194,-0.0013582014914479967,0,4,0
2026092807,mert_v1,unweighted,0.25,raw,24,54,0.15886962641359884,0.48778440952554386,0.0,-0.01568756855568837,0,4,0
2026092807,mert_v1,unweighted,0.25,prior_offset,24,54,0.15886962641359884,0.48778440952554386,0.0,-0.01568756855568837,0,4,0
2026092807,mert_v1,unweighted,0.25,temperature,24,54,0.16463472430028114,0.5121339311414235,0.005765097886682308,-0.009922470669006062,0,4,0
2026092807,mert_v1,unweighted,0.25,platt,24,54,0.1745571949692872,0.5369624115886928,0.01568756855568837,0.0,0,4,1
2026092807,mert_v1,unweighted,0.25,beta,24,54,0.1751344593583239,0.5391292480320081,0.016264832944725055,0.0005772643890366858,0,4,3
2026092807,mert_v1,unweighted,0.25,isotonic,24,54,0.17533809232066777,1.2256072935896685,0.016468465907068935,0.0007808973513805662,0,4,0
2026092807,mert_v1,unweighted,0.25,ridge_platt,24,54,0.16261127603625414,0.49824694633631456,0.003741649622655302,-0.011945918933033067,0,4,1
2026092807,mert_v1,unweighted,0.5,raw,47,102,0.15886962641359884,0.48778440952554386,0.0,-0.009033498334466095,0,4,0
2026092807,mert_v1,unweighted,0.5,prior_offset,47,102,0.15886962641359884,0.48778440952554386,0.0,-0.009033498334466095,0,4,0
2026092807,mert_v1,unweighted,0.5,temperature,47,102,0.16519726454559225,0.5099895474616573,0.006327638131993413,-0.002705860202472682,0,4,0
2026092807,mert_v1,unweighted,0.5,platt,47,102,0.16790312474806493,0.5154524405745481,0.009033498334466095,0.0,0,4,0
2026092807,mert_v1,unweighted,0.5,beta,47,102,0.1672017182961356,0.5173550058107387,0.008332091882536752,-0.0007014064519293428,0,4,4
2026092807,mert_v1,unweighted,0.5,isotonic,47,102,0.16963819752261586,1.0132961261058386,0.010768571109017022,0.0017350727745509276,0,4,0
2026092807,mert_v1,unweighted,0.5,ridge_platt,47,102,0.16127735558511327,0.4949299621050377,0.002407729171514439,-0.006625769162951656,0,4,0
2026092807,mert_v1,unweighted,1.0,raw,94,249,0.15886962641359884,0.48778440952554386,0.0,-0.0015870835569878061,0,4,0
2026092807,mert_v1,unweighted,1.0,prior_offset,94,249,0.15886962641359884,0.48778440952554386,0.0,-0.0015870835569878061,0,4,0
2026092807,mert_v1,unweighted,1.0,temperature,94,249,0.16146209552375113,0.49688844026503504,0.00259246911015229,0.001005385553164484,0,4,0
2026092807,mert_v1,unweighted,1.0,platt,94,249,0.16045670997058664,0.49641749286940284,0.0015870835569878061,0.0,0,4,0
2026092807,mert_v1,unweighted,1.0,beta,94,249,0.15989350627911642,0.49417026075296305,0.0010238798655175796,-0.0005632036914702265,0,4,1
2026092807,mert_v1,unweighted,1.0,isotonic,94,249,0.1649575652451949,0.7968966460649832,0.006087938831596057,0.004500855274608251,0,4,0
2026092807,mert_v1,unweighted,1.0,ridge_platt,94,249,0.1592822273349607,0.4891776043269775,0.0004126009213618609,-0.0011744826356259452,0,4,0
2026092808,maest,ambient_balanced,0.25,raw,24,46,0.1577617197600129,0.48982818596201455,0.0,-0.0018380763858250049,0,4,0
2026092808,maest,ambient_balanced,0.25,prior_offset,24,46,0.14930965166924096,0.4709200854558397,-0.008452068090771953,-0.010290144476596957,0,4,0
2026092808,maest,ambient_balanced,0.25,temperature,24,46,0.1610448404217359,0.5176600750370933,0.0032831206617229824,0.0014450442758979776,0,4,0
2026092808,maest,ambient_balanced,0.25,platt,24,46,0.1595997961458379,0.5184681530889458,0.0018380763858250049,0.0,0,4,0
2026092808,maest,ambient_balanced,0.25,beta,24,46,0.1600507741841385,0.5309195971192454,0.0022890544241255806,0.0004509780383005757,0,4,3
2026092808,maest,ambient_balanced,0.25,isotonic,24,46,0.17176761803254523,2.396906209391365,0.014005898272532319,0.012167821886707314,0,4,0
2026092808,maest,ambient_balanced,0.25,ridge_platt,24,46,0.15084215404219226,0.47589476890949906,-0.006919565717820653,-0.008757642103645658,0,4,0
2026092808,maest,ambient_balanced,0.5,raw,47,114,0.1577617197600129,0.48982818596201455,0.0,0.003783196026737934,0,4,0
2026092808,maest,ambient_balanced,0.5,prior_offset,47,114,0.14930965166924096,0.4709200854558397,-0.008452068090771953,-0.004668872064034019,0,4,0
2026092808,maest,ambient_balanced,0.5,temperature,47,114,0.15777513567138984,0.49186626648935544,1.3415911376934986e-05,0.003796611938114869,0,4,0
2026092808,maest,ambient_balanced,0.5,platt,47,114,0.15397852373327497,0.48343506557828636,-0.003783196026737934,0.0,0,4,0
2026092808,maest,ambient_balanced,0.5,beta,47,114,0.1534128508731166,0.48582730529852564,-0.004348868886896312,-0.0005656728601583783,0,4,1
2026092808,maest,ambient_balanced,0.5,isotonic,47,114,0.15962505289868417,1.438403562969698,0.0018633331386712637,0.005646529165409198,0,4,0
2026092808,maest,ambient_balanced,0.5,ridge_platt,47,114,0.14941609114074114,0.4675154689590684,-0.008345628619271767,-0.004562432592533833,0,4,0
2026092808,maest,ambient_balanced,1.0,raw,94,231,0.1577617197600129,0.48982818596201455,0.0,0.00811341743632632,0,4,0
2026092808,maest,ambient_balanced,1.0,prior_offset,94,231,0.14930965166924096,0.4709200854558397,-0.008452068090771953,-0.00033865065444563247,0,4,0
2026092808,maest,ambient_balanced,1.0,temperature,94,231,0.1578298568574436,0.4910342331999362,6.813709743069829e-05,0.008181554533757018,0,4,0
2026092808,maest,ambient_balanced,1.0,platt,94,231,0.1496483023236866,0.4699608563155444,-0.00811341743632632,0.0,0,4,0
2026092808,maest,ambient_balanced,1.0,beta,94,231,0.1487069491446373,0.46733398899868905,-0.009054770615375601,-0.0009413531790492813,0,4,0
2026092808,maest,ambient_balanced,1.0,isotonic,94,231,0.15455387263470202,0.9202305887207332,-0.0032078471253108864,0.004905570311015434,0,4,0
2026092808,maest,ambient_balanced,1.0,ridge_platt,94,231,0.14907419168524258,0.4664845822041735,-0.008687528074770329,-0.0005741106384440087,0,4,0
2026092808,maest,unweighted,0.25,raw,24,46,0.1486282310047211,0.466010943487274,0.0,-0.010648262943304065,0,4,0
2026092808,maest,unweighted,0.25,prior_offset,24,46,0.1486282310047211,0.466010943487274,0.0,-0.010648262943304065,0,4,0
2026092808,maest,unweighted,0.25,temperature,24,46,0.15267463702706888,0.4979671157452067,0.004046406022347765,-0.0066018569209563005,0,4,0
2026092808,maest,unweighted,0.25,platt,24,46,0.15927649394802518,0.5171085193567837,0.010648262943304065,0.0,0,4,0
2026092808,maest,unweighted,0.25,beta,24,46,0.15995082660373353,0.5292061028514764,0.011322595599012414,0.0006743326557083484,0,4,3
2026092808,maest,unweighted,0.25,isotonic,24,46,0.16492987216519697,2.03570136454481,0.01630164116047586,0.005653378217171795,0,4,0
2026092808,maest,unweighted,0.25,ridge_platt,24,46,0.15124305451771813,0.47603761968945135,0.002614823512997022,-0.008033439430307043,0,4,0
2026092808,maest,unweighted,0.5,raw,47,114,0.1486282310047211,0.466010943487274,0.0,-0.004857049346304376,0,4,0
2026092808,maest,unweighted,0.5,prior_offset,47,114,0.1486282310047211,0.466010943487274,0.0,-0.004857049346304376,0,4,0
2026092808,maest,unweighted,0.5,temperature,47,114,0.14870273580613969,0.4684297566802532,7.450480141857341e-05,-0.004782544544885803,0,4,0
2026092808,maest,unweighted,0.5,platt,47,114,0.1534852803510255,0.4815988026634952,0.004857049346304376,0.0,0,4,0
2026092808,maest,unweighted,0.5,beta,47,114,0.15291267646121162,0.48297941498584457,0.00428444545649051,-0.0005726038898138663,0,4,2
2026092808,maest,unweighted,0.5,isotonic,47,114,0.1570561994820887,1.27482614591324,0.008427968477367598,0.0035709191310632216,0,4,0
2026092808,maest,unweighted,0.5,ridge_platt,47,114,0.1486282310047211,0.466010943487274,0.0,-0.004857049346304376,0,4,0
2026092808,maest,unweighted,1.0,raw,94,231,0.1486282310047211,0.466010943487274,0.0,-0.0006860971506742752,0,4,0
2026092808,maest,unweighted,1.0,prior_offset,94,231,0.1486282310047211,0.466010943487274,0.0,-0.0006860971506742752,0,4,0
2026092808,maest,unweighted,1.0,temperature,94,231,0.14875294288051613,0.46755958006826126,0.0001247118757950194,-0.0005613852748792558,0,4,0
2026092808,maest,unweighted,1.0,platt,94,231,0.1493143281553954,0.468759802904442,0.0006860971506742752,0.0,0,4,0
2026092808,maest,unweighted,1.0,beta,94,231,0.14831524754015427,0.4657118655413313,-0.0003129834645668461,-0.0009990806152411214,0,4,0
2026092808,maest,unweighted,1.0,isotonic,94,231,0.15313404794029786,0.8533354223427415,0.004505816935576751,0.0038197197849024755,0,4,0
2026092808,maest,unweighted,1.0,ridge_platt,94,231,0.1486282310047211,0.466010943487274,0.0,-0.0006860971506742752,0,4,0
2026092808,mert_v0,ambient_balanced,0.25,raw,24,46,0.17127790398020662,0.5242949720196433,0.0,0.0002790462079523548,0,4,0
2026092808,mert_v0,ambient_balanced,0.25,prior_offset,24,46,0.15929369951766387,0.495189509462236,-0.011984204462542752,-0.011705158254590398,0,4,0
2026092808,mert_v0,ambient_balanced,0.25,temperature,24,46,0.17837612098603123,0.5895053676785796,0.007098217005824609,0.007377263213776963,0,4,0
2026092808,mert_v0,ambient_balanced,0.25,platt,24,46,0.17099885777225426,0.5857460251708196,-0.0002790462079523548,0.0,0,4,0
2026092808,mert_v0,ambient_balanced,0.25,beta,24,46,0.17062267369830597,0.5951026180335659,-0.0006552302819006484,-0.00037618407394829356,0,4,2
2026092808,mert_v0,ambient_balanced,0.25,isotonic,24,46,0.18037459093565503,2.4275076154616837,0.009096686955448408,0.009375733163400762,0,4,0
2026092808,mert_v0,ambient_balanced,0.25,ridge_platt,24,46,0.16498416813112032,0.5293230343871533,-0.006293735849086296,-0.006014689641133941,0,4,0
2026092808,mert_v0,ambient_balanced,0.5,raw,47,114,0.17127790398020662,0.5242949720196433,0.0,0.006096483886987442,0,4,0
2026092808,mert_v0,ambient_balanced,0.5,prior_offset,47,114,0.15929369951766387,0.495189509462236,-0.011984204462542752,-0.005887720575555311,0,4,0
2026092808,mert_v0,ambient_balanced,0.5,temperature,47,114,0.17253495742858277,0.5347989861215315,0.0012570534483761497,0.007353537335363591,0,4,0
2026092808,mert_v0,ambient_balanced,0.5,platt,47,114,0.16518142009321918,0.5171264984367392,-0.006096483886987442,0.0,0,4,0
2026092808,mert_v0,ambient_balanced,0.5,beta,47,114,0.16342476874843168,0.5176285666694505,-0.007853135231774944,-0.001756651344787502,0,4,2
2026092808,mert_v0,ambient_balanced,0.5,isotonic,47,114,0.16757431628784808,1.367469174318435,-0.00370358769235854,0.002392896194628902,0,4,0
2026092808,mert_v0,ambient_balanced,0.5,ridge_platt,47,114,0.16107697943259966,0.5000950252182695,-0.01020092454760696,-0.004104440660619518,0,4,0
2026092808,mert_v0,ambient_balanced,1.0,raw,94,231,0.17127790398020662,0.5242949720196433,0.0,0.011070412859762208,0,4,0
2026092808,mert_v0,ambient_balanced,1.0,prior_offset,94,231,0.15929369951766387,0.495189509462236,-0.011984204462542752,-0.0009137916027805448,0,4,0
2026092808,mert_v0,ambient_balanced,1.0,temperature,94,231,0.17214644974416327,0.5310560725408444,0.0008685457639566463,0.011938958623718854,0,4,0
2026092808,mert_v0,ambient_balanced,1.0,platt,94,231,0.1602074911204444,0.5038416477352731,-0.011070412859762208,0.0,0,4,0
2026092808,mert_v0,ambient_balanced,1.0,beta,94,231,0.15831745135340988,0.4963477956432402,-0.012960452626796737,-0.0018900397670345293,0,4,0
2026092808,mert_v0,ambient_balanced,1.0,isotonic,94,231,0.16170116639176657,0.8690368612809958,-0.009576737588440049,0.001493675271322159,0,4,0
2026092808,mert_v0,ambient_balanced,1.0,ridge_platt,94,231,0.16027173139512524,0.5023274644578355,-0.01100617258508138,6.424027468082683e-05,0,4,0
2026092808,mert_v0,unweighted,0.25,raw,24,46,0.158988165340716,0.49424514393006996,0.0,-0.01234597407441862,0,4,0
2026092808,mert_v0,unweighted,0.25,prior_offset,24,46,0.158988165340716,0.49424514393006996,0.0,-0.01234597407441862,0,4,0
2026092808,mert_v0,unweighted,0.25,temperature,24,46,0.16798810904210498,0.5688058338545929,0.008999943701388985,-0.003346030373029635,0,4,0
2026092808,mert_v0,unweighted,0.25,platt,24,46,0.17133413941513462,0.5876165104742924,0.01234597407441862,0.0,0,4,0
2026092808,mert_v0,unweighted,0.25,beta,24,46,0.17112938280803647,0.5943878083158987,0.01214121746732047,-0.0002047566070981499,0,4,2
2026092808,mert_v0,unweighted,0.25,isotonic,24,46,0.1832254982588162,2.6221298932285007,0.024237332918100207,0.011891358843681588,0,4,0
2026092808,mert_v0,unweighted,0.25,ridge_platt,24,46,0.16431194309469915,0.5270728588976333,0.0053237777539831554,-0.007022196320435464,0,4,0
2026092808,mert_v0,unweighted,0.5,raw,47,114,0.158988165340716,0.49424514393006996,0.0,-0.006534273791805545,0,4,0
2026092808,mert_v0,unweighted,0.5,prior_offset,47,114,0.158988165340716,0.49424514393006996,0.0,-0.006534273791805545,0,4,0
2026092808,mert_v0,unweighted,0.5,temperature,47,114,0.16019714386312578,0.5044431772020204,0.0012089785224097815,-0.005325295269395763,0,4,0
2026092808,mert_v0,unweighted,0.5,platt,47,114,0.16552243913252154,0.518545635724831,0.006534273791805545,0.0,0,4,0
2026092808,mert_v0,unweighted,0.5,beta,47,114,0.16414110794831324,0.5180087005439725,0.005152942607597244,-0.001381331184208301,0,4,2
2026092808,mert_v0,unweighted,0.5,isotonic,47,114,0.16918295186511825,1.4644736771663371,0.010194786524402255,0.00366051273259671,0,4,0
2026092808,mert_v0,unweighted,0.5,ridge_platt,47,114,0.15914382840040722,0.4962194415942605,0.00015566305969122451,-0.00637861073211432,0,4,0
2026092808,mert_v0,unweighted,1.0,raw,94,231,0.158988165340716,0.49424514393006996,0.0,-0.0014017781043616506,0,4,0
2026092808,mert_v0,unweighted,1.0,prior_offset,94,231,0.158988165340716,0.49424514393006996,0.0,-0.0014017781043616506,0,4,0
2026092808,mert_v0,unweighted,1.0,temperature,94,231,0.15932590576652056,0.4986740174115578,0.0003377404258045613,-0.0010640376785570893,0,4,0
2026092808,mert_v0,unweighted,1.0,platt,94,231,0.16038994344507765,0.504777164181527,0.0014017781043616506,0.0,0,4,0
2026092808,mert_v0,unweighted,1.0,beta,94,231,0.15913321551056728,0.497893312257536,0.0001450501698512796,-0.001256727934510371,0,4,1
2026092808,mert_v0,unweighted,1.0,isotonic,94,231,0.1631155509443032,0.9041204921426125,0.004127385603587191,0.002725607499225541,0,4,0
2026092808,mert_v0,unweighted,1.0,ridge_platt,94,231,0.1585065846117932,0.4989290866138328,-0.00048158072892279247,-0.001883358833284443,0,4,0
2026092808,mert_v1,ambient_balanced,0.25,raw,24,46,0.16900320294303134,0.5170621618140456,0.0,0.0016474394127728997,0,4,0
2026092808,mert_v1,ambient_balanced,0.25,prior_offset,24,46,0.1573124816029678,0.4880706694763595,-0.011690721340063548,-0.010043281927290648,0,4,0
2026092808,mert_v1,ambient_balanced,0.25,temperature,24,46,0.17404096282352463,0.5653420758120038,0.005037759880493292,0.006685199293266192,0,4,0
2026092808,mert_v1,ambient_balanced,0.25,platt,24,46,0.16735576353025844,0.5520090299299946,-0.0016474394127728997,0.0,0,4,0
2026092808,mert_v1,ambient_balanced,0.25,beta,24,46,0.16695003380085907,0.5540858525108862,-0.0020531691421722675,-0.0004057297293993678,0,4,0
2026092808,mert_v1,ambient_balanced,0.25,isotonic,24,46,0.17348984315388388,2.0550270628200873,0.004486640210852544,0.006134079623625444,0,4,0
2026092808,mert_v1,ambient_balanced,0.25,ridge_platt,24,46,0.1624282374028084,0.510164558181365,-0.006574965540222938,-0.004927526127450038,0,4,0
2026092808,mert_v1,ambient_balanced,0.5,raw,47,114,0.16900320294303134,0.5170621618140456,0.0,0.005759021069079218,0,4,0
2026092808,mert_v1,ambient_balanced,0.5,prior_offset,47,114,0.1573124816029678,0.4880706694763595,-0.011690721340063548,-0.00593170027098433,0,4,0
2026092808,mert_v1,ambient_balanced,0.5,temperature,47,114,0.16981774296618862,0.524903007148869,0.0008145400231572841,0.006573561092236502,0,4,0
2026092808,mert_v1,ambient_balanced,0.5,platt,47,114,0.16324418187395212,0.507373023506863,-0.005759021069079218,0.0,0,4,0
2026092808,mert_v1,ambient_balanced,0.5,beta,47,114,0.16169336997277775,0.5082890294237844,-0.007309832970253588,-0.0015508119011743704,0,4,1
2026092808,mert_v1,ambient_balanced,0.5,isotonic,47,114,0.16431972456186925,1.3299190785200055,-0.004683478381162093,0.0010755426879171248,0,4,0
2026092808,mert_v1,ambient_balanced,0.5,ridge_platt,47,114,0.15907474152882417,0.49293783279278414,-0.009928461414207168,-0.0041694403451279505,0,4,0
2026092808,mert_v1,ambient_balanced,1.0,raw,94,231,0.16900320294303134,0.5170621618140456,0.0,0.009684704476023182,0,4,0
2026092808,mert_v1,ambient_balanced,1.0,prior_offset,94,231,0.1573124816029678,0.4880706694763595,-0.011690721340063548,-0.0020060168640403664,0,4,0
2026092808,mert_v1,ambient_balanced,1.0,temperature,94,231,0.16931528875967572,0.5211742982186394,0.00031208581664438073,0.009996790292667562,0,4,0
2026092808,mert_v1,ambient_balanced,1.0,platt,94,231,0.15931849846700816,0.4980484716698711,-0.009684704476023182,0.0,0,4,0
2026092808,mert_v1,ambient_balanced,1.0,beta,94,231,0.15820629834149585,0.49287654051321816,-0.010796904601535484,-0.0011122001255123026,0,4,0
2026092808,mert_v1,ambient_balanced,1.0,isotonic,94,231,0.16255921963911932,0.9324668332773577,-0.006443983303912021,0.0032407211721111606,0,4,0
2026092808,mert_v1,ambient_balanced,1.0,ridge_platt,94,231,0.1592075936612633,0.49461513906043125,-0.009795609281768036,-0.00011090480574485473,0,4,0
2026092808,mert_v1,unweighted,0.25,raw,24,46,0.15684000169192164,0.4867639286231629,0.0,-0.010707496010828321,0,4,0
2026092808,mert_v1,unweighted,0.25,prior_offset,24,46,0.15684000169192164,0.4867639286231629,0.0,-0.010707496010828321,0,4,0
2026092808,mert_v1,unweighted,0.25,temperature,24,46,0.163414563983966,0.5413169105847986,0.006574562292044367,-0.004132933718783954,0,4,0
2026092808,mert_v1,unweighted,0.25,platt,24,46,0.16754749770274996,0.5531534089790843,0.010707496010828321,0.0,0,4,0
2026092808,mert_v1,unweighted,0.25,beta,24,46,0.16721010783891857,0.555200873360235,0.010370106146996932,-0.0003373898638313888,0,4,0
2026092808,mert_v1,unweighted,0.25,isotonic,24,46,0.17314496713051097,2.0530774381525454,0.016304965438589336,0.005597469427761015,0,4,0
2026092808,mert_v1,unweighted,0.25,ridge_platt,24,46,0.161816881756111,0.5084078797543301,0.004976880064189365,-0.005730615946638956,0,4,0
2026092808,mert_v1,unweighted,0.5,raw,47,114,0.15684000169192164,0.4867639286231629,0.0,-0.0063209543034133675,0,4,0
2026092808,mert_v1,unweighted,0.5,prior_offset,47,114,0.15684000169192164,0.4867639286231629,0.0,-0.0063209543034133675,0,4,0
2026092808,mert_v1,unweighted,0.5,temperature,47,114,0.1576457094166857,0.49348879070979723,0.0008057077247640709,-0.005515246578649297,0,4,0
2026092808,mert_v1,unweighted,0.5,platt,47,114,0.163160955995335,0.507295339123912,0.0063209543034133675,0.0,0,4,0
2026092808,mert_v1,unweighted,0.5,beta,47,114,0.16186087556257664,0.5055849749899864,0.005020873870655002,-0.001300080432758366,0,4,1
2026092808,mert_v1,unweighted,0.5,isotonic,47,114,0.1640264313270173,1.3291578638918962,0.007186429635095665,0.0008654753316822972,0,4,0
2026092808,mert_v1,unweighted,0.5,ridge_platt,47,114,0.15700333407619027,0.48826889001263163,0.00016333238426863295,-0.0061576219191447346,0,4,0
2026092808,mert_v1,unweighted,1.0,raw,94,231,0.15684000169192164,0.4867639286231629,0.0,-0.0025245636839794916,0,4,0
2026092808,mert_v1,unweighted,1.0,prior_offset,94,231,0.15684000169192164,0.4867639286231629,0.0,-0.0025245636839794916,0,4,0
2026092808,mert_v1,unweighted,1.0,temperature,94,231,0.15712370309904766,0.4898091408101074,0.00028370140712602465,-0.002240862276853467,0,4,0
2026092808,mert_v1,unweighted,1.0,platt,94,231,0.15936456537590113,0.49827125907120573,0.0025245636839794916,0.0,0,4,0
2026092808,mert_v1,unweighted,1.0,beta,94,231,0.15850987567497438,0.49291880317674497,0.0016698739830527387,-0.0008546897009267529,0,4,1
2026092808,mert_v1,unweighted,1.0,isotonic,94,231,0.1632691583509269,0.9650513662304843,0.0064291566590052585,0.003904592975025767,0,4,0
2026092808,mert_v1,unweighted,1.0,ridge_platt,94,231,0.15788054581102473,0.4918499476177436,0.0010405441191030929,-0.0014840195648763987,0,4,0
2026092809,maest,ambient_balanced,0.25,raw,24,44,0.11973691190601769,0.3874322232751393,0.0,-0.0005137569184542196,0,4,0
2026092809,maest,ambient_balanced,0.25,prior_offset,24,44,0.11048371630904573,0.3625698853711836,-0.009253195596971964,-0.009766952515426183,0,4,0
2026092809,maest,ambient_balanced,0.25,temperature,24,44,0.12304095426316854,0.40937952117985926,0.0033040423571508437,0.002790285438696624,0,4,0
2026092809,maest,ambient_balanced,0.25,platt,24,44,0.12025066882447191,0.39489096591762396,0.0005137569184542196,0.0,0,4,0
2026092809,maest,ambient_balanced,0.25,beta,24,44,0.11808393969658593,0.39149328773310393,-0.0016529722094317661,-0.0021667291278859857,0,4,2
2026092809,maest,ambient_balanced,0.25,isotonic,24,44,0.12377180810646037,1.3895129563542166,0.0040348962004426725,0.003521139281988453,0,4,0
2026092809,maest,ambient_balanced,0.25,ridge_platt,24,44,0.11329595351259251,0.37464309693626974,-0.006440958393425178,-0.0069547153118793975,0,4,0
2026092809,maest,ambient_balanced,0.5,raw,47,95,0.11973691190601769,0.3874322232751393,0.0,0.009554600965965027,0,4,0
2026092809,maest,ambient_balanced,0.5,prior_offset,47,95,0.11048371630904573,0.3625698853711836,-0.009253195596971964,0.0003014053689930629,0,4,0
2026092809,maest,ambient_balanced,0.5,temperature,47,95,0.11808344155728996,0.3816492325693579,-0.0016534703487277314,0.007901130617237295,0,4,0
2026092809,maest,ambient_balanced,0.5,platt,47,95,0.11018231094005267,0.3610173819904129,-0.009554600965965027,0.0,0,4,0
2026092809,maest,ambient_balanced,0.5,beta,47,95,0.11118735008160958,0.36678346246770493,-0.008549561824408108,0.0010050391415569182,0,4,1
2026092809,maest,ambient_balanced,0.5,isotonic,47,95,0.1148239139310051,0.8038512134923905,-0.004912997975012587,0.00464160299095244,0,4,0
2026092809,maest,ambient_balanced,0.5,ridge_platt,47,95,0.11079377627143801,0.3637622323758304,-0.008943135634579685,0.0006114653313853413,0,4,0
2026092809,maest,ambient_balanced,1.0,raw,94,231,0.11973691190601769,0.3874322232751393,0.0,0.007182897214989076,0,4,0
2026092809,maest,ambient_balanced,1.0,prior_offset,94,231,0.11048371630904573,0.3625698853711836,-0.009253195596971964,-0.002070298381982888,0,4,0
2026092809,maest,ambient_balanced,1.0,temperature,94,231,0.12059722282865058,0.39103225150457044,0.0008603109226328898,0.008043208137621966,0,4,0
2026092809,maest,ambient_balanced,1.0,platt,94,231,0.11255401469102862,0.36925190115657697,-0.007182897214989076,0.0,0,4,0
2026092809,maest,ambient_balanced,1.0,beta,94,231,0.11178810582740199,0.36928832580618043,-0.0079488060786157,-0.0007659088636266242,0,4,1
2026092809,maest,ambient_balanced,1.0,isotonic,94,231,0.11295885354768417,0.617023101874162,-0.006778058358333519,0.00040483885665555663,0,4,0
2026092809,maest,ambient_balanced,1.0,ridge_platt,94,231,0.11230040880298854,0.36912172060713466,-0.007436503103029152,-0.000253605888040076,0,4,0
2026092809,maest,unweighted,0.25,raw,24,44,0.1096672953056513,0.3603403847094508,0.0,-0.009877711075852905,0,4,0
2026092809,maest,unweighted,0.25,prior_offset,24,44,0.1096672953056513,0.3603403847094508,0.0,-0.009877711075852905,0,4,0
2026092809,maest,unweighted,0.25,temperature,24,44,0.11292689104111216,0.3825640902538931,0.003259595735460863,-0.006618115340392042,0,4,0
2026092809,maest,unweighted,0.25,platt,24,44,0.1195450063815042,0.3931624532360757,0.009877711075852905,0.0,0,4,0
2026092809,maest,unweighted,0.25,beta,24,44,0.11746151705124289,0.3894857154883659,0.007794221745591592,-0.0020834893302613122,0,4,2
2026092809,maest,unweighted,0.25,isotonic,24,44,0.12324969583753485,1.3884035281542513,0.01358240053188356,0.003704689456030655,0,4,0
2026092809,maest,unweighted,0.25,ridge_platt,24,44,0.11248026066160602,0.3728700851069928,0.0028129653559547246,-0.00706474571989818,0,4,0
2026092809,maest,unweighted,0.5,raw,47,95,0.1096672953056513,0.3603403847094508,0.0,9.296210472826971e-05,0,4,0
2026092809,maest,unweighted,0.5,prior_offset,47,95,0.1096672953056513,0.3603403847094508,0.0,9.296210472826971e-05,0,4,0
2026092809,maest,unweighted,0.5,temperature,47,95,0.10817904768876264,0.35599181323935725,-0.0014882476168886494,-0.0013952855121603797,0,4,0
2026092809,maest,unweighted,0.5,platt,47,95,0.10957433320092302,0.35956129986902297,-9.296210472826971e-05,0.0,0,4,0
2026092809,maest,unweighted,0.5,beta,47,95,0.11037046000748348,0.36443663904883644,0.0007031647018321818,0.0007961268065604515,0,4,1
2026092809,maest,unweighted,0.5,isotonic,47,95,0.11431534517428682,0.8022662907862412,0.004648049868635526,0.004741011973363796,0,4,0
2026092809,maest,unweighted,0.5,ridge_platt,47,95,0.10956732407959634,0.359954446401653,-9.997122605495679e-05,-7.009121326687073e-06,0,4,0
2026092809,maest,unweighted,1.0,raw,94,231,0.1096672953056513,0.3603403847094508,0.0,-0.0022486605102464696,0,4,0
2026092809,maest,unweighted,1.0,prior_offset,94,231,0.1096672953056513,0.3603403847094508,0.0,-0.0022486605102464696,0,4,0
2026092809,maest,unweighted,1.0,temperature,94,231,0.11054660155143313,0.36413305283369996,0.0008793062457818357,-0.001369354264464634,0,4,0
2026092809,maest,unweighted,1.0,platt,94,231,0.11191595581589776,0.3676657070106024,0.0022486605102464696,0.0,0,4,0
2026092809,maest,unweighted,1.0,beta,94,231,0.111254854265784,0.36703255762275866,0.0015875589601327122,-0.0006611015501137574,0,4,1
2026092809,maest,unweighted,1.0,isotonic,94,231,0.11321339337177155,0.6173665751584787,0.0035460980661202596,0.00129743755587379,0,4,0
2026092809,maest,unweighted,1.0,ridge_platt,94,231,0.11179151382776227,0.36787628037758074,0.0021242185221109766,-0.000124441988135493,0,4,0
2026092809,mert_v0,ambient_balanced,0.25,raw,24,44,0.1405743602262434,0.4407907257844385,0.0,0.012228831208183216,0,4,0
2026092809,mert_v0,ambient_balanced,0.25,prior_offset,24,44,0.1256838693887702,0.4035797394586888,-0.014890490837473208,-0.002661659629289992,0,4,0
2026092809,mert_v0,ambient_balanced,0.25,temperature,24,44,0.1397263920961604,0.4455258851708359,-0.0008479681300830044,0.011380863078100212,0,4,0
2026092809,mert_v0,ambient_balanced,0.25,platt,24,44,0.12834552901806018,0.4126247876322344,-0.012228831208183216,0.0,0,4,0
2026092809,mert_v0,ambient_balanced,0.25,beta,24,44,0.12588005400460317,0.40515086810577744,-0.014694306221640224,-0.002465475013457008,0,4,4
2026092809,mert_v0,ambient_balanced,0.25,isotonic,24,44,0.12968819475949767,1.002307411195859,-0.010886165466745729,0.0013426657414374876,0,4,0
2026092809,mert_v0,ambient_balanced,0.25,ridge_platt,24,44,0.12738048870816618,0.4108242087091315,-0.013193871518077216,-0.0009650403098939997,0,4,0
2026092809,mert_v0,ambient_balanced,0.5,raw,47,95,0.1405743602262434,0.4407907257844385,0.0,0.017368946111424213,0,4,0
2026092809,mert_v0,ambient_balanced,0.5,prior_offset,47,95,0.1256838693887702,0.4035797394586888,-0.014890490837473208,0.002478455273951005,0,4,0
2026092809,mert_v0,ambient_balanced,0.5,temperature,47,95,0.13683778241048156,0.42724332794518255,-0.003736577815761838,0.013632368295662375,0,4,0
2026092809,mert_v0,ambient_balanced,0.5,platt,47,95,0.12320541411481918,0.396468988153895,-0.017368946111424213,0.0,0,4,0
2026092809,mert_v0,ambient_balanced,0.5,beta,47,95,0.1218727734415696,0.38935364709718423,-0.01870158678467379,-0.0013326406732495771,0,4,2
2026092809,mert_v0,ambient_balanced,0.5,isotonic,47,95,0.12580792930050722,0.7751358508605248,-0.01476643092573618,0.002602515185688034,0,4,0
2026092809,mert_v0,ambient_balanced,0.5,ridge_platt,47,95,0.12433030339054697,0.40055108577748016,-0.01624405683569642,0.0011248892757277917,0,4,0
2026092809,mert_v0,ambient_balanced,1.0,raw,94,231,0.1405743602262434,0.4407907257844385,0.0,0.01663407606028916,0,4,0
2026092809,mert_v0,ambient_balanced,1.0,prior_offset,94,231,0.1256838693887702,0.4035797394586888,-0.014890490837473208,0.001743585222815952,0,4,0
2026092809,mert_v0,ambient_balanced,1.0,temperature,94,231,0.13864430686142462,0.43357723007491594,-0.0019300533648187734,0.014704022695470387,0,4,0
2026092809,mert_v0,ambient_balanced,1.0,platt,94,231,0.12394028416595423,0.39836474957104145,-0.01663407606028916,0.0,0,4,0
2026092809,mert_v0,ambient_balanced,1.0,beta,94,231,0.1217929091157526,0.3910689160851202,-0.018781451110490788,-0.0021473750502016276,0,4,2
2026092809,mert_v0,ambient_balanced,1.0,isotonic,94,231,0.1261200316723747,0.7142834849314077,-0.01445432855386869,0.0021797475064204708,0,4,0
2026092809,mert_v0,ambient_balanced,1.0,ridge_platt,94,231,0.12311412590274183,0.3958810405341004,-0.017460234323501564,-0.0008261582632124037,0,4,0
2026092809,mert_v0,unweighted,0.25,raw,24,44,0.12553800572208726,0.403919500791097,0.0,-0.0024324472829647115,0,4,0
2026092809,mert_v0,unweighted,0.25,prior_offset,24,44,0.12553800572208726,0.403919500791097,0.0,-0.0024324472829647115,0,4,0
2026092809,mert_v0,unweighted,0.25,temperature,24,44,0.12464229591300338,0.40778264378238815,-0.0008957098090838778,-0.0033281570920485892,0,4,0
2026092809,mert_v0,unweighted,0.25,platt,24,44,0.12797045300505197,0.41171580253121953,0.0024324472829647115,0.0,0,4,0
2026092809,mert_v0,unweighted,0.25,beta,24,44,0.12568955958733616,0.40503649463893354,0.00015155386524889902,-0.0022808934177158124,0,4,4
2026092809,mert_v0,unweighted,0.25,isotonic,24,44,0.1290219522001603,0.9692285535629587,0.003483946478073041,0.0010514991951083297,0,4,0
2026092809,mert_v0,unweighted,0.25,ridge_platt,24,44,0.12675524495024884,0.40949449463188725,0.0012172392281615818,-0.0012152080548031297,0,4,0
2026092809,mert_v0,unweighted,0.5,raw,47,95,0.12553800572208726,0.403919500791097,0.0,0.0024624261265109165,0,4,0
2026092809,mert_v0,unweighted,0.5,prior_offset,47,95,0.12553800572208726,0.403919500791097,0.0,0.0024624261265109165,0,4,0
2026092809,mert_v0,unweighted,0.5,temperature,47,95,0.12195629870519029,0.39148602964885076,-0.0035817070168969734,-0.0011192808903860568,0,4,0
2026092809,mert_v0,unweighted,0.5,platt,47,95,0.12307557959557634,0.3961969263126156,-0.0024624261265109165,0.0,0,4,0
2026092809,mert_v0,unweighted,0.5,beta,47,95,0.12168437931146378,0.3892485345573937,-0.0038536264106234785,-0.001391200284112562,0,4,2
2026092809,mert_v0,unweighted,0.5,isotonic,47,95,0.12589118773970087,0.7431337754714102,0.00035318201761361245,0.002815608144124529,0,4,0
2026092809,mert_v0,unweighted,0.5,ridge_platt,47,95,0.12321929668583403,0.39736593593310837,-0.0023187090362532248,0.00014371709025769175,0,4,0
2026092809,mert_v0,unweighted,1.0,raw,94,231,0.12553800572208726,0.403919500791097,0.0,0.001865730915284275,0,4,0
2026092809,mert_v0,unweighted,1.0,prior_offset,94,231,0.12553800572208726,0.403919500791097,0.0,0.001865730915284275,0,4,0
2026092809,mert_v0,unweighted,1.0,temperature,94,231,0.12342837261987652,0.3958510986475096,-0.0021096331022107395,-0.0002439021869264646,0,4,0
2026092809,mert_v0,unweighted,1.0,platt,94,231,0.12367227480680298,0.39779087800675006,-0.001865730915284275,0.0,0,4,0
2026092809,mert_v0,unweighted,1.0,beta,94,231,0.12156057710442085,0.39079254073877034,-0.003977428617666409,-0.0021116977023821343,0,4,2
2026092809,mert_v0,unweighted,1.0,isotonic,94,231,0.12483658200719287,0.7111788899740176,-0.0007014237148943864,0.0011643072003898886,0,4,0
2026092809,mert_v0,unweighted,1.0,ridge_platt,94,231,0.12293391736360136,0.3958321031231826,-0.002604088358485898,-0.0007383574432016232,0,4,0
2026092809,mert_v1,ambient_balanced,0.25,raw,24,44,0.13925989836481698,0.4355131750495851,0.0,0.012100750266617971,0,4,0
2026092809,mert_v1,ambient_balanced,0.25,prior_offset,24,44,0.12361187777124769,0.39621529310071774,-0.01564802059356929,-0.0035472703269513184,0,4,0
2026092809,mert_v1,ambient_balanced,0.25,temperature,24,44,0.14000765003978405,0.44532063500494323,0.0007477516749670732,0.012848501941585044,0,4,0
2026092809,mert_v1,ambient_balanced,0.25,platt,24,44,0.127159148098199,0.4062745118320844,-0.012100750266617971,0.0,0,4,0
2026092809,mert_v1,ambient_balanced,0.25,beta,24,44,0.12847925761184595,0.4118215207389273,-0.010780640752971027,0.0013201095136469443,0,4,4
2026092809,mert_v1,ambient_balanced,0.25,isotonic,24,44,0.1380316825003249,1.4373883611963272,-0.001228215864492066,0.010872534402125905,0,4,0
2026092809,mert_v1,ambient_balanced,0.25,ridge_platt,24,44,0.1275164609544569,0.4100605793911788,-0.011743437410360075,0.00035731285625789644,0,4,0
2026092809,mert_v1,ambient_balanced,0.5,raw,47,95,0.13925989836481698,0.4355131750495851,0.0,0.01490991892962451,0,4,0
2026092809,mert_v1,ambient_balanced,0.5,prior_offset,47,95,0.12361187777124769,0.39621529310071774,-0.01564802059356929,-0.000738101663944779,0,4,0
2026092809,mert_v1,ambient_balanced,0.5,temperature,47,95,0.1373292428773748,0.42558698500315284,-0.0019306554874421733,0.012979263442182337,0,4,0
2026092809,mert_v1,ambient_balanced,0.5,platt,47,95,0.12434997943519246,0.39374691926408656,-0.01490991892962451,0.0,0,4,0
2026092809,mert_v1,ambient_balanced,0.5,beta,47,95,0.12321023658922135,0.3906302609596321,-0.016049661775595622,-0.0011397428459711118,0,4,2
2026092809,mert_v1,ambient_balanced,0.5,isotonic,47,95,0.13298007236219114,0.6323506064390497,-0.006279826002625832,0.008630092926998678,0,4,0
2026092809,mert_v1,ambient_balanced,0.5,ridge_platt,47,95,0.12304317309939708,0.391740167914459,-0.016216725265419896,-0.0013068063357953852,0,4,0
2026092809,mert_v1,ambient_balanced,1.0,raw,94,231,0.13925989836481698,0.4355131750495851,0.0,0.01353603807304335,0,4,0
2026092809,mert_v1,ambient_balanced,1.0,prior_offset,94,231,0.12361187777124769,0.39621529310071774,-0.01564802059356929,-0.00211198252052594,0,4,0
2026092809,mert_v1,ambient_balanced,1.0,temperature,94,231,0.13960624983766814,0.4344319508404905,0.00034635147285116963,0.013882389545894519,0,4,0
2026092809,mert_v1,ambient_balanced,1.0,platt,94,231,0.12572386029177363,0.3997162333399997,-0.01353603807304335,0.0,0,4,0
2026092809,mert_v1,ambient_balanced,1.0,beta,94,231,0.1246566208133789,0.3967877497198138,-0.014603277551438074,-0.0010672394783947242,0,4,2
2026092809,mert_v1,ambient_balanced,1.0,isotonic,94,231,0.1278606483057085,0.5878666993400923,-0.011399250059108468,0.0021367880139348816,0,4,0
2026092809,mert_v1,ambient_balanced,1.0,ridge_platt,94,231,0.12577561011072697,0.40134396269790035,-0.01348428825409001,5.174981895333941e-05,0,4,0
2026092809,mert_v1,unweighted,0.25,raw,24,44,0.12376648729096548,0.39732906148392777,0.0,-0.0034179039636188513,0,4,0
2026092809,mert_v1,unweighted,0.25,prior_offset,24,44,0.12376648729096548,0.39732906148392777,0.0,-0.0034179039636188513,0,4,0
2026092809,mert_v1,unweighted,0.25,temperature,24,44,0.12407902550650239,0.4052835120639686,0.00031253821553690886,-0.0031053657480819424,0,4,0
2026092809,mert_v1,unweighted,0.25,platt,24,44,0.12718439125458433,0.40650677110603617,0.0034179039636188513,0.0,0,4,0
2026092809,mert_v1,unweighted,0.25,beta,24,44,0.12855651925595604,0.41212687494033473,0.00479003196499056,0.0013721280013717085,0,4,4
2026092809,mert_v1,unweighted,0.25,isotonic,24,44,0.14080349704710043,1.5411218287936768,0.017037009756134952,0.0136191057925161,0,4,0
2026092809,mert_v1,unweighted,0.25,ridge_platt,24,44,0.1275265115826337,0.41100651767275376,0.003760024291668218,0.00034212032804936676,0,4,0
2026092809,mert_v1,unweighted,0.5,raw,47,95,0.12376648729096548,0.39732906148392777,0.0,-0.0006211850481390169,0,4,0
2026092809,mert_v1,unweighted,0.5,prior_offset,47,95,0.12376648729096548,0.39732906148392777,0.0,-0.0006211850481390169,0,4,0
2026092809,mert_v1,unweighted,0.5,temperature,47,95,0.12163615817220418,0.38758498906196837,-0.0021303291187613066,-0.0027515141669003235,0,4,0
2026092809,mert_v1,unweighted,0.5,platt,47,95,0.1243876723391045,0.3941119806347425,0.0006211850481390169,0.0,0,4,0
2026092809,mert_v1,unweighted,0.5,beta,47,95,0.12342024990856387,0.3916394031552065,-0.0003462373824016096,-0.0009674224305406265,0,4,2
2026092809,mert_v1,unweighted,0.5,isotonic,47,95,0.1350746035234358,0.7030676704311388,0.011308116232470328,0.01068693118433131,0,4,0
2026092809,mert_v1,unweighted,0.5,ridge_platt,47,95,0.12185867238487587,0.3888534005654064,-0.0019078149060896138,-0.0025289999542286307,0,4,0
2026092809,mert_v1,unweighted,1.0,raw,94,231,0.12376648729096548,0.39732906148392777,0.0,-0.0019997464053810587,0,4,0
2026092809,mert_v1,unweighted,1.0,prior_offset,94,231,0.12376648729096548,0.39732906148392777,0.0,-0.0019997464053810587,0,4,0
2026092809,mert_v1,unweighted,1.0,temperature,94,231,0.12332182631261596,0.39356617671147626,-0.0004446609783495259,-0.0024444073837305846,0,4,0
2026092809,mert_v1,unweighted,1.0,platt,94,231,0.12576623369634654,0.39996748340340005,0.0019997464053810587,0.0,0,4,0
2026092809,mert_v1,unweighted,1.0,beta,94,231,0.12470366030437141,0.3970637998554681,0.0009371730134059286,-0.0010625733919751301,0,4,2
2026092809,mert_v1,unweighted,1.0,isotonic,94,231,0.1275256591159748,0.5554741812999126,0.0037591718250093165,0.0017594254196282577,0,4,0
2026092809,mert_v1,unweighted,1.0,ridge_platt,94,231,0.12572372672506701,0.4020277133316862,0.001957239434101532,-4.250697127952674e-05,0,4,0
2026092810,maest,ambient_balanced,0.25,raw,24,66,0.15779665233543383,0.47986003293384055,0.0,-0.0074266056092020805,0,4,0
2026092810,maest,ambient_balanced,0.25,prior_offset,24,66,0.14781097550240607,0.4520582887776671,-0.009985676833027757,-0.017412282442229837,0,4,0
2026092810,maest,ambient_balanced,0.25,temperature,24,66,0.16728576139032245,0.5538023213848248,0.009489109054888617,0.0020625034456865365,0,4,0
2026092810,maest,ambient_balanced,0.25,platt,24,66,0.1652232579446359,0.6007689382905232,0.0074266056092020805,0.0,0,4,0
2026092810,maest,ambient_balanced,0.25,beta,24,66,0.16773905854512122,0.652266742771632,0.009942406209687393,0.002515800600485313,0,4,2
2026092810,maest,ambient_balanced,0.25,isotonic,24,66,0.18278606791034308,3.0699977279388944,0.024989415574909246,0.017562809965707166,0,4,0
2026092810,maest,ambient_balanced,0.25,ridge_platt,24,66,0.1627223780664049,0.5112802464941777,0.004925725730971081,-0.0025008798782309993,0,4,0
2026092810,maest,ambient_balanced,0.5,raw,47,125,0.15779665233543383,0.47986003293384055,0.0,0.006305751705231399,0,4,0
2026092810,maest,ambient_balanced,0.5,prior_offset,47,125,0.14781097550240607,0.4520582887776671,-0.009985676833027757,-0.0036799251277963574,0,4,0
2026092810,maest,ambient_balanced,0.5,temperature,47,125,0.15992182104655994,0.4960321533639117,0.002125168711126113,0.008430920416357512,0,4,0
2026092810,maest,ambient_balanced,0.5,platt,47,125,0.15149090063020243,0.47894040447165676,-0.006305751705231399,0.0,0,4,0
2026092810,maest,ambient_balanced,0.5,beta,47,125,0.15131527655629334,0.4817223335843004,-0.006481375779140486,-0.0001756240739090864,0,4,2
2026092810,maest,ambient_balanced,0.5,isotonic,47,125,0.16218006716879388,1.0434819467178942,0.00438341483336005,0.01068916653859145,0,4,0
2026092810,maest,ambient_balanced,0.5,ridge_platt,47,125,0.15057315591898232,0.46874673048152915,-0.007223496416451508,-0.0009177447112201087,0,4,0
2026092810,maest,ambient_balanced,1.0,raw,94,247,0.15779665233543383,0.47986003293384055,0.0,0.009411561777133648,0,4,0
2026092810,maest,ambient_balanced,1.0,prior_offset,94,247,0.14781097550240607,0.4520582887776671,-0.009985676833027757,-0.0005741150558941088,0,4,0
2026092810,maest,ambient_balanced,1.0,temperature,94,247,0.15740308628165872,0.4784251031954521,-0.00039356605377510734,0.00901799572335854,0,4,0
2026092810,maest,ambient_balanced,1.0,platt,94,247,0.14838509055830018,0.45379900211908164,-0.009411561777133648,0.0,0,4,0
2026092810,maest,ambient_balanced,1.0,beta,94,247,0.14836070613078,0.4549559655882061,-0.009435946204653822,-2.4384427520174334e-05,0,4,0
2026092810,maest,ambient_balanced,1.0,isotonic,94,247,0.1544006703868843,0.5704117377183963,-0.003395981948549537,0.006015579828584111,0,4,0
2026092810,maest,ambient_balanced,1.0,ridge_platt,94,247,0.147611218672223,0.452862773501847,-0.010185433663210841,-0.0007738718860771931,0,4,0
2026092810,maest,unweighted,0.25,raw,24,66,0.14778931222594177,0.4528394677721708,0.0,-0.017800150636571754,0,4,0
2026092810,maest,unweighted,0.25,prior_offset,24,66,0.14778931222594177,0.4528394677721708,0.0,-0.017800150636571754,0,4,0
2026092810,maest,unweighted,0.25,temperature,24,66,0.15870896594244527,0.5340487261143972,0.010919653716503497,-0.0068804969200682575,0,4,0
2026092810,maest,unweighted,0.25,platt,24,66,0.16558946286251353,0.6016595335350324,0.017800150636571754,0.0,0,4,0
2026092810,maest,unweighted,0.25,beta,24,66,0.16733064557609162,0.6523036103865437,0.019541333350149848,0.0017411827135780933,0,4,2
2026092810,maest,unweighted,0.25,isotonic,24,66,0.18214223052613793,3.0712986421658375,0.034352918300196156,0.0165527676636244,0,4,0
2026092810,maest,unweighted,0.25,ridge_platt,24,66,0.15453794903087936,0.49134520960503847,0.006748636804937591,-0.011051513831634163,0,4,0
2026092810,maest,unweighted,0.5,raw,47,125,0.14778931222594177,0.4528394677721708,0.0,-0.003864467378069808,0,4,0
2026092810,maest,unweighted,0.5,prior_offset,47,125,0.14778931222594177,0.4528394677721708,0.0,-0.003864467378069808,0,4,0
2026092810,maest,unweighted,0.5,temperature,47,125,0.14999613724971955,0.4711521834766687,0.002206825023777781,-0.0016576423542920271,0,4,0
2026092810,maest,unweighted,0.5,platt,47,125,0.15165377960401158,0.4794006014800084,0.003864467378069808,0.0,0,4,0
2026092810,maest,unweighted,0.5,beta,47,125,0.1512324773886084,0.48180258991055763,0.003443165162666628,-0.0004213022154031798,0,4,2
2026092810,maest,unweighted,0.5,isotonic,47,125,0.1621078797998926,1.0436497403440506,0.014318567573950836,0.010454100195881028,0,4,0
2026092810,maest,unweighted,0.5,ridge_platt,47,125,0.14980841598422837,0.4645483661272517,0.0020191037582865945,-0.0018453636197832135,0,4,0
2026092810,maest,unweighted,1.0,raw,94,247,0.14778931222594177,0.4528394677721708,0.0,-0.0008531292010344194,0,4,0
2026092810,maest,unweighted,1.0,prior_offset,94,247,0.14778931222594177,0.4528394677721708,0.0,-0.0008531292010344194,0,4,0
2026092810,maest,unweighted,1.0,temperature,94,247,0.14739175886397002,0.4519695095897153,-0.00039755336197175306,-0.0012506825630061724,0,4,0
2026092810,maest,unweighted,1.0,platt,94,247,0.1486424414269762,0.4544974036968676,0.0008531292010344194,0.0,0,4,0
2026092810,maest,unweighted,1.0,beta,94,247,0.14860589123208492,0.4557126222428679,0.0008165790061431533,-3.65501948912661e-05,0,4,0
2026092810,maest,unweighted,1.0,isotonic,94,247,0.15398621079956842,0.5692655468680168,0.006196898573626652,0.005343769372592233,0,4,0
2026092810,maest,unweighted,1.0,ridge_platt,94,247,0.14780112906815568,0.45319288796070706,1.1816842213907552e-05,-0.0008413123588205118,0,4,0
2026092810,mert_v0,ambient_balanced,0.25,raw,24,66,0.16577851642060823,0.5019798098520084,0.0,-0.006437576127600181,0,4,0
2026092810,mert_v0,ambient_balanced,0.25,prior_offset,24,66,0.15275066742423007,0.46808064436669977,-0.013027848996378155,-0.019465425123978336,0,4,0
2026092810,mert_v0,ambient_balanced,0.25,temperature,24,66,0.1733557632683927,0.547877285473115,0.0075772468477844634,0.0011396707201842826,0,4,0
2026092810,mert_v0,ambient_balanced,0.25,platt,24,66,0.1722160925482084,0.5759955261746132,0.006437576127600181,0.0,0,4,0
2026092810,mert_v0,ambient_balanced,0.25,beta,24,66,0.1729021263905053,0.5868812337683347,0.007123609969897082,0.0006860338422969015,0,4,3
2026092810,mert_v0,ambient_balanced,0.25,isotonic,24,66,0.1763603982951174,2.621548316569893,0.010581881874509175,0.004144305746908994,0,4,0
2026092810,mert_v0,ambient_balanced,0.25,ridge_platt,24,66,0.1762077355196965,0.5670242393340965,0.010429219099088283,0.003991642971488102,0,4,0
2026092810,mert_v0,ambient_balanced,0.5,raw,47,125,0.16577851642060823,0.5019798098520084,0.0,0.0036791665381185334,0,4,0
2026092810,mert_v0,ambient_balanced,0.5,prior_offset,47,125,0.15275066742423007,0.46808064436669977,-0.013027848996378155,-0.009348682458259622,0,4,0
2026092810,mert_v0,ambient_balanced,0.5,temperature,47,125,0.166269378927018,0.5075688953766105,0.0004908625064097838,0.004170029044528317,0,4,0
2026092810,mert_v0,ambient_balanced,0.5,platt,47,125,0.1620993498824897,0.5035394944738991,-0.0036791665381185334,0.0,0,4,0
2026092810,mert_v0,ambient_balanced,0.5,beta,47,125,0.16224823373726774,0.5047398612576298,-0.003530282683340491,0.00014888385477804245,0,4,1
2026092810,mert_v0,ambient_balanced,0.5,isotonic,47,125,0.16838648436305986,1.0098286551145823,0.0026079679424516333,0.006287134480570167,0,4,0
2026092810,mert_v0,ambient_balanced,0.5,ridge_platt,47,125,0.16099974761248087,0.4967634681583829,-0.004778768808127359,-0.001099602270008826,0,4,0
2026092810,mert_v0,ambient_balanced,1.0,raw,94,247,0.16577851642060823,0.5019798098520084,0.0,0.009008470511905203,0,4,0
2026092810,mert_v0,ambient_balanced,1.0,prior_offset,94,247,0.15275066742423007,0.46808064436669977,-0.013027848996378155,-0.004019378484472952,0,4,0
2026092810,mert_v0,ambient_balanced,1.0,temperature,94,247,0.16530634213343462,0.5008883000142258,-0.0004721742871736101,0.008536296224731593,0,4,0
2026092810,mert_v0,ambient_balanced,1.0,platt,94,247,0.15677004590870303,0.47870722863826076,-0.009008470511905203,0.0,0,4,0
2026092810,mert_v0,ambient_balanced,1.0,beta,94,247,0.1569699871218025,0.478064040346756,-0.00880852929880574,0.00019994121309946378,0,4,1
2026092810,mert_v0,ambient_balanced,1.0,isotonic,94,247,0.16318926868560915,0.823522746412778,-0.0025892477349990783,0.006419222776906125,0,4,0
2026092810,mert_v0,ambient_balanced,1.0,ridge_platt,94,247,0.15671741601206648,0.47839396458683237,-0.009061100408541745,-5.2629896636541273e-05,0,4,0
2026092810,mert_v0,unweighted,0.25,raw,24,66,0.15296825163079442,0.46955895807851616,0.0,-0.0189586671193486,0,4,0
2026092810,mert_v0,unweighted,0.25,prior_offset,24,66,0.15296825163079442,0.46955895807851616,0.0,-0.0189586671193486,0,4,0
2026092810,mert_v0,unweighted,0.25,temperature,24,66,0.16316237480966606,0.5251327078013491,0.010194123178871639,-0.00876454394047696,0,4,0
2026092810,mert_v0,unweighted,0.25,platt,24,66,0.17192691875014302,0.5757871100326424,0.0189586671193486,0.0,0,4,0
2026092810,mert_v0,unweighted,0.25,beta,24,66,0.17217292792984587,0.586372648715796,0.019204676299051454,0.0002460091797028552,0,4,3
2026092810,mert_v0,unweighted,0.25,isotonic,24,66,0.17733639080059027,2.6248760015342483,0.024368139169795855,0.005409472050447256,0,4,0
2026092810,mert_v0,unweighted,0.25,ridge_platt,24,66,0.1658030978354638,0.5423389105900451,0.012834846204669376,-0.006123820914679223,0,4,0
2026092810,mert_v0,unweighted,0.5,raw,47,125,0.15296825163079442,0.46955895807851616,0.0,-0.009383544973772473,0,4,0
2026092810,mert_v0,unweighted,0.5,prior_offset,47,125,0.15296825163079442,0.46955895807851616,0.0,-0.009383544973772473,0,4,0
2026092810,mert_v0,unweighted,0.5,temperature,47,125,0.15428174207826112,0.4782473649915476,0.001313490447466703,-0.00807005452630577,0,4,0
2026092810,mert_v0,unweighted,0.5,platt,47,125,0.1623517966045669,0.5043807773784512,0.009383544973772473,0.0,0,4,0
2026092810,mert_v0,unweighted,0.5,beta,47,125,0.16225761588126658,0.5053975782725229,0.009289364250472165,-9.41807233003078e-05,0,4,1
2026092810,mert_v0,unweighted,0.5,isotonic,47,125,0.16845754041559113,1.0097428949260006,0.015489288784796718,0.006105743811024245,0,4,0
2026092810,mert_v0,unweighted,0.5,ridge_platt,47,125,0.15669700732441993,0.4851170585153917,0.0037287556936255184,-0.005654789280146955,0,4,0
2026092810,mert_v0,unweighted,1.0,raw,94,247,0.15296825163079442,0.46955895807851616,0.0,-0.0040799392772645215,0,4,0
2026092810,mert_v0,unweighted,1.0,prior_offset,94,247,0.15296825163079442,0.46955895807851616,0.0,-0.0040799392772645215,0,4,0
2026092810,mert_v0,unweighted,1.0,temperature,94,247,0.15315048942694054,0.47030781448125364,0.000182237796146123,-0.0038977014811183985,0,4,0
2026092810,mert_v0,unweighted,1.0,platt,94,247,0.15704819090805894,0.47984037152991343,0.0040799392772645215,0.0,0,4,0
2026092810,mert_v0,unweighted,1.0,beta,94,247,0.15707900134782074,0.4794048728119237,0.004110749717026324,3.081043976180253e-05,0,4,1
2026092810,mert_v0,unweighted,1.0,isotonic,94,247,0.1629664828244295,0.8233346898032875,0.009998231193635077,0.005918291916370555,0,4,0
2026092810,mert_v0,unweighted,1.0,ridge_platt,94,247,0.15716510473397674,0.48035476009233924,0.004196853103182324,0.00011691382591780264,0,4,0
2026092810,mert_v1,ambient_balanced,0.25,raw,24,66,0.16527803053097506,0.5021194589789888,0.0,-0.002162456807810298,0,4,0
2026092810,mert_v1,ambient_balanced,0.25,prior_offset,24,66,0.15122857458351746,0.46765812530363826,-0.0140494559474576,-0.0162119127552679,0,4,0
2026092810,mert_v1,ambient_balanced,0.25,temperature,24,66,0.1705604694520027,0.5389740357894867,0.0052824389210276435,0.0031199821132173455,0,4,0
2026092810,mert_v1,ambient_balanced,0.25,platt,24,66,0.16744048733878536,0.5502638900719176,0.002162456807810298,0.0,0,4,0
2026092810,mert_v1,ambient_balanced,0.25,beta,24,66,0.16928187707668702,0.5666337844911612,0.004003846545711953,0.0018413897379016553,0,4,3
2026092810,mert_v1,ambient_balanced,0.25,isotonic,24,66,0.18193441992170012,2.468762637669888,0.016656389390725057,0.01449393258291476,0,4,0
2026092810,mert_v1,ambient_balanced,0.25,ridge_platt,24,66,0.17084712384731304,0.5362482605378276,0.005569093316337981,0.003406636508527683,0,4,0
2026092810,mert_v1,ambient_balanced,0.5,raw,47,125,0.16527803053097506,0.5021194589789888,0.0,0.008869465012240507,0,4,0
2026092810,mert_v1,ambient_balanced,0.5,prior_offset,47,125,0.15122857458351746,0.46765812530363826,-0.0140494559474576,-0.005179990935217094,0,4,0
2026092810,mert_v1,ambient_balanced,0.5,temperature,47,125,0.16550118510374295,0.5106474201687383,0.00022315457276789186,0.009092619585008399,0,4,0
2026092810,mert_v1,ambient_balanced,0.5,platt,47,125,0.15640856551873455,0.49458691966120527,-0.008869465012240507,0.0,0,4,0
2026092810,mert_v1,ambient_balanced,0.5,beta,47,125,0.15707071949540802,0.49777255330057557,-0.008207311035567044,0.000662153976673463,0,4,2
2026092810,mert_v1,ambient_balanced,0.5,isotonic,47,125,0.16321339608127838,1.0326968319132337,-0.0020646344496966784,0.006804830562543829,0,4,0
2026092810,mert_v1,ambient_balanced,0.5,ridge_platt,47,125,0.15711168253723706,0.4878696146499548,-0.008166347993737999,0.0007031170185025082,0,4,0
2026092810,mert_v1,ambient_balanced,1.0,raw,94,247,0.16527803053097506,0.5021194589789888,0.0,0.010765589580861212,0,4,0
2026092810,mert_v1,ambient_balanced,1.0,prior_offset,94,247,0.15122857458351746,0.46765812530363826,-0.0140494559474576,-0.0032838663665963885,0,4,0
2026092810,mert_v1,ambient_balanced,1.0,temperature,94,247,0.16521207821931727,0.5044144604213545,-6.595231165779092e-05,0.010699637269203421,0,4,0
2026092810,mert_v1,ambient_balanced,1.0,platt,94,247,0.15451244095011385,0.48148710671339456,-0.010765589580861212,0.0,0,4,0
2026092810,mert_v1,ambient_balanced,1.0,beta,94,247,0.1553745081559448,0.48216829443175,-0.009903522375030255,0.0008620672058309575,0,4,1
2026092810,mert_v1,ambient_balanced,1.0,isotonic,94,247,0.15754623281832345,0.9429775852760351,-0.007731797712651617,0.0030337918682095955,0,4,0
2026092810,mert_v1,ambient_balanced,1.0,ridge_platt,94,247,0.15410973783435553,0.4790258551134175,-0.011168292696619536,-0.00040270311575832385,0,4,0
2026092810,mert_v1,unweighted,0.25,raw,24,66,0.1513192786074931,0.4687578952047514,0.0,-0.015522512053316367,0,4,0
2026092810,mert_v1,unweighted,0.25,prior_offset,24,66,0.1513192786074931,0.4687578952047514,0.0,-0.015522512053316367,0,4,0
2026092810,mert_v1,unweighted,0.25,temperature,24,66,0.15972533472809836,0.5158121409407375,0.008406056120605243,-0.007116455932711124,0,4,0
2026092810,mert_v1,unweighted,0.25,platt,24,66,0.16684179066080948,0.5492418494604563,0.015522512053316367,0.0,0,4,0
2026092810,mert_v1,unweighted,0.25,beta,24,66,0.16798905003410763,0.5650409445677365,0.01666977142661452,0.001147259373298154,0,4,3
2026092810,mert_v1,unweighted,0.25,isotonic,24,66,0.18098798011030537,2.469284385119321,0.029668701502812256,0.014146189449495888,0,4,0
2026092810,mert_v1,unweighted,0.25,ridge_platt,24,66,0.15983426380891408,0.5114305484019386,0.008514985201420966,-0.0070075268518954015,0,4,0
2026092810,mert_v1,unweighted,0.5,raw,47,125,0.1513192786074931,0.4687578952047514,0.0,-0.005077868607169744,0,4,0
2026092810,mert_v1,unweighted,0.5,prior_offset,47,125,0.1513192786074931,0.4687578952047514,0.0,-0.005077868607169744,0,4,0
2026092810,mert_v1,unweighted,0.5,temperature,47,125,0.15208416508592817,0.4795022688212635,0.0007648864784350617,-0.0043129821287346826,0,4,0
2026092810,mert_v1,unweighted,0.5,platt,47,125,0.15639714721466286,0.49491440892631355,0.005077868607169744,0.0,0,4,0
2026092810,mert_v1,unweighted,0.5,beta,47,125,0.1567094100083935,0.4978058382622059,0.005390131400900389,0.00031226279373064436,0,4,2
2026092810,mert_v1,unweighted,0.5,isotonic,47,125,0.16410962016516895,1.0366699983697383,0.012790341557675833,0.0077124729505060885,0,4,0
2026092810,mert_v1,unweighted,0.5,ridge_platt,47,125,0.15183750480581032,0.474996688918385,0.0005182261983172065,-0.004559642408852538,0,4,0
2026092810,mert_v1,unweighted,1.0,raw,94,247,0.1513192786074931,0.4687578952047514,0.0,-0.003191386686610953,0,4,0
2026092810,mert_v1,unweighted,1.0,prior_offset,94,247,0.1513192786074931,0.4687578952047514,0.0,-0.003191386686610953,0,4,0
2026092810,mert_v1,unweighted,1.0,temperature,94,247,0.15148939027472696,0.47214450921994516,0.00017011166723385207,-0.003021275019377101,0,4,0
2026092810,mert_v1,unweighted,1.0,platt,94,247,0.15451066529410407,0.48210201941002173,0.003191386686610953,0.0,0,4,0
2026092810,mert_v1,unweighted,1.0,beta,94,247,0.15510207669547732,0.4825978041372879,0.003782798087984207,0.0005914114013732541,0,4,1
2026092810,mert_v1,unweighted,1.0,isotonic,94,247,0.15797889174614135,0.9465503967640202,0.0066596131386482404,0.0034682264520372874,0,4,0
2026092810,mert_v1,unweighted,1.0,ridge_platt,94,247,0.15398817704636308,0.47919209482770064,0.002668898438869971,-0.000522488247740982,0,4,0
2026092811,maest,ambient_balanced,0.25,raw,24,56,0.1387816513182546,0.4284445113519589,0.0,0.0007602681385061039,0,4,0
2026092811,maest,ambient_balanced,0.25,prior_offset,24,56,0.13373369504244959,0.4203786523445702,-0.00504795627580501,-0.004287688137298906,0,4,0
2026092811,maest,ambient_balanced,0.25,temperature,24,56,0.14173638778031858,0.43949850770165416,0.0029547364620639838,0.0037150046005700876,0,4,0
2026092811,maest,ambient_balanced,0.25,platt,24,56,0.1380213831797485,0.4312591761299507,-0.0007602681385061039,0.0,0,4,0
2026092811,maest,ambient_balanced,0.25,beta,24,56,0.13822053894412956,0.4334010127343888,-0.000561112374125039,0.00019915576438106486,0,4,2
2026092811,maest,ambient_balanced,0.25,isotonic,24,56,0.1510121930905312,0.9297636241563543,0.012230541772276615,0.012990809910782719,0,4,0
2026092811,maest,ambient_balanced,0.25,ridge_platt,24,56,0.13918062052187435,0.429107570938844,0.00039896920361975896,0.0011592373421258628,0,4,0
2026092811,maest,ambient_balanced,0.5,raw,47,117,0.1387816513182546,0.4284445113519589,0.0,0.004128056373384148,0,4,0
2026092811,maest,ambient_balanced,0.5,prior_offset,47,117,0.13373369504244959,0.4203786523445702,-0.00504795627580501,-0.0009198999024208621,0,4,0
2026092811,maest,ambient_balanced,0.5,temperature,47,117,0.14031465365009438,0.4364029130028807,0.0015330023318397834,0.005661058705223931,0,4,0
2026092811,maest,ambient_balanced,0.5,platt,47,117,0.13465359494487045,0.42452774747838884,-0.004128056373384148,0.0,0,4,0
2026092811,maest,ambient_balanced,0.5,beta,47,117,0.13471612857395562,0.42446214883758704,-0.004065522744298972,6.253362908517635e-05,0,4,1
2026092811,maest,ambient_balanced,0.5,isotonic,47,117,0.14794922891456325,0.7517422231761861,0.009167577596308651,0.0132956339696928,0,4,0
2026092811,maest,ambient_balanced,0.5,ridge_platt,47,117,0.13310535784480237,0.4168954403087317,-0.005676293473452221,-0.0015482371000680728,0,4,0
2026092811,maest,ambient_balanced,1.0,raw,94,247,0.1387816513182546,0.4284445113519589,0.0,0.005774100997824688,0,4,0
2026092811,maest,ambient_balanced,1.0,prior_offset,94,247,0.13373369504244959,0.4203786523445702,-0.00504795627580501,0.0007261447220196782,0,4,0
2026092811,maest,ambient_balanced,1.0,temperature,94,247,0.139282085959868,0.4312679273549267,0.0005004346416133953,0.006274535639438084,0,4,0
2026092811,maest,ambient_balanced,1.0,platt,94,247,0.1330075503204299,0.41829365689563774,-0.005774100997824688,0.0,0,4,0
2026092811,maest,ambient_balanced,1.0,beta,94,247,0.13338729782678865,0.41797250066798275,-0.005394353491465942,0.0003797475063587463,0,4,0
2026092811,maest,ambient_balanced,1.0,isotonic,94,247,0.13958525661219953,0.5353450227452671,0.0008036052939449367,0.006577706291769625,0,4,0
2026092811,maest,ambient_balanced,1.0,ridge_platt,94,247,0.13260609778211782,0.4155906720470461,-0.006175553536136774,-0.00040145253831208594,0,4,0
2026092811,maest,unweighted,0.25,raw,24,56,0.13279826042198192,0.41574751252498265,0.0,-0.005054866986226841,0,4,0
2026092811,maest,unweighted,0.25,prior_offset,24,56,0.13279826042198192,0.41574751252498265,0.0,-0.005054866986226841,0,4,0
2026092811,maest,unweighted,0.25,temperature,24,56,0.13507900326043998,0.4253772350133627,0.0022807428384580553,-0.002774124147768786,0,4,0
2026092811,maest,unweighted,0.25,platt,24,56,0.13785312740820876,0.43069335309151136,0.005054866986226841,0.0,0,4,0
2026092811,maest,unweighted,0.25,beta,24,56,0.13810429188969633,0.4329836590961855,0.005306031467714412,0.0002511644814875702,0,4,3
2026092811,maest,unweighted,0.25,isotonic,24,56,0.14881709013151515,0.921164773607705,0.016018829709533222,0.01096396272330638,0,4,0
2026092811,maest,unweighted,0.25,ridge_platt,24,56,0.13376109275401585,0.417870863650463,0.0009628323320339249,-0.0040920346541929165,0,4,0
2026092811,maest,unweighted,0.5,raw,47,117,0.13279826042198192,0.41574751252498265,0.0,-0.0016383763140908891,0,4,0
2026092811,maest,unweighted,0.5,prior_offset,47,117,0.13279826042198192,0.41574751252498265,0.0,-0.0016383763140908891,0,4,0
2026092811,maest,unweighted,0.5,temperature,47,117,0.13393872674691187,0.4213875129120884,0.0011404663249299507,-0.0004979099891609384,0,4,0
2026092811,maest,unweighted,0.5,platt,47,117,0.1344366367360728,0.4238037815547312,0.0016383763140908891,0.0,0,4,0
2026092811,maest,unweighted,0.5,beta,47,117,0.1344819901018678,0.4238019803909022,0.0016837296798858647,4.535336579497562e-05,0,4,2
2026092811,maest,unweighted,0.5,isotonic,47,117,0.1464202602525691,0.7477043388175892,0.013621999830587178,0.011983623516496289,0,4,0
2026092811,maest,unweighted,0.5,ridge_platt,47,117,0.13282469192764082,0.4156750590133539,2.643150565889707e-05,-0.001611944808431992,0,4,0
2026092811,maest,unweighted,1.0,raw,94,247,0.13279826042198192,0.41574751252498265,0.0,-3.647880738913423e-05,0,4,0
2026092811,maest,unweighted,1.0,prior_offset,94,247,0.13279826042198192,0.41574751252498265,0.0,-3.647880738913423e-05,0,4,0
2026092811,maest,unweighted,1.0,temperature,94,247,0.13290140053586116,0.41617490399033447,0.00010314011387924094,6.666130649010671e-05,0,4,0
2026092811,maest,unweighted,1.0,platt,94,247,0.13283473922937106,0.41771499646278604,3.647880738913423e-05,0.0,0,4,0
2026092811,maest,unweighted,1.0,beta,94,247,0.13319468280529087,0.4174606313875642,0.0003964223833089475,0.0003599435759198133,0,4,1
2026092811,maest,unweighted,1.0,isotonic,94,247,0.13734910353020235,0.5286321645076958,0.0045508431082204315,0.004514364300831297,0,4,0
2026092811,maest,unweighted,1.0,ridge_platt,94,247,0.13279826042198192,0.41574751252498265,0.0,-3.647880738913423e-05,0,4,0
2026092811,mert_v0,ambient_balanced,0.25,raw,24,56,0.15894291833625246,0.4847342259975982,0.0,0.004727109944303504,0,4,0
2026092811,mert_v0,ambient_balanced,0.25,prior_offset,24,56,0.14956661441926777,0.46374362487211385,-0.009376303916984685,-0.0046491939726811815,0,4,0
2026092811,mert_v0,ambient_balanced,0.25,temperature,24,56,0.1640524168620201,0.5033959001499705,0.005109498525767642,0.009836608470071145,0,4,0
2026092811,mert_v0,ambient_balanced,0.25,platt,24,56,0.15421580839194896,0.4787083991559079,-0.004727109944303504,0.0,0,4,0
2026092811,mert_v0,ambient_balanced,0.25,beta,24,56,0.15220552485002498,0.4736237945046609,-0.006737393486227483,-0.0020102835419239795,0,4,2
2026092811,mert_v0,ambient_balanced,0.25,isotonic,24,56,0.1588499590990492,0.9245911098750896,-9.29592372032606e-05,0.004634150707100243,0,4,0
2026092811,mert_v0,ambient_balanced,0.25,ridge_platt,24,56,0.14926876089760846,0.46171658164480334,-0.009674157438643999,-0.004947047494340495,0,4,0
2026092811,mert_v0,ambient_balanced,0.5,raw,47,117,0.15894291833625246,0.4847342259975982,0.0,0.010945874600551492,0,4,0
2026092811,mert_v0,ambient_balanced,0.5,prior_offset,47,117,0.14956661441926777,0.46374362487211385,-0.009376303916984685,0.0015695706835668066,0,4,0
2026092811,mert_v0,ambient_balanced,0.5,temperature,47,117,0.15974777696885498,0.4908294167584618,0.0008048586326025176,0.01175073323315401,0,4,0
2026092811,mert_v0,ambient_balanced,0.5,platt,47,117,0.14799704373570097,0.4629564634757072,-0.010945874600551492,0.0,0,4,0
2026092811,mert_v0,ambient_balanced,0.5,beta,47,117,0.14688931860079826,0.4608079464315974,-0.012053599735454196,-0.001107725134902704,0,4,3
2026092811,mert_v0,ambient_balanced,0.5,isotonic,47,117,0.15180752601076505,0.7310870275297501,-0.007135392325487405,0.0038104822750640865,0,4,0
2026092811,mert_v0,ambient_balanced,0.5,ridge_platt,47,117,0.1473246550578137,0.458272578453219,-0.011618263278438762,-0.0006723886778872701,0,4,0
2026092811,mert_v0,ambient_balanced,1.0,raw,94,247,0.15894291833625246,0.4847342259975982,0.0,0.012611407928366791,0,4,0
2026092811,mert_v0,ambient_balanced,1.0,prior_offset,94,247,0.14956661441926777,0.46374362487211385,-0.009376303916984685,0.003235104011382106,0,4,0
2026092811,mert_v0,ambient_balanced,1.0,temperature,94,247,0.15826808757428046,0.4825186268135966,-0.0006748307619720006,0.01193657716639479,0,4,0
2026092811,mert_v0,ambient_balanced,1.0,platt,94,247,0.14633151040788567,0.4554100515145303,-0.012611407928366791,0.0,0,4,0
2026092811,mert_v0,ambient_balanced,1.0,beta,94,247,0.14550285488999887,0.453313184545757,-0.013440063446253592,-0.0008286555178868005,0,4,2
2026092811,mert_v0,ambient_balanced,1.0,isotonic,94,247,0.1502135807549373,0.6304766340106586,-0.008729337581315166,0.003882070347051625,0,4,0
2026092811,mert_v0,ambient_balanced,1.0,ridge_platt,94,247,0.1470857414197308,0.45729229972848523,-0.011857176916521661,0.0007542310118451301,0,4,0
2026092811,mert_v0,unweighted,0.25,raw,24,56,0.14901259510664683,0.4615100093290929,0.0,-0.005045702025342352,0,4,0
2026092811,mert_v0,unweighted,0.25,prior_offset,24,56,0.14901259510664683,0.4615100093290929,0.0,-0.005045702025342352,0,4,0
2026092811,mert_v0,unweighted,0.25,temperature,24,56,0.15399459689991357,0.4801903632913209,0.004982001793266744,-6.37002320756086e-05,0,4,0
2026092811,mert_v0,unweighted,0.25,platt,24,56,0.15405829713198918,0.47838002605149954,0.005045702025342352,0.0,0,4,0
2026092811,mert_v0,unweighted,0.25,beta,24,56,0.15205634762448508,0.47319563065689063,0.003043752517838255,-0.002001949507504097,0,4,2
2026092811,mert_v0,unweighted,0.25,isotonic,24,56,0.16033824949024683,0.9967794475550078,0.011325654383600003,0.006279952358257651,0,4,0
2026092811,mert_v0,unweighted,0.25,ridge_platt,24,56,0.1491635604237821,0.46144260390683256,0.0001509653171352654,-0.004894736708207087,0,4,0
2026092811,mert_v0,unweighted,0.5,raw,47,117,0.14901259510664683,0.4615100093290929,0.0,0.001075671565647196,0,4,0
2026092811,mert_v0,unweighted,0.5,prior_offset,47,117,0.14901259510664683,0.4615100093290929,0.0,0.001075671565647196,0,4,0
2026092811,mert_v0,unweighted,0.5,temperature,47,117,0.14974856623229932,0.467424801916305,0.0007359711256524903,0.0018116426912996864,0,4,0
2026092811,mert_v0,unweighted,0.5,platt,47,117,0.14793692354099963,0.46281094808602885,-0.001075671565647196,0.0,0,4,0
2026092811,mert_v0,unweighted,0.5,beta,47,117,0.14678695607658013,0.4609734136077153,-0.0022256390300667006,-0.0011499674644195046,0,4,3
2026092811,mert_v0,unweighted,0.5,isotonic,47,117,0.15217618831103313,0.7324246208661936,0.0031635932043863058,0.004239264770033502,0,4,0
2026092811,mert_v0,unweighted,0.5,ridge_platt,47,117,0.14724897449439214,0.4576228064113264,-0.001763620612254685,-0.0006879490466074889,0,4,0
2026092811,mert_v0,unweighted,1.0,raw,94,247,0.14901259510664683,0.4615100093290929,0.0,0.002781330318634062,0,4,0
2026092811,mert_v0,unweighted,1.0,prior_offset,94,247,0.14901259510664683,0.4615100093290929,0.0,0.002781330318634062,0,4,0
2026092811,mert_v0,unweighted,1.0,temperature,94,247,0.14829778394517001,0.4589257511799606,-0.0007148111614768138,0.0020665191571572483,0,4,0
2026092811,mert_v0,unweighted,1.0,platt,94,247,0.14623126478801277,0.4551381134961617,-0.002781330318634062,0.0,0,4,0
2026092811,mert_v0,unweighted,1.0,beta,94,247,0.14542061918237653,0.45314043008043137,-0.0035919759242702964,-0.0008106456056362343,0,4,2
2026092811,mert_v0,unweighted,1.0,isotonic,94,247,0.15116979418478968,0.6333902436570559,0.002157199078142852,0.004938529396776914,0,4,0
2026092811,mert_v0,unweighted,1.0,ridge_platt,94,247,0.147206510857813,0.45741376850014026,-0.001806084248833828,0.0009752460698002341,0,4,0
2026092811,mert_v1,ambient_balanced,0.25,raw,24,56,0.15659990268076412,0.4788354154079728,0.0,0.0051662693161114714,0,4,0
2026092811,mert_v1,ambient_balanced,0.25,prior_offset,24,56,0.147071276519735,0.45667720677349133,-0.009528626161029119,-0.0043623568449176475,0,4,0
2026092811,mert_v1,ambient_balanced,0.25,temperature,24,56,0.16330151240537163,0.5019322640745371,0.00670160972460751,0.011867879040718982,0,4,0
2026092811,mert_v1,ambient_balanced,0.25,platt,24,56,0.15143363336465265,0.4711094173141816,-0.0051662693161114714,0.0,0,4,0
2026092811,mert_v1,ambient_balanced,0.25,beta,24,56,0.14792336303683504,0.46205167200322256,-0.008676539643929088,-0.003510270327817616,0,4,3
2026092811,mert_v1,ambient_balanced,0.25,isotonic,24,56,0.15063935208229529,0.8702489769379724,-0.005960550598468839,-0.0007942812823573675,0,4,0
2026092811,mert_v1,ambient_balanced,0.25,ridge_platt,24,56,0.14723517003734996,0.45566321840275537,-0.00936473264341417,-0.004198463327302698,0,4,0
2026092811,mert_v1,ambient_balanced,0.5,raw,47,117,0.15659990268076412,0.4788354154079728,0.0,0.011555264204913152,0,4,0
2026092811,mert_v1,ambient_balanced,0.5,prior_offset,47,117,0.147071276519735,0.45667720677349133,-0.009528626161029119,0.0020266380438840326,0,4,0
2026092811,mert_v1,ambient_balanced,0.5,temperature,47,117,0.15783618597342342,0.4844373000796981,0.0012362832926592904,0.012791547497572442,0,4,0
2026092811,mert_v1,ambient_balanced,0.5,platt,47,117,0.14504463847585097,0.45432915636394733,-0.011555264204913152,0.0,0,4,0
2026092811,mert_v1,ambient_balanced,0.5,beta,47,117,0.14372052674025815,0.4505275130958235,-0.012879375940505977,-0.0013241117355928256,0,4,3
2026092811,mert_v1,ambient_balanced,0.5,isotonic,47,117,0.14867706998215494,0.9276839196170148,-0.007922832698609189,0.0036324315063039625,0,4,0
2026092811,mert_v1,ambient_balanced,0.5,ridge_platt,47,117,0.14313514214620954,0.44622555133426667,-0.013464760534554587,-0.0019094963296414358,0,4,0
2026092811,mert_v1,ambient_balanced,1.0,raw,94,247,0.15659990268076412,0.4788354154079728,0.0,0.013230490539437367,0,4,0
2026092811,mert_v1,ambient_balanced,1.0,prior_offset,94,247,0.147071276519735,0.45667720677349133,-0.009528626161029119,0.0037018643784082483,0,4,0
2026092811,mert_v1,ambient_balanced,1.0,temperature,94,247,0.1558476054155349,0.47508307349360757,-0.0007522972652292126,0.012478193274208155,0,4,0
2026092811,mert_v1,ambient_balanced,1.0,platt,94,247,0.14336941214132676,0.4466655513241773,-0.013230490539437367,0.0,0,4,0
2026092811,mert_v1,ambient_balanced,1.0,beta,94,247,0.1427438197660704,0.44300531838048535,-0.01385608291469373,-0.0006255923752563619,0,4,2
2026092811,mert_v1,ambient_balanced,1.0,isotonic,94,247,0.14717600298512018,0.6251097190300468,-0.009423899695643945,0.0038065908437934226,0,4,0
2026092811,mert_v1,ambient_balanced,1.0,ridge_platt,94,247,0.1428568036022983,0.44431955394466105,-0.013743099078465826,-0.0005126085390284585,0,4,0
2026092811,mert_v1,unweighted,0.25,raw,24,56,0.14644131152620574,0.45443059228546234,0.0,-0.004518785333534198,0,4,0
2026092811,mert_v1,unweighted,0.25,prior_offset,24,56,0.14644131152620574,0.45443059228546234,0.0,-0.004518785333534198,0,4,0
2026092811,mert_v1,unweighted,0.25,temperature,24,56,0.15292113745540362,0.4773088924444504,0.00647982592919788,0.0019610405956636823,0,4,0
2026092811,mert_v1,unweighted,0.25,platt,24,56,0.15096009685973993,0.47000779837128226,0.004518785333534198,0.0,0,4,0
2026092811,mert_v1,unweighted,0.25,beta,24,56,0.14748446683131022,0.4611184809889102,0.0010431553051044873,-0.0034756300284297104,0,4,3
2026092811,mert_v1,unweighted,0.25,isotonic,24,56,0.15013453103227647,0.83538770657638,0.0036932195060707385,-0.0008255658274634592,0,4,0
2026092811,mert_v1,unweighted,0.25,ridge_platt,24,56,0.14663483992717635,0.4544476160319718,0.0001935284009706162,-0.0043252569325635815,0,4,0
2026092811,mert_v1,unweighted,0.5,raw,47,117,0.14644131152620574,0.45443059228546234,0.0,0.0014689330211179463,0,4,0
2026092811,mert_v1,unweighted,0.5,prior_offset,47,117,0.14644131152620574,0.45443059228546234,0.0,0.0014689330211179463,0,4,0
2026092811,mert_v1,unweighted,0.5,temperature,47,117,0.14764100778134093,0.4600980988548546,0.0011996962551351908,0.002668629276253137,0,4,0
2026092811,mert_v1,unweighted,0.5,platt,47,117,0.1449723785050878,0.4541744265541342,-0.0014689330211179463,0.0,0,4,0
2026092811,mert_v1,unweighted,0.5,beta,47,117,0.14364396396689905,0.4506648177591124,-0.00279734755930669,-0.0013284145381887436,0,4,3
2026092811,mert_v1,unweighted,0.5,isotonic,47,117,0.1487334285682516,0.9283360248845138,0.002292117042045877,0.0037610500631638233,0,4,0
2026092811,mert_v1,unweighted,0.5,ridge_platt,47,117,0.14284114715887863,0.44512025305462577,-0.003600164367327102,-0.002131231346209156,0,4,0
2026092811,mert_v1,unweighted,1.0,raw,94,247,0.14644131152620574,0.45443059228546234,0.0,0.00326530933159605,0,4,0
2026092811,mert_v1,unweighted,1.0,prior_offset,94,247,0.14644131152620574,0.45443059228546234,0.0,0.00326530933159605,0,4,0
2026092811,mert_v1,unweighted,1.0,temperature,94,247,0.14560687277615786,0.45038531082460187,-0.0008344387500478778,0.0024308705815481724,0,4,0
2026092811,mert_v1,unweighted,1.0,platt,94,247,0.1431760021946097,0.44614833356026096,-0.00326530933159605,0.0,0,4,0
2026092811,mert_v1,unweighted,1.0,beta,94,247,0.1425673748557078,0.4426482481329919,-0.0038739366704979294,-0.0006086273389018793,0,4,3
2026092811,mert_v1,unweighted,1.0,isotonic,94,247,0.1471424040327402,0.6253648142423487,0.0007010925065344675,0.003966401838130518,0,4,0
2026092811,mert_v1,unweighted,1.0,ridge_platt,94,247,0.14279386385287499,0.4439384240462012,-0.0036474476733307504,-0.0003821383417347002,0,4,0
2026092812,maest,ambient_balanced,0.25,raw,24,59,0.1437021464174832,0.4450674608891519,0.0,0.011117878913769086,0,4,0
2026092812,maest,ambient_balanced,0.25,prior_offset,24,59,0.13241893127695004,0.4215660013014773,-0.011283215140533154,-0.0001653362267640679,0,4,0
2026092812,maest,ambient_balanced,0.25,temperature,24,59,0.14353442918096226,0.44784644822829384,-0.00016771723652092563,0.01095016167724816,0,4,0
2026092812,maest,ambient_balanced,0.25,platt,24,59,0.1325842675037141,0.42441909616882245,-0.011117878913769086,0.0,0,4,0
2026092812,maest,ambient_balanced,0.25,beta,24,59,0.13476121685976367,0.45343141404388276,-0.008940929557719524,0.0021769493560495623,0,4,0
2026092812,maest,ambient_balanced,0.25,isotonic,24,59,0.1418512909212657,1.2434035796121703,-0.0018508554962174961,0.00926702341755159,0,4,0
2026092812,maest,ambient_balanced,0.25,ridge_platt,24,59,0.13095205250887465,0.4165697687851328,-0.01275009390860854,-0.0016322149948394538,0,4,0
2026092812,maest,ambient_balanced,0.5,raw,47,103,0.1437021464174832,0.4450674608891519,0.0,0.010715617685016637,0,4,0
2026092812,maest,ambient_balanced,0.5,prior_offset,47,103,0.13241893127695004,0.4215660013014773,-0.011283215140533154,-0.0005675974555165164,0,4,0
2026092812,maest,ambient_balanced,0.5,temperature,47,103,0.1436085934962793,0.44536608447114356,-9.35529212038877e-05,0.01062206476381275,0,4,0
2026092812,maest,ambient_balanced,0.5,platt,47,103,0.13298652873246655,0.42388449585208765,-0.010715617685016637,0.0,0,4,0
2026092812,maest,ambient_balanced,0.5,beta,47,103,0.1358880487680045,0.4472266283204978,-0.007814097649478685,0.0029015200355379522,0,4,0
2026092812,maest,ambient_balanced,0.5,isotonic,47,103,0.14030845905879008,1.0165626192370987,-0.0033936873586931093,0.007321930326323528,0,4,0
2026092812,maest,ambient_balanced,0.5,ridge_platt,47,103,0.1344949952925393,0.42825738202862723,-0.009207151124943885,0.001508466560072752,0,4,0
2026092812,maest,ambient_balanced,1.0,raw,94,246,0.1437021464174832,0.4450674608891519,0.0,0.011328785576865175,0,4,0
2026092812,maest,ambient_balanced,1.0,prior_offset,94,246,0.13241893127695004,0.4215660013014773,-0.011283215140533154,4.557043633202085e-05,0,4,0
2026092812,maest,ambient_balanced,1.0,temperature,94,246,0.14436653909654676,0.446017814045001,0.000664392679063569,0.011993178255928744,0,4,0
2026092812,maest,ambient_balanced,1.0,platt,94,246,0.13237336084061802,0.42025945332680337,-0.011328785576865175,0.0,0,4,0
2026092812,maest,ambient_balanced,1.0,beta,94,246,0.13564441178125758,0.43712120807676014,-0.00805773463622561,0.003271050940639564,0,4,0
2026092812,maest,ambient_balanced,1.0,isotonic,94,246,0.1406071355596169,0.988497392097373,-0.003095010857866287,0.008233774718998887,0,4,0
2026092812,maest,ambient_balanced,1.0,ridge_platt,94,246,0.1328015075197124,0.4215501059453637,-0.010900638897770792,0.0004281466790943822,0,4,0
2026092812,maest,unweighted,0.25,raw,24,59,0.13238431257675407,0.4197813590021194,0.0,1.3009865452190406e-05,0,4,0
2026092812,maest,unweighted,0.25,prior_offset,24,59,0.13238431257675407,0.4197813590021194,0.0,1.3009865452190406e-05,0,4,0
2026092812,maest,unweighted,0.25,temperature,24,59,0.13292860556523273,0.422705149446953,0.0005442929884786618,0.0005573028539308522,0,4,0
2026092812,maest,unweighted,0.25,platt,24,59,0.13237130271130187,0.4237008645177406,-1.3009865452190406e-05,0.0,0,4,0
2026092812,maest,unweighted,0.25,beta,24,59,0.13451506604311678,0.4527371043306094,0.0021307534663627115,0.002143763331814902,0,4,0
2026092812,maest,unweighted,0.25,isotonic,24,59,0.1404008964431093,1.2389801986177689,0.008016583866355231,0.008029593731807422,0,4,0
2026092812,maest,unweighted,0.25,ridge_platt,24,59,0.13189569647503976,0.41746488399188025,-0.0004886161017143009,-0.0004756062362621105,0,4,0
2026092812,maest,unweighted,0.5,raw,47,103,0.13238431257675407,0.4197813590021194,0.0,-0.0006641893758944639,0,4,0
2026092812,maest,unweighted,0.5,prior_offset,47,103,0.13238431257675407,0.4197813590021194,0.0,-0.0006641893758944639,0,4,0
2026092812,maest,unweighted,0.5,temperature,47,103,0.13277211645000414,0.4206433211549627,0.0003878038732500755,-0.00027638550264438844,0,4,0
2026092812,maest,unweighted,0.5,platt,47,103,0.13304850195264853,0.423992179575975,0.0006641893758944639,0.0,0,4,0
2026092812,maest,unweighted,0.5,beta,47,103,0.1362015986301162,0.447817561056196,0.0038172860533621233,0.0031530966774676594,0,4,0
2026092812,maest,unweighted,0.5,isotonic,47,103,0.14083433442931925,1.112692450789335,0.008450021852565187,0.007785832476670723,0,4,0
2026092812,maest,unweighted,0.5,ridge_platt,47,103,0.135021242787362,0.4295919147245418,0.0026369302106079295,0.0019727408347134656,0,4,0
2026092812,maest,unweighted,1.0,raw,94,246,0.13238431257675407,0.4197813590021194,0.0,1.936955691289599e-05,0,4,0
2026092812,maest,unweighted,1.0,prior_offset,94,246,0.13238431257675407,0.4197813590021194,0.0,1.936955691289599e-05,0,4,0
2026092812,maest,unweighted,1.0,temperature,94,246,0.13272450900891047,0.4206426983061821,0.0003401964321564088,0.0003595659890693048,0,4,0
2026092812,maest,unweighted,1.0,platt,94,246,0.13236494301984117,0.4203272379207893,-1.936955691289599e-05,0.0,0,4,0
2026092812,maest,unweighted,1.0,beta,94,246,0.13562986556767656,0.43711384900325506,0.0032455529909224956,0.0032649225478353916,0,4,0
2026092812,maest,unweighted,1.0,isotonic,94,246,0.14093765198842134,0.9571050023169885,0.008553339411667277,0.008572708968580173,0,4,0
2026092812,maest,unweighted,1.0,ridge_platt,94,246,0.13244850752259413,0.4203435151217213,6.419494584006258e-05,8.356450275295857e-05,0,4,0
2026092812,mert_v0,ambient_balanced,0.25,raw,24,59,0.15210292198823103,0.469879900902534,0.0,0.01859881935440577,0,4,0
2026092812,mert_v0,ambient_balanced,0.25,prior_offset,24,59,0.13700452802137003,0.4350864221922159,-0.015098393966860996,0.0035004253875447755,0,4,0
2026092812,mert_v0,ambient_balanced,0.25,temperature,24,59,0.1522753782375714,0.4712534020141912,0.00017245624934036918,0.01877127560374614,0,4,0
2026092812,mert_v0,ambient_balanced,0.25,platt,24,59,0.13350410263382526,0.42936926874110093,-0.01859881935440577,0.0,0,4,0
2026092812,mert_v0,ambient_balanced,0.25,beta,24,59,0.1329384101435081,0.4249873213942371,-0.019164511844722926,-0.0005656924903171545,0,4,2
2026092812,mert_v0,ambient_balanced,0.25,isotonic,24,59,0.13658050122154566,0.8065279271532582,-0.015522420766685363,0.003076398587720408,0,4,0
2026092812,mert_v0,ambient_balanced,0.25,ridge_platt,24,59,0.1370589012191203,0.4369298029096489,-0.015044020769110739,0.0035547985852950326,0,4,0
2026092812,mert_v0,ambient_balanced,0.5,raw,47,103,0.15210292198823103,0.469879900902534,0.0,0.016438603518262845,0,4,0
2026092812,mert_v0,ambient_balanced,0.5,prior_offset,47,103,0.13700452802137003,0.4350864221922159,-0.015098393966860996,0.0013402095514018497,0,4,0
2026092812,mert_v0,ambient_balanced,0.5,temperature,47,103,0.15295389038658525,0.4731244683314787,0.0008509683983542182,0.017289571916617064,0,4,0
2026092812,mert_v0,ambient_balanced,0.5,platt,47,103,0.13566431846996818,0.4344650597849227,-0.016438603518262845,0.0,0,4,0
2026092812,mert_v0,ambient_balanced,0.5,beta,47,103,0.13584756400605252,0.4364622516776193,-0.016255357982178503,0.00018324553608434213,0,4,3
2026092812,mert_v0,ambient_balanced,0.5,isotonic,47,103,0.14074231452770988,0.72492246908127,-0.011360607460521144,0.005077996057741702,0,4,0
2026092812,mert_v0,ambient_balanced,0.5,ridge_platt,47,103,0.13937003768122977,0.44197747050755665,-0.012732884307001258,0.0037057192112615878,0,4,0
2026092812,mert_v0,ambient_balanced,1.0,raw,94,246,0.15210292198823103,0.469879900902534,0.0,0.017028897592582193,0,4,0
2026092812,mert_v0,ambient_balanced,1.0,prior_offset,94,246,0.13700452802137003,0.4350864221922159,-0.015098393966860996,0.0019305036257211972,0,4,0
2026092812,mert_v0,ambient_balanced,1.0,temperature,94,246,0.1518540259213684,0.46829513864641914,-0.000248896066862625,0.016780001525719568,0,4,0
2026092812,mert_v0,ambient_balanced,1.0,platt,94,246,0.13507402439564883,0.431567013695413,-0.017028897592582193,0.0,0,4,0
2026092812,mert_v0,ambient_balanced,1.0,beta,94,246,0.13521498265648424,0.43198883182525394,-0.016887939331746787,0.0001409582608354054,0,4,1
2026092812,mert_v0,ambient_balanced,1.0,isotonic,94,246,0.13908951685810783,0.6301828778642603,-0.013013405130123196,0.004015492462458997,0,4,0
2026092812,mert_v0,ambient_balanced,1.0,ridge_platt,94,246,0.13539821412565295,0.43290185098306516,-0.016704707862578078,0.0003241897300041152,0,4,0
2026092812,mert_v0,unweighted,0.25,raw,24,59,0.13698629832185902,0.434784327617118,0.0,0.0034958793481176254,0,4,0
2026092812,mert_v0,unweighted,0.25,prior_offset,24,59,0.13698629832185902,0.434784327617118,0.0,0.0034958793481176254,0,4,0
2026092812,mert_v0,unweighted,0.25,temperature,24,59,0.1370447942283613,0.43539916906824816,5.849590650228165e-05,0.003554375254619907,0,4,0
2026092812,mert_v0,unweighted,0.25,platt,24,59,0.1334904189737414,0.42935885626068643,-0.0034958793481176254,0.0,0,4,0
2026092812,mert_v0,unweighted,0.25,beta,24,59,0.13289560729350386,0.4252342846437522,-0.004090691028355159,-0.0005948116802375336,0,4,2
2026092812,mert_v0,unweighted,0.25,isotonic,24,59,0.13635966335098043,0.8065528549893268,-0.0006266349708785868,0.0028692443772390386,0,4,0
2026092812,mert_v0,unweighted,0.25,ridge_platt,24,59,0.13345668545322253,0.42801183295430345,-0.0035296128686364836,-3.373352051885825e-05,0,4,0
2026092812,mert_v0,unweighted,0.5,raw,47,103,0.13698629832185902,0.434784327617118,0.0,0.0013237265325612146,0,4,0
2026092812,mert_v0,unweighted,0.5,prior_offset,47,103,0.13698629832185902,0.434784327617118,0.0,0.0013237265325612146,0,4,0
2026092812,mert_v0,unweighted,0.5,temperature,47,103,0.13779978476933075,0.4375688008110461,0.0008134864474717285,0.002137212980032943,0,4,0
2026092812,mert_v0,unweighted,0.5,platt,47,103,0.1356625717892978,0.4344612982037214,-0.0013237265325612146,0.0,0,4,0
2026092812,mert_v0,unweighted,0.5,beta,47,103,0.13576719400276313,0.43654228109420967,-0.0012191043190958872,0.00010462221346532741,0,4,3
2026092812,mert_v0,unweighted,0.5,isotonic,47,103,0.141116250384027,0.7889756564080576,0.004129952062167985,0.0054536785947292,0,4,0
2026092812,mert_v0,unweighted,0.5,ridge_platt,47,103,0.13948973997175163,0.44181241514285813,0.002503441649892607,0.0038271681824538217,0,4,0
2026092812,mert_v0,unweighted,1.0,raw,94,246,0.13698629832185902,0.434784327617118,0.0,0.001730180228417505,0,4,0
2026092812,mert_v0,unweighted,1.0,prior_offset,94,246,0.13698629832185902,0.434784327617118,0.0,0.001730180228417505,0,4,0
2026092812,mert_v0,unweighted,1.0,temperature,94,246,0.13667385564246493,0.43415842298510443,-0.00031244267939409265,0.0014177375490234123,0,4,0
2026092812,mert_v0,unweighted,1.0,platt,94,246,0.1352561180934415,0.43180705894475474,-0.001730180228417505,0.0,0,4,0
2026092812,mert_v0,unweighted,1.0,beta,94,246,0.13537294320727045,0.43226553355148184,-0.0016133551145885716,0.00011682511382893335,0,4,2
2026092812,mert_v0,unweighted,1.0,isotonic,94,246,0.13935966664398539,0.629868426670818,0.002373368322126368,0.004103548550543873,0,4,0
2026092812,mert_v0,unweighted,1.0,ridge_platt,94,246,0.13528666654834415,0.4323477125876985,-0.0016996317735148703,3.054845490263469e-05,0,4,0
2026092812,mert_v1,ambient_balanced,0.25,raw,24,59,0.15609270599515065,0.4783579747116902,0.0,0.019094613325929183,0,4,0
2026092812,mert_v1,ambient_balanced,0.25,prior_offset,24,59,0.1395726554230801,0.44262768222390036,-0.016520050572070566,0.002574562753858617,0,4,0
2026092812,mert_v1,ambient_balanced,0.25,temperature,24,59,0.15611126993322205,0.47997871049161345,1.8563938071397557e-05,0.01911317726400058,0,4,0
2026092812,mert_v1,ambient_balanced,0.25,platt,24,59,0.13699809266922147,0.43699169773617097,-0.019094613325929183,0.0,0,4,0
2026092812,mert_v1,ambient_balanced,0.25,beta,24,59,0.13745194156626528,0.4358381848037307,-0.018640764428885376,0.00045384889704380704,0,4,2
2026092812,mert_v1,ambient_balanced,0.25,isotonic,24,59,0.13906241384022117,0.7823326467428868,-0.01703029215492949,0.0020643211709996945,0,4,0
2026092812,mert_v1,ambient_balanced,0.25,ridge_platt,24,59,0.13558510826767975,0.43321161846526546,-0.020507597727470905,-0.0014129844015417226,0,4,0
2026092812,mert_v1,ambient_balanced,0.5,raw,47,103,0.15609270599515065,0.4783579747116902,0.0,0.017938469586704503,0,4,0
2026092812,mert_v1,ambient_balanced,0.5,prior_offset,47,103,0.1395726554230801,0.44262768222390036,-0.016520050572070566,0.001418419014633937,0,4,0
2026092812,mert_v1,ambient_balanced,0.5,temperature,47,103,0.15641800514318727,0.48030393917098446,0.00032529914803661186,0.018263768734741115,0,4,0
2026092812,mert_v1,ambient_balanced,0.5,platt,47,103,0.13815423640844615,0.4402887851227485,-0.017938469586704503,0.0,0,4,0
2026092812,mert_v1,ambient_balanced,0.5,beta,47,103,0.13877792530615873,0.44239028409976855,-0.01731478068899192,0.0006236888977125821,0,4,3
2026092812,mert_v1,ambient_balanced,0.5,isotonic,47,103,0.14328412331086493,0.6662416552465311,-0.012808582684285724,0.005129886902418779,0,4,0
2026092812,mert_v1,ambient_balanced,0.5,ridge_platt,47,103,0.1404788087034837,0.44480906307166784,-0.015613897291666956,0.002324572295037547,0,4,0
2026092812,mert_v1,ambient_balanced,1.0,raw,94,246,0.15609270599515065,0.4783579747116902,0.0,0.018045334249995715,0,4,0
2026092812,mert_v1,ambient_balanced,1.0,prior_offset,94,246,0.1395726554230801,0.44262768222390036,-0.016520050572070566,0.0015252836779251489,0,4,0
2026092812,mert_v1,ambient_balanced,1.0,temperature,94,246,0.15598616462024903,0.4779041192706192,-0.0001065413749016253,0.01793879287509409,0,4,0
2026092812,mert_v1,ambient_balanced,1.0,platt,94,246,0.13804737174515494,0.4400719295752514,-0.018045334249995715,0.0,0,4,0
2026092812,mert_v1,ambient_balanced,1.0,beta,94,246,0.13773240419209812,0.4402426655946172,-0.018360301803052537,-0.0003149675530568219,0,4,0
2026092812,mert_v1,ambient_balanced,1.0,isotonic,94,246,0.14070798141296564,0.5419157271234466,-0.015384724582185011,0.002660609667810704,0,4,0
2026092812,mert_v1,ambient_balanced,1.0,ridge_platt,94,246,0.1379266996436977,0.43987519890430277,-0.018166006351452962,-0.0001206721014572476,0,4,0
2026092812,mert_v1,unweighted,0.25,raw,24,59,0.13929383309610371,0.44130967383564135,0.0,0.002365275118635407,0,4,0
2026092812,mert_v1,unweighted,0.25,prior_offset,24,59,0.13929383309610371,0.44130967383564135,0.0,0.002365275118635407,0,4,0
2026092812,mert_v1,unweighted,0.25,temperature,24,59,0.1395509511020593,0.44265611156570556,0.00025711800595559775,0.002622393124591005,0,4,0
2026092812,mert_v1,unweighted,0.25,platt,24,59,0.1369285579774683,0.43682656322490965,-0.002365275118635407,0.0,0,4,0
2026092812,mert_v1,unweighted,0.25,beta,24,59,0.13741091091401592,0.43590706353530656,-0.0018829221820877984,0.0004823529365476087,0,4,2
2026092812,mert_v1,unweighted,0.25,isotonic,24,59,0.14005117943742257,0.7860871885906462,0.0007573463413188541,0.003122621459954261,0,4,0
2026092812,mert_v1,unweighted,0.25,ridge_platt,24,59,0.13590264729667756,0.43361569761157515,-0.003391185799426155,-0.001025910680790748,0,4,0
2026092812,mert_v1,unweighted,0.5,raw,47,103,0.13929383309610371,0.44130967383564135,0.0,0.0013046769921559176,0,4,0
2026092812,mert_v1,unweighted,0.5,prior_offset,47,103,0.13929383309610371,0.44130967383564135,0.0,0.0013046769921559176,0,4,0
2026092812,mert_v1,unweighted,0.5,temperature,47,103,0.13983875113742406,0.4432105413288693,0.0005449180413203414,0.001849595033476259,0,4,0
2026092812,mert_v1,unweighted,0.5,platt,47,103,0.1379891561039478,0.43992000715620005,-0.0013046769921559176,0.0,0,4,0
2026092812,mert_v1,unweighted,0.5,beta,47,103,0.1385346261247992,0.44185960855514883,-0.0007592069713045213,0.0005454700208513963,0,4,3
2026092812,mert_v1,unweighted,0.5,isotonic,47,103,0.1434808440351258,0.6684941107574146,0.004187010939022073,0.005491687931177991,0,4,0
2026092812,mert_v1,unweighted,0.5,ridge_platt,47,103,0.1406475356710687,0.4452437152707937,0.0013537025749649767,0.0026583795671208943,0,4,0
2026092812,mert_v1,unweighted,1.0,raw,94,246,0.13929383309610371,0.44130967383564135,0.0,0.0014089754585899228,0,4,0
2026092812,mert_v1,unweighted,1.0,prior_offset,94,246,0.13929383309610371,0.44130967383564135,0.0,0.0014089754585899228,0,4,0
2026092812,mert_v1,unweighted,1.0,temperature,94,246,0.13900169395021053,0.4417548307026888,-0.00029213914589318324,0.0011168363126967396,0,4,0
2026092812,mert_v1,unweighted,1.0,platt,94,246,0.1378848576375138,0.43970702799588285,-0.0014089754585899228,0.0,0,4,0
2026092812,mert_v1,unweighted,1.0,beta,94,246,0.13765525753746383,0.4400437046546932,-0.0016385755586398876,-0.00022960010004996478,0,4,1
2026092812,mert_v1,unweighted,1.0,isotonic,94,246,0.14022048192564562,0.5414391969690715,0.0009266488295419095,0.0023356242881318323,0,4,0
2026092812,mert_v1,unweighted,1.0,ridge_platt,94,246,0.13740749675417857,0.43801737691703146,-0.0018863363419251433,-0.00047736088333522053,0,4,0
2026092813,maest,ambient_balanced,0.25,raw,24,59,0.1345848879384436,0.41547716315812133,0.0,0.006313272595625724,0,4,0
2026092813,maest,ambient_balanced,0.25,prior_offset,24,59,0.12885757678820622,0.4022929223550341,-0.005727311150237363,0.000585961445388361,0,4,0
2026092813,maest,ambient_balanced,0.25,temperature,24,59,0.13634135701804567,0.42993336897057893,0.0017564690796020854,0.00806974167522781,0,4,0
2026092813,maest,ambient_balanced,0.25,platt,24,59,0.12827161534281786,0.4035883711902536,-0.006313272595625724,0.0,0,4,0
2026092813,maest,ambient_balanced,0.25,beta,24,59,0.12803638698519518,0.40789247225562036,-0.0065485009532484095,-0.00023522835762268546,0,4,3
2026092813,maest,ambient_balanced,0.25,isotonic,24,59,0.13590439661831213,0.6325768995953059,0.0013195086798685474,0.007632781275494271,0,4,0
2026092813,maest,ambient_balanced,0.25,ridge_platt,24,59,0.131000443658367,0.4073220067256915,-0.003584444280076593,0.002728828315549131,0,4,0
2026092813,maest,ambient_balanced,0.5,raw,47,125,0.1345848879384436,0.41547716315812133,0.0,0.0037514858128543105,0,4,0
2026092813,maest,ambient_balanced,0.5,prior_offset,47,125,0.12885757678820622,0.4022929223550341,-0.005727311150237363,-0.0019758253373830525,0,4,0
2026092813,maest,ambient_balanced,0.5,temperature,47,125,0.13504603851419744,0.41414984392331416,0.00046115057575385476,0.004212636388608165,0,4,0
2026092813,maest,ambient_balanced,0.5,platt,47,125,0.13083340212558928,0.40532339986715704,-0.0037514858128543105,0.0,0,4,0
2026092813,maest,ambient_balanced,0.5,beta,47,125,0.13072495846246038,0.4136586304112096,-0.0038599294759832092,-0.00010844366312889875,0,4,3
2026092813,maest,ambient_balanced,0.5,isotonic,47,125,0.1359918516722301,0.6382670937366647,0.0014069637337865148,0.005158449546640825,0,4,0
2026092813,maest,ambient_balanced,0.5,ridge_platt,47,125,0.12881800969124213,0.4000315270745707,-0.005766878247201457,-0.0020153924343471463,0,4,0
2026092813,maest,ambient_balanced,1.0,raw,94,238,0.1345848879384436,0.41547716315812133,0.0,0.004310620607830884,0,4,0
2026092813,maest,ambient_balanced,1.0,prior_offset,94,238,0.12885757678820622,0.4022929223550341,-0.005727311150237363,-0.001416690542406479,0,4,0
2026092813,maest,ambient_balanced,1.0,temperature,94,238,0.13528989111340745,0.41890974806582126,0.0007050031749638586,0.0050156237827947425,0,4,0
2026092813,maest,ambient_balanced,1.0,platt,94,238,0.1302742673306127,0.40660493605854786,-0.004310620607830884,0.0,0,4,0
2026092813,maest,ambient_balanced,1.0,beta,94,238,0.13005266825863623,0.4103351747872567,-0.004532219679807353,-0.00022159907197646933,0,4,0
2026092813,maest,ambient_balanced,1.0,isotonic,94,238,0.1329165969481504,0.5740659491304632,-0.0016682909902931975,0.0026423296175376865,0,4,0
2026092813,maest,ambient_balanced,1.0,ridge_platt,94,238,0.12824210957073923,0.39851676545530923,-0.00634277836770436,-0.0020321577598734764,0,4,0
2026092813,maest,unweighted,0.25,raw,24,59,0.12854084073893268,0.4001428460956493,0.0,-0.0001006938756731579,0,4,0
2026092813,maest,unweighted,0.25,prior_offset,24,59,0.12854084073893268,0.4001428460956493,0.0,-0.0001006938756731579,0,4,0
2026092813,maest,unweighted,0.25,temperature,24,59,0.12882122425188303,0.40349345954215426,0.000280383512950344,0.00017968963727718612,0,4,0
2026092813,maest,unweighted,0.25,platt,24,59,0.12864153461460584,0.4035544377731245,0.0001006938756731579,0.0,0,4,0
2026092813,maest,unweighted,0.25,beta,24,59,0.12872495943785706,0.40254535296005856,0.00018411869892437371,8.342482325121581e-05,0,4,3
2026092813,maest,unweighted,0.25,isotonic,24,59,0.13825858037496713,0.6400064933047179,0.00971773963603445,0.009617045760361292,0,4,0
2026092813,maest,unweighted,0.25,ridge_platt,24,59,0.12854084073893268,0.4001428460956493,0.0,-0.0001006938756731579,0,4,0
2026092813,maest,unweighted,0.5,raw,47,125,0.12854084073893268,0.4001428460956493,0.0,-0.0026705892137565412,0,4,0
2026092813,maest,unweighted,0.5,prior_offset,47,125,0.12854084073893268,0.4001428460956493,0.0,-0.0026705892137565412,0,4,0
2026092813,maest,unweighted,0.5,temperature,47,125,0.13001216320948702,0.40395323050385246,0.0014713224705543426,-0.0011992667432021986,0,4,0
2026092813,maest,unweighted,0.5,platt,47,125,0.13121142995268922,0.40572012071828767,0.0026705892137565412,0.0,0,4,0
2026092813,maest,unweighted,0.5,beta,47,125,0.13140133072391966,0.4083496401076707,0.0028604899849869747,0.00018990077123043347,0,4,3
2026092813,maest,unweighted,0.5,isotonic,47,125,0.13703199348121706,0.6421147046969341,0.008491152742284375,0.005820563528527833,0,4,0
2026092813,maest,unweighted,0.5,ridge_platt,47,125,0.12934682432883635,0.40109829524341395,0.0008059835899036638,-0.0018646056238528774,0,4,0
2026092813,maest,unweighted,1.0,raw,94,238,0.12854084073893268,0.4001428460956493,0.0,-0.002184108219198233,0,4,0
2026092813,maest,unweighted,1.0,prior_offset,94,238,0.12854084073893268,0.4001428460956493,0.0,-0.002184108219198233,0,4,0
2026092813,maest,unweighted,1.0,temperature,94,238,0.12966804168919657,0.4056781115686616,0.0011272009502638902,-0.0010569072689343428,0,4,0
2026092813,maest,unweighted,1.0,platt,94,238,0.13072494895813092,0.40782951397953215,0.002184108219198233,0.0,0,4,0
2026092813,maest,unweighted,1.0,beta,94,238,0.13062798917887336,0.41008520114139596,0.002087148439940678,-9.695977925755495e-05,0,4,1
2026092813,maest,unweighted,1.0,isotonic,94,238,0.13439306323942615,0.5780191774571188,0.00585222250049347,0.003668114281295237,0,4,0
2026092813,maest,unweighted,1.0,ridge_platt,94,238,0.12862165159435524,0.39929532009613466,8.081085542255284e-05,-0.0021032973637756802,0,4,0
2026092813,mert_v0,ambient_balanced,0.25,raw,24,59,0.15518814696658698,0.47369080935259456,0.0,0.012118317492060493,0,4,0
2026092813,mert_v0,ambient_balanced,0.25,prior_offset,24,59,0.14416281790778213,0.44515393380020696,-0.01102532905880485,0.0010929884332556428,0,4,0
2026092813,mert_v0,ambient_balanced,0.25,temperature,24,59,0.15573774303335186,0.4779191307009263,0.0005495960667648847,0.012667913558825378,0,4,0
2026092813,mert_v0,ambient_balanced,0.25,platt,24,59,0.14306982947452648,0.44273113978851686,-0.012118317492060493,0.0,0,4,0
2026092813,mert_v0,ambient_balanced,0.25,beta,24,59,0.1436390680222543,0.4439562694575923,-0.011549078944332686,0.0005692385477278072,0,4,3
2026092813,mert_v0,ambient_balanced,0.25,isotonic,24,59,0.14368043017624596,0.4968949651414184,-0.011507716790341016,0.000610600701719477,0,4,0
2026092813,mert_v0,ambient_balanced,0.25,ridge_platt,24,59,0.1441374879408727,0.44521423144975797,-0.011050659025714282,0.0010676584663462108,0,4,0
2026092813,mert_v0,ambient_balanced,0.5,raw,47,125,0.15518814696658698,0.47369080935259456,0.0,0.011119881066742221,0,4,0
2026092813,mert_v0,ambient_balanced,0.5,prior_offset,47,125,0.14416281790778213,0.44515393380020696,-0.01102532905880485,9.455200793737073e-05,0,4,0
2026092813,mert_v0,ambient_balanced,0.5,temperature,47,125,0.15562993284978255,0.4728995300400587,0.0004417858831955723,0.011561666949937793,0,4,0
2026092813,mert_v0,ambient_balanced,0.5,platt,47,125,0.14406826589984476,0.4425184151272128,-0.011119881066742221,0.0,0,4,0
2026092813,mert_v0,ambient_balanced,0.5,beta,47,125,0.14429701840123144,0.44477881554064047,-0.01089112856535554,0.0002287525013866809,0,4,3
2026092813,mert_v0,ambient_balanced,0.5,isotonic,47,125,0.14559626067889161,0.5062355300705778,-0.009591886287695361,0.0015279947790468595,0,4,0
2026092813,mert_v0,ambient_balanced,0.5,ridge_platt,47,125,0.14467037150162426,0.44639815732443555,-0.010517775464962714,0.0006021056017795068,0,4,0
2026092813,mert_v0,ambient_balanced,1.0,raw,94,238,0.15518814696658698,0.47369080935259456,0.0,0.01117925015271351,0,4,0
2026092813,mert_v0,ambient_balanced,1.0,prior_offset,94,238,0.14416281790778213,0.44515393380020696,-0.01102532905880485,0.00015392109390865993,0,4,0
2026092813,mert_v0,ambient_balanced,1.0,temperature,94,238,0.15509197254393536,0.473893271392384,-9.617442265161258e-05,0.011083075730061898,0,4,0
2026092813,mert_v0,ambient_balanced,1.0,platt,94,238,0.14400889681387347,0.4443800513100741,-0.01117925015271351,0.0,0,4,0
2026092813,mert_v0,ambient_balanced,1.0,beta,94,238,0.14334308893686792,0.4442651703012326,-0.011845058029719052,-0.000665807877005542,0,4,2
2026092813,mert_v0,ambient_balanced,1.0,isotonic,94,238,0.14360709991450804,0.5112505653691581,-0.011581047052078935,-0.0004017968993654253,0,4,0
2026092813,mert_v0,ambient_balanced,1.0,ridge_platt,94,238,0.14275366263252184,0.44010738244302305,-0.012434484334065132,-0.0012552341813516221,0,4,0
2026092813,mert_v0,unweighted,0.25,raw,24,59,0.1441094315387052,0.44550817542454946,0.0,0.0005389069687085357,0,4,0
2026092813,mert_v0,unweighted,0.25,prior_offset,24,59,0.1441094315387052,0.44550817542454946,0.0,0.0005389069687085357,0,4,0
2026092813,mert_v0,unweighted,0.25,temperature,24,59,0.14422002391388838,0.44684589519607937,0.00011059237518318277,0.0006494993438917185,0,4,0
2026092813,mert_v0,unweighted,0.25,platt,24,59,0.14357052456999667,0.4443632835853775,-0.0005389069687085357,0.0,0,4,0
2026092813,mert_v0,unweighted,0.25,beta,24,59,0.14432379512869745,0.4458699693853351,0.0002143635899922447,0.0007532705587007804,0,4,3
2026092813,mert_v0,unweighted,0.25,isotonic,24,59,0.14351310421522326,0.4961410384235063,-0.0005963273234819433,-5.742035477340757e-05,0,4,0
2026092813,mert_v0,unweighted,0.25,ridge_platt,24,59,0.1441094315387052,0.44550817542454946,0.0,0.0005389069687085357,0,4,0
2026092813,mert_v0,unweighted,0.5,raw,47,125,0.1441094315387052,0.44550817542454946,0.0,-0.00020584769619569343,0,4,0
2026092813,mert_v0,unweighted,0.5,prior_offset,47,125,0.1441094315387052,0.44550817542454946,0.0,-0.00020584769619569343,0,4,0
2026092813,mert_v0,unweighted,0.5,temperature,47,125,0.14535649596637296,0.44664259076329216,0.0012470644276677545,0.001041216731472061,0,4,0
2026092813,mert_v0,unweighted,0.5,platt,47,125,0.1443152792349009,0.4434905771445299,0.00020584769619569343,0.0,0,4,0
2026092813,mert_v0,unweighted,0.5,beta,47,125,0.14485658513167357,0.44600981360143277,0.0007471535929683693,0.0005413058967726758,0,4,3
2026092813,mert_v0,unweighted,0.5,isotonic,47,125,0.1457625387523685,0.5061398072744234,0.0016531072136632963,0.0014472595174676028,0,4,0
2026092813,mert_v0,unweighted,0.5,ridge_platt,47,125,0.14458034992587446,0.4463953039231351,0.0004709183871692557,0.0002650706909735623,0,4,0
2026092813,mert_v0,unweighted,1.0,raw,94,238,0.1441094315387052,0.44550817542454946,0.0,-0.000112251392135998,0,4,0
2026092813,mert_v0,unweighted,1.0,prior_offset,94,238,0.1441094315387052,0.44550817542454946,0.0,-0.000112251392135998,0,4,0
2026092813,mert_v0,unweighted,1.0,temperature,94,238,0.1445674054495955,0.4467800949612468,0.00045797391089030803,0.00034572251875431004,0,4,0
2026092813,mert_v0,unweighted,1.0,platt,94,238,0.1442216829308412,0.44526266981823515,0.000112251392135998,0.0,0,4,0
2026092813,mert_v0,unweighted,1.0,beta,94,238,0.14388940479285262,0.4454290033727608,-0.0002200267458525862,-0.0003322781379885842,0,4,2
2026092813,mert_v0,unweighted,1.0,isotonic,94,238,0.14449690442913124,0.5138022649729069,0.0003874728904260383,0.0002752214982900403,0,4,0
2026092813,mert_v0,unweighted,1.0,ridge_platt,94,238,0.1429510083102916,0.4410960342117073,-0.0011584232284136131,-0.0012706746205496111,0,4,0
2026092813,mert_v1,ambient_balanced,0.25,raw,24,59,0.15663290282879977,0.4788640595489023,0.0,0.013331327485320121,0,4,0
2026092813,mert_v1,ambient_balanced,0.25,prior_offset,24,59,0.14528669294624855,0.44967962146021895,-0.011346209882551223,0.001985117602768899,0,4,0
2026092813,mert_v1,ambient_balanced,0.25,temperature,24,59,0.15746468527980922,0.48548296783414513,0.0008317824510094551,0.014163109936329576,0,4,0
2026092813,mert_v1,ambient_balanced,0.25,platt,24,59,0.14330157534347965,0.4436368832369789,-0.013331327485320121,0.0,0,4,0
2026092813,mert_v1,ambient_balanced,0.25,beta,24,59,0.14240990242737825,0.44454641188128813,-0.01422300040142152,-0.0008916729161013992,0,4,2
2026092813,mert_v1,ambient_balanced,0.25,isotonic,24,59,0.14431721092215838,0.7339714703768709,-0.01231569190664139,0.0010156355786787308,0,4,0
2026092813,mert_v1,ambient_balanced,0.25,ridge_platt,24,59,0.1452446308711238,0.4495878865469807,-0.011388271957675972,0.0019430555276441497,0,4,0
2026092813,mert_v1,ambient_balanced,0.5,raw,47,125,0.15663290282879977,0.4788640595489023,0.0,0.0117938291988465,0,4,0
2026092813,mert_v1,ambient_balanced,0.5,prior_offset,47,125,0.14528669294624855,0.44967962146021895,-0.011346209882551223,0.00044761931629527796,0,4,0
2026092813,mert_v1,ambient_balanced,0.5,temperature,47,125,0.15705933040893258,0.47943477594275563,0.0004264275801328099,0.01222025677897931,0,4,0
2026092813,mert_v1,ambient_balanced,0.5,platt,47,125,0.14483907362995327,0.4472345741392978,-0.0117938291988465,0.0,0,4,0
2026092813,mert_v1,ambient_balanced,0.5,beta,47,125,0.14345656311156474,0.44649388664364553,-0.01317633971723503,-0.00138251051838853,0,4,1
2026092813,mert_v1,ambient_balanced,0.5,isotonic,47,125,0.14707257775501195,0.7413249859181509,-0.009560325073787818,0.002233504125058683,0,4,0
2026092813,mert_v1,ambient_balanced,0.5,ridge_platt,47,125,0.14493006043242804,0.4476013310599889,-0.011702842396371732,9.098680247476842e-05,0,4,0
2026092813,mert_v1,ambient_balanced,1.0,raw,94,238,0.15663290282879977,0.4788640595489023,0.0,0.011674375122443126,0,4,0
2026092813,mert_v1,ambient_balanced,1.0,prior_offset,94,238,0.14528669294624855,0.44967962146021895,-0.011346209882551223,0.00032816523989190327,0,4,0
2026092813,mert_v1,ambient_balanced,1.0,temperature,94,238,0.1564682381796068,0.4793304424468244,-0.0001646646491929582,0.011509710473250168,0,4,0
2026092813,mert_v1,ambient_balanced,1.0,platt,94,238,0.14495852770635664,0.4484792410232984,-0.011674375122443126,0.0,0,4,0
2026092813,mert_v1,ambient_balanced,1.0,beta,94,238,0.1437029535726702,0.4481093637582042,-0.012929949256129558,-0.0012555741336864323,0,4,1
2026092813,mert_v1,ambient_balanced,1.0,isotonic,94,238,0.14747674833609006,0.5528046124251147,-0.009156154492709706,0.0025182206297334198,0,4,0
2026092813,mert_v1,ambient_balanced,1.0,ridge_platt,94,238,0.14443045043456185,0.4466206407680534,-0.012202452394237923,-0.0005280772717947968,0,4,0
2026092813,mert_v1,unweighted,0.25,raw,24,59,0.14511233706385407,0.4494974785161379,0.0,0.001738965571162765,0,4,0
2026092813,mert_v1,unweighted,0.25,prior_offset,24,59,0.14511233706385407,0.4494974785161379,0.0,0.001738965571162765,0,4,0
2026092813,mert_v1,unweighted,0.25,temperature,24,59,0.145004616918876,0.44896985009934126,-0.00010772014497806293,0.001631245426184702,0,4,0
2026092813,mert_v1,unweighted,0.25,platt,24,59,0.1433733714926913,0.44389651141241493,-0.001738965571162765,0.0,0,4,0
2026092813,mert_v1,unweighted,0.25,beta,24,59,0.1429819105407104,0.4449403450158792,-0.002130426523143658,-0.00039146095198089315,0,4,2
2026092813,mert_v1,unweighted,0.25,isotonic,24,59,0.14406375408818597,0.7332378091798895,-0.0010485829756680942,0.0006903825954946707,0,4,0
2026092813,mert_v1,unweighted,0.25,ridge_platt,24,59,0.14511233706385407,0.4494974785161379,0.0,0.001738965571162765,0,4,0
2026092813,mert_v1,unweighted,0.5,raw,47,125,0.14511233706385407,0.4494974785161379,0.0,0.0002246535001550476,0,4,0
2026092813,mert_v1,unweighted,0.5,prior_offset,47,125,0.14511233706385407,0.4494974785161379,0.0,0.0002246535001550476,0,4,0
2026092813,mert_v1,unweighted,0.5,temperature,47,125,0.1464634578807758,0.45173759596485846,0.001351120816921736,0.0015757743170767835,0,4,0
2026092813,mert_v1,unweighted,0.5,platt,47,125,0.14488768356369902,0.44732743513818707,-0.0002246535001550476,0.0,0,4,0
2026092813,mert_v1,unweighted,0.5,beta,47,125,0.1441048136045848,0.4462865163278944,-0.0010075234592692717,-0.0007828699591142241,0,4,1
2026092813,mert_v1,unweighted,0.5,isotonic,47,125,0.14663867712616194,0.740436587792541,0.0015263400623078682,0.0017509935624629158,0,4,0
2026092813,mert_v1,unweighted,0.5,ridge_platt,47,125,0.14518974629156475,0.4483880911433563,7.740922771068415e-05,0.00030206272786573174,0,4,0
2026092813,mert_v1,unweighted,1.0,raw,94,238,0.14511233706385407,0.4494974785161379,0.0,8.800820363771833e-05,0,4,0
2026092813,mert_v1,unweighted,1.0,prior_offset,94,238,0.14511233706385407,0.4494974785161379,0.0,8.800820363771833e-05,0,4,0
2026092813,mert_v1,unweighted,1.0,temperature,94,238,0.14552450575630316,0.4503796183256648,0.0004121686924490886,0.0005001768960868069,0,4,0
2026092813,mert_v1,unweighted,1.0,platt,94,238,0.14502432886021635,0.44856343803951004,-8.800820363771833e-05,0.0,0,4,0
2026092813,mert_v1,unweighted,1.0,beta,94,238,0.1444100476365408,0.4479905240357479,-0.0007022894273132629,-0.0006142812236755446,0,4,1
2026092813,mert_v1,unweighted,1.0,isotonic,94,238,0.14750820313408508,0.5529439254499541,0.002395866070231012,0.0024838742738687303,0,4,0
2026092813,mert_v1,unweighted,1.0,ridge_platt,94,238,0.14423540583626998,0.44645613428291725,-0.0008769312275840879,-0.0007889230239463696,0,4,0
2026092814,maest,ambient_balanced,0.25,raw,24,59,0.13974561418700465,0.4389878775444871,0.0,-0.005785992632422132,0,4,0
2026092814,maest,ambient_balanced,0.25,prior_offset,24,59,0.1333679043812847,0.4266393795818239,-0.006377709805719944,-0.012163702438142077,0,4,0
2026092814,maest,ambient_balanced,0.25,temperature,24,59,0.14300805718785953,0.4472985497869024,0.0032624430008548755,-0.0025235496315672568,0,4,0
2026092814,maest,ambient_balanced,0.25,platt,24,59,0.14553160681942678,0.46180723977179594,0.005785992632422132,0.0,0,4,0
2026092814,maest,ambient_balanced,0.25,beta,24,59,0.14620156391273353,0.4622860398669536,0.006455949725728882,0.00066995709330675,0,4,2
2026092814,maest,ambient_balanced,0.25,isotonic,24,59,0.1515761382790272,0.8388416757422625,0.011830524092022537,0.006044531459600405,0,4,0
2026092814,maest,ambient_balanced,0.25,ridge_platt,24,59,0.13949513274159667,0.44478814244981346,-0.0002504814454079851,-0.006036474077830117,0,4,0
2026092814,maest,ambient_balanced,0.5,raw,47,114,0.13974561418700465,0.4389878775444871,0.0,-0.0014405451345688436,0,4,0
2026092814,maest,ambient_balanced,0.5,prior_offset,47,114,0.1333679043812847,0.4266393795818239,-0.006377709805719944,-0.007818254940288788,0,4,0
2026092814,maest,ambient_balanced,0.5,temperature,47,114,0.1428345008064556,0.4445766623921167,0.003088886619450948,0.0016483414848821043,0,4,0
2026092814,maest,ambient_balanced,0.5,platt,47,114,0.1411861593215735,0.44384525476837633,0.0014405451345688436,0.0,0,4,0
2026092814,maest,ambient_balanced,0.5,beta,47,114,0.14176400162991518,0.4430294473279096,0.002018387442910524,0.0005778423083416806,0,4,1
2026092814,maest,ambient_balanced,0.5,isotonic,47,114,0.14547521956676893,0.7923156316276408,0.005729605379764274,0.004289060245195431,0,4,0
2026092814,maest,ambient_balanced,0.5,ridge_platt,47,114,0.1359420848612868,0.42930876339849156,-0.0038035293257178415,-0.005244074460286685,0,4,0
2026092814,maest,ambient_balanced,1.0,raw,94,228,0.13974561418700465,0.4389878775444871,0.0,0.00596560884153971,0,4,0
2026092814,maest,ambient_balanced,1.0,prior_offset,94,228,0.1333679043812847,0.4266393795818239,-0.006377709805719944,-0.00041210096418023423,0,4,0
2026092814,maest,ambient_balanced,1.0,temperature,94,228,0.14054447849292895,0.4406328456979334,0.0007988643059242961,0.006764473147464006,0,4,0
2026092814,maest,ambient_balanced,1.0,platt,94,228,0.13378000534546494,0.4240809419263004,-0.00596560884153971,0.0,0,4,0
2026092814,maest,ambient_balanced,1.0,beta,94,228,0.13467428928115496,0.42416908213807814,-0.005071324905849689,0.0008942839356900212,0,4,1
2026092814,maest,ambient_balanced,1.0,isotonic,94,228,0.13894941384142917,0.6553566383623509,-0.0007962003455754818,0.005169408495964228,0,4,0
2026092814,maest,ambient_balanced,1.0,ridge_platt,94,228,0.1331890547451143,0.4247186725697003,-0.006556559441890347,-0.0005909506003506371,0,4,0
2026092814,maest,unweighted,0.25,raw,24,59,0.13218612426642556,0.42130880503584334,0.0,-0.012819231246151808,0,4,0
2026092814,maest,unweighted,0.25,prior_offset,24,59,0.13218612426642556,0.42130880503584334,0.0,-0.012819231246151808,0,4,0
2026092814,maest,unweighted,0.25,temperature,24,59,0.13734278563708047,0.44057385356924295,0.0051566613706549025,-0.007662569875496905,0,4,0
2026092814,maest,unweighted,0.25,platt,24,59,0.14500535551257737,0.4596788769030724,0.012819231246151808,0.0,0,4,0
2026092814,maest,unweighted,0.25,beta,24,59,0.14538691208384746,0.45774387401922945,0.0132007878174219,0.0003815565712700919,0,4,2
2026092814,maest,unweighted,0.25,isotonic,24,59,0.15122017128454907,0.8066277434890377,0.0190340470181235,0.0062148157719716934,0,4,0
2026092814,maest,unweighted,0.25,ridge_platt,24,59,0.13796421566750153,0.44109861296438435,0.005778091401075963,-0.0070411398450758445,0,4,0
2026092814,maest,unweighted,0.5,raw,47,114,0.13218612426642556,0.42130880503584334,0.0,-0.0084915908784291,0,4,0
2026092814,maest,unweighted,0.5,prior_offset,47,114,0.13218612426642556,0.42130880503584334,0.0,-0.0084915908784291,0,4,0
2026092814,maest,unweighted,0.5,temperature,47,114,0.1363380775974605,0.43297241179053186,0.0041519533310349355,-0.004339637547394165,0,4,0
2026092814,maest,unweighted,0.5,platt,47,114,0.14067771514485466,0.44203690522483063,0.0084915908784291,0.0,0,4,0
2026092814,maest,unweighted,0.5,beta,47,114,0.1413172937187524,0.44152337381663276,0.009131169452326837,0.0006395785738977366,0,4,2
2026092814,maest,unweighted,0.5,isotonic,47,114,0.14546135245587863,0.8533448549449578,0.013275228189453064,0.004783637311023964,0,4,0
2026092814,maest,unweighted,0.5,ridge_platt,47,114,0.13472848431195042,0.4248518999265467,0.002542360045524855,-0.005949230832904245,0,4,0
2026092814,maest,unweighted,1.0,raw,94,228,0.13218612426642556,0.42130880503584334,0.0,-0.0010200277996563756,0,4,0
2026092814,maest,unweighted,1.0,prior_offset,94,228,0.13218612426642556,0.42130880503584334,0.0,-0.0010200277996563756,0,4,0
2026092814,maest,unweighted,1.0,temperature,94,228,0.1326610835250036,0.42248336003492065,0.0004749592585780449,-0.0005450685410783307,0,4,0
2026092814,maest,unweighted,1.0,platt,94,228,0.13320615206608194,0.4222082752062861,0.0010200277996563756,0.0,0,4,0
2026092814,maest,unweighted,1.0,beta,94,228,0.1340748541218609,0.4223500820269334,0.0018887298554353393,0.0008687020557789638,0,4,2
2026092814,maest,unweighted,1.0,isotonic,94,228,0.13806002643180781,0.6833748224210685,0.00587390216538225,0.004853874365725874,0,4,0
2026092814,maest,unweighted,1.0,ridge_platt,94,228,0.1323018508430466,0.42185897257316973,0.00011572657662103913,-0.0009043012230353364,0,4,0
2026092814,mert_v0,ambient_balanced,0.25,raw,24,59,0.15304029132990937,0.4760717979277569,0.0,0.000224521453124904,0,4,0
2026092814,mert_v0,ambient_balanced,0.25,prior_offset,24,59,0.14295774954868998,0.45173060481181504,-0.010082541781219395,-0.009858020328094491,0,4,0
2026092814,mert_v0,ambient_balanced,0.25,temperature,24,59,0.15741460317235004,0.4897122895599165,0.004374311842440665,0.004598833295565569,0,4,0
2026092814,mert_v0,ambient_balanced,0.25,platt,24,59,0.15281576987678447,0.48175434873763767,-0.000224521453124904,0.0,0,4,0
2026092814,mert_v0,ambient_balanced,0.25,beta,24,59,0.15498334593754742,0.4876917429709036,0.0019430546076380506,0.0021675760607629546,0,4,3
2026092814,mert_v0,ambient_balanced,0.25,isotonic,24,59,0.16384129387744642,1.1213283065001676,0.010801002547537047,0.011025524000661951,0,4,0
2026092814,mert_v0,ambient_balanced,0.25,ridge_platt,24,59,0.15013302918883278,0.47779492064362405,-0.0029072621410765886,-0.0026827406879516846,0,4,0
2026092814,mert_v0,ambient_balanced,0.5,raw,47,114,0.15304029132990937,0.4760717979277569,0.0,0.004489106979923496,0,4,0
2026092814,mert_v0,ambient_balanced,0.5,prior_offset,47,114,0.14295774954868998,0.45173060481181504,-0.010082541781219395,-0.005593434801295899,0,4,0
2026092814,mert_v0,ambient_balanced,0.5,temperature,47,114,0.15610204231870353,0.4830917260331721,0.0030617509887941596,0.007550857968717656,0,4,0
2026092814,mert_v0,ambient_balanced,0.5,platt,47,114,0.14855118434998588,0.4655505341511252,-0.004489106979923496,0.0,0,4,0
2026092814,mert_v0,ambient_balanced,0.5,beta,47,114,0.14878774411723664,0.4680881035964329,-0.004252547212672736,0.00023655976725076022,0,4,3
2026092814,mert_v0,ambient_balanced,0.5,isotonic,47,114,0.1503985653228512,0.8120028478624325,-0.0026417260070581705,0.0018473809728653257,0,4,0
2026092814,mert_v0,ambient_balanced,0.5,ridge_platt,47,114,0.14461491824116,0.4582605862709809,-0.008425373088749383,-0.003936266108825887,0,4,0
2026092814,mert_v0,ambient_balanced,1.0,raw,94,228,0.15304029132990937,0.4760717979277569,0.0,0.011169775676067306,0,4,0
2026092814,mert_v0,ambient_balanced,1.0,prior_offset,94,228,0.14295774954868998,0.45173060481181504,-0.010082541781219395,0.001087233894847911,0,4,0
2026092814,mert_v0,ambient_balanced,1.0,temperature,94,228,0.1524400637522535,0.4734862628386838,-0.0006002275776558763,0.01056954809841143,0,4,0
2026092814,mert_v0,ambient_balanced,1.0,platt,94,228,0.14187051565384207,0.4461576216014701,-0.011169775676067306,0.0,0,4,0
2026092814,mert_v0,ambient_balanced,1.0,beta,94,228,0.14298644470464494,0.44931114150254736,-0.010053846625264429,0.0011159290508028774,0,4,4
2026092814,mert_v0,ambient_balanced,1.0,isotonic,94,228,0.1454048004268595,0.827493445113414,-0.00763549090304988,0.0035342847730174265,0,4,0
2026092814,mert_v0,ambient_balanced,1.0,ridge_platt,94,228,0.14285196550148607,0.45095751084376146,-0.0101883258284233,0.0009814498476440059,0,4,0
2026092814,mert_v0,unweighted,0.25,raw,24,59,0.14268372009235006,0.45086701997917894,0.0,-0.010008932000800552,0,4,0
2026092814,mert_v0,unweighted,0.25,prior_offset,24,59,0.14268372009235006,0.45086701997917894,0.0,-0.010008932000800552,0,4,0
2026092814,mert_v0,unweighted,0.25,temperature,24,59,0.1494994530426369,0.4777744519020256,0.00681573295028684,-0.003193199050513712,0,4,0
2026092814,mert_v0,unweighted,0.25,platt,24,59,0.1526926520931506,0.481283285837988,0.010008932000800552,0.0,0,4,0
2026092814,mert_v0,unweighted,0.25,beta,24,59,0.15486681278217004,0.48599241747724503,0.012183092689819985,0.002174160689019433,0,4,3
2026092814,mert_v0,unweighted,0.25,isotonic,24,59,0.1642273538584481,1.1841706127219336,0.021543633766098053,0.0115347017652975,0,4,0
2026092814,mert_v0,unweighted,0.25,ridge_platt,24,59,0.14920387118704148,0.47487222172982424,0.006520151094691423,-0.003488780906109129,0,4,0
2026092814,mert_v0,unweighted,0.5,raw,47,114,0.14268372009235006,0.45086701997917894,0.0,-0.005781961734738439,0,4,0
2026092814,mert_v0,unweighted,0.5,prior_offset,47,114,0.14268372009235006,0.45086701997917894,0.0,-0.005781961734738439,0,4,0
2026092814,mert_v0,unweighted,0.5,temperature,47,114,0.14690547004922044,0.4630371562615255,0.004221749956870385,-0.0015602117778680535,0,4,0
2026092814,mert_v0,unweighted,0.5,platt,47,114,0.1484656818270885,0.46556463970870293,0.005781961734738439,0.0,0,4,0
2026092814,mert_v0,unweighted,0.5,beta,47,114,0.14875385181662293,0.4681781889575803,0.00607013172427287,0.0002881699895344314,0,4,3
2026092814,mert_v0,unweighted,0.5,isotonic,47,114,0.1507490784446243,0.781353554855091,0.008065358352274232,0.0022833966175357934,0,4,0
2026092814,mert_v0,unweighted,0.5,ridge_platt,47,114,0.14392353991106782,0.45593139283083073,0.0012398198187177634,-0.0045421419160206755,0,4,0
2026092814,mert_v0,unweighted,1.0,raw,94,228,0.14268372009235006,0.45086701997917894,0.0,0.0007421281212728059,0,4,0
2026092814,mert_v0,unweighted,1.0,prior_offset,94,228,0.14268372009235006,0.45086701997917894,0.0,0.0007421281212728059,0,4,0
2026092814,mert_v0,unweighted,1.0,temperature,94,228,0.14196115805889797,0.4481239327242591,-0.0007225620334520844,1.9566087820721556e-05,0,4,0
2026092814,mert_v0,unweighted,1.0,platt,94,228,0.14194159197107725,0.4463565437413093,-0.0007421281212728059,0.0,0,4,0
2026092814,mert_v0,unweighted,1.0,beta,94,228,0.14308218376620815,0.4491603363788106,0.000398463673858096,0.001140591795130902,0,4,4
2026092814,mert_v0,unweighted,1.0,isotonic,94,228,0.14508071040072779,0.7962477787026706,0.0023969903083777278,0.0031391184296505337,0,4,0
2026092814,mert_v0,unweighted,1.0,ridge_platt,94,228,0.14252215617346478,0.4504042811284981,-0.00016156391888527688,0.000580564202387529,0,4,0
2026092814,mert_v1,ambient_balanced,0.25,raw,24,59,0.15444483102040105,0.47892877218728663,0.0,0.0007429448451662934,0,4,0
2026092814,mert_v1,ambient_balanced,0.25,prior_offset,24,59,0.14293520550543143,0.45123395475745176,-0.011509625514969618,-0.010766680669803325,0,4,0
2026092814,mert_v1,ambient_balanced,0.25,temperature,24,59,0.1583260759459052,0.49280348739565966,0.0038812449255041515,0.004624189770670445,0,4,0
2026092814,mert_v1,ambient_balanced,0.25,platt,24,59,0.15370188617523475,0.48459571070588797,-0.0007429448451662934,0.0,0,4,0
2026092814,mert_v1,ambient_balanced,0.25,beta,24,59,0.15629577794698285,0.49385061550012205,0.0018509469265818035,0.002593891771748097,0,4,4
2026092814,mert_v1,ambient_balanced,0.25,isotonic,24,59,0.16186087122888698,0.9268709759741317,0.007416040208485936,0.008158985053652229,0,4,0
2026092814,mert_v1,ambient_balanced,0.25,ridge_platt,24,59,0.152311069502017,0.48077650798095134,-0.002133761518384042,-0.0013908166732177485,0,4,0
2026092814,mert_v1,ambient_balanced,0.5,raw,47,114,0.15444483102040105,0.47892877218728663,0.0,0.006604378207534373,0,4,0
2026092814,mert_v1,ambient_balanced,0.5,prior_offset,47,114,0.14293520550543143,0.45123395475745176,-0.011509625514969618,-0.004905247307435245,0,4,0
2026092814,mert_v1,ambient_balanced,0.5,temperature,47,114,0.1566907845344635,0.4847075468255957,0.0022459535140624542,0.008850331721596827,0,4,0
2026092814,mert_v1,ambient_balanced,0.5,platt,47,114,0.14784045281286667,0.46412960316116303,-0.006604378207534373,0.0,0,4,0
2026092814,mert_v1,ambient_balanced,0.5,beta,47,114,0.1482436982439052,0.4658784280319304,-0.006201132776495838,0.0004032454310385347,0,4,1
2026092814,mert_v1,ambient_balanced,0.5,isotonic,47,114,0.15206007701645044,0.968701273490473,-0.0023847540039506065,0.004219624203583766,0,4,0
2026092814,mert_v1,ambient_balanced,0.5,ridge_platt,47,114,0.1449078408390795,0.4589106939341005,-0.009536990181321536,-0.0029326119737871637,0,4,0
2026092814,mert_v1,ambient_balanced,1.0,raw,94,228,0.15444483102040105,0.47892877218728663,0.0,0.012592913057614535,0,4,0
2026092814,mert_v1,ambient_balanced,1.0,prior_offset,94,228,0.14293520550543143,0.45123395475745176,-0.011509625514969618,0.0010832875426449173,0,4,0
2026092814,mert_v1,ambient_balanced,1.0,temperature,94,228,0.1538734700829823,0.4764624664473082,-0.0005713609374187467,0.012021552120195789,0,4,0
2026092814,mert_v1,ambient_balanced,1.0,platt,94,228,0.1418519179627865,0.44710450714222505,-0.012592913057614535,0.0,0,4,0
2026092814,mert_v1,ambient_balanced,1.0,beta,94,228,0.14316543877854135,0.45047960763385336,-0.011279392241859698,0.0013135208157548373,0,4,3
2026092814,mert_v1,ambient_balanced,1.0,isotonic,94,228,0.14706101691525336,0.7133138364871637,-0.007383814105147685,0.005209098952466851,0,4,0
2026092814,mert_v1,ambient_balanced,1.0,ridge_platt,94,228,0.14284360611958244,0.45079893835235013,-0.011601224900818607,0.000991688156795928,0,4,0
2026092814,mert_v1,unweighted,0.25,raw,24,59,0.1428715350259768,0.45126522002572406,0.0,-0.010732913090511748,0,4,0
2026092814,mert_v1,unweighted,0.25,prior_offset,24,59,0.1428715350259768,0.45126522002572406,0.0,-0.010732913090511748,0,4,0
2026092814,mert_v1,unweighted,0.25,temperature,24,59,0.14871305178151228,0.477206472113009,0.005841516755535486,-0.004891396334976261,0,4,0
2026092814,mert_v1,unweighted,0.25,platt,24,59,0.15360444811648855,0.4846316723543801,0.010732913090511748,0.0,0,4,0
2026092814,mert_v1,unweighted,0.25,beta,24,59,0.15612037841174553,0.493485608987224,0.013248843385768733,0.002515930295256985,0,4,4
2026092814,mert_v1,unweighted,0.25,isotonic,24,59,0.16190654898339918,0.9571408335903725,0.01903501395742238,0.008302100866910633,0,4,0
2026092814,mert_v1,unweighted,0.25,ridge_platt,24,59,0.1496337030593447,0.4715754059299606,0.006762168033367905,-0.003970745057143843,0,4,0
2026092814,mert_v1,unweighted,0.5,raw,47,114,0.1428715350259768,0.45126522002572406,0.0,-0.00494830889370812,0,4,0
2026092814,mert_v1,unweighted,0.5,prior_offset,47,114,0.1428715350259768,0.45126522002572406,0.0,-0.00494830889370812,0,4,0
2026092814,mert_v1,unweighted,0.5,temperature,47,114,0.14643268182445643,0.4634331540371298,0.0035611467984796308,-0.001387162095228489,0,4,0
2026092814,mert_v1,unweighted,0.5,platt,47,114,0.14781984391968492,0.4644846911680479,0.00494830889370812,0.0,0,4,0
2026092814,mert_v1,unweighted,0.5,beta,47,114,0.14819523773609744,0.4659610172585211,0.0053237027101206424,0.00037539381641252256,0,4,1
2026092814,mert_v1,unweighted,0.5,isotonic,47,114,0.15194479352496149,0.9380433541541999,0.009073258498984688,0.004124949605276568,0,4,0
2026092814,mert_v1,unweighted,0.5,ridge_platt,47,114,0.14408131009362424,0.4565717800720325,0.0012097750676474395,-0.0037385338260606804,0,4,0
2026092814,mert_v1,unweighted,1.0,raw,94,228,0.1428715350259768,0.45126522002572406,0.0,0.000898276342201132,0,4,0
2026092814,mert_v1,unweighted,1.0,prior_offset,94,228,0.1428715350259768,0.45126522002572406,0.0,0.000898276342201132,0,4,0
2026092814,mert_v1,unweighted,1.0,temperature,94,228,0.14257941445958466,0.4508009716854285,-0.00029212056639213446,0.0006061557758089975,0,4,0
2026092814,mert_v1,unweighted,1.0,platt,94,228,0.14197325868377567,0.44773173543736544,-0.000898276342201132,0.0,0,4,0
2026092814,mert_v1,unweighted,1.0,beta,94,228,0.14317338547986863,0.45061238504625156,0.0003018504538918332,0.0012001267960929651,0,4,3
2026092814,mert_v1,unweighted,1.0,isotonic,94,228,0.14593643109353646,0.7390336094430136,0.0030648960675596637,0.003963172409760796,0,4,0
2026092814,mert_v1,unweighted,1.0,ridge_platt,94,228,0.14270020863823574,0.4507641287820427,-0.0001713263877410609,0.000726949954460071,0,4,0
2026092815,maest,ambient_balanced,0.25,raw,24,62,0.13947986336280593,0.4362476899184021,0.0,0.0033677953494997137,0,4,0
2026092815,maest,ambient_balanced,0.25,prior_offset,24,62,0.1327892949110702,0.41776132042347686,-0.00669056845173574,-0.0033227731022360263,0,4,0
2026092815,maest,ambient_balanced,0.25,temperature,24,62,0.14123678189781766,0.44128423450846105,0.0017569185350117256,0.005124713884511439,0,4,0
2026092815,maest,ambient_balanced,0.25,platt,24,62,0.13611206801330622,0.42850232626753665,-0.0033677953494997137,0.0,0,4,0
2026092815,maest,ambient_balanced,0.25,beta,24,62,0.13568966516592237,0.4282359855616981,-0.0037901981968835596,-0.0004224028473838459,0,4,3
2026092815,maest,ambient_balanced,0.25,isotonic,24,62,0.14430811923750408,1.3402424226494833,0.004828255874698151,0.008196051224197864,0,4,0
2026092815,maest,ambient_balanced,0.25,ridge_platt,24,62,0.13678896747369843,0.4277883505401693,-0.0026908958891075085,0.0006768994603922052,0,4,0
2026092815,maest,ambient_balanced,0.5,raw,47,140,0.13947986336280593,0.4362476899184021,0.0,0.007995889791969801,0,4,0
2026092815,maest,ambient_balanced,0.5,prior_offset,47,140,0.1327892949110702,0.41776132042347686,-0.00669056845173574,0.0013053213402340613,0,4,0
2026092815,maest,ambient_balanced,0.5,temperature,47,140,0.14008846559664684,0.4378022793013235,0.0006086022338409047,0.008604492025810706,0,4,0
2026092815,maest,ambient_balanced,0.5,platt,47,140,0.13148397357083613,0.41339412848458357,-0.007995889791969801,0.0,0,4,0
2026092815,maest,ambient_balanced,0.5,beta,47,140,0.13080061354289801,0.41190330700040145,-0.00867924981990792,-0.000683360027938118,0,4,0
2026092815,maest,ambient_balanced,0.5,isotonic,47,140,0.1351762640480535,0.8357125267931923,-0.004303599314752438,0.0036922904772173637,0,4,0
2026092815,maest,ambient_balanced,0.5,ridge_platt,47,140,0.13578060043577495,0.42439486354342815,-0.0036992629270309885,0.004296626864938813,0,4,0
2026092815,maest,ambient_balanced,1.0,raw,94,246,0.13947986336280593,0.4362476899184021,0.0,0.007933125762480925,0,4,0
2026092815,maest,ambient_balanced,1.0,prior_offset,94,246,0.1327892949110702,0.41776132042347686,-0.00669056845173574,0.0012425573107451848,0,4,0
2026092815,maest,ambient_balanced,1.0,temperature,94,246,0.14033420631021562,0.43776500571904997,0.0008543429474096864,0.008787468709890611,0,4,0
2026092815,maest,ambient_balanced,1.0,platt,94,246,0.131546737600325,0.41344155538937766,-0.007933125762480925,0.0,0,4,0
2026092815,maest,ambient_balanced,1.0,beta,94,246,0.13005036961896646,0.410706250540662,-0.009429493743839473,-0.0014963679813585484,0,4,0
2026092815,maest,ambient_balanced,1.0,isotonic,94,246,0.13426640777611992,0.696883194200517,-0.005213455586686011,0.0027196701757949138,0,4,0
2026092815,maest,ambient_balanced,1.0,ridge_platt,94,246,0.13051796883433142,0.4104744364924847,-0.008961894528474512,-0.0010287687659935874,0,4,0
2026092815,maest,unweighted,0.25,raw,24,62,0.13262526651039602,0.4161419312800613,0.0,-0.004194247673795365,0,4,0
2026092815,maest,unweighted,0.25,prior_offset,24,62,0.13262526651039602,0.4161419312800613,0.0,-0.004194247673795365,0,4,0
2026092815,maest,unweighted,0.25,temperature,24,62,0.13317515565909752,0.41900004180988665,0.0005498891487014934,-0.0036443585250938715,0,4,0
2026092815,maest,unweighted,0.25,platt,24,62,0.1368195141841914,0.43033991006651606,0.004194247673795365,0.0,0,4,0
2026092815,maest,unweighted,0.25,beta,24,62,0.13702372875505636,0.43171324873144235,0.004398462244660339,0.00020421457086497452,0,4,3
2026092815,maest,unweighted,0.25,isotonic,24,62,0.14484723313724393,1.3054341870291015,0.012221966626847908,0.008027718953052543,0,4,0
2026092815,maest,unweighted,0.25,ridge_platt,24,62,0.1323631697573418,0.41511905506577135,-0.00026209675305421953,-0.004456344426849584,0,4,0
2026092815,maest,unweighted,0.5,raw,47,140,0.13262526651039602,0.4161419312800613,0.0,0.0006245761724447962,0,4,0
2026092815,maest,unweighted,0.5,prior_offset,47,140,0.13262526651039602,0.4161419312800613,0.0,0.0006245761724447962,0,4,0
2026092815,maest,unweighted,0.5,temperature,47,140,0.13212627201381696,0.4155798665243818,-0.0004989944965790583,0.00012558167586573799,0,4,0
2026092815,maest,unweighted,0.5,platt,47,140,0.13200069033795123,0.4147382889565391,-0.0006245761724447962,0.0,0,4,0
2026092815,maest,unweighted,0.5,beta,47,140,0.13182122903120735,0.41457448203585273,-0.0008040374791886684,-0.00017946130674387217,0,4,0
2026092815,maest,unweighted,0.5,isotonic,47,140,0.13569623650624993,0.8378914974194239,0.003070969995853906,0.0036955461682987023,0,4,0
2026092815,maest,unweighted,0.5,ridge_platt,47,140,0.1323092177222416,0.4146469178263179,-0.00031604878815441606,0.0003085273842903802,0,4,0
2026092815,maest,unweighted,1.0,raw,94,246,0.13262526651039602,0.4161419312800613,0.0,0.0005964375492451823,0,4,0
2026092815,maest,unweighted,1.0,prior_offset,94,246,0.13262526651039602,0.4161419312800613,0.0,0.0005964375492451823,0,4,0
2026092815,maest,unweighted,1.0,temperature,94,246,0.13294685760587385,0.4164138789111853,0.00032159109547783005,0.0009180286447230124,0,4,0
2026092815,maest,unweighted,1.0,platt,94,246,0.13202882896115084,0.41478399590341475,-0.0005964375492451823,0.0,0,4,0
2026092815,maest,unweighted,1.0,beta,94,246,0.13101183649842935,0.4131111765471744,-0.0016134300119666767,-0.0010169924627214944,0,4,1
2026092815,maest,unweighted,1.0,isotonic,94,246,0.13533611901186426,0.7348543603828429,0.0027108525014682416,0.003307290050713424,0,4,0
2026092815,maest,unweighted,1.0,ridge_platt,94,246,0.1325007058064657,0.4156962846825222,-0.00012456070393032648,0.00047187684531485585,0,4,0
2026092815,mert_v0,ambient_balanced,0.25,raw,24,62,0.15131156963259348,0.4680527276164599,0.0,0.010273943985308898,0,4,0
2026092815,mert_v0,ambient_balanced,0.25,prior_offset,24,62,0.14046994193904958,0.44086678173668065,-0.01084162769354391,-0.0005676837082350117,0,4,0
2026092815,mert_v0,ambient_balanced,0.25,temperature,24,62,0.15146261261536048,0.46534072151538275,0.0001510429827669968,0.010424986968075894,0,4,0
2026092815,mert_v0,ambient_balanced,0.25,platt,24,62,0.1410376256472846,0.43897295657579566,-0.010273943985308898,0.0,0,4,0
2026092815,mert_v0,ambient_balanced,0.25,beta,24,62,0.1409534391340749,0.4477337205075852,-0.01035813049851858,-8.418651320968307e-05,0,4,3
2026092815,mert_v0,ambient_balanced,0.25,isotonic,24,62,0.15126608440958125,0.8845711352987693,-4.548522301223157e-05,0.010228458762296666,0,4,0
2026092815,mert_v0,ambient_balanced,0.25,ridge_platt,24,62,0.14581512785007955,0.4532291653296418,-0.005496441782513933,0.004777502202794964,0,4,0
2026092815,mert_v0,ambient_balanced,0.5,raw,47,140,0.15131156963259348,0.4680527276164599,0.0,0.01201508054172204,0,4,0
2026092815,mert_v0,ambient_balanced,0.5,prior_offset,47,140,0.14046994193904958,0.44086678173668065,-0.01084162769354391,0.0011734528481781303,0,4,0
2026092815,mert_v0,ambient_balanced,0.5,temperature,47,140,0.15106615238954577,0.46460933597931586,-0.0002454172430477186,0.011769663298674321,0,4,0
2026092815,mert_v0,ambient_balanced,0.5,platt,47,140,0.13929648909087144,0.43514362400081713,-0.01201508054172204,0.0,0,4,0
2026092815,mert_v0,ambient_balanced,0.5,beta,47,140,0.13945968709759882,0.44505340714230435,-0.011851882534994668,0.00016319800672737195,0,4,3
2026092815,mert_v0,ambient_balanced,0.5,isotonic,47,140,0.1419464913617772,0.7904013640073031,-0.009365078270816285,0.0026500022709057547,0,4,0
2026092815,mert_v0,ambient_balanced,0.5,ridge_platt,47,140,0.14449887899250646,0.4480425077547095,-0.006812690640087021,0.005202389901635018,0,4,0
2026092815,mert_v0,ambient_balanced,1.0,raw,94,246,0.15131156963259348,0.4680527276164599,0.0,0.012358601660886842,0,4,0
2026092815,mert_v0,ambient_balanced,1.0,prior_offset,94,246,0.14046994193904958,0.44086678173668065,-0.01084162769354391,0.0015169739673429328,0,4,0
2026092815,mert_v0,ambient_balanced,1.0,temperature,94,246,0.15082634798489275,0.4641654866649005,-0.0004852216477007343,0.011873380013186108,0,4,0
2026092815,mert_v0,ambient_balanced,1.0,platt,94,246,0.13895296797170664,0.4348323522323915,-0.012358601660886842,0.0,0,4,0
2026092815,mert_v0,ambient_balanced,1.0,beta,94,246,0.13875225879350897,0.44337624792856856,-0.012559310839084514,-0.0002007091781976722,0,4,2
2026092815,mert_v0,ambient_balanced,1.0,isotonic,94,246,0.13895187063827663,0.6751315071584891,-0.012359698994316853,-1.0973334300112825e-06,0,4,0
2026092815,mert_v0,ambient_balanced,1.0,ridge_platt,94,246,0.1391110178072875,0.4357030892370027,-0.012200551825305994,0.00015804983558084795,0,4,0
2026092815,mert_v0,unweighted,0.25,raw,24,62,0.14081247359482388,0.441951107082338,0.0,-0.0003039662977807889,0,4,0
2026092815,mert_v0,unweighted,0.25,prior_offset,24,62,0.14081247359482388,0.441951107082338,0.0,-0.0003039662977807889,0,4,0
2026092815,mert_v0,unweighted,0.25,temperature,24,62,0.14050022624102876,0.43917516020487235,-0.0003122473537951198,-0.0006162136515759087,0,4,0
2026092815,mert_v0,unweighted,0.25,platt,24,62,0.14111643989260467,0.44005964663583275,0.0003039662977807889,0.0,0,4,0
2026092815,mert_v0,unweighted,0.25,beta,24,62,0.14165723680711836,0.45067013714441984,0.0008447632122944859,0.000540796914513697,0,4,3
2026092815,mert_v0,unweighted,0.25,isotonic,24,62,0.15300717042675982,1.1359078934502596,0.012194696831935942,0.011890730534155153,0,4,0
2026092815,mert_v0,unweighted,0.25,ridge_platt,24,62,0.14067327892832235,0.4411585855576491,-0.00013919466650152978,-0.00044316096428231866,0,4,0
2026092815,mert_v0,unweighted,0.5,raw,47,140,0.14081247359482388,0.441951107082338,0.0,0.0011141582025775143,0,4,0
2026092815,mert_v0,unweighted,0.5,prior_offset,47,140,0.14081247359482388,0.441951107082338,0.0,0.0011141582025775143,0,4,0
2026092815,mert_v0,unweighted,0.5,temperature,47,140,0.14011985536582378,0.4380512573488675,-0.0006926182290001026,0.0004215399735774117,0,4,0
2026092815,mert_v0,unweighted,0.5,platt,47,140,0.13969831539224636,0.4366709884112575,-0.0011141582025775143,0.0,0,4,0
2026092815,mert_v0,unweighted,0.5,beta,47,140,0.1403556417625063,0.44810579098450565,-0.00045683183231756685,0.0006573263702599474,0,4,3
2026092815,mert_v0,unweighted,0.5,isotonic,47,140,0.14375637592990415,0.7620908009145653,0.0029439023350802673,0.004058060537657782,0,4,0
2026092815,mert_v0,unweighted,0.5,ridge_platt,47,140,0.14041859669900394,0.43842290662913297,-0.00039387689581993346,0.0007202813067575808,0,4,0
2026092815,mert_v0,unweighted,1.0,raw,94,246,0.14081247359482388,0.441951107082338,0.0,0.00141208646413013,0,4,0
2026092815,mert_v0,unweighted,1.0,prior_offset,94,246,0.14081247359482388,0.441951107082338,0.0,0.00141208646413013,0,4,0
2026092815,mert_v0,unweighted,1.0,temperature,94,246,0.14013004238776033,0.43761171276116323,-0.0006824312070635441,0.000729655257066586,0,4,0
2026092815,mert_v0,unweighted,1.0,platt,94,246,0.13940038713069375,0.4365545977898901,-0.00141208646413013,0.0,0,4,0
2026092815,mert_v0,unweighted,1.0,beta,94,246,0.1396376238239651,0.4464111988227051,-0.0011748497708587713,0.00023723669327135877,0,4,2
2026092815,mert_v0,unweighted,1.0,isotonic,94,246,0.13959688054591834,0.6445969864613545,-0.0012155930489055333,0.00019649341522459673,0,4,0
2026092815,mert_v0,unweighted,1.0,ridge_platt,94,246,0.14005653050475736,0.4383643040950517,-0.0007559430900665187,0.0006561433740636113,0,4,0
2026092815,mert_v1,ambient_balanced,0.25,raw,24,62,0.1506441676537454,0.4682289107946979,0.0,0.010938762616608172,0,4,0
2026092815,mert_v1,ambient_balanced,0.25,prior_offset,24,62,0.1394611373821961,0.4393559126525431,-0.011183030271549294,-0.00024426765494112157,0,4,0
2026092815,mert_v1,ambient_balanced,0.25,temperature,24,62,0.1502176034154183,0.4642754195655964,-0.00042656423832709844,0.010512198378281074,0,4,0
2026092815,mert_v1,ambient_balanced,0.25,platt,24,62,0.13970540503713721,0.4372360128081172,-0.010938762616608172,0.0,0,4,0
2026092815,mert_v1,ambient_balanced,0.25,beta,24,62,0.1395906483036864,0.4398323705533838,-0.011053519350058993,-0.00011475673345082149,0,4,3
2026092815,mert_v1,ambient_balanced,0.25,isotonic,24,62,0.15135764866309212,0.8409571201452806,0.0007134810093467336,0.011652243625954906,0,4,0
2026092815,mert_v1,ambient_balanced,0.25,ridge_platt,24,62,0.14450346408734402,0.45263641798766313,-0.006140703566401368,0.004798059050206804,0,4,0
2026092815,mert_v1,ambient_balanced,0.5,raw,47,140,0.1506441676537454,0.4682289107946979,0.0,0.012877545544825064,0,4,0
2026092815,mert_v1,ambient_balanced,0.5,prior_offset,47,140,0.1394611373821961,0.4393559126525431,-0.011183030271549294,0.0016945152732757707,0,4,0
2026092815,mert_v1,ambient_balanced,0.5,temperature,47,140,0.14928770820924084,0.462822499372111,-0.0013564594445045486,0.011521086100320516,0,4,0
2026092815,mert_v1,ambient_balanced,0.5,platt,47,140,0.13776662210892032,0.4340189400846686,-0.012877545544825064,0.0,0,4,0
2026092815,mert_v1,ambient_balanced,0.5,beta,47,140,0.13774642404583046,0.43707562840299036,-0.01289774360791493,-2.0198063089865714e-05,0,4,3
2026092815,mert_v1,ambient_balanced,0.5,isotonic,47,140,0.14930963808227776,1.0896069179241625,-0.0013345295714676242,0.01154301597335744,0,4,0
2026092815,mert_v1,ambient_balanced,0.5,ridge_platt,47,140,0.1432088506678299,0.4479313941903258,-0.0074353169859154855,0.005442228558909579,0,4,0
2026092815,mert_v1,ambient_balanced,1.0,raw,94,246,0.1506441676537454,0.4682289107946979,0.0,0.013504636350466698,0,4,0
2026092815,mert_v1,ambient_balanced,1.0,prior_offset,94,246,0.1394611373821961,0.4393559126525431,-0.011183030271549294,0.0023216060789174042,0,4,0
2026092815,mert_v1,ambient_balanced,1.0,temperature,94,246,0.1493679548369871,0.46229118532673286,-0.0012762128167582987,0.012228423533708399,0,4,0
2026092815,mert_v1,ambient_balanced,1.0,platt,94,246,0.1371395313032787,0.43153985245755666,-0.013504636350466698,0.0,0,4,0
2026092815,mert_v1,ambient_balanced,1.0,beta,94,246,0.13641913900812094,0.4332271071004286,-0.014225028645624443,-0.0007203922951577457,0,4,2
2026092815,mert_v1,ambient_balanced,1.0,isotonic,94,246,0.14249109932222684,0.8600598523291794,-0.008153068331518548,0.00535156801894815,0,4,0
2026092815,mert_v1,ambient_balanced,1.0,ridge_platt,94,246,0.13794799337907826,0.43494631107943765,-0.012696174274667127,0.0008084620757995709,0,4,0
2026092815,mert_v1,unweighted,0.25,raw,24,62,0.13974253334924108,0.4406328008105079,0.0,-0.0005327557081370726,0,4,0
2026092815,mert_v1,unweighted,0.25,prior_offset,24,62,0.13974253334924108,0.4406328008105079,0.0,-0.0005327557081370726,0,4,0
2026092815,mert_v1,unweighted,0.25,temperature,24,62,0.13932939040997872,0.43819184101984604,-0.00041314293926236756,-0.0009458986473994402,0,4,0
2026092815,mert_v1,unweighted,0.25,platt,24,62,0.14027528905737816,0.4389367333961287,0.0005327557081370726,0.0,0,4,0
2026092815,mert_v1,unweighted,0.25,beta,24,62,0.1406610736786893,0.4430191962516921,0.0009185403294482142,0.00038578462131114155,0,4,3
2026092815,mert_v1,unweighted,0.25,isotonic,24,62,0.15114549404435446,0.8414255431883376,0.011402960695113373,0.0108702049869763,0,4,0
2026092815,mert_v1,unweighted,0.25,ridge_platt,24,62,0.13974253334924108,0.4406328008105079,0.0,-0.0005327557081370726,0,4,0
2026092815,mert_v1,unweighted,0.5,raw,47,140,0.13974253334924108,0.4406328008105079,0.0,0.0015225953779821055,0,4,0
2026092815,mert_v1,unweighted,0.5,prior_offset,47,140,0.13974253334924108,0.4406328008105079,0.0,0.0015225953779821055,0,4,0
2026092815,mert_v1,unweighted,0.5,temperature,47,140,0.1381630133958451,0.4357596255844392,-0.0015795199533959747,-5.6924575413869194e-05,0,4,0
2026092815,mert_v1,unweighted,0.5,platt,47,140,0.13821993797125898,0.43543781625134853,-0.0015225953779821055,0.0,0,4,0
2026092815,mert_v1,unweighted,0.5,beta,47,140,0.13858472024729307,0.43971549936901244,-0.0011578131019480131,0.0003647822760340924,0,4,3
2026092815,mert_v1,unweighted,0.5,isotonic,47,140,0.14961188726041777,1.0199374175232017,0.009869353911176687,0.011391949289158793,0,4,0
2026092815,mert_v1,unweighted,0.5,ridge_platt,47,140,0.1392755881305116,0.4378135316830398,-0.00046694521872947536,0.0010556501592526302,0,4,0
2026092815,mert_v1,unweighted,1.0,raw,94,246,0.13974253334924108,0.4406328008105079,0.0,0.002130466278197962,0,4,0
2026092815,mert_v1,unweighted,1.0,prior_offset,94,246,0.13974253334924108,0.4406328008105079,0.0,0.002130466278197962,0,4,0
2026092815,mert_v1,unweighted,1.0,temperature,94,246,0.13837628723688344,0.4346558467868473,-0.0013662461123576386,0.0007642201658403236,0,4,0
2026092815,mert_v1,unweighted,1.0,platt,94,246,0.13761206707104312,0.43321443691617095,-0.002130466278197962,0.0,0,4,0
2026092815,mert_v1,unweighted,1.0,beta,94,246,0.13734157530878702,0.4363543571612097,-0.0024009580404540654,-0.00027049176225610316,0,4,2
2026092815,mert_v1,unweighted,1.0,isotonic,94,246,0.14314034862372824,0.7930768705891481,0.0033978152744871537,0.005528281552685116,0,4,0
2026092815,mert_v1,unweighted,1.0,ridge_platt,94,246,0.13900087155280028,0.4374980997438112,-0.0007416617964408068,0.0013888044817571554,0,4,0
2026092816,maest,ambient_balanced,0.25,raw,24,58,0.13927856474249856,0.43255662564990943,0.0,0.005551457863474107,0,4,0
2026092816,maest,ambient_balanced,0.25,prior_offset,24,58,0.12565009907011096,0.3989970574934786,-0.013628465672387596,-0.008077007808913489,0,4,0
2026092816,maest,ambient_balanced,0.25,temperature,24,58,0.14107274254214236,0.4400880354197354,0.0017941777996438035,0.007345635663117911,0,4,0
2026092816,maest,ambient_balanced,0.25,platt,24,58,0.13372710687902445,0.42018052056434174,-0.005551457863474107,0.0,0,4,0
2026092816,maest,ambient_balanced,0.25,beta,24,58,0.13441029826402448,0.42056260690163405,-0.004868266478474076,0.0006831913850000315,0,4,0
2026092816,maest,ambient_balanced,0.25,isotonic,24,58,0.1436654181882017,0.9944294704435047,0.004386853445703137,0.009938311309177245,0,4,0
2026092816,maest,ambient_balanced,0.25,ridge_platt,24,58,0.133029130137662,0.41922945136230455,-0.006249434604836568,-0.0006979767413624605,0,4,0
2026092816,maest,ambient_balanced,0.5,raw,47,108,0.13927856474249856,0.43255662564990943,0.0,0.012640298770271563,0,4,0
2026092816,maest,ambient_balanced,0.5,prior_offset,47,108,0.12565009907011096,0.3989970574934786,-0.013628465672387596,-0.0009881669021160333,0,4,0
2026092816,maest,ambient_balanced,0.5,temperature,47,108,0.1400896153429129,0.4339177451894556,0.000811050600414337,0.0134513493706859,0,4,0
2026092816,maest,ambient_balanced,0.5,platt,47,108,0.126638265972227,0.39986888953510147,-0.012640298770271563,0.0,0,4,0
2026092816,maest,ambient_balanced,0.5,beta,47,108,0.12666552499896633,0.40054313564993904,-0.012613039743532228,2.725902673933467e-05,0,4,2
2026092816,maest,ambient_balanced,0.5,isotonic,47,108,0.13230527099032655,0.5942773573669544,-0.006973293752172011,0.005667005018099552,0,4,0
2026092816,maest,ambient_balanced,0.5,ridge_platt,47,108,0.12505214180708296,0.3972010829749907,-0.014226422935415595,-0.0015861241651440317,0,4,0
2026092816,maest,ambient_balanced,1.0,raw,94,234,0.13927856474249856,0.43255662564990943,0.0,0.012095460649829332,0,4,0
2026092816,maest,ambient_balanced,1.0,prior_offset,94,234,0.12565009907011096,0.3989970574934786,-0.013628465672387596,-0.0015330050225582648,0,4,0
2026092816,maest,ambient_balanced,1.0,temperature,94,234,0.14052182704684568,0.43567399094755116,0.0012432623043471258,0.013338722954176457,0,4,0
2026092816,maest,ambient_balanced,1.0,platt,94,234,0.12718310409266922,0.4022749884608412,-0.012095460649829332,0.0,0,4,0
2026092816,maest,ambient_balanced,1.0,beta,94,234,0.1275775181099054,0.40354088393422793,-0.011701046632593165,0.00039441401723616654,0,4,1
2026092816,maest,ambient_balanced,1.0,isotonic,94,234,0.12969128090415527,0.5605609472190736,-0.009587283838343286,0.002508176811486046,0,4,0
2026092816,maest,ambient_balanced,1.0,ridge_platt,94,234,0.12546982065645584,0.39735249237405024,-0.013808744086042712,-0.0017132834362133809,0,4,0
2026092816,maest,unweighted,0.25,raw,24,58,0.12577019503101403,0.3986440379056687,0.0,-0.007849966917277684,0,4,0
2026092816,maest,unweighted,0.25,prior_offset,24,58,0.12577019503101403,0.3986440379056687,0.0,-0.007849966917277684,0,4,0
2026092816,maest,unweighted,0.25,temperature,24,58,0.12800418120207502,0.4082812003525084,0.002233986171060992,-0.005615980746216692,0,4,0
2026092816,maest,unweighted,0.25,platt,24,58,0.1336201619482917,0.41989477308351897,0.007849966917277684,0.0,0,4,0
2026092816,maest,unweighted,0.25,beta,24,58,0.1343721617856116,0.42045311944323527,0.008601966754597568,0.0007519998373198833,0,4,0
2026092816,maest,unweighted,0.25,isotonic,24,58,0.14303097833717401,1.0247003231499936,0.017260783306159988,0.009410816388882304,0,4,0
2026092816,maest,unweighted,0.25,ridge_platt,24,58,0.12891656841026528,0.4089696182190002,0.0031463733792512494,-0.004703593538026435,0,4,0
2026092816,maest,unweighted,0.5,raw,47,108,0.12577019503101403,0.3986440379056687,0.0,-0.0007936100620135056,0,4,0
2026092816,maest,unweighted,0.5,prior_offset,47,108,0.12577019503101403,0.3986440379056687,0.0,-0.0007936100620135056,0,4,0
2026092816,maest,unweighted,0.5,temperature,47,108,0.126534811704333,0.40019210573884934,0.0007646166733189796,-2.8993388694525946e-05,0,4,0
2026092816,maest,unweighted,0.5,platt,47,108,0.12656380509302753,0.3995888646306479,0.0007936100620135056,0.0,0,4,0
2026092816,maest,unweighted,0.5,beta,47,108,0.12664000580023632,0.39947585979600075,0.0008698107692222956,7.620070720879002e-05,0,4,2
2026092816,maest,unweighted,0.5,isotonic,47,108,0.13149939641072114,0.6223616524751576,0.005729201379707116,0.004935591317693611,0,4,0
2026092816,maest,unweighted,0.5,ridge_platt,47,108,0.1257761548600987,0.3987767936772942,5.959829084661861e-06,-0.0007876502329288437,0,4,0
2026092816,maest,unweighted,1.0,raw,94,234,0.12577019503101403,0.3986440379056687,0.0,-0.0012848457468924435,0,4,0
2026092816,maest,unweighted,1.0,prior_offset,94,234,0.12577019503101403,0.3986440379056687,0.0,-0.0012848457468924435,0,4,0
2026092816,maest,unweighted,1.0,temperature,94,234,0.12742303448547282,0.4033578680233795,0.0016528394544587932,0.00036799370756634975,0,4,0
2026092816,maest,unweighted,1.0,platt,94,234,0.12705504077790647,0.4018778508938736,0.0012848457468924435,0.0,0,4,0
2026092816,maest,unweighted,1.0,beta,94,234,0.12740733017651748,0.40220677386109394,0.0016371351455034544,0.00035228939861101094,0,4,1
2026092816,maest,unweighted,1.0,isotonic,94,234,0.1291251696835843,0.5591537972715716,0.003354974652570286,0.0020701289056778427,0,4,0
2026092816,maest,unweighted,1.0,ridge_platt,94,234,0.1251811307060392,0.39636244020660766,-0.0005890643249748251,-0.0018739100718672685,0,4,0
2026092816,mert_v0,ambient_balanced,0.25,raw,24,58,0.15600803366124588,0.4790004666718601,0.0,0.007243001758419909,0,4,0
2026092816,mert_v0,ambient_balanced,0.25,prior_offset,24,58,0.14124854766754816,0.44141211058158675,-0.014759485993697724,-0.007516484235277815,0,4,0
2026092816,mert_v0,ambient_balanced,0.25,temperature,24,58,0.15889137467345069,0.48838667757625065,0.002883341012204804,0.010126342770624713,0,4,0
2026092816,mert_v0,ambient_balanced,0.25,platt,24,58,0.14876503190282597,0.46285610205901573,-0.007243001758419909,0.0,0,4,0
2026092816,mert_v0,ambient_balanced,0.25,beta,24,58,0.14540868117710595,0.4607389010562809,-0.010599352484139929,-0.00335635072572002,0,4,2
2026092816,mert_v0,ambient_balanced,0.25,isotonic,24,58,0.15071600404780947,0.9618919327545088,-0.005292029613436416,0.0019509721449834927,0,4,0
2026092816,mert_v0,ambient_balanced,0.25,ridge_platt,24,58,0.14549024877027367,0.45636156769274827,-0.010517784890972215,-0.003274783132552306,0,4,0
2026092816,mert_v0,ambient_balanced,0.5,raw,47,108,0.15600803366124588,0.4790004666718601,0.0,0.015690605293391224,0,4,0
2026092816,mert_v0,ambient_balanced,0.5,prior_offset,47,108,0.14124854766754816,0.44141211058158675,-0.014759485993697724,0.0009311192996935003,0,4,0
2026092816,mert_v0,ambient_balanced,0.5,temperature,47,108,0.1589410530917667,0.48416868435270727,0.0029330194305208224,0.018623624723912047,0,4,0
2026092816,mert_v0,ambient_balanced,0.5,platt,47,108,0.14031742836785466,0.44010030003346445,-0.015690605293391224,0.0,0,4,0
2026092816,mert_v0,ambient_balanced,0.5,beta,47,108,0.13971345985574965,0.4364007118223314,-0.016294573805496232,-0.0006039685121050076,0,4,2
2026092816,mert_v0,ambient_balanced,0.5,isotonic,47,108,0.140282229548658,0.6521780495389642,-0.015725804112587893,-3.519881919666901e-05,0,4,0
2026092816,mert_v0,ambient_balanced,0.5,ridge_platt,47,108,0.14011938932079557,0.44061533880258114,-0.015888644340450314,-0.0001980390470590898,0,4,0
2026092816,mert_v0,ambient_balanced,1.0,raw,94,234,0.15600803366124588,0.4790004666718601,0.0,0.015193884097958271,0,4,0
2026092816,mert_v0,ambient_balanced,1.0,prior_offset,94,234,0.14124854766754816,0.44141211058158675,-0.014759485993697724,0.00043439810426054715,0,4,0
2026092816,mert_v0,ambient_balanced,1.0,temperature,94,234,0.15829475607500165,0.4837285428470771,0.0022867224137557707,0.017480606511714042,0,4,0
2026092816,mert_v0,ambient_balanced,1.0,platt,94,234,0.1408141495632876,0.44121206781877786,-0.015193884097958271,0.0,0,4,0
2026092816,mert_v0,ambient_balanced,1.0,beta,94,234,0.14040247372351938,0.43897516982611645,-0.015605559937726499,-0.0004116758397682274,0,4,1
2026092816,mert_v0,ambient_balanced,1.0,isotonic,94,234,0.14093682413320663,0.6557715632761185,-0.015071209528039253,0.00012267456991901793,0,4,0
2026092816,mert_v0,ambient_balanced,1.0,ridge_platt,94,234,0.14100448467674057,0.44053865884128135,-0.015003548984505316,0.00019033511345295517,0,4,0
2026092816,mert_v0,unweighted,0.25,raw,24,58,0.14077913473767262,0.44036738635640194,0.0,-0.008057619613895756,0,4,0
2026092816,mert_v0,unweighted,0.25,prior_offset,24,58,0.14077913473767262,0.44036738635640194,0.0,-0.008057619613895756,0,4,0
2026092816,mert_v0,unweighted,0.25,temperature,24,58,0.1444188542806124,0.4517446953407833,0.00363971954293979,-0.004417900070955966,0,4,0
2026092816,mert_v0,unweighted,0.25,platt,24,58,0.14883675435156837,0.46298940202987016,0.008057619613895756,0.0,0,4,0
2026092816,mert_v0,unweighted,0.25,beta,24,58,0.1459007496657538,0.4616349389508984,0.005121614928081192,-0.002936004685814564,0,4,2
2026092816,mert_v0,unweighted,0.25,isotonic,24,58,0.15071004185559458,0.9927419654064128,0.009930907117921967,0.001873287504026211,0,4,0
2026092816,mert_v0,unweighted,0.25,ridge_platt,24,58,0.14237992992749302,0.4478937433114577,0.0016007951898203976,-0.006456824424075358,0,4,0
2026092816,mert_v0,unweighted,0.5,raw,47,108,0.14077913473767262,0.44036738635640194,0.0,0.0005410729018381633,0,4,0
2026092816,mert_v0,unweighted,0.5,prior_offset,47,108,0.14077913473767262,0.44036738635640194,0.0,0.0005410729018381633,0,4,0
2026092816,mert_v0,unweighted,0.5,temperature,47,108,0.1416232856802331,0.4418382985137363,0.0008441509425604898,0.001385223844398653,0,4,0
2026092816,mert_v0,unweighted,0.5,platt,47,108,0.14023806183583445,0.439875358848407,-0.0005410729018381633,0.0,0,4,0
2026092816,mert_v0,unweighted,0.5,beta,47,108,0.13994855112569404,0.4373388393376504,-0.0008305836119785748,-0.0002895107101404115,0,4,2
2026092816,mert_v0,unweighted,0.5,isotonic,47,108,0.14024556812363342,0.6838169964155362,-0.0005335666140391937,7.5062877989695576e-06,0,4,0
2026092816,mert_v0,unweighted,0.5,ridge_platt,47,108,0.14077913473767262,0.44036738635640194,0.0,0.0005410729018381633,0,4,0
2026092816,mert_v0,unweighted,1.0,raw,94,234,0.14077913473767262,0.44036738635640194,0.0,0.0001522875234521992,0,4,0
2026092816,mert_v0,unweighted,1.0,prior_offset,94,234,0.14077913473767262,0.44036738635640194,0.0,0.0001522875234521992,0,4,0
2026092816,mert_v0,unweighted,1.0,temperature,94,234,0.14259653625096863,0.44471544306551375,0.001817401513296013,0.0019696890367482123,0,4,0
2026092816,mert_v0,unweighted,1.0,platt,94,234,0.14062684721422042,0.4407928512817339,-0.0001522875234521992,0.0,0,4,0
2026092816,mert_v0,unweighted,1.0,beta,94,234,0.14054217155758955,0.4394613564732737,-0.00023696318008306627,-8.467565663086707e-05,0,4,1
2026092816,mert_v0,unweighted,1.0,isotonic,94,234,0.14041925421163448,0.6537808481392697,-0.0003598805260381366,-0.00020759300258593738,0,4,0
2026092816,mert_v0,unweighted,1.0,ridge_platt,94,234,0.14146741317790587,0.4406126196202567,0.0006882784402332531,0.0008405659636854523,0,4,0
2026092816,mert_v1,ambient_balanced,0.25,raw,24,58,0.1576919361103717,0.48347753907259383,0.0,0.009981868927154303,0,4,0
2026092816,mert_v1,ambient_balanced,0.25,prior_offset,24,58,0.1406499290159976,0.43923156988079765,-0.01704200709437409,-0.007060138167219787,0,4,0
2026092816,mert_v1,ambient_balanced,0.25,temperature,24,58,0.1604663816445979,0.49208650147803235,0.0027744455342262053,0.012756314461380508,0,4,0
2026092816,mert_v1,ambient_balanced,0.25,platt,24,58,0.1477100671832174,0.45798927686460306,-0.009981868927154303,0.0,0,4,0
2026092816,mert_v1,ambient_balanced,0.25,beta,24,58,0.14393504551917888,0.4535886920998759,-0.01375689059119281,-0.003775021664038508,0,4,2
2026092816,mert_v1,ambient_balanced,0.25,isotonic,24,58,0.14886127014988587,1.0783984730434213,-0.008830665960485817,0.0011512029666684853,0,4,0
2026092816,mert_v1,ambient_balanced,0.25,ridge_platt,24,58,0.14586141927128798,0.4561214630331925,-0.011830516839083705,-0.001848647911929402,0,4,0
2026092816,mert_v1,ambient_balanced,0.5,raw,47,108,0.1576919361103717,0.48347753907259383,0.0,0.017979892264947922,0,4,0
2026092816,mert_v1,ambient_balanced,0.5,prior_offset,47,108,0.1406499290159976,0.43923156988079765,-0.01704200709437409,0.0009378851705738322,0,4,0
2026092816,mert_v1,ambient_balanced,0.5,temperature,47,108,0.16013435077980717,0.48603428957848216,0.002442414669435483,0.020422306934383405,0,4,0
2026092816,mert_v1,ambient_balanced,0.5,platt,47,108,0.13971204384542377,0.4373552101088074,-0.017979892264947922,0.0,0,4,0
2026092816,mert_v1,ambient_balanced,0.5,beta,47,108,0.1385190840935728,0.43353472648693836,-0.019172852016798886,-0.0011929597518509638,0,4,3
2026092816,mert_v1,ambient_balanced,0.5,isotonic,47,108,0.13785395751376855,0.5864517008473011,-0.019837978596603134,-0.001858086331655212,0,4,0
2026092816,mert_v1,ambient_balanced,0.5,ridge_platt,47,108,0.13906653984798478,0.4359641905019597,-0.018625396262386906,-0.0006455039974389842,0,4,0
2026092816,mert_v1,ambient_balanced,1.0,raw,94,234,0.1576919361103717,0.48347753907259383,0.0,0.017635208241563588,0,4,0
2026092816,mert_v1,ambient_balanced,1.0,prior_offset,94,234,0.1406499290159976,0.43923156988079765,-0.01704200709437409,0.0005932011471894982,0,4,0
2026092816,mert_v1,ambient_balanced,1.0,temperature,94,234,0.15953467393985005,0.4858673015717814,0.001842737829478358,0.019477946071041946,0,4,0
2026092816,mert_v1,ambient_balanced,1.0,platt,94,234,0.1400567278688081,0.4385783158171085,-0.017635208241563588,0.0,0,4,0
2026092816,mert_v1,ambient_balanced,1.0,beta,94,234,0.13910465143681078,0.43633375030501903,-0.01858728467356091,-0.000952076431997323,0,4,2
2026092816,mert_v1,ambient_balanced,1.0,isotonic,94,234,0.13617671371312548,0.5808532146700237,-0.02151522239724621,-0.0038800141556826206,0,4,0
2026092816,mert_v1,ambient_balanced,1.0,ridge_platt,94,234,0.14005568487704778,0.4373790024517603,-0.017636251233323907,-1.0429917603194117e-06,0,4,0
2026092816,mert_v1,unweighted,0.25,raw,24,58,0.14035444762834862,0.4389497653531667,0.0,-0.007244849697830208,0,4,0
2026092816,mert_v1,unweighted,0.25,prior_offset,24,58,0.14035444762834862,0.4389497653531667,0.0,-0.007244849697830208,0,4,0
2026092816,mert_v1,unweighted,0.25,temperature,24,58,0.14471019409385585,0.45152073625892186,0.0043557464655072375,-0.0028891032323229704,0,4,0
2026092816,mert_v1,unweighted,0.25,platt,24,58,0.14759929732617882,0.4578363938747824,0.007244849697830208,0.0,0,4,0
2026092816,mert_v1,unweighted,0.25,beta,24,58,0.14467621263895422,0.4538081116860653,0.004321765010605605,-0.002923084687224603,0,4,2
2026092816,mert_v1,unweighted,0.25,isotonic,24,58,0.14945516315574733,1.0797809181874682,0.009100715527398717,0.0018558658295685093,0,4,0
2026092816,mert_v1,unweighted,0.25,ridge_platt,24,58,0.1417953881597266,0.4452764149149317,0.001440940531377971,-0.005803909166452237,0,4,0
2026092816,mert_v1,unweighted,0.5,raw,47,108,0.14035444762834862,0.4389497653531667,0.0,0.0007363970979481216,0,4,0
2026092816,mert_v1,unweighted,0.5,prior_offset,47,108,0.14035444762834862,0.4389497653531667,0.0,0.0007363970979481216,0,4,0
2026092816,mert_v1,unweighted,0.5,temperature,47,108,0.1417090766893957,0.4408960934039391,0.0013546290610470801,0.0020910261589952017,0,4,0
2026092816,mert_v1,unweighted,0.5,platt,47,108,0.1396180505304005,0.4371769977179383,-0.0007363970979481216,0.0,0,4,0
2026092816,mert_v1,unweighted,0.5,beta,47,108,0.13879540451287115,0.4343045927437502,-0.0015590431154774709,-0.0008226460175293493,0,4,3
2026092816,mert_v1,unweighted,0.5,isotonic,47,108,0.1375924245632447,0.5854930436764484,-0.0027620230651039246,-0.002025625967155803,0,4,0
2026092816,mert_v1,unweighted,0.5,ridge_platt,47,108,0.1401508612772809,0.43695109782462727,-0.00020358635106770828,0.0005328107468804133,0,4,0
2026092816,mert_v1,unweighted,1.0,raw,94,234,0.14035444762834862,0.4389497653531667,0.0,0.00047741410884047375,0,4,0
2026092816,mert_v1,unweighted,1.0,prior_offset,94,234,0.14035444762834862,0.4389497653531667,0.0,0.00047741410884047375,0,4,0
2026092816,mert_v1,unweighted,1.0,temperature,94,234,0.14234463799078936,0.4433121950672978,0.001990190362440747,0.0024676044712812206,0,4,0
2026092816,mert_v1,unweighted,1.0,platt,94,234,0.13987703351950814,0.438305356434306,-0.00047741410884047375,0.0,0,4,0
2026092816,mert_v1,unweighted,1.0,beta,94,234,0.13933579027983267,0.4369703115808046,-0.0010186573485159445,-0.0005412432396754707,0,4,2
2026092816,mert_v1,unweighted,1.0,isotonic,94,234,0.13593279461086102,0.579640002576383,-0.004421653017487592,-0.003944238908647119,0,4,0
2026092816,mert_v1,unweighted,1.0,ridge_platt,94,234,0.14077792522870602,0.4379511398677687,0.0004234776003574081,0.0009008917091978819,0,4,0
2026092817,maest,ambient_balanced,0.25,raw,24,50,0.13394550768491897,0.419875662478343,0.0,-0.00995507143563129,0,4,0
2026092817,maest,ambient_balanced,0.25,prior_offset,24,50,0.12777693576979715,0.4055852474871383,-0.006168571915121823,-0.016123643350753114,0,4,0
2026092817,maest,ambient_balanced,0.25,temperature,24,50,0.14006991132968705,0.484361034219806,0.006124403644768073,-0.003830667790863218,0,4,0
2026092817,maest,ambient_balanced,0.25,platt,24,50,0.14390057912055026,0.4838516700766257,0.00995507143563129,0.0,0,4,0
2026092817,maest,ambient_balanced,0.25,beta,24,50,0.1465756734095904,0.4955265104856266,0.012630165724671433,0.002675094289040142,0,4,2
2026092817,maest,ambient_balanced,0.25,isotonic,24,50,0.15549968087167917,1.624825179984795,0.0215541731867602,0.01159910175112891,0,4,0
2026092817,maest,ambient_balanced,0.25,ridge_platt,24,50,0.13810177318829375,0.4631015709189919,0.004156265503374779,-0.005798805932256512,0,4,0
2026092817,maest,ambient_balanced,0.5,raw,47,101,0.13394550768491897,0.419875662478343,0.0,0.004144086134723668,0,4,0
2026092817,maest,ambient_balanced,0.5,prior_offset,47,101,0.12777693576979715,0.4055852474871383,-0.006168571915121823,-0.0020244857803981553,0,4,0
2026092817,maest,ambient_balanced,0.5,temperature,47,101,0.13469098993097262,0.42434556586320005,0.0007454822460536414,0.004889568380777309,0,4,0
2026092817,maest,ambient_balanced,0.5,platt,47,101,0.1298014215501953,0.4121929697769944,-0.004144086134723668,0.0,0,4,0
2026092817,maest,ambient_balanced,0.5,beta,47,101,0.1328316579377891,0.4272977138760281,-0.0011138497471298858,0.003030236387593782,0,4,1
2026092817,maest,ambient_balanced,0.5,isotonic,47,101,0.13675107829793132,0.9125654487119497,0.0028055706130123426,0.0069496567477360105,0,4,0
2026092817,maest,ambient_balanced,0.5,ridge_platt,47,101,0.12816235733505052,0.40702171488766403,-0.0057831503498684544,-0.0016390642151447865,0,4,0
2026092817,maest,ambient_balanced,1.0,raw,94,239,0.13394550768491897,0.419875662478343,0.0,0.004369777542473002,0,4,0
2026092817,maest,ambient_balanced,1.0,prior_offset,94,239,0.12777693576979715,0.4055852474871383,-0.006168571915121823,-0.001798794372648821,0,4,0
2026092817,maest,ambient_balanced,1.0,temperature,94,239,0.13425993693248425,0.42153911840260183,0.0003144292475652788,0.004684206790038281,0,4,0
2026092817,maest,ambient_balanced,1.0,platt,94,239,0.12957573014244597,0.4100272318685634,-0.004369777542473002,0.0,0,4,0
2026092817,maest,ambient_balanced,1.0,beta,94,239,0.13118131029690855,0.41770357815126224,-0.0027641973880104254,0.001605580154462577,0,4,0
2026092817,maest,ambient_balanced,1.0,isotonic,94,239,0.1312868926326263,0.7378450950983874,-0.0026586150522926733,0.001711162490180329,0,4,0
2026092817,maest,ambient_balanced,1.0,ridge_platt,94,239,0.12911477551682193,0.4082288445036821,-0.0048307321680970405,-0.0004609546256240382,0,4,0
2026092817,maest,unweighted,0.25,raw,24,50,0.12707403624674107,0.4031252942070308,0.0,-0.016589652338855787,0,4,0
2026092817,maest,unweighted,0.25,prior_offset,24,50,0.12707403624674107,0.4031252942070308,0.0,-0.016589652338855787,0,4,0
2026092817,maest,unweighted,0.25,temperature,24,50,0.13267517831258308,0.4652882746738339,0.005601142065842002,-0.010988510273013785,0,4,0
2026092817,maest,unweighted,0.25,platt,24,50,0.14366368858559686,0.4832192559089357,0.016589652338855787,0.0,0,4,0
2026092817,maest,unweighted,0.25,beta,24,50,0.14610599231208335,0.49463533704344353,0.019031956065342276,0.002442303726486489,0,4,2
2026092817,maest,unweighted,0.25,isotonic,24,50,0.15520689705827106,1.6229293552280892,0.02813286081152999,0.011543208472674205,0,4,0
2026092817,maest,unweighted,0.25,ridge_platt,24,50,0.13448332443806846,0.4542385250948604,0.0074092881913273845,-0.009180364147528403,0,4,0
2026092817,maest,unweighted,0.5,raw,47,101,0.12707403624674107,0.4031252942070308,0.0,-0.0024806856506931485,0,4,0
2026092817,maest,unweighted,0.5,prior_offset,47,101,0.12707403624674107,0.4031252942070308,0.0,-0.0024806856506931485,0,4,0
2026092817,maest,unweighted,0.5,temperature,47,101,0.1278711246582588,0.4075911471340234,0.0007970884115177379,-0.0016835972391754106,0,4,0
2026092817,maest,unweighted,0.5,platt,47,101,0.12955472189743422,0.41161860351574175,0.0024806856506931485,0.0,0,4,0
2026092817,maest,unweighted,0.5,beta,47,101,0.1318782966033422,0.4253208811677388,0.004804260356601114,0.002323574705907966,0,4,1
2026092817,maest,unweighted,0.5,isotonic,47,101,0.1359659528623156,0.9105220992030367,0.008891916615574535,0.006411230964881387,0,4,0
2026092817,maest,unweighted,0.5,ridge_platt,47,101,0.12721358004780892,0.403954615506991,0.00013954380106784292,-0.0023411418496253056,0,4,0
2026092817,maest,unweighted,1.0,raw,94,239,0.12707403624674107,0.4031252942070308,0.0,-0.00218963079789683,0,4,0
2026092817,maest,unweighted,1.0,prior_offset,94,239,0.12707403624674107,0.4031252942070308,0.0,-0.00218963079789683,0,4,0
2026092817,maest,unweighted,1.0,temperature,94,239,0.12732535186984248,0.40429033976643514,0.00025131562310140576,-0.0019383151747954241,0,4,0
2026092817,maest,unweighted,1.0,platt,94,239,0.1292636670446379,0.40931684037348376,0.00218963079789683,0.0,0,4,0
2026092817,maest,unweighted,1.0,beta,94,239,0.13068067735540556,0.41657982693270623,0.003606641108664488,0.001417010310767658,0,4,1
2026092817,maest,unweighted,1.0,isotonic,94,239,0.13066670043185083,0.7361588179917424,0.0035926641851097563,0.0014030333872129264,0,4,0
2026092817,maest,unweighted,1.0,ridge_platt,94,239,0.12880271241901387,0.40751845300860245,0.0017286761722727917,-0.0004609546256240382,0,4,0
2026092817,mert_v0,ambient_balanced,0.25,raw,24,50,0.15155504154096103,0.4704871467250034,0.0,-0.007248063714007269,0,4,0
2026092817,mert_v0,ambient_balanced,0.25,prior_offset,24,50,0.14296235789761982,0.4486066931506926,-0.008592683643341203,-0.015840747357348473,0,4,0
2026092817,mert_v0,ambient_balanced,0.25,temperature,24,50,0.1540013651063975,0.502717825426251,0.0024463235654364757,-0.004801740148570793,0,4,0
2026092817,mert_v0,ambient_balanced,0.25,platt,24,50,0.1588031052549683,0.5428109241899098,0.007248063714007269,0.0,0,4,1
2026092817,mert_v0,ambient_balanced,0.25,beta,24,50,0.15949302760133457,0.5442796913272471,0.007937986060373547,0.0006899223463662785,0,4,3
2026092817,mert_v0,ambient_balanced,0.25,isotonic,24,50,0.16802090518271545,1.5966884138208495,0.016465863641754425,0.009217799927747156,0,4,0
2026092817,mert_v0,ambient_balanced,0.25,ridge_platt,24,50,0.15656352259950698,0.5350720952270303,0.005008481058545955,-0.002239582655461314,0,4,1
2026092817,mert_v0,ambient_balanced,0.5,raw,47,101,0.15155504154096103,0.4704871467250034,0.0,0.00983115772304452,0,4,0
2026092817,mert_v0,ambient_balanced,0.5,prior_offset,47,101,0.14296235789761982,0.4486066931506926,-0.008592683643341203,0.0012384740797033167,0,4,0
2026092817,mert_v0,ambient_balanced,0.5,temperature,47,101,0.15068384141814684,0.46932016858932857,-0.0008712001228141919,0.008959957600230328,0,4,0
2026092817,mert_v0,ambient_balanced,0.5,platt,47,101,0.1417238838179165,0.4458716704016633,-0.00983115772304452,0.0,0,4,0
2026092817,mert_v0,ambient_balanced,0.5,beta,47,101,0.14150302682414048,0.4443060389196013,-0.010052014716820545,-0.0002208569937760252,0,4,2
2026092817,mert_v0,ambient_balanced,0.5,isotonic,47,101,0.14719970818361455,0.8844552602359416,-0.004355333357346475,0.005475824365698045,0,4,0
2026092817,mert_v0,ambient_balanced,0.5,ridge_platt,47,101,0.14219215586495043,0.4463628224194901,-0.009362885676010596,0.0004682720470339241,0,4,0
2026092817,mert_v0,ambient_balanced,1.0,raw,94,239,0.15155504154096103,0.4704871467250034,0.0,0.009434764403193435,0,4,0
2026092817,mert_v0,ambient_balanced,1.0,prior_offset,94,239,0.14296235789761982,0.4486066931506926,-0.008592683643341203,0.0008420807598522317,0,4,0
2026092817,mert_v0,ambient_balanced,1.0,temperature,94,239,0.15077541504734332,0.4682646192377161,-0.0007796264936177077,0.008655137909575727,0,4,0
2026092817,mert_v0,ambient_balanced,1.0,platt,94,239,0.1421202771377676,0.4455374811151625,-0.009434764403193435,0.0,0,4,0
2026092817,mert_v0,ambient_balanced,1.0,beta,94,239,0.14197206225650535,0.4451358730684388,-0.009582979284455673,-0.00014821488126223747,0,4,2
2026092817,mert_v0,ambient_balanced,1.0,isotonic,94,239,0.14499059221884494,0.6144183792733355,-0.006564449322116084,0.0028703150810773514,0,4,0
2026092817,mert_v0,ambient_balanced,1.0,ridge_platt,94,239,0.14334124597901543,0.4491475463857406,-0.008213795561945597,0.0012209688412478381,0,4,0
2026092817,mert_v0,unweighted,0.25,raw,24,50,0.1424506894068714,0.4470462966699809,0.0,-0.01609682005960672,0,4,0
2026092817,mert_v0,unweighted,0.25,prior_offset,24,50,0.1424506894068714,0.4470462966699809,0.0,-0.01609682005960672,0,4,0
2026092817,mert_v0,unweighted,0.25,temperature,24,50,0.14619073353394976,0.4837403194164032,0.0037400441270783735,-0.012356775932528347,0,4,0
2026092817,mert_v0,unweighted,0.25,platt,24,50,0.1585475094664781,0.5421736978641497,0.01609682005960672,0.0,0,4,1
2026092817,mert_v0,unweighted,0.25,beta,24,50,0.1589562434327921,0.5423324741577279,0.016505554025920716,0.0004087339663139955,0,4,3
2026092817,mert_v0,unweighted,0.25,isotonic,24,50,0.16556340418303442,1.4221344889193777,0.02311271477616303,0.007015894716556309,0,4,0
2026092817,mert_v0,unweighted,0.25,ridge_platt,24,50,0.1558975891670915,0.5331262519626101,0.013446899760220121,-0.002649920299386599,0,4,1
2026092817,mert_v0,unweighted,0.5,raw,47,101,0.1424506894068714,0.4470462966699809,0.0,0.0009316954511211506,0,4,0
2026092817,mert_v0,unweighted,0.5,prior_offset,47,101,0.1424506894068714,0.4470462966699809,0.0,0.0009316954511211506,0,4,0
2026092817,mert_v0,unweighted,0.5,temperature,47,101,0.14196472847349234,0.44651164346686334,-0.0004859609333790482,0.0004457345177421024,0,4,0
2026092817,mert_v0,unweighted,0.5,platt,47,101,0.14151899395575024,0.4451942658068532,-0.0009316954511211506,0.0,0,4,0
2026092817,mert_v0,unweighted,0.5,beta,47,101,0.1410754062872927,0.44287507816688865,-0.0013752831195786852,-0.0004435876684575346,0,4,2
2026092817,mert_v0,unweighted,0.5,isotonic,47,101,0.14694160231461728,0.8505467497733992,0.004490912907745892,0.005422608358867043,0,4,0
2026092817,mert_v0,unweighted,0.5,ridge_platt,47,101,0.14234799614816682,0.4464676076310644,-0.00010269325870457258,0.000829002192416578,0,4,0
2026092817,mert_v0,unweighted,1.0,raw,94,239,0.1424506894068714,0.4470462966699809,0.0,0.0006236292328463955,0,4,0
2026092817,mert_v0,unweighted,1.0,prior_offset,94,239,0.1424506894068714,0.4470462966699809,0.0,0.0006236292328463955,0,4,0
2026092817,mert_v0,unweighted,1.0,temperature,94,239,0.14191184211081814,0.4454120776712367,-0.0005388472960532464,8.478193679314905e-05,0,4,0
2026092817,mert_v0,unweighted,1.0,platt,94,239,0.141827060174025,0.44477972980970165,-0.0006236292328463955,0.0,0,4,0
2026092817,mert_v0,unweighted,1.0,beta,94,239,0.1415245538186513,0.4439259948978356,-0.0009261355882200784,-0.00030250635537368287,0,4,2
2026092817,mert_v0,unweighted,1.0,isotonic,94,239,0.14469231811375105,0.6447291227240044,0.0022416287068796614,0.002865257939726057,0,4,0
2026092817,mert_v0,unweighted,1.0,ridge_platt,94,239,0.1424506894068714,0.4470462966699809,0.0,0.0006236292328463955,0,4,0
2026092817,mert_v1,ambient_balanced,0.25,raw,24,50,0.15439091452007545,0.47508873932729256,0.0,-0.007225240229821989,0,4,0
2026092817,mert_v1,ambient_balanced,0.25,prior_offset,24,50,0.14387173035595094,0.45016962619977086,-0.010519184164124507,-0.017744424393946495,0,4,0
2026092817,mert_v1,ambient_balanced,0.25,temperature,24,50,0.15996637618327808,0.5267359372911603,0.0055754616632026355,-0.0016497785666193532,0,4,0
2026092817,mert_v1,ambient_balanced,0.25,platt,24,50,0.16161615474989743,0.5476348413345407,0.007225240229821989,0.0,0,4,0
2026092817,mert_v1,ambient_balanced,0.25,beta,24,50,0.16355204895555914,0.5500938087704229,0.009161134435483692,0.0019358942056617034,0,4,3
2026092817,mert_v1,ambient_balanced,0.25,isotonic,24,50,0.16940506844206898,1.49150007078699,0.01501415392199354,0.007788913692171551,0,4,0
2026092817,mert_v1,ambient_balanced,0.25,ridge_platt,24,50,0.15896151687806742,0.5381289922814132,0.004570602357991976,-0.0026546378718300123,0,4,0
2026092817,mert_v1,ambient_balanced,0.5,raw,47,101,0.15439091452007545,0.47508873932729256,0.0,0.009849644776733668,0,4,0
2026092817,mert_v1,ambient_balanced,0.5,prior_offset,47,101,0.14387173035595094,0.45016962619977086,-0.010519184164124507,-0.0006695393873908384,0,4,0
2026092817,mert_v1,ambient_balanced,0.5,temperature,47,101,0.15499768742714304,0.4785246367377506,0.0006067729070675931,0.010456417683801261,0,4,0
2026092817,mert_v1,ambient_balanced,0.5,platt,47,101,0.14454126974334178,0.4529326720891742,-0.009849644776733668,0.0,0,4,0
2026092817,mert_v1,ambient_balanced,0.5,beta,47,101,0.14678926267788858,0.4569622099160948,-0.007601651842186863,0.0022479929345468053,0,4,3
2026092817,mert_v1,ambient_balanced,0.5,isotonic,47,101,0.15124604919111706,0.6990651800510863,-0.003144865328958385,0.006704779447775283,0,4,0
2026092817,mert_v1,ambient_balanced,0.5,ridge_platt,47,101,0.14420487730785372,0.4512278378812296,-0.010186037212221721,-0.0003363924354880532,0,4,0
2026092817,mert_v1,ambient_balanced,1.0,raw,94,239,0.15439091452007545,0.47508873932729256,0.0,0.010778142565491339,0,4,0
2026092817,mert_v1,ambient_balanced,1.0,prior_offset,94,239,0.14387173035595094,0.45016962619977086,-0.010519184164124507,0.00025895840136683224,0,4,0
2026092817,mert_v1,ambient_balanced,1.0,temperature,94,239,0.15400394192838313,0.47349637115989746,-0.00038697259169231946,0.01039116997379902,0,4,0
2026092817,mert_v1,ambient_balanced,1.0,platt,94,239,0.1436127719545841,0.4479608814284723,-0.010778142565491339,0.0,0,4,0
2026092817,mert_v1,ambient_balanced,1.0,beta,94,239,0.14406128006693877,0.44927483095965126,-0.010329634453136671,0.0004485081123546675,0,4,1
2026092817,mert_v1,ambient_balanced,1.0,isotonic,94,239,0.14558435169916434,0.6112757819996297,-0.008806562820911107,0.001971579744580232,0,4,0
2026092817,mert_v1,ambient_balanced,1.0,ridge_platt,94,239,0.14452920230918173,0.45122867258241134,-0.009861712210893714,0.0009164303545976249,0,4,0
2026092817,mert_v1,unweighted,0.25,raw,24,50,0.14356237262777938,0.44924570573844685,0.0,-0.01783346284804896,0,4,0
2026092817,mert_v1,unweighted,0.25,prior_offset,24,50,0.14356237262777938,0.44924570573844685,0.0,-0.01783346284804896,0,4,0
2026092817,mert_v1,unweighted,0.25,temperature,24,50,0.15006776473589412,0.5056448941773704,0.006505392108114738,-0.01132807073993422,0,4,0
2026092817,mert_v1,unweighted,0.25,platt,24,50,0.16139583547582834,0.5477647216662199,0.01783346284804896,0.0,0,4,0
2026092817,mert_v1,unweighted,0.25,beta,24,50,0.1631193423760915,0.5487558894684358,0.019556969748312114,0.0017235069002631553,0,4,3
2026092817,mert_v1,unweighted,0.25,isotonic,24,50,0.16929751384446995,1.4579623831076685,0.02573514121669057,0.007901678368641613,0,4,0
2026092817,mert_v1,unweighted,0.25,ridge_platt,24,50,0.1580214500265806,0.5359226471913547,0.014459077398801229,-0.00337438544924773,0,4,0
2026092817,mert_v1,unweighted,0.5,raw,47,101,0.14356237262777938,0.44924570573844685,0.0,-0.0009827763439737014,0,4,0
2026092817,mert_v1,unweighted,0.5,prior_offset,47,101,0.14356237262777938,0.44924570573844685,0.0,-0.0009827763439737014,0,4,0
2026092817,mert_v1,unweighted,0.5,temperature,47,101,0.14415770900901856,0.45265235586759556,0.000595336381239181,-0.0003874399627345204,0,4,0
2026092817,mert_v1,unweighted,0.5,platt,47,101,0.14454514897175308,0.45314783239952644,0.0009827763439737014,0.0,0,4,0
2026092817,mert_v1,unweighted,0.5,beta,47,101,0.14657260340340236,0.4564901533209297,0.003010230775622985,0.0020274544316492837,0,4,3
2026092817,mert_v1,unweighted,0.5,isotonic,47,101,0.1511029758119481,0.6966033055631807,0.007540603184168715,0.0065578268401950135,0,4,0
2026092817,mert_v1,unweighted,0.5,ridge_platt,47,101,0.14397533552957925,0.45090318945303115,0.0004129629017998737,-0.0005698134421738277,0,4,0
2026092817,mert_v1,unweighted,1.0,raw,94,239,0.14356237262777938,0.44924570573844685,0.0,6.730155171111307e-05,0,4,0
2026092817,mert_v1,unweighted,1.0,prior_offset,94,239,0.14356237262777938,0.44924570573844685,0.0,6.730155171111307e-05,0,4,0
2026092817,mert_v1,unweighted,1.0,temperature,94,239,0.14313412075648507,0.44754833336024014,-0.0004282518712943051,-0.000360950319583192,0,4,0
2026092817,mert_v1,unweighted,1.0,platt,94,239,0.14349507107606826,0.447895716266207,-6.730155171111307e-05,0.0,0,4,0
2026092817,mert_v1,unweighted,1.0,beta,94,239,0.14363470072209264,0.4484336864599461,7.232809431326204e-05,0.0001396296460243751,0,4,1
2026092817,mert_v1,unweighted,1.0,isotonic,94,239,0.1453306806875912,0.676538478068554,0.0017683080598118184,0.0018356096115229315,0,4,0
2026092817,mert_v1,unweighted,1.0,ridge_platt,94,239,0.1443388742214569,0.4509980398945146,0.0007765015936775088,0.0008438031453886219,0,4,0
2026092818,maest,ambient_balanced,0.25,raw,24,64,0.13242659467478496,0.4161373649241842,0.0,0.0002565658869197185,0,4,0
2026092818,maest,ambient_balanced,0.25,prior_offset,24,64,0.1263255033846111,0.4035869937871819,-0.00610109129017386,-0.005844525403254142,0,4,0
2026092818,maest,ambient_balanced,0.25,temperature,24,64,0.1403486359186987,0.4480321572700445,0.007922041243913741,0.00817860713083346,0,4,0
2026092818,maest,ambient_balanced,0.25,platt,24,64,0.13217002878786524,0.4280654700897184,-0.0002565658869197185,0.0,0,4,1
2026092818,maest,ambient_balanced,0.25,beta,24,64,0.13290153803262908,0.4260347769170727,0.0004749433578441209,0.0007315092447638394,0,4,2
2026092818,maest,ambient_balanced,0.25,isotonic,24,64,0.13676559697182022,0.871023746666614,0.004339002297035266,0.0045955681839549845,0,4,0
2026092818,maest,ambient_balanced,0.25,ridge_platt,24,64,0.13277592322429127,0.4188367457634126,0.0003493285495063114,0.0006058944364260299,0,4,0
2026092818,maest,ambient_balanced,0.5,raw,47,108,0.13242659467478496,0.4161373649241842,0.0,5.690859732943032e-05,0,4,0
2026092818,maest,ambient_balanced,0.5,prior_offset,47,108,0.1263255033846111,0.4035869937871819,-0.00610109129017386,-0.00604418269284443,0,4,0
2026092818,maest,ambient_balanced,0.5,temperature,47,108,0.13538578221983263,0.4339881451368063,0.0029591875450476757,0.003016096142377106,0,4,0
2026092818,maest,ambient_balanced,0.5,platt,47,108,0.13236968607745553,0.4273384069715878,-5.690859732943032e-05,0.0,0,4,1
2026092818,maest,ambient_balanced,0.5,beta,47,108,0.1317478806447832,0.4285794007148523,-0.000678714030001748,-0.0006218054326723177,0,4,2
2026092818,maest,ambient_balanced,0.5,isotonic,47,108,0.13212975993410536,0.830369477765299,-0.0002968347406795968,-0.0002399261433501665,0,4,0
2026092818,maest,ambient_balanced,0.5,ridge_platt,47,108,0.13076916123671678,0.41780625717957354,-0.0016574334380681788,-0.0016005248407387485,0,4,1
2026092818,maest,ambient_balanced,1.0,raw,94,232,0.13242659467478496,0.4161373649241842,0.0,0.004439584512321765,0,4,0
2026092818,maest,ambient_balanced,1.0,prior_offset,94,232,0.1263255033846111,0.4035869937871819,-0.00610109129017386,-0.0016615067778520953,0,4,0
2026092818,maest,ambient_balanced,1.0,temperature,94,232,0.1343102382123113,0.42493368295786954,0.0018836435375263472,0.006323228049848112,0,4,0
2026092818,maest,ambient_balanced,1.0,platt,94,232,0.1279870101624632,0.4091360988262853,-0.004439584512321765,0.0,0,4,0
2026092818,maest,ambient_balanced,1.0,beta,94,232,0.1298169897281355,0.4111111207933693,-0.0026096049466494686,0.0018299795656722961,0,4,1
2026092818,maest,ambient_balanced,1.0,isotonic,94,232,0.12875613612467177,0.4715842434118532,-0.0036704585501131926,0.0007691259622085722,0,4,0
2026092818,maest,ambient_balanced,1.0,ridge_platt,94,232,0.12636074796290578,0.40308990089593766,-0.00606584671187918,-0.0016262621995574156,0,4,0
2026092818,maest,unweighted,0.25,raw,24,64,0.12496107708455753,0.3981376502127121,0.0,-0.006381388914142666,0,4,0
2026092818,maest,unweighted,0.25,prior_offset,24,64,0.12496107708455753,0.3981376502127121,0.0,-0.006381388914142666,0,4,0
2026092818,maest,unweighted,0.25,temperature,24,64,0.13311318714437387,0.4306767137680273,0.008152110059816337,0.0017707211456736704,0,4,0
2026092818,maest,unweighted,0.25,platt,24,64,0.1313424659987002,0.42561931064543435,0.006381388914142666,0.0,0,4,1
2026092818,maest,unweighted,0.25,beta,24,64,0.13206612434112322,0.4234978862915225,0.007105047256565689,0.0007236583424230225,0,4,3
2026092818,maest,unweighted,0.25,isotonic,24,64,0.13576558755472237,0.8680468003772874,0.010804510470164841,0.004423121556022175,0,4,0
2026092818,maest,unweighted,0.25,ridge_platt,24,64,0.1252045809561156,0.400525535191353,0.00024350387155808173,-0.006137885042584584,0,4,0
2026092818,maest,unweighted,0.5,raw,47,108,0.12496107708455753,0.3981376502127121,0.0,-0.006903766019942803,0,4,0
2026092818,maest,unweighted,0.5,prior_offset,47,108,0.12496107708455753,0.3981376502127121,0.0,-0.006903766019942803,0,4,0
2026092818,maest,unweighted,0.5,temperature,47,108,0.12718032782664462,0.41264725308176486,0.002219250742087092,-0.004684515277855711,0,4,0
2026092818,maest,unweighted,0.5,platt,47,108,0.13186484310450033,0.4257435721171659,0.006903766019942803,0.0,0,4,1
2026092818,maest,unweighted,0.5,beta,47,108,0.1309328339592565,0.4261154278841697,0.005971756874698975,-0.0009320091452438284,0,4,3
2026092818,maest,unweighted,0.5,isotonic,47,108,0.1312726331916514,0.8282324250144715,0.0063115561070938575,-0.0005922099128489455,0,4,0
2026092818,maest,unweighted,0.5,ridge_platt,47,108,0.13011053154814978,0.41554190635415555,0.005149454463592246,-0.0017543115563505574,0,4,1
2026092818,maest,unweighted,1.0,raw,94,232,0.12496107708455753,0.3981376502127121,0.0,-0.002454061166868887,0,4,0
2026092818,maest,unweighted,1.0,prior_offset,94,232,0.12496107708455753,0.3981376502127121,0.0,-0.002454061166868887,0,4,0
2026092818,maest,unweighted,1.0,temperature,94,232,0.1267766304817016,0.4063765445121357,0.0018155533971440652,-0.000638507769724822,0,4,0
2026092818,maest,unweighted,1.0,platt,94,232,0.12741513825142642,0.40764738730130656,0.002454061166868887,0.0,0,4,0
2026092818,maest,unweighted,1.0,beta,94,232,0.12839085795698263,0.4076129828219073,0.0034297808724250978,0.0009757197055562106,0,4,1
2026092818,maest,unweighted,1.0,isotonic,94,232,0.12922078377680443,0.47181872803049396,0.004259706692246901,0.0018056455253780135,0,4,0
2026092818,maest,unweighted,1.0,ridge_platt,94,232,0.12556283117170317,0.40089723729714904,0.0006017540871456339,-0.0018523070797232533,0,4,0
2026092818,mert_v0,ambient_balanced,0.25,raw,24,64,0.15630134283231867,0.47897186519340956,0.0,0.007641891166179415,0,4,0
2026092818,mert_v0,ambient_balanced,0.25,prior_offset,24,64,0.14443305014473,0.4507357797009966,-0.011868292687588655,-0.00422640152140924,0,4,0
2026092818,mert_v0,ambient_balanced,0.25,temperature,24,64,0.16108080374291156,0.5018187389552456,0.004779460910592892,0.012421352076772307,0,4,0
2026092818,mert_v0,ambient_balanced,0.25,platt,24,64,0.14865945166613925,0.48105131120803046,-0.007641891166179415,0.0,0,4,1
2026092818,mert_v0,ambient_balanced,0.25,beta,24,64,0.1483760186842532,0.48659466520276407,-0.00792532414806546,-0.0002834329818860448,0,4,3
2026092818,mert_v0,ambient_balanced,0.25,isotonic,24,64,0.1502587816327052,1.5018563161170715,-0.0060425611996134665,0.0015993299665659488,0,4,0
2026092818,mert_v0,ambient_balanced,0.25,ridge_platt,24,64,0.1572665763215452,0.4836324739939629,0.0009652334892265302,0.008607124655405946,0,4,0
2026092818,mert_v0,ambient_balanced,0.5,raw,47,108,0.15630134283231867,0.47897186519340956,0.0,0.010853620893333193,0,4,0
2026092818,mert_v0,ambient_balanced,0.5,prior_offset,47,108,0.14443305014473,0.4507357797009966,-0.011868292687588655,-0.0010146717942554617,0,4,0
2026092818,mert_v0,ambient_balanced,0.5,temperature,47,108,0.1584779986583175,0.4987319394203081,0.0021766558259988245,0.013030276719332018,0,4,0
2026092818,mert_v0,ambient_balanced,0.5,platt,47,108,0.14544772193898547,0.48325450755907434,-0.010853620893333193,0.0,0,4,0
2026092818,mert_v0,ambient_balanced,0.5,beta,47,108,0.14359593753791539,0.48474636632467594,-0.012705405294403282,-0.001851784401070089,0,4,3
2026092818,mert_v0,ambient_balanced,0.5,isotonic,47,108,0.150215184514934,1.3794807603709502,-0.0060861583173846545,0.004767462575948539,0,4,0
2026092818,mert_v0,ambient_balanced,0.5,ridge_platt,47,108,0.1447205032572397,0.4753450456696139,-0.011580839575078966,-0.0007272186817457726,0,4,0
2026092818,mert_v0,ambient_balanced,1.0,raw,94,232,0.15630134283231867,0.47897186519340956,0.0,0.014188719156111446,0,4,0
2026092818,mert_v0,ambient_balanced,1.0,prior_offset,94,232,0.14443305014473,0.4507357797009966,-0.011868292687588655,0.0023204264685227904,0,4,0
2026092818,mert_v0,ambient_balanced,1.0,temperature,94,232,0.15633596431399652,0.4801848283076125,3.462148167784895e-05,0.014223340637789295,0,4,0
2026092818,mert_v0,ambient_balanced,1.0,platt,94,232,0.14211262367620722,0.4489749954728224,-0.014188719156111446,0.0,0,4,0
2026092818,mert_v0,ambient_balanced,1.0,beta,94,232,0.14252825076248465,0.4453938581049606,-0.013773092069834014,0.0004156270862774314,0,4,3
2026092818,mert_v0,ambient_balanced,1.0,isotonic,94,232,0.14582945203942888,0.6199051826969127,-0.010471890792889793,0.0037168283632216526,0,4,0
2026092818,mert_v0,ambient_balanced,1.0,ridge_platt,94,232,0.1422700918570141,0.4498140207570181,-0.014031250975304554,0.00015746818080689118,0,4,0
2026092818,mert_v0,unweighted,0.25,raw,24,64,0.14383312528452857,0.4490031779814187,0.0,-0.0046198679200342985,0,4,0
2026092818,mert_v0,unweighted,0.25,prior_offset,24,64,0.14383312528452857,0.4490031779814187,0.0,-0.0046198679200342985,0,4,0
2026092818,mert_v0,unweighted,0.25,temperature,24,64,0.14875869962118543,0.47406457519253775,0.004925574336656857,0.0003057064166225587,0,4,0
2026092818,mert_v0,unweighted,0.25,platt,24,64,0.14845299320456287,0.4807244545095378,0.0046198679200342985,0.0,0,4,1
2026092818,mert_v0,unweighted,0.25,beta,24,64,0.14840972325938107,0.4867679145358642,0.004576597974852492,-4.326994518180638e-05,0,4,4
2026092818,mert_v0,unweighted,0.25,isotonic,24,64,0.1534530227970207,1.4770681704563353,0.00961989751249212,0.005000029592457822,0,4,0
2026092818,mert_v0,unweighted,0.25,ridge_platt,24,64,0.14464402254466333,0.45335457973148763,0.0008108972601347519,-0.0038089706598995465,0,4,0
2026092818,mert_v0,unweighted,0.5,raw,47,108,0.14383312528452857,0.4490031779814187,0.0,-0.0013154512624557468,0,4,0
2026092818,mert_v0,unweighted,0.5,prior_offset,47,108,0.14383312528452857,0.4490031779814187,0.0,-0.0013154512624557468,0,4,0
2026092818,mert_v0,unweighted,0.5,temperature,47,108,0.14580256805118746,0.46818661174866655,0.001969442766658891,0.0006539915042031441,0,4,0
2026092818,mert_v0,unweighted,0.5,platt,47,108,0.14514857654698432,0.4827786440300594,0.0013154512624557468,0.0,0,4,0
2026092818,mert_v0,unweighted,0.5,beta,47,108,0.14325127314202432,0.4841706989660075,-0.0005818521425042522,-0.001897303404959999,0,4,3
2026092818,mert_v0,unweighted,0.5,isotonic,47,108,0.1510944196401228,1.3502076974417405,0.007261294355594222,0.005945843093138475,0,4,0
2026092818,mert_v0,unweighted,0.5,ridge_platt,47,108,0.14442156659288952,0.474765076789161,0.000588441308360943,-0.0007270099540948038,0,4,0
2026092818,mert_v0,unweighted,1.0,raw,94,232,0.14383312528452857,0.4490031779814187,0.0,0.0019785402940689645,0,4,0
2026092818,mert_v0,unweighted,1.0,prior_offset,94,232,0.14383312528452857,0.4490031779814187,0.0,0.0019785402940689645,0,4,0
2026092818,mert_v0,unweighted,1.0,temperature,94,232,0.1440235724112455,0.4515646435805833,0.00019044712671692499,0.0021689874207858895,0,4,0
2026092818,mert_v0,unweighted,1.0,platt,94,232,0.1418545849904596,0.4487724083375168,-0.0019785402940689645,0.0,0,4,0
2026092818,mert_v0,unweighted,1.0,beta,94,232,0.1421398774857332,0.4450930274868775,-0.001693247798795372,0.00028529249527359246,0,4,3
2026092818,mert_v0,unweighted,1.0,isotonic,94,232,0.14576846736694066,0.6207012529298094,0.0019353420824120837,0.003913882376481048,0,4,0
2026092818,mert_v0,unweighted,1.0,ridge_platt,94,232,0.14138326833186193,0.4481580517654409,-0.0024498569526666403,-0.0004713166585976758,0,4,0
2026092818,mert_v1,ambient_balanced,0.25,raw,24,64,0.15782969449920206,0.4826748373272127,0.0,0.003776857996330346,0,4,0
2026092818,mert_v1,ambient_balanced,0.25,prior_offset,24,64,0.1460964969214961,0.45322027778799356,-0.011733197577705967,-0.007956339581375621,0,4,0
2026092818,mert_v1,ambient_balanced,0.25,temperature,24,64,0.16514394252628808,0.5153744733444094,0.007314248027086023,0.01109110602341637,0,4,0
2026092818,mert_v1,ambient_balanced,0.25,platt,24,64,0.15405283650287172,0.49150214330802916,-0.003776857996330346,0.0,0,4,0
2026092818,mert_v1,ambient_balanced,0.25,beta,24,64,0.15366540016931524,0.5004384213320661,-0.004164294329886825,-0.000387436333556479,0,4,2
2026092818,mert_v1,ambient_balanced,0.25,isotonic,24,64,0.16446606457107177,1.966245777572463,0.006636370071869707,0.010413228068200053,0,4,0
2026092818,mert_v1,ambient_balanced,0.25,ridge_platt,24,64,0.15774721242165213,0.48202439056870294,-8.248207754993353e-05,0.0036943759187804126,0,4,0
2026092818,mert_v1,ambient_balanced,0.5,raw,47,108,0.15782969449920206,0.4826748373272127,0.0,0.007998596018820525,0,4,0
2026092818,mert_v1,ambient_balanced,0.5,prior_offset,47,108,0.1460964969214961,0.45322027778799356,-0.011733197577705967,-0.003734601558885442,0,4,0
2026092818,mert_v1,ambient_balanced,0.5,temperature,47,108,0.16239919853331666,0.5127081571938984,0.004569504034114602,0.012568100052935127,0,4,0
2026092818,mert_v1,ambient_balanced,0.5,platt,47,108,0.14983109848038154,0.49304293373780284,-0.007998596018820525,0.0,0,4,0
2026092818,mert_v1,ambient_balanced,0.5,beta,47,108,0.14891264193253267,0.5036419156477192,-0.008917052566669387,-0.0009184565478488615,0,4,3
2026092818,mert_v1,ambient_balanced,0.5,isotonic,47,108,0.15835194490423415,1.4922274545693908,0.0005222504050320931,0.008520846423852618,0,4,0
2026092818,mert_v1,ambient_balanced,0.5,ridge_platt,47,108,0.14872129420456096,0.4828960344034572,-0.009108400294641106,-0.0011098042758205806,0,4,0
2026092818,mert_v1,ambient_balanced,1.0,raw,94,232,0.15782969449920206,0.4826748373272127,0.0,0.012598562264832358,0,4,0
2026092818,mert_v1,ambient_balanced,1.0,prior_offset,94,232,0.1460964969214961,0.45322027778799356,-0.011733197577705967,0.0008653646871263909,0,4,0
2026092818,mert_v1,ambient_balanced,1.0,temperature,94,232,0.15846865449103426,0.4855132908583174,0.0006389599918321942,0.013237522256664552,0,4,0
2026092818,mert_v1,ambient_balanced,1.0,platt,94,232,0.1452311322343697,0.456258225527671,-0.012598562264832358,0.0,0,4,0
2026092818,mert_v1,ambient_balanced,1.0,beta,94,232,0.14532941731723448,0.4543163592526855,-0.012500277181967584,9.828508286477411e-05,0,4,1
2026092818,mert_v1,ambient_balanced,1.0,isotonic,94,232,0.15121184857428493,0.8294184224083243,-0.006617845924917126,0.005980716339915232,0,4,0
2026092818,mert_v1,ambient_balanced,1.0,ridge_platt,94,232,0.14533753045616812,0.45456082160889655,-0.012492164043033938,0.00010639822179842051,0,4,0
2026092818,mert_v1,unweighted,0.25,raw,24,64,0.14561095456332607,0.4521780377046617,0.0,-0.007970445990635011,0,4,0
2026092818,mert_v1,unweighted,0.25,prior_offset,24,64,0.14561095456332607,0.4521780377046617,0.0,-0.007970445990635011,0,4,0
2026092818,mert_v1,unweighted,0.25,temperature,24,64,0.15237589311232294,0.4846359350840998,0.006764938548996874,-0.0012055074416381373,0,4,0
2026092818,mert_v1,unweighted,0.25,platt,24,64,0.15358140055396108,0.4904271051082582,0.007970445990635011,0.0,0,4,0
2026092818,mert_v1,unweighted,0.25,beta,24,64,0.1534307970310062,0.4998650941292292,0.007819842467680138,-0.000150603522954873,0,4,3
2026092818,mert_v1,unweighted,0.25,isotonic,24,64,0.1660504478246603,2.0357441973063657,0.020439493261334235,0.012469047270699224,0,4,0
2026092818,mert_v1,unweighted,0.25,ridge_platt,24,64,0.14675109078818388,0.4546879393779766,0.0011401362248578129,-0.006830309765777198,0,4,0
2026092818,mert_v1,unweighted,0.5,raw,47,108,0.14561095456332607,0.4521780377046617,0.0,-0.0038817695755467008,0,4,0
2026092818,mert_v1,unweighted,0.5,prior_offset,47,108,0.14561095456332607,0.4521780377046617,0.0,-0.0038817695755467008,0,4,0
2026092818,mert_v1,unweighted,0.5,temperature,47,108,0.1501105909657982,0.4821229788076823,0.00449963640247214,0.0006178668269254395,0,4,0
2026092818,mert_v1,unweighted,0.5,platt,47,108,0.14949272413887277,0.492533164774853,0.0038817695755467008,0.0,0,4,0
2026092818,mert_v1,unweighted,0.5,beta,47,108,0.14889612657929832,0.503361388103152,0.003285172015972254,-0.0005965975595744466,0,4,3
2026092818,mert_v1,unweighted,0.5,isotonic,47,108,0.15719189432227626,1.5883337525469994,0.011580939758950193,0.007699170183403492,0,4,0
2026092818,mert_v1,unweighted,0.5,ridge_platt,47,108,0.14835827053750722,0.48276443551697046,0.0027473159741811526,-0.0011344536013655482,0,4,0
2026092818,mert_v1,unweighted,1.0,raw,94,232,0.14561095456332607,0.4521780377046617,0.0,0.000665030182231019,0,4,0
2026092818,mert_v1,unweighted,1.0,prior_offset,94,232,0.14561095456332607,0.4521780377046617,0.0,0.000665030182231019,0,4,0
2026092818,mert_v1,unweighted,1.0,temperature,94,232,0.14627789128283536,0.45650579828851856,0.0006669367195092923,0.0013319669017403113,0,4,0
2026092818,mert_v1,unweighted,1.0,platt,94,232,0.14494592438109505,0.4560952252600471,-0.000665030182231019,0.0,0,4,0
2026092818,mert_v1,unweighted,1.0,beta,94,232,0.14530508517882798,0.45485686534823194,-0.00030586938449808643,0.0003591607977329325,0,4,2
2026092818,mert_v1,unweighted,1.0,isotonic,94,232,0.1508590223016094,0.829899420341592,0.005248067738283346,0.005913097920514365,0,4,0
2026092818,mert_v1,unweighted,1.0,ridge_platt,94,232,0.14451983845907293,0.45296919988046713,-0.001091116104253137,-0.00042608592202211804,0,4,0
2026092819,maest,ambient_balanced,0.25,raw,24,77,0.14691881726478126,0.4554579534240617,0.0,-0.0020494328217759428,0,4,0
2026092819,maest,ambient_balanced,0.25,prior_offset,24,77,0.14312353402871858,0.4436471185961853,-0.00379528323606268,-0.005844716057838623,0,4,0
2026092819,maest,ambient_balanced,0.25,temperature,24,77,0.14833150603186607,0.46580014872745884,0.0014126887670848076,-0.0006367440546911352,0,4,0
2026092819,maest,ambient_balanced,0.25,platt,24,77,0.1489682500865572,0.46988878777549825,0.0020494328217759428,0.0,0,4,0
2026092819,maest,ambient_balanced,0.25,beta,24,77,0.14812337916472001,0.46451772428099847,0.0012045618999387553,-0.0008448709218371875,0,4,1
2026092819,maest,ambient_balanced,0.25,isotonic,24,77,0.15794972853336556,1.4893743933320012,0.011030911268584298,0.008981478446808355,0,4,0
2026092819,maest,ambient_balanced,0.25,ridge_platt,24,77,0.143066557735151,0.44516650922620454,-0.003852259529630253,-0.005901692351406196,0,4,0
2026092819,maest,ambient_balanced,0.5,raw,47,119,0.14691881726478126,0.4554579534240617,0.0,-0.0020596365664427574,0,4,0
2026092819,maest,ambient_balanced,0.5,prior_offset,47,119,0.14312353402871858,0.4436471185961853,-0.00379528323606268,-0.005854919802505437,0,4,0
2026092819,maest,ambient_balanced,0.5,temperature,47,119,0.14952945329297515,0.47419444803206273,0.002610636028193891,0.0005509994617511338,0,4,0
2026092819,maest,ambient_balanced,0.5,platt,47,119,0.14897845383122402,0.47339305280843214,0.0020596365664427574,0.0,0,4,0
2026092819,maest,ambient_balanced,0.5,beta,47,119,0.14969991310713326,0.4782724400309042,0.002781095842352005,0.0007214592759092475,0,4,0
2026092819,maest,ambient_balanced,0.5,isotonic,47,119,0.15764244917481854,1.4267995414436996,0.010723631910037279,0.008663995343594522,0,4,0
2026092819,maest,ambient_balanced,0.5,ridge_platt,47,119,0.1466338056841778,0.4628209180656645,-0.0002850115806034559,-0.0023446481470462133,0,4,0
2026092819,maest,ambient_balanced,1.0,raw,94,234,0.14691881726478126,0.4554579534240617,0.0,0.0015941053670125993,0,4,0
2026092819,maest,ambient_balanced,1.0,prior_offset,94,234,0.14312353402871858,0.4436471185961853,-0.00379528323606268,-0.0022011778690500805,0,4,0
2026092819,maest,ambient_balanced,1.0,temperature,94,234,0.14819338242049562,0.4623063694038537,0.0012745651557143634,0.0028686705227269627,0,4,0
2026092819,maest,ambient_balanced,1.0,platt,94,234,0.14532471189776866,0.45224482280827905,-0.0015941053670125993,0.0,0,4,0
2026092819,maest,ambient_balanced,1.0,beta,94,234,0.14653534586725636,0.45905566898536576,-0.00038347139752489823,0.001210633969487701,0,4,0
2026092819,maest,ambient_balanced,1.0,isotonic,94,234,0.15256250055720338,0.8539929696979145,0.005643683292422125,0.007237788659434724,0,4,0
2026092819,maest,ambient_balanced,1.0,ridge_platt,94,234,0.14347065670422435,0.44731608540961865,-0.003448160560556912,-0.0018540551935443128,0,4,0
2026092819,maest,unweighted,0.25,raw,24,77,0.1419148237461504,0.4400306833366228,0.0,-0.0070537844811147665,0,4,0
2026092819,maest,unweighted,0.25,prior_offset,24,77,0.1419148237461504,0.4400306833366228,0.0,-0.0070537844811147665,0,4,0
2026092819,maest,unweighted,0.25,temperature,24,77,0.14314129632553277,0.4492542023975951,0.0012264725793823816,-0.005827311901732385,0,4,0
2026092819,maest,unweighted,0.25,platt,24,77,0.14896860822726515,0.4697517907301745,0.0070537844811147665,0.0,0,4,0
2026092819,maest,unweighted,0.25,beta,24,77,0.1483980675580233,0.46573750390978963,0.006483243811872902,-0.0005705406692418646,0,4,1
2026092819,maest,unweighted,0.25,isotonic,24,77,0.15750594090921222,1.4568905011962143,0.01559111716306183,0.008537332681947063,0,4,0
2026092819,maest,unweighted,0.25,ridge_platt,24,77,0.1423155359207516,0.4420182556958424,0.0004007121746012199,-0.006653072306513547,0,4,0
2026092819,maest,unweighted,0.5,raw,47,119,0.1419148237461504,0.4400306833366228,0.0,-0.007127682604376379,0,4,0
2026092819,maest,unweighted,0.5,prior_offset,47,119,0.1419148237461504,0.4400306833366228,0.0,-0.007127682604376379,0,4,0
2026092819,maest,unweighted,0.5,temperature,47,119,0.143457435715851,0.45531192730335546,0.0015426119697006246,-0.005585070634675754,0,4,0
2026092819,maest,unweighted,0.5,platt,47,119,0.14904250635052677,0.47339656186339624,0.007127682604376379,0.0,0,4,0
2026092819,maest,unweighted,0.5,beta,47,119,0.150133710506468,0.47958374920363633,0.008218886760317623,0.0010912041559412444,0,4,0
2026092819,maest,unweighted,0.5,isotonic,47,119,0.15694788154014316,1.4255874810466511,0.015033057793992777,0.007905375189616398,0,4,0
2026092819,maest,unweighted,0.5,ridge_platt,47,119,0.146296987498272,0.4608019356213948,0.0043821637521216095,-0.002745518852254769,0,4,0
2026092819,maest,unweighted,1.0,raw,94,234,0.1419148237461504,0.4400306833366228,0.0,-0.0033403374886937787,0,4,0
2026092819,maest,unweighted,1.0,prior_offset,94,234,0.1419148237461504,0.4400306833366228,0.0,-0.0033403374886937787,0,4,0
2026092819,maest,unweighted,1.0,temperature,94,234,0.14192027807307747,0.4433583341413576,5.454326927084585e-06,-0.003334883161766694,0,4,0
2026092819,maest,unweighted,1.0,platt,94,234,0.14525516123484417,0.4519180097230811,0.0033403374886937787,0.0,0,4,0
2026092819,maest,unweighted,1.0,beta,94,234,0.1465392416780796,0.45896495647340213,0.00462441793192922,0.0012840804432354413,0,4,0
2026092819,maest,unweighted,1.0,isotonic,94,234,0.15184554854431326,0.8516969839171388,0.009930724798162871,0.006590387309469092,0,4,0
2026092819,maest,unweighted,1.0,ridge_platt,94,234,0.1437951067058103,0.44757702376503483,0.001880282959659918,-0.0014600545290338607,0,4,0
2026092819,mert_v0,ambient_balanced,0.25,raw,24,77,0.16010162615838908,0.4901589565346102,0.0,0.004072466443971301,0,4,0
2026092819,mert_v0,ambient_balanced,0.25,prior_offset,24,77,0.15170958053430864,0.46755681261485443,-0.00839204562408044,-0.00431957918010914,0,4,0
2026092819,mert_v0,ambient_balanced,0.25,temperature,24,77,0.16262911382732853,0.5072095598223099,0.0025274876689394543,0.006599954112910755,0,4,0
2026092819,mert_v0,ambient_balanced,0.25,platt,24,77,0.15602915971441778,0.4910146059551704,-0.004072466443971301,0.0,0,4,0
2026092819,mert_v0,ambient_balanced,0.25,beta,24,77,0.15554852466528213,0.4870000282885285,-0.004553101493106948,-0.00048063504913564703,0,4,2
2026092819,mert_v0,ambient_balanced,0.25,isotonic,24,77,0.16192801060613496,1.1397804051566216,0.0018263844477458824,0.005898850891717183,0,4,0
2026092819,mert_v0,ambient_balanced,0.25,ridge_platt,24,77,0.15128890103056988,0.4657004676614157,-0.008812725127819193,-0.004740258683847892,0,4,0
2026092819,mert_v0,ambient_balanced,0.5,raw,47,119,0.16010162615838908,0.4901589565346102,0.0,0.003505669716840215,0,4,0
2026092819,mert_v0,ambient_balanced,0.5,prior_offset,47,119,0.15170958053430864,0.46755681261485443,-0.00839204562408044,-0.004886375907240226,0,4,0
2026092819,mert_v0,ambient_balanced,0.5,temperature,47,119,0.1624573010592512,0.5092370979242785,0.002355674900862137,0.005861344617702352,0,4,0
2026092819,mert_v0,ambient_balanced,0.5,platt,47,119,0.15659595644154886,0.4932648166567079,-0.003505669716840215,0.0,0,4,0
2026092819,mert_v0,ambient_balanced,0.5,beta,47,119,0.15585698024686284,0.48737564410197654,-0.004244645911526235,-0.0007389761946860196,0,4,1
2026092819,mert_v0,ambient_balanced,0.5,isotonic,47,119,0.15955579715432372,1.0388257128840526,-0.0005458290040653568,0.0029598407127748583,0,4,0
2026092819,mert_v0,ambient_balanced,0.5,ridge_platt,47,119,0.15377148713115507,0.47497544871967073,-0.006330139027234005,-0.00282446931039379,0,4,0
2026092819,mert_v0,ambient_balanced,1.0,raw,94,234,0.16010162615838908,0.4901589565346102,0.0,0.007755849390800845,0,4,0
2026092819,mert_v0,ambient_balanced,1.0,prior_offset,94,234,0.15170958053430864,0.46755681261485443,-0.00839204562408044,-0.0006361962332795956,0,4,0
2026092819,mert_v0,ambient_balanced,1.0,temperature,94,234,0.16084145741856443,0.4969690575985481,0.0007398312601753498,0.008495680650976195,0,4,0
2026092819,mert_v0,ambient_balanced,1.0,platt,94,234,0.15234577676758823,0.47406767573893016,-0.007755849390800845,0.0,0,4,0
2026092819,mert_v0,ambient_balanced,1.0,beta,94,234,0.15290263837182544,0.4748284626479983,-0.007198987786563638,0.0005568616042372077,0,4,0
2026092819,mert_v0,ambient_balanced,1.0,isotonic,94,234,0.15586969242729723,0.8984275873875208,-0.004231933731091847,0.0035239156597089982,0,4,0
2026092819,mert_v0,ambient_balanced,1.0,ridge_platt,94,234,0.15167069809229075,0.47139807428802016,-0.008430928066098325,-0.0006750786752974802,0,4,0
2026092819,mert_v0,unweighted,0.25,raw,24,77,0.15097986452970058,0.4663225851807355,0.0,-0.004939153817694608,0,4,0
2026092819,mert_v0,unweighted,0.25,prior_offset,24,77,0.15097986452970058,0.4663225851807355,0.0,-0.004939153817694608,0,4,0
2026092819,mert_v0,unweighted,0.25,temperature,24,77,0.1540643857745611,0.4846701299370626,0.0030845212448605275,-0.0018546325728340807,0,4,0
2026092819,mert_v0,unweighted,0.25,platt,24,77,0.1559190183473952,0.4910835945133184,0.004939153817694608,0.0,0,4,0
2026092819,mert_v0,unweighted,0.25,beta,24,77,0.1557084229816614,0.4881693149383255,0.004728558451960824,-0.00021059536573378446,0,4,2
2026092819,mert_v0,unweighted,0.25,isotonic,24,77,0.1624661298078173,1.1412596620909417,0.01148626527811672,0.0065471114604221115,0,4,0
2026092819,mert_v0,unweighted,0.25,ridge_platt,24,77,0.15096108917449552,0.4649764805643528,-1.8775355205058464e-05,-0.004957929172899667,0,4,0
2026092819,mert_v0,unweighted,0.5,raw,47,119,0.15097986452970058,0.4663225851807355,0.0,-0.005539954071730663,0,4,0
2026092819,mert_v0,unweighted,0.5,prior_offset,47,119,0.15097986452970058,0.4663225851807355,0.0,-0.005539954071730663,0,4,0
2026092819,mert_v0,unweighted,0.5,temperature,47,119,0.15369375877977173,0.48605227553076513,0.0027138942500711527,-0.00282605982165951,0,4,0
2026092819,mert_v0,unweighted,0.5,platt,47,119,0.15651981860143124,0.49342105463405667,0.005539954071730663,0.0,0,4,0
2026092819,mert_v0,unweighted,0.5,beta,47,119,0.15622549114380915,0.4891483127962504,0.005245626614108573,-0.00029432745762209,0,4,1
2026092819,mert_v0,unweighted,0.5,isotonic,47,119,0.160210901073131,1.0409528592161277,0.00923103654343041,0.003691082471699747,0,4,0
2026092819,mert_v0,unweighted,0.5,ridge_platt,47,119,0.1536249250493162,0.4746307576530773,0.002645060519615633,-0.00289489355211503,0,4,0
2026092819,mert_v0,unweighted,1.0,raw,94,234,0.15097986452970058,0.4663225851807355,0.0,-0.0012379157042928801,0,4,0
2026092819,mert_v0,unweighted,1.0,prior_offset,94,234,0.15097986452970058,0.4663225851807355,0.0,-0.0012379157042928801,0,4,0
2026092819,mert_v0,unweighted,1.0,temperature,94,234,0.15194035884670704,0.47335177400984996,0.000960494317006455,-0.00027742138728642507,0,4,0
2026092819,mert_v0,unweighted,1.0,platt,94,234,0.15221778023399346,0.4739587901487101,0.0012379157042928801,0.0,0,4,0
2026092819,mert_v0,unweighted,1.0,beta,94,234,0.15240515549557238,0.4733787708033961,0.001425290965871795,0.00018737526157891482,0,4,0
2026092819,mert_v0,unweighted,1.0,isotonic,94,234,0.15603613063794455,0.8999365352792679,0.005056266108243973,0.003818350403951093,0,4,0
2026092819,mert_v0,unweighted,1.0,ridge_platt,94,234,0.15123744386873364,0.4699876735375669,0.0002575793390330594,-0.0009803363652598207,0,4,0
2026092819,mert_v1,ambient_balanced,0.25,raw,24,77,0.15993734824362543,0.4900943652172248,0.0,0.002983486403705743,0,4,0
2026092819,mert_v1,ambient_balanced,0.25,prior_offset,24,77,0.15250044786485306,0.4694950539477474,-0.007436900378772371,-0.004453413975066628,0,4,0
2026092819,mert_v1,ambient_balanced,0.25,temperature,24,77,0.16259753702076918,0.5028863305856278,0.002660188777143746,0.005643675180849489,0,4,0
2026092819,mert_v1,ambient_balanced,0.25,platt,24,77,0.1569538618399197,0.48950300550710263,-0.002983486403705743,0.0,0,4,0
2026092819,mert_v1,ambient_balanced,0.25,beta,24,77,0.1561310344158277,0.489708906248322,-0.003806313827797725,-0.000822827424091982,0,4,2
2026092819,mert_v1,ambient_balanced,0.25,isotonic,24,77,0.16157153528840518,1.0469013247390762,0.0016341870447797446,0.0046176734484854876,0,4,0
2026092819,mert_v1,ambient_balanced,0.25,ridge_platt,24,77,0.1519922185057212,0.4681896256011137,-0.007945129737904233,-0.00496164333419849,0,4,0
2026092819,mert_v1,ambient_balanced,0.5,raw,47,119,0.15993734824362543,0.4900943652172248,0.0,0.0037900401031759345,0,4,0
2026092819,mert_v1,ambient_balanced,0.5,prior_offset,47,119,0.15250044786485306,0.4694950539477474,-0.007436900378772371,-0.0036468602755964363,0,4,0
2026092819,mert_v1,ambient_balanced,0.5,temperature,47,119,0.16195463071359117,0.5056907058407846,0.002017282469965742,0.005807322573141677,0,4,0
2026092819,mert_v1,ambient_balanced,0.5,platt,47,119,0.1561473081404495,0.4889807505461948,-0.0037900401031759345,0.0,0,4,0
2026092819,mert_v1,ambient_balanced,0.5,beta,47,119,0.15504600386617423,0.48452701638938056,-0.004891344377451201,-0.0011013042742752666,0,4,1
2026092819,mert_v1,ambient_balanced,0.5,isotonic,47,119,0.16026170352024224,1.1010972955963085,0.0003243552766168112,0.004114395379792746,0,4,0
2026092819,mert_v1,ambient_balanced,0.5,ridge_platt,47,119,0.15317577320671832,0.4739851524779471,-0.006761575036907108,-0.0029715349337311736,0,4,0
2026092819,mert_v1,ambient_balanced,1.0,raw,94,234,0.15993734824362543,0.4900943652172248,0.0,0.005870697587242457,0,4,0
2026092819,mert_v1,ambient_balanced,1.0,prior_offset,94,234,0.15250044786485306,0.4694950539477474,-0.007436900378772371,-0.0015662027915299137,0,4,0
2026092819,mert_v1,ambient_balanced,1.0,temperature,94,234,0.1613973067071267,0.4991626287762063,0.0014599584635012763,0.0073306560507437335,0,4,0
2026092819,mert_v1,ambient_balanced,1.0,platt,94,234,0.15406665065638298,0.478109500655528,-0.005870697587242457,0.0,0,4,0
2026092819,mert_v1,ambient_balanced,1.0,beta,94,234,0.1536169480926019,0.47557986869043567,-0.006320400151023531,-0.00044970256378107365,0,4,0
2026092819,mert_v1,ambient_balanced,1.0,isotonic,94,234,0.15432744974141852,0.7637464767412132,-0.005609898502206917,0.00026079908503554017,0,4,0
2026092819,mert_v1,ambient_balanced,1.0,ridge_platt,94,234,0.15300989300502144,0.47515537518099216,-0.006927455238603997,-0.0010567576513615395,0,4,0
2026092819,mert_v1,unweighted,0.25,raw,24,77,0.15199761726229316,0.46868533651389743,0.0,-0.004856185016365783,0,4,0
2026092819,mert_v1,unweighted,0.25,prior_offset,24,77,0.15199761726229316,0.46868533651389743,0.0,-0.004856185016365783,0,4,0
2026092819,mert_v1,unweighted,0.25,temperature,24,77,0.15545914377844866,0.48363589255594286,0.0034615265161554998,-0.001394658500210283,0,4,0
2026092819,mert_v1,unweighted,0.25,platt,24,77,0.15685380227865894,0.4895174541083888,0.004856185016365783,0.0,0,4,0
2026092819,mert_v1,unweighted,0.25,beta,24,77,0.15641636829435152,0.49117736050731475,0.0044187510320583545,-0.0004374339843074282,0,4,2
2026092819,mert_v1,unweighted,0.25,isotonic,24,77,0.16150642245123303,1.046956716370605,0.009508805188939873,0.00465262017257409,0,4,0
2026092819,mert_v1,unweighted,0.25,ridge_platt,24,77,0.1511563214932189,0.4660903873608794,-0.0008412957690742684,-0.005697480785440051,0,4,0
2026092819,mert_v1,unweighted,0.5,raw,47,119,0.15199761726229316,0.46868533651389743,0.0,-0.0042339546466994005,0,4,0
2026092819,mert_v1,unweighted,0.5,prior_offset,47,119,0.15199761726229316,0.46868533651389743,0.0,-0.0042339546466994005,0,4,0
2026092819,mert_v1,unweighted,0.5,temperature,47,119,0.15489771986772527,0.48659256880032153,0.002900102605432109,-0.0013338520412672916,0,4,0
2026092819,mert_v1,unweighted,0.5,platt,47,119,0.15623157190899256,0.48957522971081485,0.0042339546466994005,0.0,0,4,0
2026092819,mert_v1,unweighted,0.5,beta,47,119,0.15564903051860754,0.48676351669599427,0.0036514132563143786,-0.0005825413903850218,0,4,1
2026092819,mert_v1,unweighted,0.5,isotonic,47,119,0.15995520886937065,1.0691368149859348,0.007957591607077485,0.003723636960378085,0,4,0
2026092819,mert_v1,unweighted,0.5,ridge_platt,47,119,0.15292758551220545,0.47364801635240134,0.0009299682499122885,-0.003303986396787112,0,4,0
2026092819,mert_v1,unweighted,1.0,raw,94,234,0.15199761726229316,0.46868533651389743,0.0,-0.0020404392187381437,0,4,0
2026092819,mert_v1,unweighted,1.0,prior_offset,94,234,0.15199761726229316,0.46868533651389743,0.0,-0.0020404392187381437,0,4,0
2026092819,mert_v1,unweighted,1.0,temperature,94,234,0.1531917461841459,0.47689229382023735,0.0011941289218527495,-0.0008463102968853942,0,4,0
2026092819,mert_v1,unweighted,1.0,platt,94,234,0.1540380564810313,0.4782116756562412,0.0020404392187381437,0.0,0,4,0
2026092819,mert_v1,unweighted,1.0,beta,94,234,0.1531797998892263,0.47437774049068737,0.0011821826269331481,-0.0008582565918049956,0,4,1
2026092819,mert_v1,unweighted,1.0,isotonic,94,234,0.1537646796908127,0.7631742028403032,0.001767062428519539,-0.0002733767902186046,0,4,0
2026092819,mert_v1,unweighted,1.0,ridge_platt,94,234,0.15243875135733967,0.4733340184712944,0.00044113409504650813,-0.0015993051236916356,0,4,0
