seed,representation,weighting,fraction,method,calibration_artists,calibration_tracks,macro_brier,macro_log_loss,delta_raw,delta_platt,fallback_labels,successful_labels,bound_hit_labels
2026092800,maest,ambient_balanced,0.25,raw,24,47,0.14753987455486467,0.4537584942644891,0.0,-0.013231208339378797,0,4,0
2026092800,maest,ambient_balanced,0.25,prior_offset,24,47,0.14468779119274477,0.4515654451586505,-0.002852083362119895,-0.016083291701498692,0,4,0
2026092800,maest,ambient_balanced,0.25,temperature,24,47,0.14920717849958506,0.46336431770388,0.0016673039447203941,-0.011563904394658403,0,4,0
2026092800,maest,ambient_balanced,0.25,platt,24,47,0.16077108289424347,0.4926832650269863,0.013231208339378797,0.0,0,4,0
2026092800,maest,ambient_balanced,0.25,beta,24,47,0.1597536855841523,0.49120014031100545,0.012213811029287619,-0.0010173973100911782,0,4,3
2026092800,maest,ambient_balanced,0.25,isotonic,24,47,0.1708653789130761,1.2331095703638222,0.02332550435821143,0.010094296018832632,0,4,0
2026092800,maest,ambient_balanced,0.25,ridge_platt,24,47,0.15584683744211308,0.4755601743203153,0.008306962887248415,-0.0049242454521303824,0,4,0
2026092800,maest,ambient_balanced,0.5,raw,47,109,0.14753987455486467,0.4537584942644891,0.0,0.0019440014332489097,0,4,0
2026092800,maest,ambient_balanced,0.5,prior_offset,47,109,0.14468779119274477,0.4515654451586505,-0.002852083362119895,-0.0009080819288709852,0,4,0
2026092800,maest,ambient_balanced,0.5,temperature,47,109,0.14783743739069655,0.45627125258902945,0.00029756283583187715,0.002241564269080787,0,4,0
2026092800,maest,ambient_balanced,0.5,platt,47,109,0.14559587312161576,0.45232543366662015,-0.0019440014332489097,0.0,0,4,0
2026092800,maest,ambient_balanced,0.5,beta,47,109,0.14529187479597172,0.45165824537367727,-0.002247999758892949,-0.0003039983256440393,0,4,1
2026092800,maest,ambient_balanced,0.5,isotonic,47,109,0.14951145576501756,0.8976803765539756,0.001971581210152895,0.003915582643401805,0,4,0
2026092800,maest,ambient_balanced,0.5,ridge_platt,47,109,0.14272229120235952,0.4437418769442,-0.00481758335250515,-0.0028735819192562406,0,4,0
2026092800,maest,ambient_balanced,1.0,raw,94,235,0.14753987455486467,0.4537584942644891,0.0,0.0016060690648587728,0,4,0
2026092800,maest,ambient_balanced,1.0,prior_offset,94,235,0.14468779119274477,0.4515654451586505,-0.002852083362119895,-0.0012460142972611221,0,4,0
2026092800,maest,ambient_balanced,1.0,temperature,94,235,0.14796834070249637,0.45778385262604665,0.0004284661476317009,0.0020345352124904736,0,4,0
2026092800,maest,ambient_balanced,1.0,platt,94,235,0.1459338054900059,0.4564103772407117,-0.0016060690648587728,0.0,0,4,0
2026092800,maest,ambient_balanced,1.0,beta,94,235,0.14555315310707168,0.45625984666344355,-0.001986721447792994,-0.0003806523829342212,0,4,1
2026092800,maest,ambient_balanced,1.0,isotonic,94,235,0.14676256544269434,0.8006439693029255,-0.0007773091121703324,0.0008287599526884404,0,4,0
2026092800,maest,ambient_balanced,1.0,ridge_platt,94,235,0.14312313334703636,0.446066452812741,-0.004416741207828312,-0.002810672142969539,0,4,0
2026092800,maest,unweighted,0.25,raw,24,47,0.14328937017679433,0.44417670807515314,0.0,-0.018135438227369155,0,4,0
2026092800,maest,unweighted,0.25,prior_offset,24,47,0.14328937017679433,0.44417670807515314,0.0,-0.018135438227369155,0,4,0
2026092800,maest,unweighted,0.25,temperature,24,47,0.14359302530417853,0.44737415462967733,0.0003036551273842003,-0.017831783099984955,0,4,0
2026092800,maest,unweighted,0.25,platt,24,47,0.16142480840416348,0.49504909972190786,0.018135438227369155,0.0,0,4,0
2026092800,maest,unweighted,0.25,beta,24,47,0.15965576875255846,0.48978649814033126,0.016366398575764135,-0.00176903965160502,0,4,3
2026092800,maest,unweighted,0.25,isotonic,24,47,0.16935247228416642,1.3585366883807377,0.026063102107372088,0.007927663880002933,0,4,0
2026092800,maest,unweighted,0.25,ridge_platt,24,47,0.15159633306404274,0.46597838813097936,0.008306962887248415,-0.00982847534012074,0,4,0
2026092800,maest,unweighted,0.5,raw,47,109,0.14328937017679433,0.44417670807515314,0.0,-0.0020511351804736733,0,4,0
2026092800,maest,unweighted,0.5,prior_offset,47,109,0.14328937017679433,0.44417670807515314,0.0,-0.0020511351804736733,0,4,0
2026092800,maest,unweighted,0.5,temperature,47,109,0.14354279314206372,0.4461719578120519,0.00025342296526939534,-0.001797712215204278,0,4,0
2026092800,maest,unweighted,0.5,platt,47,109,0.145340505357268,0.4514575179120502,0.0020511351804736733,0.0,0,4,0
2026092800,maest,unweighted,0.5,beta,47,109,0.1452114056098592,0.45039826479864153,0.0019220354330648781,-0.00012909974740879515,0,4,1
2026092800,maest,unweighted,0.5,isotonic,47,109,0.1494028534868717,0.9282638580157325,0.006113483310077383,0.00406234812960371,0,4,0
2026092800,maest,unweighted,0.5,ridge_platt,47,109,0.14226544655244214,0.4423450897676378,-0.001023923624352191,-0.0030750588048258642,0,4,0
2026092800,maest,unweighted,1.0,raw,94,235,0.14328937017679433,0.44417670807515314,0.0,-0.0024238827325636647,0,4,0
2026092800,maest,unweighted,1.0,prior_offset,94,235,0.14328937017679433,0.44417670807515314,0.0,-0.0024238827325636647,0,4,0
2026092800,maest,unweighted,1.0,temperature,94,235,0.14438137428708767,0.45180512288651276,0.0010920041102933375,-0.0013318786222703272,0,4,0
2026092800,maest,unweighted,1.0,platt,94,235,0.145713252909358,0.45581483564564457,0.0024238827325636647,0.0,0,4,0
2026092800,maest,unweighted,1.0,beta,94,235,0.14554928495006855,0.4549476676892906,0.002259914773274224,-0.00016396795928944052,0,4,1
2026092800,maest,unweighted,1.0,isotonic,94,235,0.14685091818093746,0.7988140674404796,0.003561548004143128,0.0011376652715794633,0,4,0
2026092800,maest,unweighted,1.0,ridge_platt,94,235,0.14229107558484333,0.44243013571351375,-0.000998294591950999,-0.0034221773245146636,0,4,0
2026092800,mert_v0,ambient_balanced,0.25,raw,24,47,0.15956869067123747,0.4910191116885066,0.0,-0.02687740671392508,0,4,0
2026092800,mert_v0,ambient_balanced,0.25,prior_offset,24,47,0.15393219681933437,0.47960557128370407,-0.005636493851903096,-0.032513900565828174,0,4,0
2026092800,mert_v0,ambient_balanced,0.25,temperature,24,47,0.16966881025989863,0.5221839130302666,0.010100119588661166,-0.016777287125263912,0,4,0
2026092800,mert_v0,ambient_balanced,0.25,platt,24,47,0.18644609738516255,0.5739360475246704,0.02687740671392508,0.0,0,4,0
2026092800,mert_v0,ambient_balanced,0.25,beta,24,47,0.1905289372950034,0.5889380345488626,0.030960246623765925,0.004082839909840846,0,4,2
2026092800,mert_v0,ambient_balanced,0.25,isotonic,24,47,0.20771623355109803,2.8318907164523357,0.04814754287986056,0.021270136165935483,0,4,0
2026092800,mert_v0,ambient_balanced,0.25,ridge_platt,24,47,0.16672401993873265,0.5171320845347327,0.007155329267495181,-0.019722077446429898,0,4,0
2026092800,mert_v0,ambient_balanced,0.5,raw,47,109,0.15956869067123747,0.4910191116885066,0.0,-0.0027697727407587913,0,4,0
2026092800,mert_v0,ambient_balanced,0.5,prior_offset,47,109,0.15393219681933437,0.47960557128370407,-0.005636493851903096,-0.008406266592661887,0,4,0
2026092800,mert_v0,ambient_balanced,0.5,temperature,47,109,0.16134060007836995,0.496642883001045,0.0017719094071324826,-0.0009978633336263087,0,4,0
2026092800,mert_v0,ambient_balanced,0.5,platt,47,109,0.16233846341199626,0.4992013976116828,0.0027697727407587913,0.0,0,4,0
2026092800,mert_v0,ambient_balanced,0.5,beta,47,109,0.1647793774561161,0.5051784956202278,0.0052106867848786265,0.002440914044119835,0,4,2
2026092800,mert_v0,ambient_balanced,0.5,isotonic,47,109,0.17503668709134543,1.0098086247103528,0.01546799642010796,0.012698223679349169,0,4,0
2026092800,mert_v0,ambient_balanced,0.5,ridge_platt,47,109,0.15391859364724983,0.47733958132725185,-0.005650097023987638,-0.00841986976474643,0,4,0
2026092800,mert_v0,ambient_balanced,1.0,raw,94,235,0.15956869067123747,0.4910191116885066,0.0,0.0005781565810223932,0,4,0
2026092800,mert_v0,ambient_balanced,1.0,prior_offset,94,235,0.15393219681933437,0.47960557128370407,-0.005636493851903096,-0.005058337270880703,0,4,0
2026092800,mert_v0,ambient_balanced,1.0,temperature,94,235,0.1598690681825256,0.49262104795066197,0.0003003775112881413,0.0008785340923105345,0,4,0
2026092800,mert_v0,ambient_balanced,1.0,platt,94,235,0.15899053409021507,0.49419425509318315,-0.0005781565810223932,0.0,0,4,0
2026092800,mert_v0,ambient_balanced,1.0,beta,94,235,0.1593837382785872,0.49678258619268445,-0.00018495239265026164,0.00039320418837213156,0,4,1
2026092800,mert_v0,ambient_balanced,1.0,isotonic,94,235,0.16076580540551466,0.8767129273304985,0.0011971147342771937,0.001775271315299587,0,4,0
2026092800,mert_v0,ambient_balanced,1.0,ridge_platt,94,235,0.15751253770879398,0.48887350129443397,-0.0020561529624434915,-0.0014779963814210983,0,4,0
2026092800,mert_v0,unweighted,0.25,raw,24,47,0.1535723607035177,0.4775646815229083,0.0,-0.03369341713765406,0,4,0
2026092800,mert_v0,unweighted,0.25,prior_offset,24,47,0.1535723607035177,0.4775646815229083,0.0,-0.03369341713765406,0,4,0
2026092800,mert_v0,unweighted,0.25,temperature,24,47,0.16212910965719182,0.5027243715010589,0.008556748953674115,-0.025136668183979943,0,4,0
2026092800,mert_v0,unweighted,0.25,platt,24,47,0.18726577784117177,0.5758231361331929,0.03369341713765406,0.0,0,4,0
2026092800,mert_v0,unweighted,0.25,beta,24,47,0.19169376350000053,0.5958446359284464,0.03812140279648282,0.004427985658828765,0,4,2
2026092800,mert_v0,unweighted,0.25,isotonic,24,47,0.20940589380359456,2.771225334443605,0.055833533100076854,0.022140115962422796,0,4,0
2026092800,mert_v0,unweighted,0.25,ridge_platt,24,47,0.16072768997101286,0.5036776543691345,0.007155329267495153,-0.026538087870158905,0,4,0
2026092800,mert_v0,unweighted,0.5,raw,47,109,0.1535723607035177,0.4775646815229083,0.0,-0.009254868749187961,0,4,0
2026092800,mert_v0,unweighted,0.5,prior_offset,47,109,0.1535723607035177,0.4775646815229083,0.0,-0.009254868749187961,0,4,0
2026092800,mert_v0,unweighted,0.5,temperature,47,109,0.1549725703166243,0.4814307397680768,0.0014002096131065789,-0.007854659136081382,0,4,0
2026092800,mert_v0,unweighted,0.5,platt,47,109,0.16282722945270567,0.5005749580635457,0.009254868749187961,0.0,0,4,0
2026092800,mert_v0,unweighted,0.5,beta,47,109,0.16577443902694916,0.5080669241264699,0.012202078323431453,0.0029472095742434923,0,4,2
2026092800,mert_v0,unweighted,0.5,isotonic,47,109,0.17647043229261128,1.014452731931566,0.02289807158909357,0.01364320283990561,0,4,0
2026092800,mert_v0,unweighted,0.5,ridge_platt,47,109,0.15388999305416168,0.4781753362937432,0.00031763235064397044,-0.00893723639854399,0,4,0
2026092800,mert_v0,unweighted,1.0,raw,94,235,0.1535723607035177,0.4775646815229083,0.0,-0.005920298495345366,0,4,0
2026092800,mert_v0,unweighted,1.0,prior_offset,94,235,0.1535723607035177,0.4775646815229083,0.0,-0.005920298495345366,0,4,0
2026092800,mert_v0,unweighted,1.0,temperature,94,235,0.15452773558696156,0.4817694225477658,0.0009553748834438547,-0.004964923611901512,0,4,0
2026092800,mert_v0,unweighted,1.0,platt,94,235,0.15949265919886307,0.49591403593397143,0.005920298495345366,0.0,0,4,0
2026092800,mert_v0,unweighted,1.0,beta,94,235,0.16011341317938527,0.4983997965880391,0.006541052475867559,0.0006207539805221929,0,4,1
2026092800,mert_v0,unweighted,1.0,isotonic,94,235,0.16255129838433938,0.8841301579834318,0.00897893768082167,0.003058639185476303,0,4,0
2026092800,mert_v0,unweighted,1.0,ridge_platt,94,235,0.1577898139053076,0.4899889932186023,0.0042174532017899,-0.001702845293555466,0,4,0
2026092800,mert_v1,ambient_balanced,0.25,raw,24,47,0.16217091479814208,0.4984824660653908,0.0,-0.020122559328296458,0,4,0
2026092800,mert_v1,ambient_balanced,0.25,prior_offset,24,47,0.15434960786794724,0.4834503744013605,-0.007821306930194838,-0.027943866258491296,0,4,0
2026092800,mert_v1,ambient_balanced,0.25,temperature,24,47,0.17179939748579626,0.5325419985210839,0.009628482687654177,-0.01049407664064228,0,4,0
2026092800,mert_v1,ambient_balanced,0.25,platt,24,47,0.18229347412643854,0.564195628250546,0.020122559328296458,0.0,0,4,0
2026092800,mert_v1,ambient_balanced,0.25,beta,24,47,0.18485147288930553,0.5703244637111331,0.022680558091163455,0.0025579987628669976,0,4,3
2026092800,mert_v1,ambient_balanced,0.25,isotonic,24,47,0.2047656803250247,2.5076324468110576,0.04259476552688263,0.02247220619858617,0,4,0
2026092800,mert_v1,ambient_balanced,0.25,ridge_platt,24,47,0.1683128176643298,0.5181732996674139,0.0061419028661877095,-0.013980656462108748,0,4,0
2026092800,mert_v1,ambient_balanced,0.5,raw,47,109,0.16217091479814208,0.4984824660653908,0.0,0.0010593224984521976,0,4,0
2026092800,mert_v1,ambient_balanced,0.5,prior_offset,47,109,0.15434960786794724,0.4834503744013605,-0.007821306930194838,-0.00676198443174264,0,4,0
2026092800,mert_v1,ambient_balanced,0.5,temperature,47,109,0.1647369454823435,0.5081434330611071,0.0025660306842014147,0.0036253531826536123,0,4,0
2026092800,mert_v1,ambient_balanced,0.5,platt,47,109,0.16111159229968988,0.5010149529521983,-0.0010593224984521976,0.0,0,4,0
2026092800,mert_v1,ambient_balanced,0.5,beta,47,109,0.16152658867918673,0.5022865613833396,-0.0006443261189553462,0.0004149963794968514,0,4,1
2026092800,mert_v1,ambient_balanced,0.5,isotonic,47,109,0.16837838492156945,0.8904925923281058,0.006207470123427372,0.00726679262187957,0,4,0
2026092800,mert_v1,ambient_balanced,0.5,ridge_platt,47,109,0.1566992835085039,0.48566536070547006,-0.005471631289638179,-0.0044123087911859815,0,4,0
2026092800,mert_v1,ambient_balanced,1.0,raw,94,235,0.16217091479814208,0.4984824660653908,0.0,0.003960879625223207,0,4,0
2026092800,mert_v1,ambient_balanced,1.0,prior_offset,94,235,0.15434960786794724,0.4834503744013605,-0.007821306930194838,-0.003860427304971631,0,4,0
2026092800,mert_v1,ambient_balanced,1.0,temperature,94,235,0.1629744352751582,0.5015843105358828,0.0008035204770161231,0.00476440010223933,0,4,0
2026092800,mert_v1,ambient_balanced,1.0,platt,94,235,0.15821003517291887,0.49438725260708843,-0.003960879625223207,0.0,0,4,0
2026092800,mert_v1,ambient_balanced,1.0,beta,94,235,0.1585854851868504,0.5013303610133263,-0.003585429611291685,0.000375450013931522,0,4,2
2026092800,mert_v1,ambient_balanced,1.0,isotonic,94,235,0.16025316854456148,0.9055897458995933,-0.001917746253580599,0.002043133371642608,0,4,0
2026092800,mert_v1,ambient_balanced,1.0,ridge_platt,94,235,0.15399258268290184,0.4810018567737711,-0.008178332115240244,-0.004217452490017037,0,4,0
2026092800,mert_v1,unweighted,0.25,raw,24,47,0.1540445140347341,0.48101462728536737,0.0,-0.029507421636650155,0,4,0
2026092800,mert_v1,unweighted,0.25,prior_offset,24,47,0.1540445140347341,0.48101462728536737,0.0,-0.029507421636650155,0,4,0
2026092800,mert_v1,unweighted,0.25,temperature,24,47,0.1614636227293879,0.49973739137889317,0.007419108694653814,-0.02208831294199634,0,4,0
2026092800,mert_v1,unweighted,0.25,platt,24,47,0.18355193567138425,0.5686045171755938,0.029507421636650155,0.0,0,4,0
2026092800,mert_v1,unweighted,0.25,beta,24,47,0.18627080250210382,0.57581596347683,0.03222628846736972,0.002718866830719563,0,4,3
2026092800,mert_v1,unweighted,0.25,isotonic,24,47,0.20547053292321762,2.478016194868209,0.05142601888848353,0.02191859725183337,0,4,0
2026092800,mert_v1,unweighted,0.25,ridge_platt,24,47,0.1601864169009218,0.5007054608873904,0.0061419028661877095,-0.023365518770462446,0,4,0
2026092800,mert_v1,unweighted,0.5,raw,47,109,0.1540445140347341,0.48101462728536737,0.0,-0.007651812280547149,0,4,0
2026092800,mert_v1,unweighted,0.5,prior_offset,47,109,0.1540445140347341,0.48101462728536737,0.0,-0.007651812280547149,0,4,0
2026092800,mert_v1,unweighted,0.5,temperature,47,109,0.15617132053927307,0.4864564308369283,0.002126806504538975,-0.005525005776008174,0,4,0
2026092800,mert_v1,unweighted,0.5,platt,47,109,0.16169632631528125,0.5026030271287686,0.007651812280547149,0.0,0,4,0
2026092800,mert_v1,unweighted,0.5,beta,47,109,0.16227134390990391,0.5030949224435042,0.008226829875169817,0.0005750175946226677,0,4,1
2026092800,mert_v1,unweighted,0.5,isotonic,47,109,0.1665551830928341,0.9499208283332407,0.012510669058099999,0.00485885677755285,0,4,0
2026092800,mert_v1,unweighted,0.5,ridge_platt,47,109,0.15419249385630618,0.48100626493840504,0.00014797982157208067,-0.007503832458975068,0,4,0
2026092800,mert_v1,unweighted,1.0,raw,94,235,0.1540445140347341,0.48101462728536737,0.0,-0.004732539887344095,0,4,0
2026092800,mert_v1,unweighted,1.0,prior_offset,94,235,0.1540445140347341,0.48101462728536737,0.0,-0.004732539887344095,0,4,0
2026092800,mert_v1,unweighted,1.0,temperature,94,235,0.15556818712658543,0.48703395338623756,0.0015236730918513353,-0.0032088667954927597,0,4,0
2026092800,mert_v1,unweighted,1.0,platt,94,235,0.1587770539220782,0.4963997691854174,0.004732539887344095,0.0,0,4,0
2026092800,mert_v1,unweighted,1.0,beta,94,235,0.15929763846665546,0.4998792647919631,0.005253124431921358,0.0005205845445772628,0,4,2
2026092800,mert_v1,unweighted,1.0,isotonic,94,235,0.160223874857718,0.9365497006258368,0.006179360822983898,0.0014468209356398032,0,4,0
2026092800,mert_v1,unweighted,1.0,ridge_platt,94,235,0.1539228576019891,0.4804530837529002,-0.00012165643274500426,-0.004854196320089099,0,4,0
2026092801,maest,ambient_balanced,0.25,raw,24,66,0.14087464866478902,0.4400203687483843,0.0,-0.008439692415982525,0,4,0
2026092801,maest,ambient_balanced,0.25,prior_offset,24,66,0.13705235481483088,0.4315623251089945,-0.003822293849958136,-0.012261986265940661,0,4,0
2026092801,maest,ambient_balanced,0.25,temperature,24,66,0.14201853898565195,0.4439665796033887,0.001143890320862928,-0.007295802095119597,0,4,0
2026092801,maest,ambient_balanced,0.25,platt,24,66,0.14931434108077155,0.46335988201766654,0.008439692415982525,0.0,0,4,0
2026092801,maest,ambient_balanced,0.25,beta,24,66,0.15515274950014438,0.496115359563988,0.014278100835355356,0.005838408419372831,0,4,1
2026092801,maest,ambient_balanced,0.25,isotonic,24,66,0.16148394170955768,1.3136643913175066,0.020609293044768662,0.012169600628786137,0,4,0
2026092801,maest,ambient_balanced,0.25,ridge_platt,24,66,0.14201912990161644,0.44192578600147175,0.0011444812368274215,-0.007295211179155103,0,4,0
2026092801,maest,ambient_balanced,0.5,raw,47,131,0.14087464866478902,0.4400203687483843,0.0,0.0017817147707051562,0,4,0
2026092801,maest,ambient_balanced,0.5,prior_offset,47,131,0.13705235481483088,0.4315623251089945,-0.003822293849958136,-0.00204057907925298,0,4,0
2026092801,maest,ambient_balanced,0.5,temperature,47,131,0.1417345061250002,0.4424727780585803,0.0008598574602111664,0.0026415722309163225,0,4,0
2026092801,maest,ambient_balanced,0.5,platt,47,131,0.13909293389408386,0.4339912208856621,-0.0017817147707051562,0.0,0,4,0
2026092801,maest,ambient_balanced,0.5,beta,47,131,0.1397344714208119,0.43614297109476186,-0.0011401772439771085,0.0006415375267280476,0,4,1
2026092801,maest,ambient_balanced,0.5,isotonic,47,131,0.1446446358715556,0.8075209372222069,0.0037699872067665785,0.005551701977471735,0,4,0
2026092801,maest,ambient_balanced,0.5,ridge_platt,47,131,0.13789119092007782,0.43072477422312416,-0.0029834577447112043,-0.0012017429740060481,0,4,0
2026092801,maest,ambient_balanced,1.0,raw,94,245,0.14087464866478902,0.4400203687483843,0.0,0.001816621962883902,0,4,0
2026092801,maest,ambient_balanced,1.0,prior_offset,94,245,0.13705235481483088,0.4315623251089945,-0.003822293849958136,-0.002005671887074234,0,4,0
2026092801,maest,ambient_balanced,1.0,temperature,94,245,0.1422971785985558,0.44444295981277604,0.0014225299337667918,0.003239151896650694,0,4,0
2026092801,maest,ambient_balanced,1.0,platt,94,245,0.13905802670190512,0.43535233693452147,-0.001816621962883902,0.0,0,4,0
2026092801,maest,ambient_balanced,1.0,beta,94,245,0.13837211581088937,0.43362189633620063,-0.002502532853899647,-0.0006859108910157452,0,4,0
2026092801,maest,ambient_balanced,1.0,isotonic,94,245,0.14329159789618676,0.700011557986282,0.002416949231397736,0.004233571194281638,0,4,0
2026092801,maest,ambient_balanced,1.0,ridge_platt,94,245,0.13820860359473286,0.43140330830620277,-0.002666045070056161,-0.0008494231071722591,0,4,0
2026092801,maest,unweighted,0.25,raw,24,66,0.13632919707376343,0.4280312800946799,0.0,-0.01306753219925516,0,4,0
2026092801,maest,unweighted,0.25,prior_offset,24,66,0.13632919707376343,0.4280312800946799,0.0,-0.01306753219925516,0,4,0
2026092801,maest,unweighted,0.25,temperature,24,66,0.13710425977967103,0.4304922368983187,0.0007750627059076032,-0.012292469493347558,0,4,0
2026092801,maest,unweighted,0.25,platt,24,66,0.14939672927301859,0.46364711147711957,0.01306753219925516,0.0,0,4,0
2026092801,maest,unweighted,0.25,beta,24,66,0.15536060259714796,0.4967891786022577,0.01903140552338453,0.005963873324129371,0,4,1
2026092801,maest,unweighted,0.25,isotonic,24,66,0.16232524191310227,1.3157803188336636,0.025996044839338844,0.012928512640083684,0,4,0
2026092801,maest,unweighted,0.25,ridge_platt,24,66,0.14193772328392382,0.44221777186027256,0.005608526210160392,-0.007459005989094769,0,4,0
2026092801,maest,unweighted,0.5,raw,47,131,0.13632919707376343,0.4280312800946799,0.0,-0.0028731159207106005,0,4,0
2026092801,maest,unweighted,0.5,prior_offset,47,131,0.13632919707376343,0.4280312800946799,0.0,-0.0028731159207106005,0,4,0
2026092801,maest,unweighted,0.5,temperature,47,131,0.13679728263300986,0.42946184005404814,0.0004680855592464339,-0.0024050303614641666,0,4,0
2026092801,maest,unweighted,0.5,platt,47,131,0.13920231299447403,0.4344333683581859,0.0028731159207106005,0.0,0,4,0
2026092801,maest,unweighted,0.5,beta,47,131,0.13993062489575106,0.4367845098442239,0.003601427821987635,0.0007283119012770345,0,4,1
2026092801,maest,unweighted,0.5,isotonic,47,131,0.14452451571644548,0.8068080453665091,0.008195318642682053,0.005322202721971453,0,4,0
2026092801,maest,unweighted,0.5,ridge_platt,47,131,0.13732019464516185,0.429631635483278,0.000990997571398422,-0.0018821183493121785,0,4,0
2026092801,maest,unweighted,1.0,raw,94,245,0.13632919707376343,0.4280312800946799,0.0,-0.0027924078547849895,0,4,0
2026092801,maest,unweighted,1.0,prior_offset,94,245,0.13632919707376343,0.4280312800946799,0.0,-0.0027924078547849895,0,4,0
2026092801,maest,unweighted,1.0,temperature,94,245,0.13717166820493662,0.4309347729613201,0.0008424711311731947,-0.0019499367236117948,0,4,0
2026092801,maest,unweighted,1.0,platt,94,245,0.13912160492854841,0.435690731639779,0.0027924078547849895,0.0,0,4,0
2026092801,maest,unweighted,1.0,beta,94,245,0.13841387920553289,0.4339166234324727,0.002084682131769461,-0.0007077257230155287,0,4,0
2026092801,maest,unweighted,1.0,isotonic,94,245,0.14330397550478505,0.7005766496973016,0.006974778431021622,0.0041823705762366326,0,4,0
2026092801,maest,unweighted,1.0,ridge_platt,94,245,0.13746280817342243,0.4298981968887653,0.0011336110996590099,-0.0016587967551259797,0,4,0
2026092801,mert_v0,ambient_balanced,0.25,raw,24,66,0.15051014390799677,0.4677833703574909,0.0,-0.0132318500984559,0,4,0
2026092801,mert_v0,ambient_balanced,0.25,prior_offset,24,66,0.14303230578538784,0.447144746841506,-0.007477838122608937,-0.020709688221064837,0,4,0
2026092801,mert_v0,ambient_balanced,0.25,temperature,24,66,0.15067815989451355,0.46815788089452975,0.00016801598651677851,-0.013063834111939121,0,4,0
2026092801,mert_v0,ambient_balanced,0.25,platt,24,66,0.16374199400645267,0.514822474208649,0.0132318500984559,0.0,0,4,0
2026092801,mert_v0,ambient_balanced,0.25,beta,24,66,0.16491518350616435,0.5234914396425201,0.01440503959816758,0.0011731894997116799,0,4,3
2026092801,mert_v0,ambient_balanced,0.25,isotonic,24,66,0.17350743083060968,1.6180103502828844,0.02299728692261291,0.009765436824157009,0,4,0
2026092801,mert_v0,ambient_balanced,0.25,ridge_platt,24,66,0.15183202452799072,0.47427603610374897,0.0013218806199939426,-0.011909969478461957,0,4,0
2026092801,mert_v0,ambient_balanced,0.5,raw,47,131,0.15051014390799677,0.4677833703574909,0.0,0.00573001031395326,0,4,0
2026092801,mert_v0,ambient_balanced,0.5,prior_offset,47,131,0.14303230578538784,0.447144746841506,-0.007477838122608937,-0.0017478278086556776,0,4,0
2026092801,mert_v0,ambient_balanced,0.5,temperature,47,131,0.1505161455180648,0.4677613311815834,6.0016100680293505e-06,0.005736011924021289,0,4,0
2026092801,mert_v0,ambient_balanced,0.5,platt,47,131,0.14478013359404351,0.45289456778797393,-0.00573001031395326,0.0,0,4,0
2026092801,mert_v0,ambient_balanced,0.5,beta,47,131,0.14676444541118963,0.4620259668567839,-0.0037456984968071427,0.001984311817146117,0,4,3
2026092801,mert_v0,ambient_balanced,0.5,isotonic,47,131,0.15203583974628945,0.7335528842530057,0.0015256958382926789,0.007255706152245939,0,4,0
2026092801,mert_v0,ambient_balanced,0.5,ridge_platt,47,131,0.14289023749004975,0.4476813699663019,-0.00761990641794702,-0.00188989610399376,0,4,0
2026092801,mert_v0,ambient_balanced,1.0,raw,94,245,0.15051014390799677,0.4677833703574909,0.0,0.007654055039656188,0,4,0
2026092801,mert_v0,ambient_balanced,1.0,prior_offset,94,245,0.14303230578538784,0.447144746841506,-0.007477838122608937,0.0001762169170472505,0,4,0
2026092801,mert_v0,ambient_balanced,1.0,temperature,94,245,0.1509204689691018,0.4694529567142493,0.00041032506110502687,0.008064380100761215,0,4,0
2026092801,mert_v0,ambient_balanced,1.0,platt,94,245,0.14285608886834059,0.4492042943810598,-0.007654055039656188,0.0,0,4,0
2026092801,mert_v0,ambient_balanced,1.0,beta,94,245,0.1438691826691057,0.45377852671330454,-0.006640961238891074,0.0010130938007651136,0,4,2
2026092801,mert_v0,ambient_balanced,1.0,isotonic,94,245,0.14840332846561594,0.5690326877490668,-0.0021068154423808383,0.00554723959727535,0,4,0
2026092801,mert_v0,ambient_balanced,1.0,ridge_platt,94,245,0.14248573263886855,0.44687423076534616,-0.008024411269128229,-0.00037035622947204083,0,4,0
2026092801,mert_v0,unweighted,0.25,raw,24,66,0.1428696856333354,0.4471996742190184,0.0,-0.021025504827222846,0,4,0
2026092801,mert_v0,unweighted,0.25,prior_offset,24,66,0.1428696856333354,0.4471996742190184,0.0,-0.021025504827222846,0,4,0
2026092801,mert_v0,unweighted,0.25,temperature,24,66,0.14292091579947472,0.44790198325454056,5.1230166139309974e-05,-0.020974274661083536,0,4,0
2026092801,mert_v0,unweighted,0.25,platt,24,66,0.16389519046055825,0.5154242807244115,0.021025504827222846,0.0,0,4,0
2026092801,mert_v0,unweighted,0.25,beta,24,66,0.16560974914643584,0.5258504313893461,0.022740063513100428,0.0017145586858775819,0,4,2
2026092801,mert_v0,unweighted,0.25,isotonic,24,66,0.17326019408881152,1.618294563802175,0.030390508455476112,0.009365003628253266,0,4,0
2026092801,mert_v0,unweighted,0.25,ridge_platt,24,66,0.15215029775034444,0.4743631148602104,0.009280612117009035,-0.011744892710213811,0,4,0
2026092801,mert_v0,unweighted,0.5,raw,47,131,0.1428696856333354,0.4471996742190184,0.0,-0.0018818596381728614,0,4,0
2026092801,mert_v0,unweighted,0.5,prior_offset,47,131,0.1428696856333354,0.4471996742190184,0.0,-0.0018818596381728614,0,4,0
2026092801,mert_v0,unweighted,0.5,temperature,47,131,0.1427714907159736,0.4467310250239404,-9.819491736182129e-05,-0.0019800545555346827,0,4,0
2026092801,mert_v0,unweighted,0.5,platt,47,131,0.14475154527150827,0.4531879510229391,0.0018818596381728614,0.0,0,4,0
2026092801,mert_v0,unweighted,0.5,beta,47,131,0.14660047540958893,0.4615461371896819,0.003730789776253518,0.0018489301380806566,0,4,2
2026092801,mert_v0,unweighted,0.5,isotonic,47,131,0.15173428897819313,0.7328773661067967,0.008864603344857724,0.006982743706684863,0,4,0
2026092801,mert_v0,unweighted,0.5,ridge_platt,47,131,0.1423639313494345,0.44653313971644126,-0.0005057542839008999,-0.0023876139220737613,0,4,0
2026092801,mert_v0,unweighted,1.0,raw,94,245,0.1428696856333354,0.4471996742190184,0.0,-1.9408217237643077e-05,0,4,0
2026092801,mert_v0,unweighted,1.0,prior_offset,94,245,0.1428696856333354,0.4471996742190184,0.0,-1.9408217237643077e-05,0,4,0
2026092801,mert_v0,unweighted,1.0,temperature,94,245,0.14325007926413535,0.4486317006098118,0.0003803936307999467,0.0003609854135623036,0,4,0
2026092801,mert_v0,unweighted,1.0,platt,94,245,0.14288909385057305,0.44966465655473564,1.9408217237643077e-05,0.0,0,4,0
2026092801,mert_v0,unweighted,1.0,beta,94,245,0.14385216045213792,0.4540331439694655,0.000982474818802509,0.0009630666015648659,0,4,2
2026092801,mert_v0,unweighted,1.0,isotonic,94,245,0.14909979926751538,0.571666318976845,0.006230113634179968,0.006210705416942325,0,4,0
2026092801,mert_v0,unweighted,1.0,ridge_platt,94,245,0.14307297031356592,0.44866003550918965,0.00020328468023050883,0.00018387646299286575,0,4,0
2026092801,mert_v1,ambient_balanced,0.25,raw,24,66,0.1502984637653613,0.46540872035604314,0.0,-0.006842809091167135,0,4,0
2026092801,mert_v1,ambient_balanced,0.25,prior_offset,24,66,0.14362897451727738,0.4461932849021436,-0.006669489248083915,-0.01351229833925105,0,4,0
2026092801,mert_v1,ambient_balanced,0.25,temperature,24,66,0.15056243228025112,0.4663742729356245,0.00026396851488982853,-0.006578840576277306,0,4,0
2026092801,mert_v1,ambient_balanced,0.25,platt,24,66,0.15714127285652843,0.4808249446393308,0.006842809091167135,0.0,0,4,0
2026092801,mert_v1,ambient_balanced,0.25,beta,24,66,0.15750799711369495,0.48869100340463373,0.007209533348333658,0.000366724257166523,0,4,3
2026092801,mert_v1,ambient_balanced,0.25,isotonic,24,66,0.16529894863144212,1.2967873111715291,0.015000484866080827,0.008157675774913692,0,4,0
2026092801,mert_v1,ambient_balanced,0.25,ridge_platt,24,66,0.14760435792167867,0.4537326639054828,-0.002694105843682626,-0.00953691493484976,0,4,0
2026092801,mert_v1,ambient_balanced,0.5,raw,47,131,0.1502984637653613,0.46540872035604314,0.0,0.004705157055179238,0,4,0
2026092801,mert_v1,ambient_balanced,0.5,prior_offset,47,131,0.14362897451727738,0.4461932849021436,-0.006669489248083915,-0.0019643321929046775,0,4,0
2026092801,mert_v1,ambient_balanced,0.5,temperature,47,131,0.15044073936035454,0.46574164089432324,0.00014227559499324638,0.004847432650172484,0,4,0
2026092801,mert_v1,ambient_balanced,0.5,platt,47,131,0.14559330671018206,0.4506532306271867,-0.004705157055179238,0.0,0,4,0
2026092801,mert_v1,ambient_balanced,0.5,beta,47,131,0.14676296729920466,0.45528053600364765,-0.00353549646615664,0.0011696605890225975,0,4,2
2026092801,mert_v1,ambient_balanced,0.5,isotonic,47,131,0.15042808160059462,0.6618923903278473,0.00012961783523332548,0.004834774890412563,0,4,0
2026092801,mert_v1,ambient_balanced,0.5,ridge_platt,47,131,0.14356518192486223,0.4452446142503937,-0.006733281840499067,-0.002028124785319829,0,4,0
2026092801,mert_v1,ambient_balanced,1.0,raw,94,245,0.1502984637653613,0.46540872035604314,0.0,0.0057907286065841945,0,4,0
2026092801,mert_v1,ambient_balanced,1.0,prior_offset,94,245,0.14362897451727738,0.4461932849021436,-0.006669489248083915,-0.0008787606414997207,0,4,0
2026092801,mert_v1,ambient_balanced,1.0,temperature,94,245,0.15110927069517002,0.4686373835710188,0.0008108069298087273,0.006601535536392922,0,4,0
2026092801,mert_v1,ambient_balanced,1.0,platt,94,245,0.1445077351587771,0.45027833652438887,-0.0057907286065841945,0.0,0,4,0
2026092801,mert_v1,ambient_balanced,1.0,beta,94,245,0.14549026014513822,0.45326939572572433,-0.004808203620223078,0.0009825249863611163,0,4,2
2026092801,mert_v1,ambient_balanced,1.0,isotonic,94,245,0.1476737051057278,0.5894525062611179,-0.0026247586596334915,0.003165969946950703,0,4,0
2026092801,mert_v1,ambient_balanced,1.0,ridge_platt,94,245,0.1438596144222903,0.4465458657670644,-0.006438849343070985,-0.0006481207364867902,0,4,0
2026092801,mert_v1,unweighted,0.25,raw,24,66,0.14376883892936246,0.446972330762616,0.0,-0.013928872700653294,0,4,0
2026092801,mert_v1,unweighted,0.25,prior_offset,24,66,0.14376883892936246,0.446972330762616,0.0,-0.013928872700653294,0,4,0
2026092801,mert_v1,unweighted,0.25,temperature,24,66,0.1440106566412461,0.44843362701177353,0.00024181771188364065,-0.013687054988769654,0,4,0
2026092801,mert_v1,unweighted,0.25,platt,24,66,0.15769771163001575,0.4823671367192199,0.013928872700653294,0.0,0,4,0
2026092801,mert_v1,unweighted,0.25,beta,24,66,0.15861591819301996,0.49240396615082554,0.014847079263657498,0.0009182065630042036,0,4,3
2026092801,mert_v1,unweighted,0.25,isotonic,24,66,0.16693234144397712,1.3014271505033062,0.02316350251461466,0.009234629813961365,0,4,0
2026092801,mert_v1,unweighted,0.25,ridge_platt,24,66,0.14855560000323625,0.45557673768204987,0.0047867610738737965,-0.009142111626779498,0,4,0
2026092801,mert_v1,unweighted,0.5,raw,47,131,0.14376883892936246,0.446972330762616,0.0,-0.0020934678551304264,0,4,0
2026092801,mert_v1,unweighted,0.5,prior_offset,47,131,0.14376883892936246,0.446972330762616,0.0,-0.0020934678551304264,0,4,0
2026092801,mert_v1,unweighted,0.5,temperature,47,131,0.14459542488497368,0.4491144635883317,0.0008265859556112198,-0.0012668818995192066,0,4,0
2026092801,mert_v1,unweighted,0.5,platt,47,131,0.14586230678449288,0.4517913021368218,0.0020934678551304264,0.0,0,4,0
2026092801,mert_v1,unweighted,0.5,beta,47,131,0.146874387541436,0.45561910317560095,0.0031055486120735443,0.0010120807569431178,0,4,2
2026092801,mert_v1,unweighted,0.5,isotonic,47,131,0.14996332043710062,0.6610104541151312,0.006194481507738159,0.004101013652607732,0,4,0
2026092801,mert_v1,unweighted,0.5,ridge_platt,47,131,0.14272037118346143,0.4432247554525693,-0.0010484677459010328,-0.003141935601031459,0,4,0
2026092801,mert_v1,unweighted,1.0,raw,94,245,0.14376883892936246,0.446972330762616,0.0,-0.0010362622412672107,0,4,0
2026092801,mert_v1,unweighted,1.0,prior_offset,94,245,0.14376883892936246,0.446972330762616,0.0,-0.0010362622412672107,0,4,0
2026092801,mert_v1,unweighted,1.0,temperature,94,245,0.14516620984389375,0.45171074317058174,0.001397370914531293,0.00036110867326408225,0,4,0
2026092801,mert_v1,unweighted,1.0,platt,94,245,0.14480510117062967,0.4514692704627532,0.0010362622412672107,0.0,0,4,0
2026092801,mert_v1,unweighted,1.0,beta,94,245,0.1456324211249265,0.45385202974319827,0.0018635821955640397,0.000827319954296829,0,4,2
2026092801,mert_v1,unweighted,1.0,isotonic,94,245,0.14749607811778864,0.5886078374397195,0.0037272391884261846,0.002690976947158974,0,4,0
2026092801,mert_v1,unweighted,1.0,ridge_platt,94,245,0.1438013539331325,0.4465604071377193,3.2515003770050566e-05,-0.00100374723749716,0,4,0
2026092802,maest,ambient_balanced,0.25,raw,24,56,0.1456326092484287,0.4517998306419461,0.0,-0.009918172397922198,0,4,0
2026092802,maest,ambient_balanced,0.25,prior_offset,24,56,0.139208916163456,0.4327375000350251,-0.006423693084972704,-0.0163418654828949,0,4,0
2026092802,maest,ambient_balanced,0.25,temperature,24,56,0.14823994564932041,0.46544210965388744,0.0026073364008917244,-0.007310835997030474,0,4,0
2026092802,maest,ambient_balanced,0.25,platt,24,56,0.1555507816463509,0.4948113934887337,0.009918172397922198,0.0,0,4,0
2026092802,maest,ambient_balanced,0.25,beta,24,56,0.15614884686377575,0.4936755982095282,0.010516237615347063,0.0005980652174248646,0,4,3
2026092802,maest,ambient_balanced,0.25,isotonic,24,56,0.15795501148337532,1.1883323739272682,0.012322402234946628,0.0024042298370244297,0,4,0
2026092802,maest,ambient_balanced,0.25,ridge_platt,24,56,0.15216463274092945,0.4821924157776773,0.00653202349250076,-0.0033861489054214378,0,4,0
2026092802,maest,ambient_balanced,0.5,raw,47,126,0.1456326092484287,0.4517998306419461,0.0,0.004167741669781566,0,4,0
2026092802,maest,ambient_balanced,0.5,prior_offset,47,126,0.139208916163456,0.4327375000350251,-0.006423693084972704,-0.0022559514151911375,0,4,0
2026092802,maest,ambient_balanced,0.5,temperature,47,126,0.14822358377037237,0.4587309076970955,0.0025909745219436786,0.006758716191725245,0,4,0
2026092802,maest,ambient_balanced,0.5,platt,47,126,0.14146486757864712,0.4401403810257985,-0.004167741669781566,0.0,0,4,0
2026092802,maest,ambient_balanced,0.5,beta,47,126,0.14365221631958672,0.4470078019610049,-0.001980392928841973,0.002187348740939593,0,4,2
2026092802,maest,ambient_balanced,0.5,isotonic,47,126,0.1492963827137729,0.908735962367057,0.0036637734653442167,0.007831515135125783,0,4,0
2026092802,maest,ambient_balanced,0.5,ridge_platt,47,126,0.13841593718026154,0.43350280729086377,-0.007216672068167146,-0.0030489303983855798,0,4,0
2026092802,maest,ambient_balanced,1.0,raw,94,254,0.1456326092484287,0.4517998306419461,0.0,0.0069952341670521945,0,4,0
2026092802,maest,ambient_balanced,1.0,prior_offset,94,254,0.139208916163456,0.4327375000350251,-0.006423693084972704,0.0005715410820794908,0,4,0
2026092802,maest,ambient_balanced,1.0,temperature,94,254,0.14615299871502976,0.45260604330767207,0.0005203894666010733,0.007515623633653268,0,4,0
2026092802,maest,ambient_balanced,1.0,platt,94,254,0.1386373750813765,0.43204629719364823,-0.0069952341670521945,0.0,0,4,0
2026092802,maest,ambient_balanced,1.0,beta,94,254,0.14005055396271118,0.4351414127420213,-0.005582055285717508,0.0014131788813346868,0,4,0
2026092802,maest,ambient_balanced,1.0,isotonic,94,254,0.1437084830640937,0.6321163699265525,-0.00192412618433499,0.0050711079827172045,0,4,0
2026092802,maest,ambient_balanced,1.0,ridge_platt,94,254,0.13830970891170735,0.4323733360671343,-0.0073229003367213386,-0.0003276661696691441,0,4,0
2026092802,maest,unweighted,0.25,raw,24,56,0.13853088378137282,0.4310148122106033,0.0,-0.016822395403843282,0,4,0
2026092802,maest,unweighted,0.25,prior_offset,24,56,0.13853088378137282,0.4310148122106033,0.0,-0.016822395403843282,0,4,0
2026092802,maest,unweighted,0.25,temperature,24,56,0.14116328507620746,0.4446877593255928,0.0026324012948346354,-0.014189994109008647,0,4,0
2026092802,maest,unweighted,0.25,platt,24,56,0.1553532791852161,0.49407950803837336,0.016822395403843282,0.0,0,4,0
2026092802,maest,unweighted,0.25,beta,24,56,0.1558595881986322,0.4935294945194634,0.017328704417259366,0.0005063090134160841,0,4,3
2026092802,maest,unweighted,0.25,isotonic,24,56,0.15738218627130135,1.2511518217314104,0.01885130248992853,0.0020289070860852465,0,4,0
2026092802,maest,unweighted,0.25,ridge_platt,24,56,0.1521385639500064,0.4810581225198003,0.01360768016863359,-0.003214715235209692,0,4,0
2026092802,maest,unweighted,0.5,raw,47,126,0.13853088378137282,0.4310148122106033,0.0,-0.0027811778030502055,0,4,0
2026092802,maest,unweighted,0.5,prior_offset,47,126,0.13853088378137282,0.4310148122106033,0.0,-0.0027811778030502055,0,4,0
2026092802,maest,unweighted,0.5,temperature,47,126,0.14089219444193274,0.43871299343087317,0.0023613106605599177,-0.0004198671424902878,0,4,0
2026092802,maest,unweighted,0.5,platt,47,126,0.14131206158442303,0.4394088003479872,0.0027811778030502055,0.0,0,4,0
2026092802,maest,unweighted,0.5,beta,47,126,0.14360727834884773,0.4464223896802945,0.005076394567474912,0.002295216764424707,0,4,2
2026092802,maest,unweighted,0.5,isotonic,47,126,0.148453728704997,0.9058443264130847,0.009922844923624191,0.007141667120573986,0,4,0
2026092802,maest,unweighted,0.5,ridge_platt,47,126,0.13819888395651247,0.4313655695741989,-0.0003319998248603462,-0.0031131776279105516,0,4,0
2026092802,maest,unweighted,1.0,raw,94,254,0.13853088378137282,0.4310148122106033,0.0,-6.712826146570983e-05,0,4,0
2026092802,maest,unweighted,1.0,prior_offset,94,254,0.13853088378137282,0.4310148122106033,0.0,-6.712826146570983e-05,0,4,0
2026092802,maest,unweighted,1.0,temperature,94,254,0.1388805859573725,0.43250785313112633,0.0003497021759996666,0.00028257391453395675,0,4,0
2026092802,maest,unweighted,1.0,platt,94,254,0.13859801204283853,0.4316995240109007,6.712826146570983e-05,0.0,0,4,0
2026092802,maest,unweighted,1.0,beta,94,254,0.13997797269474269,0.4346440736897196,0.001447088913369865,0.0013799606519041552,0,4,0
2026092802,maest,unweighted,1.0,isotonic,94,254,0.14394454881501415,0.6322738307407495,0.005413665033641324,0.005346536772175614,0,4,0
2026092802,maest,unweighted,1.0,ridge_platt,94,254,0.13853088378137282,0.4310148122106033,0.0,-6.712826146570983e-05,0,4,0
2026092802,mert_v0,ambient_balanced,0.25,raw,24,56,0.15953899953676634,0.4922514032781119,0.0,-0.012461045406216703,0,4,0
2026092802,mert_v0,ambient_balanced,0.25,prior_offset,24,56,0.14775021880744588,0.45989953611630235,-0.011788780729320464,-0.024249826135537167,0,4,0
2026092802,mert_v0,ambient_balanced,0.25,temperature,24,56,0.16061538144470972,0.5004071685403505,0.0010763819079433745,-0.011384663498273329,0,4,0
2026092802,mert_v0,ambient_balanced,0.25,platt,24,56,0.17200004494298304,0.5359043076775409,0.012461045406216703,0.0,0,4,0
2026092802,mert_v0,ambient_balanced,0.25,beta,24,56,0.17135982164951896,0.53457071649921,0.011820822112752621,-0.0006402232934640817,0,4,3
2026092802,mert_v0,ambient_balanced,0.25,isotonic,24,56,0.18020352802172757,1.6022915323894622,0.020664528484961225,0.008203483078744522,0,4,0
2026092802,mert_v0,ambient_balanced,0.25,ridge_platt,24,56,0.16316453461613487,0.5088624529817305,0.003625535079368525,-0.008835510326848178,0,4,0
2026092802,mert_v0,ambient_balanced,0.5,raw,47,126,0.15953899953676634,0.4922514032781119,0.0,0.010907796353654575,0,4,0
2026092802,mert_v0,ambient_balanced,0.5,prior_offset,47,126,0.14775021880744588,0.45989953611630235,-0.011788780729320464,-0.0008809843756658886,0,4,0
2026092802,mert_v0,ambient_balanced,0.5,temperature,47,126,0.16189203969388613,0.49969174445339,0.00235304015711979,0.013260836510774365,0,4,0
2026092802,mert_v0,ambient_balanced,0.5,platt,47,126,0.14863120318311177,0.469053856067875,-0.010907796353654575,0.0,0,4,0
2026092802,mert_v0,ambient_balanced,0.5,beta,47,126,0.14970969348797208,0.47333328607680164,-0.009829306048794256,0.001078490304860319,0,4,2
2026092802,mert_v0,ambient_balanced,0.5,isotonic,47,126,0.15304567345960235,0.7403483346636827,-0.006493326077163991,0.004414470276490584,0,4,0
2026092802,mert_v0,ambient_balanced,0.5,ridge_platt,47,126,0.14596032313066362,0.45958825707875095,-0.013578676406102719,-0.0026708800524481435,0,4,0
2026092802,mert_v0,ambient_balanced,1.0,raw,94,254,0.15953899953676634,0.4922514032781119,0.0,0.014195403793292233,0,4,0
2026092802,mert_v0,ambient_balanced,1.0,prior_offset,94,254,0.14775021880744588,0.45989953611630235,-0.011788780729320464,0.002406623063971769,0,4,0
2026092802,mert_v0,ambient_balanced,1.0,temperature,94,254,0.1590910562468933,0.49334371524137627,-0.00044794328987304843,0.013747460503419184,0,4,0
2026092802,mert_v0,ambient_balanced,1.0,platt,94,254,0.1453435957434741,0.4612889209182196,-0.014195403793292233,0.0,0,4,0
2026092802,mert_v0,ambient_balanced,1.0,beta,94,254,0.1457835533208998,0.46038968967950017,-0.013755446215866551,0.0004399575774256814,0,4,1
2026092802,mert_v0,ambient_balanced,1.0,isotonic,94,254,0.1496165125390121,0.600801051393792,-0.009922486997754248,0.004272916795537984,0,4,0
2026092802,mert_v0,ambient_balanced,1.0,ridge_platt,94,254,0.1456089992052277,0.46165538396879013,-0.013930000331538628,0.00026540346175360496,0,4,0
2026092802,mert_v0,unweighted,0.25,raw,24,56,0.14755728741939353,0.4602925148268813,0.0,-0.024681115299391293,0,4,0
2026092802,mert_v0,unweighted,0.25,prior_offset,24,56,0.14755728741939353,0.4602925148268813,0.0,-0.024681115299391293,0,4,0
2026092802,mert_v0,unweighted,0.25,temperature,24,56,0.1485076897390944,0.46818398271157013,0.000950402319700866,-0.023730712979690427,0,4,0
2026092802,mert_v0,unweighted,0.25,platt,24,56,0.17223840271878482,0.5369688558775112,0.024681115299391293,0.0,0,4,0
2026092802,mert_v0,unweighted,0.25,beta,24,56,0.1718536637421734,0.5372226121207009,0.024296376322779867,-0.0003847389766114262,0,4,3
2026092802,mert_v0,unweighted,0.25,isotonic,24,56,0.18006712058512203,1.5692790172403854,0.0325098331657285,0.00782871786633721,0,4,0
2026092802,mert_v0,unweighted,0.25,ridge_platt,24,56,0.16346566723436928,0.5090500898304741,0.015908379814975754,-0.00877273548441554,0,4,0
2026092802,mert_v0,unweighted,0.5,raw,47,126,0.14755728741939353,0.4602925148268813,0.0,-0.0013079054518781441,0,4,0
2026092802,mert_v0,unweighted,0.5,prior_offset,47,126,0.14755728741939353,0.4602925148268813,0.0,-0.0013079054518781441,0,4,0
2026092802,mert_v0,unweighted,0.5,temperature,47,126,0.14971674761397116,0.4682271086310324,0.0021594601945776337,0.0008515547426994896,0,4,0
2026092802,mert_v0,unweighted,0.5,platt,47,126,0.14886519287127167,0.46973206187544136,0.0013079054518781441,0.0,0,4,0
2026092802,mert_v0,unweighted,0.5,beta,47,126,0.15055142618121575,0.47581113707988376,0.0029941387618222237,0.0016862333099440796,0,4,2
2026092802,mert_v0,unweighted,0.5,isotonic,47,126,0.15224278701906152,0.7394197909375926,0.0046854995996679916,0.0033775941477898475,0,4,0
2026092802,mert_v0,unweighted,0.5,ridge_platt,47,126,0.14638169900981768,0.4595138263814487,-0.0011755884095758506,-0.0024834938614539948,0,4,0
2026092802,mert_v0,unweighted,1.0,raw,94,254,0.14755728741939353,0.4602925148268813,0.0,0.001973618066740457,0,4,0
2026092802,mert_v0,unweighted,1.0,prior_offset,94,254,0.14755728741939353,0.4602925148268813,0.0,0.001973618066740457,0,4,0
2026092802,mert_v0,unweighted,1.0,temperature,94,254,0.14692403339195437,0.4619209078710747,-0.0006332540274391618,0.001340364039301295,0,4,0
2026092802,mert_v0,unweighted,1.0,platt,94,254,0.14558366935265307,0.4622033578985856,-0.001973618066740457,0.0,0,4,0
2026092802,mert_v0,unweighted,1.0,beta,94,254,0.1463456863208541,0.4621315335549921,-0.0012116010985394332,0.0007620169682010236,0,4,1
2026092802,mert_v0,unweighted,1.0,isotonic,94,254,0.1494309024980206,0.6013449693342964,0.0018736150786270722,0.003847233145367529,0,4,0
2026092802,mert_v0,unweighted,1.0,ridge_platt,94,254,0.146010071668512,0.4615627075382204,-0.001547215750881542,0.00042640231585891475,0,4,0
2026092802,mert_v1,ambient_balanced,0.25,raw,24,56,0.15875818756792415,0.4877153970435938,0.0,-0.009928947338755795,0,4,0
2026092802,mert_v1,ambient_balanced,0.25,prior_offset,24,56,0.14666807436712298,0.45566475854495536,-0.012090113200801167,-0.02201906053955696,0,4,0
2026092802,mert_v1,ambient_balanced,0.25,temperature,24,56,0.16180466257509812,0.5035151756518872,0.0030464750071739766,-0.006882472331581818,0,4,0
2026092802,mert_v1,ambient_balanced,0.25,platt,24,56,0.16868713490667994,0.5257374292260015,0.009928947338755795,0.0,0,4,1
2026092802,mert_v1,ambient_balanced,0.25,beta,24,56,0.16899909172812444,0.524459113901295,0.010240904160200293,0.0003119568214444979,0,4,2
2026092802,mert_v1,ambient_balanced,0.25,isotonic,24,56,0.1736088242744348,1.2283814627489384,0.014850636706510656,0.004921689367754861,0,4,0
2026092802,mert_v1,ambient_balanced,0.25,ridge_platt,24,56,0.16058442743210657,0.502921949778878,0.0018262398641824273,-0.008102707474573367,0,4,1
2026092802,mert_v1,ambient_balanced,0.5,raw,47,126,0.15875818756792415,0.4877153970435938,0.0,0.011169041247677008,0,4,0
2026092802,mert_v1,ambient_balanced,0.5,prior_offset,47,126,0.14666807436712298,0.45566475854495536,-0.012090113200801167,-0.0009210719531241585,0,4,0
2026092802,mert_v1,ambient_balanced,0.5,temperature,47,126,0.1608618538744225,0.4934886803020142,0.0021036663064983585,0.013272707554175367,0,4,0
2026092802,mert_v1,ambient_balanced,0.5,platt,47,126,0.14758914632024714,0.4607198024295615,-0.011169041247677008,0.0,0,4,0
2026092802,mert_v1,ambient_balanced,0.5,beta,47,126,0.14922114979069728,0.4672491420754879,-0.009537037777226864,0.001632003470450144,0,4,4
2026092802,mert_v1,ambient_balanced,0.5,isotonic,47,126,0.15440675246082355,0.7689776929953958,-0.004351435107100593,0.0068176061405764155,0,4,0
2026092802,mert_v1,ambient_balanced,0.5,ridge_platt,47,126,0.14547236091070773,0.4552250800976892,-0.01328582665721642,-0.0021167854095394123,0,4,0
2026092802,mert_v1,ambient_balanced,1.0,raw,94,254,0.15875818756792415,0.4877153970435938,0.0,0.013691506092574024,0,4,0
2026092802,mert_v1,ambient_balanced,1.0,prior_offset,94,254,0.14666807436712298,0.45566475854495536,-0.012090113200801167,0.001601392891772857,0,4,0
2026092802,mert_v1,ambient_balanced,1.0,temperature,94,254,0.15841875535368488,0.4876368790053817,-0.00033943221423926584,0.013352073878334758,0,4,0
2026092802,mert_v1,ambient_balanced,1.0,platt,94,254,0.14506668147535012,0.4554907277187126,-0.013691506092574024,0.0,0,4,0
2026092802,mert_v1,ambient_balanced,1.0,beta,94,254,0.14537579922129307,0.4569461519530481,-0.01338238834663108,0.00030911774594294394,0,4,2
2026092802,mert_v1,ambient_balanced,1.0,isotonic,94,254,0.15158012656822964,0.7632133169550981,-0.007178060999694508,0.006513445092879516,0,4,0
2026092802,mert_v1,ambient_balanced,1.0,ridge_platt,94,254,0.1450875022385885,0.4559326386423885,-0.013670685329335658,2.0820763238366125e-05,0,4,0
2026092802,mert_v1,unweighted,0.25,raw,24,56,0.14667321446965095,0.45662428468031874,0.0,-0.022388182884314045,0,4,0
2026092802,mert_v1,unweighted,0.25,prior_offset,24,56,0.14667321446965095,0.45662428468031874,0.0,-0.022388182884314045,0,4,0
2026092802,mert_v1,unweighted,0.25,temperature,24,56,0.14841101516550845,0.46878954430896225,0.0017378006958574943,-0.02065038218845655,0,4,0
2026092802,mert_v1,unweighted,0.25,platt,24,56,0.169061397353965,0.5271908852914082,0.022388182884314045,0.0,0,4,1
2026092802,mert_v1,unweighted,0.25,beta,24,56,0.1695578860313594,0.5274353980169167,0.022884671561708453,0.0004964886773944077,0,4,2
2026092802,mert_v1,unweighted,0.25,isotonic,24,56,0.1746726867743037,1.2322418843561498,0.027999472304652745,0.0056112894203387,0,4,0
2026092802,mert_v1,unweighted,0.25,ridge_platt,24,56,0.1604418336028587,0.5019276088273688,0.01376861913320776,-0.008619563751106285,0,4,1
2026092802,mert_v1,unweighted,0.5,raw,47,126,0.14667321446965095,0.45662428468031874,0.0,-0.001259295269249755,0,4,0
2026092802,mert_v1,unweighted,0.5,prior_offset,47,126,0.14667321446965095,0.45662428468031874,0.0,-0.001259295269249755,0,4,0
2026092802,mert_v1,unweighted,0.5,temperature,47,126,0.14867855588743797,0.46273427490701674,0.002005341417787021,0.000746046148537266,0,4,0
2026092802,mert_v1,unweighted,0.5,platt,47,126,0.1479325097389007,0.4619307772967539,0.001259295269249755,0.0,0,4,0
2026092802,mert_v1,unweighted,0.5,beta,47,126,0.1499181723108676,0.46940271252432214,0.0032449578412166447,0.0019856625719668897,0,4,4
2026092802,mert_v1,unweighted,0.5,isotonic,47,126,0.15339474990313332,0.6347619599743726,0.006721535433482362,0.005462240164232607,0,4,0
2026092802,mert_v1,unweighted,0.5,ridge_platt,47,126,0.14585263658605435,0.45563116835581735,-0.0008205778835966016,-0.0020798731528463565,0,4,0
2026092802,mert_v1,unweighted,1.0,raw,94,254,0.14667321446965095,0.45662428468031874,0.0,0.0012600470877793812,0,4,0
2026092802,mert_v1,unweighted,1.0,prior_offset,94,254,0.14667321446965095,0.45662428468031874,0.0,0.0012600470877793812,0,4,0
2026092802,mert_v1,unweighted,1.0,temperature,94,254,0.14621124885812048,0.4569252148507539,-0.0004619656115304738,0.0007980814762489075,0,4,0
2026092802,mert_v1,unweighted,1.0,platt,94,254,0.14541316738187157,0.45680001594167263,-0.0012600470877793812,0.0,0,4,0
2026092802,mert_v1,unweighted,1.0,beta,94,254,0.14612028576202374,0.4591926485959287,-0.0005529287076272149,0.0007071183801521663,0,4,2
2026092802,mert_v1,unweighted,1.0,isotonic,94,254,0.1502699456234822,0.6276611237587414,0.003596731153831245,0.0048567782416106264,0,4,0
2026092802,mert_v1,unweighted,1.0,ridge_platt,94,254,0.14546443439392798,0.4562757118071764,-0.001208780075722976,5.126701205640516e-05,0,4,0
2026092803,maest,ambient_balanced,0.25,raw,24,72,0.124434260672849,0.39399314676185865,0.0,0.0009126517983125138,0,4,0
2026092803,maest,ambient_balanced,0.25,prior_offset,24,72,0.11258449205573612,0.3644785427423835,-0.011849768617112885,-0.010937116818800371,0,4,0
2026092803,maest,ambient_balanced,0.25,temperature,24,72,0.12841517647330083,0.40984611858087033,0.003980915800451831,0.004893567598764345,0,4,0
2026092803,maest,ambient_balanced,0.25,platt,24,72,0.12352160887453649,0.39638427209183946,-0.0009126517983125138,0.0,0,4,0
2026092803,maest,ambient_balanced,0.25,beta,24,72,0.1234353518890865,0.3972889821854366,-0.000998908783762506,-8.625698544999227e-05,0,4,3
2026092803,maest,ambient_balanced,0.25,isotonic,24,72,0.1222954152496416,0.6144010287102187,-0.0021388454232074,-0.0012261936248948863,0,4,0
2026092803,maest,ambient_balanced,0.25,ridge_platt,24,72,0.1121833245724564,0.3636615944792812,-0.012250936100392601,-0.011338284302080087,0,4,0
2026092803,maest,ambient_balanced,0.5,raw,47,132,0.124434260672849,0.39399314676185865,0.0,-0.003563090902530472,0,4,0
2026092803,maest,ambient_balanced,0.5,prior_offset,47,132,0.11258449205573612,0.3644785427423835,-0.011849768617112885,-0.015412859519643357,0,4,0
2026092803,maest,ambient_balanced,0.5,temperature,47,132,0.13468388473281676,0.4281736987927547,0.010249624059967752,0.00668653315743728,0,4,0
2026092803,maest,ambient_balanced,0.5,platt,47,132,0.12799735157537948,0.4114585726740742,0.003563090902530472,0.0,0,4,1
2026092803,maest,ambient_balanced,0.5,beta,47,132,0.12722425869832477,0.410396753632557,0.0027899980254757623,-0.0007730928770547096,0,4,2
2026092803,maest,ambient_balanced,0.5,isotonic,47,132,0.12336284357976046,0.5907226544130066,-0.001071417093088542,-0.004634507995619014,0,4,0
2026092803,maest,ambient_balanced,0.5,ridge_platt,47,132,0.11358234966707151,0.36751580385091415,-0.010851911005777495,-0.014415001908307967,0,4,0
2026092803,maest,ambient_balanced,1.0,raw,94,245,0.124434260672849,0.39399314676185865,0.0,0.0074241303818159965,0,4,0
2026092803,maest,ambient_balanced,1.0,prior_offset,94,245,0.11258449205573612,0.3644785427423835,-0.011849768617112885,-0.004425638235296889,0,4,0
2026092803,maest,ambient_balanced,1.0,temperature,94,245,0.1271875707099542,0.4044583356186951,0.0027533100371052027,0.0101774404189212,0,4,0
2026092803,maest,ambient_balanced,1.0,platt,94,245,0.11701013029103301,0.3788615954912007,-0.0074241303818159965,0.0,0,4,0
2026092803,maest,ambient_balanced,1.0,beta,94,245,0.11612312593725982,0.3774102236820538,-0.008311134735589185,-0.0008870043537731881,0,4,0
2026092803,maest,ambient_balanced,1.0,isotonic,94,245,0.11429910210342561,0.4346634729294947,-0.010135158569423389,-0.002711028187607392,0,4,0
2026092803,maest,ambient_balanced,1.0,ridge_platt,94,245,0.11478009790995938,0.37182587756314095,-0.00965416276288962,-0.002230032381073624,0,4,0
2026092803,maest,unweighted,0.25,raw,24,72,0.11288072965618777,0.36469424392890576,0.0,-0.010581768461571578,0,4,0
2026092803,maest,unweighted,0.25,prior_offset,24,72,0.11288072965618777,0.36469424392890576,0.0,-0.010581768461571578,0,4,0
2026092803,maest,unweighted,0.25,temperature,24,72,0.11569810351978688,0.3762007790333787,0.002817373863599107,-0.007764394597972471,0,4,0
2026092803,maest,unweighted,0.25,platt,24,72,0.12346249811775935,0.39629577820816353,0.010581768461571578,0.0,0,4,0
2026092803,maest,unweighted,0.25,beta,24,72,0.12333281680943714,0.39695611722193086,0.01045208715324937,-0.0001296813083222076,0,4,3
2026092803,maest,unweighted,0.25,isotonic,24,72,0.12248264122618267,0.5819578468184783,0.009601911569994903,-0.0009798568915766748,0,4,0
2026092803,maest,unweighted,0.25,ridge_platt,24,72,0.11288072965618777,0.36469424392890576,0.0,-0.010581768461571578,0,4,0
2026092803,maest,unweighted,0.5,raw,47,132,0.11288072965618777,0.36469424392890576,0.0,-0.015278834822152462,0,4,0
2026092803,maest,unweighted,0.5,prior_offset,47,132,0.11288072965618777,0.36469424392890576,0.0,-0.015278834822152462,0,4,0
2026092803,maest,unweighted,0.5,temperature,47,132,0.12353516720715355,0.40076143176224577,0.010654437550965776,-0.0046243972711866865,0,4,0
2026092803,maest,unweighted,0.5,platt,47,132,0.12815956447834023,0.41157353970289334,0.015278834822152462,0.0,0,4,1
2026092803,maest,unweighted,0.5,beta,47,132,0.12727948630101396,0.41019505449348875,0.014398756644826191,-0.0008800781773262711,0,4,2
2026092803,maest,unweighted,0.5,isotonic,47,132,0.12484605275678028,0.593575361417529,0.011965323100592506,-0.0033135117215599558,0,4,0
2026092803,maest,unweighted,0.5,ridge_platt,47,132,0.11288072965618777,0.36469424392890576,0.0,-0.015278834822152462,0,4,0
2026092803,maest,unweighted,1.0,raw,94,245,0.11288072965618777,0.36469424392890576,0.0,-0.00419258038300345,0,4,0
2026092803,maest,unweighted,1.0,prior_offset,94,245,0.11288072965618777,0.36469424392890576,0.0,-0.00419258038300345,0,4,0
2026092803,maest,unweighted,1.0,temperature,94,245,0.11579194142304329,0.37569399937785813,0.0029112117668555204,-0.0012813686161479293,0,4,0
2026092803,maest,unweighted,1.0,platt,94,245,0.11707331003919122,0.37880991971434863,0.00419258038300345,0.0,0,4,0
2026092803,maest,unweighted,1.0,beta,94,245,0.1160637790616183,0.3769462065424378,0.0031830494054305297,-0.00100953097757292,0,4,1
2026092803,maest,unweighted,1.0,isotonic,94,245,0.11494131159637626,0.43571260077877083,0.0020605819401884884,-0.0021319984428149613,0,4,0
2026092803,maest,unweighted,1.0,ridge_platt,94,245,0.11527238945649147,0.3722178145370333,0.0023916598003037026,-0.001800920582699747,0,4,0
2026092803,mert_v0,ambient_balanced,0.25,raw,24,72,0.14691824428496825,0.45360188421954667,0.0,0.00966432069750553,0,4,0
2026092803,mert_v0,ambient_balanced,0.25,prior_offset,24,72,0.12944663597339134,0.4091953656181782,-0.017471608311576903,-0.007807287614071373,0,4,0
2026092803,mert_v0,ambient_balanced,0.25,temperature,24,72,0.15270238730150312,0.4758961043598239,0.005784143016534876,0.015448463714040406,0,4,0
2026092803,mert_v0,ambient_balanced,0.25,platt,24,72,0.13725392358746272,0.43190975703472057,-0.00966432069750553,0.0,0,4,0
2026092803,mert_v0,ambient_balanced,0.25,beta,24,72,0.13494939668466746,0.4304614627386055,-0.011968847600300786,-0.0023045269027952564,0,4,3
2026092803,mert_v0,ambient_balanced,0.25,isotonic,24,72,0.13690516706082761,0.685352504190213,-0.010013077224140632,-0.00034875652663510226,0,4,0
2026092803,mert_v0,ambient_balanced,0.25,ridge_platt,24,72,0.13143319982158716,0.41374764630794597,-0.015485044463381087,-0.005820723765875557,0,4,0
2026092803,mert_v0,ambient_balanced,0.5,raw,47,132,0.14691824428496825,0.45360188421954667,0.0,0.004133404787636685,0,4,0
2026092803,mert_v0,ambient_balanced,0.5,prior_offset,47,132,0.12944663597339134,0.4091953656181782,-0.017471608311576903,-0.013338203523940217,0,4,0
2026092803,mert_v0,ambient_balanced,0.5,temperature,47,132,0.1551954179836228,0.483495601579609,0.00827717369865455,0.012410578486291235,0,4,0
2026092803,mert_v0,ambient_balanced,0.5,platt,47,132,0.14278483949733156,0.4479781157808715,-0.004133404787636685,0.0,0,4,1
2026092803,mert_v0,ambient_balanced,0.5,beta,47,132,0.1393085058051084,0.44094433730939264,-0.007609738479859851,-0.003476333692223166,0,4,3
2026092803,mert_v0,ambient_balanced,0.5,isotonic,47,132,0.14038335192877188,0.7671104880051987,-0.0065348923561963645,-0.0024014875685596793,0,4,0
2026092803,mert_v0,ambient_balanced,0.5,ridge_platt,47,132,0.13850325796348037,0.43215734160808456,-0.008414986321487877,-0.004281581533851192,0,4,0
2026092803,mert_v0,ambient_balanced,1.0,raw,94,245,0.14691824428496825,0.45360188421954667,0.0,0.012368730392842059,0,4,0
2026092803,mert_v0,ambient_balanced,1.0,prior_offset,94,245,0.12944663597339134,0.4091953656181782,-0.017471608311576903,-0.005102877918734844,0,4,0
2026092803,mert_v0,ambient_balanced,1.0,temperature,94,245,0.14907131331682522,0.4617305532276503,0.002153069031856969,0.014521799424699028,0,4,0
2026092803,mert_v0,ambient_balanced,1.0,platt,94,245,0.1345495138921262,0.4214186658891364,-0.012368730392842059,0.0,0,4,0
2026092803,mert_v0,ambient_balanced,1.0,beta,94,245,0.12987455504079387,0.4122411811260282,-0.017043689244174376,-0.004674958851332317,0,4,2
2026092803,mert_v0,ambient_balanced,1.0,isotonic,94,245,0.13325061636626487,0.6784409078807154,-0.013667627918703379,-0.00129889752586132,0,4,0
2026092803,mert_v0,ambient_balanced,1.0,ridge_platt,94,245,0.13145578629182536,0.41347414576029895,-0.015462457993142886,-0.0030937276003008274,0,4,0
2026092803,mert_v0,unweighted,0.25,raw,24,72,0.12933054939480385,0.409590863135765,0.0,-0.007346115079601867,0,4,0
2026092803,mert_v0,unweighted,0.25,prior_offset,24,72,0.12933054939480385,0.409590863135765,0.0,-0.007346115079601867,0,4,0
2026092803,mert_v0,unweighted,0.25,temperature,24,72,0.13162097776651302,0.41620978293356126,0.0022904283717091745,-0.005055686707892693,0,4,0
2026092803,mert_v0,unweighted,0.25,platt,24,72,0.1366766644744057,0.4308471140445817,0.007346115079601867,0.0,0,4,0
2026092803,mert_v0,unweighted,0.25,beta,24,72,0.13510077947691482,0.431326174857977,0.005770230082110972,-0.001575884997490895,0,4,3
2026092803,mert_v0,unweighted,0.25,isotonic,24,72,0.13490749165723948,0.681302820274314,0.00557694226243563,-0.0017691728171662369,0,4,0
2026092803,mert_v0,unweighted,0.25,ridge_platt,24,72,0.12933054939480385,0.409590863135765,0.0,-0.007346115079601867,0,4,0
2026092803,mert_v0,unweighted,0.5,raw,47,132,0.12933054939480385,0.409590863135765,0.0,-0.013071790534448346,0,4,0
2026092803,mert_v0,unweighted,0.5,prior_offset,47,132,0.12933054939480385,0.409590863135765,0.0,-0.013071790534448346,0,4,0
2026092803,mert_v0,unweighted,0.5,temperature,47,132,0.13579614766973166,0.4323308266942758,0.00646559827492782,-0.006606192259520527,0,4,0
2026092803,mert_v0,unweighted,0.5,platt,47,132,0.1424023399292522,0.44716383161239925,0.013071790534448346,0.0,0,4,1
2026092803,mert_v0,unweighted,0.5,beta,47,132,0.13961666801621536,0.4422100270102497,0.010286118621411516,-0.00278567191303683,0,4,3
2026092803,mert_v0,unweighted,0.5,isotonic,47,132,0.1400160033617714,0.7368036146359519,0.010685453966967545,-0.0023863365674808013,0,4,0
2026092803,mert_v0,unweighted,0.5,ridge_platt,47,132,0.12933054939480385,0.409590863135765,0.0,-0.013071790534448346,0,4,0
2026092803,mert_v0,unweighted,1.0,raw,94,245,0.12933054939480385,0.409590863135765,0.0,-0.004826570936622726,0,4,0
2026092803,mert_v0,unweighted,1.0,prior_offset,94,245,0.12933054939480385,0.409590863135765,0.0,-0.004826570936622726,0,4,0
2026092803,mert_v0,unweighted,1.0,temperature,94,245,0.12973976462969966,0.40990687495175526,0.00040921523489581557,-0.0044173557017269105,0,4,0
2026092803,mert_v0,unweighted,1.0,platt,94,245,0.13415712033142657,0.42052190658470723,0.004826570936622726,0.0,0,4,0
2026092803,mert_v0,unweighted,1.0,beta,94,245,0.1301083287192467,0.4131562519624252,0.0007777793244428677,-0.004048791612179858,0,4,2
2026092803,mert_v0,unweighted,1.0,isotonic,94,245,0.13310862119924335,0.6482519731754908,0.003778071804439509,-0.0010484991321832171,0,4,0
2026092803,mert_v0,unweighted,1.0,ridge_platt,94,245,0.12933054939480385,0.409590863135765,0.0,-0.004826570936622726,0,4,0
2026092803,mert_v1,ambient_balanced,0.25,raw,24,72,0.14695349173948147,0.4538749130100957,0.0,0.009220560580299547,0,4,0
2026092803,mert_v1,ambient_balanced,0.25,prior_offset,24,72,0.12962511926914322,0.41077610098979406,-0.01732837247033825,-0.008107811890038702,0,4,0
2026092803,mert_v1,ambient_balanced,0.25,temperature,24,72,0.15195901971310324,0.47058197801700996,0.005005527973621776,0.014226088553921323,0,4,0
2026092803,mert_v1,ambient_balanced,0.25,platt,24,72,0.13773293115918192,0.43588250460958167,-0.009220560580299547,0.0,0,4,0
2026092803,mert_v1,ambient_balanced,0.25,beta,24,72,0.1351813463548567,0.4322645660124633,-0.01177214538462476,-0.002551584804325213,0,4,3
2026092803,mert_v1,ambient_balanced,0.25,isotonic,24,72,0.13854362033956935,0.9560782943044737,-0.008409871399912117,0.0008106891803874305,0,4,0
2026092803,mert_v1,ambient_balanced,0.25,ridge_platt,24,72,0.13030636081039454,0.41270129263554317,-0.01664713092908693,-0.007426570348787381,0,4,0
2026092803,mert_v1,ambient_balanced,0.5,raw,47,132,0.14695349173948147,0.4538749130100957,0.0,0.0064570936987203564,0,4,0
2026092803,mert_v1,ambient_balanced,0.5,prior_offset,47,132,0.12962511926914322,0.41077610098979406,-0.01732837247033825,-0.010871278771617893,0,4,0
2026092803,mert_v1,ambient_balanced,0.5,temperature,47,132,0.1535216685521984,0.4766281939236041,0.0065681768127169304,0.013025270511437287,0,4,0
2026092803,mert_v1,ambient_balanced,0.5,platt,47,132,0.1404963980407611,0.44270349346089105,-0.0064570936987203564,0.0,0,4,0
2026092803,mert_v1,ambient_balanced,0.5,beta,47,132,0.13623819369053303,0.43388389791302495,-0.01071529804894844,-0.004258204350228084,0,4,2
2026092803,mert_v1,ambient_balanced,0.5,isotonic,47,132,0.14030468830099613,0.9308067560144463,-0.00664880343848534,-0.00019170973976498362,0,4,0
2026092803,mert_v1,ambient_balanced,0.5,ridge_platt,47,132,0.13775404833813165,0.4311696632086538,-0.009199443401349816,-0.0027423497026294597,0,4,0
2026092803,mert_v1,ambient_balanced,1.0,raw,94,245,0.14695349173948147,0.4538749130100957,0.0,0.015182650047820101,0,4,0
2026092803,mert_v1,ambient_balanced,1.0,prior_offset,94,245,0.12962511926914322,0.41077610098979406,-0.01732837247033825,-0.002145722422518148,0,4,0
2026092803,mert_v1,ambient_balanced,1.0,temperature,94,245,0.14811524564770803,0.45713977009908724,0.0011617539082265649,0.016344403956046666,0,4,0
2026092803,mert_v1,ambient_balanced,1.0,platt,94,245,0.13177084169166137,0.41547320564232193,-0.015182650047820101,0.0,0,4,0
2026092803,mert_v1,ambient_balanced,1.0,beta,94,245,0.12852881125413712,0.4101343042483695,-0.018424680485344347,-0.003242030437524246,0,4,2
2026092803,mert_v1,ambient_balanced,1.0,isotonic,94,245,0.13093862647572868,0.64491556462435,-0.016014865263752787,-0.0008322152159326857,0,4,0
2026092803,mert_v1,ambient_balanced,1.0,ridge_platt,94,245,0.13076681844467597,0.41320626328679994,-0.016186673294805498,-0.0010040232469853971,0,4,0
2026092803,mert_v1,unweighted,0.25,raw,24,72,0.1295933305116433,0.4113582586552061,0.0,-0.007834460216369715,0,4,0
2026092803,mert_v1,unweighted,0.25,prior_offset,24,72,0.1295933305116433,0.4113582586552061,0.0,-0.007834460216369715,0,4,0
2026092803,mert_v1,unweighted,0.25,temperature,24,72,0.13176773012851004,0.4178634964865915,0.0021743996168667457,-0.00566006059950297,0,4,0
2026092803,mert_v1,unweighted,0.25,platt,24,72,0.137427790728013,0.43562159821368274,0.007834460216369715,0.0,0,4,0
2026092803,mert_v1,unweighted,0.25,beta,24,72,0.13516715415047795,0.43275946968337864,0.005573823638834657,-0.002260636577535058,0,4,3
2026092803,mert_v1,unweighted,0.25,isotonic,24,72,0.1349034025170933,0.9501206022139096,0.005310072005450001,-0.0025243882109197147,0,4,0
2026092803,mert_v1,unweighted,0.25,ridge_platt,24,72,0.1295933305116433,0.4113582586552061,0.0,-0.007834460216369715,0,4,0
2026092803,mert_v1,unweighted,0.5,raw,47,132,0.1295933305116433,0.4113582586552061,0.0,-0.010715584529303518,0,4,0
2026092803,mert_v1,unweighted,0.5,prior_offset,47,132,0.1295933305116433,0.4113582586552061,0.0,-0.010715584529303518,0,4,0
2026092803,mert_v1,unweighted,0.5,temperature,47,132,0.13503059162533393,0.43069573717534315,0.005437261113690639,-0.005278323415612879,0,4,0
2026092803,mert_v1,unweighted,0.5,platt,47,132,0.1403089150409468,0.44243716134139816,0.010715584529303518,0.0,0,4,0
2026092803,mert_v1,unweighted,0.5,beta,47,132,0.13643392121994313,0.4347225023327296,0.006840590708299843,-0.003874993821003675,0,4,3
2026092803,mert_v1,unweighted,0.5,isotonic,47,132,0.14022796202987198,0.9314121652824311,0.010634631518228688,-8.095301107483022e-05,0,4,0
2026092803,mert_v1,unweighted,0.5,ridge_platt,47,132,0.1295933305116433,0.4113582586552061,0.0,-0.010715584529303518,0,4,0
2026092803,mert_v1,unweighted,1.0,raw,94,245,0.1295933305116433,0.4113582586552061,0.0,-0.0018560378834722724,0,4,0
2026092803,mert_v1,unweighted,1.0,prior_offset,94,245,0.1295933305116433,0.4113582586552061,0.0,-0.0018560378834722724,0,4,0
2026092803,mert_v1,unweighted,1.0,temperature,94,245,0.12949766690671996,0.41003634523500176,-9.566360492332948e-05,-0.0019517014883956019,0,4,0
2026092803,mert_v1,unweighted,1.0,platt,94,245,0.13144936839511556,0.4148236076929195,0.0018560378834722724,0.0,0,4,0
2026092803,mert_v1,unweighted,1.0,beta,94,245,0.12819235057022282,0.40949106586195094,-0.001400979941420466,-0.0032570178248927384,0,4,2
2026092803,mert_v1,unweighted,1.0,isotonic,94,245,0.1317104325645504,0.6475256505628073,0.002117102052907105,0.00026106416943483257,0,4,0
2026092803,mert_v1,unweighted,1.0,ridge_platt,94,245,0.1295933305116433,0.4113582586552061,0.0,-0.0018560378834722724,0,4,0
2026092804,maest,ambient_balanced,0.25,raw,24,56,0.12982456722227476,0.4087990745037928,0.0,0.0014825831425671898,0,4,0
2026092804,maest,ambient_balanced,0.25,prior_offset,24,56,0.11722908374430613,0.377840707279851,-0.012595483477968628,-0.011112900335401438,0,4,0
2026092804,maest,ambient_balanced,0.25,temperature,24,56,0.14112846515475502,0.46003135434036013,0.011303897932480267,0.012786481075047457,0,4,0
2026092804,maest,ambient_balanced,0.25,platt,24,56,0.12834198407970757,0.41500536223024465,-0.0014825831425671898,0.0,0,4,0
2026092804,maest,ambient_balanced,0.25,beta,24,56,0.1281033127403327,0.4123888691922445,-0.0017212544819420472,-0.0002386713393748574,0,4,1
2026092804,maest,ambient_balanced,0.25,isotonic,24,56,0.15231094802148806,1.7011003049582876,0.022486380799213307,0.023968963941780497,0,4,0
2026092804,maest,ambient_balanced,0.25,ridge_platt,24,56,0.1230750143780046,0.39647507178194413,-0.00674955284427016,-0.00526696970170297,0,4,0
2026092804,maest,ambient_balanced,0.5,raw,47,132,0.12982456722227476,0.4087990745037928,0.0,0.005404037677596021,0,4,0
2026092804,maest,ambient_balanced,0.5,prior_offset,47,132,0.11722908374430613,0.377840707279851,-0.012595483477968628,-0.007191445800372606,0,4,0
2026092804,maest,ambient_balanced,0.5,temperature,47,132,0.13548909329868347,0.4301690511137981,0.005664526076408716,0.011068563754004737,0,4,0
2026092804,maest,ambient_balanced,0.5,platt,47,132,0.12442052954467873,0.39808551339308273,-0.005404037677596021,0.0,0,4,0
2026092804,maest,ambient_balanced,0.5,beta,47,132,0.12489024993346241,0.4015703616351842,-0.004934317288812343,0.0004697203887836787,0,4,0
2026092804,maest,ambient_balanced,0.5,isotonic,47,132,0.13301962101030074,1.0300591407460624,0.003195053788025981,0.008599091465622002,0,4,0
2026092804,maest,ambient_balanced,0.5,ridge_platt,47,132,0.12174761487783407,0.3886603645676159,-0.008076952344440683,-0.0026729146668446613,0,4,0
2026092804,maest,ambient_balanced,1.0,raw,94,249,0.12982456722227476,0.4087990745037928,0.0,0.009539855163146066,0,4,0
2026092804,maest,ambient_balanced,1.0,prior_offset,94,249,0.11722908374430613,0.377840707279851,-0.012595483477968628,-0.0030556283148225616,0,4,0
2026092804,maest,ambient_balanced,1.0,temperature,94,249,0.13191225574513227,0.4163469943555751,0.0020876885228575115,0.011627543686003577,0,4,0
2026092804,maest,ambient_balanced,1.0,platt,94,249,0.12028471205912869,0.38621992382052844,-0.009539855163146066,0.0,0,4,0
2026092804,maest,ambient_balanced,1.0,beta,94,249,0.11931633414024197,0.3847001543713966,-0.010508233082032789,-0.0009683779188867231,0,4,0
2026092804,maest,ambient_balanced,1.0,isotonic,94,249,0.12429477255705539,0.5854083348487418,-0.00552979466521937,0.004010060497926696,0,4,0
2026092804,maest,ambient_balanced,1.0,ridge_platt,94,249,0.11806923100863605,0.37942340294037247,-0.011755336213638709,-0.002215481050492643,0,4,0
2026092804,maest,unweighted,0.25,raw,24,56,0.11715325477584673,0.37712758806695235,0.0,-0.01143221575663339,0,4,0
2026092804,maest,unweighted,0.25,prior_offset,24,56,0.11715325477584673,0.37712758806695235,0.0,-0.01143221575663339,0,4,0
2026092804,maest,unweighted,0.25,temperature,24,56,0.12345925145560513,0.40051857133462754,0.006305996679758397,-0.005126219076874994,0,4,0
2026092804,maest,unweighted,0.25,platt,24,56,0.12858547053248012,0.4154958322325447,0.01143221575663339,0.0,0,4,0
2026092804,maest,unweighted,0.25,beta,24,56,0.13068834959506392,0.41948735197428866,0.013535094819217192,0.002102879062583801,0,4,1
2026092804,maest,unweighted,0.25,isotonic,24,56,0.14887346187896308,1.4916516444546102,0.03172020710311635,0.02028799134648296,0,4,0
2026092804,maest,unweighted,0.25,ridge_platt,24,56,0.12321084316331897,0.3966833760918426,0.0060575883874722375,-0.005374627369161153,0,4,0
2026092804,maest,unweighted,0.5,raw,47,132,0.11715325477584673,0.37712758806695235,0.0,-0.00712185090858343,0,4,0
2026092804,maest,unweighted,0.5,prior_offset,47,132,0.11715325477584673,0.37712758806695235,0.0,-0.00712185090858343,0,4,0
2026092804,maest,unweighted,0.5,temperature,47,132,0.12036924584857775,0.3879281669079356,0.003215991072731017,-0.0039058598358524127,0,4,0
2026092804,maest,unweighted,0.5,platt,47,132,0.12427510568443016,0.3973017042625817,0.00712185090858343,0.0,0,4,0
2026092804,maest,unweighted,0.5,beta,47,132,0.12498491994108385,0.40133722608453826,0.007831665165237117,0.0007098142566536875,0,4,0
2026092804,maest,unweighted,0.5,isotonic,47,132,0.13076312345698843,1.0579541916134834,0.013609868681141696,0.006488017772558266,0,4,0
2026092804,maest,unweighted,0.5,ridge_platt,47,132,0.1189728747622963,0.3813245290704293,0.0018196199864495693,-0.00530223092213386,0,4,0
2026092804,maest,unweighted,1.0,raw,94,249,0.11715325477584673,0.37712758806695235,0.0,-0.0031825159483125365,0,4,0
2026092804,maest,unweighted,1.0,prior_offset,94,249,0.11715325477584673,0.37712758806695235,0.0,-0.0031825159483125365,0,4,0
2026092804,maest,unweighted,1.0,temperature,94,249,0.11863130691294596,0.38246100486660356,0.0014780521370992283,-0.0017044638112133081,0,4,0
2026092804,maest,unweighted,1.0,platt,94,249,0.12033577072415927,0.38616928346860663,0.0031825159483125365,0.0,0,4,0
2026092804,maest,unweighted,1.0,beta,94,249,0.11952689719826366,0.38464453648723423,0.00237364242241693,-0.0008088735258956065,0,4,0
2026092804,maest,unweighted,1.0,isotonic,94,249,0.12368360013438277,0.5845257692560606,0.006530345358536041,0.0033478294102235046,0,4,0
2026092804,maest,unweighted,1.0,ridge_platt,94,249,0.11788786624749027,0.3788555459349985,0.0007346114716435398,-0.0024479044766689967,0,4,0
2026092804,mert_v0,ambient_balanced,0.25,raw,24,56,0.15055759335394164,0.4656444208204277,0.0,0.006536356788873043,0,4,0
2026092804,mert_v0,ambient_balanced,0.25,prior_offset,24,56,0.13566816038920854,0.429695780745022,-0.014889432964733107,-0.008353076175860064,0,4,0
2026092804,mert_v0,ambient_balanced,0.25,temperature,24,56,0.15780861119093523,0.5009508652549556,0.007251017836993584,0.013787374625866627,0,4,0
2026092804,mert_v0,ambient_balanced,0.25,platt,24,56,0.1440212365650686,0.4641818299474446,-0.006536356788873043,0.0,0,4,0
2026092804,mert_v0,ambient_balanced,0.25,beta,24,56,0.14360401027404276,0.4565863570759434,-0.0069535830798988785,-0.0004172262910258351,0,4,2
2026092804,mert_v0,ambient_balanced,0.25,isotonic,24,56,0.1490015938325307,0.9225348774869966,-0.0015559995214109446,0.004980357267462099,0,4,0
2026092804,mert_v0,ambient_balanced,0.25,ridge_platt,24,56,0.13579411118916176,0.4398667792940641,-0.014763482164779879,-0.008227125375906835,0,4,0
2026092804,mert_v0,ambient_balanced,0.5,raw,47,132,0.15055759335394164,0.4656444208204277,0.0,0.010992928431590138,0,4,0
2026092804,mert_v0,ambient_balanced,0.5,prior_offset,47,132,0.13566816038920854,0.429695780745022,-0.014889432964733107,-0.0038965045331429693,0,4,0
2026092804,mert_v0,ambient_balanced,0.5,temperature,47,132,0.15491427726893384,0.48330778301942223,0.004356683914992193,0.015349612346582331,0,4,0
2026092804,mert_v0,ambient_balanced,0.5,platt,47,132,0.1395646649223515,0.44070558443465174,-0.010992928431590138,0.0,0,4,0
2026092804,mert_v0,ambient_balanced,0.5,beta,47,132,0.1390806059304467,0.43788612512663905,-0.011476987423494955,-0.0004840589919048177,0,4,3
2026092804,mert_v0,ambient_balanced,0.5,isotonic,47,132,0.1469653429897261,1.0379866072515012,-0.003592250364215538,0.0074006780673746,0,4,0
2026092804,mert_v0,ambient_balanced,0.5,ridge_platt,47,132,0.13774696745615944,0.4347086127088436,-0.012810625897782202,-0.0018176974661920642,0,4,0
2026092804,mert_v0,ambient_balanced,1.0,raw,94,249,0.15055759335394164,0.4656444208204277,0.0,0.014782381606389866,0,4,0
2026092804,mert_v0,ambient_balanced,1.0,prior_offset,94,249,0.13566816038920854,0.429695780745022,-0.014889432964733107,-0.00010705135834324087,0,4,0
2026092804,mert_v0,ambient_balanced,1.0,temperature,94,249,0.15139870104878417,0.46906589078543903,0.0008411076948425245,0.01562348930123239,0,4,0
2026092804,mert_v0,ambient_balanced,1.0,platt,94,249,0.13577521174755178,0.4295424445548178,-0.014782381606389866,0.0,0,4,0
2026092804,mert_v0,ambient_balanced,1.0,beta,94,249,0.13534970286353493,0.4298417960876908,-0.015207890490406717,-0.00042550888401685083,0,4,2
2026092804,mert_v0,ambient_balanced,1.0,isotonic,94,249,0.14005184170451085,0.7024771351403135,-0.010505751649430795,0.0042766299569590716,0,4,0
2026092804,mert_v0,ambient_balanced,1.0,ridge_platt,94,249,0.13599444677479194,0.42961036614876535,-0.0145631465791497,0.00021923502724016664,0,4,0
2026092804,mert_v0,unweighted,0.25,raw,24,56,0.1356309210831636,0.4297915281227217,0.0,-0.00881848692772047,0,4,0
2026092804,mert_v0,unweighted,0.25,prior_offset,24,56,0.1356309210831636,0.4297915281227217,0.0,-0.00881848692772047,0,4,0
2026092804,mert_v0,unweighted,0.25,temperature,24,56,0.13964275205474147,0.4475646946506119,0.004011830971577868,-0.0048066559561426025,0,4,0
2026092804,mert_v0,unweighted,0.25,platt,24,56,0.14444940801088407,0.4660082285376621,0.00881848692772047,0.0,0,4,0
2026092804,mert_v0,unweighted,0.25,beta,24,56,0.1435214090203521,0.4575912028985893,0.007890487937188495,-0.0009279989905319752,0,4,2
2026092804,mert_v0,unweighted,0.25,isotonic,24,56,0.14840245699646723,0.9521186109315616,0.012771535913303628,0.003953048985583157,0,4,0
2026092804,mert_v0,unweighted,0.25,ridge_platt,24,56,0.13615216607779954,0.44145706156112635,0.0005212449946359332,-0.008297241933084537,0,4,0
2026092804,mert_v0,unweighted,0.5,raw,47,132,0.1356309210831636,0.4297915281227217,0.0,-0.003997647784257985,0,4,0
2026092804,mert_v0,unweighted,0.5,prior_offset,47,132,0.1356309210831636,0.4297915281227217,0.0,-0.003997647784257985,0,4,0
2026092804,mert_v0,unweighted,0.5,temperature,47,132,0.13730421658972433,0.43500263193659716,0.0016732955065607291,-0.002324352277697256,0,4,0
2026092804,mert_v0,unweighted,0.5,platt,47,132,0.1396285688674216,0.4409771310525535,0.003997647784257985,0.0,0,4,0
2026092804,mert_v0,unweighted,0.5,beta,47,132,0.13953987686725988,0.43890459156255957,0.00390895578409628,-8.869200016170531e-05,0,4,3
2026092804,mert_v0,unweighted,0.5,isotonic,47,132,0.14794774103054917,1.2066967971596496,0.012316819947385566,0.00831917216312758,0,4,0
2026092804,mert_v0,unweighted,0.5,ridge_platt,47,132,0.1352629556737626,0.42864165571711826,-0.00036796540940101097,-0.004365613193658996,0,4,0
2026092804,mert_v0,unweighted,1.0,raw,94,249,0.1356309210831636,0.4297915281227217,0.0,-0.0003598433138156387,0,4,0
2026092804,mert_v0,unweighted,1.0,prior_offset,94,249,0.1356309210831636,0.4297915281227217,0.0,-0.0003598433138156387,0,4,0
2026092804,mert_v0,unweighted,1.0,temperature,94,249,0.13568533807691902,0.4298101646911032,5.441699375541287e-05,-0.00030542632006022585,0,4,0
2026092804,mert_v0,unweighted,1.0,platt,94,249,0.13599076439697924,0.4303000278684788,0.0003598433138156387,0.0,0,4,0
2026092804,mert_v0,unweighted,1.0,beta,94,249,0.13591637116930913,0.4312425433865752,0.0002854500861455278,-7.439322767011092e-05,0,4,2
2026092804,mert_v0,unweighted,1.0,isotonic,94,249,0.14075525174666118,0.642220398176359,0.005124330663497573,0.004764487349681934,0,4,0
2026092804,mert_v0,unweighted,1.0,ridge_platt,94,249,0.1354178159603877,0.42872343987617156,-0.00021310512277589178,-0.0005729484365915305,0,4,0
2026092804,mert_v1,ambient_balanced,0.25,raw,24,56,0.15023672996528997,0.4646267235461427,0.0,0.004662740787057168,0,4,0
2026092804,mert_v1,ambient_balanced,0.25,prior_offset,24,56,0.13476444257693737,0.42698702586425785,-0.015472287388352601,-0.010809546601295433,0,4,0
2026092804,mert_v1,ambient_balanced,0.25,temperature,24,56,0.15782350356628977,0.5052258612246768,0.007586773600999797,0.012249514388056965,0,4,0
2026092804,mert_v1,ambient_balanced,0.25,platt,24,56,0.1455739891782328,0.4724438295538628,-0.004662740787057168,0.0,0,4,0
2026092804,mert_v1,ambient_balanced,0.25,beta,24,56,0.14589143341931804,0.46711826274684226,-0.004345296545971933,0.00031744424108523517,0,4,3
2026092804,mert_v1,ambient_balanced,0.25,isotonic,24,56,0.14899535360209828,0.8490668962609457,-0.0012413763631916874,0.0034213644238654806,0,4,0
2026092804,mert_v1,ambient_balanced,0.25,ridge_platt,24,56,0.13648466608107343,0.44040007331747555,-0.013752063884216542,-0.009089323097159374,0,4,0
2026092804,mert_v1,ambient_balanced,0.5,raw,47,132,0.15023672996528997,0.4646267235461427,0.0,0.010613622467086997,0,4,0
2026092804,mert_v1,ambient_balanced,0.5,prior_offset,47,132,0.13476444257693737,0.42698702586425785,-0.015472287388352601,-0.004858664921265604,0,4,0
2026092804,mert_v1,ambient_balanced,0.5,temperature,47,132,0.1550713300295977,0.48410036480913693,0.00483460006430772,0.015448222531394717,0,4,0
2026092804,mert_v1,ambient_balanced,0.5,platt,47,132,0.13962310749820298,0.4413336552986289,-0.010613622467086997,0.0,0,4,0
2026092804,mert_v1,ambient_balanced,0.5,beta,47,132,0.1384288817080958,0.4383625860563316,-0.011807848257194165,-0.0011942257901071673,0,4,1
2026092804,mert_v1,ambient_balanced,0.5,isotonic,47,132,0.14256216343192143,0.8599857395414682,-0.0076745665333685376,0.0029390559337184596,0,4,0
2026092804,mert_v1,ambient_balanced,0.5,ridge_platt,47,132,0.13652415308967733,0.43126445761206605,-0.013712576875612642,-0.003098954408525645,0,4,0
2026092804,mert_v1,ambient_balanced,1.0,raw,94,249,0.15023672996528997,0.4646267235461427,0.0,0.015238636421057439,0,4,0
2026092804,mert_v1,ambient_balanced,1.0,prior_offset,94,249,0.13476444257693737,0.42698702586425785,-0.015472287388352601,-0.00023365096729516255,0,4,0
2026092804,mert_v1,ambient_balanced,1.0,temperature,94,249,0.15140968729422882,0.469176132947222,0.0011729573289388506,0.01641159374999629,0,4,0
2026092804,mert_v1,ambient_balanced,1.0,platt,94,249,0.13499809354423253,0.4276071684869974,-0.015238636421057439,0.0,0,4,0
2026092804,mert_v1,ambient_balanced,1.0,beta,94,249,0.13421136031969602,0.42700066168694406,-0.01602536964559395,-0.0007867332245365122,0,4,1
2026092804,mert_v1,ambient_balanced,1.0,isotonic,94,249,0.13794620443160904,0.7277992633486701,-0.01229052553368093,0.0029481108873765094,0,4,0
2026092804,mert_v1,ambient_balanced,1.0,ridge_platt,94,249,0.135236001922954,0.4272448156276269,-0.015000728042335959,0.00023790837872147974,0,4,0
2026092804,mert_v1,unweighted,0.25,raw,24,56,0.1346037947981594,0.4267934767914455,0.0,-0.011135374679974663,0,4,0
2026092804,mert_v1,unweighted,0.25,prior_offset,24,56,0.1346037947981594,0.4267934767914455,0.0,-0.011135374679974663,0,4,0
2026092804,mert_v1,unweighted,0.25,temperature,24,56,0.13821852164135978,0.44346670361595103,0.003614726843200383,-0.00752064783677428,0,4,0
2026092804,mert_v1,unweighted,0.25,platt,24,56,0.14573916947813406,0.4733680024552953,0.011135374679974663,0.0,0,4,0
2026092804,mert_v1,unweighted,0.25,beta,24,56,0.14597998309312,0.46785608206545126,0.011376188294960593,0.00024081361498592968,0,4,3
2026092804,mert_v1,unweighted,0.25,isotonic,24,56,0.1498317013029904,0.8528285412177203,0.015227906504830996,0.0040925318248563325,0,4,0
2026092804,mert_v1,unweighted,0.25,ridge_platt,24,56,0.1366498463809747,0.44132424621890803,0.002046051582815289,-0.009089323097159374,0,4,0
2026092804,mert_v1,unweighted,0.5,raw,47,132,0.1346037947981594,0.4267934767914455,0.0,-0.004955463925015419,0,4,0
2026092804,mert_v1,unweighted,0.5,prior_offset,47,132,0.1346037947981594,0.4267934767914455,0.0,-0.004955463925015419,0,4,0
2026092804,mert_v1,unweighted,0.5,temperature,47,132,0.13679269259791715,0.4336518897972564,0.0021888977997577552,-0.0027665661252576634,0,4,0
2026092804,mert_v1,unweighted,0.5,platt,47,132,0.13955925872317482,0.4410719453298234,0.004955463925015419,0.0,0,4,0
2026092804,mert_v1,unweighted,0.5,beta,47,132,0.13917112113929336,0.43906492734425495,0.004567326341133965,-0.0003881375838814538,0,4,1
2026092804,mert_v1,unweighted,0.5,isotonic,47,132,0.14440529722266107,1.0643268865494888,0.009801502424501674,0.004846038499486255,0,4,0
2026092804,mert_v1,unweighted,0.5,ridge_platt,47,132,0.13600610511968766,0.43035114543533004,0.0014023103215282662,-0.0035531536034871525,0,4,0
2026092804,mert_v1,unweighted,1.0,raw,94,249,0.1346037947981594,0.4267934767914455,0.0,-0.00046795098219287734,0,4,0
2026092804,mert_v1,unweighted,1.0,prior_offset,94,249,0.1346037947981594,0.4267934767914455,0.0,-0.00046795098219287734,0,4,0
2026092804,mert_v1,unweighted,1.0,temperature,94,249,0.13493634044787234,0.4276602822717773,0.00033254564971293976,-0.00013540533247993758,0,4,0
2026092804,mert_v1,unweighted,1.0,platt,94,249,0.13507174578035228,0.4279096445244521,0.00046795098219287734,0.0,0,4,0
2026092804,mert_v1,unweighted,1.0,beta,94,249,0.13505136617546096,0.42850131561853594,0.0004475713773015588,-2.0379604891318515e-05,0,4,1
2026092804,mert_v1,unweighted,1.0,isotonic,94,249,0.13842054729210465,0.7294423900212268,0.0038167524939452524,0.003348801511752375,0,4,0
2026092804,mert_v1,unweighted,1.0,ridge_platt,94,249,0.13435172679685364,0.42559103030672524,-0.00025206800130575524,-0.0007200189834986326,0,4,0
2026092805,maest,ambient_balanced,0.25,raw,24,55,0.1375502497542258,0.4290565507411769,0.0,0.0004652231583047173,0,4,0
2026092805,maest,ambient_balanced,0.25,prior_offset,24,55,0.12568615950206385,0.4020903249483847,-0.011864090252161952,-0.011398867093857235,0,4,0
2026092805,maest,ambient_balanced,0.25,temperature,24,55,0.14018223052208126,0.44206519485487694,0.002631980767855452,0.003097203926160169,0,4,0
2026092805,maest,ambient_balanced,0.25,platt,24,55,0.1370850265959211,0.4394250746569312,-0.0004652231583047173,0.0,0,4,0
2026092805,maest,ambient_balanced,0.25,beta,24,55,0.1390242697212791,0.45221850188062995,0.0014740199670532916,0.001939243125358009,0,4,1
2026092805,maest,ambient_balanced,0.25,isotonic,24,55,0.1536809212217072,1.4491179656419724,0.0161306714674814,0.016595894625786117,0,4,0
2026092805,maest,ambient_balanced,0.25,ridge_platt,24,55,0.12789964127827885,0.4131510817054217,-0.009650608475946953,-0.009185385317642236,0,4,0
2026092805,maest,ambient_balanced,0.5,raw,47,113,0.1375502497542258,0.4290565507411769,0.0,0.0123457717562383,0,4,0
2026092805,maest,ambient_balanced,0.5,prior_offset,47,113,0.12568615950206385,0.4020903249483847,-0.011864090252161952,0.0004816815040763478,0,4,0
2026092805,maest,ambient_balanced,0.5,temperature,47,113,0.13808545914125211,0.43138281328883665,0.0005352093870263086,0.012880981143264608,0,4,0
2026092805,maest,ambient_balanced,0.5,platt,47,113,0.1252044779979875,0.399208195433015,-0.0123457717562383,0.0,0,4,0
2026092805,maest,ambient_balanced,0.5,beta,47,113,0.12691480618873371,0.40595662263427984,-0.010635443565492092,0.0017103281907462076,0,4,0
2026092805,maest,ambient_balanced,0.5,isotonic,47,113,0.13324209149830346,1.0778067913888922,-0.004308158255922345,0.008037613500315954,0,4,0
2026092805,maest,ambient_balanced,0.5,ridge_platt,47,113,0.12479751717905241,0.3990900921501103,-0.012752732575173398,-0.00040696081893509817,0,4,0
2026092805,maest,ambient_balanced,1.0,raw,94,246,0.1375502497542258,0.4290565507411769,0.0,0.013454313520399636,0,4,0
2026092805,maest,ambient_balanced,1.0,prior_offset,94,246,0.12568615950206385,0.4020903249483847,-0.011864090252161952,0.0015902232682376838,0,4,0
2026092805,maest,ambient_balanced,1.0,temperature,94,246,0.13758428202266101,0.42993606648816907,3.40322684352079e-05,0.013488345788834843,0,4,0
2026092805,maest,ambient_balanced,1.0,platt,94,246,0.12409593623382617,0.39792264397701493,-0.013454313520399636,0.0,0,4,0
2026092805,maest,ambient_balanced,1.0,beta,94,246,0.12504757047703308,0.40020436519777247,-0.01250267927719273,0.0009516342432069058,0,4,0
2026092805,maest,ambient_balanced,1.0,isotonic,94,246,0.13237803288658812,0.8532580187359883,-0.005172216867637691,0.008282096652761944,0,4,0
2026092805,maest,ambient_balanced,1.0,ridge_platt,94,246,0.12563231286397897,0.40129382666404356,-0.011917936890246839,0.001536376630152797,0,4,0
2026092805,maest,unweighted,0.25,raw,24,55,0.12557030058051044,0.40060447059149085,0.0,-0.011362998519055811,0,4,0
2026092805,maest,unweighted,0.25,prior_offset,24,55,0.12557030058051044,0.40060447059149085,0.0,-0.011362998519055811,0,4,0
2026092805,maest,unweighted,0.25,temperature,24,55,0.12894278278059307,0.4216138832995321,0.003372482200082627,-0.007990516318973184,0,4,0
2026092805,maest,unweighted,0.25,platt,24,55,0.13693329909956625,0.4387877604985327,0.011362998519055811,0.0,0,4,0
2026092805,maest,unweighted,0.25,beta,24,55,0.13945113932272865,0.45390562831449577,0.01388083874221821,0.0025178402231623986,0,4,1
2026092805,maest,unweighted,0.25,isotonic,24,55,0.15478788247333947,1.454884739230988,0.029217581892829025,0.017854583373773214,0,4,0
2026092805,maest,unweighted,0.25,ridge_platt,24,55,0.12672949613499346,0.405372205356917,0.0011591955544830168,-0.010203802964572795,0,4,0
2026092805,maest,unweighted,0.5,raw,47,113,0.12557030058051044,0.40060447059149085,0.0,0.00038093447214540554,0,4,0
2026092805,maest,unweighted,0.5,prior_offset,47,113,0.12557030058051044,0.40060447059149085,0.0,0.00038093447214540554,0,4,0
2026092805,maest,unweighted,0.5,temperature,47,113,0.12620224101303434,0.4031054025521749,0.0006319404325239031,0.0010128749046693086,0,4,0
2026092805,maest,unweighted,0.5,platt,47,113,0.12518936610836504,0.3988702540867679,-0.00038093447214540554,0.0,0,4,0
2026092805,maest,unweighted,0.5,beta,47,113,0.12714256944526525,0.40675757212196134,0.001572268864754811,0.0019532033369002166,0,4,0
2026092805,maest,unweighted,0.5,isotonic,47,113,0.13417857953763426,1.080467807885501,0.008608278957123822,0.008989213429269227,0,4,0
2026092805,maest,unweighted,0.5,ridge_platt,47,113,0.12422944800426575,0.39765329281688194,-0.0013408525762446943,-0.0009599181040992888,0,4,0
2026092805,maest,unweighted,1.0,raw,94,246,0.12557030058051044,0.40060447059149085,0.0,0.001587039405524071,0,4,0
2026092805,maest,unweighted,1.0,prior_offset,94,246,0.12557030058051044,0.40060447059149085,0.0,0.001587039405524071,0,4,0
2026092805,maest,unweighted,1.0,temperature,94,246,0.12607576381333901,0.40208108396478137,0.0005054632328285735,0.0020925026383526446,0,4,0
2026092805,maest,unweighted,1.0,platt,94,246,0.12398326117498637,0.39746725086251,-0.001587039405524071,0.0,0,4,0
2026092805,maest,unweighted,1.0,beta,94,246,0.12462314251943021,0.39922936851175284,-0.0009471580610802277,0.0006398813444438434,0,4,1
2026092805,maest,unweighted,1.0,isotonic,94,246,0.1321010727046372,0.8523899512651368,0.006530772124126755,0.008117811529650826,0,4,0
2026092805,maest,unweighted,1.0,ridge_platt,94,246,0.12557030058051044,0.40060447059149085,0.0,0.001587039405524071,0,4,0
2026092805,mert_v0,ambient_balanced,0.25,raw,24,55,0.14953139624315873,0.4653164563837856,0.0,-0.0073013833700588116,0,4,0
2026092805,mert_v0,ambient_balanced,0.25,prior_offset,24,55,0.13779748912036688,0.43684174971590006,-0.011733907122791848,-0.01903529049285066,0,4,0
2026092805,mert_v0,ambient_balanced,0.25,temperature,24,55,0.15406565548078055,0.4769044081643743,0.004534259237621824,-0.0027671241324369877,0,4,0
2026092805,mert_v0,ambient_balanced,0.25,platt,24,55,0.15683277961321754,0.4874987064706523,0.0073013833700588116,0.0,0,4,0
2026092805,mert_v0,ambient_balanced,0.25,beta,24,55,0.1561804764796211,0.48617869365750455,0.006649080236462379,-0.0006523031335964324,0,4,2
2026092805,mert_v0,ambient_balanced,0.25,isotonic,24,55,0.15639651637158006,1.207700472939133,0.0068651201284213315,-0.0004362632416374801,0,4,0
2026092805,mert_v0,ambient_balanced,0.25,ridge_platt,24,55,0.13856644196056894,0.4399607787202667,-0.010964954282589784,-0.018266337652648595,0,4,0
2026092805,mert_v0,ambient_balanced,0.5,raw,47,113,0.14953139624315873,0.4653164563837856,0.0,0.009945488405179809,0,4,0
2026092805,mert_v0,ambient_balanced,0.5,prior_offset,47,113,0.13779748912036688,0.43684174971590006,-0.011733907122791848,-0.0017884187176120392,0,4,0
2026092805,mert_v0,ambient_balanced,0.5,temperature,47,113,0.1500745939039508,0.46646307550819605,0.000543197660792083,0.010488686065971892,0,4,0
2026092805,mert_v0,ambient_balanced,0.5,platt,47,113,0.13958590783797892,0.44136817162391206,-0.009945488405179809,0.0,0,4,0
2026092805,mert_v0,ambient_balanced,0.5,beta,47,113,0.13898949931162824,0.43898243296691697,-0.010541896931530487,-0.000596408526350678,0,4,1
2026092805,mert_v0,ambient_balanced,0.5,isotonic,47,113,0.14618249849017317,0.8219236125861135,-0.0033488977529855524,0.006596590652194256,0,4,0
2026092805,mert_v0,ambient_balanced,0.5,ridge_platt,47,113,0.13798125771534853,0.43717261140989455,-0.0115501385278102,-0.001604650122630391,0,4,0
2026092805,mert_v0,ambient_balanced,1.0,raw,94,246,0.14953139624315873,0.4653164563837856,0.0,0.014121277226982948,0,4,0
2026092805,mert_v0,ambient_balanced,1.0,prior_offset,94,246,0.13779748912036688,0.43684174971590006,-0.011733907122791848,0.0023873701041911,0,4,0
2026092805,mert_v0,ambient_balanced,1.0,temperature,94,246,0.1493124980066808,0.4653255588379764,-0.00021889823647791573,0.013902378990505032,0,4,0
2026092805,mert_v0,ambient_balanced,1.0,platt,94,246,0.13541011901617578,0.4328316746545344,-0.014121277226982948,0.0,0,4,0
2026092805,mert_v0,ambient_balanced,1.0,beta,94,246,0.13483380192805414,0.4285978011797527,-0.01469759431510459,-0.0005763170881216417,0,4,1
2026092805,mert_v0,ambient_balanced,1.0,isotonic,94,246,0.14131464730241733,0.6139470835612478,-0.008216748940741397,0.0059045282862415505,0,4,0
2026092805,mert_v0,ambient_balanced,1.0,ridge_platt,94,246,0.13635459393970029,0.4339676432868754,-0.01317680230345844,0.0009444749235245076,0,4,0
2026092805,mert_v0,unweighted,0.25,raw,24,55,0.13750022823253882,0.4360753614384143,0.0,-0.01921995723052705,0,4,0
2026092805,mert_v0,unweighted,0.25,prior_offset,24,55,0.13750022823253882,0.4360753614384143,0.0,-0.01921995723052705,0,4,0
2026092805,mert_v0,unweighted,0.25,temperature,24,55,0.14401480588631566,0.45903413993255204,0.006514577653776832,-0.01270537957675022,0,4,0
2026092805,mert_v0,unweighted,0.25,platt,24,55,0.15672018546306588,0.4879207260888557,0.01921995723052705,0.0,0,4,0
2026092805,mert_v0,unweighted,0.25,beta,24,55,0.15639880265981423,0.4866180436005525,0.01889857442727541,-0.0003213828032516408,0,4,2
2026092805,mert_v0,unweighted,0.25,isotonic,24,55,0.1559058295671199,1.239004224276443,0.01840560133458108,-0.0008143558959459729,0,4,0
2026092805,mert_v0,unweighted,0.25,ridge_platt,24,55,0.13849218665215143,0.44009422186069674,0.0009919584196126097,-0.018227998810914442,0,4,0
2026092805,mert_v0,unweighted,0.5,raw,47,113,0.13750022823253882,0.4360753614384143,0.0,-0.0019998478502158135,0,4,0
2026092805,mert_v0,unweighted,0.5,prior_offset,47,113,0.13750022823253882,0.4360753614384143,0.0,-0.0019998478502158135,0,4,0
2026092805,mert_v0,unweighted,0.5,temperature,47,113,0.1381965653420334,0.4381000414532978,0.0006963371094945714,-0.001303510740721242,0,4,0
2026092805,mert_v0,unweighted,0.5,platt,47,113,0.13950007608275464,0.44123731470845795,0.0019998478502158135,0.0,0,4,0
2026092805,mert_v0,unweighted,0.5,beta,47,113,0.13891110186094416,0.4388443699303626,0.0014108736284053347,-0.0005889742218104788,0,4,1
2026092805,mert_v0,unweighted,0.5,isotonic,47,113,0.14558503549517599,0.8210531015442992,0.008084807262637161,0.006084959412421348,0,4,0
2026092805,mert_v0,unweighted,0.5,ridge_platt,47,113,0.1376394851816498,0.43657800793410334,0.00013925694911098851,-0.001860590901104825,0,4,0
2026092805,mert_v0,unweighted,1.0,raw,94,246,0.13750022823253882,0.4360753614384143,0.0,0.0021893781560103354,0,4,0
2026092805,mert_v0,unweighted,1.0,prior_offset,94,246,0.13750022823253882,0.4360753614384143,0.0,0.0021893781560103354,0,4,0
2026092805,mert_v0,unweighted,1.0,temperature,94,246,0.13736632426094458,0.4367043310195408,-0.00013390397159424028,0.002055474184416095,0,4,0
2026092805,mert_v0,unweighted,1.0,platt,94,246,0.1353108500765285,0.43274721000855526,-0.0021893781560103354,0.0,0,4,0
2026092805,mert_v0,unweighted,1.0,beta,94,246,0.13476529995433925,0.42878086922826664,-0.002734928278199572,-0.0005455501221892367,0,4,1
2026092805,mert_v0,unweighted,1.0,isotonic,94,246,0.14120149557965422,0.6123214338291807,0.0037012673471154,0.005890645503125735,0,4,0
2026092805,mert_v0,unweighted,1.0,ridge_platt,94,246,0.13613019203170362,0.43322529730401227,-0.0013700362008352007,0.0008193419551751346,0,4,0
2026092805,mert_v1,ambient_balanced,0.25,raw,24,55,0.153554436357627,0.47616719170996746,0.0,-0.003167056888526587,0,4,0
2026092805,mert_v1,ambient_balanced,0.25,prior_offset,24,55,0.14007252499040007,0.4437200848023254,-0.013481911367226929,-0.016648968255753516,0,4,0
2026092805,mert_v1,ambient_balanced,0.25,temperature,24,55,0.1570578633267031,0.4849425613558724,0.003503426969076101,0.000336370080549514,0,4,0
2026092805,mert_v1,ambient_balanced,0.25,platt,24,55,0.1567214932461536,0.4881426868519931,0.003167056888526587,0.0,0,4,0
2026092805,mert_v1,ambient_balanced,0.25,beta,24,55,0.15651864869819238,0.4865970599555165,0.0029642123405653753,-0.00020284454796121176,0,4,2
2026092805,mert_v1,ambient_balanced,0.25,isotonic,24,55,0.1597777787045675,1.2865359882010396,0.006223342346940497,0.00305628545841391,0,4,0
2026092805,mert_v1,ambient_balanced,0.25,ridge_platt,24,55,0.1425270342683883,0.45330148600500586,-0.011027402089238691,-0.014194458977765279,0,4,0
2026092805,mert_v1,ambient_balanced,0.5,raw,47,113,0.153554436357627,0.47616719170996746,0.0,0.012833816588747993,0,4,0
2026092805,mert_v1,ambient_balanced,0.5,prior_offset,47,113,0.14007252499040007,0.4437200848023254,-0.013481911367226929,-0.0006480947784789359,0,4,0
2026092805,mert_v1,ambient_balanced,0.5,temperature,47,113,0.1541650026899006,0.4789391848781757,0.0006105663322736044,0.013444382921021597,0,4,0
2026092805,mert_v1,ambient_balanced,0.5,platt,47,113,0.140720619768879,0.447461933360959,-0.012833816588747993,0.0,0,4,0
2026092805,mert_v1,ambient_balanced,0.5,beta,47,113,0.14029608168572114,0.4465777130334514,-0.013258354671905864,-0.00042453808315787156,0,4,1
2026092805,mert_v1,ambient_balanced,0.5,isotonic,47,113,0.14378820814107193,0.8734835632380361,-0.009766228216555067,0.0030675883721929254,0,4,0
2026092805,mert_v1,ambient_balanced,0.5,ridge_platt,47,113,0.14023163339168607,0.4442087307155138,-0.013322802965940933,-0.0004889863771929404,0,4,0
2026092805,mert_v1,ambient_balanced,1.0,raw,94,246,0.153554436357627,0.47616719170996746,0.0,0.015760796164805968,0,4,0
2026092805,mert_v1,ambient_balanced,1.0,prior_offset,94,246,0.14007252499040007,0.4437200848023254,-0.013481911367226929,0.0022788847975790394,0,4,0
2026092805,mert_v1,ambient_balanced,1.0,temperature,94,246,0.15271288327332494,0.4749822342368556,-0.0008415530843020602,0.014919243080503908,0,4,0
2026092805,mert_v1,ambient_balanced,1.0,platt,94,246,0.13779364019282103,0.44075877920862094,-0.015760796164805968,0.0,0,4,0
2026092805,mert_v1,ambient_balanced,1.0,beta,94,246,0.13719013172510447,0.4373348752904171,-0.01636430463252253,-0.0006035084677165625,0,4,1
2026092805,mert_v1,ambient_balanced,1.0,isotonic,94,246,0.13868393333969264,0.5382615812415285,-0.014870503017934356,0.0008902931468716124,0,4,0
2026092805,mert_v1,ambient_balanced,1.0,ridge_platt,94,246,0.1383907431429348,0.44126580692713424,-0.015163693214692187,0.0005971029501137814,0,4,0
2026092805,mert_v1,unweighted,0.25,raw,24,55,0.14004205696705144,0.4439861751124907,0.0,-0.016660981977642125,0,4,0
2026092805,mert_v1,unweighted,0.25,prior_offset,24,55,0.14004205696705144,0.4439861751124907,0.0,-0.016660981977642125,0,4,0
2026092805,mert_v1,unweighted,0.25,temperature,24,55,0.14505587847426285,0.46162118006909775,0.005013821507211413,-0.011647160470430712,0,4,0
2026092805,mert_v1,unweighted,0.25,platt,24,55,0.15670303894469356,0.4891426498699807,0.016660981977642125,0.0,0,4,0
2026092805,mert_v1,unweighted,0.25,beta,24,55,0.15656822840757711,0.4882672553877879,0.016526171440525678,-0.00013481053711644764,0,4,2
2026092805,mert_v1,unweighted,0.25,isotonic,24,55,0.15939918853337948,1.3492946815868962,0.01935713156632804,0.0026961495886859144,0,4,0
2026092805,mert_v1,unweighted,0.25,ridge_platt,24,55,0.14078088326410643,0.44680660172113984,0.0007388262970549897,-0.015922155680587136,0,4,0
2026092805,mert_v1,unweighted,0.5,raw,47,113,0.14004205696705144,0.4439861751124907,0.0,-0.0007462457592896377,0,4,0
2026092805,mert_v1,unweighted,0.5,prior_offset,47,113,0.14004205696705144,0.4439861751124907,0.0,-0.0007462457592896377,0,4,0
2026092805,mert_v1,unweighted,0.5,temperature,47,113,0.1407543488472251,0.44728928761642617,0.00071229188017366,-3.395387911597769e-05,0,4,0
2026092805,mert_v1,unweighted,0.5,platt,47,113,0.14078830272634107,0.44801628519473624,0.0007462457592896377,0.0,0,4,0
2026092805,mert_v1,unweighted,0.5,beta,47,113,0.140323159568094,0.44712329378425014,0.00028110260104255436,-0.0004651431582470833,0,4,1
2026092805,mert_v1,unweighted,0.5,isotonic,47,113,0.14424968211979697,0.8760774649843328,0.004207625152745531,0.0034613793934558934,0,4,0
2026092805,mert_v1,unweighted,0.5,ridge_platt,47,113,0.1400128617292373,0.44410730353327177,-2.919523781413913e-05,-0.0007754409971037768,0,4,0
2026092805,mert_v1,unweighted,1.0,raw,94,246,0.14004205696705144,0.4439861751124907,0.0,0.002172325636411232,0,4,0
2026092805,mert_v1,unweighted,1.0,prior_offset,94,246,0.14004205696705144,0.4439861751124907,0.0,0.002172325636411232,0,4,0
2026092805,mert_v1,unweighted,1.0,temperature,94,246,0.13935266104541738,0.44355356321152406,-0.0006893959216340562,0.0014829297147771758,0,4,0
2026092805,mert_v1,unweighted,1.0,platt,94,246,0.1378697313306402,0.44133531437357165,-0.002172325636411232,0.0,0,4,0
2026092805,mert_v1,unweighted,1.0,beta,94,246,0.13726099803488473,0.43830044192042245,-0.002781058932166708,-0.0006087332957554759,0,4,0
2026092805,mert_v1,unweighted,1.0,isotonic,94,246,0.13862446354777858,0.5391878996500471,-0.0014175934192728612,0.0007547322171383708,0,4,0
2026092805,mert_v1,unweighted,1.0,ridge_platt,94,246,0.13810947403501156,0.4406887737652921,-0.001932582932039878,0.00023974270437135403,0,4,0
2026092806,maest,ambient_balanced,0.25,raw,24,52,0.14652010209922944,0.44904625989442204,0.0,0.004517985845543582,0,4,0
2026092806,maest,ambient_balanced,0.25,prior_offset,24,52,0.13973631199661932,0.4325189616727665,-0.006783790102610127,-0.002265804257066545,0,4,0
2026092806,maest,ambient_balanced,0.25,temperature,24,52,0.14575497640265378,0.4462284209285646,-0.0007651256965756636,0.003752860148967918,0,4,0
2026092806,maest,ambient_balanced,0.25,platt,24,52,0.14200211625368586,0.43852274855831885,-0.004517985845543582,0.0,0,4,0
2026092806,maest,ambient_balanced,0.25,beta,24,52,0.1453996365463585,0.45305763129637544,-0.0011204655528709306,0.003397520292672651,0,4,4
2026092806,maest,ambient_balanced,0.25,isotonic,24,52,0.1543123369312613,1.2853007531567644,0.007792234832031869,0.01231022067757545,0,4,0
2026092806,maest,ambient_balanced,0.25,ridge_platt,24,52,0.14232324984713207,0.43811652826963454,-0.004196852252097372,0.00032113359344621006,0,4,0
2026092806,maest,ambient_balanced,0.5,raw,47,120,0.14652010209922944,0.44904625989442204,0.0,0.007271682237367877,0,4,0
2026092806,maest,ambient_balanced,0.5,prior_offset,47,120,0.13973631199661932,0.4325189616727665,-0.006783790102610127,0.0004878921347577503,0,4,0
2026092806,maest,ambient_balanced,0.5,temperature,47,120,0.14731846110049843,0.4539607015372812,0.0007983590012689834,0.00807004123863686,0,4,0
2026092806,maest,ambient_balanced,0.5,platt,47,120,0.13924841986186157,0.43624936172220935,-0.007271682237367877,0.0,0,4,0
2026092806,maest,ambient_balanced,0.5,beta,47,120,0.14233252456476417,0.448327041539659,-0.0041875775344652755,0.0030841047029026014,0,4,1
2026092806,maest,ambient_balanced,0.5,isotonic,47,120,0.14751362841622515,0.9352153413329303,0.000993526316995702,0.008265208554363579,0,4,0
2026092806,maest,ambient_balanced,0.5,ridge_platt,47,120,0.13936374259815468,0.43207864339051827,-0.007156359501074766,0.00011532273629311085,0,4,0
2026092806,maest,ambient_balanced,1.0,raw,94,240,0.14652010209922944,0.44904625989442204,0.0,0.007327882437344557,0,4,0
2026092806,maest,ambient_balanced,1.0,prior_offset,94,240,0.13973631199661932,0.4325189616727665,-0.006783790102610127,0.0005440923347344306,0,4,0
2026092806,maest,ambient_balanced,1.0,temperature,94,240,0.14695389632516295,0.44925547758803874,0.00043379422593350925,0.0077616766632780665,0,4,0
2026092806,maest,ambient_balanced,1.0,platt,94,240,0.1391922196618849,0.43003805137915635,-0.007327882437344557,0.0,0,4,0
2026092806,maest,ambient_balanced,1.0,beta,94,240,0.14045180336022822,0.436302518677371,-0.006068298739001221,0.0012595836983433362,0,4,1
2026092806,maest,ambient_balanced,1.0,isotonic,94,240,0.1436876138408733,0.819104396229174,-0.002832488258356136,0.004495394178988421,0,4,0
2026092806,maest,ambient_balanced,1.0,ridge_platt,94,240,0.13923565485426243,0.43021528346799565,-0.007284447244967018,4.34351923775389e-05,0,4,0
2026092806,maest,unweighted,0.25,raw,24,52,0.13888474434293424,0.4299907971948971,0.0,-0.002946321760735393,0,4,0
2026092806,maest,unweighted,0.25,prior_offset,24,52,0.13888474434293424,0.4299907971948971,0.0,-0.002946321760735393,0,4,0
2026092806,maest,unweighted,0.25,temperature,24,52,0.13797325975931987,0.42679823302892245,-0.0009114845836143692,-0.0038578063443497623,0,4,0
2026092806,maest,unweighted,0.25,platt,24,52,0.14183106610366963,0.4382532492487815,0.002946321760735393,0.0,0,4,0
2026092806,maest,unweighted,0.25,beta,24,52,0.14516967784154994,0.4533903591109085,0.006284933498615697,0.0033386117378803037,0,4,4
2026092806,maest,unweighted,0.25,isotonic,24,52,0.1539573988099798,1.3865952534065933,0.01507265446704556,0.012126332706310167,0,4,0
2026092806,maest,unweighted,0.25,ridge_platt,24,52,0.13883479182002367,0.4297722168818163,-4.9952522910567954e-05,-0.002996274283645961,0,4,0
2026092806,maest,unweighted,0.5,raw,47,120,0.13888474434293424,0.4299907971948971,0.0,-0.00012462993112064003,0,4,0
2026092806,maest,unweighted,0.5,prior_offset,47,120,0.13888474434293424,0.4299907971948971,0.0,-0.00012462993112064003,0,4,0
2026092806,maest,unweighted,0.5,temperature,47,120,0.13956894091954156,0.4350094653410518,0.0006841965766073155,0.0005595666454866755,0,4,0
2026092806,maest,unweighted,0.5,platt,47,120,0.13900937427405488,0.4357212699074948,0.00012462993112064003,0.0,0,4,0
2026092806,maest,unweighted,0.5,beta,47,120,0.1422686839616103,0.44806513047143964,0.0033839396186760573,0.0032593096875554173,0,4,2
2026092806,maest,unweighted,0.5,isotonic,47,120,0.1473729110635882,0.9347853198854432,0.008488166720653972,0.008363536789533332,0,4,0
2026092806,maest,unweighted,0.5,ridge_platt,47,120,0.13876855664413434,0.4302610384937322,-0.00011618769879989665,-0.00024081762992053668,0,4,0
2026092806,maest,unweighted,1.0,raw,94,240,0.13888474434293424,0.4299907971948971,0.0,-0.00013169433359483396,0,4,0
2026092806,maest,unweighted,1.0,prior_offset,94,240,0.13888474434293424,0.4299907971948971,0.0,-0.00013169433359483396,0,4,0
2026092806,maest,unweighted,1.0,temperature,94,240,0.13925279863148948,0.43021282010545553,0.0003680542885552418,0.00023635995496040785,0,4,0
2026092806,maest,unweighted,1.0,platt,94,240,0.13901643867652907,0.4299646814164995,0.00013169433359483396,0.0,0,4,0
2026092806,maest,unweighted,1.0,beta,94,240,0.14033174085735972,0.4363615503681775,0.0014469965144254804,0.0013153021808306464,0,4,1
2026092806,maest,unweighted,1.0,isotonic,94,240,0.1424124053116593,0.8160504523796143,0.0035276609687250604,0.0033959666351302265,0,4,0
2026092806,maest,unweighted,1.0,ridge_platt,94,240,0.13888474434293424,0.4299907971948971,0.0,-0.00013169433359483396,0,4,0
2026092806,mert_v0,ambient_balanced,0.25,raw,24,52,0.16133243001353373,0.49218086252502385,0.0,0.010951459666848129,0,4,0
2026092806,mert_v0,ambient_balanced,0.25,prior_offset,24,52,0.14729359684462,0.4578521446009264,-0.014038833168913717,-0.003087373502065588,0,4,0
2026092806,mert_v0,ambient_balanced,0.25,temperature,24,52,0.15969372874121673,0.48514548951326314,-0.0016387012723169947,0.009312758394531134,0,4,0
2026092806,mert_v0,ambient_balanced,0.25,platt,24,52,0.1503809703466856,0.4620976409512926,-0.010951459666848129,0.0,0,4,0
2026092806,mert_v0,ambient_balanced,0.25,beta,24,52,0.14924203725187027,0.46396888414075244,-0.01209039276166346,-0.001138933094815331,0,4,2
2026092806,mert_v0,ambient_balanced,0.25,isotonic,24,52,0.15726383181104747,1.163405262449817,-0.004068598202486257,0.006882861464361872,0,4,0
2026092806,mert_v0,ambient_balanced,0.25,ridge_platt,24,52,0.14836322440144414,0.4605325630552209,-0.012969205612089585,-0.002017745945241456,0,4,0
2026092806,mert_v0,ambient_balanced,0.5,raw,47,120,0.16133243001353373,0.49218086252502385,0.0,0.015053711376932316,0,4,0
2026092806,mert_v0,ambient_balanced,0.5,prior_offset,47,120,0.14729359684462,0.4578521446009264,-0.014038833168913717,0.0010148782080185992,0,4,0
2026092806,mert_v0,ambient_balanced,0.5,temperature,47,120,0.16044462333658155,0.4876763059163437,-0.0008878066769521797,0.014165904699980136,0,4,0
2026092806,mert_v0,ambient_balanced,0.5,platt,47,120,0.1462787186366014,0.4540450216866628,-0.015053711376932316,0.0,0,4,0
2026092806,mert_v0,ambient_balanced,0.5,beta,47,120,0.14712611177852933,0.45669636740822117,-0.0142063182350044,0.0008473931419279157,0,4,1
2026092806,mert_v0,ambient_balanced,0.5,isotonic,47,120,0.15318845697141759,0.6453679563059468,-0.008143973042116143,0.006909738334816173,0,4,0
2026092806,mert_v0,ambient_balanced,0.5,ridge_platt,47,120,0.1477165310617338,0.45928615244553567,-0.013615898951799932,0.0014378124251323843,0,4,0
2026092806,mert_v0,ambient_balanced,1.0,raw,94,240,0.16133243001353373,0.49218086252502385,0.0,0.01564522295222104,0,4,0
2026092806,mert_v0,ambient_balanced,1.0,prior_offset,94,240,0.14729359684462,0.4578521446009264,-0.014038833168913717,0.0016063897833073215,0,4,0
2026092806,mert_v0,ambient_balanced,1.0,temperature,94,240,0.15984693011962858,0.48598917475700304,-0.0014854998939051456,0.014159723058315893,0,4,0
2026092806,mert_v0,ambient_balanced,1.0,platt,94,240,0.1456872070613127,0.4512788537686209,-0.01564522295222104,0.0,0,4,0
2026092806,mert_v0,ambient_balanced,1.0,beta,94,240,0.14618050496521384,0.45355800591071704,-0.015151925048319886,0.000493297903901152,0,4,1
2026092806,mert_v0,ambient_balanced,1.0,isotonic,94,240,0.14922759761506016,0.594577192941585,-0.01210483239847357,0.003540390553747469,0,4,0
2026092806,mert_v0,ambient_balanced,1.0,ridge_platt,94,240,0.14647789207533696,0.4540789888687042,-0.014854537938196771,0.0007906850140242672,0,4,0
2026092806,mert_v0,unweighted,0.25,raw,24,52,0.14754257592309517,0.4588845448405627,0.0,-0.003272856750630826,0,4,0
2026092806,mert_v0,unweighted,0.25,prior_offset,24,52,0.14754257592309517,0.4588845448405627,0.0,-0.003272856750630826,0,4,0
2026092806,mert_v0,unweighted,0.25,temperature,24,52,0.14587229680339686,0.4518741353015734,-0.0016702791196983036,-0.0049431358703291295,0,4,0
2026092806,mert_v0,unweighted,0.25,platt,24,52,0.150815432673726,0.463452239239208,0.003272856750630826,0.0,0,4,0
2026092806,mert_v0,unweighted,0.25,beta,24,52,0.14971756110802398,0.46496933634520987,0.0021749851849288127,-0.0010978715657020133,0,4,2
2026092806,mert_v0,unweighted,0.25,isotonic,24,52,0.15491308182652586,1.123464360851388,0.007370505903430691,0.004097649152799865,0,4,0
2026092806,mert_v0,unweighted,0.25,ridge_platt,24,52,0.1479648541712147,0.4597907138572344,0.0004222782481195231,-0.002850578502511303,0,4,0
2026092806,mert_v0,unweighted,0.5,raw,47,120,0.14754257592309517,0.4588845448405627,0.0,0.000960401180700704,0,4,0
2026092806,mert_v0,unweighted,0.5,prior_offset,47,120,0.14754257592309517,0.4588845448405627,0.0,0.000960401180700704,0,4,0
2026092806,mert_v0,unweighted,0.5,temperature,47,120,0.14654211060240924,0.45459878396052433,-0.0010004653206859282,-4.006413998522418e-05,0,4,0
2026092806,mert_v0,unweighted,0.5,platt,47,120,0.14658217474239446,0.4550233047426253,-0.000960401180700704,0.0,0,4,0
2026092806,mert_v0,unweighted,0.5,beta,47,120,0.14741788205528134,0.4576719241700661,-0.00012469386781382985,0.0008357073128868742,0,4,1
2026092806,mert_v0,unweighted,0.5,isotonic,47,120,0.15244833044285053,0.643509479570282,0.004905754519755362,0.005866155700456066,0,4,0
2026092806,mert_v0,unweighted,0.5,ridge_platt,47,120,0.14789023589362293,0.46000512402366034,0.0003476599705277694,0.0013080611512284734,0,4,0
2026092806,mert_v0,unweighted,1.0,raw,94,240,0.14754257592309517,0.4588845448405627,0.0,0.001553547421756979,0,4,0
2026092806,mert_v0,unweighted,1.0,prior_offset,94,240,0.14754257592309517,0.4588845448405627,0.0,0.001553547421756979,0,4,0
2026092806,mert_v0,unweighted,1.0,temperature,94,240,0.1462598911053117,0.4533106187224007,-0.0012826848177834582,0.0002708626039735207,0,4,0
2026092806,mert_v0,unweighted,1.0,platt,94,240,0.14598902850133819,0.4524907348714378,-0.001553547421756979,0.0,0,4,0
2026092806,mert_v0,unweighted,1.0,beta,94,240,0.146586289529932,0.45459112356583997,-0.0009562863931631693,0.0005972610285938096,0,4,2
2026092806,mert_v0,unweighted,1.0,isotonic,94,240,0.14914724357044784,0.5611197879101771,0.0016046676473526755,0.0031582150691096544,0,4,0
2026092806,mert_v0,unweighted,1.0,ridge_platt,94,240,0.1467246982461274,0.45490568564453365,-0.0008178776769677543,0.0007356697447892246,0,4,0
2026092806,mert_v1,ambient_balanced,0.25,raw,24,52,0.15896379194405869,0.4873524191002782,0.0,0.007738264710319881,0,4,0
2026092806,mert_v1,ambient_balanced,0.25,prior_offset,24,52,0.145750796985318,0.45399717891067715,-0.013212994958740676,-0.005474730248420795,0,4,0
2026092806,mert_v1,ambient_balanced,0.25,temperature,24,52,0.15703552981249472,0.47800341188851414,-0.001928262131563968,0.005810002578755913,0,4,0
2026092806,mert_v1,ambient_balanced,0.25,platt,24,52,0.1512255272337388,0.4613933167043891,-0.007738264710319881,0.0,0,4,0
2026092806,mert_v1,ambient_balanced,0.25,beta,24,52,0.15233983957290073,0.47059624269081773,-0.006623952371157954,0.001114312339161927,0,4,4
2026092806,mert_v1,ambient_balanced,0.25,isotonic,24,52,0.15372203126400202,0.8077800154671697,-0.005241760680056662,0.002496504030263219,0,4,0
2026092806,mert_v1,ambient_balanced,0.25,ridge_platt,24,52,0.14711111660999093,0.45697232858431686,-0.011852675334067753,-0.004114410623747872,0,4,0
2026092806,mert_v1,ambient_balanced,0.5,raw,47,120,0.15896379194405869,0.4873524191002782,0.0,0.01386018402690839,0,4,0
2026092806,mert_v1,ambient_balanced,0.5,prior_offset,47,120,0.145750796985318,0.45399717891067715,-0.013212994958740676,0.0006471890681677139,0,4,0
2026092806,mert_v1,ambient_balanced,0.5,temperature,47,120,0.1580289936726502,0.4817306955554307,-0.0009347982714084935,0.012925385755499896,0,4,0
2026092806,mert_v1,ambient_balanced,0.5,platt,47,120,0.1451036079171503,0.45033156774394884,-0.01386018402690839,0.0,0,4,0
2026092806,mert_v1,ambient_balanced,0.5,beta,47,120,0.1458189424765315,0.4515394820494514,-0.013144849467527198,0.0007153345593811922,0,4,1
2026092806,mert_v1,ambient_balanced,0.5,isotonic,47,120,0.15154731980203134,0.5392455060683665,-0.007416472142027342,0.006443711884881048,0,4,0
2026092806,mert_v1,ambient_balanced,0.5,ridge_platt,47,120,0.1460370667310053,0.45497100427904963,-0.01292672521305338,0.0009334588138550093,0,4,0
2026092806,mert_v1,ambient_balanced,1.0,raw,94,240,0.15896379194405869,0.4873524191002782,0.0,0.01481661891742525,0,4,0
2026092806,mert_v1,ambient_balanced,1.0,prior_offset,94,240,0.145750796985318,0.45399717891067715,-0.013212994958740676,0.0016036239586845746,0,4,0
2026092806,mert_v1,ambient_balanced,1.0,temperature,94,240,0.15760698903511314,0.48028900406607944,-0.001356802908945548,0.013459816008479702,0,4,0
2026092806,mert_v1,ambient_balanced,1.0,platt,94,240,0.14414717302663344,0.44677577502613036,-0.01481661891742525,0.0,0,4,0
2026092806,mert_v1,ambient_balanced,1.0,beta,94,240,0.14396607053845406,0.44673221466121826,-0.014997721405604625,-0.00018110248817937435,0,4,1
2026092806,mert_v1,ambient_balanced,1.0,isotonic,94,240,0.14924216209824565,0.5633066833318005,-0.00972162984581304,0.00509498907161221,0,4,0
2026092806,mert_v1,ambient_balanced,1.0,ridge_platt,94,240,0.14452576924322003,0.44955339720065696,-0.01443802270083866,0.0003785962165865908,0,4,0
2026092806,mert_v1,unweighted,0.25,raw,24,52,0.14587236722350486,0.4549246716496688,0.0,-0.005426210891393002,0,4,0
2026092806,mert_v1,unweighted,0.25,prior_offset,24,52,0.14587236722350486,0.4549246716496688,0.0,-0.005426210891393002,0,4,0
2026092806,mert_v1,unweighted,0.25,temperature,24,52,0.14426087454602418,0.4468449053773915,-0.0016114926774806748,-0.007037703568873677,0,4,0
2026092806,mert_v1,unweighted,0.25,platt,24,52,0.15129857811489786,0.46203997247650896,0.005426210891393002,0.0,0,4,0
2026092806,mert_v1,unweighted,0.25,beta,24,52,0.15255138314852945,0.47047557584435484,0.006679015925024595,0.0012528050336315932,0,4,4
2026092806,mert_v1,unweighted,0.25,isotonic,24,52,0.1527888331871899,0.8394659264302143,0.006916465963685031,0.0014902550722920294,0,4,0
2026092806,mert_v1,unweighted,0.25,ridge_platt,24,52,0.14636186306543633,0.4557440658230563,0.0004894958419314754,-0.004936715049461526,0,4,0
2026092806,mert_v1,unweighted,0.5,raw,47,120,0.14587236722350486,0.4549246716496688,0.0,0.0005636932331324063,0,4,0
2026092806,mert_v1,unweighted,0.5,prior_offset,47,120,0.14587236722350486,0.4549246716496688,0.0,0.0005636932331324063,0,4,0
2026092806,mert_v1,unweighted,0.5,temperature,47,120,0.14499797026607517,0.45010452597071604,-0.0008743969574296906,-0.0003107037242972843,0,4,0
2026092806,mert_v1,unweighted,0.5,platt,47,120,0.14530867399037245,0.45127015075964033,-0.0005636932331324063,0.0,0,4,0
2026092806,mert_v1,unweighted,0.5,beta,47,120,0.1459773564015819,0.45232961532208643,0.00010498917807705288,0.0006686824112094591,0,4,1
2026092806,mert_v1,unweighted,0.5,isotonic,47,120,0.15228160327911847,0.5417254766690617,0.00640923605561361,0.006972929288746016,0,4,0
2026092806,mert_v1,unweighted,0.5,ridge_platt,47,120,0.146187555056832,0.4557678455593094,0.00031518783332715183,0.0008788810664595581,0,4,0
2026092806,mert_v1,unweighted,1.0,raw,94,240,0.14587236722350486,0.4549246716496688,0.0,0.0015345246573266746,0,4,0
2026092806,mert_v1,unweighted,1.0,prior_offset,94,240,0.14587236722350486,0.4549246716496688,0.0,0.0015345246573266746,0,4,0
2026092806,mert_v1,unweighted,1.0,temperature,94,240,0.14486235575291462,0.44848525760474856,-0.0010100114705902385,0.0005245131867364361,0,4,0
2026092806,mert_v1,unweighted,1.0,platt,94,240,0.14433784256617818,0.4476855337685798,-0.0015345246573266746,0.0,0,4,0
2026092806,mert_v1,unweighted,1.0,beta,94,240,0.14436872530507183,0.4477717643723733,-0.001503641918433024,3.088273889365056e-05,0,4,2
2026092806,mert_v1,unweighted,1.0,isotonic,94,240,0.14897625042743273,0.5614388161593435,0.0031038832039278763,0.004638407861254551,0,4,0
2026092806,mert_v1,unweighted,1.0,ridge_platt,94,240,0.144655970826368,0.4504840155930337,-0.0012163963971368597,0.000318128260189815,0,4,0
2026092807,maest,ambient_balanced,0.25,raw,24,52,0.15233946365332104,0.4739996500140511,0.0,-0.01008514158767368,0,4,0
2026092807,maest,ambient_balanced,0.25,prior_offset,24,52,0.14713798908091638,0.4611419729691334,-0.005201474572404663,-0.015286616160078342,0,4,0
2026092807,maest,ambient_balanced,0.25,temperature,24,52,0.16638624335358848,0.6227906306828042,0.014046779700267437,0.003961638112593757,0,4,0
2026092807,maest,ambient_balanced,0.25,platt,24,52,0.16242460524099472,0.6283062277767542,0.01008514158767368,0.0,0,4,0
2026092807,maest,ambient_balanced,0.25,beta,24,52,0.1615329702370433,0.6381680183001832,0.009193506583722255,-0.0008916350039514243,0,4,2
2026092807,maest,ambient_balanced,0.25,isotonic,24,52,0.16822766605373787,3.034712418086921,0.01588820240041683,0.005803060812743149,0,4,0
2026092807,maest,ambient_balanced,0.25,ridge_platt,24,52,0.15423856789872764,0.499769246748923,0.0018991042454065965,-0.008186037342267083,0,4,0
2026092807,maest,ambient_balanced,0.5,raw,47,115,0.15233946365332104,0.4739996500140511,0.0,0.005250144939938084,0,4,0
2026092807,maest,ambient_balanced,0.5,prior_offset,47,115,0.14713798908091638,0.4611419729691334,-0.005201474572404663,4.867036753342102e-05,0,4,0
2026092807,maest,ambient_balanced,0.5,temperature,47,115,0.15303381531811536,0.4787392777284456,0.0006943516647943127,0.005944496604732397,0,4,0
2026092807,maest,ambient_balanced,0.5,platt,47,115,0.14708931871338296,0.46250621460968844,-0.005250144939938084,0.0,0,4,0
2026092807,maest,ambient_balanced,0.5,beta,47,115,0.14927048806922133,0.4921658451681573,-0.0030689755840997146,0.0021811693558383694,0,4,1
2026092807,maest,ambient_balanced,0.5,isotonic,47,115,0.15218370811761692,1.337724651764275,-0.00015575553570412737,0.005094389404233957,0,4,0
2026092807,maest,ambient_balanced,0.5,ridge_platt,47,115,0.14688777795689273,0.4586202511284001,-0.005451685696428316,-0.00020154075649023162,0,4,0
2026092807,maest,ambient_balanced,1.0,raw,94,249,0.15233946365332104,0.4739996500140511,0.0,0.008143650187084461,0,4,0
2026092807,maest,ambient_balanced,1.0,prior_offset,94,249,0.14713798908091638,0.4611419729691334,-0.005201474572404663,0.0029421756146797984,0,4,0
2026092807,maest,ambient_balanced,1.0,temperature,94,249,0.15118490573819024,0.46886596164930916,-0.001154557915130805,0.006989092271953656,0,4,0
2026092807,maest,ambient_balanced,1.0,platt,94,249,0.14419581346623658,0.4503974156758948,-0.008143650187084461,0.0,0,4,0
2026092807,maest,ambient_balanced,1.0,beta,94,249,0.14457456285063033,0.4608094647926727,-0.007764900802690711,0.0003787493843937506,0,4,1
2026092807,maest,ambient_balanced,1.0,isotonic,94,249,0.14798280174659548,1.099998289137984,-0.004356661906725567,0.003786988280358894,0,4,0
2026092807,maest,ambient_balanced,1.0,ridge_platt,94,249,0.1437734625006194,0.4470612081657983,-0.008566001152701647,-0.0004223509656171853,0,4,0
2026092807,maest,unweighted,0.25,raw,24,52,0.14622046114657145,0.45676379106848264,0.0,-0.016038774594255678,0,4,0
2026092807,maest,unweighted,0.25,prior_offset,24,52,0.14622046114657145,0.45676379106848264,0.0,-0.016038774594255678,0,4,0
2026092807,maest,unweighted,0.25,temperature,24,52,0.15975112836879296,0.603334569858384,0.013530667222221515,-0.002508107372034163,0,4,0
2026092807,maest,unweighted,0.25,platt,24,52,0.16225923574082712,0.627478050876201,0.016038774594255678,0.0,0,4,0
2026092807,maest,unweighted,0.25,beta,24,52,0.16164037631307324,0.6363823037120097,0.01541991516650179,-0.0006188594277538872,0,4,2
2026092807,maest,unweighted,0.25,isotonic,24,52,0.16864388954740941,3.002760365366008,0.02242342840083797,0.006384653806582291,0,4,0
2026092807,maest,unweighted,0.25,ridge_platt,24,52,0.1513370876383774,0.49155888103956624,0.005116626491805942,-0.010922148102449736,0,4,0
2026092807,maest,unweighted,0.5,raw,47,115,0.14622046114657145,0.45676379106848264,0.0,-0.0008337651578157745,0,4,0
2026092807,maest,unweighted,0.5,prior_offset,47,115,0.14622046114657145,0.45676379106848264,0.0,-0.0008337651578157745,0,4,0
2026092807,maest,unweighted,0.5,temperature,47,115,0.14645377936071047,0.4596451823972102,0.0002333182141390222,-0.0006004469436767523,0,4,0
2026092807,maest,unweighted,0.5,platt,47,115,0.14705422630438722,0.4622088206380271,0.0008337651578157745,0.0,0,4,0
2026092807,maest,unweighted,0.5,beta,47,115,0.1491802710118698,0.49152315567214877,0.0029598098652983684,0.002126044707482594,0,4,1
2026092807,maest,unweighted,0.5,isotonic,47,115,0.15220504920294708,1.3992473720654797,0.005984588056375639,0.005150822898559865,0,4,0
2026092807,maest,unweighted,0.5,ridge_platt,47,115,0.14622046114657145,0.45676379106848264,0.0,-0.0008337651578157745,0,4,0
2026092807,maest,unweighted,1.0,raw,94,249,0.14622046114657145,0.45676379106848264,0.0,0.002175301189057788,0,4,0
2026092807,maest,unweighted,1.0,prior_offset,94,249,0.14622046114657145,0.45676379106848264,0.0,0.002175301189057788,0,4,0
2026092807,maest,unweighted,1.0,temperature,94,249,0.1449149946681786,0.4511945882700269,-0.0013054664783928582,0.0008698347106649296,0,4,0
2026092807,maest,unweighted,1.0,platt,94,249,0.14404515995751366,0.4497158650128748,-0.002175301189057788,0.0,0,4,0
2026092807,maest,unweighted,1.0,beta,94,249,0.144481984085629,0.46015113036215316,-0.0017384770609424338,0.000436824128115354,0,4,2
2026092807,maest,unweighted,1.0,isotonic,94,249,0.1478755334909993,1.0990976749657682,0.0016550723444278548,0.0038303735334856426,0,4,0
2026092807,maest,unweighted,1.0,ridge_platt,94,249,0.14407585048830318,0.44791908605986286,-0.0021446106582682645,3.069053078952333e-05,0,4,0
2026092807,mert_v0,ambient_balanced,0.25,raw,24,52,0.16479825088136343,0.5015137543230958,0.0,-0.0060682437044039805,0,4,0
2026092807,mert_v0,ambient_balanced,0.25,prior_offset,24,52,0.15728155836526705,0.48562720455172026,-0.007516692516096379,-0.01358493622050036,0,4,0
2026092807,mert_v0,ambient_balanced,0.25,temperature,24,52,0.17700171032249049,0.57408662411919,0.012203459441127051,0.006135215736723071,0,4,0
2026092807,mert_v0,ambient_balanced,0.25,platt,24,52,0.17086649458576741,0.5817087425976627,0.0060682437044039805,0.0,0,4,0
2026092807,mert_v0,ambient_balanced,0.25,beta,24,52,0.16872281548755713,0.5838228115965138,0.003924564606193698,-0.0021436790982102827,0,4,2
2026092807,mert_v0,ambient_balanced,0.25,isotonic,24,52,0.1776689135703825,2.8474568012205457,0.012870662689019069,0.006802418984615088,0,4,0
2026092807,mert_v0,ambient_balanced,0.25,ridge_platt,24,52,0.16578453699398016,0.5206445861893139,0.0009862861126167244,-0.005081957591787256,0,4,0
2026092807,mert_v0,ambient_balanced,0.5,raw,47,115,0.16479825088136343,0.5015137543230958,0.0,0.0026509591919187947,0,4,0
2026092807,mert_v0,ambient_balanced,0.5,prior_offset,47,115,0.15728155836526705,0.48562720455172026,-0.007516692516096379,-0.004865733324177585,0,4,0
2026092807,mert_v0,ambient_balanced,0.5,temperature,47,115,0.1678996222057757,0.5147184353769986,0.0031013713244122665,0.005752330516331061,0,4,0
2026092807,mert_v0,ambient_balanced,0.5,platt,47,115,0.16214729168944464,0.5031362038162178,-0.0026509591919187947,0.0,0,4,0
2026092807,mert_v0,ambient_balanced,0.5,beta,47,115,0.1595245036384122,0.5040123588913067,-0.005273747242951238,-0.002622788051032443,0,4,2
2026092807,mert_v0,ambient_balanced,0.5,isotonic,47,115,0.16495738104962823,1.1915797252663312,0.0001591301682647983,0.002810089360183593,0,4,0
2026092807,mert_v0,ambient_balanced,0.5,ridge_platt,47,115,0.1592627929491195,0.48794270923367766,-0.005535457932243942,-0.0028844987403251476,0,4,0
2026092807,mert_v0,ambient_balanced,1.0,raw,94,249,0.16479825088136343,0.5015137543230958,0.0,0.006809035459809626,0,4,0
2026092807,mert_v0,ambient_balanced,1.0,prior_offset,94,249,0.15728155836526705,0.48562720455172026,-0.007516692516096379,-0.0007076570562867535,0,4,0
2026092807,mert_v0,ambient_balanced,1.0,temperature,94,249,0.1668944211482502,0.5091326884251639,0.002096170266886771,0.008905205726696397,0,4,0
2026092807,mert_v0,ambient_balanced,1.0,platt,94,249,0.1579892154215538,0.4917530081448309,-0.006809035459809626,0.0,0,4,0
2026092807,mert_v0,ambient_balanced,1.0,beta,94,249,0.15717617145950658,0.4913604962022925,-0.007622079421856859,-0.000813043962047233,0,4,1
2026092807,mert_v0,ambient_balanced,1.0,isotonic,94,249,0.16095421727832712,0.8216741940232235,-0.003844033603036312,0.002965001856773314,0,4,0
2026092807,mert_v0,ambient_balanced,1.0,ridge_platt,94,249,0.1572728992203324,0.48491755662378333,-0.007525351661031021,-0.0007163162012213953,0,4,0
2026092807,mert_v0,unweighted,0.25,raw,24,52,0.15673593402893407,0.4832868909918918,0.0,-0.014174507082602539,0,4,0
2026092807,mert_v0,unweighted,0.25,prior_offset,24,52,0.15673593402893407,0.4832868909918918,0.0,-0.014174507082602539,0,4,0
2026092807,mert_v0,unweighted,0.25,temperature,24,52,0.16877790811059837,0.55572821578398,0.012041974081664297,-0.0021325330009382415,0,4,0
2026092807,mert_v0,unweighted,0.25,platt,24,52,0.1709104411115366,0.5823667244325764,0.014174507082602539,0.0,0,4,0
2026092807,mert_v0,unweighted,0.25,beta,24,52,0.16842294302275787,0.5806303174040605,0.0116870089938238,-0.002487498088778739,0,4,2
2026092807,mert_v0,unweighted,0.25,isotonic,24,52,0.17676898546732375,2.7822660115532734,0.020033051438389682,0.005858544355787143,0,4,0
2026092807,mert_v0,unweighted,0.25,ridge_platt,24,52,0.16328936568570657,0.5158966330008193,0.006553431656772496,-0.007621075425830043,0,4,0
2026092807,mert_v0,unweighted,0.5,raw,47,115,0.15673593402893407,0.4832868909918918,0.0,-0.005338450546632567,0,4,0
2026092807,mert_v0,unweighted,0.5,prior_offset,47,115,0.15673593402893407,0.4832868909918918,0.0,-0.005338450546632567,0,4,0
2026092807,mert_v0,unweighted,0.5,temperature,47,115,0.15949973102644877,0.4957244387459922,0.0027637969975146948,-0.0025746535491178724,0,4,0
2026092807,mert_v0,unweighted,0.5,platt,47,115,0.16207438457556664,0.5032945872895918,0.005338450546632567,0.0,0,4,0
2026092807,mert_v0,unweighted,0.5,beta,47,115,0.1594127408944133,0.5038077783255214,0.00267680686547922,-0.0026616436811533473,0,4,3
2026092807,mert_v0,unweighted,0.5,isotonic,47,115,0.16461203004894728,1.1600542534060412,0.007876096020013212,0.0025376454733806453,0,4,0
2026092807,mert_v0,unweighted,0.5,ridge_platt,47,115,0.15667146003756383,0.48297470128299036,-6.447399137024523e-05,-0.005402924538002812,0,4,0
2026092807,mert_v0,unweighted,1.0,raw,94,249,0.15673593402893407,0.4832868909918918,0.0,-0.0011105944237991272,0,4,0
2026092807,mert_v0,unweighted,1.0,prior_offset,94,249,0.15673593402893407,0.4832868909918918,0.0,-0.0011105944237991272,0,4,0
2026092807,mert_v0,unweighted,1.0,temperature,94,249,0.15878511715331944,0.4913629721773143,0.002049183124385373,0.0009385887005862459,0,4,0
2026092807,mert_v0,unweighted,1.0,platt,94,249,0.1578465284527332,0.49155916926027665,0.0011105944237991272,0.0,0,4,0
2026092807,mert_v0,unweighted,1.0,beta,94,249,0.1570324283680454,0.49101229205716945,0.0002964943391113306,-0.0008141000846877966,0,4,1
2026092807,mert_v0,unweighted,1.0,isotonic,94,249,0.15885107353808692,0.8155391163503147,0.002115139509152847,0.0010045450853537197,0,4,0
2026092807,mert_v0,unweighted,1.0,ridge_platt,94,249,0.15719502679884623,0.4850111426213298,0.0004590927699121561,-0.0006515016538869711,0,4,0
2026092807,mert_v1,ambient_balanced,0.25,raw,24,52,0.16641340735760976,0.5052919392191318,0.0,-0.008864666653534553,0,4,0
2026092807,mert_v1,ambient_balanced,0.25,prior_offset,24,52,0.15961478622843733,0.490591618559554,-0.0067986211291724274,-0.01566328778270698,0,4,0
2026092807,mert_v1,ambient_balanced,0.25,temperature,24,52,0.1817799980030897,0.6016223514554654,0.015366590645479933,0.00650192399194538,0,4,0
2026092807,mert_v1,ambient_balanced,0.25,platt,24,52,0.1752780740111443,0.6664316081025727,0.008864666653534553,0.0,0,4,0
2026092807,mert_v1,ambient_balanced,0.25,beta,24,52,0.17877893535656336,0.6884521632219051,0.012365527998953602,0.0035008613454190485,0,4,3
2026092807,mert_v1,ambient_balanced,0.25,isotonic,24,52,0.1965036329578404,3.548969258037068,0.03009022560023064,0.021225558946696088,0,4,0
2026092807,mert_v1,ambient_balanced,0.25,ridge_platt,24,52,0.16628766940407713,0.5310713363295803,-0.00012573795353262862,-0.008990404607067182,0,4,0
2026092807,mert_v1,ambient_balanced,0.5,raw,47,115,0.16641340735760976,0.5052919392191318,0.0,0.0023881572648041804,0,4,0
2026092807,mert_v1,ambient_balanced,0.5,prior_offset,47,115,0.15961478622843733,0.490591618559554,-0.0067986211291724274,-0.004410463864368247,0,4,0
2026092807,mert_v1,ambient_balanced,0.5,temperature,47,115,0.1697273090927764,0.5181300303174142,0.00331390173516663,0.0057020589999708104,0,4,0
2026092807,mert_v1,ambient_balanced,0.5,platt,47,115,0.16402525009280558,0.5059974094951569,-0.0023881572648041804,0.0,0,4,0
2026092807,mert_v1,ambient_balanced,0.5,beta,47,115,0.16208022733477706,0.5053685298102757,-0.0043331800228327,-0.0019450227580285195,0,4,3
2026092807,mert_v1,ambient_balanced,0.5,isotonic,47,115,0.17504918973567327,1.4418738139762661,0.008635782378063506,0.011023939642867686,0,4,0
2026092807,mert_v1,ambient_balanced,0.5,ridge_platt,47,115,0.16108945832917487,0.49213232535734913,-0.005323949028434888,-0.0029357917636307074,0,4,0
2026092807,mert_v1,ambient_balanced,1.0,raw,94,249,0.16641340735760976,0.5052919392191318,0.0,0.005729068378997282,0,4,0
2026092807,mert_v1,ambient_balanced,1.0,prior_offset,94,249,0.15961478622843733,0.490591618559554,-0.0067986211291724274,-0.0010695527501751456,0,4,0
2026092807,mert_v1,ambient_balanced,1.0,temperature,94,249,0.16898863996703634,0.5142062532046964,0.0025752326094265754,0.008304300988423857,0,4,0
2026092807,mert_v1,ambient_balanced,1.0,platt,94,249,0.16068433897861248,0.4967819168842625,-0.005729068378997282,0.0,0,4,0
2026092807,mert_v1,ambient_balanced,1.0,beta,94,249,0.15994643899631436,0.4941591081135294,-0.0064669683612954,-0.000737899982298118,0,4,1
2026092807,mert_v1,ambient_balanced,1.0,isotonic,94,249,0.165378730986059,0.7974685403724873,-0.0010346763715507468,0.004694392007446535,0,4,0
2026092807,mert_v1,ambient_balanced,1.0,ridge_platt,94,249,0.15932613725033468,0.4887105500896211,-0.007087270107275084,-0.0013582017282778025,0,4,0
2026092807,mert_v1,unweighted,0.25,raw,24,52,0.15886962641359884,0.48778440952554386,0.0,-0.0164196236786624,0,4,0
2026092807,mert_v1,unweighted,0.25,prior_offset,24,52,0.15886962641359884,0.48778440952554386,0.0,-0.0164196236786624,0,4,0
2026092807,mert_v1,unweighted,0.25,temperature,24,52,0.17421084930426592,0.5840170522049775,0.015341222890667083,-0.001078400787995315,0,4,0
2026092807,mert_v1,unweighted,0.25,platt,24,52,0.17528925009226123,0.6674240449654482,0.0164196236786624,0.0,0,4,0
2026092807,mert_v1,unweighted,0.25,beta,24,52,0.17858527093330423,0.6871254309008976,0.019715644519705394,0.003296020841042996,0,4,3
2026092807,mert_v1,unweighted,0.25,isotonic,24,52,0.19793288251488886,3.649157698331308,0.03906325610129002,0.022643632422627624,0,4,0
2026092807,mert_v1,unweighted,0.25,ridge_platt,24,52,0.16597853831305648,0.5309326099154535,0.007108911899457643,-0.009310711779204756,0,4,0
2026092807,mert_v1,unweighted,0.5,raw,47,115,0.15886962641359884,0.48778440952554386,0.0,-0.00494752275749305,0,4,0
2026092807,mert_v1,unweighted,0.5,prior_offset,47,115,0.15886962641359884,0.48778440952554386,0.0,-0.00494752275749305,0,4,0
2026092807,mert_v1,unweighted,0.5,temperature,47,115,0.1619722550009962,0.4998943942093117,0.003102628587397377,-0.0018448941700956734,0,4,0
2026092807,mert_v1,unweighted,0.5,platt,47,115,0.16381714917109189,0.5059241673526809,0.00494752275749305,0.0,0,4,0
2026092807,mert_v1,unweighted,0.5,beta,47,115,0.1618557330608237,0.5043444988385098,0.002986106647224873,-0.001961416110268177,0,4,3
2026092807,mert_v1,unweighted,0.5,isotonic,47,115,0.17476100659441057,1.4391601093552913,0.015891380180811737,0.010943857423318687,0,4,0
2026092807,mert_v1,unweighted,0.5,ridge_platt,47,115,0.15886962641359884,0.48778440952554386,0.0,-0.00494752275749305,0,4,0
2026092807,mert_v1,unweighted,1.0,raw,94,249,0.15886962641359884,0.48778440952554386,0.0,-0.0015870835918342097,0,4,0
2026092807,mert_v1,unweighted,1.0,prior_offset,94,249,0.15886962641359884,0.48778440952554386,0.0,-0.0015870835918342097,0,4,0
2026092807,mert_v1,unweighted,1.0,temperature,94,249,0.1614620954813668,0.49688844001265103,0.002592469067767972,0.0010053854759337622,0,4,0
2026092807,mert_v1,unweighted,1.0,platt,94,249,0.16045671000543305,0.4964174931834098,0.0015870835918342097,0.0,0,4,0
2026092807,mert_v1,unweighted,1.0,beta,94,249,0.1598935066851065,0.4941702621249993,0.0010238802715076545,-0.0005632033203265552,0,4,1
2026092807,mert_v1,unweighted,1.0,isotonic,94,249,0.1649575652451949,0.7968966460649832,0.006087938831596057,0.004500855239761847,0,4,0
2026092807,mert_v1,unweighted,1.0,ridge_platt,94,249,0.15928222734857786,0.48917760436040897,0.00041260093497902384,-0.0011744826568551858,0,4,0
2026092808,maest,ambient_balanced,0.25,raw,24,54,0.1577617197600129,0.48982818596201455,0.0,-0.00013484404044511455,0,4,0
2026092808,maest,ambient_balanced,0.25,prior_offset,24,54,0.14930965166924096,0.4709200854558397,-0.008452068090771953,-0.008586912131217067,0,4,0
2026092808,maest,ambient_balanced,0.25,temperature,24,54,0.16210967734053405,0.4988587260191184,0.0043479575805211446,0.00421311354007603,0,4,0
2026092808,maest,ambient_balanced,0.25,platt,24,54,0.15789656380045802,0.49052989397167496,0.00013484404044511455,0.0,0,4,0
2026092808,maest,ambient_balanced,0.25,beta,24,54,0.1554125541382504,0.4878366621024174,-0.0023491656217625168,-0.0024840096622076313,0,4,2
2026092808,maest,ambient_balanced,0.25,isotonic,24,54,0.16270609507392766,1.5048018327405557,0.004944375313914756,0.004809531273469642,0,4,0
2026092808,maest,ambient_balanced,0.25,ridge_platt,24,54,0.14914836827812664,0.46708361260387715,-0.008613351481886272,-0.008748195522331387,0,4,0
2026092808,maest,ambient_balanced,0.5,raw,47,104,0.1577617197600129,0.48982818596201455,0.0,0.005392713594190801,0,4,0
2026092808,maest,ambient_balanced,0.5,prior_offset,47,104,0.14930965166924096,0.4709200854558397,-0.008452068090771953,-0.0030593544965811514,0,4,0
2026092808,maest,ambient_balanced,0.5,temperature,47,104,0.15832982248563976,0.4902496880007181,0.0005681027256268512,0.005960816319817652,0,4,0
2026092808,maest,ambient_balanced,0.5,platt,47,104,0.1523690061658221,0.4742800982907645,-0.005392713594190801,0.0,0,4,0
2026092808,maest,ambient_balanced,0.5,beta,47,104,0.15049117576028465,0.4739153274919771,-0.007270543999728263,-0.0018778304055374617,0,4,1
2026092808,maest,ambient_balanced,0.5,isotonic,47,104,0.15530463664570537,1.2070460303485224,-0.0024570831143075345,0.0029356304798832666,0,4,0
2026092808,maest,ambient_balanced,0.5,ridge_platt,47,104,0.15358605441227785,0.47852068309722423,-0.004175665347735058,0.001217048246455743,0,4,0
2026092808,maest,ambient_balanced,1.0,raw,94,231,0.1577617197600129,0.48982818596201455,0.0,0.008113417521917632,0,4,0
2026092808,maest,ambient_balanced,1.0,prior_offset,94,231,0.14930965166924096,0.4709200854558397,-0.008452068090771953,-0.00033865056885432065,0,4,0
2026092808,maest,ambient_balanced,1.0,temperature,94,231,0.15782985685894738,0.49103423319462386,6.813709893446762e-05,0.0081815546208521,0,4,0
2026092808,maest,ambient_balanced,1.0,platt,94,231,0.14964830223809528,0.46996085511339025,-0.008113417521917632,0.0,0,4,0
2026092808,maest,ambient_balanced,1.0,beta,94,231,0.14870694900368608,0.4673339895271231,-0.009054770756326824,-0.0009413532344091924,0,4,0
2026092808,maest,ambient_balanced,1.0,isotonic,94,231,0.15455387263470202,0.9202305887207332,-0.0032078471253108864,0.004905570396606745,0,4,0
2026092808,maest,ambient_balanced,1.0,ridge_platt,94,231,0.14907419185397716,0.46648458314304975,-0.008687527906035747,-0.000574110384118115,0,4,0
2026092808,maest,unweighted,0.25,raw,24,54,0.1486282310047211,0.466010943487274,0.0,-0.009035029444983578,0,4,0
2026092808,maest,unweighted,0.25,prior_offset,24,54,0.1486282310047211,0.466010943487274,0.0,-0.009035029444983578,0,4,0
2026092808,maest,unweighted,0.25,temperature,24,54,0.15365843521213401,0.4783751615819468,0.005030204207412903,-0.004004825237570675,0,4,0
2026092808,maest,unweighted,0.25,platt,24,54,0.1576632604497047,0.4896433004123062,0.009035029444983578,0.0,0,4,0
2026092808,maest,unweighted,0.25,beta,24,54,0.1554138813609915,0.4858423637195235,0.0067856503562703785,-0.0022493790887131992,0,4,2
2026092808,maest,unweighted,0.25,isotonic,24,54,0.16283017150857168,1.474433595139653,0.014201940503850569,0.005166911058866991,0,4,0
2026092808,maest,unweighted,0.25,ridge_platt,24,54,0.1491044807268336,0.46735114862871746,0.00047624972211249283,-0.008558779722871085,0,4,0
2026092808,maest,unweighted,0.5,raw,47,104,0.1486282310047211,0.466010943487274,0.0,-0.0033935085543760346,0,4,0
2026092808,maest,unweighted,0.5,prior_offset,47,104,0.1486282310047211,0.466010943487274,0.0,-0.0033935085543760346,0,4,0
2026092808,maest,unweighted,0.5,temperature,47,104,0.14884302692927318,0.464497626622299,0.00021479592455206364,-0.003178712629823971,0,4,0
2026092808,maest,unweighted,0.5,platt,47,104,0.15202173955909715,0.4730404714979317,0.0033935085543760346,0.0,0,4,0
2026092808,maest,unweighted,0.5,beta,47,104,0.15071325844931194,0.4702409663607802,0.0020850274445908257,-0.001308481109785209,0,4,1
2026092808,maest,unweighted,0.5,isotonic,47,104,0.1559107743863009,1.242870465920756,0.007282543381579798,0.0038890348272037634,0,4,0
2026092808,maest,unweighted,0.5,ridge_platt,47,104,0.1486282310047211,0.466010943487274,0.0,-0.0033935085543760346,0,4,0
2026092808,maest,unweighted,1.0,raw,94,231,0.1486282310047211,0.466010943487274,0.0,-0.0006860972578298374,0,4,0
2026092808,maest,unweighted,1.0,prior_offset,94,231,0.1486282310047211,0.466010943487274,0.0,-0.0006860972578298374,0,4,0
2026092808,maest,unweighted,1.0,temperature,94,231,0.14875294288201674,0.4675595800629349,0.0001247118772956246,-0.0005613853805342128,0,4,0
2026092808,maest,unweighted,1.0,platt,94,231,0.14931432826255095,0.46875980252598076,0.0006860972578298374,0.0,0,4,0
2026092808,maest,unweighted,1.0,beta,94,231,0.14831524812273922,0.4657118660682894,-0.0003129828819818936,-0.000999080139811731,0,4,0
2026092808,maest,unweighted,1.0,isotonic,94,231,0.15313404794029786,0.8533354223427415,0.004505816935576751,0.0038197196777469133,0,4,0
2026092808,maest,unweighted,1.0,ridge_platt,94,231,0.1486282310047211,0.466010943487274,0.0,-0.0006860972578298374,0,4,0
2026092808,mert_v0,ambient_balanced,0.25,raw,24,54,0.17127790398020662,0.5242949720196433,0.0,0.006859715569486863,0,4,0
2026092808,mert_v0,ambient_balanced,0.25,prior_offset,24,54,0.15929369951766387,0.495189509462236,-0.011984204462542752,-0.00512448889305589,0,4,0
2026092808,mert_v0,ambient_balanced,0.25,temperature,24,54,0.17394515976620178,0.5337227337286501,0.002667255785995165,0.009526971355482028,0,4,0
2026092808,mert_v0,ambient_balanced,0.25,platt,24,54,0.16441818841071976,0.5158468707476306,-0.006859715569486863,0.0,0,4,0
2026092808,mert_v0,ambient_balanced,0.25,beta,24,54,0.1619546058707649,0.512464789780916,-0.009323298109441713,-0.0024635825399548505,0,4,2
2026092808,mert_v0,ambient_balanced,0.25,isotonic,24,54,0.17157032116755616,1.4738394575828269,0.0002924171873495418,0.007152132756836405,0,4,0
2026092808,mert_v0,ambient_balanced,0.25,ridge_platt,24,54,0.1627825820832464,0.5098623472180585,-0.008495321896960228,-0.0016356063274733657,0,4,0
2026092808,mert_v0,ambient_balanced,0.5,raw,47,104,0.17127790398020662,0.5242949720196433,0.0,0.000623375867049053,0,4,0
2026092808,mert_v0,ambient_balanced,0.5,prior_offset,47,104,0.15929369951766387,0.495189509462236,-0.011984204462542752,-0.0113608285954937,0,4,0
2026092808,mert_v0,ambient_balanced,0.5,temperature,47,104,0.1753224846223115,0.5424548233471875,0.004044580642104889,0.004667956509153942,0,4,0
2026092808,mert_v0,ambient_balanced,0.5,platt,47,104,0.17065452811315757,0.5315341950148299,-0.000623375867049053,0.0,0,4,0
2026092808,mert_v0,ambient_balanced,0.5,beta,47,104,0.16802171976525296,0.527001574509452,-0.0032561842149536613,-0.0026328083479046083,0,4,1
2026092808,mert_v0,ambient_balanced,0.5,isotonic,47,104,0.17846119474415362,1.4966557603118469,0.007183290763946998,0.007806666630996051,0,4,0
2026092808,mert_v0,ambient_balanced,0.5,ridge_platt,47,104,0.16526373045306675,0.51024712859683,-0.006014173527139871,-0.005390797660090818,0,4,0
2026092808,mert_v0,ambient_balanced,1.0,raw,94,231,0.17127790398020662,0.5242949720196433,0.0,0.011070412830708809,0,4,0
2026092808,mert_v0,ambient_balanced,1.0,prior_offset,94,231,0.15929369951766387,0.495189509462236,-0.011984204462542752,-0.0009137916318339434,0,4,0
2026092808,mert_v0,ambient_balanced,1.0,temperature,94,231,0.17214644974354806,0.5310560725382546,0.000868545763341444,0.011938958594050253,0,4,0
2026092808,mert_v0,ambient_balanced,1.0,platt,94,231,0.1602074911494978,0.5038416478221274,-0.011070412830708809,0.0,0,4,0
2026092808,mert_v0,ambient_balanced,1.0,beta,94,231,0.1583174513287716,0.4963477954345147,-0.012960452651435028,-0.0018900398207262192,0,4,0
2026092808,mert_v0,ambient_balanced,1.0,isotonic,94,231,0.16170116639176657,0.8690368612809958,-0.009576737588440049,0.0014936752422687605,0,4,0
2026092808,mert_v0,ambient_balanced,1.0,ridge_platt,94,231,0.16027173131133327,0.5023274642595529,-0.011006172668873354,6.424016183545489e-05,0,4,0
2026092808,mert_v0,unweighted,0.25,raw,24,54,0.158988165340716,0.49424514393006996,0.0,-0.0053754309453867555,0,4,0
2026092808,mert_v0,unweighted,0.25,prior_offset,24,54,0.158988165340716,0.49424514393006996,0.0,-0.0053754309453867555,0,4,0
2026092808,mert_v0,unweighted,0.25,temperature,24,54,0.16146622336111463,0.5028309704661856,0.0024780580203986324,-0.002897372924988123,0,4,0
2026092808,mert_v0,unweighted,0.25,platt,24,54,0.16436359628610275,0.5159550848863503,0.0053754309453867555,0.0,0,4,0
2026092808,mert_v0,unweighted,0.25,beta,24,54,0.16226649853582123,0.5123476425760813,0.003278333195105232,-0.0020970977502815236,0,4,3
2026092808,mert_v0,unweighted,0.25,isotonic,24,54,0.1711857570562089,1.4110809036469938,0.012197591715492895,0.006822160770106139,0,4,0
2026092808,mert_v0,unweighted,0.25,ridge_platt,24,54,0.15884961412862436,0.5013321451157328,-0.00013855121209163657,-0.005513982157478392,0,4,0
2026092808,mert_v0,unweighted,0.5,raw,47,104,0.158988165340716,0.49424514393006996,0.0,-0.011352220685074327,0,4,0
2026092808,mert_v0,unweighted,0.5,prior_offset,47,104,0.158988165340716,0.49424514393006996,0.0,-0.011352220685074327,0,4,0
2026092808,mert_v0,unweighted,0.5,temperature,47,104,0.16000908995306742,0.49614193287954844,0.001020924612351426,-0.0103312960727229,0,4,0
2026092808,mert_v0,unweighted,0.5,platt,47,104,0.17034038602579032,0.5313052058821038,0.011352220685074327,0.0,0,4,0
2026092808,mert_v0,unweighted,0.5,beta,47,104,0.16865679966381336,0.5257113333142097,0.009668634323097364,-0.001683586361976963,0,4,1
2026092808,mert_v0,unweighted,0.5,isotonic,47,104,0.1797125149669201,1.4694303385052456,0.02072434962620409,0.009372128941129765,0,4,0
2026092808,mert_v0,unweighted,0.5,ridge_platt,47,104,0.1653620954797367,0.5130127877148785,0.0063739301390207115,-0.004978290546053615,0,4,0
2026092808,mert_v0,unweighted,1.0,raw,94,231,0.158988165340716,0.49424514393006996,0.0,-0.0014017781390180395,0,4,0
2026092808,mert_v0,unweighted,1.0,prior_offset,94,231,0.158988165340716,0.49424514393006996,0.0,-0.0014017781390180395,0,4,0
2026092808,mert_v0,unweighted,1.0,temperature,94,231,0.1593259057652667,0.4986740174064826,0.0003377404245507032,-0.0010640377144673363,0,4,0
2026092808,mert_v0,unweighted,1.0,platt,94,231,0.16038994347973404,0.5047771642704652,0.0014017781390180395,0.0,0,4,0
2026092808,mert_v0,unweighted,1.0,beta,94,231,0.15913321566410565,0.49789331274700377,0.00014505032338965607,-0.0012567278156283834,0,4,1
2026092808,mert_v0,unweighted,1.0,isotonic,94,231,0.1631155509443032,0.9041204921426125,0.004127385603587191,0.002725607464569152,0,4,0
2026092808,mert_v0,unweighted,1.0,ridge_platt,94,231,0.1585065846124809,0.4989290866052618,-0.00048158072823509257,-0.001883358867253132,0,4,0
2026092808,mert_v1,ambient_balanced,0.25,raw,24,54,0.16900320294303134,0.5170621618140456,0.0,-0.004451337452528514,0,4,0
2026092808,mert_v1,ambient_balanced,0.25,prior_offset,24,54,0.1573124816029678,0.4880706694763595,-0.011690721340063548,-0.016142058792592062,0,4,0
2026092808,mert_v1,ambient_balanced,0.25,temperature,24,54,0.17357586023952407,0.5380691899278599,0.004572657296492727,0.00012131984396421269,0,4,0
2026092808,mert_v1,ambient_balanced,0.25,platt,24,54,0.17345454039555985,0.5456346479647197,0.004451337452528514,0.0,0,4,0
2026092808,mert_v1,ambient_balanced,0.25,beta,24,54,0.1715327084719881,0.5428062871379308,0.0025295055289567547,-0.0019218319235717596,0,4,2
2026092808,mert_v1,ambient_balanced,0.25,isotonic,24,54,0.18168718656514476,1.9627524446816886,0.012683983622113426,0.008232646169584912,0,4,0
2026092808,mert_v1,ambient_balanced,0.25,ridge_platt,24,54,0.1609261911930942,0.4988315964474997,-0.008077011749937135,-0.01252834920246565,0,4,0
2026092808,mert_v1,ambient_balanced,0.5,raw,47,104,0.16900320294303134,0.5170621618140456,0.0,-0.00033530218803953793,0,4,0
2026092808,mert_v1,ambient_balanced,0.5,prior_offset,47,104,0.1573124816029678,0.4880706694763595,-0.011690721340063548,-0.012026023528103086,0,4,0
2026092808,mert_v1,ambient_balanced,0.5,temperature,47,104,0.17221895575775373,0.5345695554497785,0.003215752814722389,0.002880450626682851,0,4,0
2026092808,mert_v1,ambient_balanced,0.5,platt,47,104,0.16933850513107088,0.5272195317560644,0.00033530218803953793,0.0,0,4,0
2026092808,mert_v1,ambient_balanced,0.5,beta,47,104,0.16739030547990164,0.5210433417701077,-0.0016128974631297033,-0.0019481996511692412,0,4,0
2026092808,mert_v1,ambient_balanced,0.5,isotonic,47,104,0.17570882514294733,1.6087351731397939,0.006705622199915995,0.006370320011876457,0,4,0
2026092808,mert_v1,ambient_balanced,0.5,ridge_platt,47,104,0.16241522534922553,0.5016639308485117,-0.006587977593805805,-0.006923279781845343,0,4,0
2026092808,mert_v1,ambient_balanced,1.0,raw,94,231,0.16900320294303134,0.5170621618140456,0.0,0.009684704403458949,0,4,0
2026092808,mert_v1,ambient_balanced,1.0,prior_offset,94,231,0.1573124816029678,0.4880706694763595,-0.011690721340063548,-0.002006016936604599,0,4,0
2026092808,mert_v1,ambient_balanced,1.0,temperature,94,231,0.16931528874666937,0.5211742977329895,0.00031208580363803473,0.009996790207096984,0,4,0
2026092808,mert_v1,ambient_balanced,1.0,platt,94,231,0.1593184985395724,0.4980484711204923,-0.009684704403458949,0.0,0,4,0
2026092808,mert_v1,ambient_balanced,1.0,beta,94,231,0.15820629900364308,0.49287654246985974,-0.010796903939388258,-0.001112199535929309,0,4,0
2026092808,mert_v1,ambient_balanced,1.0,isotonic,94,231,0.16255921963911932,0.9324668332773577,-0.006443983303912021,0.0032407210995469282,0,4,0
2026092808,mert_v1,ambient_balanced,1.0,ridge_platt,94,231,0.15920759362451847,0.4946151390010994,-0.009795609318512866,-0.00011090491505391653,0,4,0
2026092808,mert_v1,unweighted,0.25,raw,24,54,0.15684000169192164,0.4867639286231629,0.0,-0.016129783719415647,0,4,0
2026092808,mert_v1,unweighted,0.25,prior_offset,24,54,0.15684000169192164,0.4867639286231629,0.0,-0.016129783719415647,0,4,0
2026092808,mert_v1,unweighted,0.25,temperature,24,54,0.1605352973088801,0.49953799037220803,0.0036952956169584716,-0.012434488102457175,0,4,0
2026092808,mert_v1,unweighted,0.25,platt,24,54,0.17296978541133728,0.5436666882185273,0.016129783719415647,0.0,0,4,0
2026092808,mert_v1,unweighted,0.25,beta,24,54,0.1709354088944172,0.5407507837568507,0.014095407202495552,-0.0020343765169200945,0,4,2
2026092808,mert_v1,unweighted,0.25,isotonic,24,54,0.18109053604987255,2.049928767056472,0.02425053435795091,0.008120750638535262,0,4,0
2026092808,mert_v1,unweighted,0.25,ridge_platt,24,54,0.15684000169192164,0.4867639286231629,0.0,-0.016129783719415647,0,4,0
2026092808,mert_v1,unweighted,0.5,raw,47,104,0.15684000169192164,0.4867639286231629,0.0,-0.012701594787677628,0,4,0
2026092808,mert_v1,unweighted,0.5,prior_offset,47,104,0.15684000169192164,0.4867639286231629,0.0,-0.012701594787677628,0,4,0
2026092808,mert_v1,unweighted,0.5,temperature,47,104,0.1578083830754112,0.4895744461141332,0.0009683813834895638,-0.011733213404188064,0,4,0
2026092808,mert_v1,unweighted,0.5,platt,47,104,0.16954159647959927,0.529208769439631,0.012701594787677628,0.0,0,4,0
2026092808,mert_v1,unweighted,0.5,beta,47,104,0.16788726224435224,0.522088976136966,0.011047260552430604,-0.0016543342352470236,0,4,0
2026092808,mert_v1,unweighted,0.5,isotonic,47,104,0.1777905581070739,1.7391981521925919,0.020950556415152255,0.008248961627474627,0,4,0
2026092808,mert_v1,unweighted,0.5,ridge_platt,47,104,0.16286200064720618,0.505556460347826,0.0060219989552845465,-0.0066795958323930815,0,4,0
2026092808,mert_v1,unweighted,1.0,raw,94,231,0.15684000169192164,0.4867639286231629,0.0,-0.002524563529701873,0,4,0
2026092808,mert_v1,unweighted,1.0,prior_offset,94,231,0.15684000169192164,0.4867639286231629,0.0,-0.002524563529701873,0,4,0
2026092808,mert_v1,unweighted,1.0,temperature,94,231,0.15712370308491272,0.4898091403207484,0.00028370139299108144,-0.0022408621367107917,0,4,0
2026092808,mert_v1,unweighted,1.0,platt,94,231,0.1593645652216235,0.49827125795793353,0.002524563529701873,0.0,0,4,0
2026092808,mert_v1,unweighted,1.0,beta,94,231,0.15850987654181875,0.49291880582743114,0.0016698748498971128,-0.0008546886798047604,0,4,1
2026092808,mert_v1,unweighted,1.0,isotonic,94,231,0.1632691583509269,0.9650513662304843,0.0064291566590052585,0.0039045931293033853,0,4,0
2026092808,mert_v1,unweighted,1.0,ridge_platt,94,231,0.15788054582344324,0.49184994767046913,0.0010405441315216035,-0.0014840193981802696,0,4,0
2026092809,maest,ambient_balanced,0.25,raw,24,70,0.11973691190601769,0.3874322232751393,0.0,0.00146865542550699,0,4,0
2026092809,maest,ambient_balanced,0.25,prior_offset,24,70,0.11048371630904573,0.3625698853711836,-0.009253195596971964,-0.007784540171464974,0,4,0
2026092809,maest,ambient_balanced,0.25,temperature,24,70,0.1202378129961339,0.3917959141517774,0.0005009010901162042,0.0019695565156231942,0,4,0
2026092809,maest,ambient_balanced,0.25,platt,24,70,0.1182682564805107,0.3843537098929792,-0.00146865542550699,0.0,0,4,0
2026092809,maest,ambient_balanced,0.25,beta,24,70,0.11682674978200717,0.3877535355385103,-0.002910162124010518,-0.001441506698503528,0,4,3
2026092809,maest,ambient_balanced,0.25,isotonic,24,70,0.11958097349015682,1.0590920471386311,-0.00015593841586086787,0.0013127170096461221,0,4,0
2026092809,maest,ambient_balanced,0.25,ridge_platt,24,70,0.1143460310230762,0.3731358102233634,-0.005390880882941498,-0.003922225457434508,0,4,0
2026092809,maest,ambient_balanced,0.5,raw,47,133,0.11973691190601769,0.3874322232751393,0.0,0.008594464164304108,0,4,0
2026092809,maest,ambient_balanced,0.5,prior_offset,47,133,0.11048371630904573,0.3625698853711836,-0.009253195596971964,-0.0006587314326678556,0,4,0
2026092809,maest,ambient_balanced,0.5,temperature,47,133,0.12003294452380206,0.3909771308054032,0.00029603261778436696,0.008890496782088475,0,4,0
2026092809,maest,ambient_balanced,0.5,platt,47,133,0.11114244774171358,0.366532289729202,-0.008594464164304108,0.0,0,4,0
2026092809,maest,ambient_balanced,0.5,beta,47,133,0.11158938578512903,0.37224299621982465,-0.008147526120888662,0.00044693804341544574,0,4,1
2026092809,maest,ambient_balanced,0.5,isotonic,47,133,0.11289349503574132,0.7705860566233864,-0.00684341687027637,0.0017510472940277383,0,4,0
2026092809,maest,ambient_balanced,0.5,ridge_platt,47,133,0.11232774072562988,0.3672362231101076,-0.007409171180387808,0.0011852929839163001,0,4,0
2026092809,maest,ambient_balanced,1.0,raw,94,231,0.11973691190601769,0.3874322232751393,0.0,0.007182897207505964,0,4,0
2026092809,maest,ambient_balanced,1.0,prior_offset,94,231,0.11048371630904573,0.3625698853711836,-0.009253195596971964,-0.0020702983894659993,0,4,0
2026092809,maest,ambient_balanced,1.0,temperature,94,231,0.12059722282336104,0.39103225152467,0.0008603109173433432,0.008043208124849308,0,4,0
2026092809,maest,ambient_balanced,1.0,platt,94,231,0.11255401469851173,0.36925190117884554,-0.007182897207505964,0.0,0,4,0
2026092809,maest,ambient_balanced,1.0,beta,94,231,0.11178810575756915,0.36928832578113124,-0.007948806148448548,-0.0007659089409425834,0,4,1
2026092809,maest,ambient_balanced,1.0,isotonic,94,231,0.11295885354768417,0.617023101874162,-0.006778058358333519,0.0004048388491724453,0,4,0
2026092809,maest,ambient_balanced,1.0,ridge_platt,94,231,0.11230040879946088,0.36912172063079274,-0.007436503106556816,-0.0002536058990508516,0,4,0
2026092809,maest,unweighted,0.25,raw,24,70,0.1096672953056513,0.3603403847094508,0.0,-0.008010982173644668,0,4,0
2026092809,maest,unweighted,0.25,prior_offset,24,70,0.1096672953056513,0.3603403847094508,0.0,-0.008010982173644668,0,4,0
2026092809,maest,unweighted,0.25,temperature,24,70,0.10961710177240531,0.36361773363363376,-5.019353324597908e-05,-0.008061175706890647,0,4,0
2026092809,maest,unweighted,0.25,platt,24,70,0.11767827747929596,0.3828633414967833,0.008010982173644668,0.0,0,4,0
2026092809,maest,unweighted,0.25,beta,24,70,0.1164559964677827,0.3852290039388736,0.0067887011621314,-0.0012222810115132682,0,4,3
2026092809,maest,unweighted,0.25,isotonic,24,70,0.11884814694337392,1.0571519965532674,0.009180851637722628,0.0011698694640779606,0,4,0
2026092809,maest,unweighted,0.25,ridge_platt,24,70,0.11353853694640152,0.3713822010524557,0.003871241640750228,-0.00413974053289444,0,4,0
2026092809,maest,unweighted,0.5,raw,47,133,0.1096672953056513,0.3603403847094508,0.0,-0.0008404132056669261,0,4,0
2026092809,maest,unweighted,0.5,prior_offset,47,133,0.1096672953056513,0.3603403847094508,0.0,-0.0008404132056669261,0,4,0
2026092809,maest,unweighted,0.5,temperature,47,133,0.10996397645892975,0.3644457559280484,0.00029668115327845246,-0.0005437320523884737,0,4,0
2026092809,maest,unweighted,0.5,platt,47,133,0.11050770851131822,0.3649940376723137,0.0008404132056669261,0.0,0,4,0
2026092809,maest,unweighted,0.5,beta,47,133,0.11100336184171893,0.37046844811828344,0.0013360665360676316,0.0004956533304007055,0,4,2
2026092809,maest,unweighted,0.5,isotonic,47,133,0.11180638798794833,0.7675766618657058,0.0021390926822970335,0.0012986794766301074,0,4,0
2026092809,maest,unweighted,0.5,ridge_platt,47,133,0.1084841693974265,0.3566238996730075,-0.0011831259082247941,-0.0020235391138917203,0,4,0
2026092809,maest,unweighted,1.0,raw,94,231,0.1096672953056513,0.3603403847094508,0.0,-0.002248660517512255,0,4,0
2026092809,maest,unweighted,1.0,prior_offset,94,231,0.1096672953056513,0.3603403847094508,0.0,-0.002248660517512255,0,4,0
2026092809,maest,unweighted,1.0,temperature,94,231,0.11054660153803723,0.36413305279764674,0.0008793062323859402,-0.0013693542851263146,0,4,0
2026092809,maest,unweighted,1.0,platt,94,231,0.11191595582316355,0.36766570703254725,0.002248660517512255,0.0,0,4,0
2026092809,maest,unweighted,1.0,beta,94,231,0.11136588595386845,0.3671813552466168,0.0016985906482171603,-0.0005500698692950945,0,4,0
2026092809,maest,unweighted,1.0,isotonic,94,231,0.11321339337177155,0.6173665751584787,0.0035460980661202596,0.0012974375486080048,0,4,0
2026092809,maest,unweighted,1.0,ridge_platt,94,231,0.11179151382997807,0.3678762803886088,0.0021242185243267736,-0.00012444199318548121,0,4,0
2026092809,mert_v0,ambient_balanced,0.25,raw,24,70,0.1405743602262434,0.4407907257844385,0.0,0.013540948937828118,0,4,0
2026092809,mert_v0,ambient_balanced,0.25,prior_offset,24,70,0.1256838693887702,0.4035797394586888,-0.014890490837473208,-0.0013495418996450903,0,4,0
2026092809,mert_v0,ambient_balanced,0.25,temperature,24,70,0.13747488273882452,0.4321819392881104,-0.0030994774874188724,0.010441471450409245,0,4,0
2026092809,mert_v0,ambient_balanced,0.25,platt,24,70,0.12703341128841528,0.40741089881592785,-0.013540948937828118,0.0,0,4,1
2026092809,mert_v0,ambient_balanced,0.25,beta,24,70,0.12558523923096163,0.4021508450997382,-0.014989120995281768,-0.0014481720574536505,0,4,3
2026092809,mert_v0,ambient_balanced,0.25,isotonic,24,70,0.12609754783455188,0.8638740968975442,-0.014476812391691518,-0.0009358634538634003,0,4,0
2026092809,mert_v0,ambient_balanced,0.25,ridge_platt,24,70,0.12913172349162375,0.41308920502170143,-0.011442636734619649,0.002098312203208469,0,4,1
2026092809,mert_v0,ambient_balanced,0.5,raw,47,133,0.1405743602262434,0.4407907257844385,0.0,0.017288538238162787,0,4,0
2026092809,mert_v0,ambient_balanced,0.5,prior_offset,47,133,0.1256838693887702,0.4035797394586888,-0.014890490837473208,0.002398047400689579,0,4,0
2026092809,mert_v0,ambient_balanced,0.5,temperature,47,133,0.13859719691852374,0.4359747618377423,-0.0019771633077196593,0.015311374930443128,0,4,0
2026092809,mert_v0,ambient_balanced,0.5,platt,47,133,0.12328582198808061,0.40101472772159397,-0.017288538238162787,0.0,0,4,0
2026092809,mert_v0,ambient_balanced,0.5,beta,47,133,0.12179435839209304,0.39723291853037784,-0.01878000183415035,-0.0014914635959875633,0,4,2
2026092809,mert_v0,ambient_balanced,0.5,isotonic,47,133,0.1257958310687483,0.8355975407639928,-0.014778529157495085,0.0025100090806677022,0,4,0
2026092809,mert_v0,ambient_balanced,0.5,ridge_platt,47,133,0.12346918579647449,0.39604880731289027,-0.017105174429768902,0.00018336380839388544,0,4,0
2026092809,mert_v0,ambient_balanced,1.0,raw,94,231,0.1405743602262434,0.4407907257844385,0.0,0.016634076005043255,0,4,0
2026092809,mert_v0,ambient_balanced,1.0,prior_offset,94,231,0.1256838693887702,0.4035797394586888,-0.014890490837473208,0.001743585167570047,0,4,0
2026092809,mert_v0,ambient_balanced,1.0,temperature,94,231,0.1386443069428484,0.4335772303636766,-0.001930053283394989,0.014704022721648266,0,4,0
2026092809,mert_v0,ambient_balanced,1.0,platt,94,231,0.12394028422120014,0.3983647497073022,-0.016634076005043255,0.0,0,4,0
2026092809,mert_v0,ambient_balanced,1.0,beta,94,231,0.1217929090268738,0.3910689132790936,-0.018781451199369595,-0.0021473751943263397,0,4,2
2026092809,mert_v0,ambient_balanced,1.0,isotonic,94,231,0.1261200316723747,0.7142834849314077,-0.01445432855386869,0.0021797474511745657,0,4,0
2026092809,mert_v0,ambient_balanced,1.0,ridge_platt,94,231,0.12311412593897064,0.39588104063981755,-0.017460234287272752,-0.0008261582822294972,0,4,0
2026092809,mert_v0,unweighted,0.25,raw,24,70,0.12553800572208726,0.403919500791097,0.0,-0.0013009618571409587,0,4,0
2026092809,mert_v0,unweighted,0.25,prior_offset,24,70,0.12553800572208726,0.403919500791097,0.0,-0.0013009618571409587,0,4,0
2026092809,mert_v0,unweighted,0.25,temperature,24,70,0.12139740695253207,0.3916397305344022,-0.004140598769555193,-0.005441560626696151,0,4,0
2026092809,mert_v0,unweighted,0.25,platt,24,70,0.12683896757922822,0.4071477192833896,0.0013009618571409587,0.0,0,4,1
2026092809,mert_v0,unweighted,0.25,beta,24,70,0.12555381187733572,0.40270221968445663,1.5806155248460074e-05,-0.0012851557018924986,0,4,3
2026092809,mert_v0,unweighted,0.25,isotonic,24,70,0.12519518866450718,0.8615557594052516,-0.00034281705758007486,-0.0016437789147210335,0,4,0
2026092809,mert_v0,unweighted,0.25,ridge_platt,24,70,0.12864516540047466,0.4118419058621151,0.0031071596783874,0.0018061978212464413,0,4,1
2026092809,mert_v0,unweighted,0.5,raw,47,133,0.12553800572208726,0.403919500791097,0.0,0.0024706187432018134,0,4,0
2026092809,mert_v0,unweighted,0.5,prior_offset,47,133,0.12553800572208726,0.403919500791097,0.0,0.0024706187432018134,0,4,0
2026092809,mert_v0,unweighted,0.5,temperature,47,133,0.12372241670471876,0.3998950892573465,-0.0018155890173685019,0.0006550297258333115,0,4,0
2026092809,mert_v0,unweighted,0.5,platt,47,133,0.12306738697888545,0.4005483452271412,-0.0024706187432018134,0.0,0,4,0
2026092809,mert_v0,unweighted,0.5,beta,47,133,0.12159382985332785,0.39713366707289804,-0.003944175868759406,-0.0014735571255575924,0,4,2
2026092809,mert_v0,unweighted,0.5,isotonic,47,133,0.12499982378068045,0.8653053045475556,-0.0005381819414068123,0.001932436801795001,0,4,0
2026092809,mert_v0,unweighted,0.5,ridge_platt,47,133,0.12284594144909274,0.39352577383617626,-0.0026920642729945238,-0.00022144552979271037,0,4,0
2026092809,mert_v0,unweighted,1.0,raw,94,231,0.12553800572208726,0.403919500791097,0.0,0.0018657308551699725,0,4,0
2026092809,mert_v0,unweighted,1.0,prior_offset,94,231,0.12553800572208726,0.403919500791097,0.0,0.0018657308551699725,0,4,0
2026092809,mert_v0,unweighted,1.0,temperature,94,231,0.12342837270100572,0.39585109894045895,-0.002109633021081539,-0.00024390216591156644,0,4,0
2026092809,mert_v0,unweighted,1.0,platt,94,231,0.12367227486691729,0.39779087819006076,-0.0018657308551699725,0.0,0,4,0
2026092809,mert_v0,unweighted,1.0,beta,94,231,0.12156057721519226,0.3907925381889015,-0.003977428506895003,-0.0021116976517250308,0,4,2
2026092809,mert_v0,unweighted,1.0,isotonic,94,231,0.12483658200719287,0.7111788899740176,-0.0007014237148943864,0.0011643071402755861,0,4,0
2026092809,mert_v0,unweighted,1.0,ridge_platt,94,231,0.12293391740413118,0.3958321032679698,-0.0026040883179560825,-0.00073835746278611,0,4,0
2026092809,mert_v1,ambient_balanced,0.25,raw,24,70,0.13925989836481698,0.4355131750495851,0.0,0.009714906759265174,0,4,0
2026092809,mert_v1,ambient_balanced,0.25,prior_offset,24,70,0.12361187777124769,0.39621529310071774,-0.01564802059356929,-0.005933113834304116,0,4,0
2026092809,mert_v1,ambient_balanced,0.25,temperature,24,70,0.1378024695191435,0.4293433347101905,-0.0014574288456734863,0.008257477913591688,0,4,0
2026092809,mert_v1,ambient_balanced,0.25,platt,24,70,0.1295449916055518,0.40904076794794375,-0.009714906759265174,0.0,0,4,1
2026092809,mert_v1,ambient_balanced,0.25,beta,24,70,0.1301027975273183,0.4126427888329878,-0.009157100837498683,0.000557805921766491,0,4,4
2026092809,mert_v1,ambient_balanced,0.25,isotonic,24,70,0.1297903119112389,0.7775221920132296,-0.009469586453578066,0.00024532030568710783,0,4,0
2026092809,mert_v1,ambient_balanced,0.25,ridge_platt,24,70,0.12897375565610822,0.4092683098474994,-0.010286142708708756,-0.0005712359494435826,0,4,1
2026092809,mert_v1,ambient_balanced,0.5,raw,47,133,0.13925989836481698,0.4355131750495851,0.0,0.011907585940886367,0,4,0
2026092809,mert_v1,ambient_balanced,0.5,prior_offset,47,133,0.12361187777124769,0.39621529310071774,-0.01564802059356929,-0.0037404346526829224,0,4,0
2026092809,mert_v1,ambient_balanced,0.5,temperature,47,133,0.14038718010026158,0.43653187823953776,0.0011272817354446019,0.013034867676330969,0,4,0
2026092809,mert_v1,ambient_balanced,0.5,platt,47,133,0.1273523124239306,0.4050401398664288,-0.011907585940886367,0.0,0,4,0
2026092809,mert_v1,ambient_balanced,0.5,beta,47,133,0.12642341190319192,0.4046293707686918,-0.012836486461625052,-0.0009289005207386847,0,4,3
2026092809,mert_v1,ambient_balanced,0.5,isotonic,47,133,0.12684514718352172,0.7415735176331529,-0.012414751181295258,-0.0005071652404088911,0,4,0
2026092809,mert_v1,ambient_balanced,0.5,ridge_platt,47,133,0.12677341158679886,0.40115235783831915,-0.012486486778018113,-0.0005789008371317461,0,4,0
2026092809,mert_v1,ambient_balanced,1.0,raw,94,231,0.13925989836481698,0.4355131750495851,0.0,0.01353603789483418,0,4,0
2026092809,mert_v1,ambient_balanced,1.0,prior_offset,94,231,0.12361187777124769,0.39621529310071774,-0.01564802059356929,-0.00211198269873511,0,4,0
2026092809,mert_v1,ambient_balanced,1.0,temperature,94,231,0.13960624994446327,0.43443195129025264,0.0003463515796462979,0.013882389474480478,0,4,0
2026092809,mert_v1,ambient_balanced,1.0,platt,94,231,0.1257238604699828,0.39971623379794485,-0.01353603789483418,0.0,0,4,0
2026092809,mert_v1,ambient_balanced,1.0,beta,94,231,0.12465662085052445,0.39678774948622786,-0.014603277514292523,-0.0010672396194583433,0,4,2
2026092809,mert_v1,ambient_balanced,1.0,isotonic,94,231,0.1278606483057085,0.5878666993400923,-0.011399250059108468,0.002136787835725712,0,4,0
2026092809,mert_v1,ambient_balanced,1.0,ridge_platt,94,231,0.12577561012466365,0.4013439626564299,-0.013484288240153325,5.1749654680854906e-05,0,4,0
2026092809,mert_v1,unweighted,0.25,raw,24,70,0.12376648729096548,0.39732906148392777,0.0,-0.0058096041346111515,0,4,0
2026092809,mert_v1,unweighted,0.25,prior_offset,24,70,0.12376648729096548,0.39732906148392777,0.0,-0.0058096041346111515,0,4,0
2026092809,mert_v1,unweighted,0.25,temperature,24,70,0.12203999157536255,0.38939871301424656,-0.0017264957156029326,-0.007536099850214084,0,4,0
2026092809,mert_v1,unweighted,0.25,platt,24,70,0.12957609142557663,0.4094256295618679,0.0058096041346111515,0.0,0,4,1
2026092809,mert_v1,unweighted,0.25,beta,24,70,0.1301988629111831,0.41315014222219903,0.0064323756202176174,0.0006227714856064659,0,4,4
2026092809,mert_v1,unweighted,0.25,isotonic,24,70,0.1309274168453533,0.7803391653042013,0.007160929554387824,0.0013513254197766722,0,4,0
2026092809,mert_v1,unweighted,0.25,ridge_platt,24,70,0.12904798761603087,0.4097172178439523,0.005281500325065386,-0.0005281038095457657,0,4,1
2026092809,mert_v1,unweighted,0.5,raw,47,133,0.12376648729096548,0.39732906148392777,0.0,-0.003639278561355125,0,4,0
2026092809,mert_v1,unweighted,0.5,prior_offset,47,133,0.12376648729096548,0.39732906148392777,0.0,-0.003639278561355125,0,4,0
2026092809,mert_v1,unweighted,0.5,temperature,47,133,0.12498614075085504,0.39894963878076595,0.001219653459889558,-0.0024196251014655668,0,4,0
2026092809,mert_v1,unweighted,0.5,platt,47,133,0.1274057658523206,0.40533558876352227,0.003639278561355125,0.0,0,4,0
2026092809,mert_v1,unweighted,0.5,beta,47,133,0.12646342877537217,0.4049870899591681,0.0026969414844066897,-0.0009423370769484352,0,4,3
2026092809,mert_v1,unweighted,0.5,isotonic,47,133,0.12672938950347598,0.7102851968644194,0.0029629022125104987,-0.0006763763488446262,0,4,0
2026092809,mert_v1,unweighted,0.5,ridge_platt,47,133,0.12185648067717103,0.38821417129084673,-0.0019100066137944516,-0.005549285175149576,0,4,0
2026092809,mert_v1,unweighted,1.0,raw,94,231,0.12376648729096548,0.39732906148392777,0.0,-0.00199974657735974,0,4,0
2026092809,mert_v1,unweighted,1.0,prior_offset,94,231,0.12376648729096548,0.39732906148392777,0.0,-0.00199974657735974,0,4,0
2026092809,mert_v1,unweighted,1.0,temperature,94,231,0.12332182640443731,0.3935661771857072,-0.0004446608865281698,-0.00244440746388791,0,4,0
2026092809,mert_v1,unweighted,1.0,platt,94,231,0.12576623386832522,0.3999674838759304,0.00199974657735974,0.0,0,4,0
2026092809,mert_v1,unweighted,1.0,beta,94,231,0.12470366027651655,0.3970637995978837,0.0009371729855510713,-0.0010625735918086687,0,4,2
2026092809,mert_v1,unweighted,1.0,isotonic,94,231,0.1275256591159748,0.5554741812999126,0.0037591718250093165,0.0017594252476495764,0,4,0
2026092809,mert_v1,unweighted,1.0,ridge_platt,94,231,0.125723726725148,0.40202771330674336,0.0019572394341825228,-4.2507143177217266e-05,0,4,0
2026092810,maest,ambient_balanced,0.25,raw,24,62,0.15779665233543383,0.47986003293384055,0.0,-0.003917184438521681,0,4,0
2026092810,maest,ambient_balanced,0.25,prior_offset,24,62,0.14781097550240607,0.4520582887776671,-0.009985676833027757,-0.013902861271549438,0,4,0
2026092810,maest,ambient_balanced,0.25,temperature,24,62,0.17156927741457523,0.6350296779491349,0.013772625079141398,0.009855440640619717,0,4,0
2026092810,maest,ambient_balanced,0.25,platt,24,62,0.1617138367739555,0.6100725067796513,0.003917184438521681,0.0,0,4,0
2026092810,maest,ambient_balanced,0.25,beta,24,62,0.1639383155817206,0.6640816548805095,0.00614166324628676,0.002224478807765079,0,4,2
2026092810,maest,ambient_balanced,0.25,isotonic,24,62,0.17288237622127253,2.887404999598675,0.015085723885838703,0.011168539447317022,0,4,0
2026092810,maest,ambient_balanced,0.25,ridge_platt,24,62,0.15938632954118506,0.4944071042379665,0.0015896772057512332,-0.0023275072327704482,0,4,0
2026092810,maest,ambient_balanced,0.5,raw,47,112,0.15779665233543383,0.47986003293384055,0.0,0.0029545664602281807,0,4,0
2026092810,maest,ambient_balanced,0.5,prior_offset,47,112,0.14781097550240607,0.4520582887776671,-0.009985676833027757,-0.007031110372799576,0,4,0
2026092810,maest,ambient_balanced,0.5,temperature,47,112,0.1647575697233466,0.5345179194726517,0.006960917387912768,0.009915483848140949,0,4,0
2026092810,maest,ambient_balanced,0.5,platt,47,112,0.15484208587520565,0.5076216772383616,-0.0029545664602281807,0.0,0,4,0
2026092810,maest,ambient_balanced,0.5,beta,47,112,0.15436794825543843,0.5060411388601983,-0.003428704079995404,-0.00047413761976722313,0,4,0
2026092810,maest,ambient_balanced,0.5,isotonic,47,112,0.1616198884674409,1.2518312332769486,0.0038232361320070796,0.00677780259223526,0,4,0
2026092810,maest,ambient_balanced,0.5,ridge_platt,47,112,0.15241257217775311,0.4849196736484292,-0.005384080157680715,-0.0024295136974525344,0,4,0
2026092810,maest,ambient_balanced,1.0,raw,94,247,0.15779665233543383,0.47986003293384055,0.0,0.009411562056977546,0,4,0
2026092810,maest,ambient_balanced,1.0,prior_offset,94,247,0.14781097550240607,0.4520582887776671,-0.009985676833027757,-0.0005741147760502108,0,4,0
2026092810,maest,ambient_balanced,1.0,temperature,94,247,0.1574030862644638,0.4784251031012969,-0.0003935660709700195,0.009017995986007526,0,4,0
2026092810,maest,ambient_balanced,1.0,platt,94,247,0.14838509027845628,0.4537990029968428,-0.009411562056977546,0.0,0,4,0
2026092810,maest,ambient_balanced,1.0,beta,94,247,0.14836070588766948,0.4549559626357067,-0.009435946447764354,-2.4384390786807986e-05,0,4,0
2026092810,maest,ambient_balanced,1.0,isotonic,94,247,0.1544006703868843,0.5704117377183963,-0.003395981948549537,0.006015580108428009,0,4,0
2026092810,maest,ambient_balanced,1.0,ridge_platt,94,247,0.14761121867224197,0.452862773502637,-0.010185433663191856,-0.0007738716062143103,0,4,0
2026092810,maest,unweighted,0.25,raw,24,62,0.14778931222594177,0.4528394677721708,0.0,-0.014370067419912369,0,4,0
2026092810,maest,unweighted,0.25,prior_offset,24,62,0.14778931222594177,0.4528394677721708,0.0,-0.014370067419912369,0,4,0
2026092810,maest,unweighted,0.25,temperature,24,62,0.16153649115782553,0.6084304230725139,0.013747178931883763,-0.0006228884880286056,0,4,0
2026092810,maest,unweighted,0.25,platt,24,62,0.16215937964585414,0.6112027196938472,0.014370067419912369,0.0,0,4,0
2026092810,maest,unweighted,0.25,beta,24,62,0.16425956556538024,0.6650813937879664,0.016470253339438468,0.0021001859195260986,0,4,2
2026092810,maest,unweighted,0.25,isotonic,24,62,0.17120718460395787,2.9184720862004676,0.023417872378016097,0.009047804958103728,0,4,0
2026092810,maest,unweighted,0.25,ridge_platt,24,62,0.15022914415278193,0.4696322379734692,0.0024398319268401636,-0.011930235493072205,0,4,0
2026092810,maest,unweighted,0.5,raw,47,112,0.14778931222594177,0.4528394677721708,0.0,-0.007370495136886257,0,4,0
2026092810,maest,unweighted,0.5,prior_offset,47,112,0.14778931222594177,0.4528394677721708,0.0,-0.007370495136886257,0,4,0
2026092810,maest,unweighted,0.5,temperature,47,112,0.15471839219076364,0.5080553477544557,0.006929079964821866,-0.00044141517206439107,0,4,0
2026092810,maest,unweighted,0.5,platt,47,112,0.15515980736282803,0.5085076584668894,0.007370495136886257,0.0,0,4,0
2026092810,maest,unweighted,0.5,beta,47,112,0.15467784368428317,0.506852943961739,0.006888531458341396,-0.0004819636785448611,0,4,0
2026092810,maest,unweighted,0.5,isotonic,47,112,0.16017119389183354,1.2499741398923923,0.01238188166589177,0.005011386529005513,0,4,0
2026092810,maest,unweighted,0.5,ridge_platt,47,112,0.15173329147552872,0.4831785376292864,0.0039439792495869486,-0.0034265158872993084,0,4,0
2026092810,maest,unweighted,1.0,raw,94,247,0.14778931222594177,0.4528394677721708,0.0,-0.0008531289233614514,0,4,0
2026092810,maest,unweighted,1.0,prior_offset,94,247,0.14778931222594177,0.4528394677721708,0.0,-0.0008531289233614514,0,4,0
2026092810,maest,unweighted,1.0,temperature,94,247,0.14739175884686842,0.4519695094976757,-0.000397553379073351,-0.0012506823024348024,0,4,0
2026092810,maest,unweighted,1.0,platt,94,247,0.14864244114930322,0.4544974045741411,0.0008531289233614514,0.0,0,4,0
2026092810,maest,unweighted,1.0,beta,94,247,0.14860589125246623,0.4557126232283887,0.000816579026524461,-3.654989683699039e-05,0,4,0
2026092810,maest,unweighted,1.0,isotonic,94,247,0.15398621079956842,0.5692655468680168,0.006196898573626652,0.005343769650265201,0,4,0
2026092810,maest,unweighted,1.0,ridge_platt,94,247,0.14780112906684362,0.45319288793090406,1.1816840901845982e-05,-0.0008413120824596054,0,4,0
2026092810,mert_v0,ambient_balanced,0.25,raw,24,62,0.16577851642060823,0.5019798098520084,0.0,-0.0008994436605626877,0,4,0
2026092810,mert_v0,ambient_balanced,0.25,prior_offset,24,62,0.15275066742423007,0.46808064436669977,-0.013027848996378155,-0.013927292656940843,0,4,0
2026092810,mert_v0,ambient_balanced,0.25,temperature,24,62,0.17337108549251046,0.5675572357359456,0.007592569071902228,0.00669312541133954,0,4,0
2026092810,mert_v0,ambient_balanced,0.25,platt,24,62,0.16667796008117092,0.6495174042126337,0.0008994436605626877,0.0,0,4,0
2026092810,mert_v0,ambient_balanced,0.25,beta,24,62,0.16698500739130803,0.663080121567754,0.0012064909706998028,0.00030704731013711517,0,4,3
2026092810,mert_v0,ambient_balanced,0.25,isotonic,24,62,0.17599579753190692,2.4309595418846897,0.010217281111298687,0.009317837450736,0,4,0
2026092810,mert_v0,ambient_balanced,0.25,ridge_platt,24,62,0.16288438370798347,0.5412799642187236,-0.0028941327126247585,-0.003793576373187446,0,4,0
2026092810,mert_v0,ambient_balanced,0.5,raw,47,112,0.16577851642060823,0.5019798098520084,0.0,0.007038116970732172,0,4,0
2026092810,mert_v0,ambient_balanced,0.5,prior_offset,47,112,0.15275066742423007,0.46808064436669977,-0.013027848996378155,-0.005989732025645983,0,4,0
2026092810,mert_v0,ambient_balanced,0.5,temperature,47,112,0.16854575830483062,0.5200870264007821,0.0027672418842223934,0.009805358854954566,0,4,0
2026092810,mert_v0,ambient_balanced,0.5,platt,47,112,0.15874039944987606,0.5002503325367247,-0.007038116970732172,0.0,0,4,0
2026092810,mert_v0,ambient_balanced,0.5,beta,47,112,0.15958058311331097,0.4992855180932749,-0.00619793330729726,0.0008401836634349125,0,4,1
2026092810,mert_v0,ambient_balanced,0.5,isotonic,47,112,0.16473506675159683,0.9678711125829424,-0.0010434496690114037,0.0059946673017207686,0,4,0
2026092810,mert_v0,ambient_balanced,0.5,ridge_platt,47,112,0.1553966358212904,0.48035125638582915,-0.010381880599317828,-0.0033437636285856553,0,4,0
2026092810,mert_v0,ambient_balanced,1.0,raw,94,247,0.16577851642060823,0.5019798098520084,0.0,0.00900847029801119,0,4,0
2026092810,mert_v0,ambient_balanced,1.0,prior_offset,94,247,0.15275066742423007,0.46808064436669977,-0.013027848996378155,-0.0040193786983669655,0,4,0
2026092810,mert_v0,ambient_balanced,1.0,temperature,94,247,0.1653063421454426,0.5008883000653952,-0.00047217427516563215,0.008536296022845558,0,4,0
2026092810,mert_v0,ambient_balanced,1.0,platt,94,247,0.15677004612259704,0.4787072290694818,-0.00900847029801119,0.0,0,4,0
2026092810,mert_v0,ambient_balanced,1.0,beta,94,247,0.15687538681699595,0.47767677034833783,-0.008903129603612281,0.00010534069439890881,0,4,0
2026092810,mert_v0,ambient_balanced,1.0,isotonic,94,247,0.16318926868560915,0.823522746412778,-0.0025892477349990783,0.006419222563012111,0,4,0
2026092810,mert_v0,ambient_balanced,1.0,ridge_platt,94,247,0.15671741688717886,0.47839396635210957,-0.009061099533429373,-5.262923541818343e-05,0,4,0
2026092810,mert_v0,unweighted,0.25,raw,24,62,0.15296825163079442,0.46955895807851616,0.0,-0.014066585844140334,0,4,0
2026092810,mert_v0,unweighted,0.25,prior_offset,24,62,0.15296825163079442,0.46955895807851616,0.0,-0.014066585844140334,0,4,0
2026092810,mert_v0,unweighted,0.25,temperature,24,62,0.16126752946720838,0.537476222259748,0.00829927783641396,-0.005767308007726374,0,4,0
2026092810,mert_v0,unweighted,0.25,platt,24,62,0.16703483747493475,0.6506927226127273,0.014066585844140334,0.0,0,4,0
2026092810,mert_v0,unweighted,0.25,beta,24,62,0.1671400640847468,0.6641447851355784,0.014171812453952382,0.00010522660981204801,0,4,3
2026092810,mert_v0,unweighted,0.25,isotonic,24,62,0.17583431079303094,2.430594321667419,0.022866059162236524,0.00879947331809619,0,4,0
2026092810,mert_v0,unweighted,0.25,ridge_platt,24,62,0.15887367045966116,0.5305488236350466,0.005905418828866749,-0.008161167015273585,0,4,0
2026092810,mert_v0,unweighted,0.5,raw,47,112,0.15296825163079442,0.46955895807851616,0.0,-0.006130533101262159,0,4,0
2026092810,mert_v0,unweighted,0.5,prior_offset,47,112,0.15296825163079442,0.46955895807851616,0.0,-0.006130533101262159,0,4,0
2026092810,mert_v0,unweighted,0.5,temperature,47,112,0.1564543584032901,0.4896570040887619,0.003486106772495695,-0.0026444263287664638,0,4,0
2026092810,mert_v0,unweighted,0.5,platt,47,112,0.15909878473205658,0.5017130458544238,0.006130533101262159,0.0,0,4,0
2026092810,mert_v0,unweighted,0.5,beta,47,112,0.15978154675744627,0.5008977160273244,0.006813295126651853,0.0006827620253896938,0,4,1
2026092810,mert_v0,unweighted,0.5,isotonic,47,112,0.16445099670963959,0.9664540824333154,0.011482745078845169,0.00535221197758301,0,4,0
2026092810,mert_v0,unweighted,0.5,ridge_platt,47,112,0.1555673633843666,0.48163386205354536,0.002599111753572192,-0.003531421347689967,0,4,0
2026092810,mert_v0,unweighted,1.0,raw,94,247,0.15296825163079442,0.46955895807851616,0.0,-0.00407993949008878,0,4,0
2026092810,mert_v0,unweighted,1.0,prior_offset,94,247,0.15296825163079442,0.46955895807851616,0.0,-0.00407993949008878,0,4,0
2026092810,mert_v0,unweighted,1.0,temperature,94,247,0.15315048942535342,0.4703078144721062,0.00018223779455900369,-0.003897701695529776,0,4,0
2026092810,mert_v0,unweighted,1.0,platt,94,247,0.1570481911208832,0.479840371947194,0.00407993949008878,0.0,0,4,0
2026092810,mert_v0,unweighted,1.0,beta,94,247,0.15707899660598482,0.4794048583510149,0.0041107449751904,3.08054851016204e-05,0,4,1
2026092810,mert_v0,unweighted,1.0,isotonic,94,247,0.1629664828244295,0.8233346898032875,0.009998231193635077,0.005918291703546297,0,4,0
2026092810,mert_v0,unweighted,1.0,ridge_platt,94,247,0.15716510561844535,0.4803547619535078,0.004196853987650934,0.00011691449756215389,0,4,0
2026092810,mert_v1,ambient_balanced,0.25,raw,24,62,0.16527803053097506,0.5021194589789888,0.0,-0.0014489827537321476,0,4,0
2026092810,mert_v1,ambient_balanced,0.25,prior_offset,24,62,0.15122857458351746,0.46765812530363826,-0.0140494559474576,-0.015498438701189748,0,4,0
2026092810,mert_v1,ambient_balanced,0.25,temperature,24,62,0.17371108385662842,0.5870588875907676,0.008433053325653361,0.006984070571921214,0,4,0
2026092810,mert_v1,ambient_balanced,0.25,platt,24,62,0.1667270132847072,0.6727099212620703,0.0014489827537321476,0.0,0,4,0
2026092810,mert_v1,ambient_balanced,0.25,beta,24,62,0.16776247788047927,0.7299406847472001,0.002484447349504204,0.0010354645957720565,0,4,4
2026092810,mert_v1,ambient_balanced,0.25,isotonic,24,62,0.17402578864083484,2.718563332580034,0.008747758109859782,0.007298775356127635,0,4,0
2026092810,mert_v1,ambient_balanced,0.25,ridge_platt,24,62,0.1715972366583163,0.6847093249204934,0.0063192061273412425,0.004870223373609095,0,4,0
2026092810,mert_v1,ambient_balanced,0.5,raw,47,112,0.16527803053097506,0.5021194589789888,0.0,0.006390189591810286,0,4,0
2026092810,mert_v1,ambient_balanced,0.5,prior_offset,47,112,0.15122857458351746,0.46765812530363826,-0.0140494559474576,-0.007659266355647315,0,4,0
2026092810,mert_v1,ambient_balanced,0.5,temperature,47,112,0.16971440545099475,0.5395618359946764,0.004436374920019692,0.010826564511829978,0,4,0
2026092810,mert_v1,ambient_balanced,0.5,platt,47,112,0.15888784093916478,0.5323041628264701,-0.006390189591810286,0.0,0,4,0
2026092810,mert_v1,ambient_balanced,0.5,beta,47,112,0.16075322156637512,0.5299111154547771,-0.004524808964599947,0.001865380627210339,0,4,2
2026092810,mert_v1,ambient_balanced,0.5,isotonic,47,112,0.16719133459149532,1.216413495800654,0.00191330406052026,0.008303493652330546,0,4,0
2026092810,mert_v1,ambient_balanced,0.5,ridge_platt,47,112,0.15990618616678798,0.532518081107495,-0.005371844364187084,0.001018345227623202,0,4,0
2026092810,mert_v1,ambient_balanced,1.0,raw,94,247,0.16527803053097506,0.5021194589789888,0.0,0.010765589571198109,0,4,0
2026092810,mert_v1,ambient_balanced,1.0,prior_offset,94,247,0.15122857458351746,0.46765812530363826,-0.0140494559474576,-0.003283866376259492,0,4,0
2026092810,mert_v1,ambient_balanced,1.0,temperature,94,247,0.16521207820539713,0.5044144603100577,-6.595232557793373e-05,0.010699637245620175,0,4,0
2026092810,mert_v1,ambient_balanced,1.0,platt,94,247,0.15451244095977695,0.48148710642647286,-0.010765589571198109,0.0,0,4,0
2026092810,mert_v1,ambient_balanced,1.0,beta,94,247,0.15537450797409805,0.4821682929077243,-0.009903522556877015,0.000862067014321094,0,4,1
2026092810,mert_v1,ambient_balanced,1.0,isotonic,94,247,0.15754623281832345,0.9429775852760351,-0.007731797712651617,0.003033791858546492,0,4,0
2026092810,mert_v1,ambient_balanced,1.0,ridge_platt,94,247,0.15410973783991283,0.47902585505580353,-0.011168292691062232,-0.0004027031198641229,0,4,0
2026092810,mert_v1,unweighted,0.25,raw,24,62,0.1513192786074931,0.4687578952047514,0.0,-0.015559232910664245,0,4,0
2026092810,mert_v1,unweighted,0.25,prior_offset,24,62,0.1513192786074931,0.4687578952047514,0.0,-0.015559232910664245,0,4,0
2026092810,mert_v1,unweighted,0.25,temperature,24,62,0.15987595394373347,0.5545945448508549,0.008556675336240355,-0.00700255757442389,0,4,0
2026092810,mert_v1,unweighted,0.25,platt,24,62,0.16687851151815736,0.6738536673884722,0.015559232910664245,0.0,0,4,0
2026092810,mert_v1,unweighted,0.25,beta,24,62,0.16759671036205526,0.7308407635413467,0.016277431754562144,0.0007181988438978992,0,4,4
2026092810,mert_v1,unweighted,0.25,isotonic,24,62,0.1751641324487342,2.8216168444586947,0.023844853841241076,0.008285620930576831,0,4,0
2026092810,mert_v1,unweighted,0.25,ridge_platt,24,62,0.1670315847047465,0.6738012490373707,0.01571230609725338,0.0001530731865891366,0,4,0
2026092810,mert_v1,unweighted,0.5,raw,47,112,0.1513192786074931,0.4687578952047514,0.0,-0.007584721266336414,0,4,0
2026092810,mert_v1,unweighted,0.5,prior_offset,47,112,0.1513192786074931,0.4687578952047514,0.0,-0.007584721266336414,0,4,0
2026092810,mert_v1,unweighted,0.5,temperature,47,112,0.15588778970234346,0.5071095148161379,0.004568511094850347,-0.0030162101714860667,0,4,0
2026092810,mert_v1,unweighted,0.5,platt,47,112,0.15890399987382953,0.5330426836047599,0.007584721266336414,0.0,0,4,0
2026092810,mert_v1,unweighted,0.5,beta,47,112,0.16040765483636515,0.5303064797469569,0.009088376228872042,0.0015036549625356277,0,4,2
2026092810,mert_v1,unweighted,0.5,isotonic,47,112,0.1676551176511143,1.3184350559240632,0.01633583904362118,0.008751117777284767,0,4,0
2026092810,mert_v1,unweighted,0.5,ridge_platt,47,112,0.15957039519056132,0.53235148082067,0.008251116583068208,0.0006663953167317938,0,4,0
2026092810,mert_v1,unweighted,1.0,raw,94,247,0.1513192786074931,0.4687578952047514,0.0,-0.0031913867885723923,0,4,0
2026092810,mert_v1,unweighted,1.0,prior_offset,94,247,0.1513192786074931,0.4687578952047514,0.0,-0.0031913867885723923,0,4,0
2026092810,mert_v1,unweighted,1.0,temperature,94,247,0.1514893902695079,0.4721445091091325,0.0001701116620147769,-0.0030212751265576154,0,4,0
2026092810,mert_v1,unweighted,1.0,platt,94,247,0.1545106653960655,0.48210201950756687,0.0031913867885723923,0.0,0,4,0
2026092810,mert_v1,unweighted,1.0,beta,94,247,0.1551020765949938,0.4825978028231686,0.0037827979875006967,0.0005914111989283044,0,4,1
2026092810,mert_v1,unweighted,1.0,isotonic,94,247,0.15797889174614135,0.9465503967640202,0.0066596131386482404,0.003468226350075848,0,4,0
2026092810,mert_v1,unweighted,1.0,ridge_platt,94,247,0.15398817706257606,0.4791920948342159,0.0026688984550829464,-0.0005224883334894459,0,4,0
2026092811,maest,ambient_balanced,0.25,raw,24,59,0.1387816513182546,0.4284445113519589,0.0,-0.0019092902848129034,0,4,0
2026092811,maest,ambient_balanced,0.25,prior_offset,24,59,0.13373369504244959,0.4203786523445702,-0.00504795627580501,-0.0069572465606179135,0,4,0
2026092811,maest,ambient_balanced,0.25,temperature,24,59,0.1384374326107521,0.4266268113272471,-0.00034421870750250827,-0.0022535089923154117,0,4,0
2026092811,maest,ambient_balanced,0.25,platt,24,59,0.1406909416030675,0.4494617835154251,0.0019092902848129034,0.0,0,4,0
2026092811,maest,ambient_balanced,0.25,beta,24,59,0.14042107765128753,0.44504897150853834,0.001639426333032934,-0.00026986395177996947,0,4,2
2026092811,maest,ambient_balanced,0.25,isotonic,24,59,0.14919321419582063,0.9461529913418478,0.010411562877566033,0.00850227259275313,0,4,0
2026092811,maest,ambient_balanced,0.25,ridge_platt,24,59,0.14215154309600006,0.44102493950189775,0.003369891777745465,0.0014606014929325617,0,4,0
2026092811,maest,ambient_balanced,0.5,raw,47,112,0.1387816513182546,0.4284445113519589,0.0,0.004045267147457149,0,4,0
2026092811,maest,ambient_balanced,0.5,prior_offset,47,112,0.13373369504244959,0.4203786523445702,-0.00504795627580501,-0.0010026891283478612,0,4,0
2026092811,maest,ambient_balanced,0.5,temperature,47,112,0.1386339747622954,0.42697313100734025,-0.0001476765559592086,0.0038975905914979403,0,4,0
2026092811,maest,ambient_balanced,0.5,platt,47,112,0.13473638417079745,0.420940833521764,-0.004045267147457149,0.0,0,4,0
2026092811,maest,ambient_balanced,0.5,beta,47,112,0.13525407217093877,0.42106955614593844,-0.003527579147315829,0.0005176880001413198,0,4,2
2026092811,maest,ambient_balanced,0.5,isotonic,47,112,0.14234875296765942,0.5400581538528025,0.0035671016494048247,0.0076123687968619735,0,4,0
2026092811,maest,ambient_balanced,0.5,ridge_platt,47,112,0.13361171388479462,0.4175986364580948,-0.005169937433459976,-0.0011246702860028268,0,4,0
2026092811,maest,ambient_balanced,1.0,raw,94,247,0.1387816513182546,0.4284445113519589,0.0,0.0057741009920017905,0,4,0
2026092811,maest,ambient_balanced,1.0,prior_offset,94,247,0.13373369504244959,0.4203786523445702,-0.00504795627580501,0.0007261447161967804,0,4,0
2026092811,maest,ambient_balanced,1.0,temperature,94,247,0.13928208592153354,0.4312679271589825,0.0005004346032789486,0.006274535595280739,0,4,0
2026092811,maest,ambient_balanced,1.0,platt,94,247,0.1330075503262528,0.4182936568015832,-0.0057741009920017905,0.0,0,4,0
2026092811,maest,ambient_balanced,1.0,beta,94,247,0.13338729822964768,0.4179725023760137,-0.005394353088606918,0.0003797479033948725,0,4,0
2026092811,maest,ambient_balanced,1.0,isotonic,94,247,0.13958525661219953,0.5353450227452671,0.0008036052939449367,0.006577706285946727,0,4,0
2026092811,maest,ambient_balanced,1.0,ridge_platt,94,247,0.13260609778185353,0.4155906720460338,-0.006175553536401063,-0.00040145254439927225,0,4,0
2026092811,maest,unweighted,0.25,raw,24,59,0.13279826042198192,0.41574751252498265,0.0,-0.0077367164325965465,0,4,0
2026092811,maest,unweighted,0.25,prior_offset,24,59,0.13279826042198192,0.41574751252498265,0.0,-0.0077367164325965465,0,4,0
2026092811,maest,unweighted,0.25,temperature,24,59,0.13216877118909937,0.4128244412836658,-0.0006294892328825574,-0.008366205665479104,0,4,0
2026092811,maest,unweighted,0.25,platt,24,59,0.14053497685457847,0.44883716985783884,0.0077367164325965465,0.0,0,4,0
2026092811,maest,unweighted,0.25,beta,24,59,0.1404432452539653,0.44481698051308793,0.007644984831983365,-9.173160061318186e-05,0,4,3
2026092811,maest,unweighted,0.25,isotonic,24,59,0.14581304102632772,0.9391153129067453,0.0130147806043458,0.005278064171749253,0,4,0
2026092811,maest,unweighted,0.25,ridge_platt,24,59,0.13616815219972742,0.42832794067492147,0.003369891777745493,-0.004366824654851054,0,4,0
2026092811,maest,unweighted,0.5,raw,47,112,0.13279826042198192,0.41574751252498265,0.0,-0.0017119228574857537,0,4,0
2026092811,maest,unweighted,0.5,prior_offset,47,112,0.13279826042198192,0.41574751252498265,0.0,-0.0017119228574857537,0,4,0
2026092811,maest,unweighted,0.5,temperature,47,112,0.13244781922985266,0.41397404723525966,-0.00035044119212926383,-0.0020623640496150175,0,4,0
2026092811,maest,unweighted,0.5,platt,47,112,0.13451018327946768,0.42015800223087113,0.0017119228574857537,0.0,0,4,0
2026092811,maest,unweighted,0.5,beta,47,112,0.13489657692983295,0.42007084520547905,0.002098316507851028,0.0003863936503652743,0,4,2
2026092811,maest,unweighted,0.5,isotonic,47,112,0.13996669060498024,0.5329559878173964,0.007168430182998314,0.005456507325512561,0,4,0
2026092811,maest,unweighted,0.5,ridge_platt,47,112,0.13355255004602962,0.41767653586443737,0.0007542896240476937,-0.00095763323343806,0,4,0
2026092811,maest,unweighted,1.0,raw,94,247,0.13279826042198192,0.41574751252498265,0.0,-3.64788230829971e-05,0,4,0
2026092811,maest,unweighted,1.0,prior_offset,94,247,0.13279826042198192,0.41574751252498265,0.0,-3.64788230829971e-05,0,4,0
2026092811,maest,unweighted,1.0,temperature,94,247,0.1329014004975359,0.41617490379436134,0.0001031400755539813,6.66612524709842e-05,0,4,0
2026092811,maest,unweighted,1.0,platt,94,247,0.13283473924506492,0.41771499639415344,3.64788230829971e-05,0.0,0,4,0
2026092811,maest,unweighted,1.0,beta,94,247,0.13319468320617045,0.4174606330842079,0.00039642278418852706,0.00035994396110552995,0,4,1
2026092811,maest,unweighted,1.0,isotonic,94,247,0.13734910353020235,0.5286321645076958,0.0045508431082204315,0.004514364285137434,0,4,0
2026092811,maest,unweighted,1.0,ridge_platt,94,247,0.13279826042198192,0.41574751252498265,0.0,-3.64788230829971e-05,0,4,0
2026092811,mert_v0,ambient_balanced,0.25,raw,24,59,0.15894291833625246,0.4847342259975982,0.0,0.007046179255356277,0,4,0
2026092811,mert_v0,ambient_balanced,0.25,prior_offset,24,59,0.14956661441926777,0.46374362487211385,-0.009376303916984685,-0.0023301246616284077,0,4,0
2026092811,mert_v0,ambient_balanced,0.25,temperature,24,59,0.15803274160500388,0.4800481107268056,-0.0009101767312485742,0.006136002524107703,0,4,0
2026092811,mert_v0,ambient_balanced,0.25,platt,24,59,0.15189673908089618,0.4709570184722948,-0.007046179255356277,0.0,0,4,1
2026092811,mert_v0,ambient_balanced,0.25,beta,24,59,0.15267519577680208,0.4738235404953087,-0.006267722559450378,0.0007784566959058992,0,4,1
2026092811,mert_v0,ambient_balanced,0.25,isotonic,24,59,0.16104153314111314,1.2580145974073234,0.0020986148048606768,0.009144794060216954,0,4,0
2026092811,mert_v0,ambient_balanced,0.25,ridge_platt,24,59,0.14982356855643997,0.46075740287021527,-0.009119349779812491,-0.0020731705244562137,0,4,0
2026092811,mert_v0,ambient_balanced,0.5,raw,47,112,0.15894291833625246,0.4847342259975982,0.0,0.01256935243441376,0,4,0
2026092811,mert_v0,ambient_balanced,0.5,prior_offset,47,112,0.14956661441926777,0.46374362487211385,-0.009376303916984685,0.0031930485174290757,0,4,0
2026092811,mert_v0,ambient_balanced,0.5,temperature,47,112,0.15804099007708802,0.48049228389082244,-0.0009019282591644362,0.011667424175249325,0,4,0
2026092811,mert_v0,ambient_balanced,0.5,platt,47,112,0.1463735659018387,0.45424290531081135,-0.01256935243441376,0.0,0,4,0
2026092811,mert_v0,ambient_balanced,0.5,beta,47,112,0.1474976127252282,0.45673246003222895,-0.011445305611024248,0.001124046823389513,0,4,3
2026092811,mert_v0,ambient_balanced,0.5,isotonic,47,112,0.15027612907359394,0.6602248388034347,-0.008666789262658514,0.0039025631717552467,0,4,0
2026092811,mert_v0,ambient_balanced,0.5,ridge_platt,47,112,0.14772143072679644,0.4561743351759852,-0.011221487609456016,0.0013478648249577452,0,4,0
2026092811,mert_v0,ambient_balanced,1.0,raw,94,247,0.15894291833625246,0.4847342259975982,0.0,0.012611407980298889,0,4,0
2026092811,mert_v0,ambient_balanced,1.0,prior_offset,94,247,0.14956661441926777,0.46374362487211385,-0.009376303916984685,0.0032351040633142036,0,4,0
2026092811,mert_v0,ambient_balanced,1.0,temperature,94,247,0.15826808754874905,0.4825186266796937,-0.000674830787503411,0.011936577192795478,0,4,0
2026092811,mert_v0,ambient_balanced,1.0,platt,94,247,0.14633151035595357,0.45541005138712204,-0.012611407980298889,0.0,0,4,0
2026092811,mert_v0,ambient_balanced,1.0,beta,94,247,0.14550285521351358,0.4533131846506153,-0.013440063122738877,-0.000828655142439988,0,4,2
2026092811,mert_v0,ambient_balanced,1.0,isotonic,94,247,0.1502135807549373,0.6304766340106586,-0.008729337581315166,0.0038820703989837224,0,4,0
2026092811,mert_v0,ambient_balanced,1.0,ridge_platt,94,247,0.14708574140131725,0.4572922997182717,-0.01185717693493521,0.0007542310453636791,0,4,0
2026092811,mert_v0,unweighted,0.25,raw,24,59,0.14901259510664683,0.4615100093290929,0.0,-0.0028264989126329243,0,4,0
2026092811,mert_v0,unweighted,0.25,prior_offset,24,59,0.14901259510664683,0.4615100093290929,0.0,-0.0028264989126329243,0,4,0
2026092811,mert_v0,unweighted,0.25,temperature,24,59,0.14794003130423128,0.4566626849285165,-0.0010725638024155493,-0.0038990627150484736,0,4,0
2026092811,mert_v0,unweighted,0.25,platt,24,59,0.15183909401927975,0.47058056966828554,0.0028264989126329243,0.0,0,4,1
2026092811,mert_v0,unweighted,0.25,beta,24,59,0.15320254399245709,0.4754210926907957,0.004189948885810257,0.001363449973177333,0,4,1
2026092811,mert_v0,unweighted,0.25,isotonic,24,59,0.1617302782967877,1.2243379201339153,0.012717683190140883,0.009891184277507958,0,4,0
2026092811,mert_v0,unweighted,0.25,ridge_platt,24,59,0.1460080570647856,0.45271302393814383,-0.0030045380418612377,-0.005831036954494162,0,4,0
2026092811,mert_v0,unweighted,0.5,raw,47,112,0.14901259510664683,0.4615100093290929,0.0,0.0027777809359473826,0,4,0
2026092811,mert_v0,unweighted,0.5,prior_offset,47,112,0.14901259510664683,0.4615100093290929,0.0,0.0027777809359473826,0,4,0
2026092811,mert_v0,unweighted,0.5,temperature,47,112,0.14839769898275523,0.4582248873821625,-0.0006148961238915951,0.0021628848120557875,0,4,0
2026092811,mert_v0,unweighted,0.5,platt,47,112,0.14623481417069945,0.45377166033834576,-0.0027777809359473826,0.0,0,4,0
2026092811,mert_v0,unweighted,0.5,beta,47,112,0.1473154461225398,0.4563754806273822,-0.0016971489841070275,0.001080631951840355,0,4,3
2026092811,mert_v0,unweighted,0.5,isotonic,47,112,0.15059378747977759,0.6608628840558938,0.0015811923731307576,0.00435897330907814,0,4,0
2026092811,mert_v0,unweighted,0.5,ridge_platt,47,112,0.14765217408554132,0.45567659220435763,-0.0013604210211055068,0.0014173599148418758,0,4,0
2026092811,mert_v0,unweighted,1.0,raw,94,247,0.14901259510664683,0.4615100093290929,0.0,0.0027813303858183203,0,4,0
2026092811,mert_v0,unweighted,1.0,prior_offset,94,247,0.14901259510664683,0.4615100093290929,0.0,0.0027813303858183203,0,4,0
2026092811,mert_v0,unweighted,1.0,temperature,94,247,0.14829778391948667,0.458925751045504,-0.0007148111871601581,0.002066519198658162,0,4,0
2026092811,mert_v0,unweighted,1.0,platt,94,247,0.1462312647208285,0.45513811331881754,-0.0027813303858183203,0.0,0,4,0
2026092811,mert_v0,unweighted,1.0,beta,94,247,0.14542061578630575,0.4531404087403373,-0.003591979320341082,-0.0008106489345227619,0,4,2
2026092811,mert_v0,unweighted,1.0,isotonic,94,247,0.15116979418478968,0.6333902436570559,0.002157199078142852,0.004938529463961172,0,4,0
2026092811,mert_v0,unweighted,1.0,ridge_platt,94,247,0.14720651082040254,0.4574137684600139,-0.0018060842862442916,0.0009752460995740286,0,4,0
2026092811,mert_v1,ambient_balanced,0.25,raw,24,59,0.15659990268076412,0.4788354154079728,0.0,0.008528840909761942,0,4,0
2026092811,mert_v1,ambient_balanced,0.25,prior_offset,24,59,0.147071276519735,0.45667720677349133,-0.009528626161029119,-0.0009997852512671768,0,4,0
2026092811,mert_v1,ambient_balanced,0.25,temperature,24,59,0.15609021359571032,0.4745890751203268,-0.000509689085053805,0.008019151824708137,0,4,0
2026092811,mert_v1,ambient_balanced,0.25,platt,24,59,0.14807106177100218,0.45983113325515357,-0.008528840909761942,0.0,0,4,0
2026092811,mert_v1,ambient_balanced,0.25,beta,24,59,0.14888225828541743,0.4590115147791923,-0.0077176443953466956,0.0008111965144152467,0,4,2
2026092811,mert_v1,ambient_balanced,0.25,isotonic,24,59,0.15246139205950682,1.2644027892735779,-0.0041385106212573075,0.004390330288504635,0,4,0
2026092811,mert_v1,ambient_balanced,0.25,ridge_platt,24,59,0.14761376789888214,0.4563896933625303,-0.008986134781881983,-0.00045729387212004036,0,4,0
2026092811,mert_v1,ambient_balanced,0.5,raw,47,112,0.15659990268076412,0.4788354154079728,0.0,0.01227865448248594,0,4,0
2026092811,mert_v1,ambient_balanced,0.5,prior_offset,47,112,0.147071276519735,0.45667720677349133,-0.009528626161029119,0.002750028321456821,0,4,0
2026092811,mert_v1,ambient_balanced,0.5,temperature,47,112,0.15610881286651584,0.4744352555937148,-0.00049108981424828,0.01178756466823766,0,4,0
2026092811,mert_v1,ambient_balanced,0.5,platt,47,112,0.14432124819827818,0.44725838336466867,-0.01227865448248594,0.0,0,4,0
2026092811,mert_v1,ambient_balanced,0.5,beta,47,112,0.14459756956226494,0.44647028428304414,-0.012002333118499187,0.00027632136398675344,0,4,2
2026092811,mert_v1,ambient_balanced,0.5,isotonic,47,112,0.15210771408494003,1.0058390008089748,-0.004492188595824093,0.0077864658866618475,0,4,0
2026092811,mert_v1,ambient_balanced,0.5,ridge_platt,47,112,0.14670852927430217,0.4528734821595166,-0.009891373406461956,0.0023872810760239838,0,4,0
2026092811,mert_v1,ambient_balanced,1.0,raw,94,247,0.15659990268076412,0.4788354154079728,0.0,0.01323049053199904,0,4,0
2026092811,mert_v1,ambient_balanced,1.0,prior_offset,94,247,0.147071276519735,0.45667720677349133,-0.009528626161029119,0.0037018643709699206,0,4,0
2026092811,mert_v1,ambient_balanced,1.0,temperature,94,247,0.1558476053861249,0.4750830733515709,-0.0007522972946392148,0.012478193237359825,0,4,0
2026092811,mert_v1,ambient_balanced,1.0,platt,94,247,0.14336941214876509,0.44666555135125086,-0.01323049053199904,0.0,0,4,0
2026092811,mert_v1,ambient_balanced,1.0,beta,94,247,0.14274381997059415,0.4430053192831234,-0.01385608271016997,-0.0006255921781709306,0,4,2
2026092811,mert_v1,ambient_balanced,1.0,isotonic,94,247,0.14717600298512018,0.6251097190300468,-0.009423899695643945,0.003806590836355095,0,4,0
2026092811,mert_v1,ambient_balanced,1.0,ridge_platt,94,247,0.14285680365974313,0.44431955411760254,-0.013743099021020999,-0.0005126084890219595,0,4,0
2026092811,mert_v1,unweighted,0.25,raw,24,59,0.14644131152620574,0.45443059228546234,0.0,-0.001374992561849947,0,4,0
2026092811,mert_v1,unweighted,0.25,prior_offset,24,59,0.14644131152620574,0.45443059228546234,0.0,-0.001374992561849947,0,4,0
2026092811,mert_v1,unweighted,0.25,temperature,24,59,0.14580659734934648,0.4501962791776723,-0.0006347141768592579,-0.002009706738709205,0,4,0
2026092811,mert_v1,unweighted,0.25,platt,24,59,0.14781630408805568,0.45912579761326355,0.001374992561849947,0.0,0,4,0
2026092811,mert_v1,unweighted,0.25,beta,24,59,0.1489353524477838,0.45965987316955037,0.0024940409215780668,0.0011190483597281198,0,4,2
2026092811,mert_v1,unweighted,0.25,isotonic,24,59,0.15196724001921227,1.2961431365903762,0.005525928493006538,0.004150935931156591,0,4,0
2026092811,mert_v1,unweighted,0.25,ridge_platt,24,59,0.14371400918363156,0.4471146276631983,-0.0027273023425741783,-0.004102294904424125,0,4,0
2026092811,mert_v1,unweighted,0.5,raw,47,112,0.14644131152620574,0.45443059228546234,0.0,0.00235440257289235,0,4,0
2026092811,mert_v1,unweighted,0.5,prior_offset,47,112,0.14644131152620574,0.45443059228546234,0.0,0.00235440257289235,0,4,0
2026092811,mert_v1,unweighted,0.5,temperature,47,112,0.1461220049760497,0.4507021090603487,-0.00031930655015602327,0.002035096022736327,0,4,0
2026092811,mert_v1,unweighted,0.5,platt,47,112,0.1440869089533134,0.44657731013614504,-0.00235440257289235,0.0,0,4,0
2026092811,mert_v1,unweighted,0.5,beta,47,112,0.14452424018999033,0.4466031386392631,-0.001917071336215409,0.00043733123667694107,0,4,2
2026092811,mert_v1,unweighted,0.5,isotonic,47,112,0.1509841485617683,1.0335413325370164,0.004542837035562575,0.006897239608454925,0,4,0
2026092811,mert_v1,unweighted,0.5,ridge_platt,47,112,0.14655476409545448,0.45236437315684624,0.00011345256924874536,0.0024678551421410955,0,4,0
2026092811,mert_v1,unweighted,1.0,raw,94,247,0.14644131152620574,0.45443059228546234,0.0,0.00326530936058117,0,4,0
2026092811,mert_v1,unweighted,1.0,prior_offset,94,247,0.14644131152620574,0.45443059228546234,0.0,0.00326530936058117,0,4,0
2026092811,mert_v1,unweighted,1.0,temperature,94,247,0.14560687274923254,0.45038531068999454,-0.0008344387769732009,0.002430870583607969,0,4,0
2026092811,mert_v1,unweighted,1.0,platt,94,247,0.14317600216562457,0.44614833341244675,-0.00326530936058117,0.0,0,4,0
2026092811,mert_v1,unweighted,1.0,beta,94,247,0.14256737383073703,0.44264824368586514,-0.0038739376954687044,-0.0006086283348875343,0,4,3
2026092811,mert_v1,unweighted,1.0,isotonic,94,247,0.1471424040327402,0.6253648142423487,0.0007010925065344675,0.003966401867115638,0,4,0
2026092811,mert_v1,unweighted,1.0,ridge_platt,94,247,0.1427938639026329,0.44393842424364743,-0.0036474476235728304,-0.0003821382629916603,0,4,0
2026092812,maest,ambient_balanced,0.25,raw,24,57,0.1437021464174832,0.4450674608891519,0.0,-0.0038178241336965513,0,4,0
2026092812,maest,ambient_balanced,0.25,prior_offset,24,57,0.13241893127695004,0.4215660013014773,-0.011283215140533154,-0.015101039274229705,0,4,0
2026092812,maest,ambient_balanced,0.25,temperature,24,57,0.14558040474317943,0.4513222903167071,0.0018782583256962415,-0.0019395658080003098,0,4,0
2026092812,maest,ambient_balanced,0.25,platt,24,57,0.14751997055117974,0.49186419096276857,0.0038178241336965513,0.0,0,4,0
2026092812,maest,ambient_balanced,0.25,beta,24,57,0.14583530252195498,0.5028405240270606,0.0021331561044717895,-0.0016846680292247618,0,4,3
2026092812,maest,ambient_balanced,0.25,isotonic,24,57,0.15704392613197282,2.539333613511679,0.013341779714489632,0.009523955580793081,0,4,0
2026092812,maest,ambient_balanced,0.25,ridge_platt,24,57,0.13372761049956844,0.4306021246425072,-0.00997453591791475,-0.013792360051611302,0,4,0
2026092812,maest,ambient_balanced,0.5,raw,47,121,0.1437021464174832,0.4450674608891519,0.0,0.005460144931767635,0,4,0
2026092812,maest,ambient_balanced,0.5,prior_offset,47,121,0.13241893127695004,0.4215660013014773,-0.011283215140533154,-0.005823070208765518,0,4,0
2026092812,maest,ambient_balanced,0.5,temperature,47,121,0.14678592128929877,0.4563132738661421,0.0030837748718155755,0.008543919803583211,0,4,0
2026092812,maest,ambient_balanced,0.5,platt,47,121,0.13824200148571555,0.44947731017418424,-0.005460144931767635,0.0,0,4,0
2026092812,maest,ambient_balanced,0.5,beta,47,121,0.13718060965807172,0.44796131247156407,-0.006521536759411473,-0.0010613918276438372,0,4,1
2026092812,maest,ambient_balanced,0.5,isotonic,47,121,0.1470397342838971,1.095868763240515,0.003337587866413916,0.008797732798181551,0,4,0
2026092812,maest,ambient_balanced,0.5,ridge_platt,47,121,0.13479755771447627,0.4386827595384157,-0.008904588703006922,-0.003444443771239286,0,4,0
2026092812,maest,ambient_balanced,1.0,raw,94,246,0.1437021464174832,0.4450674608891519,0.0,0.011328785593027468,0,4,0
2026092812,maest,ambient_balanced,1.0,prior_offset,94,246,0.13241893127695004,0.4215660013014773,-0.011283215140533154,4.557045249431457e-05,0,4,0
2026092812,maest,ambient_balanced,1.0,temperature,94,246,0.14436653910417777,0.44601781408692115,0.000664392686694576,0.011993178279722044,0,4,0
2026092812,maest,ambient_balanced,1.0,platt,94,246,0.13237336082445572,0.4202594533101359,-0.011328785593027468,0.0,0,4,0
2026092812,maest,ambient_balanced,1.0,beta,94,246,0.13564441194534566,0.43712120803439575,-0.008057734472137534,0.003271051120889934,0,4,0
2026092812,maest,ambient_balanced,1.0,isotonic,94,246,0.1406071355596169,0.988497392097373,-0.003095010857866287,0.008233774735161181,0,4,0
2026092812,maest,ambient_balanced,1.0,ridge_platt,94,246,0.13280150752209352,0.42155010597441955,-0.01090063889538967,0.000428146697637799,0,4,0
2026092812,maest,unweighted,0.25,raw,24,57,0.13238431257675407,0.4197813590021194,0.0,-0.015219081567467818,0,4,0
2026092812,maest,unweighted,0.25,prior_offset,24,57,0.13238431257675407,0.4197813590021194,0.0,-0.015219081567467818,0,4,0
2026092812,maest,unweighted,0.25,temperature,24,57,0.13596732302402295,0.45372903890071564,0.003583010447268886,-0.011636071120198932,0,4,0
2026092812,maest,unweighted,0.25,platt,24,57,0.14760339414422188,0.49252093824291526,0.015219081567467818,0.0,0,4,0
2026092812,maest,unweighted,0.25,beta,24,57,0.14583965459220163,0.48877777229523506,0.013455342015447569,-0.0017637395520202492,0,4,3
2026092812,maest,unweighted,0.25,isotonic,24,57,0.156626264961493,2.442002976317184,0.024241952384738946,0.009022870817271128,0,4,0
2026092812,maest,unweighted,0.25,ridge_platt,24,57,0.1343038584250794,0.43972502405646,0.0019195458483253214,-0.013299535719142497,0,4,0
2026092812,maest,unweighted,0.5,raw,47,121,0.13238431257675407,0.4197813590021194,0.0,-0.006074645693296105,0,4,0
2026092812,maest,unweighted,0.5,prior_offset,47,121,0.13238431257675407,0.4197813590021194,0.0,-0.006074645693296105,0,4,0
2026092812,maest,unweighted,0.5,temperature,47,121,0.13579963240782,0.44488254527890436,0.0034153198310659383,-0.0026593258622301663,0,4,0
2026092812,maest,unweighted,0.5,platt,47,121,0.13845895827005017,0.4508749304295331,0.006074645693296105,0.0,0,4,0
2026092812,maest,unweighted,0.5,beta,47,121,0.13728887046238908,0.449895315219695,0.004904557885635014,-0.001170087807661091,0,4,1
2026092812,maest,unweighted,0.5,isotonic,47,121,0.1482766733446199,1.283509241176363,0.01589236076786585,0.009817715074569744,0,4,0
2026092812,maest,unweighted,0.5,ridge_platt,47,121,0.1341390274453793,0.4346980414560301,0.0017547148686252456,-0.004319930824670859,0,4,0
2026092812,maest,unweighted,1.0,raw,94,246,0.13238431257675407,0.4197813590021194,0.0,1.9369572923394474e-05,0,4,0
2026092812,maest,unweighted,1.0,prior_offset,94,246,0.13238431257675407,0.4197813590021194,0.0,1.9369572923394474e-05,0,4,0
2026092812,maest,unweighted,1.0,temperature,94,246,0.13272450900508342,0.42064269826214346,0.00034019642832935904,0.0003595660012527535,0,4,0
2026092812,maest,unweighted,1.0,platt,94,246,0.13236494300383067,0.42032723786807014,-1.9369572923394474e-05,0.0,0,4,0
2026092812,maest,unweighted,1.0,beta,94,246,0.1356298656727937,0.43711384882350296,0.003245553096039633,0.0032649226689630273,0,4,0
2026092812,maest,unweighted,1.0,isotonic,94,246,0.14093765198842134,0.9571050023169885,0.008553339411667277,0.008572708984590671,0,4,0
2026092812,maest,unweighted,1.0,ridge_platt,94,246,0.13244850760063995,0.42034351537279757,6.419502388588239e-05,8.356459680927686e-05,0,4,0
2026092812,mert_v0,ambient_balanced,0.25,raw,24,57,0.15210292198823103,0.469879900902534,0.0,0.012196918717205185,0,4,0
2026092812,mert_v0,ambient_balanced,0.25,prior_offset,24,57,0.13700452802137003,0.4350864221922159,-0.015098393966860996,-0.0029014752496558105,0,4,0
2026092812,mert_v0,ambient_balanced,0.25,temperature,24,57,0.15203907106106523,0.46901930222237637,-6.385092716579277e-05,0.012133067790039392,0,4,0
2026092812,mert_v0,ambient_balanced,0.25,platt,24,57,0.13990600327102584,0.4524725613999569,-0.012196918717205185,0.0,0,4,0
2026092812,mert_v0,ambient_balanced,0.25,beta,24,57,0.13974855436214365,0.4528082467493803,-0.012354367626087381,-0.0001574489088821962,0,4,4
2026092812,mert_v0,ambient_balanced,0.25,isotonic,24,57,0.15127114965051705,1.696878176797218,-0.0008317723377139763,0.011365146379491209,0,4,0
2026092812,mert_v0,ambient_balanced,0.25,ridge_platt,24,57,0.13751070629497011,0.43883787494904913,-0.014592215693260913,-0.0023952969760557274,0,4,0
2026092812,mert_v0,ambient_balanced,0.5,raw,47,121,0.15210292198823103,0.469879900902534,0.0,0.017385709797942323,0,4,0
2026092812,mert_v0,ambient_balanced,0.5,prior_offset,47,121,0.13700452802137003,0.4350864221922159,-0.015098393966860996,0.002287315831081327,0,4,0
2026092812,mert_v0,ambient_balanced,0.5,temperature,47,121,0.15078039804976806,0.4636743405143008,-0.0013225239384629661,0.016063185859479356,0,4,0
2026092812,mert_v0,ambient_balanced,0.5,platt,47,121,0.1347172121902887,0.43821920775863404,-0.017385709797942323,0.0,0,4,0
2026092812,mert_v0,ambient_balanced,0.5,beta,47,121,0.13335557992268576,0.43226230209987515,-0.018747342065545264,-0.0013616322676029413,0,4,2
2026092812,mert_v0,ambient_balanced,0.5,isotonic,47,121,0.14162695283725282,0.7427856907832352,-0.010475969150978204,0.006909740646964119,0,4,0
2026092812,mert_v0,ambient_balanced,0.5,ridge_platt,47,121,0.13769005842071635,0.4437573650840357,-0.014412863567514672,0.0029728462304276504,0,4,0
2026092812,mert_v0,ambient_balanced,1.0,raw,94,246,0.15210292198823103,0.469879900902534,0.0,0.017028897866327386,0,4,0
2026092812,mert_v0,ambient_balanced,1.0,prior_offset,94,246,0.13700452802137003,0.4350864221922159,-0.015098393966860996,0.0019305038994663903,0,4,0
2026092812,mert_v0,ambient_balanced,1.0,temperature,94,246,0.1518540258751741,0.4682951384288585,-0.0002488961130569234,0.016780001753270463,0,4,0
2026092812,mert_v0,ambient_balanced,1.0,platt,94,246,0.13507402412190364,0.43156701302348965,-0.017028897866327386,0.0,0,4,0
2026092812,mert_v0,ambient_balanced,1.0,beta,94,246,0.13521498255421543,0.43198883247827213,-0.016887939434015592,0.00014095843231179406,0,4,1
2026092812,mert_v0,ambient_balanced,1.0,isotonic,94,246,0.13908951685810783,0.6301828778642603,-0.013013405130123196,0.00401549273620419,0,4,0
2026092812,mert_v0,ambient_balanced,1.0,ridge_platt,94,246,0.13539821410430644,0.4329018509228123,-0.016704707883924585,0.0003241899824028005,0,4,0
2026092812,mert_v0,unweighted,0.25,raw,24,57,0.13698629832185902,0.434784327617118,0.0,-0.003167044429184057,0,4,0
2026092812,mert_v0,unweighted,0.25,prior_offset,24,57,0.13698629832185902,0.434784327617118,0.0,-0.003167044429184057,0,4,0
2026092812,mert_v0,unweighted,0.25,temperature,24,57,0.13870840328228443,0.4506516986799293,0.001722104960425408,-0.0014449394687586492,0,4,0
2026092812,mert_v0,unweighted,0.25,platt,24,57,0.14015334275104308,0.454595036753104,0.003167044429184057,0.0,0,4,0
2026092812,mert_v0,unweighted,0.25,beta,24,57,0.139958037349896,0.45286875924742703,0.0029717390280369904,-0.00019530540114706674,0,4,4
2026092812,mert_v0,unweighted,0.25,isotonic,24,57,0.15192105568449285,1.6974952243781183,0.014934757362633833,0.011767712933449775,0,4,0
2026092812,mert_v0,unweighted,0.25,ridge_platt,24,57,0.13747216264578416,0.43816096765538526,0.00048586432392513923,-0.002681180105258918,0,4,0
2026092812,mert_v0,unweighted,0.5,raw,47,121,0.13698629832185902,0.434784327617118,0.0,0.001743453554754082,0,4,0
2026092812,mert_v0,unweighted,0.5,prior_offset,47,121,0.13698629832185902,0.434784327617118,0.0,0.001743453554754082,0,4,0
2026092812,mert_v0,unweighted,0.5,temperature,47,121,0.13763500088510633,0.445133525692159,0.0006487025632473109,0.002392156118001393,0,4,0
2026092812,mert_v0,unweighted,0.5,platt,47,121,0.13524284476710494,0.4414503810099685,-0.001743453554754082,0.0,0,4,0
2026092812,mert_v0,unweighted,0.5,beta,47,121,0.13363384601599657,0.4346998601605676,-0.0033524523058624522,-0.0016089987511083703,0,4,2
2026092812,mert_v0,unweighted,0.5,isotonic,47,121,0.14284220846085954,0.8052654798114858,0.005855910139000525,0.007599363693754607,0,4,0
2026092812,mert_v0,unweighted,0.5,ridge_platt,47,121,0.13763867853770773,0.4421375727795764,0.000652380215848708,0.00239583377060279,0,4,0
2026092812,mert_v0,unweighted,1.0,raw,94,246,0.13698629832185902,0.434784327617118,0.0,0.0017301805016707028,0,4,0
2026092812,mert_v0,unweighted,1.0,prior_offset,94,246,0.13698629832185902,0.434784327617118,0.0,0.0017301805016707028,0,4,0
2026092812,mert_v0,unweighted,1.0,temperature,94,246,0.1366738555982141,0.4341584227712964,-0.0003124427236449179,0.001417737778025785,0,4,0
2026092812,mert_v0,unweighted,1.0,platt,94,246,0.13525611782018832,0.4318070582443575,-0.0017301805016707028,0.0,0,4,0
2026092812,mert_v0,unweighted,1.0,beta,94,246,0.13537294352972318,0.4322655345625554,-0.0016133547921358404,0.00011682570953486238,0,4,2
2026092812,mert_v0,unweighted,1.0,isotonic,94,246,0.13935966664398539,0.629868426670818,0.002373368322126368,0.004103548823797071,0,4,0
2026092812,mert_v0,unweighted,1.0,ridge_platt,94,246,0.1352866665315996,0.4323477125081575,-0.0016996317902594205,3.054871141128235e-05,0,4,0
2026092812,mert_v1,ambient_balanced,0.25,raw,24,57,0.15609270599515065,0.4783579747116902,0.0,0.0072965487003646134,0,4,0
2026092812,mert_v1,ambient_balanced,0.25,prior_offset,24,57,0.1395726554230801,0.44262768222390036,-0.016520050572070566,-0.009223501871705952,0,4,0
2026092812,mert_v1,ambient_balanced,0.25,temperature,24,57,0.1560103443471463,0.47661363906712534,-8.236164800434764e-05,0.007214187052360266,0,4,0
2026092812,mert_v1,ambient_balanced,0.25,platt,24,57,0.14879615729478604,0.4886476840448681,-0.0072965487003646134,0.0,0,4,0
2026092812,mert_v1,ambient_balanced,0.25,beta,24,57,0.14846412276481236,0.4825400551927256,-0.007628583230338298,-0.0003320345299736849,0,4,3
2026092812,mert_v1,ambient_balanced,0.25,isotonic,24,57,0.1620484368490777,1.842309352893613,0.005955730853927033,0.013252279554291646,0,4,0
2026092812,mert_v1,ambient_balanced,0.25,ridge_platt,24,57,0.140203964364601,0.4492183085437888,-0.015888741630549652,-0.008592192930185039,0,4,0
2026092812,mert_v1,ambient_balanced,0.5,raw,47,121,0.15609270599515065,0.4783579747116902,0.0,0.017896532760742295,0,4,0
2026092812,mert_v1,ambient_balanced,0.5,prior_offset,47,121,0.1395726554230801,0.44262768222390036,-0.016520050572070566,0.0013764821886717293,0,4,0
2026092812,mert_v1,ambient_balanced,0.5,temperature,47,121,0.15517428166624692,0.47465118008446505,-0.0009184243289037386,0.016978108431838557,0,4,0
2026092812,mert_v1,ambient_balanced,0.5,platt,47,121,0.13819617323440836,0.4471411479598209,-0.017896532760742295,0.0,0,4,0
2026092812,mert_v1,ambient_balanced,0.5,beta,47,121,0.13694070815703993,0.446631292233514,-0.019151997838110724,-0.0012554650773684284,0,4,3
2026092812,mert_v1,ambient_balanced,0.5,isotonic,47,121,0.14174508862477125,1.204396763852395,-0.0143476173703794,0.0035489153903628945,0,4,0
2026092812,mert_v1,ambient_balanced,0.5,ridge_platt,47,121,0.13950862048321905,0.4484964670255836,-0.016584085511931607,0.0013124472488106886,0,4,0
2026092812,mert_v1,ambient_balanced,1.0,raw,94,246,0.15609270599515065,0.4783579747116902,0.0,0.01804533412853379,0,4,0
2026092812,mert_v1,ambient_balanced,1.0,prior_offset,94,246,0.1395726554230801,0.44262768222390036,-0.016520050572070566,0.001525283556463225,0,4,0
2026092812,mert_v1,ambient_balanced,1.0,temperature,94,246,0.15598616465091056,0.4779041193136831,-0.00010654134424009643,0.017938792784293695,0,4,0
2026092812,mert_v1,ambient_balanced,1.0,platt,94,246,0.13804737186661686,0.44007192980564397,-0.01804533412853379,0.0,0,4,0
2026092812,mert_v1,ambient_balanced,1.0,beta,94,246,0.13773240442268547,0.4402426661306762,-0.018360301572465182,-0.000314967443931391,0,4,0
2026092812,mert_v1,ambient_balanced,1.0,isotonic,94,246,0.14070798141296564,0.5419157271234466,-0.015384724582185011,0.00266060954634878,0,4,0
2026092812,mert_v1,ambient_balanced,1.0,ridge_platt,94,246,0.137926699663116,0.43987519894818117,-0.018166006332034662,-0.00012067220350087116,0,4,0
2026092812,mert_v1,unweighted,0.25,raw,24,57,0.13929383309610371,0.44130967383564135,0.0,-0.009736293848499222,0,4,0
2026092812,mert_v1,unweighted,0.25,prior_offset,24,57,0.13929383309610371,0.44130967383564135,0.0,-0.009736293848499222,0,4,0
2026092812,mert_v1,unweighted,0.25,temperature,24,57,0.14080545183165974,0.46730966829156173,0.001511618735556025,-0.008224675112943197,0,4,0
2026092812,mert_v1,unweighted,0.25,platt,24,57,0.14903012694460294,0.4949018640441211,0.009736293848499222,0.0,0,4,0
2026092812,mert_v1,unweighted,0.25,beta,24,57,0.14927194558966106,0.4883773034595661,0.009978112493557345,0.00024181864505812278,0,4,3
2026092812,mert_v1,unweighted,0.25,isotonic,24,57,0.16215787073302462,1.9075234144296185,0.02286403763692091,0.013127743788421686,0,4,0
2026092812,mert_v1,unweighted,0.25,ridge_platt,24,57,0.139611879703541,0.44615783294969086,0.0003180466074372834,-0.009418247241061939,0,4,0
2026092812,mert_v1,unweighted,0.5,raw,47,121,0.13929383309610371,0.44130967383564135,0.0,0.0009999070875083838,0,4,0
2026092812,mert_v1,unweighted,0.5,prior_offset,47,121,0.13929383309610371,0.44130967383564135,0.0,0.0009999070875083838,0,4,0
2026092812,mert_v1,unweighted,0.5,temperature,47,121,0.13953439402791962,0.4516018576858304,0.000240560931815903,0.0012404680193242867,0,4,0
2026092812,mert_v1,unweighted,0.5,platt,47,121,0.13829392600859533,0.44941532384949057,-0.0009999070875083838,0.0,0,4,0
2026092812,mert_v1,unweighted,0.5,beta,47,121,0.13700790450716419,0.447635721376919,-0.0022859285889395287,-0.001286021501431145,0,4,4
2026092812,mert_v1,unweighted,0.5,isotonic,47,121,0.14151961587839532,1.2675078600629528,0.002225782782291602,0.003225689869799986,0,4,0
2026092812,mert_v1,unweighted,0.5,ridge_platt,47,121,0.13847860377392876,0.44066360384979403,-0.000815229322174954,0.00018467776533342972,0,4,0
2026092812,mert_v1,unweighted,1.0,raw,94,246,0.13929383309610371,0.44130967383564135,0.0,0.0014089752879762885,0,4,0
2026092812,mert_v1,unweighted,1.0,prior_offset,94,246,0.13929383309610371,0.44130967383564135,0.0,0.0014089752879762885,0,4,0
2026092812,mert_v1,unweighted,1.0,temperature,94,246,0.13900169391595035,0.4417548301309223,-0.00029213918015336127,0.0011168361078229272,0,4,0
2026092812,mert_v1,unweighted,1.0,platt,94,246,0.13788485780812743,0.439707028409829,-0.0014089752879762885,0.0,0,4,0
2026092812,mert_v1,unweighted,1.0,beta,94,246,0.13765525757424926,0.4400437046166793,-0.0016385755218544518,-0.0002296002338781633,0,4,1
2026092812,mert_v1,unweighted,1.0,isotonic,94,246,0.14022048192564562,0.5414391969690715,0.0009266488295419095,0.002335624117518198,0,4,0
2026092812,mert_v1,unweighted,1.0,ridge_platt,94,246,0.1374074968008629,0.4380173770602289,-0.0018863362952408202,-0.0004773610072645318,0,4,0
2026092813,maest,ambient_balanced,0.25,raw,24,54,0.1345848879384436,0.41547716315812133,0.0,-0.005779378716276096,0,4,0
2026092813,maest,ambient_balanced,0.25,prior_offset,24,54,0.12885757678820622,0.4022929223550341,-0.005727311150237363,-0.011506689866513459,0,4,0
2026092813,maest,ambient_balanced,0.25,temperature,24,54,0.13911378815971367,0.4336693121124671,0.004528900221270088,-0.0012504784950060077,0,4,0
2026092813,maest,ambient_balanced,0.25,platt,24,54,0.14036426665471968,0.441355045307661,0.005779378716276096,0.0,0,4,0
2026092813,maest,ambient_balanced,0.25,beta,24,54,0.14290898871280433,0.4537014266168733,0.008324100774360743,0.0025447220580846475,0,4,3
2026092813,maest,ambient_balanced,0.25,isotonic,24,54,0.1513305849397803,1.3215812728092702,0.016745697001336712,0.010966318285060617,0,4,0
2026092813,maest,ambient_balanced,0.25,ridge_platt,24,54,0.1348418423926503,0.4155592461030546,0.0002569544542067037,-0.005522424262069392,0,4,0
2026092813,maest,ambient_balanced,0.5,raw,47,109,0.1345848879384436,0.41547716315812133,0.0,0.005741871915553143,0,4,0
2026092813,maest,ambient_balanced,0.5,prior_offset,47,109,0.12885757678820622,0.4022929223550341,-0.005727311150237363,1.4560765315779767e-05,0,4,0
2026092813,maest,ambient_balanced,0.5,temperature,47,109,0.1354294014355412,0.41825522752883854,0.0008445134970976043,0.006586385412650747,0,4,0
2026092813,maest,ambient_balanced,0.5,platt,47,109,0.12884301602289044,0.4028672591625726,-0.005741871915553143,0.0,0,4,0
2026092813,maest,ambient_balanced,0.5,beta,47,109,0.12962300673651614,0.4138146395804243,-0.004961881201927448,0.0007799907136256945,0,4,2
2026092813,maest,ambient_balanced,0.5,isotonic,47,109,0.13300172209054872,0.7030229295300856,-0.001583165847894863,0.00415870606765828,0,4,0
2026092813,maest,ambient_balanced,0.5,ridge_platt,47,109,0.1285788424210039,0.40084414459289397,-0.00600604551743969,-0.00026417360188654704,0,4,0
2026092813,maest,ambient_balanced,1.0,raw,94,238,0.1345848879384436,0.41547716315812133,0.0,0.004310620487136069,0,4,0
2026092813,maest,ambient_balanced,1.0,prior_offset,94,238,0.12885757678820622,0.4022929223550341,-0.005727311150237363,-0.0014166906631012943,0,4,0
2026092813,maest,ambient_balanced,1.0,temperature,94,238,0.13528989111798145,0.41890974816488685,0.0007050031795378664,0.005015623666673935,0,4,0
2026092813,maest,ambient_balanced,1.0,platt,94,238,0.13027426745130752,0.4066049361671506,-0.004310620487136069,0.0,0,4,0
2026092813,maest,ambient_balanced,1.0,beta,94,238,0.13005266843764188,0.41033517466667,-0.00453221950080171,-0.00022159901366564094,0,4,0
2026092813,maest,ambient_balanced,1.0,isotonic,94,238,0.1329165969481504,0.5740659491304632,-0.0016682909902931975,0.0026423294968428712,0,4,0
2026092813,maest,ambient_balanced,1.0,ridge_platt,94,238,0.12824210953915902,0.39851676537009867,-0.006342778399284571,-0.0020321579121485023,0,4,0
2026092813,maest,unweighted,0.25,raw,24,54,0.12854084073893268,0.4001428460956493,0.0,-0.012439850949986564,0,4,0
2026092813,maest,unweighted,0.25,prior_offset,24,54,0.12854084073893268,0.4001428460956493,0.0,-0.012439850949986564,0,4,0
2026092813,maest,unweighted,0.25,temperature,24,54,0.13190052905010588,0.4109977144242789,0.003359688311173198,-0.009080162638813366,0,4,0
2026092813,maest,unweighted,0.25,platt,24,54,0.14098069168891925,0.44334095621531017,0.012439850949986564,0.0,0,4,0
2026092813,maest,unweighted,0.25,beta,24,54,0.14362523987576672,0.45310107705324476,0.015084399136834042,0.0026445481868474785,0,4,3
2026092813,maest,unweighted,0.25,isotonic,24,54,0.1517038733653529,1.3213322915777237,0.02316303262642022,0.010723181676433657,0,4,0
2026092813,maest,unweighted,0.25,ridge_platt,24,54,0.1314278888885102,0.4078019290937343,0.00288704814957752,-0.009552802800409044,0,4,0
2026092813,maest,unweighted,0.5,raw,47,109,0.12854084073893268,0.4001428460956493,0.0,-0.0007878507487484587,0,4,0
2026092813,maest,unweighted,0.5,prior_offset,47,109,0.12854084073893268,0.4001428460956493,0.0,-0.0007878507487484587,0,4,0
2026092813,maest,unweighted,0.5,temperature,47,109,0.12943865016718648,0.40249917454501416,0.000897809428253793,0.00010995867950533422,0,4,0
2026092813,maest,unweighted,0.5,platt,47,109,0.12932869148768114,0.40397532579727086,0.0007878507487484587,0.0,0,4,0
2026092813,maest,unweighted,0.5,beta,47,109,0.13049611022390248,0.41166922742232226,0.001955269484969796,0.0011674187362213373,0,4,2
2026092813,maest,unweighted,0.5,isotonic,47,109,0.13322641454319276,0.7016594799794966,0.004685573804260074,0.003897723055511615,0,4,0
2026092813,maest,unweighted,0.5,ridge_platt,47,109,0.12858649325730476,0.3999126126682644,4.5652518372074624e-05,-0.0007421982303763841,0,4,0
2026092813,maest,unweighted,1.0,raw,94,238,0.12854084073893268,0.4001428460956493,0.0,-0.0021841080190529716,0,4,0
2026092813,maest,unweighted,1.0,prior_offset,94,238,0.12854084073893268,0.4001428460956493,0.0,-0.0021841080190529716,0,4,0
2026092813,maest,unweighted,1.0,temperature,94,238,0.12966804165495405,0.4056781113888611,0.0011272009160213647,-0.0010569071030316068,0,4,0
2026092813,maest,unweighted,1.0,platt,94,238,0.13072494875798565,0.40782951286689867,0.0021841080190529716,0.0,0,4,0
2026092813,maest,unweighted,1.0,beta,94,238,0.13062798935619285,0.410085201064158,0.0020871486172601705,-9.695940179280105e-05,0,4,1
2026092813,maest,unweighted,1.0,isotonic,94,238,0.13439306323942615,0.5780191774571188,0.00585222250049347,0.0036681144814404987,0,4,0
2026092813,maest,unweighted,1.0,ridge_platt,94,238,0.12862165156306193,0.39929532001968054,8.081082412925156e-05,-0.00210329719492372,0,4,0
2026092813,mert_v0,ambient_balanced,0.25,raw,24,54,0.15518814696658698,0.47369080935259456,0.0,0.002699852432063332,0,4,0
2026092813,mert_v0,ambient_balanced,0.25,prior_offset,24,54,0.14416281790778213,0.44515393380020696,-0.01102532905880485,-0.008325476626741518,0,4,0
2026092813,mert_v0,ambient_balanced,0.25,temperature,24,54,0.16163680367937946,0.50470533400441,0.006448656712792489,0.009148509144855821,0,4,0
2026092813,mert_v0,ambient_balanced,0.25,platt,24,54,0.15248829453452364,0.4781275910678362,-0.002699852432063332,0.0,0,4,0
2026092813,mert_v0,ambient_balanced,0.25,beta,24,54,0.1528859665335766,0.48038329064169283,-0.0023021804330103646,0.0003976719990529676,0,4,2
2026092813,mert_v0,ambient_balanced,0.25,isotonic,24,54,0.1605149057807342,1.820477848538684,0.005326758814147237,0.008026611246210569,0,4,0
2026092813,mert_v0,ambient_balanced,0.25,ridge_platt,24,54,0.15047484728495483,0.46078228695803203,-0.004713299681632144,-0.0020134472495688116,0,4,0
2026092813,mert_v0,ambient_balanced,0.5,raw,47,109,0.15518814696658698,0.47369080935259456,0.0,0.011537474779576451,0,4,0
2026092813,mert_v0,ambient_balanced,0.5,prior_offset,47,109,0.14416281790778213,0.44515393380020696,-0.01102532905880485,0.0005121457207716007,0,4,0
2026092813,mert_v0,ambient_balanced,0.5,temperature,47,109,0.15622592027507567,0.4792621000433692,0.0010377733084886986,0.01257524808806515,0,4,0
2026092813,mert_v0,ambient_balanced,0.5,platt,47,109,0.14365067218701053,0.44568198406200843,-0.011537474779576451,0.0,0,4,0
2026092813,mert_v0,ambient_balanced,0.5,beta,47,109,0.14366414091637067,0.4478067669826792,-0.011524006050216307,1.3468729360144316e-05,0,4,2
2026092813,mert_v0,ambient_balanced,0.5,isotonic,47,109,0.1439878337450107,0.7805605611306121,-0.011200313221576275,0.00033716155800017633,0,4,0
2026092813,mert_v0,ambient_balanced,0.5,ridge_platt,47,109,0.14391724410903922,0.44500840261965624,-0.011270902857547754,0.0002665719220286966,0,4,0
2026092813,mert_v0,ambient_balanced,1.0,raw,94,238,0.15518814696658698,0.47369080935259456,0.0,0.011179250146003211,0,4,0
2026092813,mert_v0,ambient_balanced,1.0,prior_offset,94,238,0.14416281790778213,0.44515393380020696,-0.01102532905880485,0.00015392108719836095,0,4,0
2026092813,mert_v0,ambient_balanced,1.0,temperature,94,238,0.15509197251550305,0.4738932712538691,-9.617445108392464e-05,0.011083075694919287,0,4,0
2026092813,mert_v0,ambient_balanced,1.0,platt,94,238,0.14400889682058376,0.4443800513459254,-0.011179250146003211,0.0,0,4,0
2026092813,mert_v0,ambient_balanced,1.0,beta,94,238,0.14334308797992193,0.44426516304058666,-0.011845058986665047,-0.0006658088406618357,0,4,2
2026092813,mert_v0,ambient_balanced,1.0,isotonic,94,238,0.14360709991450804,0.5112505653691581,-0.011581047052078935,-0.00040179690607572427,0,4,0
2026092813,mert_v0,ambient_balanced,1.0,ridge_platt,94,238,0.14275366266973355,0.44010738247506764,-0.012434484296853426,-0.0012552341508502152,0,4,0
2026092813,mert_v0,unweighted,0.25,raw,24,54,0.1441094315387052,0.44550817542454946,0.0,-0.009435478296327154,0,4,0
2026092813,mert_v0,unweighted,0.25,prior_offset,24,54,0.1441094315387052,0.44550817542454946,0.0,-0.009435478296327154,0,4,0
2026092813,mert_v0,unweighted,0.25,temperature,24,54,0.14946510570006283,0.47103609664137575,0.005355674161357626,-0.004079804134969528,0,4,0
2026092813,mert_v0,unweighted,0.25,platt,24,54,0.15354490983503236,0.48050771536617953,0.009435478296327154,0.0,0,4,0
2026092813,mert_v0,unweighted,0.25,beta,24,54,0.15451570499084116,0.48396261722194245,0.010406273452135961,0.0009707951558088068,0,4,2
2026092813,mert_v0,unweighted,0.25,isotonic,24,54,0.16332946816658156,1.657233402668683,0.019220036627876358,0.009784558331549204,0,4,0
2026092813,mert_v0,unweighted,0.25,ridge_platt,24,54,0.15101429481437706,0.4619755206072684,0.0069048632756718575,-0.002530615020655297,0,4,0
2026092813,mert_v0,unweighted,0.5,raw,47,109,0.1441094315387052,0.44550817542454946,0.0,0.0002571523030796552,0,4,0
2026092813,mert_v0,unweighted,0.5,prior_offset,47,109,0.1441094315387052,0.44550817542454946,0.0,0.0002571523030796552,0,4,0
2026092813,mert_v0,unweighted,0.5,temperature,47,109,0.14516311959334594,0.44995260312157226,0.0010536880546407335,0.0013108403577203886,0,4,0
2026092813,mert_v0,unweighted,0.5,platt,47,109,0.14385227923562555,0.44641632031418477,-0.0002571523030796552,0.0,0,4,0
2026092813,mert_v0,unweighted,0.5,beta,47,109,0.14424121668880974,0.4482913931370486,0.0001317851501045353,0.0003889374531841905,0,4,2
2026092813,mert_v0,unweighted,0.5,isotonic,47,109,0.14556211177531558,0.7520145707685569,0.001452680236610382,0.0017098325396900371,0,4,0
2026092813,mert_v0,unweighted,0.5,ridge_platt,47,109,0.14351584871263756,0.4446707888058188,-0.0005935828260676401,-0.0003364305229879849,0,4,0
2026092813,mert_v0,unweighted,1.0,raw,94,238,0.1441094315387052,0.44550817542454946,0.0,-0.00011225139795562056,0,4,0
2026092813,mert_v0,unweighted,1.0,prior_offset,94,238,0.1441094315387052,0.44550817542454946,0.0,-0.00011225139795562056,0,4,0
2026092813,mert_v0,unweighted,1.0,temperature,94,238,0.144567405430958,0.44678009489836795,0.00045797389225279983,0.00034572249429717927,0,4,0
2026092813,mert_v0,unweighted,1.0,platt,94,238,0.14422168293666082,0.4452626698512573,0.00011225139795562056,0.0,0,4,0
2026092813,mert_v0,unweighted,1.0,beta,94,238,0.14388940416992074,0.4454289973318562,-0.00022002736878445894,-0.0003322787667400795,0,4,2
2026092813,mert_v0,unweighted,1.0,isotonic,94,238,0.14449690442913124,0.5138022649729069,0.0003874728904260383,0.0002752214924704177,0,4,0
2026092813,mert_v0,unweighted,1.0,ridge_platt,94,238,0.14295100831073176,0.44109603421547194,-0.0011584232279734374,-0.001270674625929058,0,4,0
2026092813,mert_v1,ambient_balanced,0.25,raw,24,54,0.15663290282879977,0.4788640595489023,0.0,-0.0006921518998228293,0,4,0
2026092813,mert_v1,ambient_balanced,0.25,prior_offset,24,54,0.14528669294624855,0.44967962146021895,-0.011346209882551223,-0.012038361782374052,0,4,0
2026092813,mert_v1,ambient_balanced,0.25,temperature,24,54,0.1636373976741584,0.5281375049235907,0.007004494845358644,0.006312342945535815,0,4,0
2026092813,mert_v1,ambient_balanced,0.25,platt,24,54,0.1573250547286226,0.5100066865333667,0.0006921518998228293,0.0,0,4,0
2026092813,mert_v1,ambient_balanced,0.25,beta,24,54,0.15738401580357253,0.5189790019381395,0.0007511129747727607,5.8961074949931414e-05,0,4,3
2026092813,mert_v1,ambient_balanced,0.25,isotonic,24,54,0.16485327966246205,2.0023888253451516,0.00822037683366228,0.00752822493383945,0,4,0
2026092813,mert_v1,ambient_balanced,0.25,ridge_platt,24,54,0.15374785327446752,0.474679936296843,-0.0028850495543322474,-0.0035772014541550767,0,4,0
2026092813,mert_v1,ambient_balanced,0.5,raw,47,109,0.15663290282879977,0.4788640595489023,0.0,0.010614987014148786,0,4,0
2026092813,mert_v1,ambient_balanced,0.5,prior_offset,47,109,0.14528669294624855,0.44967962146021895,-0.011346209882551223,-0.0007312228684024369,0,4,0
2026092813,mert_v1,ambient_balanced,0.5,temperature,47,109,0.15799009248655915,0.4881313532409325,0.0013571896577593834,0.011972176671908169,0,4,0
2026092813,mert_v1,ambient_balanced,0.5,platt,47,109,0.14601791581465098,0.4549306236452905,-0.010614987014148786,0.0,0,4,0
2026092813,mert_v1,ambient_balanced,0.5,beta,47,109,0.14490889074135133,0.45728900069730216,-0.011724012087448443,-0.0011090250732996576,0,4,3
2026092813,mert_v1,ambient_balanced,0.5,isotonic,47,109,0.15110488645642473,0.6658804751244173,-0.005528016372375044,0.0050869706417737415,0,4,0
2026092813,mert_v1,ambient_balanced,0.5,ridge_platt,47,109,0.14648461066668747,0.4522629036118745,-0.010148292162112299,0.00046669485203648664,0,4,0
2026092813,mert_v1,ambient_balanced,1.0,raw,94,238,0.15663290282879977,0.4788640595489023,0.0,0.011674375152585237,0,4,0
2026092813,mert_v1,ambient_balanced,1.0,prior_offset,94,238,0.14528669294624855,0.44967962146021895,-0.011346209882551223,0.0003281652700340143,0,4,0
2026092813,mert_v1,ambient_balanced,1.0,temperature,94,238,0.15646823819838782,0.4793304425354939,-0.00016466463041195367,0.011509710522173283,0,4,0
2026092813,mert_v1,ambient_balanced,1.0,platt,94,238,0.14495852767621453,0.4484792409798554,-0.011674375152585237,0.0,0,4,0
2026092813,mert_v1,ambient_balanced,1.0,beta,94,238,0.143702953853166,0.4481093651990159,-0.012929948975633765,-0.001255573823048528,0,4,1
2026092813,mert_v1,ambient_balanced,1.0,isotonic,94,238,0.14747674833609006,0.5528046124251147,-0.009156154492709706,0.002518220659875531,0,4,0
2026092813,mert_v1,ambient_balanced,1.0,ridge_platt,94,238,0.14443045044461295,0.44662064079349895,-0.012202452384186824,-0.0005280772316015869,0,4,0
2026092813,mert_v1,unweighted,0.25,raw,24,54,0.14511233706385407,0.4494974785161379,0.0,-0.012211138403795618,0,4,0
2026092813,mert_v1,unweighted,0.25,prior_offset,24,54,0.14511233706385407,0.4494974785161379,0.0,-0.012211138403795618,0,4,0
2026092813,mert_v1,unweighted,0.25,temperature,24,54,0.14942759078397608,0.4814103423832671,0.004315253720122009,-0.00789588468367361,0,4,0
2026092813,mert_v1,unweighted,0.25,platt,24,54,0.1573234754676497,0.5077158877201982,0.012211138403795618,0.0,0,4,0
2026092813,mert_v1,unweighted,0.25,beta,24,54,0.15791421472592498,0.5172632826661226,0.012801877662070915,0.0005907392582752968,0,4,3
2026092813,mert_v1,unweighted,0.25,isotonic,24,54,0.16406954631857057,2.1018837936859254,0.0189572092547165,0.006746070850920882,0,4,0
2026092813,mert_v1,unweighted,0.25,ridge_platt,24,54,0.14948568388775912,0.4606292039166829,0.0043733468239050555,-0.007837791579890563,0,4,0
2026092813,mert_v1,unweighted,0.5,raw,47,109,0.14511233706385407,0.4494974785161379,0.0,-0.0012625761161914884,0,4,0
2026092813,mert_v1,unweighted,0.5,prior_offset,47,109,0.14511233706385407,0.4494974785161379,0.0,-0.0012625761161914884,0,4,0
2026092813,mert_v1,unweighted,0.5,temperature,47,109,0.14616018382107465,0.4546726609741961,0.001047846757220583,-0.0002147293589709054,0,4,0
2026092813,mert_v1,unweighted,0.5,platt,47,109,0.14637491318004556,0.4554449944767242,0.0012625761161914884,0.0,0,4,0
2026092813,mert_v1,unweighted,0.5,beta,47,109,0.14595884551799987,0.45692909687934513,0.0008465084541458001,-0.00041606766204568824,0,4,3
2026092813,mert_v1,unweighted,0.5,isotonic,47,109,0.14944476072343393,0.7291040555458763,0.004332423659579865,0.0030698475433883765,0,4,0
2026092813,mert_v1,unweighted,0.5,ridge_platt,47,109,0.14526960871924585,0.44937044771362344,0.000157271655391783,-0.0011053044607997053,0,4,0
2026092813,mert_v1,unweighted,1.0,raw,94,238,0.14511233706385407,0.4494974785161379,0.0,8.800820874238502e-05,0,4,0
2026092813,mert_v1,unweighted,1.0,prior_offset,94,238,0.14511233706385407,0.4494974785161379,0.0,8.800820874238502e-05,0,4,0
2026092813,mert_v1,unweighted,1.0,temperature,94,238,0.14552450567073275,0.4503796180983371,0.00041216860687867674,0.0005001768156210618,0,4,0
2026092813,mert_v1,unweighted,1.0,platt,94,238,0.14502432885511168,0.4485634380571026,-8.800820874238502e-05,0.0,0,4,0
2026092813,mert_v1,unweighted,1.0,beta,94,238,0.14441004795846185,0.4479905256756002,-0.0007022891053922176,-0.0006142808966498325,0,4,1
2026092813,mert_v1,unweighted,1.0,isotonic,94,238,0.14750820313408508,0.5529439254499541,0.002395866070231012,0.002483874278973397,0,4,0
2026092813,mert_v1,unweighted,1.0,ridge_platt,94,238,0.14423540583629516,0.4464561342824235,-0.0008769312275589136,-0.0007889230188165286,0,4,0
2026092814,maest,ambient_balanced,0.25,raw,24,60,0.13974561418700465,0.4389878775444871,0.0,-0.00851046128480562,0,4,0
2026092814,maest,ambient_balanced,0.25,prior_offset,24,60,0.1333679043812847,0.4266393795818239,-0.006377709805719944,-0.014888171090525565,0,4,0
2026092814,maest,ambient_balanced,0.25,temperature,24,60,0.1428337234211883,0.4474645516877336,0.0030881092341836502,-0.00542235205062197,0,4,0
2026092814,maest,ambient_balanced,0.25,platt,24,60,0.14825607547181027,0.46513355304488546,0.00851046128480562,0.0,0,4,0
2026092814,maest,ambient_balanced,0.25,beta,24,60,0.14778590614503836,0.47039278157325226,0.008040291958033713,-0.0004701693267719076,0,4,1
2026092814,maest,ambient_balanced,0.25,isotonic,24,60,0.15632844923835965,1.6683311199729156,0.016582835051354994,0.008072373766549373,0,4,0
2026092814,maest,ambient_balanced,0.25,ridge_platt,24,60,0.13452725384364564,0.43249293530150434,-0.005218360343359013,-0.013728821628164634,0,4,0
2026092814,maest,ambient_balanced,0.5,raw,47,118,0.13974561418700465,0.4389878775444871,0.0,-0.0006937885051169768,0,4,0
2026092814,maest,ambient_balanced,0.5,prior_offset,47,118,0.1333679043812847,0.4266393795818239,-0.006377709805719944,-0.007071498310836921,0,4,0
2026092814,maest,ambient_balanced,0.5,temperature,47,118,0.1409263574130966,0.4432149608162771,0.0011807432260919348,0.00048695472097495807,0,4,0
2026092814,maest,ambient_balanced,0.5,platt,47,118,0.14043940269212163,0.4401629681391346,0.0006937885051169768,0.0,0,4,0
2026092814,maest,ambient_balanced,0.5,beta,47,118,0.1424076829764525,0.45801954546383417,0.002662068789447858,0.001968280284330881,0,4,2
2026092814,maest,ambient_balanced,0.5,isotonic,47,118,0.1514200324774062,1.378203688379487,0.011674418290401556,0.010980629785284579,0,4,0
2026092814,maest,ambient_balanced,0.5,ridge_platt,47,118,0.13388628631124913,0.42577504194215865,-0.005859327875755521,-0.006553116380872498,0,4,0
2026092814,maest,ambient_balanced,1.0,raw,94,228,0.13974561418700465,0.4389878775444871,0.0,0.005965609517853299,0,4,0
2026092814,maest,ambient_balanced,1.0,prior_offset,94,228,0.1333679043812847,0.4266393795818239,-0.006377709805719944,-0.00041210028786664576,0,4,0
2026092814,maest,ambient_balanced,1.0,temperature,94,228,0.1405444783365539,0.44063284503142547,0.0007988641495492443,0.006764473667402543,0,4,0
2026092814,maest,ambient_balanced,1.0,platt,94,228,0.13378000466915135,0.42408093975466166,-0.005965609517853299,0.0,0,4,0
2026092814,maest,ambient_balanced,1.0,beta,94,228,0.13467428933047138,0.42416908030091083,-0.005071324856533277,0.0008942846613200217,0,4,1
2026092814,maest,ambient_balanced,1.0,isotonic,94,228,0.13894941384142917,0.6553566383623509,-0.0007962003455754818,0.005169409172277817,0,4,0
2026092814,maest,ambient_balanced,1.0,ridge_platt,94,228,0.13318905480644433,0.4247186730285707,-0.006556559380560323,-0.0005909498627070242,0,4,0
2026092814,maest,unweighted,0.25,raw,24,60,0.13218612426642556,0.42130880503584334,0.0,-0.015428485925131102,0,4,0
2026092814,maest,unweighted,0.25,prior_offset,24,60,0.13218612426642556,0.42130880503584334,0.0,-0.015428485925131102,0,4,0
2026092814,maest,unweighted,0.25,temperature,24,60,0.13445577181935361,0.42929906289942366,0.00226964755292805,-0.013158838372203052,0,4,0
2026092814,maest,unweighted,0.25,platt,24,60,0.14761461019155667,0.46197029658904176,0.015428485925131102,0.0,0,4,0
2026092814,maest,unweighted,0.25,beta,24,60,0.1471224161076926,0.4674162405135475,0.014936291841267046,-0.0004921940838640559,0,4,1
2026092814,maest,unweighted,0.25,isotonic,24,60,0.15725851555703443,1.7952168305517076,0.02507239129060887,0.009643905365477767,0,4,0
2026092814,maest,unweighted,0.25,ridge_platt,24,60,0.13231767647797546,0.42196475837384473,0.00013155221154989571,-0.015296933713581207,0,4,0
2026092814,maest,unweighted,0.5,raw,47,118,0.13218612426642556,0.42130880503584334,0.0,-0.007575902625397479,0,4,0
2026092814,maest,unweighted,0.5,prior_offset,47,118,0.13218612426642556,0.42130880503584334,0.0,-0.007575902625397479,0,4,0
2026092814,maest,unweighted,0.5,temperature,47,118,0.1320098086752302,0.4201788154440188,-0.0001763155911953529,-0.007752218216592832,0,4,0
2026092814,maest,unweighted,0.5,platt,47,118,0.13976202689182304,0.4379979219558072,0.007575902625397479,0.0,0,4,0
2026092814,maest,unweighted,0.5,beta,47,118,0.14155899663072694,0.45442651036768567,0.009372872364301371,0.0017969697389038919,0,4,3
2026092814,maest,unweighted,0.5,isotonic,47,118,0.1487841831302309,1.369797032577201,0.01659805886380533,0.009022156238407852,0,4,0
2026092814,maest,unweighted,0.5,ridge_platt,47,118,0.13218612426642556,0.42130880503584334,0.0,-0.007575902625397479,0,4,0
2026092814,maest,unweighted,1.0,raw,94,228,0.13218612426642556,0.42130880503584334,0.0,-0.001020027103957405,0,4,0
2026092814,maest,unweighted,1.0,prior_offset,94,228,0.13218612426642556,0.42130880503584334,0.0,-0.001020027103957405,0,4,0
2026092814,maest,unweighted,1.0,temperature,94,228,0.13266108350601521,0.4224833599130795,0.0004749592395896507,-0.0005450678643677542,0,4,0
2026092814,maest,unweighted,1.0,platt,94,228,0.13320615137038297,0.42220827285153917,0.001020027103957405,0.0,0,4,0
2026092814,maest,unweighted,1.0,beta,94,228,0.13407485425935867,0.4223500818244379,0.0018887299929331025,0.0008687028889756976,0,4,2
2026092814,maest,unweighted,1.0,isotonic,94,228,0.13806002643180781,0.6833748224210685,0.00587390216538225,0.004853875061424845,0,4,0
2026092814,maest,unweighted,1.0,ridge_platt,94,228,0.13230185083416907,0.421858972552007,0.00011572656774350154,-0.0009043005362139034,0,4,0
2026092814,mert_v0,ambient_balanced,0.25,raw,24,60,0.15304029132990937,0.4760717979277569,0.0,-0.0015720779922336614,0,4,0
2026092814,mert_v0,ambient_balanced,0.25,prior_offset,24,60,0.14295774954868998,0.45173060481181504,-0.010082541781219395,-0.011654619773453057,0,4,0
2026092814,mert_v0,ambient_balanced,0.25,temperature,24,60,0.15334464911370554,0.4730892538406791,0.00030435778379617195,-0.0012677202084374894,0,4,0
2026092814,mert_v0,ambient_balanced,0.25,platt,24,60,0.15461236932214303,0.4794779368903668,0.0015720779922336614,0.0,0,4,0
2026092814,mert_v0,ambient_balanced,0.25,beta,24,60,0.1561989432029129,0.4916659538151699,0.003158651873003515,0.0015865738807698537,0,4,2
2026092814,mert_v0,ambient_balanced,0.25,isotonic,24,60,0.16979192349493377,1.5112660574786931,0.0167516321650244,0.015179554172790738,0,4,0
2026092814,mert_v0,ambient_balanced,0.25,ridge_platt,24,60,0.14408360129031153,0.4544360934599265,-0.008956690039597842,-0.010528768031831504,0,4,0
2026092814,mert_v0,ambient_balanced,0.5,raw,47,118,0.15304029132990937,0.4760717979277569,0.0,0.007112940399816942,0,4,0
2026092814,mert_v0,ambient_balanced,0.5,prior_offset,47,118,0.14295774954868998,0.45173060481181504,-0.010082541781219395,-0.0029696013814024536,0,4,0
2026092814,mert_v0,ambient_balanced,0.5,temperature,47,118,0.152475186377445,0.47597836330236865,-0.0005651049524643681,0.0065478354473525735,0,4,0
2026092814,mert_v0,ambient_balanced,0.5,platt,47,118,0.14592735093009243,0.4599534959997702,-0.007112940399816942,0.0,0,4,0
2026092814,mert_v0,ambient_balanced,0.5,beta,47,118,0.145807692368157,0.4698023777742727,-0.007232598961752379,-0.00011965856193543734,0,4,3
2026092814,mert_v0,ambient_balanced,0.5,isotonic,47,118,0.1544864203762749,1.255053193349026,0.0014461290463655407,0.008559069446182482,0,4,0
2026092814,mert_v0,ambient_balanced,0.5,ridge_platt,47,118,0.1427737932273225,0.4493064973606246,-0.010266498102586868,-0.003153557702769927,0,4,0
2026092814,mert_v0,ambient_balanced,1.0,raw,94,228,0.15304029132990937,0.4760717979277569,0.0,0.011169775181687436,0,4,0
2026092814,mert_v0,ambient_balanced,1.0,prior_offset,94,228,0.14295774954868998,0.45173060481181504,-0.010082541781219395,0.0010872334004680406,0,4,0
2026092814,mert_v0,ambient_balanced,1.0,temperature,94,228,0.15244006375036856,0.47348626281784467,-0.000600227579540813,0.010569547602146623,0,4,0
2026092814,mert_v0,ambient_balanced,1.0,platt,94,228,0.14187051614822194,0.44615762284106864,-0.011169775181687436,0.0,0,4,0
2026092814,mert_v0,ambient_balanced,1.0,beta,94,228,0.14298644479631284,0.4493111418637027,-0.010053846533596533,0.0011159286480909025,0,4,4
2026092814,mert_v0,ambient_balanced,1.0,isotonic,94,228,0.1454048004268595,0.827493445113414,-0.00763549090304988,0.003534284278637556,0,4,0
2026092814,mert_v0,ambient_balanced,1.0,ridge_platt,94,228,0.14285196561929495,0.4509575111673161,-0.010188325710614426,0.0009814494710730093,0,4,0
2026092814,mert_v0,unweighted,0.25,raw,24,60,0.14268372009235006,0.45086701997917894,0.0,-0.01194632203194107,0,4,0
2026092814,mert_v0,unweighted,0.25,prior_offset,24,60,0.14268372009235006,0.45086701997917894,0.0,-0.01194632203194107,0,4,0
2026092814,mert_v0,unweighted,0.25,temperature,24,60,0.14311687436642698,0.4486274010395157,0.000433154274076919,-0.011513167757864151,0,4,0
2026092814,mert_v0,unweighted,0.25,platt,24,60,0.15463004212429113,0.4797232449240976,0.01194632203194107,0.0,0,4,0
2026092814,mert_v0,unweighted,0.25,beta,24,60,0.15626411134865775,0.4921204808458617,0.013580391256307695,0.0016340692243666244,0,4,2
2026092814,mert_v0,unweighted,0.25,isotonic,24,60,0.16953976721153108,1.4801181178668643,0.02685604711918102,0.01490972508723995,0,4,0
2026092814,mert_v0,unweighted,0.25,ridge_platt,24,60,0.1436660392082391,0.45299757662213586,0.0009823191158890299,-0.01096400291605204,0,4,0
2026092814,mert_v0,unweighted,0.5,raw,47,118,0.14268372009235006,0.45086701997917894,0.0,-0.003317394440447513,0,4,0
2026092814,mert_v0,unweighted,0.5,prior_offset,47,118,0.14268372009235006,0.45086701997917894,0.0,-0.003317394440447513,0,4,0
2026092814,mert_v0,unweighted,0.5,temperature,47,118,0.14139240772591488,0.44843335969619047,-0.0012913123664351767,-0.00460870680688269,0,4,0
2026092814,mert_v0,unweighted,0.5,platt,47,118,0.14600111453279757,0.4601569170486115,0.003317394440447513,0.0,0,4,0
2026092814,mert_v0,unweighted,0.5,beta,47,118,0.1459575231795644,0.47009704849550504,0.0032738030872143387,-4.3591353233174424e-05,0,4,3
2026092814,mert_v0,unweighted,0.5,isotonic,47,118,0.15415705071367303,1.223159436301298,0.011473330621322969,0.008155936180875456,0,4,0
2026092814,mert_v0,unweighted,0.5,ridge_platt,47,118,0.14215794841165735,0.4484604251009248,-0.0005257716806927049,-0.003843166121140218,0,4,0
2026092814,mert_v0,unweighted,1.0,raw,94,228,0.14268372009235006,0.45086701997917894,0.0,0.0007421276515985342,0,4,0
2026092814,mert_v0,unweighted,1.0,prior_offset,94,228,0.14268372009235006,0.45086701997917894,0.0,0.0007421276515985342,0,4,0
2026092814,mert_v0,unweighted,1.0,temperature,94,228,0.14196115804520337,0.44812393265398576,-0.0007225620471466854,1.956560445184885e-05,0,4,0
2026092814,mert_v0,unweighted,1.0,platt,94,228,0.14194159244075152,0.4463565448583757,-0.0007421276515985342,0.0,0,4,0
2026092814,mert_v0,unweighted,1.0,beta,94,228,0.1430821835743841,0.44916033517361953,0.00039846348203403936,0.0011405911336325736,0,4,4
2026092814,mert_v0,unweighted,1.0,isotonic,94,228,0.14508071040072779,0.7962477787026706,0.0023969903083777278,0.003139117959976262,0,4,0
2026092814,mert_v0,unweighted,1.0,ridge_platt,94,228,0.14252215617042188,0.4504042811198957,-0.00016156392192817615,0.0005805637296703581,0,4,0
2026092814,mert_v1,ambient_balanced,0.25,raw,24,60,0.15444483102040105,0.47892877218728663,0.0,-0.0012442672710729352,0,4,0
2026092814,mert_v1,ambient_balanced,0.25,prior_offset,24,60,0.14293520550543143,0.45123395475745176,-0.011509625514969618,-0.012753892786042553,0,4,0
2026092814,mert_v1,ambient_balanced,0.25,temperature,24,60,0.1555622544777978,0.4796753564139791,0.0011174234573967656,-0.0001268438136761696,0,4,0
2026092814,mert_v1,ambient_balanced,0.25,platt,24,60,0.15568909829147398,0.48621362329474904,0.0012442672710729352,0.0,0,4,0
2026092814,mert_v1,ambient_balanced,0.25,beta,24,60,0.15588455541721807,0.486298773725888,0.001439724396817027,0.0001954571257440918,0,4,1
2026092814,mert_v1,ambient_balanced,0.25,isotonic,24,60,0.17346926486825257,1.9727652244916287,0.01902443384785152,0.017780166576778583,0,4,0
2026092814,mert_v1,ambient_balanced,0.25,ridge_platt,24,60,0.14302584791656844,0.45202057812421076,-0.011418983103832603,-0.012663250374905538,0,4,0
2026092814,mert_v1,ambient_balanced,0.5,raw,47,118,0.15444483102040105,0.47892877218728663,0.0,0.006174067912438602,0,4,0
2026092814,mert_v1,ambient_balanced,0.5,prior_offset,47,118,0.14293520550543143,0.45123395475745176,-0.011509625514969618,-0.005335557602531016,0,4,0
2026092814,mert_v1,ambient_balanced,0.5,temperature,47,118,0.15497021812881112,0.4832101282164526,0.0005253871084100747,0.006699455020848677,0,4,0
2026092814,mert_v1,ambient_balanced,0.5,platt,47,118,0.14827076310796244,0.47129521431741084,-0.006174067912438602,0.0,0,4,0
2026092814,mert_v1,ambient_balanced,0.5,beta,47,118,0.14898054090893603,0.4747107345074837,-0.005464290111465014,0.0007097778009735878,0,4,2
2026092814,mert_v1,ambient_balanced,0.5,isotonic,47,118,0.16232725165925913,1.5953433447601553,0.007882420638858079,0.01405648855129668,0,4,0
2026092814,mert_v1,ambient_balanced,0.5,ridge_platt,47,118,0.1479352617937169,0.4693167177550814,-0.0065095692266841365,-0.0003355013142455343,0,4,0
2026092814,mert_v1,ambient_balanced,1.0,raw,94,228,0.15444483102040105,0.47892877218728663,0.0,0.012592912342003437,0,4,0
2026092814,mert_v1,ambient_balanced,1.0,prior_offset,94,228,0.14293520550543143,0.45123395475745176,-0.011509625514969618,0.0010832868270338192,0,4,0
2026092814,mert_v1,ambient_balanced,1.0,temperature,94,228,0.1538734700633926,0.4764624663187491,-0.0005713609570084377,0.012021551384995,0,4,0
2026092814,mert_v1,ambient_balanced,1.0,platt,94,228,0.1418519186783976,0.44710451046524163,-0.012592912342003437,0.0,0,4,0
2026092814,mert_v1,ambient_balanced,1.0,beta,94,228,0.14316543708900697,0.4504796027481792,-0.011279393931394072,0.0013135184106093656,0,4,3
2026092814,mert_v1,ambient_balanced,1.0,isotonic,94,228,0.14706101691525336,0.7133138364871637,-0.007383814105147685,0.005209098236855753,0,4,0
2026092814,mert_v1,ambient_balanced,1.0,ridge_platt,94,228,0.1428436061826695,0.4507989386387534,-0.011601224837731544,0.0009916875042718931,0,4,0
2026092814,mert_v1,unweighted,0.25,raw,24,60,0.1428715350259768,0.45126522002572406,0.0,-0.012932903680126145,0,4,0
2026092814,mert_v1,unweighted,0.25,prior_offset,24,60,0.1428715350259768,0.45126522002572406,0.0,-0.012932903680126145,0,4,0
2026092814,mert_v1,unweighted,0.25,temperature,24,60,0.1432336311979104,0.45074379114841284,0.00036209617193361243,-0.012570807508192533,0,4,0
2026092814,mert_v1,unweighted,0.25,platt,24,60,0.15580443870610294,0.4869032977746207,0.012932903680126145,0.0,0,4,0
2026092814,mert_v1,unweighted,0.25,beta,24,60,0.15608010161690153,0.487072658405395,0.01320856659092473,0.0002756629107985853,0,4,1
2026092814,mert_v1,unweighted,0.25,isotonic,24,60,0.17344473067299804,1.9425507791672945,0.03057319564702124,0.017640291966895094,0,4,0
2026092814,mert_v1,unweighted,0.25,ridge_platt,24,60,0.14254323385676163,0.450206872750753,-0.0003283011692151727,-0.013261204849341318,0,4,0
2026092814,mert_v1,unweighted,0.5,raw,47,118,0.1428715350259768,0.45126522002572406,0.0,-0.005561376411152258,0,4,0
2026092814,mert_v1,unweighted,0.5,prior_offset,47,118,0.1428715350259768,0.45126522002572406,0.0,-0.005561376411152258,0,4,0
2026092814,mert_v1,unweighted,0.5,temperature,47,118,0.1427326857209783,0.45411211211934566,-0.00013884930499849513,-0.005700225716150753,0,4,0
2026092814,mert_v1,unweighted,0.5,platt,47,118,0.14843291143712906,0.4719632789776081,0.005561376411152258,0.0,0,4,0
2026092814,mert_v1,unweighted,0.5,beta,47,118,0.14898783543305805,0.4750410139628904,0.006116300407081249,0.0005549239959289909,0,4,2
2026092814,mert_v1,unweighted,0.5,isotonic,47,118,0.16189280199582062,1.5932601557883246,0.019021266969843825,0.013459890558691567,0,4,0
2026092814,mert_v1,unweighted,0.5,ridge_platt,47,118,0.14745413824815815,0.4689507893806139,0.004582603222181347,-0.0009787731889709106,0,4,0
2026092814,mert_v1,unweighted,1.0,raw,94,228,0.1428715350259768,0.45126522002572406,0.0,0.0008982756341892606,0,4,0
2026092814,mert_v1,unweighted,1.0,prior_offset,94,228,0.1428715350259768,0.45126522002572406,0.0,0.0008982756341892606,0,4,0
2026092814,mert_v1,unweighted,1.0,temperature,94,228,0.1425794144400282,0.4508009715569222,-0.000292120585948602,0.0006061550482406586,0,4,0
2026092814,mert_v1,unweighted,1.0,platt,94,228,0.14197325939178754,0.4477317387294636,-0.0008982756341892606,0.0,0,4,0
2026092814,mert_v1,unweighted,1.0,beta,94,228,0.14317338338943472,0.4506123778605738,0.0003018483634579239,0.0012001239976471845,0,4,3
2026092814,mert_v1,unweighted,1.0,isotonic,94,228,0.14593643109353646,0.7390336094430136,0.0030648960675596637,0.003963171701748924,0,4,0
2026092814,mert_v1,unweighted,1.0,ridge_platt,94,228,0.14270020863431193,0.4507641287715955,-0.00017132639166486663,0.000726949242524394,0,4,0
2026092815,maest,ambient_balanced,0.25,raw,24,57,0.13947986336280593,0.4362476899184021,0.0,0.006697859275987067,0,4,0
2026092815,maest,ambient_balanced,0.25,prior_offset,24,57,0.1327892949110702,0.41776132042347686,-0.00669056845173574,7.290824251326988e-06,0,4,0
2026092815,maest,ambient_balanced,0.25,temperature,24,57,0.14268630501833268,0.4538934954856556,0.0032064416555267483,0.009904300931513815,0,4,0
2026092815,maest,ambient_balanced,0.25,platt,24,57,0.13278200408681887,0.42660710163572413,-0.006697859275987067,0.0,0,4,0
2026092815,maest,ambient_balanced,0.25,beta,24,57,0.13395693898188296,0.43580222731904905,-0.005522924380922972,0.0011749348950640948,0,4,3
2026092815,maest,ambient_balanced,0.25,isotonic,24,57,0.1428857126027326,1.0734845696813466,0.003405849239926678,0.010103708515913745,0,4,0
2026092815,maest,ambient_balanced,0.25,ridge_platt,24,57,0.13544491856424493,0.423810642560453,-0.004034944798561008,0.0026629144774260594,0,4,0
2026092815,maest,ambient_balanced,0.5,raw,47,115,0.13947986336280593,0.4362476899184021,0.0,0.0028511316823084942,0,4,0
2026092815,maest,ambient_balanced,0.5,prior_offset,47,115,0.1327892949110702,0.41776132042347686,-0.00669056845173574,-0.0038394367694272458,0,4,0
2026092815,maest,ambient_balanced,0.5,temperature,47,115,0.14103479065803629,0.44036221338380105,0.0015549272952303517,0.004406058977538846,0,4,0
2026092815,maest,ambient_balanced,0.5,platt,47,115,0.13662873168049744,0.4299116070879682,-0.0028511316823084942,0.0,0,4,0
2026092815,maest,ambient_balanced,0.5,beta,47,115,0.1368246904658272,0.4297010985213139,-0.0026551728969787247,0.00019595878532976951,0,4,1
2026092815,maest,ambient_balanced,0.5,isotonic,47,115,0.14047046469228833,0.9892855932051756,0.0009906013294823934,0.0038417330117908877,0,4,0
2026092815,maest,ambient_balanced,0.5,ridge_platt,47,115,0.13434271382167845,0.4241123661487217,-0.005137149541127484,-0.0022860178588189894,0,4,0
2026092815,maest,ambient_balanced,1.0,raw,94,246,0.13947986336280593,0.4362476899184021,0.0,0.007933125915188771,0,4,0
2026092815,maest,ambient_balanced,1.0,prior_offset,94,246,0.1327892949110702,0.41776132042347686,-0.00669056845173574,0.0012425574634530312,0,4,0
2026092815,maest,ambient_balanced,1.0,temperature,94,246,0.14033420631035687,0.4377650057198344,0.0008543429475509345,0.008787468862739706,0,4,0
2026092815,maest,ambient_balanced,1.0,platt,94,246,0.13154673744761716,0.41344155493561885,-0.007933125915188771,0.0,0,4,0
2026092815,maest,ambient_balanced,1.0,beta,94,246,0.1300503697179896,0.41070625066920885,-0.009429493644816322,-0.0014963677296275513,0,4,0
2026092815,maest,ambient_balanced,1.0,isotonic,94,246,0.13426640777611992,0.696883194200517,-0.005213455586686011,0.00271967032850276,0,4,0
2026092815,maest,ambient_balanced,1.0,ridge_platt,94,246,0.13051796874810015,0.4104744363143135,-0.008961894614705784,-0.001028768699517013,0,4,0
2026092815,maest,unweighted,0.25,raw,24,57,0.13262526651039602,0.4161419312800613,0.0,-0.0004732122174166409,0,4,0
2026092815,maest,unweighted,0.25,prior_offset,24,57,0.13262526651039602,0.4161419312800613,0.0,-0.0004732122174166409,0,4,0
2026092815,maest,unweighted,0.25,temperature,24,57,0.1347618113672403,0.43059576871564903,0.00213654485684428,0.0016633326394276393,0,4,0
2026092815,maest,unweighted,0.25,platt,24,57,0.13309847872781266,0.42754664341555687,0.0004732122174166409,0.0,0,4,0
2026092815,maest,unweighted,0.25,beta,24,57,0.13487050241336324,0.4382740261243697,0.002245235902967213,0.0017720236855505722,0,4,3
2026092815,maest,unweighted,0.25,isotonic,24,57,0.14304363000577322,1.1094427278167611,0.010418363495377198,0.009945151277960557,0,4,0
2026092815,maest,unweighted,0.25,ridge_platt,24,57,0.13284290596589865,0.4168425198702934,0.0002176394555026273,-0.00025557276191401357,0,4,0
2026092815,maest,unweighted,0.5,raw,47,115,0.13262526651039602,0.4161419312800613,0.0,-0.004560183653161659,0,4,0
2026092815,maest,unweighted,0.5,prior_offset,47,115,0.13262526651039602,0.4161419312800613,0.0,-0.004560183653161659,0,4,0
2026092815,maest,unweighted,0.5,temperature,47,115,0.13403125384918657,0.4193294920152613,0.0014059873387905486,-0.0031541963143711105,0,4,0
2026092815,maest,unweighted,0.5,platt,47,115,0.13718545016355768,0.4316507391643265,0.004560183653161659,0.0,0,4,0
2026092815,maest,unweighted,0.5,beta,47,115,0.13750938228601403,0.43177015818791575,0.004884115775618009,0.0003239321224563496,0,4,1
2026092815,maest,unweighted,0.5,isotonic,47,115,0.14032302648609674,0.9900520209575703,0.007697759975700713,0.003137576322539054,0,4,0
2026092815,maest,unweighted,0.5,ridge_platt,47,115,0.1350402219007013,0.42645648979840634,0.0024149553903052845,-0.0021452282628563746,0,4,0
2026092815,maest,unweighted,1.0,raw,94,246,0.13262526651039602,0.4161419312800613,0.0,0.0005964376468283739,0,4,0
2026092815,maest,unweighted,1.0,prior_offset,94,246,0.13262526651039602,0.4161419312800613,0.0,0.0005964376468283739,0,4,0
2026092815,maest,unweighted,1.0,temperature,94,246,0.1329468575702733,0.4164138788195456,0.00032159105987727976,0.0009180287067056536,0,4,0
2026092815,maest,unweighted,1.0,platt,94,246,0.13202882886356765,0.4147839955633337,-0.0005964376468283739,0.0,0,4,0
2026092815,maest,unweighted,1.0,beta,94,246,0.13101183659098925,0.41311117665508096,-0.0016134299194067725,-0.0010169922725783986,0,4,1
2026092815,maest,unweighted,1.0,isotonic,94,246,0.13533611901186426,0.7348543603828429,0.0027108525014682416,0.0033072901482966155,0,4,0
2026092815,maest,unweighted,1.0,ridge_platt,94,246,0.13250070581733278,0.41569628471999337,-0.00012456069306324147,0.0004718769537651324,0,4,0
2026092815,mert_v0,ambient_balanced,0.25,raw,24,57,0.15131156963259348,0.4680527276164599,0.0,0.009723457998156243,0,4,0
2026092815,mert_v0,ambient_balanced,0.25,prior_offset,24,57,0.14046994193904958,0.44086678173668065,-0.01084162769354391,-0.0011181696953876663,0,4,0
2026092815,mert_v0,ambient_balanced,0.25,temperature,24,57,0.1528946775446044,0.471437842428515,0.0015831079120109115,0.011306565910167155,0,4,0
2026092815,mert_v0,ambient_balanced,0.25,platt,24,57,0.14158811163443724,0.447285992046979,-0.009723457998156243,0.0,0,4,0
2026092815,mert_v0,ambient_balanced,0.25,beta,24,57,0.14210247006359472,0.47323965164410475,-0.009209099568998763,0.0005143584291574799,0,4,4
2026092815,mert_v0,ambient_balanced,0.25,isotonic,24,57,0.14792060118641057,0.9219663342954407,-0.003390968446182918,0.006332489551973325,0,4,0
2026092815,mert_v0,ambient_balanced,0.25,ridge_platt,24,57,0.13937078868071368,0.43911813480709916,-0.01194078095187981,-0.002217322953723566,0,4,0
2026092815,mert_v0,ambient_balanced,0.5,raw,47,115,0.15131156963259348,0.4680527276164599,0.0,0.005984769682766344,0,4,0
2026092815,mert_v0,ambient_balanced,0.5,prior_offset,47,115,0.14046994193904958,0.44086678173668065,-0.01084162769354391,-0.004856858010777565,0,4,0
2026092815,mert_v0,ambient_balanced,0.5,temperature,47,115,0.15170564412469514,0.46614691942736175,0.00039407449210165924,0.006378844174868004,0,4,0
2026092815,mert_v0,ambient_balanced,0.5,platt,47,115,0.14532679994982714,0.450376291519777,-0.005984769682766344,0.0,0,4,0
2026092815,mert_v0,ambient_balanced,0.5,beta,47,115,0.14377074744100016,0.45853376643935434,-0.007540822191593327,-0.0015560525088269828,0,4,3
2026092815,mert_v0,ambient_balanced,0.5,isotonic,47,115,0.15106568907823495,1.0545458402510774,-0.0002458805543585352,0.005738889128407809,0,4,0
2026092815,mert_v0,ambient_balanced,0.5,ridge_platt,47,115,0.14133356245776837,0.44081154148496615,-0.00997800717482511,-0.0039932374920587654,0,4,0
2026092815,mert_v0,ambient_balanced,1.0,raw,94,246,0.15131156963259348,0.4680527276164599,0.0,0.012358601576264311,0,4,0
2026092815,mert_v0,ambient_balanced,1.0,prior_offset,94,246,0.14046994193904958,0.44086678173668065,-0.01084162769354391,0.0015169738827204016,0,4,0
2026092815,mert_v0,ambient_balanced,1.0,temperature,94,246,0.15082634794654567,0.4641654865748207,-0.0004852216860478098,0.011873379890216501,0,4,0
2026092815,mert_v0,ambient_balanced,1.0,platt,94,246,0.13895296805632917,0.43483235255064395,-0.012358601576264311,0.0,0,4,0
2026092815,mert_v0,ambient_balanced,1.0,beta,94,246,0.13875225880403336,0.44337624793994185,-0.012559310828560127,-0.0002007092522958165,0,4,2
2026092815,mert_v0,ambient_balanced,1.0,isotonic,94,246,0.13895187063827663,0.6751315071584891,-0.012359698994316853,-1.097418052542487e-06,0,4,0
2026092815,mert_v0,ambient_balanced,1.0,ridge_platt,94,246,0.13911101782868301,0.4357030892989694,-0.01220055180391047,0.000158049772353841,0,4,0
2026092815,mert_v0,unweighted,0.25,raw,24,57,0.14081247359482388,0.441951107082338,0.0,-0.0011230068506406232,0,4,0
2026092815,mert_v0,unweighted,0.25,prior_offset,24,57,0.14081247359482388,0.441951107082338,0.0,-0.0011230068506406232,0,4,0
2026092815,mert_v0,unweighted,0.25,temperature,24,57,0.14205595166620408,0.4444421937910809,0.0012434780713801996,0.00012047122073957639,0,4,0
2026092815,mert_v0,unweighted,0.25,platt,24,57,0.1419354804454645,0.44880534973993547,0.0011230068506406232,0.0,0,4,0
2026092815,mert_v0,unweighted,0.25,beta,24,57,0.14285511811784107,0.47609812051902195,0.0020426445230171952,0.000919637672376572,0,4,4
2026092815,mert_v0,unweighted,0.25,isotonic,24,57,0.1491021318747283,0.9951191060654793,0.00828965827990441,0.007166651429263787,0,4,0
2026092815,mert_v0,unweighted,0.25,ridge_platt,24,57,0.14075931076638956,0.44244176711812044,-5.3162828434316634e-05,-0.0011761696790749399,0,4,0
2026092815,mert_v0,unweighted,0.5,raw,47,115,0.14081247359482388,0.441951107082338,0.0,-0.005009839525080051,0,4,0
2026092815,mert_v0,unweighted,0.5,prior_offset,47,115,0.14081247359482388,0.441951107082338,0.0,-0.005009839525080051,0,4,0
2026092815,mert_v0,unweighted,0.5,temperature,47,115,0.1412161605126918,0.44019518940426594,0.00040368691786793476,-0.004606152607212116,0,4,0
2026092815,mert_v0,unweighted,0.5,platt,47,115,0.14582231311990393,0.4524415413353048,0.005009839525080051,0.0,0,4,0
2026092815,mert_v0,unweighted,0.5,beta,47,115,0.14481260395290063,0.4619987544339533,0.004000130358076753,-0.0010097091670032976,0,4,3
2026092815,mert_v0,unweighted,0.5,isotonic,47,115,0.15065225042054575,1.0869549539029792,0.009839776825721874,0.004829937300641823,0,4,0
2026092815,mert_v0,unweighted,0.5,ridge_platt,47,115,0.14138441748767613,0.4419168464631994,0.0005719438928522558,-0.004437895632227795,0,4,0
2026092815,mert_v0,unweighted,1.0,raw,94,246,0.14081247359482388,0.441951107082338,0.0,0.0014120863957519658,0,4,0
2026092815,mert_v0,unweighted,1.0,prior_offset,94,246,0.14081247359482388,0.441951107082338,0.0,0.0014120863957519658,0,4,0
2026092815,mert_v0,unweighted,1.0,temperature,94,246,0.1401300423542259,0.4376117126829311,-0.0006824312405979693,0.0007296551551539965,0,4,0
2026092815,mert_v0,unweighted,1.0,platt,94,246,0.1394003871990719,0.4365545980849607,-0.0014120863957519658,0.0,0,4,0
2026092815,mert_v0,unweighted,1.0,beta,94,246,0.13963762383954437,0.4464111988619526,-0.0011748497552795112,0.00023723664047245463,0,4,2
2026092815,mert_v0,unweighted,1.0,isotonic,94,246,0.13959688054591834,0.6445969864613545,-0.0012155930489055333,0.0001964933468464325,0,4,0
2026092815,mert_v0,unweighted,1.0,ridge_platt,94,246,0.14005653050900158,0.43836430412722055,-0.0007559430858223026,0.0006561433099296632,0,4,0
2026092815,mert_v1,ambient_balanced,0.25,raw,24,57,0.1506441676537454,0.4682289107946979,0.0,0.009835823997747073,0,4,0
2026092815,mert_v1,ambient_balanced,0.25,prior_offset,24,57,0.1394611373821961,0.4393559126525431,-0.011183030271549294,-0.0013472062738022206,0,4,0
2026092815,mert_v1,ambient_balanced,0.25,temperature,24,57,0.15130507189000614,0.47113012646377145,0.0006609042362607509,0.010496728234007824,0,4,0
2026092815,mert_v1,ambient_balanced,0.25,platt,24,57,0.1408083436559983,0.4555825923622341,-0.009835823997747073,0.0,0,4,0
2026092815,mert_v1,ambient_balanced,0.25,beta,24,57,0.14085243865300381,0.4809734366563595,-0.009791729000741572,4.409499700550046e-05,0,4,3
2026092815,mert_v1,ambient_balanced,0.25,isotonic,24,57,0.15459207751718262,1.2494249117024399,0.003947909863437238,0.01378373386118431,0,4,0
2026092815,mert_v1,ambient_balanced,0.25,ridge_platt,24,57,0.14329193002175505,0.4560000429393829,-0.007352237631990333,0.0024835863657567403,0,4,0
2026092815,mert_v1,ambient_balanced,0.5,raw,47,115,0.1506441676537454,0.4682289107946979,0.0,0.008840357332830978,0,4,0
2026092815,mert_v1,ambient_balanced,0.5,prior_offset,47,115,0.1394611373821961,0.4393559126525431,-0.011183030271549294,-0.0023426729387183154,0,4,0
2026092815,mert_v1,ambient_balanced,0.5,temperature,47,115,0.15075392383699782,0.4664848541571066,0.00010975618325242964,0.008950113516083408,0,4,0
2026092815,mert_v1,ambient_balanced,0.5,platt,47,115,0.1418038103209144,0.44427772565690365,-0.008840357332830978,0.0,0,4,0
2026092815,mert_v1,ambient_balanced,0.5,beta,47,115,0.14089331702313793,0.44978612923030076,-0.00975085063060746,-0.0009104932977764824,0,4,1
2026092815,mert_v1,ambient_balanced,0.5,isotonic,47,115,0.14883712354682643,1.1174071754298454,-0.0018070441069189536,0.007033313225912025,0,4,0
2026092815,mert_v1,ambient_balanced,0.5,ridge_platt,47,115,0.13935481233015964,0.43725605109792937,-0.011289355323585742,-0.0024489979907547643,0,4,0
2026092815,mert_v1,ambient_balanced,1.0,raw,94,246,0.1506441676537454,0.4682289107946979,0.0,0.013504636099810147,0,4,0
2026092815,mert_v1,ambient_balanced,1.0,prior_offset,94,246,0.1394611373821961,0.4393559126525431,-0.011183030271549294,0.002321605828260853,0,4,0
2026092815,mert_v1,ambient_balanced,1.0,temperature,94,246,0.14936795492756044,0.4622911857999251,-0.0012762127261849443,0.012228423373625202,0,4,0
2026092815,mert_v1,ambient_balanced,1.0,platt,94,246,0.13713953155393524,0.43153985320641663,-0.013504636099810147,0.0,0,4,0
2026092815,mert_v1,ambient_balanced,1.0,beta,94,246,0.13641913912471143,0.4332271075611639,-0.014225028529033956,-0.0007203924292238095,0,4,2
2026092815,mert_v1,ambient_balanced,1.0,isotonic,94,246,0.14249109932222684,0.8600598523291794,-0.008153068331518548,0.0053515677682915985,0,4,0
2026092815,mert_v1,ambient_balanced,1.0,ridge_platt,94,246,0.13794799339442015,0.43494631113959825,-0.012696174259325232,0.0008084618404849142,0,4,0
2026092815,mert_v1,unweighted,0.25,raw,24,57,0.13974253334924108,0.4406328008105079,0.0,-0.001443757305416432,0,4,0
2026092815,mert_v1,unweighted,0.25,prior_offset,24,57,0.13974253334924108,0.4406328008105079,0.0,-0.001443757305416432,0,4,0
2026092815,mert_v1,unweighted,0.25,temperature,24,57,0.14023985883658424,0.44311112598138197,0.0004973254873431587,-0.0009464318180732734,0,4,0
2026092815,mert_v1,unweighted,0.25,platt,24,57,0.14118629065465751,0.4571727835193955,0.001443757305416432,0.0,0,4,0
2026092815,mert_v1,unweighted,0.25,beta,24,57,0.14166839827230557,0.48388335730004023,0.0019258649230644853,0.0004821076176480532,0,4,3
2026092815,mert_v1,unweighted,0.25,isotonic,24,57,0.15462302799365088,1.2152198397323066,0.014880494644409797,0.013436737338993365,0,4,0
2026092815,mert_v1,unweighted,0.25,ridge_platt,24,57,0.14021548388961777,0.4487634133297767,0.0004729505403766876,-0.0009708067650397445,0,4,0
2026092815,mert_v1,unweighted,0.5,raw,47,115,0.13974253334924108,0.4406328008105079,0.0,-0.0026953968974980924,0,4,0
2026092815,mert_v1,unweighted,0.5,prior_offset,47,115,0.13974253334924108,0.4406328008105079,0.0,-0.0026953968974980924,0,4,0
2026092815,mert_v1,unweighted,0.5,temperature,47,115,0.14020428352202088,0.4399271059634949,0.00046175017277980124,-0.002233646724718291,0,4,0
2026092815,mert_v1,unweighted,0.5,platt,47,115,0.14243793024673918,0.4466377779529345,0.0026953968974980924,0.0,0,4,0
2026092815,mert_v1,unweighted,0.5,beta,47,115,0.14199300865220557,0.453392642700785,0.0022504753029644886,-0.0004449215945336038,0,4,2
2026092815,mert_v1,unweighted,0.5,isotonic,47,115,0.14929122148985027,1.1199521196038043,0.00954868814060919,0.006853291243111098,0,4,0
2026092815,mert_v1,unweighted,0.5,ridge_platt,47,115,0.13951472488958375,0.43859139470895186,-0.00022780845965733598,-0.0029232053571554284,0,4,0
2026092815,mert_v1,unweighted,1.0,raw,94,246,0.13974253334924108,0.4406328008105079,0.0,0.00213046603191569,0,4,0
2026092815,mert_v1,unweighted,1.0,prior_offset,94,246,0.13974253334924108,0.4406328008105079,0.0,0.00213046603191569,0,4,0
2026092815,mert_v1,unweighted,1.0,temperature,94,246,0.1383762873204706,0.4346558472258668,-0.0013662460287704736,0.0007642200031452162,0,4,0
2026092815,mert_v1,unweighted,1.0,platt,94,246,0.1376120673173254,0.4332144376611701,-0.00213046603191569,0.0,0,4,0
2026092815,mert_v1,unweighted,1.0,beta,94,246,0.13727592833134825,0.43639350765310597,-0.0024666050178928367,-0.00033613898597714686,0,4,1
2026092815,mert_v1,unweighted,1.0,isotonic,94,246,0.14314034862372824,0.7930768705891481,0.0033978152744871537,0.0055282813064028435,0,4,0
2026092815,mert_v1,unweighted,1.0,ridge_platt,94,246,0.1390008715642052,0.4374980998015935,-0.0007416617850358742,0.0013888042468798156,0,4,0
2026092816,maest,ambient_balanced,0.25,raw,24,62,0.13927856474249856,0.43255662564990943,0.0,-0.002052359624782507,0,4,0
2026092816,maest,ambient_balanced,0.25,prior_offset,24,62,0.12565009907011096,0.3989970574934786,-0.013628465672387596,-0.015680825297170103,0,4,0
2026092816,maest,ambient_balanced,0.25,temperature,24,62,0.14831851846686603,0.45937567771842264,0.009039953724367472,0.006987594099584965,0,4,0
2026092816,maest,ambient_balanced,0.25,platt,24,62,0.14133092436728106,0.4494941656967641,0.002052359624782507,0.0,0,4,0
2026092816,maest,ambient_balanced,0.25,beta,24,62,0.13972296673659987,0.45023147256195567,0.0004444019941013122,-0.001607957630681195,0,4,2
2026092816,maest,ambient_balanced,0.25,isotonic,24,62,0.14718991621559502,2.1460616505091252,0.007911351473096462,0.005858991848313955,0,4,0
2026092816,maest,ambient_balanced,0.25,ridge_platt,24,62,0.130083970379169,0.41507800199142275,-0.009194594363329561,-0.011246953988112068,0,4,0
2026092816,maest,ambient_balanced,0.5,raw,47,122,0.13927856474249856,0.43255662564990943,0.0,0.008734823926110413,0,4,0
2026092816,maest,ambient_balanced,0.5,prior_offset,47,122,0.12565009907011096,0.3989970574934786,-0.013628465672387596,-0.004893641746277183,0,4,0
2026092816,maest,ambient_balanced,0.5,temperature,47,122,0.14359659170435993,0.4458804776794435,0.004318026961861371,0.013052850887971784,0,4,0
2026092816,maest,ambient_balanced,0.5,platt,47,122,0.13054374081638814,0.4141877690271659,-0.008734823926110413,0.0,0,4,0
2026092816,maest,ambient_balanced,0.5,beta,47,122,0.12989895584942646,0.4149069933015572,-0.0093796088930721,-0.0006447849669616867,0,4,2
2026092816,maest,ambient_balanced,0.5,isotonic,47,122,0.13395801218739897,0.8548690998359612,-0.005320552555099584,0.0034142713710108297,0,4,0
2026092816,maest,ambient_balanced,0.5,ridge_platt,47,122,0.13046447327863733,0.4110520138282908,-0.008814091463861223,-7.926753775081008e-05,0,4,0
2026092816,maest,ambient_balanced,1.0,raw,94,234,0.13927856474249856,0.43255662564990943,0.0,0.012095460625382859,0,4,0
2026092816,maest,ambient_balanced,1.0,prior_offset,94,234,0.12565009907011096,0.3989970574934786,-0.013628465672387596,-0.0015330050470047374,0,4,0
2026092816,maest,ambient_balanced,1.0,temperature,94,234,0.14052182712793565,0.43567399139816676,0.0012432623854370939,0.013338723010819953,0,4,0
2026092816,maest,ambient_balanced,1.0,platt,94,234,0.1271831041171157,0.4022749885546287,-0.012095460625382859,0.0,0,4,0
2026092816,maest,ambient_balanced,1.0,beta,94,234,0.1275775174021761,0.4035408830367641,-0.011701047340322457,0.0003944132850604021,0,4,1
2026092816,maest,ambient_balanced,1.0,isotonic,94,234,0.12969128090415527,0.5605609472190736,-0.009587283838343286,0.0025081767870395733,0,4,0
2026092816,maest,ambient_balanced,1.0,ridge_platt,94,234,0.12546982066065104,0.3973524924227408,-0.013808744081847513,-0.0017132834564646537,0,4,0
2026092816,maest,unweighted,0.25,raw,24,62,0.12577019503101403,0.3986440379056687,0.0,-0.015650019452315256,0,4,0
2026092816,maest,unweighted,0.25,prior_offset,24,62,0.12577019503101403,0.3986440379056687,0.0,-0.015650019452315256,0,4,0
2026092816,maest,unweighted,0.25,temperature,24,62,0.13253622935292722,0.42003307676707025,0.006766034321913195,-0.008883985130402061,0,4,0
2026092816,maest,unweighted,0.25,platt,24,62,0.14142021448332928,0.44927888151109113,0.015650019452315256,0.0,0,4,0
2026092816,maest,unweighted,0.25,beta,24,62,0.13995249284680716,0.44526851650541555,0.014182297815793138,-0.001467721636522118,0,4,2
2026092816,maest,unweighted,0.25,isotonic,24,62,0.14740920417379244,2.1166372350185005,0.021639009142778415,0.005988989690463159,0,4,0
2026092816,maest,unweighted,0.25,ridge_platt,24,62,0.13050819718638648,0.4168959752685186,0.004738002155372456,-0.0109120172969428,0,4,0
2026092816,maest,unweighted,0.5,raw,47,122,0.12577019503101403,0.3986440379056687,0.0,-0.0046067340901014,0,4,0
2026092816,maest,unweighted,0.5,prior_offset,47,122,0.12577019503101403,0.3986440379056687,0.0,-0.0046067340901014,0,4,0
2026092816,maest,unweighted,0.5,temperature,47,122,0.1306937991450588,0.41471281023133677,0.004923604114044772,0.00031687002394337194,0,4,0
2026092816,maest,unweighted,0.5,platt,47,122,0.13037692912111543,0.41374529606296345,0.0046067340901014,0.0,0,4,0
2026092816,maest,unweighted,0.5,beta,47,122,0.12951980190552298,0.4135684029588685,0.003749606874508954,-0.0008571272155924459,0,4,2
2026092816,maest,unweighted,0.5,isotonic,47,122,0.13473274280550762,0.8562247228668208,0.008962547774493596,0.004355813684392196,0,4,0
2026092816,maest,unweighted,0.5,ridge_platt,47,122,0.12577019503101403,0.3986440379056687,0.0,-0.0046067340901014,0,4,0
2026092816,maest,unweighted,1.0,raw,94,234,0.12577019503101403,0.3986440379056687,0.0,-0.0012848457719976947,0,4,0
2026092816,maest,unweighted,1.0,prior_offset,94,234,0.12577019503101403,0.3986440379056687,0.0,-0.0012848457719976947,0,4,0
2026092816,maest,unweighted,1.0,temperature,94,234,0.12742303456723292,0.4033578684763032,0.001652839536218892,0.00036799376422119723,0,4,0
2026092816,maest,unweighted,1.0,platt,94,234,0.12705504080301172,0.40187785100545237,0.0012848457719976947,0.0,0,4,0
2026092816,maest,unweighted,1.0,beta,94,234,0.12753465593999536,0.4025895303901213,0.0017644609089813301,0.00047961513698363545,0,4,0
2026092816,maest,unweighted,1.0,isotonic,94,234,0.1291251696835843,0.5591537972715716,0.003354974652570286,0.0020701288805725915,0,4,0
2026092816,maest,unweighted,1.0,ridge_platt,94,234,0.12518113072047451,0.3963624401737121,-0.000589064310539511,-0.0018739100825372057,0,4,0
2026092816,mert_v0,ambient_balanced,0.25,raw,24,62,0.15600803366124588,0.4790004666718601,0.0,0.007210046247079188,0,4,0
2026092816,mert_v0,ambient_balanced,0.25,prior_offset,24,62,0.14124854766754816,0.44141211058158675,-0.014759485993697724,-0.007549439746618536,0,4,0
2026092816,mert_v0,ambient_balanced,0.25,temperature,24,62,0.167009127094991,0.507986016655618,0.011001093433745113,0.0182111396808243,0,4,0
2026092816,mert_v0,ambient_balanced,0.25,platt,24,62,0.1487979874141667,0.47192796549632315,-0.007210046247079188,0.0,0,4,0
2026092816,mert_v0,ambient_balanced,0.25,beta,24,62,0.1468705411033643,0.4705732351535157,-0.009137492557881571,-0.0019274463108023832,0,4,2
2026092816,mert_v0,ambient_balanced,0.25,isotonic,24,62,0.14791625124189242,1.4595660321312334,-0.00809178241935346,-0.0008817361722742723,0,4,0
2026092816,mert_v0,ambient_balanced,0.25,ridge_platt,24,62,0.14414712522341205,0.45688691129184233,-0.011860908437833828,-0.00465086219075464,0,4,0
2026092816,mert_v0,ambient_balanced,0.5,raw,47,122,0.15600803366124588,0.4790004666718601,0.0,0.01285774494587591,0,4,0
2026092816,mert_v0,ambient_balanced,0.5,prior_offset,47,122,0.14124854766754816,0.44141211058158675,-0.014759485993697724,-0.0019017410478218144,0,4,0
2026092816,mert_v0,ambient_balanced,0.5,temperature,47,122,0.15990697302694978,0.4883986862308166,0.0038989393657039018,0.01675668431157981,0,4,0
2026092816,mert_v0,ambient_balanced,0.5,platt,47,122,0.14315028871536997,0.4488259039074158,-0.01285774494587591,0.0,0,4,0
2026092816,mert_v0,ambient_balanced,0.5,beta,47,122,0.14034373522268478,0.4447242097184587,-0.015664298438561097,-0.0028065534926851876,0,4,3
2026092816,mert_v0,ambient_balanced,0.5,isotonic,47,122,0.14272307361290643,0.6910339442339654,-0.013284960048339456,-0.0004272151024635462,0,4,0
2026092816,mert_v0,ambient_balanced,0.5,ridge_platt,47,122,0.14602450988653923,0.45487828681130243,-0.009983523774706654,0.0028742211711692556,0,4,0
2026092816,mert_v0,ambient_balanced,1.0,raw,94,234,0.15600803366124588,0.4790004666718601,0.0,0.015193884326191787,0,4,0
2026092816,mert_v0,ambient_balanced,1.0,prior_offset,94,234,0.14124854766754816,0.44141211058158675,-0.014759485993697724,0.00043439833249406257,0,4,0
2026092816,mert_v0,ambient_balanced,1.0,temperature,94,234,0.15829475608025093,0.48372854286931377,0.002286722419005044,0.01748060674519683,0,4,0
2026092816,mert_v0,ambient_balanced,1.0,platt,94,234,0.1408141493350541,0.44121206702235066,-0.015193884326191787,0.0,0,4,0
2026092816,mert_v0,ambient_balanced,1.0,beta,94,234,0.140402475698815,0.43897517456865565,-0.015605557962430877,-0.0004116736362390905,0,4,1
2026092816,mert_v0,ambient_balanced,1.0,isotonic,94,234,0.14093682413320663,0.6557715632761185,-0.015071209528039253,0.00012267479815253335,0,4,0
2026092816,mert_v0,ambient_balanced,1.0,ridge_platt,94,234,0.14100448465525003,0.4405386586577673,-0.015003549005995848,0.00019033532019593902,0,4,0
2026092816,mert_v0,unweighted,0.25,raw,24,62,0.14077913473767262,0.44036738635640194,0.0,-0.007994859460749265,0,4,0
2026092816,mert_v0,unweighted,0.25,prior_offset,24,62,0.14077913473767262,0.44036738635640194,0.0,-0.007994859460749265,0,4,0
2026092816,mert_v0,unweighted,0.25,temperature,24,62,0.1486059695185584,0.46394297371417503,0.007826834780885777,-0.00016802467986348768,0,4,0
2026092816,mert_v0,unweighted,0.25,platt,24,62,0.14877399419842188,0.4716594887915292,0.007994859460749265,0.0,0,4,0
2026092816,mert_v0,unweighted,0.25,beta,24,62,0.14702755532220033,0.4694482155990287,0.0062484205845277085,-0.0017464388762215566,0,4,2
2026092816,mert_v0,unweighted,0.25,isotonic,24,62,0.14772511882331463,1.4553177164267952,0.00694598408564201,-0.0010488753751072555,0,4,0
2026092816,mert_v0,unweighted,0.25,ridge_platt,24,62,0.14412313200766724,0.4566184345870483,0.003343997269994625,-0.00465086219075464,0,4,0
2026092816,mert_v0,unweighted,0.5,raw,47,122,0.14077913473767262,0.44036738635640194,0.0,-0.0021727079214882428,0,4,0
2026092816,mert_v0,unweighted,0.5,prior_offset,47,122,0.14077913473767262,0.44036738635640194,0.0,-0.0021727079214882428,0,4,0
2026092816,mert_v0,unweighted,0.5,temperature,47,122,0.14418024370890792,0.45135003777309124,0.0034011089712353004,0.0012284010497470577,0,4,0
2026092816,mert_v0,unweighted,0.5,platt,47,122,0.14295184265916086,0.4486347838969612,0.0021727079214882428,0.0,0,4,0
2026092816,mert_v0,unweighted,0.5,beta,47,122,0.1403721624931163,0.4454882852971423,-0.0004069722445563251,-0.002579680166044568,0,4,3
2026092816,mert_v0,unweighted,0.5,isotonic,47,122,0.14307199168672294,0.7233390084809597,0.0022928569490503203,0.00012014902756207757,0,4,0
2026092816,mert_v0,unweighted,0.5,ridge_platt,47,122,0.14077913473767262,0.44036738635640194,0.0,-0.0021727079214882428,0,4,0
2026092816,mert_v0,unweighted,1.0,raw,94,234,0.14077913473767262,0.44036738635640194,0.0,0.00015228778951653643,0,4,0
2026092816,mert_v0,unweighted,1.0,prior_offset,94,234,0.14077913473767262,0.44036738635640194,0.0,0.00015228778951653643,0,4,0
2026092816,mert_v0,unweighted,1.0,temperature,94,234,0.14259653625725963,0.44471544308636046,0.0018174015195870086,0.001969689309103545,0,4,0
2026092816,mert_v0,unweighted,1.0,platt,94,234,0.14062684694815608,0.4407928504076745,-0.00015228778951653643,0.0,0,4,0
2026092816,mert_v0,unweighted,1.0,beta,94,234,0.14054217354609944,0.43946136121528095,-0.00023696119157318174,-8.467340205664531e-05,0,4,1
2026092816,mert_v0,unweighted,1.0,isotonic,94,234,0.14041925421163448,0.6537808481392697,-0.0003598805260381366,-0.00020759273652160015,0,4,0
2026092816,mert_v0,unweighted,1.0,ridge_platt,94,234,0.1414674131258374,0.44061261944742003,0.0006882783881647925,0.0008405661776813289,0,4,0
2026092816,mert_v1,ambient_balanced,0.25,raw,24,62,0.1576919361103717,0.48347753907259383,0.0,0.005927610784724174,0,4,0
2026092816,mert_v1,ambient_balanced,0.25,prior_offset,24,62,0.1406499290159976,0.43923156988079765,-0.01704200709437409,-0.011114396309649915,0,4,0
2026092816,mert_v1,ambient_balanced,0.25,temperature,24,62,0.1717044296917354,0.5254697932252669,0.014012493581363722,0.019940104366087896,0,4,0
2026092816,mert_v1,ambient_balanced,0.25,platt,24,62,0.15176432532564751,0.48430896742426455,-0.005927610784724174,0.0,0,4,0
2026092816,mert_v1,ambient_balanced,0.25,beta,24,62,0.14947286408304616,0.48049057740591594,-0.008219072027325525,-0.0022914612426013503,0,4,1
2026092816,mert_v1,ambient_balanced,0.25,isotonic,24,62,0.15162991132679832,1.4667917822373246,-0.006062024783573372,-0.0001344139988491977,0,4,0
2026092816,mert_v1,ambient_balanced,0.25,ridge_platt,24,62,0.14527795689146222,0.4586006876217151,-0.012413979218909466,-0.006486368434185291,0,4,0
2026092816,mert_v1,ambient_balanced,0.5,raw,47,122,0.1576919361103717,0.48347753907259383,0.0,0.013709367893497248,0,4,0
2026092816,mert_v1,ambient_balanced,0.5,prior_offset,47,122,0.1406499290159976,0.43923156988079765,-0.01704200709437409,-0.0033326392008768413,0,4,0
2026092816,mert_v1,ambient_balanced,0.5,temperature,47,122,0.16227975088684293,0.4941046396946751,0.004587814776471244,0.018297182669968493,0,4,0
2026092816,mert_v1,ambient_balanced,0.5,platt,47,122,0.14398256821687444,0.45153004138999325,-0.013709367893497248,0.0,0,4,0
2026092816,mert_v1,ambient_balanced,0.5,beta,47,122,0.14160642939570936,0.4467495589919329,-0.01608550671466233,-0.0023761388211650802,0,4,2
2026092816,mert_v1,ambient_balanced,0.5,isotonic,47,122,0.14047512008882665,0.6206918919252468,-0.01721681602154504,-0.003507448128047791,0,4,0
2026092816,mert_v1,ambient_balanced,0.5,ridge_platt,47,122,0.14582910566146995,0.452880786173046,-0.01186283044890174,0.0018465374445955085,0,4,0
2026092816,mert_v1,ambient_balanced,1.0,raw,94,234,0.1576919361103717,0.48347753907259383,0.0,0.01763520830624532,0,4,0
2026092816,mert_v1,ambient_balanced,1.0,prior_offset,94,234,0.1406499290159976,0.43923156988079765,-0.01704200709437409,0.0005932012118712304,0,4,0
2026092816,mert_v1,ambient_balanced,1.0,temperature,94,234,0.15953467393911136,0.4858673015701252,0.0018427378287396712,0.01947794613498499,0,4,0
2026092816,mert_v1,ambient_balanced,1.0,platt,94,234,0.14005672780412637,0.4385783155404985,-0.01763520830624532,0.0,0,4,0
2026092816,mert_v1,ambient_balanced,1.0,beta,94,234,0.13910465146717738,0.4363337495401406,-0.018587284643194313,-0.0009520763369489926,0,4,2
2026092816,mert_v1,ambient_balanced,1.0,isotonic,94,234,0.13617671371312548,0.5808532146700237,-0.02151522239724621,-0.0038800140910008885,0,4,0
2026092816,mert_v1,ambient_balanced,1.0,ridge_platt,94,234,0.14005568491368653,0.4373790023667171,-0.01763625119668516,-1.0428904398396277e-06,0,4,0
2026092816,mert_v1,unweighted,0.25,raw,24,62,0.14035444762834862,0.4389497653531667,0.0,-0.011399614570055366,0,4,0
2026092816,mert_v1,unweighted,0.25,prior_offset,24,62,0.14035444762834862,0.4389497653531667,0.0,-0.011399614570055366,0,4,0
2026092816,mert_v1,unweighted,0.25,temperature,24,62,0.15100338908354263,0.475244215538166,0.010648941455194016,-0.0007506731148613499,0,4,0
2026092816,mert_v1,unweighted,0.25,platt,24,62,0.15175406219840398,0.48415666605147245,0.011399614570055366,0.0,0,4,0
2026092816,mert_v1,unweighted,0.25,beta,24,62,0.14979044350068121,0.4804791327305156,0.009435995872332598,-0.0019636186977227688,0,4,1
2026092816,mert_v1,unweighted,0.25,isotonic,24,62,0.15135080893062025,1.3711585970904039,0.010996361302271634,-0.00040325326778373194,0,4,0
2026092816,mert_v1,unweighted,0.25,ridge_platt,24,62,0.1452676937642187,0.45844838624892303,0.004913246135870075,-0.006486368434185291,0,4,0
2026092816,mert_v1,unweighted,0.5,raw,47,122,0.14035444762834862,0.4389497653531667,0.0,-0.0035366329818763143,0,4,0
2026092816,mert_v1,unweighted,0.5,prior_offset,47,122,0.14035444762834862,0.4389497653531667,0.0,-0.0035366329818763143,0,4,0
2026092816,mert_v1,unweighted,0.5,temperature,47,122,0.14541363013358033,0.4548610071913165,0.005059182505231713,0.0015225495233553987,0,4,0
2026092816,mert_v1,unweighted,0.5,platt,47,122,0.14389108061022493,0.45161061427337995,0.0035366329818763143,0.0,0,4,0
2026092816,mert_v1,unweighted,0.5,beta,47,122,0.14176304744445503,0.4478531368742997,0.001408599816106415,-0.002128033165769899,0,4,2
2026092816,mert_v1,unweighted,0.5,isotonic,47,122,0.13995029611757878,0.6187574631803434,-0.0004041515107698346,-0.003940784492646149,0,4,0
2026092816,mert_v1,unweighted,0.5,ridge_platt,47,122,0.13991164032190592,0.43643329452991064,-0.00044280730644269406,-0.003979440288319008,0,4,0
2026092816,mert_v1,unweighted,1.0,raw,94,234,0.14035444762834862,0.4389497653531667,0.0,0.00047741417725857827,0,4,0
2026092816,mert_v1,unweighted,1.0,prior_offset,94,234,0.14035444762834862,0.4389497653531667,0.0,0.00047741417725857827,0,4,0
2026092816,mert_v1,unweighted,1.0,temperature,94,234,0.14234463799133304,0.44331219504898967,0.001990190362984423,0.0024676045402430014,0,4,0
2026092816,mert_v1,unweighted,1.0,platt,94,234,0.13987703345109004,0.4383053561692566,-0.00047741417725857827,0.0,0,4,0
2026092816,mert_v1,unweighted,1.0,beta,94,234,0.13933579035010535,0.4369703109180338,-0.001018657278243268,-0.0005412431009846896,0,4,2
2026092816,mert_v1,unweighted,1.0,isotonic,94,234,0.13593279461086102,0.579640002576383,-0.004421653017487592,-0.003944238840229014,0,4,0
2026092816,mert_v1,unweighted,1.0,ridge_platt,94,234,0.14077792520787033,0.4379511398063013,0.00042347757952171383,0.0009008917567802921,0,4,0
2026092817,maest,ambient_balanced,0.25,raw,24,51,0.13394550768491897,0.419875662478343,0.0,-0.006702627714312459,0,4,0
2026092817,maest,ambient_balanced,0.25,prior_offset,24,51,0.12777693576979715,0.4055852474871383,-0.006168571915121823,-0.012871199629434282,0,4,0
2026092817,maest,ambient_balanced,0.25,temperature,24,51,0.1376168994937245,0.4508996861020118,0.0036713918088055186,-0.0030312359055069404,0,4,0
2026092817,maest,ambient_balanced,0.25,platt,24,51,0.14064813539923143,0.4963559234113666,0.006702627714312459,0.0,0,4,0
2026092817,maest,ambient_balanced,0.25,beta,24,51,0.14284378447115148,0.489923307064462,0.008898276786232506,0.002195649071920047,0,4,1
2026092817,maest,ambient_balanced,0.25,isotonic,24,51,0.14708741134028439,1.8633388873122967,0.013141903655365411,0.006439275941052952,0,4,0
2026092817,maest,ambient_balanced,0.25,ridge_platt,24,51,0.13505247643785612,0.4449951494033158,0.001106968752937143,-0.005595658961375316,0,4,0
2026092817,maest,ambient_balanced,0.5,raw,47,109,0.13394550768491897,0.419875662478343,0.0,0.0024334276767440655,0,4,0
2026092817,maest,ambient_balanced,0.5,prior_offset,47,109,0.12777693576979715,0.4055852474871383,-0.006168571915121823,-0.0037351442383777578,0,4,0
2026092817,maest,ambient_balanced,0.5,temperature,47,109,0.13649733829496466,0.4348941361252338,0.0025518306100456856,0.004985258286789751,0,4,0
2026092817,maest,ambient_balanced,0.5,platt,47,109,0.1315120800081749,0.4215207192269421,-0.0024334276767440655,0.0,0,4,0
2026092817,maest,ambient_balanced,0.5,beta,47,109,0.13468682321355518,0.43211076994057246,0.0007413155286362105,0.003174743205380276,0,4,1
2026092817,maest,ambient_balanced,0.5,isotonic,47,109,0.1390251785251423,0.9631196861459521,0.005079670840223316,0.007513098516967381,0,4,0
2026092817,maest,ambient_balanced,0.5,ridge_platt,47,109,0.12904671550323912,0.410113081132689,-0.004898792181679851,-0.0024653645049357853,0,4,0
2026092817,maest,ambient_balanced,1.0,raw,94,239,0.13394550768491897,0.419875662478343,0.0,0.004369776500768002,0,4,0
2026092817,maest,ambient_balanced,1.0,prior_offset,94,239,0.12777693576979715,0.4055852474871383,-0.006168571915121823,-0.001798795414353821,0,4,0
2026092817,maest,ambient_balanced,1.0,temperature,94,239,0.134259936971204,0.4215391185449347,0.0003144292862850284,0.004684205787053031,0,4,0
2026092817,maest,ambient_balanced,1.0,platt,94,239,0.12957573118415097,0.41002723419909015,-0.004369776500768002,0.0,0,4,0
2026092817,maest,ambient_balanced,1.0,beta,94,239,0.13118131074009198,0.4177035801708495,-0.002764196944826991,0.0016055795559410113,0,4,0
2026092817,maest,ambient_balanced,1.0,isotonic,94,239,0.1312868926326263,0.7378450950983874,-0.0026586150522926733,0.001711161448475329,0,4,0
2026092817,maest,ambient_balanced,1.0,ridge_platt,94,239,0.12911477655040915,0.4082288468440851,-0.004830731134509825,-0.00046095463374182244,0,4,0
2026092817,maest,unweighted,0.25,raw,24,51,0.12707403624674107,0.4031252942070308,0.0,-0.013226629355031577,0,4,0
2026092817,maest,unweighted,0.25,prior_offset,24,51,0.12707403624674107,0.4031252942070308,0.0,-0.013226629355031577,0,4,0
2026092817,maest,unweighted,0.25,temperature,24,51,0.13067952213160547,0.4336984089990346,0.0036054858848643956,-0.009621143470167182,0,4,0
2026092817,maest,unweighted,0.25,platt,24,51,0.14030066560177265,0.49547899815358715,0.013226629355031577,0.0,0,4,0
2026092817,maest,unweighted,0.25,beta,24,51,0.14188897170049738,0.4876581874011775,0.014814935453756312,0.0015883060987247344,0,4,1
2026092817,maest,unweighted,0.25,isotonic,24,51,0.1461465031251906,1.8599354573876616,0.019072466878449518,0.0058458375234179405,0,4,0
2026092817,maest,unweighted,0.25,ridge_platt,24,51,0.13471699083199748,0.4439866812382526,0.007642954585256406,-0.005583674769775171,0,4,0
2026092817,maest,unweighted,0.5,raw,47,109,0.12707403624674107,0.4031252942070308,0.0,-0.004097333533891939,0,4,0
2026092817,maest,unweighted,0.5,prior_offset,47,109,0.12707403624674107,0.4031252942070308,0.0,-0.004097333533891939,0,4,0
2026092817,maest,unweighted,0.5,temperature,47,109,0.12908354708783165,0.4159390013030045,0.002009510841090578,-0.002087822692801361,0,4,0
2026092817,maest,unweighted,0.5,platt,47,109,0.131171369780633,0.4206852705947016,0.004097333533891939,0.0,0,4,0
2026092817,maest,unweighted,0.5,beta,47,109,0.13350540528918425,0.42953223654966716,0.00643136904244318,0.002334035508551241,0,4,1
2026092817,maest,unweighted,0.5,isotonic,47,109,0.1385464888290344,0.9604919669352869,0.011472452582293319,0.0073751190484013796,0,4,0
2026092817,maest,unweighted,0.5,ridge_platt,47,109,0.12758780712593953,0.40547734197890223,0.0005137708791984608,-0.0035835626546934785,0,4,0
2026092817,maest,unweighted,1.0,raw,94,239,0.12707403624674107,0.4031252942070308,0.0,-0.0021896309729196317,0,4,0
2026092817,maest,unweighted,1.0,prior_offset,94,239,0.12707403624674107,0.4031252942070308,0.0,-0.0021896309729196317,0,4,0
2026092817,maest,unweighted,1.0,temperature,94,239,0.12732535188213395,0.40429033979463885,0.00025131563539287916,-0.0019383153375267526,0,4,0
2026092817,maest,unweighted,1.0,platt,94,239,0.1292636672196607,0.40931684068924534,0.0021896309729196317,0.0,0,4,0
2026092817,maest,unweighted,1.0,beta,94,239,0.13068067751619322,0.41657982832951507,0.003606641269452149,0.001417010296532517,0,4,1
2026092817,maest,unweighted,1.0,isotonic,94,239,0.13066670043185083,0.7361588179917424,0.0035926641851097563,0.0014030332121901246,0,4,0
2026092817,maest,unweighted,1.0,ridge_platt,94,239,0.12880271258591888,0.4075184533342402,0.0017286763391778093,-0.00046095463374182244,0,4,0
2026092817,mert_v0,ambient_balanced,0.25,raw,24,51,0.15155504154096103,0.4704871467250034,0.0,-0.001564818111621319,0,4,0
2026092817,mert_v0,ambient_balanced,0.25,prior_offset,24,51,0.14296235789761982,0.4486066931506926,-0.008592683643341203,-0.010157501754962522,0,4,0
2026092817,mert_v0,ambient_balanced,0.25,temperature,24,51,0.15517838747698245,0.49800668023241135,0.003623345936021427,0.002058527824400108,0,4,0
2026092817,mert_v0,ambient_balanced,0.25,platt,24,51,0.15311985965258235,0.49886633474798875,0.001564818111621319,0.0,0,4,0
2026092817,mert_v0,ambient_balanced,0.25,beta,24,51,0.15137863254278783,0.4954179162450476,-0.00017640899817319977,-0.0017412271097945187,0,4,3
2026092817,mert_v0,ambient_balanced,0.25,isotonic,24,51,0.15671970036802305,1.6028365272180227,0.005164658827062019,0.0035998407154406997,0,4,0
2026092817,mert_v0,ambient_balanced,0.25,ridge_platt,24,51,0.14886860283055686,0.4765899932639353,-0.0026864387104041654,-0.004251256822025484,0,4,0
2026092817,mert_v0,ambient_balanced,0.5,raw,47,109,0.15155504154096103,0.4704871467250034,0.0,0.00766700454132524,0,4,0
2026092817,mert_v0,ambient_balanced,0.5,prior_offset,47,109,0.14296235789761982,0.4486066931506926,-0.008592683643341203,-0.0009256791020159638,0,4,0
2026092817,mert_v0,ambient_balanced,0.5,temperature,47,109,0.15275034125408288,0.47683513865433036,0.0011952997131218501,0.00886230425444709,0,4,0
2026092817,mert_v0,ambient_balanced,0.5,platt,47,109,0.1438880369996358,0.4542807763079986,-0.00766700454132524,0.0,0,4,0
2026092817,mert_v0,ambient_balanced,0.5,beta,47,109,0.1438133726659957,0.4521805557980333,-0.0077416688749653295,-7.466433364008984e-05,0,4,3
2026092817,mert_v0,ambient_balanced,0.5,isotonic,47,109,0.1463075647887827,0.7896979740060925,-0.0052474767521783205,0.002419527789146919,0,4,0
2026092817,mert_v0,ambient_balanced,0.5,ridge_platt,47,109,0.14359972716615022,0.45199595495905903,-0.007955314374810812,-0.0002883098334855727,0,4,0
2026092817,mert_v0,ambient_balanced,1.0,raw,94,239,0.15155504154096103,0.4704871467250034,0.0,0.009434764400328255,0,4,0
2026092817,mert_v0,ambient_balanced,1.0,prior_offset,94,239,0.14296235789761982,0.4486066931506926,-0.008592683643341203,0.0008420807569870514,0,4,0
2026092817,mert_v0,ambient_balanced,1.0,temperature,94,239,0.1507754151463295,0.4682646194614726,-0.0007796263946315274,0.008655138005696728,0,4,0
2026092817,mert_v0,ambient_balanced,1.0,platt,94,239,0.14212027714063277,0.44553748119842,-0.009434764400328255,0.0,0,4,0
2026092817,mert_v0,ambient_balanced,1.0,beta,94,239,0.14197206217372915,0.4451358729839532,-0.009582979367231875,-0.00014821496690362035,0,4,2
2026092817,mert_v0,ambient_balanced,1.0,isotonic,94,239,0.14499059221884494,0.6144183792733355,-0.006564449322116084,0.002870315078212171,0,4,0
2026092817,mert_v0,ambient_balanced,1.0,ridge_platt,94,239,0.14334124594725933,0.44914754632018566,-0.008213795593701695,0.00122096880662656,0,4,0
2026092817,mert_v0,unweighted,0.25,raw,24,51,0.1424506894068714,0.4470462966699809,0.0,-0.010236887677433415,0,4,0
2026092817,mert_v0,unweighted,0.25,prior_offset,24,51,0.1424506894068714,0.4470462966699809,0.0,-0.010236887677433415,0,4,0
2026092817,mert_v0,unweighted,0.25,temperature,24,51,0.1459363621985105,0.4742333084132125,0.0034856727916391106,-0.006751214885794304,0,4,0
2026092817,mert_v0,unweighted,0.25,platt,24,51,0.1526875770843048,0.4978182489189278,0.010236887677433415,0.0,0,4,0
2026092817,mert_v0,unweighted,0.25,beta,24,51,0.15097553796492802,0.494101648726612,0.00852484855805663,-0.0017120391193767848,0,4,3
2026092817,mert_v0,unweighted,0.25,isotonic,24,51,0.15568473216621176,1.6642437539901949,0.01323404275934037,0.002997155081906955,0,4,0
2026092817,mert_v0,unweighted,0.25,ridge_platt,24,51,0.14855549114973876,0.4757493223880162,0.006104801742867372,-0.004132085934566043,0,4,0
2026092817,mert_v0,unweighted,0.5,raw,47,109,0.1424506894068714,0.4470462966699809,0.0,-0.0011212813209060812,0,4,0
2026092817,mert_v0,unweighted,0.5,prior_offset,47,109,0.1424506894068714,0.4470462966699809,0.0,-0.0011212813209060812,0,4,0
2026092817,mert_v0,unweighted,0.5,temperature,47,109,0.14267769705583244,0.45103320428211147,0.00022700764896105285,-0.0008942736719450284,0,4,0
2026092817,mert_v0,unweighted,0.5,platt,47,109,0.14357197072777747,0.4535027499203696,0.0011212813209060812,0.0,0,4,0
2026092817,mert_v0,unweighted,0.5,beta,47,109,0.1433942842465172,0.4512697073723363,0.0009435948396458171,-0.0001776864812602641,0,4,3
2026092817,mert_v0,unweighted,0.5,isotonic,47,109,0.14629185173432457,0.8210884274643935,0.0038411623274531848,0.0027198810065471035,0,4,0
2026092817,mert_v0,unweighted,0.5,ridge_platt,47,109,0.1431167939322704,0.45037365356725795,0.0006661045253990028,-0.00045517679550707846,0,4,0
2026092817,mert_v0,unweighted,1.0,raw,94,239,0.1424506894068714,0.4470462966699809,0.0,0.0006236291968666763,0,4,0
2026092817,mert_v0,unweighted,1.0,prior_offset,94,239,0.1424506894068714,0.4470462966699809,0.0,0.0006236291968666763,0,4,0
2026092817,mert_v0,unweighted,1.0,temperature,94,239,0.141911842102077,0.44541207764422486,-0.0005388473047943931,8.478189207228315e-05,0,4,0
2026092817,mert_v0,unweighted,1.0,platt,94,239,0.1418270602100047,0.44477972996165777,-0.0006236291968666763,0.0,0,4,0
2026092817,mert_v0,unweighted,1.0,beta,94,239,0.14152455346673815,0.44392599423178947,-0.0009261359401332436,-0.00030250674326656735,0,4,2
2026092817,mert_v0,unweighted,1.0,isotonic,94,239,0.14469231811375105,0.6447291227240044,0.0022416287068796614,0.0028652579037463377,0,4,0
2026092817,mert_v0,unweighted,1.0,ridge_platt,94,239,0.1424506894068714,0.4470462966699809,0.0,0.0006236291968666763,0,4,0
2026092817,mert_v1,ambient_balanced,0.25,raw,24,51,0.15439091452007545,0.47508873932729256,0.0,0.003318279917740974,0,4,0
2026092817,mert_v1,ambient_balanced,0.25,prior_offset,24,51,0.14387173035595094,0.45016962619977086,-0.010519184164124507,-0.007200904246383533,0,4,0
2026092817,mert_v1,ambient_balanced,0.25,temperature,24,51,0.1594704168643683,0.5137541572560599,0.005079502344292858,0.008397782262033832,0,4,0
2026092817,mert_v1,ambient_balanced,0.25,platt,24,51,0.15107263460233447,0.4929794150153251,-0.003318279917740974,0.0,0,4,0
2026092817,mert_v1,ambient_balanced,0.25,beta,24,51,0.15184787291412127,0.49286084889859316,-0.0025430416059541716,0.0007752383117868022,0,4,2
2026092817,mert_v1,ambient_balanced,0.25,isotonic,24,51,0.15765187766013047,1.6077285339289271,0.0032609631400550287,0.006579243057796003,0,4,0
2026092817,mert_v1,ambient_balanced,0.25,ridge_platt,24,51,0.15030649043930325,0.48839943779612893,-0.004084424080772198,-0.0007661441630312238,0,4,0
2026092817,mert_v1,ambient_balanced,0.5,raw,47,109,0.15439091452007545,0.47508873932729256,0.0,0.00822464765664821,0,4,0
2026092817,mert_v1,ambient_balanced,0.5,prior_offset,47,109,0.14387173035595094,0.45016962619977086,-0.010519184164124507,-0.002294536507476297,0,4,0
2026092817,mert_v1,ambient_balanced,0.5,temperature,47,109,0.15687604778761502,0.48582031793931163,0.0024851332675395743,0.010709780924187784,0,4,0
2026092817,mert_v1,ambient_balanced,0.5,platt,47,109,0.14616626686342724,0.4600416193496515,-0.00822464765664821,0.0,0,4,0
2026092817,mert_v1,ambient_balanced,0.5,beta,47,109,0.14669022474718674,0.4590156617914555,-0.007700689772888708,0.0005239578837595016,0,4,1
2026092817,mert_v1,ambient_balanced,0.5,isotonic,47,109,0.15040126891881248,0.628242285704568,-0.00398964560126297,0.00423500205538524,0,4,0
2026092817,mert_v1,ambient_balanced,0.5,ridge_platt,47,109,0.14635066135100663,0.45975554235689997,-0.008040253169068812,0.00018439448757939791,0,4,0
2026092817,mert_v1,ambient_balanced,1.0,raw,94,239,0.15439091452007545,0.47508873932729256,0.0,0.0107781423976413,0,4,0
2026092817,mert_v1,ambient_balanced,1.0,prior_offset,94,239,0.14387173035595094,0.45016962619977086,-0.010519184164124507,0.0002589582335167928,0,4,0
2026092817,mert_v1,ambient_balanced,1.0,temperature,94,239,0.15400394190956107,0.47349637110584786,-0.0003869726105143745,0.010391169787126925,0,4,0
2026092817,mert_v1,ambient_balanced,1.0,platt,94,239,0.14361277212243415,0.44796088178073884,-0.0107781423976413,0.0,0,4,0
2026092817,mert_v1,ambient_balanced,1.0,beta,94,239,0.14406128013703037,0.4492748322255269,-0.010329634383045072,0.00044850801459622724,0,4,1
2026092817,mert_v1,ambient_balanced,1.0,isotonic,94,239,0.14558435169916434,0.6112757819996297,-0.008806562820911107,0.0019715795767301925,0,4,0
2026092817,mert_v1,ambient_balanced,1.0,ridge_platt,94,239,0.14452920242465264,0.4512286728865013,-0.009861712095422803,0.0009164303022184961,0,4,0
2026092817,mert_v1,unweighted,0.25,raw,24,51,0.14356237262777938,0.44924570573844685,0.0,-0.0074404261362161495,0,4,0
2026092817,mert_v1,unweighted,0.25,prior_offset,24,51,0.14356237262777938,0.44924570573844685,0.0,-0.0074404261362161495,0,4,0
2026092817,mert_v1,unweighted,0.25,temperature,24,51,0.14880853163481367,0.4885607119357228,0.00524615900703429,-0.0021942671291818594,0,4,0
2026092817,mert_v1,unweighted,0.25,platt,24,51,0.15100279876399553,0.4931990379065608,0.0074404261362161495,0.0,0,4,0
2026092817,mert_v1,unweighted,0.25,beta,24,51,0.15165213279599457,0.4915585416873314,0.008089760168215193,0.0006493340319990437,0,4,2
2026092817,mert_v1,unweighted,0.25,isotonic,24,51,0.15717909208271716,1.5739361897550006,0.013616719454937781,0.006176293318721632,0,4,0
2026092817,mert_v1,unweighted,0.25,ridge_platt,24,51,0.15033279559239163,0.4886471590544153,0.006770422964612249,-0.0006700031716039001,0,4,0
2026092817,mert_v1,unweighted,0.5,raw,47,109,0.14356237262777938,0.44924570573844685,0.0,-0.0023643662433905366,0,4,0
2026092817,mert_v1,unweighted,0.5,prior_offset,47,109,0.14356237262777938,0.44924570573844685,0.0,-0.0023643662433905366,0,4,0
2026092817,mert_v1,unweighted,0.5,temperature,47,109,0.1447870337368043,0.4565234333841634,0.001224661109024916,-0.0011397051343656206,0,4,0
2026092817,mert_v1,unweighted,0.5,platt,47,109,0.14592673887116991,0.4596102995556931,0.0023643662433905366,0.0,0,4,0
2026092817,mert_v1,unweighted,0.5,beta,47,109,0.1463254597141141,0.45840873705649826,0.0027630870863347146,0.000398720842944178,0,4,1
2026092817,mert_v1,unweighted,0.5,isotonic,47,109,0.15055451975574327,0.6945399335244993,0.006992147127963894,0.004627780884573357,0,4,0
2026092817,mert_v1,unweighted,0.5,ridge_platt,47,109,0.14523447609152978,0.4572102731987653,0.0016721034637504073,-0.0006922627796401293,0,4,0
2026092817,mert_v1,unweighted,1.0,raw,94,239,0.14356237262777938,0.44924570573844685,0.0,6.730149919523254e-05,0,4,0
2026092817,mert_v1,unweighted,1.0,prior_offset,94,239,0.14356237262777938,0.44924570573844685,0.0,6.730149919523254e-05,0,4,0
2026092817,mert_v1,unweighted,1.0,temperature,94,239,0.14313412075651688,0.4475483333615343,-0.0004282518712624972,-0.00036095037206726466,0,4,0
2026092817,mert_v1,unweighted,1.0,platt,94,239,0.14349507112858415,0.4478957163143957,-6.730149919523254e-05,0.0,0,4,0
2026092817,mert_v1,unweighted,1.0,beta,94,239,0.1436347005214929,0.4484336870785099,7.232789371353077e-05,0.0001396293929087633,0,4,1
2026092817,mert_v1,unweighted,1.0,isotonic,94,239,0.1453306806875912,0.676538478068554,0.0017683080598118184,0.001835609559007051,0,4,0
2026092817,mert_v1,unweighted,1.0,ridge_platt,94,239,0.14433887422155134,0.45099803989487025,0.000776501593771961,0.0008438030929671936,0,4,0
2026092818,maest,ambient_balanced,0.25,raw,24,62,0.13242659467478496,0.4161373649241842,0.0,-0.011588809290838525,0,4,0
2026092818,maest,ambient_balanced,0.25,prior_offset,24,62,0.1263255033846111,0.4035869937871819,-0.00610109129017386,-0.017689900581012385,0,4,0
2026092818,maest,ambient_balanced,0.25,temperature,24,62,0.1410028783421046,0.4435374268020423,0.008576283667319634,-0.0030125256235188913,0,4,0
2026092818,maest,ambient_balanced,0.25,platt,24,62,0.14401540396562348,0.45017840739779913,0.011588809290838525,0.0,0,4,0
2026092818,maest,ambient_balanced,0.25,beta,24,62,0.14284160845174643,0.44645671644610074,0.010415013776961468,-0.0011737955138770573,0,4,3
2026092818,maest,ambient_balanced,0.25,isotonic,24,62,0.147016350736855,1.0477631134288472,0.014589756062070053,0.0030009467712315274,0,4,0
2026092818,maest,ambient_balanced,0.25,ridge_platt,24,62,0.13491715539081223,0.42479388467044754,0.002490560716027268,-0.009098248574811257,0,4,0
2026092818,maest,ambient_balanced,0.5,raw,47,120,0.13242659467478496,0.4161373649241842,0.0,-0.0001456585274029476,0,4,0
2026092818,maest,ambient_balanced,0.5,prior_offset,47,120,0.1263255033846111,0.4035869937871819,-0.00610109129017386,-0.006246749817576808,0,4,0
2026092818,maest,ambient_balanced,0.5,temperature,47,120,0.13609383352396767,0.42922425106898426,0.0036672388491827135,0.003521580321779766,0,4,0
2026092818,maest,ambient_balanced,0.5,platt,47,120,0.1325722532021879,0.4208833401083659,0.0001456585274029476,0.0,0,4,0
2026092818,maest,ambient_balanced,0.5,beta,47,120,0.13488590310674725,0.4226138013959006,0.0024593084319622927,0.002313649904559345,0,4,1
2026092818,maest,ambient_balanced,0.5,isotonic,47,120,0.1346909117577512,0.484538517117733,0.002264317082966233,0.0021186585555632853,0,4,0
2026092818,maest,ambient_balanced,0.5,ridge_platt,47,120,0.13242659467478496,0.4161373649241842,0.0,-0.0001456585274029476,0,4,0
2026092818,maest,ambient_balanced,1.0,raw,94,232,0.13242659467478496,0.4161373649241842,0.0,0.004439584509611821,0,4,0
2026092818,maest,ambient_balanced,1.0,prior_offset,94,232,0.1263255033846111,0.4035869937871819,-0.00610109129017386,-0.0016615067805620387,0,4,0
2026092818,maest,ambient_balanced,1.0,temperature,94,232,0.13431023821200164,0.42493368295548656,0.0018836435372166782,0.0063232280468285,0,4,0
2026092818,maest,ambient_balanced,1.0,platt,94,232,0.12798701016517314,0.4091360988987235,-0.004439584509611821,0.0,0,4,0
2026092818,maest,ambient_balanced,1.0,beta,94,232,0.12981698942246242,0.41111111987013665,-0.002609605252322539,0.0018299792572892826,0,4,1
2026092818,maest,ambient_balanced,1.0,isotonic,94,232,0.12875613612467177,0.4715842434118532,-0.0036704585501131926,0.0007691259594986288,0,4,0
2026092818,maest,ambient_balanced,1.0,ridge_platt,94,232,0.1263607479716388,0.40308990093084585,-0.006065846703146166,-0.0016262621935343446,0,4,0
2026092818,maest,unweighted,0.25,raw,24,62,0.12496107708455753,0.3981376502127121,0.0,-0.018363489237588904,0,4,0
2026092818,maest,unweighted,0.25,prior_offset,24,62,0.12496107708455753,0.3981376502127121,0.0,-0.018363489237588904,0,4,0
2026092818,maest,unweighted,0.25,temperature,24,62,0.13718218230503482,0.4358060661622452,0.012221105220477285,-0.006142384017111618,0,4,0
2026092818,maest,unweighted,0.25,platt,24,62,0.14332456632214643,0.4485544135654865,0.018363489237588904,0.0,0,4,0
2026092818,maest,unweighted,0.25,beta,24,62,0.14182275987361745,0.4452314265720876,0.016861682789059917,-0.0015018064485289861,0,4,3
2026092818,maest,unweighted,0.25,isotonic,24,62,0.14719088898425506,1.0475120049903957,0.022229811899697527,0.0038663226621086233,0,4,0
2026092818,maest,unweighted,0.25,ridge_platt,24,62,0.1316843216521753,0.4205705789392788,0.0067232445676177754,-0.011640244669971128,0,4,0
2026092818,maest,unweighted,0.5,raw,47,120,0.12496107708455753,0.3981376502127121,0.0,-0.006907919869918788,0,4,0
2026092818,maest,unweighted,0.5,prior_offset,47,120,0.12496107708455753,0.3981376502127121,0.0,-0.006907919869918788,0,4,0
2026092818,maest,unweighted,0.5,temperature,47,120,0.13083674437822793,0.4186363879649206,0.005875667293670395,-0.0010322525762483936,0,4,0
2026092818,maest,unweighted,0.5,platt,47,120,0.13186899695447632,0.4191309516703857,0.006907919869918788,0.0,0,4,0
2026092818,maest,unweighted,0.5,beta,47,120,0.133274123978965,0.4193024100459771,0.008313046894407455,0.0014051270244886671,0,4,2
2026092818,maest,unweighted,0.5,isotonic,47,120,0.13547690349229036,0.48608585179318853,0.010515826407732826,0.0036079065378140374,0,4,0
2026092818,maest,unweighted,0.5,ridge_platt,47,120,0.12484146984211664,0.397872307230225,-0.00011960724244089449,-0.007027527112359683,0,4,0
2026092818,maest,unweighted,1.0,raw,94,232,0.12496107708455753,0.3981376502127121,0.0,-0.002454061053068418,0,4,0
2026092818,maest,unweighted,1.0,prior_offset,94,232,0.12496107708455753,0.3981376502127121,0.0,-0.002454061053068418,0,4,0
2026092818,maest,unweighted,1.0,temperature,94,232,0.12677663046062235,0.40637654442374627,0.0018155533760648157,-0.0006385076770036024,0,4,0
2026092818,maest,unweighted,1.0,platt,94,232,0.12741513813762595,0.4076473869322436,0.002454061053068418,0.0,0,4,0
2026092818,maest,unweighted,1.0,beta,94,232,0.12839085765157737,0.4076129819074605,0.003429780567019841,0.000975719513951423,0,4,1
2026092818,maest,unweighted,1.0,isotonic,94,232,0.12922078377680443,0.47181872803049396,0.004259706692246901,0.0018056456391784825,0,4,0
2026092818,maest,unweighted,1.0,ridge_platt,94,232,0.12556283116863107,0.4008972372860268,0.0006017540840735358,-0.0018523069689948823,0,4,0
2026092818,mert_v0,ambient_balanced,0.25,raw,24,62,0.15630134283231867,0.47897186519340956,0.0,-0.0032813484848641106,0,4,0
2026092818,mert_v0,ambient_balanced,0.25,prior_offset,24,62,0.14443305014473,0.4507357797009966,-0.011868292687588655,-0.015149641172452766,0,4,0
2026092818,mert_v0,ambient_balanced,0.25,temperature,24,62,0.1594419682162033,0.4896562513428834,0.0031406253838846265,-0.00014072310097948404,0,4,0
2026092818,mert_v0,ambient_balanced,0.25,platt,24,62,0.15958269131718278,0.48972771558933026,0.0032813484848641106,0.0,0,4,0
2026092818,mert_v0,ambient_balanced,0.25,beta,24,62,0.1565046183126972,0.4822234212185651,0.00020327548037854526,-0.0030780730044855653,0,4,2
2026092818,mert_v0,ambient_balanced,0.25,isotonic,24,62,0.15652791367927857,0.6711296903081758,0.00022657084695990037,-0.00305477763790421,0,4,0
2026092818,mert_v0,ambient_balanced,0.25,ridge_platt,24,62,0.15630134283231867,0.47897186519340956,0.0,-0.0032813484848641106,0,4,0
2026092818,mert_v0,ambient_balanced,0.5,raw,47,120,0.15630134283231867,0.47897186519340956,0.0,0.006288319703462136,0,4,0
2026092818,mert_v0,ambient_balanced,0.5,prior_offset,47,120,0.14443305014473,0.4507357797009966,-0.011868292687588655,-0.005579972984126519,0,4,0
2026092818,mert_v0,ambient_balanced,0.5,temperature,47,120,0.15718810082561618,0.48158324301209066,0.0008867579932975156,0.007175077696759652,0,4,0
2026092818,mert_v0,ambient_balanced,0.5,platt,47,120,0.15001302312885653,0.4659678922097898,-0.006288319703462136,0.0,0,4,0
2026092818,mert_v0,ambient_balanced,0.5,beta,47,120,0.1487063889316038,0.4608027547582978,-0.007594953900714879,-0.0013066341972527429,0,4,2
2026092818,mert_v0,ambient_balanced,0.5,isotonic,47,120,0.15273509332136778,0.6663181122794247,-0.0035662495109508863,0.00272207019251125,0,4,0
2026092818,mert_v0,ambient_balanced,0.5,ridge_platt,47,120,0.15630134283231867,0.47897186519340956,0.0,0.006288319703462136,0,4,0
2026092818,mert_v0,ambient_balanced,1.0,raw,94,232,0.15630134283231867,0.47897186519340956,0.0,0.01418871906972577,0,4,0
2026092818,mert_v0,ambient_balanced,1.0,prior_offset,94,232,0.14443305014473,0.4507357797009966,-0.011868292687588655,0.002320426382137114,0,4,0
2026092818,mert_v0,ambient_balanced,1.0,temperature,94,232,0.15633596431296012,0.4801848282998875,3.462148064145576e-05,0.014223340550367225,0,4,0
2026092818,mert_v0,ambient_balanced,1.0,platt,94,232,0.1421126237625929,0.4489749945686462,-0.01418871906972577,0.0,0,4,0
2026092818,mert_v0,ambient_balanced,1.0,beta,94,232,0.1425282507922813,0.4453938581095222,-0.013773092040037377,0.0004156270296883924,0,4,3
2026092818,mert_v0,ambient_balanced,1.0,isotonic,94,232,0.14582945203942888,0.6199051826969127,-0.010471890792889793,0.003716828276835976,0,4,0
2026092818,mert_v0,ambient_balanced,1.0,ridge_platt,94,232,0.1422700917306901,0.44981402026498213,-0.014031251101628561,0.00015746796809720798,0,4,0
2026092818,mert_v0,unweighted,0.25,raw,24,62,0.14383312528452857,0.4490031779814187,0.0,-0.015815030725877338,0,4,0
2026092818,mert_v0,unweighted,0.25,prior_offset,24,62,0.14383312528452857,0.4490031779814187,0.0,-0.015815030725877338,0,4,0
2026092818,mert_v0,unweighted,0.25,temperature,24,62,0.15649569121325232,0.4843943316335313,0.012662565928723751,-0.003152464797153587,0,4,0
2026092818,mert_v0,unweighted,0.25,platt,24,62,0.1596481560104059,0.4900544913566469,0.015815030725877338,0.0,0,4,0
2026092818,mert_v0,unweighted,0.25,beta,24,62,0.15681137473869777,0.48382599722159003,0.0129782494541692,-0.0028367812717081387,0,4,2
2026092818,mert_v0,unweighted,0.25,isotonic,24,62,0.15569815692519165,0.6700876255621697,0.011865031640663076,-0.003949999085214262,0,4,0
2026092818,mert_v0,unweighted,0.25,ridge_platt,24,62,0.1489761415457127,0.4645489508088519,0.00514301626118413,-0.010672014464693208,0,4,0
2026092818,mert_v0,unweighted,0.5,raw,47,120,0.14383312528452857,0.4490031779814187,0.0,-0.0059752154117396206,0,4,0
2026092818,mert_v0,unweighted,0.5,prior_offset,47,120,0.14383312528452857,0.4490031779814187,0.0,-0.0059752154117396206,0,4,0
2026092818,mert_v0,unweighted,0.5,temperature,47,120,0.14851586669308903,0.46410926904404926,0.0046827414085604535,-0.001292474003179167,0,4,0
2026092818,mert_v0,unweighted,0.5,platt,47,120,0.1498083406962682,0.4658121322429176,0.0059752154117396206,0.0,0,4,0
2026092818,mert_v0,unweighted,0.5,beta,47,120,0.1486299193979914,0.4607257617599531,0.004796794113462816,-0.001178421298276805,0,4,2
2026092818,mert_v0,unweighted,0.5,isotonic,47,120,0.1517097224523271,0.6982392037736322,0.007876597167798538,0.0019013817560589175,0,4,0
2026092818,mert_v0,unweighted,0.5,ridge_platt,47,120,0.14383312528452857,0.4490031779814187,0.0,-0.0059752154117396206,0,4,0
2026092818,mert_v0,unweighted,1.0,raw,94,232,0.14383312528452857,0.4490031779814187,0.0,0.0019785402078759395,0,4,0
2026092818,mert_v0,unweighted,1.0,prior_offset,94,232,0.14383312528452857,0.4490031779814187,0.0,0.0019785402078759395,0,4,0
2026092818,mert_v0,unweighted,1.0,temperature,94,232,0.14402357240988092,0.45156464357151005,0.00019044712535234987,0.0021689873332282894,0,4,0
2026092818,mert_v0,unweighted,1.0,platt,94,232,0.14185458507665263,0.4487724074917725,-0.0019785402078759395,0.0,0,4,0
2026092818,mert_v0,unweighted,1.0,beta,94,232,0.14213987760642696,0.4450930277954393,-0.0016932476781016115,0.00028529252977432806,0,4,3
2026092818,mert_v0,unweighted,1.0,isotonic,94,232,0.14576846736694066,0.6207012529298094,0.0019353420824120837,0.003913882290288023,0,4,0
2026092818,mert_v0,unweighted,1.0,ridge_platt,94,232,0.1413832682088288,0.44815805128948494,-0.0024498570756997795,-0.00047131686782383997,0,4,0
2026092818,mert_v1,ambient_balanced,0.25,raw,24,62,0.15782969449920206,0.4826748373272127,0.0,0.0017398322933797894,0,4,0
2026092818,mert_v1,ambient_balanced,0.25,prior_offset,24,62,0.1460964969214961,0.45322027778799356,-0.011733197577705967,-0.009993365284326178,0,4,0
2026092818,mert_v1,ambient_balanced,0.25,temperature,24,62,0.15998973961010932,0.4899753000120712,0.002160045110907255,0.0038998774042870443,0,4,0
2026092818,mert_v1,ambient_balanced,0.25,platt,24,62,0.15608986220582227,0.4806903314677408,-0.0017398322933797894,0.0,0,4,0
2026092818,mert_v1,ambient_balanced,0.25,beta,24,62,0.15801662736115335,0.4872755541304538,0.0001869328619512889,0.0019267651553310783,0,4,4
2026092818,mert_v1,ambient_balanced,0.25,isotonic,24,62,0.159235421369228,0.9077228607610047,0.0014057268700259362,0.0031455591634057256,0,4,0
2026092818,mert_v1,ambient_balanced,0.25,ridge_platt,24,62,0.15782969449920206,0.4826748373272127,0.0,0.0017398322933797894,0,4,0
2026092818,mert_v1,ambient_balanced,0.5,raw,47,120,0.15782969449920206,0.4826748373272127,0.0,0.005078675572868507,0,4,0
2026092818,mert_v1,ambient_balanced,0.5,prior_offset,47,120,0.1460964969214961,0.45322027778799356,-0.011733197577705967,-0.00665452200483746,0,4,0
2026092818,mert_v1,ambient_balanced,0.5,temperature,47,120,0.16042012076549744,0.49024811090284137,0.0025904262662953814,0.007669101839163889,0,4,0
2026092818,mert_v1,ambient_balanced,0.5,platt,47,120,0.15275101892633355,0.4727209563856983,-0.005078675572868507,0.0,0,4,0
2026092818,mert_v1,ambient_balanced,0.5,beta,47,120,0.15377224519409333,0.4760950117112908,-0.004057449305108735,0.0010212262677597728,0,4,0
2026092818,mert_v1,ambient_balanced,0.5,isotonic,47,120,0.16082262691737811,1.018986165166782,0.002992932418176053,0.00807160799104456,0,4,0
2026092818,mert_v1,ambient_balanced,0.5,ridge_platt,47,120,0.15668669896486384,0.4811157920701444,-0.0011429955343382203,0.003935680038530287,0,4,0
2026092818,mert_v1,ambient_balanced,1.0,raw,94,232,0.15782969449920206,0.4826748373272127,0.0,0.012598562275742409,0,4,0
2026092818,mert_v1,ambient_balanced,1.0,prior_offset,94,232,0.1460964969214961,0.45322027778799356,-0.011733197577705967,0.0008653646980364416,0,4,0
2026092818,mert_v1,ambient_balanced,1.0,temperature,94,232,0.1584686544559426,0.48551329061465426,0.0006389599567405424,0.013237522232482951,0,4,0
2026092818,mert_v1,ambient_balanced,1.0,platt,94,232,0.14523113222345965,0.4562582256177275,-0.012598562275742409,0.0,0,4,0
2026092818,mert_v1,ambient_balanced,1.0,beta,94,232,0.14532941726828771,0.4543163591514008,-0.012500277230914347,9.828504482806144e-05,0,4,1
2026092818,mert_v1,ambient_balanced,1.0,isotonic,94,232,0.15121184857428493,0.8294184224083243,-0.006617845924917126,0.0059807163508252825,0,4,0
2026092818,mert_v1,ambient_balanced,1.0,ridge_platt,94,232,0.14533753045079933,0.45456082157661726,-0.012492164048402726,0.0001063982273396824,0,4,0
2026092818,mert_v1,unweighted,0.25,raw,24,62,0.14561095456332607,0.4521780377046617,0.0,-0.01094722287372693,0,4,0
2026092818,mert_v1,unweighted,0.25,prior_offset,24,62,0.14561095456332607,0.4521780377046617,0.0,-0.01094722287372693,0,4,0
2026092818,mert_v1,unweighted,0.25,temperature,24,62,0.15808476342550454,0.48744034180812074,0.01247380886217847,0.0015265859884515398,0,4,0
2026092818,mert_v1,unweighted,0.25,platt,24,62,0.156558177437053,0.4824128311844453,0.01094722287372693,0.0,0,4,0
2026092818,mert_v1,unweighted,0.25,beta,24,62,0.158892286819532,0.4909915004464526,0.013281332256205924,0.002334109382478994,0,4,4
2026092818,mert_v1,unweighted,0.25,isotonic,24,62,0.1594683748090264,0.9730198619468708,0.01385742024570033,0.0029101973719733998,0,4,0
2026092818,mert_v1,unweighted,0.25,ridge_platt,24,62,0.1501235054568879,0.4666608575555927,0.00451255089356184,-0.006434671980165091,0,4,0
2026092818,mert_v1,unweighted,0.5,raw,47,120,0.14561095456332607,0.4521780377046617,0.0,-0.006898886010715893,0,4,0
2026092818,mert_v1,unweighted,0.5,prior_offset,47,120,0.14561095456332607,0.4521780377046617,0.0,-0.006898886010715893,0,4,0
2026092818,mert_v1,unweighted,0.5,temperature,47,120,0.15125486048546782,0.4711630866806336,0.0056439059221417565,-0.001254980088574137,0,4,0
2026092818,mert_v1,unweighted,0.5,platt,47,120,0.15250984057404196,0.47264617039690643,0.006898886010715893,0.0,0,4,0
2026092818,mert_v1,unweighted,0.5,beta,47,120,0.15299781975618765,0.47316860980487524,0.00738686519286158,0.0004879791821456869,0,4,0
2026092818,mert_v1,unweighted,0.5,isotonic,47,120,0.1612742297278189,1.083513769502658,0.01566327516449284,0.008764389153776947,0,4,0
2026092818,mert_v1,unweighted,0.5,ridge_platt,47,120,0.14446795902898785,0.45061899244759335,-0.0011429955343382203,-0.008041881545054114,0,4,0
2026092818,mert_v1,unweighted,1.0,raw,94,232,0.14561095456332607,0.4521780377046617,0.0,0.000665030112231263,0,4,0
2026092818,mert_v1,unweighted,1.0,prior_offset,94,232,0.14561095456332607,0.4521780377046617,0.0,0.000665030112231263,0,4,0
2026092818,mert_v1,unweighted,1.0,temperature,94,232,0.14627789125263216,0.4565057980360582,0.0006669366893060913,0.0013319668015373543,0,4,0
2026092818,mert_v1,unweighted,1.0,platt,94,232,0.1449459244510948,0.4560952255870855,-0.000665030112231263,0.0,0,4,0
2026092818,mert_v1,unweighted,1.0,beta,94,232,0.145305085170261,0.454856865295996,-0.0003058693930650669,0.0003591607191661961,0,4,2
2026092818,mert_v1,unweighted,1.0,isotonic,94,232,0.1508590223016094,0.829899420341592,0.005248067738283346,0.005913097850514609,0,4,0
2026092818,mert_v1,unweighted,1.0,ridge_platt,94,232,0.14451983846428196,0.4529691998916161,-0.0010911160990441093,-0.0004260859868128464,0,4,0
2026092819,maest,ambient_balanced,0.25,raw,24,63,0.14691881726478126,0.4554579534240617,0.0,-0.000684824264245959,0,4,0
2026092819,maest,ambient_balanced,0.25,prior_offset,24,63,0.14312353402871858,0.4436471185961853,-0.00379528323606268,-0.004480107500308639,0,4,0
2026092819,maest,ambient_balanced,0.25,temperature,24,63,0.15067431476748855,0.48501834518201375,0.003755497502707289,0.00307067323846133,0,4,0
2026092819,maest,ambient_balanced,0.25,platt,24,63,0.14760364152902722,0.4804409820856378,0.000684824264245959,0.0,0,4,0
2026092819,maest,ambient_balanced,0.25,beta,24,63,0.1514146446184115,0.48671852195264154,0.004495827353630244,0.003811003089384285,0,4,2
2026092819,maest,ambient_balanced,0.25,isotonic,24,63,0.17059449746676367,2.1848352857019235,0.023675680201982408,0.02299085593773645,0,4,0
2026092819,maest,ambient_balanced,0.25,ridge_platt,24,63,0.1475903475402973,0.45978353957630147,0.0006715302755160302,-1.3293988729928818e-05,0,4,0
2026092819,maest,ambient_balanced,0.5,raw,47,126,0.14691881726478126,0.4554579534240617,0.0,-0.0009172679751544843,0,4,0
2026092819,maest,ambient_balanced,0.5,prior_offset,47,126,0.14312353402871858,0.4436471185961853,-0.00379528323606268,-0.004712551211217164,0,4,0
2026092819,maest,ambient_balanced,0.5,temperature,47,126,0.15090588119511492,0.4860228628673604,0.003987063930333656,0.003069795955179172,0,4,0
2026092819,maest,ambient_balanced,0.5,platt,47,126,0.14783608523993574,0.47323257871172714,0.0009172679751544843,0.0,0,4,0
2026092819,maest,ambient_balanced,0.5,beta,47,126,0.14960115463150056,0.4833770951444395,0.0026823373667193007,0.0017650693915648163,0,4,2
2026092819,maest,ambient_balanced,0.5,isotonic,47,126,0.15619418640606456,1.3908009457319297,0.009275369141283296,0.008358101166128812,0,4,0
2026092819,maest,ambient_balanced,0.5,ridge_platt,47,126,0.1458611855840291,0.46394042841090766,-0.0010576316807521524,-0.0019748996559066367,0,4,0
2026092819,maest,ambient_balanced,1.0,raw,94,234,0.14691881726478126,0.4554579534240617,0.0,0.001594105485937608,0,4,0
2026092819,maest,ambient_balanced,1.0,prior_offset,94,234,0.14312353402871858,0.4436471185961853,-0.00379528323606268,-0.0022011777501250718,0,4,0
2026092819,maest,ambient_balanced,1.0,temperature,94,234,0.1481933822491797,0.4623063687710621,0.0012745649843984297,0.0028686704703360377,0,4,0
2026092819,maest,ambient_balanced,1.0,platt,94,234,0.14532471177884365,0.45224482201161564,-0.001594105485937608,0.0,0,4,0
2026092819,maest,ambient_balanced,1.0,beta,94,234,0.14653534568750573,0.45905566756955996,-0.0003834715772755293,0.0012106339086620788,0,4,0
2026092819,maest,ambient_balanced,1.0,isotonic,94,234,0.15256250055720338,0.8539929696979145,0.005643683292422125,0.007237788778359733,0,4,0
2026092819,maest,ambient_balanced,1.0,ridge_platt,94,234,0.14347065667702796,0.4473160853773729,-0.003448160587753296,-0.0018540551018156881,0,4,0
2026092819,maest,unweighted,0.25,raw,24,63,0.1419148237461504,0.4400306833366228,0.0,-0.005892113048894643,0,4,0
2026092819,maest,unweighted,0.25,prior_offset,24,63,0.1419148237461504,0.4400306833366228,0.0,-0.005892113048894643,0,4,0
2026092819,maest,unweighted,0.25,temperature,24,63,0.14576160418066197,0.47395816927239537,0.0038467804345115875,-0.0020453326143830552,0,4,0
2026092819,maest,unweighted,0.25,platt,24,63,0.14780693679504503,0.4806184350184543,0.005892113048894643,0.0,0,4,0
2026092819,maest,unweighted,0.25,beta,24,63,0.15282358675885097,0.4955448348534708,0.010908763012700579,0.005016649963805936,0,4,2
2026092819,maest,unweighted,0.25,isotonic,24,63,0.16845047580102598,2.2754491191821593,0.026535652054875597,0.020643539005980954,0,4,0
2026092819,maest,unweighted,0.25,ridge_platt,24,63,0.14258635402166642,0.4443562694888626,0.0006715302755160302,-0.0052205827733786125,0,4,0
2026092819,maest,unweighted,0.5,raw,47,126,0.1419148237461504,0.4400306833366228,0.0,-0.0058578643044069345,0,4,0
2026092819,maest,unweighted,0.5,prior_offset,47,126,0.1419148237461504,0.4400306833366228,0.0,-0.0058578643044069345,0,4,0
2026092819,maest,unweighted,0.5,temperature,47,126,0.1441300792862209,0.46741214552650345,0.0022152555400705154,-0.003642608764336419,0,4,0
2026092819,maest,unweighted,0.5,platt,47,126,0.14777268805055732,0.4729250317763817,0.0058578643044069345,0.0,0,4,0
2026092819,maest,unweighted,0.5,beta,47,126,0.1496218353109611,0.4832831630877821,0.007707011564810712,0.0018491472604037773,0,4,2
2026092819,maest,unweighted,0.5,isotonic,47,126,0.1552881498615255,1.3557387974737656,0.013373326115375117,0.0075154618109681826,0,4,0
2026092819,maest,unweighted,0.5,ridge_platt,47,126,0.145809381513713,0.46361286067511426,0.0038945577675626175,-0.001963306536844317,0,4,0
2026092819,maest,unweighted,1.0,raw,94,234,0.1419148237461504,0.4400306833366228,0.0,-0.0033403373638665745,0,4,0
2026092819,maest,unweighted,1.0,prior_offset,94,234,0.1419148237461504,0.4400306833366228,0.0,-0.0033403373638665745,0,4,0
2026092819,maest,unweighted,1.0,temperature,94,234,0.1419202780282497,0.4433583339262744,5.4542820993042085e-06,-0.0033348830817672703,0,4,0
2026092819,maest,unweighted,1.0,platt,94,234,0.14525516111001696,0.45191800888074096,0.0033403373638665745,0.0,0,4,0
2026092819,maest,unweighted,1.0,beta,94,234,0.14653924157171241,0.4589649554557115,0.004624417825562027,0.0012840804616954526,0,4,0
2026092819,maest,unweighted,1.0,isotonic,94,234,0.15184554854431326,0.8516969839171388,0.009930724798162871,0.0065903874342962965,0,4,0
2026092819,maest,unweighted,1.0,ridge_platt,94,234,0.14379510667589054,0.4475770237222596,0.0018802829297401569,-0.0014600544341264177,0,4,0
2026092819,mert_v0,ambient_balanced,0.25,raw,24,63,0.16010162615838908,0.4901589565346102,0.0,0.006023633669999362,0,4,0
2026092819,mert_v0,ambient_balanced,0.25,prior_offset,24,63,0.15170958053430864,0.46755681261485443,-0.00839204562408044,-0.002368411954081079,0,4,0
2026092819,mert_v0,ambient_balanced,0.25,temperature,24,63,0.1616044920080361,0.5037894681023103,0.0015028658496470115,0.0075264995196463735,0,4,0
2026092819,mert_v0,ambient_balanced,0.25,platt,24,63,0.15407799248838971,0.4848914564757797,-0.006023633669999362,0.0,0,4,0
2026092819,mert_v0,ambient_balanced,0.25,beta,24,63,0.15687869689838796,0.49005300932626183,-0.0032229292600011172,0.0028007044099982448,0,4,2
2026092819,mert_v0,ambient_balanced,0.25,isotonic,24,63,0.1721541203716749,1.5564193802677502,0.01205249421328583,0.018076127883285192,0,4,0
2026092819,mert_v0,ambient_balanced,0.25,ridge_platt,24,63,0.16032193140884002,0.4932689067339729,0.00022030525045094174,0.006243938920450304,0,4,0
2026092819,mert_v0,ambient_balanced,0.5,raw,47,126,0.16010162615838908,0.4901589565346102,0.0,0.005756431905279302,0,4,0
2026092819,mert_v0,ambient_balanced,0.5,prior_offset,47,126,0.15170958053430864,0.46755681261485443,-0.00839204562408044,-0.0026356137188011386,0,4,0
2026092819,mert_v0,ambient_balanced,0.5,temperature,47,126,0.16327070970032231,0.5198548417916666,0.0031690835419332375,0.00892551544721254,0,4,0
2026092819,mert_v0,ambient_balanced,0.5,platt,47,126,0.15434519425310977,0.491458006117059,-0.005756431905279302,0.0,0,4,0
2026092819,mert_v0,ambient_balanced,0.5,beta,47,126,0.15579350846849352,0.49464442989035917,-0.0043081176898955575,0.0014483142153837447,0,4,1
2026092819,mert_v0,ambient_balanced,0.5,isotonic,47,126,0.1583597554510841,0.97683143487416,-0.001741870707304971,0.004014561197974331,0,4,0
2026092819,mert_v0,ambient_balanced,0.5,ridge_platt,47,126,0.15293745441169143,0.48437017682407274,-0.007164171746697645,-0.0014077398414183429,0,4,0
2026092819,mert_v0,ambient_balanced,1.0,raw,94,234,0.16010162615838908,0.4901589565346102,0.0,0.007755849156854566,0,4,0
2026092819,mert_v0,ambient_balanced,1.0,prior_offset,94,234,0.15170958053430864,0.46755681261485443,-0.00839204562408044,-0.0006361964672258746,0,4,0
2026092819,mert_v0,ambient_balanced,1.0,temperature,94,234,0.16084145738518893,0.496969057330218,0.000739831226799853,0.00849568038365442,0,4,0
2026092819,mert_v0,ambient_balanced,1.0,platt,94,234,0.1523457770015345,0.47406767668851224,-0.007755849156854566,0.0,0,4,0
2026092819,mert_v0,ambient_balanced,1.0,beta,94,234,0.15290263858125783,0.4748284633923249,-0.0071989875771312495,0.0005568615797233167,0,4,0
2026092819,mert_v0,ambient_balanced,1.0,isotonic,94,234,0.15586969242729723,0.8984275873875208,-0.004231933731091847,0.003523915425762719,0,4,0
2026092819,mert_v0,ambient_balanced,1.0,ridge_platt,94,234,0.15167069826872934,0.47139807609945156,-0.00843092788965974,-0.0006750787328051733,0,4,0
2026092819,mert_v0,unweighted,0.25,raw,24,63,0.15097986452970058,0.4663225851807355,0.0,-0.0037185949331916546,0,4,0
2026092819,mert_v0,unweighted,0.25,prior_offset,24,63,0.15097986452970058,0.4663225851807355,0.0,-0.0037185949331916546,0,4,0
2026092819,mert_v0,unweighted,0.25,temperature,24,63,0.1530188947136953,0.4843391486708742,0.0020390301839947333,-0.0016795647491969212,0,4,0
2026092819,mert_v0,unweighted,0.25,platt,24,63,0.15469845946289223,0.48643831228175016,0.0037185949331916546,0.0,0,4,0
2026092819,mert_v0,unweighted,0.25,beta,24,63,0.15816632684528348,0.49517885918142,0.007186462315582898,0.003467867382391243,0,4,2
2026092819,mert_v0,unweighted,0.25,isotonic,24,63,0.17385804824204007,1.5621878165062808,0.02287818371233949,0.019159588779147835,0,4,0
2026092819,mert_v0,unweighted,0.25,ridge_platt,24,63,0.15120016978015155,0.4694325353800982,0.0002203052504509695,-0.003498289682740685,0,4,0
2026092819,mert_v0,unweighted,0.5,raw,47,126,0.15097986452970058,0.4663225851807355,0.0,-0.0033496693369648445,0,4,0
2026092819,mert_v0,unweighted,0.5,prior_offset,47,126,0.15097986452970058,0.4663225851807355,0.0,-0.0033496693369648445,0,4,0
2026092819,mert_v0,unweighted,0.5,temperature,47,126,0.15355280753237988,0.49510519764317523,0.0025729430026792954,-0.000776726334285549,0,4,0
2026092819,mert_v0,unweighted,0.5,platt,47,126,0.15432953386666542,0.49164905731894126,0.0033496693369648445,0.0,0,4,0
2026092819,mert_v0,unweighted,0.5,beta,47,126,0.15535679735127306,0.4935624671200439,0.004376932821572477,0.0010272634846076323,0,4,1
2026092819,mert_v0,unweighted,0.5,isotonic,47,126,0.15861786203604086,0.9778354787088053,0.007637997506340283,0.004288328169375438,0,4,0
2026092819,mert_v0,unweighted,0.5,ridge_platt,47,126,0.15291413166047202,0.4834326355640141,0.0019342671307714387,-0.0014154022061934057,0,4,0
2026092819,mert_v0,unweighted,1.0,raw,94,234,0.15097986452970058,0.4663225851807355,0.0,-0.001237915669960954,0,4,0
2026092819,mert_v0,unweighted,1.0,prior_offset,94,234,0.15097986452970058,0.4663225851807355,0.0,-0.001237915669960954,0,4,0
2026092819,mert_v0,unweighted,1.0,temperature,94,234,0.15194035881087675,0.473351773734145,0.0009604942811761719,-0.00027742138878478206,0,4,0
2026092819,mert_v0,unweighted,1.0,platt,94,234,0.15221778019966153,0.47395879046060957,0.001237915669960954,0.0,0,4,0
2026092819,mert_v0,unweighted,1.0,beta,94,234,0.1524051567104401,0.4733787748255973,0.0014252921807395291,0.0001873765107785752,0,4,0
2026092819,mert_v0,unweighted,1.0,isotonic,94,234,0.15603613063794455,0.8999365352792679,0.005056266108243973,0.003818350438283019,0,4,0
2026092819,mert_v0,unweighted,1.0,ridge_platt,94,234,0.15123744403833977,0.4699876753368979,0.0002575795086391941,-0.0009803361613217598,0,4,0
2026092819,mert_v1,ambient_balanced,0.25,raw,24,63,0.15993734824362543,0.4900943652172248,0.0,0.006319941485229907,0,4,0
2026092819,mert_v1,ambient_balanced,0.25,prior_offset,24,63,0.15250044786485306,0.4694950539477474,-0.007436900378772371,-0.0011169588935424635,0,4,0
2026092819,mert_v1,ambient_balanced,0.25,temperature,24,63,0.16103817515231195,0.5016224642807426,0.0011008269086865141,0.0074207683939164215,0,4,0
2026092819,mert_v1,ambient_balanced,0.25,platt,24,63,0.15361740675839552,0.48113795150591276,-0.006319941485229907,0.0,0,4,0
2026092819,mert_v1,ambient_balanced,0.25,beta,24,63,0.15626153076715876,0.48547279556716966,-0.0036758174764666696,0.002644124008763238,0,4,2
2026092819,mert_v1,ambient_balanced,0.25,isotonic,24,63,0.1649951646170971,1.1249789816731175,0.005057816373471663,0.01137775785870157,0,4,0
2026092819,mert_v1,ambient_balanced,0.25,ridge_platt,24,63,0.16013178498724545,0.49320585595626554,0.00019443674362001895,0.006514378228849926,0,4,0
2026092819,mert_v1,ambient_balanced,0.5,raw,47,126,0.15993734824362543,0.4900943652172248,0.0,0.0046426195804883386,0,4,0
2026092819,mert_v1,ambient_balanced,0.5,prior_offset,47,126,0.15250044786485306,0.4694950539477474,-0.007436900378772371,-0.0027942807982840323,0,4,0
2026092819,mert_v1,ambient_balanced,0.5,temperature,47,126,0.1632399109848141,0.5208311992050955,0.003302562741188675,0.007945182321677013,0,4,0
2026092819,mert_v1,ambient_balanced,0.5,platt,47,126,0.1552947286631371,0.4905516641429021,-0.0046426195804883386,0.0,0,4,0
2026092819,mert_v1,ambient_balanced,0.5,beta,47,126,0.15494698473087984,0.48796266827499424,-0.004990363512745594,-0.0003477439322572551,0,4,0
2026092819,mert_v1,ambient_balanced,0.5,isotonic,47,126,0.15833496384036622,0.8787650822271185,-0.001602384403259216,0.0030402351772291225,0,4,0
2026092819,mert_v1,ambient_balanced,0.5,ridge_platt,47,126,0.15468428809112184,0.48879654382247695,-0.005253060152503597,-0.0006104405720152584,0,4,0
2026092819,mert_v1,ambient_balanced,1.0,raw,94,234,0.15993734824362543,0.4900943652172248,0.0,0.0058706973069762025,0,4,0
2026092819,mert_v1,ambient_balanced,1.0,prior_offset,94,234,0.15250044786485306,0.4694950539477474,-0.007436900378772371,-0.0015662030717961684,0,4,0
2026092819,mert_v1,ambient_balanced,1.0,temperature,94,234,0.16139730679248393,0.49916262877605266,0.0014599585488584976,0.0073306558558347,0,4,0
2026092819,mert_v1,ambient_balanced,1.0,platt,94,234,0.15406665093664923,0.4781095012670322,-0.0058706973069762025,0.0,0,4,0
2026092819,mert_v1,ambient_balanced,1.0,beta,94,234,0.15361695278611073,0.4755798819998248,-0.006320395457514699,-0.0004496981505384967,0,4,0
2026092819,mert_v1,ambient_balanced,1.0,isotonic,94,234,0.15432744974141852,0.7637464767412132,-0.005609898502206917,0.0002607988047692855,0,4,0
2026092819,mert_v1,ambient_balanced,1.0,ridge_platt,94,234,0.15300989300033163,0.47515537507180455,-0.006927455243293801,-0.0010567579363175983,0,4,0
2026092819,mert_v1,unweighted,0.25,raw,24,63,0.15199761726229316,0.46868533651389743,0.0,-0.0026324824049521467,0,4,0
2026092819,mert_v1,unweighted,0.25,prior_offset,24,63,0.15199761726229316,0.46868533651389743,0.0,-0.0026324824049521467,0,4,0
2026092819,mert_v1,unweighted,0.25,temperature,24,63,0.15331218563444782,0.4833437707364999,0.0013145683721546564,-0.0013179140327974903,0,4,0
2026092819,mert_v1,unweighted,0.25,platt,24,63,0.1546300996672453,0.48338471187958165,0.0026324824049521467,0.0,0,4,0
2026092819,mert_v1,unweighted,0.25,beta,24,63,0.15848940513588525,0.4957365925232092,0.006491787873592086,0.0038593054686399397,0,4,2
2026092819,mert_v1,unweighted,0.25,isotonic,24,63,0.16820724559827963,1.3653592103871857,0.016209628335986465,0.013577145931034318,0,4,0
2026092819,mert_v1,unweighted,0.25,ridge_platt,24,63,0.15219205400591318,0.4717968272529382,0.00019443674362001895,-0.0024380456613321277,0,4,0
2026092819,mert_v1,unweighted,0.5,raw,47,126,0.15199761726229316,0.46868533651389743,0.0,-0.0033994305766940625,0,4,0
2026092819,mert_v1,unweighted,0.5,prior_offset,47,126,0.15199761726229316,0.46868533651389743,0.0,-0.0033994305766940625,0,4,0
2026092819,mert_v1,unweighted,0.5,temperature,47,126,0.1541156401120256,0.49704562219771403,0.0021180228497324483,-0.0012814077269616142,0,4,0
2026092819,mert_v1,unweighted,0.5,platt,47,126,0.15539704783898722,0.4909248168778111,0.0033994305766940625,0.0,0,4,0
2026092819,mert_v1,unweighted,0.5,beta,47,126,0.15452757540076847,0.4867994607054126,0.0025299581384753134,-0.0008694724382187491,0,4,0
2026092819,mert_v1,unweighted,0.5,isotonic,47,126,0.15807270429273107,0.8788088871197347,0.006075087030437909,0.0026756564537438465,0,4,0
2026092819,mert_v1,unweighted,0.5,ridge_platt,47,126,0.15466971526862766,0.48777203347954207,0.0026720980063345,-0.0007273325703595623,0,4,0
2026092819,mert_v1,unweighted,1.0,raw,94,234,0.15199761726229316,0.46868533651389743,0.0,-0.0020404392085761613,0,4,0
2026092819,mert_v1,unweighted,1.0,prior_offset,94,234,0.15199761726229316,0.46868533651389743,0.0,-0.0020404392085761613,0,4,0
2026092819,mert_v1,unweighted,1.0,temperature,94,234,0.15319174615132375,0.4768922935178369,0.001194128889030588,-0.0008463103195455735,0,4,0
2026092819,mert_v1,unweighted,1.0,platt,94,234,0.15403805647086932,0.4782116755568613,0.0020404392085761613,0.0,0,4,0
2026092819,mert_v1,unweighted,1.0,beta,94,234,0.15317979974379142,0.4743777403959828,0.0011821824814982618,-0.0008582567270778996,0,4,1
2026092819,mert_v1,unweighted,1.0,isotonic,94,234,0.1537646796908127,0.7631742028403032,0.001767062428519539,-0.00027337678005662225,0,4,0
2026092819,mert_v1,unweighted,1.0,ridge_platt,94,234,0.15243875134200308,0.4733340183423609,0.00044113407970991503,-0.0015993051288662463,0,4,0
