seed,representation,weighting,fraction,method,calibration_artists,calibration_tracks,macro_brier,macro_log_loss,delta_raw,delta_platt,fallback_labels,successful_labels,bound_hit_labels
2026092800,maest,ambient_balanced,0.25,raw,24,47,0.14753987455486467,0.4537584942644891,0.0,-0.013231209108361203,0,4,0
2026092800,maest,ambient_balanced,0.25,prior_offset,24,47,0.14468779119274477,0.4515654451586505,-0.002852083362119895,-0.016083292470481098,0,4,0
2026092800,maest,ambient_balanced,0.25,temperature,24,47,0.1492071785673631,0.46336431809839584,0.0016673040124984273,-0.011563905095862775,0,4,0
2026092800,maest,ambient_balanced,0.25,platt,24,47,0.16077108366322587,0.49268326684146657,0.013231209108361203,0.0,0,4,0
2026092800,maest,ambient_balanced,0.25,beta,24,47,0.15975368539861634,0.4912001401760143,0.012213810843751671,-0.0010173982646095314,0,4,3
2026092800,maest,ambient_balanced,0.25,isotonic,24,47,0.1708653789130761,1.2331095703638222,0.02332550435821143,0.010094295249850227,0,4,0
2026092800,maest,ambient_balanced,0.25,ridge_platt,24,47,0.15584683744137748,0.4755601743236656,0.008306962886512809,-0.004924246221848394,0,4,0
2026092800,maest,ambient_balanced,0.5,raw,47,109,0.14753987455486467,0.4537584942644891,0.0,0.0019440021926192541,0,4,0
2026092800,maest,ambient_balanced,0.5,prior_offset,47,109,0.14468779119274477,0.4515654451586505,-0.002852083362119895,-0.0009080811695006408,0,4,0
2026092800,maest,ambient_balanced,0.5,temperature,47,109,0.14783743739439265,0.4562712526562515,0.00029756283952797613,0.0022415650321472302,0,4,0
2026092800,maest,ambient_balanced,0.5,platt,47,109,0.14559587236224542,0.4523254300961143,-0.0019440021926192541,0.0,0,4,0
2026092800,maest,ambient_balanced,0.5,beta,47,109,0.1452918741568809,0.4516582418353121,-0.002248000397983757,-0.00030399820536450295,0,4,1
2026092800,maest,ambient_balanced,0.5,isotonic,47,109,0.14951145576501756,0.8976803765539756,0.001971581210152895,0.003915583402772149,0,4,0
2026092800,maest,ambient_balanced,0.5,ridge_platt,47,109,0.14272229041667167,0.44374187338188315,-0.0048175841381929985,-0.0028735819455737444,0,4,0
2026092800,maest,ambient_balanced,1.0,raw,94,235,0.14753987455486467,0.4537584942644891,0.0,0.0016060692820305256,0,4,0
2026092800,maest,ambient_balanced,1.0,prior_offset,94,235,0.14468779119274477,0.4515654451586505,-0.002852083362119895,-0.0012460140800893693,0,4,0
2026092800,maest,ambient_balanced,1.0,temperature,94,235,0.14796834077502743,0.45778385313936626,0.00042846622016276537,0.002034535502193291,0,4,0
2026092800,maest,ambient_balanced,1.0,platt,94,235,0.14593380527283414,0.4564103764774825,-0.0016060692820305256,0.0,0,4,0
2026092800,maest,ambient_balanced,1.0,beta,94,235,0.14555315499346227,0.4562598970503412,-0.0019867195614023947,-0.0003806502793718691,0,4,1
2026092800,maest,ambient_balanced,1.0,isotonic,94,235,0.14676256544269434,0.8006439693029255,-0.0007773091121703324,0.0008287601698601932,0,4,0
2026092800,maest,ambient_balanced,1.0,ridge_platt,94,235,0.1431231333251569,0.44606645258628463,-0.004416741229707782,-0.002810671947677257,0,4,0
2026092800,maest,unweighted,0.25,raw,24,47,0.14328937017679433,0.44417670807515314,0.0,-0.018135437993795966,0,4,0
2026092800,maest,unweighted,0.25,prior_offset,24,47,0.14328937017679433,0.44417670807515314,0.0,-0.018135437993795966,0,4,0
2026092800,maest,unweighted,0.25,temperature,24,47,0.14359302530583914,0.44737415463257507,0.0003036551290448164,-0.01783178286475115,0,4,0
2026092800,maest,unweighted,0.25,platt,24,47,0.1614248081705903,0.4950490986866459,0.018135437993795966,0.0,0,4,0
2026092800,maest,unweighted,0.25,beta,24,47,0.1596557693817358,0.48978650009416747,0.016366399204941484,-0.0017690387888544823,0,4,3
2026092800,maest,unweighted,0.25,isotonic,24,47,0.16935247228416642,1.3585366883807377,0.026063102107372088,0.007927664113576122,0,4,0
2026092800,maest,unweighted,0.25,ridge_platt,24,47,0.15159633306330714,0.4659783881343296,0.008306962886512809,-0.009828475107283158,0,4,0
2026092800,maest,unweighted,0.5,raw,47,109,0.14328937017679433,0.44417670807515314,0.0,-0.00205113446538685,0,4,0
2026092800,maest,unweighted,0.5,prior_offset,47,109,0.14328937017679433,0.44417670807515314,0.0,-0.00205113446538685,0,4,0
2026092800,maest,unweighted,0.5,temperature,47,109,0.14354279328690087,0.4461719586304604,0.0002534231101065376,-0.0017977113552803126,0,4,0
2026092800,maest,unweighted,0.5,platt,47,109,0.14534050464218118,0.4514575146123356,0.00205113446538685,0.0,0,4,0
2026092800,maest,unweighted,0.5,beta,47,109,0.14521140652682832,0.45039826667597904,0.0019220363500339899,-0.0001290981153528603,0,4,1
2026092800,maest,unweighted,0.5,isotonic,47,109,0.1494028534868717,0.9282638580157325,0.006113483310077383,0.004062348844690533,0,4,0
2026092800,maest,unweighted,0.5,ridge_platt,47,109,0.1422654457901828,0.4423450861825559,-0.00102392438661153,-0.00307505885199838,0,4,0
2026092800,maest,unweighted,1.0,raw,94,235,0.14328937017679433,0.44417670807515314,0.0,-0.0024238843342643257,0,4,0
2026092800,maest,unweighted,1.0,prior_offset,94,235,0.14328937017679433,0.44417670807515314,0.0,-0.0024238843342643257,0,4,0
2026092800,maest,unweighted,1.0,temperature,94,235,0.1443813745287648,0.4518051244625297,0.0010920043519704603,-0.0013318799822938654,0,4,0
2026092800,maest,unweighted,1.0,platt,94,235,0.14571325451105865,0.45581484630727254,0.0024238843342643257,0.0,0,4,0
2026092800,maest,unweighted,1.0,beta,94,235,0.14554928477231374,0.4549476656337775,0.0022599145955194133,-0.00016396973874491239,0,4,1
2026092800,maest,unweighted,1.0,isotonic,94,235,0.14685091818093746,0.7988140674404796,0.003561548004143128,0.0011376636698788023,0,4,0
2026092800,maest,unweighted,1.0,ridge_platt,94,235,0.14229107558560067,0.4424301357122019,-0.0009982945911936603,-0.003422178925457986,0,4,0
2026092800,mert_v0,ambient_balanced,0.25,raw,24,47,0.15956869067123747,0.4910191116885066,0.0,-0.02687740657804677,0,4,0
2026092800,mert_v0,ambient_balanced,0.25,prior_offset,24,47,0.15393219681933437,0.47960557128370407,-0.005636493851903096,-0.032513900429949866,0,4,0
2026092800,mert_v0,ambient_balanced,0.25,temperature,24,47,0.16966881037965875,0.5221839135919893,0.010100119708421285,-0.016777286869625485,0,4,0
2026092800,mert_v0,ambient_balanced,0.25,platt,24,47,0.18644609724928424,0.5739360471743571,0.02687740657804677,0.0,0,4,0
2026092800,mert_v0,ambient_balanced,0.25,beta,24,47,0.19052893765680762,0.5889380364485877,0.03096024698557015,0.00408284040752338,0,4,2
2026092800,mert_v0,ambient_balanced,0.25,isotonic,24,47,0.20771623355109803,2.8318907164523357,0.04814754287986056,0.02127013630181379,0,4,0
2026092800,mert_v0,ambient_balanced,0.25,ridge_platt,24,47,0.16672401981850649,0.517132083869738,0.007155329147269018,-0.01972207743077775,0,4,0
2026092800,mert_v0,ambient_balanced,0.5,raw,47,109,0.15956869067123747,0.4910191116885066,0.0,-0.002769772506000412,0,4,0
2026092800,mert_v0,ambient_balanced,0.5,prior_offset,47,109,0.15393219681933437,0.47960557128370407,-0.005636493851903096,-0.008406266357903508,0,4,0
2026092800,mert_v0,ambient_balanced,0.5,temperature,47,109,0.16134060008658782,0.49664288301762155,0.0017719094153503534,-0.0009978630906500585,0,4,0
2026092800,mert_v0,ambient_balanced,0.5,platt,47,109,0.16233846317723788,0.4992013962752726,0.002769772506000412,0.0,0,4,0
2026092800,mert_v0,ambient_balanced,0.5,beta,47,109,0.16477937475866622,0.5051784883094198,0.005210684087428752,0.00244091158142834,0,4,2
2026092800,mert_v0,ambient_balanced,0.5,isotonic,47,109,0.17503668709134543,1.0098086247103528,0.01546799642010796,0.012698223914107548,0,4,0
2026092800,mert_v0,ambient_balanced,0.5,ridge_platt,47,109,0.1539185936086409,0.4773395811937706,-0.00565009706259656,-0.008419869568596972,0,4,0
2026092800,mert_v0,ambient_balanced,1.0,raw,94,235,0.15956869067123747,0.4910191116885066,0.0,0.000578156363880894,0,4,0
2026092800,mert_v0,ambient_balanced,1.0,prior_offset,94,235,0.15393219681933437,0.47960557128370407,-0.005636493851903096,-0.005058337488022202,0,4,0
2026092800,mert_v0,ambient_balanced,1.0,temperature,94,235,0.1598690682055308,0.4926210482204737,0.00030037753429332237,0.0008785338981742163,0,4,0
2026092800,mert_v0,ambient_balanced,1.0,platt,94,235,0.15899053430735657,0.49419425455447313,-0.000578156363880894,0.0,0,4,0
2026092800,mert_v0,ambient_balanced,1.0,beta,94,235,0.15938373788111565,0.4967825849161847,-0.0001849527901218173,0.00039320357375907666,0,4,1
2026092800,mert_v0,ambient_balanced,1.0,isotonic,94,235,0.16076580540551466,0.8767129273304985,0.0011971147342771937,0.0017752710981580877,0,4,0
2026092800,mert_v0,ambient_balanced,1.0,ridge_platt,94,235,0.15751253789563222,0.4888735013445461,-0.0020561527756052522,-0.0014779964117243582,0,4,0
2026092800,mert_v0,unweighted,0.25,raw,24,47,0.1535723607035177,0.4775646815229083,0.0,-0.03369341685454641,0,4,0
2026092800,mert_v0,unweighted,0.25,prior_offset,24,47,0.1535723607035177,0.4775646815229083,0.0,-0.03369341685454641,0,4,0
2026092800,mert_v0,unweighted,0.25,temperature,24,47,0.1621291096608879,0.5027243715160423,0.008556748957370186,-0.025136667897176224,0,4,0
2026092800,mert_v0,unweighted,0.25,platt,24,47,0.18726577755806412,0.5758231352891213,0.03369341685454641,0.0,0,4,0
2026092800,mert_v0,unweighted,0.25,beta,24,47,0.1916937636628605,0.5958446368204663,0.0381214029593428,0.004427986104796389,0,4,2
2026092800,mert_v0,unweighted,0.25,isotonic,24,47,0.20940589380359456,2.771225334443605,0.055833533100076854,0.022140116245530445,0,4,0
2026092800,mert_v0,unweighted,0.25,ridge_platt,24,47,0.16072768985078673,0.5036776537041396,0.007155329147269018,-0.02653808770727739,0,4,0
2026092800,mert_v0,unweighted,0.5,raw,47,109,0.1535723607035177,0.4775646815229083,0.0,-0.009254868695747626,0,4,0
2026092800,mert_v0,unweighted,0.5,prior_offset,47,109,0.1535723607035177,0.4775646815229083,0.0,-0.009254868695747626,0,4,0
2026092800,mert_v0,unweighted,0.5,temperature,47,109,0.154972570322476,0.48143073977520606,0.0014002096189582869,-0.007854659076789339,0,4,0
2026092800,mert_v0,unweighted,0.5,platt,47,109,0.16282722939926533,0.50057495735673,0.009254868695747626,0.0,0,4,0
2026092800,mert_v0,unweighted,0.5,beta,47,109,0.1657744362656788,0.5080669166490731,0.012202075562161102,0.0029472068664134765,0,4,2
2026092800,mert_v0,unweighted,0.5,isotonic,47,109,0.17647043229261128,1.014452731931566,0.02289807158909357,0.013643202893345946,0,4,0
2026092800,mert_v0,unweighted,0.5,ridge_platt,47,109,0.15388999306681775,0.47817533632940157,0.0003176323633000411,-0.008937236332447585,0,4,0
2026092800,mert_v0,unweighted,1.0,raw,94,235,0.1535723607035177,0.4775646815229083,0.0,-0.005920298905557675,0,4,0
2026092800,mert_v0,unweighted,1.0,prior_offset,94,235,0.1535723607035177,0.4775646815229083,0.0,-0.005920298905557675,0,4,0
2026092800,mert_v0,unweighted,1.0,temperature,94,235,0.15452773561030686,0.48176942281908025,0.0009553749067891526,-0.004964923998768522,0,4,0
2026092800,mert_v0,unweighted,1.0,platt,94,235,0.15949265960907538,0.49591403677019213,0.005920298905557675,0.0,0,4,0
2026092800,mert_v0,unweighted,1.0,beta,94,235,0.1601134128131953,0.4983997954805422,0.006541052109677592,0.0006207532041199171,0,4,1
2026092800,mert_v0,unweighted,1.0,isotonic,94,235,0.16255129838433938,0.8841301579834318,0.00897893768082167,0.0030586387752639943,0,4,0
2026092800,mert_v0,unweighted,1.0,ridge_platt,94,235,0.15778981410399162,0.4899889932764222,0.004217453400473914,-0.001702845505083761,0,4,0
2026092800,mert_v1,ambient_balanced,0.25,raw,24,47,0.16217091479814208,0.4984824660653908,0.0,-0.02012255990644457,0,4,0
2026092800,mert_v1,ambient_balanced,0.25,prior_offset,24,47,0.15434960786794724,0.4834503744013605,-0.007821306930194838,-0.02794386683663941,0,4,0
2026092800,mert_v1,ambient_balanced,0.25,temperature,24,47,0.1717993975082323,0.5325419986148845,0.00962848271009023,-0.01049407719635434,0,4,0
2026092800,mert_v1,ambient_balanced,0.25,platt,24,47,0.18229347470458665,0.5641956300114133,0.02012255990644457,0.0,0,4,0
2026092800,mert_v1,ambient_balanced,0.25,beta,24,47,0.18485147353436332,0.5703244631863149,0.02268055873622124,0.00255799882977667,0,4,3
2026092800,mert_v1,ambient_balanced,0.25,isotonic,24,47,0.2047656803250247,2.5076324468110576,0.04259476552688263,0.022472205620438057,0,4,0
2026092800,mert_v1,ambient_balanced,0.25,ridge_platt,24,47,0.1683128176217917,0.5181732990253296,0.006141902823649625,-0.013980657082794945,0,4,0
2026092800,mert_v1,ambient_balanced,0.5,raw,47,109,0.16217091479814208,0.4984824660653908,0.0,0.001059322067036239,0,4,0
2026092800,mert_v1,ambient_balanced,0.5,prior_offset,47,109,0.15434960786794724,0.4834503744013605,-0.007821306930194838,-0.006761984863158599,0,4,0
2026092800,mert_v1,ambient_balanced,0.5,temperature,47,109,0.16473694551277587,0.5081434332435236,0.0025660307146337935,0.0036253527816700326,0,4,0
2026092800,mert_v1,ambient_balanced,0.5,platt,47,109,0.16111159273110584,0.5010149541906593,-0.001059322067036239,0.0,0,4,0
2026092800,mert_v1,ambient_balanced,0.5,beta,47,109,0.16152658991211374,0.5022865590975327,-0.0006443248860283357,0.0004149971810079034,0,4,1
2026092800,mert_v1,ambient_balanced,0.5,isotonic,47,109,0.16837838492156945,0.8904925923281058,0.006207470123427372,0.007266792190463611,0,4,0
2026092800,mert_v1,ambient_balanced,0.5,ridge_platt,47,109,0.1566992834820891,0.48566536062492405,-0.005471631316052966,-0.004412309249016727,0,4,0
2026092800,mert_v1,ambient_balanced,1.0,raw,94,235,0.16217091479814208,0.4984824660653908,0.0,0.003960879696647407,0,4,0
2026092800,mert_v1,ambient_balanced,1.0,prior_offset,94,235,0.15434960786794724,0.4834503744013605,-0.007821306930194838,-0.003860427233547431,0,4,0
2026092800,mert_v1,ambient_balanced,1.0,temperature,94,235,0.16297443528380937,0.5015843105850002,0.0008035204856672862,0.004764400182314693,0,4,0
2026092800,mert_v1,ambient_balanced,1.0,platt,94,235,0.15821003510149467,0.49438725252448645,-0.003960879696647407,0.0,0,4,0
2026092800,mert_v1,ambient_balanced,1.0,beta,94,235,0.15858548536465966,0.5013303615399536,-0.0035854294334824177,0.0003754502631649892,0,4,2
2026092800,mert_v1,ambient_balanced,1.0,isotonic,94,235,0.16025316854456148,0.9055897458995933,-0.001917746253580599,0.002043133443066808,0,4,0
2026092800,mert_v1,ambient_balanced,1.0,ridge_platt,94,235,0.15399258262958446,0.4810018566052612,-0.008178332168557623,-0.004217452471910216,0,4,0
2026092800,mert_v1,unweighted,0.25,raw,24,47,0.1540445140347341,0.48101462728536737,0.0,-0.02950742208160287,0,4,0
2026092800,mert_v1,unweighted,0.25,prior_offset,24,47,0.1540445140347341,0.48101462728536737,0.0,-0.02950742208160287,0,4,0
2026092800,mert_v1,unweighted,0.25,temperature,24,47,0.16146362274746648,0.4997373914396099,0.007419108712732381,-0.022088313368870488,0,4,0
2026092800,mert_v1,unweighted,0.25,platt,24,47,0.18355193611633697,0.5686045175209637,0.02950742208160287,0.0,0,4,0
2026092800,mert_v1,unweighted,0.25,beta,24,47,0.18627080321146755,0.5758159663461364,0.03222628917673345,0.0027188670951305838,0,4,3
2026092800,mert_v1,unweighted,0.25,isotonic,24,47,0.20547053292321762,2.478016194868209,0.05142601888848353,0.021918596806880658,0,4,0
2026092800,mert_v1,unweighted,0.25,ridge_platt,24,47,0.16018641685838372,0.5007054602453062,0.006141902823649625,-0.023365519257953243,0,4,0
2026092800,mert_v1,unweighted,0.5,raw,47,109,0.1540445140347341,0.48101462728536737,0.0,-0.007651812466590829,0,4,0
2026092800,mert_v1,unweighted,0.5,prior_offset,47,109,0.1540445140347341,0.48101462728536737,0.0,-0.007651812466590829,0,4,0
2026092800,mert_v1,unweighted,0.5,temperature,47,109,0.1561713205528184,0.4864564309025302,0.0021268065180843065,-0.005525005948506523,0,4,0
2026092800,mert_v1,unweighted,0.5,platt,47,109,0.16169632650132493,0.5026030272786284,0.007651812466590829,0.0,0,4,0
2026092800,mert_v1,unweighted,0.5,beta,47,109,0.1622713444462094,0.5030949237796386,0.008226830411475289,0.0005750179448844595,0,4,1
2026092800,mert_v1,unweighted,0.5,isotonic,47,109,0.1665551830928341,0.9499208283332407,0.012510669058099999,0.00485885659150917,0,4,0
2026092800,mert_v1,unweighted,0.5,ridge_platt,47,109,0.15419249382922845,0.48100626485670583,0.00014797979449435172,-0.007503832672096478,0,4,0
2026092800,mert_v1,unweighted,1.0,raw,94,235,0.1540445140347341,0.48101462728536737,0.0,-0.004732539805085811,0,4,0
2026092800,mert_v1,unweighted,1.0,prior_offset,94,235,0.1540445140347341,0.48101462728536737,0.0,-0.004732539805085811,0,4,0
2026092800,mert_v1,unweighted,1.0,temperature,94,235,0.15556818713860632,0.48703395345030764,0.0015236731038722195,-0.003208866701213592,0,4,0
2026092800,mert_v1,unweighted,1.0,platt,94,235,0.1587770538398199,0.496399769032213,0.004732539805085811,0.0,0,4,0
2026092800,mert_v1,unweighted,1.0,beta,94,235,0.1592976382565976,0.49987926267023497,0.005253124221863498,0.0005205844167776863,0,4,2
2026092800,mert_v1,unweighted,1.0,isotonic,94,235,0.160223874857718,0.9365497006258368,0.006179360822983898,0.0014468210178980867,0,4,0
2026092800,mert_v1,unweighted,1.0,ridge_platt,94,235,0.15392285760106547,0.4804530837481944,-0.00012165643366862655,-0.004854196238754438,0,4,0
2026092801,maest,ambient_balanced,0.25,raw,24,66,0.14087464866478902,0.4400203687483843,0.0,-0.008439689837467429,0,4,0
2026092801,maest,ambient_balanced,0.25,prior_offset,24,66,0.13705235481483088,0.4315623251089945,-0.003822293849958136,-0.012261983687425565,0,4,0
2026092801,maest,ambient_balanced,0.25,temperature,24,66,0.14201853898809513,0.44396657963956343,0.0011438903233061126,-0.007295799514161316,0,4,0
2026092801,maest,ambient_balanced,0.25,platt,24,66,0.14931433850225645,0.46335987186554206,0.008439689837467429,0.0,0,4,0
2026092801,maest,ambient_balanced,0.25,beta,24,66,0.15515274905954077,0.4961153578548516,0.014278100394751747,0.005838410557284318,0,4,1
2026092801,maest,ambient_balanced,0.25,isotonic,24,66,0.16148394170955768,1.3136643913175066,0.020609293044768662,0.012169603207301233,0,4,0
2026092801,maest,ambient_balanced,0.25,ridge_platt,24,66,0.14201912967579833,0.44192578520865444,0.0011444810110093073,-0.007295208826458122,0,4,0
2026092801,maest,ambient_balanced,0.5,raw,47,131,0.14087464866478902,0.4400203687483843,0.0,0.0017817147599354932,0,4,0
2026092801,maest,ambient_balanced,0.5,prior_offset,47,131,0.13705235481483088,0.4315623251089945,-0.003822293849958136,-0.002040579090022643,0,4,0
2026092801,maest,ambient_balanced,0.5,temperature,47,131,0.1417345061265487,0.4424727780684037,0.0008598574617596777,0.002641572221695171,0,4,0
2026092801,maest,ambient_balanced,0.5,platt,47,131,0.13909293390485353,0.4339912210841532,-0.0017817147599354932,0.0,0,4,0
2026092801,maest,ambient_balanced,0.5,beta,47,131,0.1397344714369226,0.4361429715514118,-0.0011401772278664124,0.0006415375320690808,0,4,1
2026092801,maest,ambient_balanced,0.5,isotonic,47,131,0.1446446358715556,0.8075209372222069,0.0037699872067665785,0.005551701966702072,0,4,0
2026092801,maest,ambient_balanced,0.5,ridge_platt,47,131,0.1378911909492373,0.4307247743137855,-0.002983457715551724,-0.0012017429556162307,0,4,0
2026092801,maest,ambient_balanced,1.0,raw,94,245,0.14087464866478902,0.4400203687483843,0.0,0.0018166221135043625,0,4,0
2026092801,maest,ambient_balanced,1.0,prior_offset,94,245,0.13705235481483088,0.4315623251089945,-0.003822293849958136,-0.0020056717364537735,0,4,0
2026092801,maest,ambient_balanced,1.0,temperature,94,245,0.1422971785723639,0.44444295978428994,0.001422529907574882,0.0032391520210792446,0,4,0
2026092801,maest,ambient_balanced,1.0,platt,94,245,0.13905802655128466,0.4353523365490602,-0.0018166221135043625,0.0,0,4,0
2026092801,maest,ambient_balanced,1.0,beta,94,245,0.1383721142615329,0.43362189394536904,-0.0025025344032561236,-0.0006859122897517611,0,4,0
2026092801,maest,ambient_balanced,1.0,isotonic,94,245,0.14329159789618676,0.700011557986282,0.002416949231397736,0.004233571344902098,0,4,0
2026092801,maest,ambient_balanced,1.0,ridge_platt,94,245,0.13820860360252543,0.43140330832061974,-0.002666045062263589,-0.0008494229487592264,0,4,0
2026092801,maest,unweighted,0.25,raw,24,66,0.13632919707376343,0.4280312800946799,0.0,-0.013067529618078472,0,4,0
2026092801,maest,unweighted,0.25,prior_offset,24,66,0.13632919707376343,0.4280312800946799,0.0,-0.013067529618078472,0,4,0
2026092801,maest,unweighted,0.25,temperature,24,66,0.1371042597826151,0.43049223693737715,0.0007750627088516648,-0.012292466909226807,0,4,0
2026092801,maest,unweighted,0.25,platt,24,66,0.1493967266918419,0.46364710130512293,0.013067529618078472,0.0,0,4,0
2026092801,maest,unweighted,0.25,beta,24,66,0.15536060255023096,0.4967891782292341,0.019031405476467533,0.005963875858389062,0,4,1
2026092801,maest,unweighted,0.25,isotonic,24,66,0.16232524191310227,1.3157803188336636,0.025996044839338844,0.012928515221260373,0,4,0
2026092801,maest,unweighted,0.25,ridge_platt,24,66,0.14193772306407204,0.4422177710850469,0.005608525990308616,-0.007459003627769856,0,4,0
2026092801,maest,unweighted,0.5,raw,47,131,0.13632919707376343,0.4280312800946799,0.0,-0.0028731156489761323,0,4,0
2026092801,maest,unweighted,0.5,prior_offset,47,131,0.13632919707376343,0.4280312800946799,0.0,-0.0028731156489761323,0,4,0
2026092801,maest,unweighted,0.5,temperature,47,131,0.13679728263597798,0.4294618400699614,0.00046808556221455966,-0.0024050300867615726,0,4,0
2026092801,maest,unweighted,0.5,platt,47,131,0.13920231272273956,0.43443336783298564,0.0028731156489761323,0.0,0,4,0
2026092801,maest,unweighted,0.5,beta,47,131,0.13993062156745037,0.4367844982647818,0.0036014244936869444,0.0007283088447108121,0,4,1
2026092801,maest,unweighted,0.5,isotonic,47,131,0.14452451571644548,0.8068080453665091,0.008195318642682053,0.005322202993705921,0,4,0
2026092801,maest,unweighted,0.5,ridge_platt,47,131,0.13732019468209775,0.42963163557040007,0.0009909976083343208,-0.0018821180406418114,0,4,0
2026092801,maest,unweighted,1.0,raw,94,245,0.13632919707376343,0.4280312800946799,0.0,-0.0027924076903271533,0,4,0
2026092801,maest,unweighted,1.0,prior_offset,94,245,0.13632919707376343,0.4280312800946799,0.0,-0.0027924076903271533,0,4,0
2026092801,maest,unweighted,1.0,temperature,94,245,0.13717166818012627,0.43093477293936067,0.0008424711063628465,-0.0019499365839643068,0,4,0
2026092801,maest,unweighted,1.0,platt,94,245,0.13912160476409058,0.43569073122791846,0.0027924076903271533,0.0,0,4,0
2026092801,maest,unweighted,1.0,beta,94,245,0.1384138775737364,0.43391662078929993,0.002084680499972985,-0.0007077271903541682,0,4,0
2026092801,maest,unweighted,1.0,isotonic,94,245,0.14330397550478505,0.7005766496973016,0.006974778431021622,0.004182370740694469,0,4,0
2026092801,maest,unweighted,1.0,ridge_platt,94,245,0.13746280829161875,0.4298981971633129,0.0011336112178553237,-0.0016587964724718296,0,4,0
2026092801,mert_v0,ambient_balanced,0.25,raw,24,66,0.15051014390799677,0.4677833703574909,0.0,-0.013231849390009626,0,4,0
2026092801,mert_v0,ambient_balanced,0.25,prior_offset,24,66,0.14303230578538784,0.447144746841506,-0.007477838122608937,-0.020709687512618563,0,4,0
2026092801,mert_v0,ambient_balanced,0.25,temperature,24,66,0.15067815997671544,0.4681578811538249,0.0001680160687186627,-0.013063833321290963,0,4,0
2026092801,mert_v0,ambient_balanced,0.25,platt,24,66,0.1637419932980064,0.5148224717196312,0.013231849390009626,0.0,0,4,0
2026092801,mert_v0,ambient_balanced,0.25,beta,24,66,0.1649151837937329,0.5234914406115697,0.014405039885736132,0.001173190495726506,0,4,3
2026092801,mert_v0,ambient_balanced,0.25,isotonic,24,66,0.17350743083060968,1.6180103502828844,0.02299728692261291,0.009765437532603283,0,4,0
2026092801,mert_v0,ambient_balanced,0.25,ridge_platt,24,66,0.15183202444385926,0.4742760358848355,0.0013218805358624908,-0.011909968854147135,0,4,0
2026092801,mert_v0,ambient_balanced,0.5,raw,47,131,0.15051014390799677,0.4677833703574909,0.0,0.005730011160593379,0,4,0
2026092801,mert_v0,ambient_balanced,0.5,prior_offset,47,131,0.14303230578538784,0.447144746841506,-0.007477838122608937,-0.0017478269620155584,0,4,0
2026092801,mert_v0,ambient_balanced,0.5,temperature,47,131,0.1505161455308752,0.46776133121722,6.001622878420987e-06,0.0057360127834718,0,4,0
2026092801,mert_v0,ambient_balanced,0.5,platt,47,131,0.1447801327474034,0.4528945657988339,-0.005730011160593379,0.0,0,4,0
2026092801,mert_v0,ambient_balanced,0.5,beta,47,131,0.14676444546562994,0.4620259670604264,-0.0037456984423668294,0.0019843127182265496,0,4,3
2026092801,mert_v0,ambient_balanced,0.5,isotonic,47,131,0.15203583974628945,0.7335528842530057,0.0015256958382926789,0.007255706998886058,0,4,0
2026092801,mert_v0,ambient_balanced,0.5,ridge_platt,47,131,0.1428902375115228,0.44768137003370045,-0.007619906396473974,-0.0018898952358805954,0,4,0
2026092801,mert_v0,ambient_balanced,1.0,raw,94,245,0.15051014390799677,0.4677833703574909,0.0,0.0076540555814375855,0,4,0
2026092801,mert_v0,ambient_balanced,1.0,prior_offset,94,245,0.14303230578538784,0.447144746841506,-0.007477838122608937,0.00017621745882864803,0,4,0
2026092801,mert_v0,ambient_balanced,1.0,temperature,94,245,0.15092046897497816,0.46945295673704074,0.0004103250669813818,0.008064380648418967,0,4,0
2026092801,mert_v0,ambient_balanced,1.0,platt,94,245,0.1428560883265592,0.4492042938112186,-0.0076540555814375855,0.0,0,4,0
2026092801,mert_v0,ambient_balanced,1.0,beta,94,245,0.14386919646414098,0.4537785768397777,-0.006640947443855794,0.0010131081375817919,0,4,2
2026092801,mert_v0,ambient_balanced,1.0,isotonic,94,245,0.14840332846561594,0.5690326877490668,-0.0021068154423808383,0.005547240139056747,0,4,0
2026092801,mert_v0,ambient_balanced,1.0,ridge_platt,94,245,0.14248573265988704,0.446874230973373,-0.008024411248109736,-0.0003703556666721508,0,4,0
2026092801,mert_v0,unweighted,0.25,raw,24,66,0.1428696856333354,0.4471996742190184,0.0,-0.021025504062936157,0,4,0
2026092801,mert_v0,unweighted,0.25,prior_offset,24,66,0.1428696856333354,0.4471996742190184,0.0,-0.021025504062936157,0,4,0
2026092801,mert_v0,unweighted,0.25,temperature,24,66,0.1429209158811743,0.44790198349244564,5.123024783890151e-05,-0.020974273815097255,0,4,0
2026092801,mert_v0,unweighted,0.25,platt,24,66,0.16389518969627156,0.5154242780975061,0.021025504062936157,0.0,0,4,0
2026092801,mert_v0,unweighted,0.25,beta,24,66,0.16560974985203777,0.5258504337614435,0.022740064218702366,0.0017145601557662093,0,4,2
2026092801,mert_v0,unweighted,0.25,isotonic,24,66,0.17326019408881152,1.618294563802175,0.030390508455476112,0.009365004392539955,0,4,0
2026092801,mert_v0,unweighted,0.25,ridge_platt,24,66,0.15215029767309707,0.4743631146492601,0.00928061203976166,-0.011744892023174497,0,4,0
2026092801,mert_v0,unweighted,0.5,raw,47,131,0.1428696856333354,0.4471996742190184,0.0,-0.0018818588101014444,0,4,0
2026092801,mert_v0,unweighted,0.5,prior_offset,47,131,0.1428696856333354,0.4471996742190184,0.0,-0.0018818588101014444,0,4,0
2026092801,mert_v0,unweighted,0.5,temperature,47,131,0.14277149073047143,0.4467310250644737,-9.819490286397392e-05,-0.0019800537129654183,0,4,0
2026092801,mert_v0,unweighted,0.5,platt,47,131,0.14475154444343685,0.45318794913205956,0.0018818588101014444,0.0,0,4,0
2026092801,mert_v0,unweighted,0.5,beta,47,131,0.14660047698435924,0.4615461420392981,0.003730791351023832,0.0018489325409223878,0,4,2
2026092801,mert_v0,unweighted,0.5,isotonic,47,131,0.15173428897819313,0.7328773661067967,0.008864603344857724,0.00698274453475628,0,4,0
2026092801,mert_v0,unweighted,0.5,ridge_platt,47,131,0.1423639313465218,0.44653313969382596,-0.0005057542868135978,-0.002387613096915042,0,4,0
2026092801,mert_v0,unweighted,1.0,raw,94,245,0.1428696856333354,0.4471996742190184,0.0,-1.9407798529935683e-05,0,4,0
2026092801,mert_v0,unweighted,1.0,prior_offset,94,245,0.1428696856333354,0.4471996742190184,0.0,-1.9407798529935683e-05,0,4,0
2026092801,mert_v0,unweighted,1.0,temperature,94,245,0.14325007927136635,0.44863170063654956,0.0003803936380309403,0.0003609858395010046,0,4,0
2026092801,mert_v0,unweighted,1.0,platt,94,245,0.14288909343186534,0.44966465631050645,1.9407798529935683e-05,0.0,0,4,0
2026092801,mert_v0,unweighted,1.0,beta,94,245,0.14385216272687973,0.45403316054312104,0.0009824770935443206,0.0009630692950143849,0,4,2
2026092801,mert_v0,unweighted,1.0,isotonic,94,245,0.14909979926751538,0.571666318976845,0.006230113634179968,0.006210705835650032,0,4,0
2026092801,mert_v0,unweighted,1.0,ridge_platt,94,245,0.1430729703009727,0.44866003552170175,0.00020328466763730457,0.0001838768691073689,0,4,0
2026092801,mert_v1,ambient_balanced,0.25,raw,24,66,0.1502984637653613,0.46540872035604314,0.0,-0.006842809054055737,0,4,0
2026092801,mert_v1,ambient_balanced,0.25,prior_offset,24,66,0.14362897451727738,0.4461932849021436,-0.006669489248083915,-0.013512298302139653,0,4,0
2026092801,mert_v1,ambient_balanced,0.25,temperature,24,66,0.15056243245700218,0.466374273619506,0.00026396869164088677,-0.006578840362414851,0,4,0
2026092801,mert_v1,ambient_balanced,0.25,platt,24,66,0.15714127281941703,0.48082494430061445,0.006842809054055737,0.0,0,4,0
2026092801,mert_v1,ambient_balanced,0.25,beta,24,66,0.1575079969079796,0.48869100328659343,0.007209533142618296,0.0003667240885625589,0,4,3
2026092801,mert_v1,ambient_balanced,0.25,isotonic,24,66,0.16529894863144212,1.2967873111715291,0.015000484866080827,0.00815767581202509,0,4,0
2026092801,mert_v1,ambient_balanced,0.25,ridge_platt,24,66,0.14760435784411327,0.45373266372853016,-0.0026941059212480245,-0.009536914975303762,0,4,0
2026092801,mert_v1,ambient_balanced,0.5,raw,47,131,0.1502984637653613,0.46540872035604314,0.0,0.0047051575788433775,0,4,0
2026092801,mert_v1,ambient_balanced,0.5,prior_offset,47,131,0.14362897451727738,0.4461932849021436,-0.006669489248083915,-0.0019643316692405377,0,4,0
2026092801,mert_v1,ambient_balanced,0.5,temperature,47,131,0.1504407393680062,0.46574164092706116,0.00014227560264490346,0.004847433181488281,0,4,0
2026092801,mert_v1,ambient_balanced,0.5,platt,47,131,0.14559330618651792,0.45065322908217037,-0.0047051575788433775,0.0,0,4,0
2026092801,mert_v1,ambient_balanced,0.5,beta,47,131,0.14676299223608935,0.4552806174711256,-0.003535471529271944,0.0011696860495714334,0,4,2
2026092801,mert_v1,ambient_balanced,0.5,isotonic,47,131,0.15042808160059462,0.6618923903278473,0.00012961783523332548,0.004834775414076703,0,4,0
2026092801,mert_v1,ambient_balanced,0.5,ridge_platt,47,131,0.14356518161936718,0.4452446134090752,-0.006733282145994113,-0.0020281245671507353,0,4,0
2026092801,mert_v1,ambient_balanced,1.0,raw,94,245,0.1502984637653613,0.46540872035604314,0.0,0.005790729029503255,0,4,0
2026092801,mert_v1,ambient_balanced,1.0,prior_offset,94,245,0.14362897451727738,0.4461932849021436,-0.006669489248083915,-0.0008787602185806598,0,4,0
2026092801,mert_v1,ambient_balanced,1.0,temperature,94,245,0.15110927081481526,0.46863738399034827,0.0008108070494539654,0.006601536078957221,0,4,0
2026092801,mert_v1,ambient_balanced,1.0,platt,94,245,0.14450773473585804,0.4502783360848649,-0.005790729029503255,0.0,0,4,0
2026092801,mert_v1,ambient_balanced,1.0,beta,94,245,0.1454902618549967,0.4532694008788181,-0.004808201910364601,0.0009825271191386542,0,4,2
2026092801,mert_v1,ambient_balanced,1.0,isotonic,94,245,0.1476737051057278,0.5894525062611179,-0.0026247586596334915,0.003165970369869764,0,4,0
2026092801,mert_v1,ambient_balanced,1.0,ridge_platt,94,245,0.14385961444202477,0.44654586580090344,-0.006438849323336521,-0.0006481202938332653,0,4,0
2026092801,mert_v1,unweighted,0.25,raw,24,66,0.14376883892936246,0.446972330762616,0.0,-0.013928872613930832,0,4,0
2026092801,mert_v1,unweighted,0.25,prior_offset,24,66,0.14376883892936246,0.446972330762616,0.0,-0.013928872613930832,0,4,0
2026092801,mert_v1,unweighted,0.25,temperature,24,66,0.14401065681864852,0.4484336276954654,0.00024181788928606673,-0.013687054724644765,0,4,0
2026092801,mert_v1,unweighted,0.25,platt,24,66,0.1576977115432933,0.48236713620835014,0.013928872613930832,0.0,0,4,0
2026092801,mert_v1,unweighted,0.25,beta,24,66,0.15861591798452027,0.49240396603070535,0.014847079055157808,0.0009182064412269764,0,4,3
2026092801,mert_v1,unweighted,0.25,isotonic,24,66,0.16693234144397712,1.3014271505033062,0.02316350251461466,0.009234629900683827,0,4,0
2026092801,mert_v1,unweighted,0.25,ridge_platt,24,66,0.148555599925704,0.45557673750555305,0.004786760996341538,-0.009142111617589294,0,4,0
2026092801,mert_v1,unweighted,0.5,raw,47,131,0.14376883892936246,0.446972330762616,0.0,-0.002093467750275746,0,4,0
2026092801,mert_v1,unweighted,0.5,prior_offset,47,131,0.14376883892936246,0.446972330762616,0.0,-0.002093467750275746,0,4,0
2026092801,mert_v1,unweighted,0.5,temperature,47,131,0.14459542492381441,0.4491144637211206,0.000826585994451956,-0.00126688175582379,0,4,0
2026092801,mert_v1,unweighted,0.5,platt,47,131,0.1458623066796382,0.4517913017656447,0.002093467750275746,0.0,0,4,0
2026092801,mert_v1,unweighted,0.5,beta,47,131,0.14687439312998518,0.4556191178654533,0.0031055542006227232,0.0010120864503469773,0,4,2
2026092801,mert_v1,unweighted,0.5,isotonic,47,131,0.14996332043710062,0.6610104541151312,0.006194481507738159,0.004101013757462413,0,4,0
2026092801,mert_v1,unweighted,0.5,ridge_platt,47,131,0.14272037119158915,0.4432247554782482,-0.001048467737773312,-0.003141935488049058,0,4,0
2026092801,mert_v1,unweighted,1.0,raw,94,245,0.14376883892936246,0.446972330762616,0.0,-0.0010362622729645221,0,4,0
2026092801,mert_v1,unweighted,1.0,prior_offset,94,245,0.14376883892936246,0.446972330762616,0.0,-0.0010362622729645221,0,4,0
2026092801,mert_v1,unweighted,1.0,temperature,94,245,0.14516620990604648,0.451710743422648,0.0013973709766840203,0.0003611087037194982,0,4,0
2026092801,mert_v1,unweighted,1.0,platt,94,245,0.14480510120232698,0.4514692712892455,0.0010362622729645221,0.0,0,4,0
2026092801,mert_v1,unweighted,1.0,beta,94,245,0.14563242109360383,0.453852029733086,0.001863582164241373,0.0008273198912768509,0,4,2
2026092801,mert_v1,unweighted,1.0,isotonic,94,245,0.14749607811778864,0.5886078374397195,0.0037272391884261846,0.0026909769154616625,0,4,0
2026092801,mert_v1,unweighted,1.0,ridge_platt,94,245,0.1438013539738104,0.44656040722235246,3.25150444479283e-05,-0.0010037472285165938,0,4,0
2026092802,maest,ambient_balanced,0.25,raw,24,56,0.1456326092484287,0.4517998306419461,0.0,-0.009918172031041339,0,4,0
2026092802,maest,ambient_balanced,0.25,prior_offset,24,56,0.139208916163456,0.4327375000350251,-0.006423693084972704,-0.016341865116014043,0,4,0
2026092802,maest,ambient_balanced,0.25,temperature,24,56,0.14823994564565038,0.4654421096741825,0.002607336397221688,-0.007310835633819651,0,4,0
2026092802,maest,ambient_balanced,0.25,platt,24,56,0.15555078127947003,0.4948113919341531,0.009918172031041339,0.0,0,4,0
2026092802,maest,ambient_balanced,0.25,beta,24,56,0.15614884698359277,0.4936755979372038,0.01051623773516408,0.0005980657041227411,0,4,3
2026092802,maest,ambient_balanced,0.25,isotonic,24,56,0.15795501148337532,1.1883323739272682,0.012322402234946628,0.0024042302039052887,0,4,0
2026092802,maest,ambient_balanced,0.25,ridge_platt,24,56,0.1521646330449848,0.4821924173298794,0.006532023796556097,-0.0033861482344852423,0,4,0
2026092802,maest,ambient_balanced,0.5,raw,47,126,0.1456326092484287,0.4517998306419461,0.0,0.004167741733756669,0,4,0
2026092802,maest,ambient_balanced,0.5,prior_offset,47,126,0.139208916163456,0.4327375000350251,-0.006423693084972704,-0.0022559513512160345,0,4,0
2026092802,maest,ambient_balanced,0.5,temperature,47,126,0.1482235837017939,0.45873090738726574,0.0025909744533652024,0.0067587161871218715,0,4,0
2026092802,maest,ambient_balanced,0.5,platt,47,126,0.14146486751467202,0.4401403809425152,-0.004167741733756669,0.0,0,4,0
2026092802,maest,ambient_balanced,0.5,beta,47,126,0.14365221764407382,0.447007802662315,-0.0019803916043548697,0.0021873501294017994,0,4,2
2026092802,maest,ambient_balanced,0.5,isotonic,47,126,0.1492963827137729,0.908735962367057,0.0036637734653442167,0.007831515199100886,0,4,0
2026092802,maest,ambient_balanced,0.5,ridge_platt,47,126,0.1384159372627017,0.43350280772707916,-0.00721667198572698,-0.003048930251970311,0,4,0
2026092802,maest,ambient_balanced,1.0,raw,94,254,0.1456326092484287,0.4517998306419461,0.0,0.006995234184157012,0,4,0
2026092802,maest,ambient_balanced,1.0,prior_offset,94,254,0.139208916163456,0.4327375000350251,-0.006423693084972704,0.0005715410991843084,0,4,0
2026092802,maest,ambient_balanced,1.0,temperature,94,254,0.1461529986489155,0.4526060430463351,0.0005203894004868204,0.007515623584643832,0,4,0
2026092802,maest,ambient_balanced,1.0,platt,94,254,0.13863737506427168,0.4320462971261548,-0.006995234184157012,0.0,0,4,0
2026092802,maest,ambient_balanced,1.0,beta,94,254,0.14005055408909126,0.43514141308995546,-0.005582055159337435,0.0014131790248195775,0,4,0
2026092802,maest,ambient_balanced,1.0,isotonic,94,254,0.1437084830640937,0.6321163699265525,-0.00192412618433499,0.005071107999822022,0,4,0
2026092802,maest,ambient_balanced,1.0,ridge_platt,94,254,0.13830970891121364,0.4323733360623318,-0.007322900337215055,-0.0003276661530580427,0,4,0
2026092802,maest,unweighted,0.25,raw,24,56,0.13853088378137282,0.4310148122106033,0.0,-0.016822394820333764,0,4,0
2026092802,maest,unweighted,0.25,prior_offset,24,56,0.13853088378137282,0.4310148122106033,0.0,-0.016822394820333764,0,4,0
2026092802,maest,unweighted,0.25,temperature,24,56,0.14116328507834916,0.44468775934257104,0.002632401296976339,-0.014189993523357425,0,4,0
2026092802,maest,unweighted,0.25,platt,24,56,0.15535327860170658,0.49407950605436335,0.016822394820333764,0.0,0,4,0
2026092802,maest,unweighted,0.25,beta,24,56,0.15585958842867353,0.4935294945030889,0.017328704647300713,0.0005063098269669497,0,4,3
2026092802,maest,unweighted,0.25,isotonic,24,56,0.15738218627130135,1.2511518217314104,0.01885130248992853,0.002028907669594765,0,4,0
2026092802,maest,unweighted,0.25,ridge_platt,24,56,0.1521385639542897,0.4810581227960349,0.013607680172916886,-0.0032147146474168775,0,4,0
2026092802,maest,unweighted,0.5,raw,47,126,0.13853088378137282,0.4310148122106033,0.0,-0.002781177740826979,0,4,0
2026092802,maest,unweighted,0.5,prior_offset,47,126,0.13853088378137282,0.4310148122106033,0.0,-0.002781177740826979,0,4,0
2026092802,maest,unweighted,0.5,temperature,47,126,0.14089219444301046,0.4387129934394298,0.002361310661637639,-0.00041986707918933996,0,4,0
2026092802,maest,unweighted,0.5,platt,47,126,0.1413120615221998,0.43940880027348406,0.002781177740826979,0.0,0,4,0
2026092802,maest,unweighted,0.5,beta,47,126,0.14360727970331888,0.4464223905329824,0.005076395921946059,0.0022952181811190797,0,4,2
2026092802,maest,unweighted,0.5,isotonic,47,126,0.148453728704997,0.9058443264130847,0.009922844923624191,0.007141667182797212,0,4,0
2026092802,maest,unweighted,0.5,ridge_platt,47,126,0.13819888401964808,0.43136556992148634,-0.00033199976172473833,-0.003113177502551717,0,4,0
2026092802,maest,unweighted,1.0,raw,94,254,0.13853088378137282,0.4310148122106033,0.0,-6.712824379764837e-05,0,4,0
2026092802,maest,unweighted,1.0,prior_offset,94,254,0.13853088378137282,0.4310148122106033,0.0,-6.712824379764837e-05,0,4,0
2026092802,maest,unweighted,1.0,temperature,94,254,0.1388805858913027,0.43250785287068816,0.00034970210992987805,0.0002825738661322297,0,4,0
2026092802,maest,unweighted,1.0,platt,94,254,0.13859801202517047,0.4316995239378601,6.712824379764837e-05,0.0,0,4,0
2026092802,maest,unweighted,1.0,beta,94,254,0.13997797240373533,0.43464407281690365,0.001447088622362508,0.0013799603785648595,0,4,0
2026092802,maest,unweighted,1.0,isotonic,94,254,0.14394454881501415,0.6322738307407495,0.005413665033641324,0.0053465367898436755,0,4,0
2026092802,maest,unweighted,1.0,ridge_platt,94,254,0.13853088378137282,0.4310148122106033,0.0,-6.712824379764837e-05,0,4,0
2026092802,mert_v0,ambient_balanced,0.25,raw,24,56,0.15953899953676634,0.4922514032781119,0.0,-0.012461045387461817,0,4,0
2026092802,mert_v0,ambient_balanced,0.25,prior_offset,24,56,0.14775021880744588,0.45989953611630235,-0.011788780729320464,-0.02424982611678228,0,4,0
2026092802,mert_v0,ambient_balanced,0.25,temperature,24,56,0.1606153815987872,0.5004071695550302,0.0010763820620208475,-0.011384663325440969,0,4,0
2026092802,mert_v0,ambient_balanced,0.25,platt,24,56,0.17200004492422816,0.535904307432724,0.012461045387461817,0.0,0,4,0
2026092802,mert_v0,ambient_balanced,0.25,beta,24,56,0.17135979841673502,0.5345706486686218,0.011820798879968675,-0.0006402465074931418,0,4,3
2026092802,mert_v0,ambient_balanced,0.25,isotonic,24,56,0.18020352802172757,1.6022915323894622,0.020664528484961225,0.008203483097499409,0,4,0
2026092802,mert_v0,ambient_balanced,0.25,ridge_platt,24,56,0.16316453450102703,0.5088624525775285,0.003625534964260685,-0.008835510423201132,0,4,0
2026092802,mert_v0,ambient_balanced,0.5,raw,47,126,0.15953899953676634,0.4922514032781119,0.0,0.010907796167810041,0,4,0
2026092802,mert_v0,ambient_balanced,0.5,prior_offset,47,126,0.14775021880744588,0.45989953611630235,-0.011788780729320464,-0.0008809845615104228,0,4,0
2026092802,mert_v0,ambient_balanced,0.5,temperature,47,126,0.16189203972384064,0.4996917445330493,0.002353040187074301,0.013260836354884342,0,4,0
2026092802,mert_v0,ambient_balanced,0.5,platt,47,126,0.1486312033689563,0.46905385679858813,-0.010907796167810041,0.0,0,4,0
2026092802,mert_v0,ambient_balanced,0.5,beta,47,126,0.14970969197195266,0.47333328405260494,-0.009829307564813677,0.0010784886029963636,0,4,2
2026092802,mert_v0,ambient_balanced,0.5,isotonic,47,126,0.15304567345960235,0.7403483346636827,-0.006493326077163991,0.00441447009064605,0,4,0
2026092802,mert_v0,ambient_balanced,0.5,ridge_platt,47,126,0.14596032310015203,0.45958825719721813,-0.013578676436614312,-0.002670880268804271,0,4,0
2026092802,mert_v0,ambient_balanced,1.0,raw,94,254,0.15953899953676634,0.4922514032781119,0.0,0.014195403885205765,0,4,0
2026092802,mert_v0,ambient_balanced,1.0,prior_offset,94,254,0.14775021880744588,0.45989953611630235,-0.011788780729320464,0.0024066231558853013,0,4,0
2026092802,mert_v0,ambient_balanced,1.0,temperature,94,254,0.15909105624613812,0.4933437152791443,-0.00044794329062822213,0.013747460594577543,0,4,0
2026092802,mert_v0,ambient_balanced,1.0,platt,94,254,0.14534359565156058,0.461288920624769,-0.014195403885205765,0.0,0,4,0
2026092802,mert_v0,ambient_balanced,1.0,beta,94,254,0.14578355343482924,0.460389690168957,-0.013755446101937102,0.00043995778326866297,0,4,1
2026092802,mert_v0,ambient_balanced,1.0,isotonic,94,254,0.1496165125390121,0.600801051393792,-0.009922486997754248,0.004272916887451517,0,4,0
2026092802,mert_v0,ambient_balanced,1.0,ridge_platt,94,254,0.14560899919601192,0.4616553838737141,-0.013930000340754423,0.0002654035444513425,0,4,0
2026092802,mert_v0,unweighted,0.25,raw,24,56,0.14755728741939353,0.4602925148268813,0.0,-0.024681115252828345,0,4,0
2026092802,mert_v0,unweighted,0.25,prior_offset,24,56,0.14755728741939353,0.4602925148268813,0.0,-0.024681115252828345,0,4,0
2026092802,mert_v0,unweighted,0.25,temperature,24,56,0.1485076899025416,0.468183983748707,0.0009504024831480662,-0.02373071276968028,0,4,0
2026092802,mert_v0,unweighted,0.25,platt,24,56,0.17223840267222187,0.5369688555060113,0.024681115252828345,0.0,0,4,0
2026092802,mert_v0,unweighted,0.25,beta,24,56,0.17185364054509533,0.5372225443908438,0.024296353125701803,-0.00038476212712654223,0,4,3
2026092802,mert_v0,unweighted,0.25,isotonic,24,56,0.18006712058512203,1.5692790172403854,0.0325098331657285,0.007828717912900157,0,4,0
2026092802,mert_v0,unweighted,0.25,ridge_platt,24,56,0.16346566716392036,0.5090500894250198,0.01590837974452683,-0.008772735508301516,0,4,0
2026092802,mert_v0,unweighted,0.5,raw,47,126,0.14755728741939353,0.4602925148268813,0.0,-0.0013079056269376943,0,4,0
2026092802,mert_v0,unweighted,0.5,prior_offset,47,126,0.14755728741939353,0.4602925148268813,0.0,-0.0013079056269376943,0,4,0
2026092802,mert_v0,unweighted,0.5,temperature,47,126,0.1497167476442522,0.468227108703384,0.0021594602248586614,0.0008515545979209671,0,4,0
2026092802,mert_v0,unweighted,0.5,platt,47,126,0.14886519304633122,0.4697320623898348,0.0013079056269376943,0.0,0,4,0
2026092802,mert_v0,unweighted,0.5,beta,47,126,0.1505514246558324,0.4758111346930996,0.0029941372364388763,0.001686231609501182,0,4,2
2026092802,mert_v0,unweighted,0.5,isotonic,47,126,0.15224278701906152,0.7394197909375926,0.0046854995996679916,0.0033775939727302973,0,4,0
2026092802,mert_v0,unweighted,0.5,ridge_platt,47,126,0.14638169897869446,0.45951382648906897,-0.0011755884406990658,-0.00248349406763676,0,4,0
2026092802,mert_v0,unweighted,1.0,raw,94,254,0.14755728741939353,0.4602925148268813,0.0,0.0019736181594310065,0,4,0
2026092802,mert_v0,unweighted,1.0,prior_offset,94,254,0.14755728741939353,0.4602925148268813,0.0,0.0019736181594310065,0,4,0
2026092802,mert_v0,unweighted,1.0,temperature,94,254,0.14692403339042948,0.46192090787751827,-0.0006332540289640531,0.0013403641304669534,0,4,0
2026092802,mert_v0,unweighted,1.0,platt,94,254,0.14558366925996252,0.46220335757253883,-0.0019736181594310065,0.0,0,4,0
2026092802,mert_v0,unweighted,1.0,beta,94,254,0.14634568644285398,0.46213153387936484,-0.0012116009765395508,0.0007620171828914557,0,4,1
2026092802,mert_v0,unweighted,1.0,isotonic,94,254,0.1494309024980206,0.6013449693342964,0.0018736150786270722,0.0038472332380580787,0,4,0
2026092802,mert_v0,unweighted,1.0,ridge_platt,94,254,0.14601007165968408,0.4615627074481279,-0.0015472157597094527,0.0004264023997215538,0,4,0
2026092802,mert_v1,ambient_balanced,0.25,raw,24,56,0.15875818756792415,0.4877153970435938,0.0,-0.009928947552993506,0,4,0
2026092802,mert_v1,ambient_balanced,0.25,prior_offset,24,56,0.14666807436712298,0.45566475854495536,-0.012090113200801167,-0.022019060753794673,0,4,0
2026092802,mert_v1,ambient_balanced,0.25,temperature,24,56,0.16180466264760773,0.5035151772169767,0.003046475079683586,-0.00688247247330992,0,4,0
2026092802,mert_v1,ambient_balanced,0.25,platt,24,56,0.16868713512091765,0.525737429617528,0.009928947552993506,0.0,0,4,1
2026092802,mert_v1,ambient_balanced,0.25,beta,24,56,0.1689990924761914,0.5244591159163913,0.010240904908267262,0.00031195735527375645,0,4,2
2026092802,mert_v1,ambient_balanced,0.25,isotonic,24,56,0.1736088242744348,1.2283814627489384,0.014850636706510656,0.00492168915351715,0,4,0
2026092802,mert_v1,ambient_balanced,0.25,ridge_platt,24,56,0.16058442416262333,0.5029219405308134,0.0018262365946991876,-0.008102710958294318,0,4,1
2026092802,mert_v1,ambient_balanced,0.5,raw,47,126,0.15875818756792415,0.4877153970435938,0.0,0.01116904122776552,0,4,0
2026092802,mert_v1,ambient_balanced,0.5,prior_offset,47,126,0.14666807436712298,0.45566475854495536,-0.012090113200801167,-0.0009210719730356476,0,4,0
2026092802,mert_v1,ambient_balanced,0.5,temperature,47,126,0.16086185392820854,0.4934886804480406,0.0021036663602843897,0.013272707588049909,0,4,0
2026092802,mert_v1,ambient_balanced,0.5,platt,47,126,0.14758914634015863,0.4607198027548446,-0.01116904122776552,0.0,0,4,0
2026092802,mert_v1,ambient_balanced,0.5,beta,47,126,0.14922115003980216,0.46724914287621416,-0.009537037528121989,0.0016320036996435305,0,4,4
2026092802,mert_v1,ambient_balanced,0.5,isotonic,47,126,0.15440675246082355,0.7689776929953958,-0.004351435107100593,0.006817606120664926,0,4,0
2026092802,mert_v1,ambient_balanced,0.5,ridge_platt,47,126,0.14547236091188495,0.4552250801470328,-0.013285826656039196,-0.0021167854282736764,0,4,0
2026092802,mert_v1,ambient_balanced,1.0,raw,94,254,0.15875818756792415,0.4877153970435938,0.0,0.013691506065964476,0,4,0
2026092802,mert_v1,ambient_balanced,1.0,prior_offset,94,254,0.14666807436712298,0.45566475854495536,-0.012090113200801167,0.0016013928651633091,0,4,0
2026092802,mert_v1,ambient_balanced,1.0,temperature,94,254,0.15841875535365424,0.4876368790188158,-0.000339432214269908,0.013352073851694568,0,4,0
2026092802,mert_v1,ambient_balanced,1.0,platt,94,254,0.14506668150195967,0.4554907278011996,-0.013691506065964476,0.0,0,4,0
2026092802,mert_v1,ambient_balanced,1.0,beta,94,254,0.14537579929612487,0.4569461509335673,-0.013382388271799273,0.00030911779416520346,0,4,2
2026092802,mert_v1,ambient_balanced,1.0,isotonic,94,254,0.15158012656822964,0.7632133169550981,-0.007178060999694508,0.006513445066269968,0,4,0
2026092802,mert_v1,ambient_balanced,1.0,ridge_platt,94,254,0.14508750228721679,0.4559326389305953,-0.013670685280707362,2.082078525711406e-05,0,4,0
2026092802,mert_v1,unweighted,0.25,raw,24,56,0.14667321446965095,0.45662428468031874,0.0,-0.02238818295591785,0,4,0
2026092802,mert_v1,unweighted,0.25,prior_offset,24,56,0.14667321446965095,0.45662428468031874,0.0,-0.02238818295591785,0,4,0
2026092802,mert_v1,unweighted,0.25,temperature,24,56,0.14841101545865107,0.46878954640387127,0.0017378009890001156,-0.020650381966917736,0,4,0
2026092802,mert_v1,unweighted,0.25,platt,24,56,0.1690613974255688,0.5271908851836273,0.02238818295591785,0.0,0,4,1
2026092802,mert_v1,unweighted,0.25,beta,24,56,0.1695578864413393,0.5274353990360161,0.022884671971688336,0.0004964890157704849,0,4,2
2026092802,mert_v1,unweighted,0.25,isotonic,24,56,0.1746726867743037,1.2322418843561498,0.027999472304652745,0.005611289348734894,0,4,0
2026092802,mert_v1,unweighted,0.25,ridge_platt,24,56,0.16044183032237472,0.5019275995390483,0.013768615852723765,-0.008619567103194087,0,4,1
2026092802,mert_v1,unweighted,0.5,raw,47,126,0.14667321446965095,0.45662428468031874,0.0,-0.0012592952697438042,0,4,0
2026092802,mert_v1,unweighted,0.5,prior_offset,47,126,0.14667321446965095,0.45662428468031874,0.0,-0.0012592952697438042,0,4,0
2026092802,mert_v1,unweighted,0.5,temperature,47,126,0.14867855593697332,0.4627342750371034,0.002005341467322369,0.0007460461975785648,0,4,0
2026092802,mert_v1,unweighted,0.5,platt,47,126,0.14793250973939476,0.4619307773530066,0.0012592952697438042,0.0,0,4,0
2026092802,mert_v1,unweighted,0.5,beta,47,126,0.14991817261630302,0.4694027134115783,0.0032449581466520716,0.0019856628769082674,0,4,4
2026092802,mert_v1,unweighted,0.5,isotonic,47,126,0.15339474990313332,0.6347619599743726,0.006721535433482362,0.005462240163738558,0,4,0
2026092802,mert_v1,unweighted,0.5,ridge_platt,47,126,0.1458526365862288,0.45563116836302875,-0.0008205778834221578,-0.002079873153165962,0,4,0
2026092802,mert_v1,unweighted,1.0,raw,94,254,0.14667321446965095,0.45662428468031874,0.0,0.0012600470789196627,0,4,0
2026092802,mert_v1,unweighted,1.0,prior_offset,94,254,0.14667321446965095,0.45662428468031874,0.0,0.0012600470789196627,0,4,0
2026092802,mert_v1,unweighted,1.0,temperature,94,254,0.14621124885766967,0.45692521485663923,-0.00046196561198127983,0.0007980814669383829,0,4,0
2026092802,mert_v1,unweighted,1.0,platt,94,254,0.1454131673907313,0.4568000159284744,-0.0012600470789196627,0.0,0,4,0
2026092802,mert_v1,unweighted,1.0,beta,94,254,0.1461202856679411,0.45919264763162626,-0.0005529288017098455,0.0007071182772098172,0,4,2
2026092802,mert_v1,unweighted,1.0,isotonic,94,254,0.1502699456234822,0.6276611237587414,0.003596731153831245,0.004856778232750908,0,4,0
2026092802,mert_v1,unweighted,1.0,ridge_platt,94,254,0.14546443441759602,0.45627571192608407,-0.0012087800520549363,5.1267026864726395e-05,0,4,0
2026092803,maest,ambient_balanced,0.25,raw,24,72,0.124434260672849,0.39399314676185865,0.0,0.0009126520450096903,0,4,0
2026092803,maest,ambient_balanced,0.25,prior_offset,24,72,0.11258449205573612,0.3644785427423835,-0.011849768617112885,-0.010937116572103195,0,4,0
2026092803,maest,ambient_balanced,0.25,temperature,24,72,0.12841517647662457,0.409846118595478,0.0039809158037755615,0.004893567848785252,0,4,0
2026092803,maest,ambient_balanced,0.25,platt,24,72,0.12352160862783931,0.3963842714505486,-0.0009126520450096903,0.0,0,4,0
2026092803,maest,ambient_balanced,0.25,beta,24,72,0.12343535196537543,0.397288982354619,-0.0009989087074735725,-8.62566624638822e-05,0,4,3
2026092803,maest,ambient_balanced,0.25,isotonic,24,72,0.1222954152496416,0.6144010287102187,-0.0021388454232074,-0.0012261933781977097,0,4,0
2026092803,maest,ambient_balanced,0.25,ridge_platt,24,72,0.11218332456465362,0.3636615944752839,-0.012250936108195387,-0.011338284063185697,0,4,0
2026092803,maest,ambient_balanced,0.5,raw,47,132,0.124434260672849,0.39399314676185865,0.0,-0.0035630911665801707,0,4,0
2026092803,maest,ambient_balanced,0.5,prior_offset,47,132,0.11258449205573612,0.3644785427423835,-0.011849768617112885,-0.015412859783693056,0,4,0
2026092803,maest,ambient_balanced,0.5,temperature,47,132,0.13468388480751628,0.4281736990420246,0.010249624134667276,0.0066865329680871055,0,4,0
2026092803,maest,ambient_balanced,0.5,platt,47,132,0.12799735183942917,0.4114585740877564,0.0035630911665801707,0.0,0,4,1
2026092803,maest,ambient_balanced,0.5,beta,47,132,0.1272242596146861,0.410396756943756,0.00278999894183711,-0.0007730922247430605,0,4,2
2026092803,maest,ambient_balanced,0.5,isotonic,47,132,0.12336284357976046,0.5907226544130066,-0.001071417093088542,-0.004634508259668713,0,4,0
2026092803,maest,ambient_balanced,0.5,ridge_platt,47,132,0.11358235067448505,0.3675158063917219,-0.010851909998363954,-0.014415001164944125,0,4,0
2026092803,maest,ambient_balanced,1.0,raw,94,245,0.124434260672849,0.39399314676185865,0.0,0.007424130306276991,0,4,0
2026092803,maest,ambient_balanced,1.0,prior_offset,94,245,0.11258449205573612,0.3644785427423835,-0.011849768617112885,-0.004425638310835894,0,4,0
2026092803,maest,ambient_balanced,1.0,temperature,94,245,0.12718757070454095,0.40445833553902055,0.0027533100316919495,0.01017744033796894,0,4,0
2026092803,maest,ambient_balanced,1.0,platt,94,245,0.11701013036657201,0.3788615960286591,-0.007424130306276991,0.0,0,4,0
2026092803,maest,ambient_balanced,1.0,beta,94,245,0.11612312629249869,0.3774102246604299,-0.008311134380350318,-0.0008870040740733276,0,4,0
2026092803,maest,ambient_balanced,1.0,isotonic,94,245,0.11429910210342561,0.4346634729294947,-0.010135158569423389,-0.0027110282631463978,0,4,0
2026092803,maest,ambient_balanced,1.0,ridge_platt,94,245,0.11478009786887014,0.37182587745757173,-0.009654162803978864,-0.0022300324977018726,0,4,0
2026092803,maest,unweighted,0.25,raw,24,72,0.11288072965618777,0.36469424392890576,0.0,-0.010581768224689994,0,4,0
2026092803,maest,unweighted,0.25,prior_offset,24,72,0.11288072965618777,0.36469424392890576,0.0,-0.010581768224689994,0,4,0
2026092803,maest,unweighted,0.25,temperature,24,72,0.1156981035220173,0.3762007790429276,0.002817373865829531,-0.007764394358860463,0,4,0
2026092803,maest,unweighted,0.25,platt,24,72,0.12346249788087776,0.3962957775768786,0.010581768224689994,0.0,0,4,0
2026092803,maest,unweighted,0.25,beta,24,72,0.12333281682494433,0.39695611736903624,0.010452087168756563,-0.00012968105593343104,0,4,3
2026092803,maest,unweighted,0.25,isotonic,24,72,0.12248264122618267,0.5819578468184783,0.009601911569994903,-0.000979856654695091,0,4,0
2026092803,maest,unweighted,0.25,ridge_platt,24,72,0.11288072965618777,0.36469424392890576,0.0,-0.010581768224689994,0,4,0
2026092803,maest,unweighted,0.5,raw,47,132,0.11288072965618777,0.36469424392890576,0.0,-0.015278835075471578,0,4,0
2026092803,maest,unweighted,0.5,prior_offset,47,132,0.11288072965618777,0.36469424392890576,0.0,-0.015278835075471578,0,4,0
2026092803,maest,unweighted,0.5,temperature,47,132,0.12353516728120713,0.40076143201049796,0.010654437625019358,-0.0046243974504522195,0,4,0
2026092803,maest,unweighted,0.5,platt,47,132,0.12815956473165935,0.411573541126467,0.015278835075471578,0.0,0,4,1
2026092803,maest,unweighted,0.5,beta,47,132,0.12727948704531514,0.4101950570902542,0.014398757389127367,-0.0008800776863442106,0,4,2
2026092803,maest,unweighted,0.5,isotonic,47,132,0.12484605275678028,0.593575361417529,0.011965323100592506,-0.0033135119748790715,0,4,0
2026092803,maest,unweighted,0.5,ridge_platt,47,132,0.11288072965618777,0.36469424392890576,0.0,-0.015278835075471578,0,4,0
2026092803,maest,unweighted,1.0,raw,94,245,0.11288072965618777,0.36469424392890576,0.0,-0.004192580455929282,0,4,0
2026092803,maest,unweighted,1.0,prior_offset,94,245,0.11288072965618777,0.36469424392890576,0.0,-0.004192580455929282,0,4,0
2026092803,maest,unweighted,1.0,temperature,94,245,0.11579194142551981,0.37569399942501736,0.0029112117693320394,-0.0012813686865972423,0,4,0
2026092803,maest,unweighted,1.0,platt,94,245,0.11707331011211705,0.37880992022857624,0.004192580455929282,0.0,0,4,0
2026092803,maest,unweighted,1.0,beta,94,245,0.11606377941808198,0.3769462075275189,0.0031830497618942077,-0.001009530694035074,0,4,1
2026092803,maest,unweighted,1.0,isotonic,94,245,0.11494131159637626,0.43571260077877083,0.0020605819401884884,-0.0021319985157407934,0,4,0
2026092803,maest,unweighted,1.0,ridge_platt,94,245,0.11527238941590581,0.3722178144286532,0.002391659759718043,-0.001800920696211239,0,4,0
2026092803,mert_v0,ambient_balanced,0.25,raw,24,72,0.14691824428496825,0.45360188421954667,0.0,0.009664320790787134,0,4,0
2026092803,mert_v0,ambient_balanced,0.25,prior_offset,24,72,0.12944663597339134,0.4091953656181782,-0.017471608311576903,-0.0078072875207897685,0,4,0
2026092803,mert_v0,ambient_balanced,0.25,temperature,24,72,0.15270238791218183,0.4758961073593198,0.005784143627213578,0.015448464418000712,0,4,0
2026092803,mert_v0,ambient_balanced,0.25,platt,24,72,0.1372539234941811,0.43190975673806814,-0.009664320790787134,0.0,0,4,0
2026092803,mert_v0,ambient_balanced,0.25,beta,24,72,0.13494939547717966,0.4304614594465271,-0.01196884880778859,-0.002304528017001456,0,4,3
2026092803,mert_v0,ambient_balanced,0.25,isotonic,24,72,0.13690516706082761,0.685352504190213,-0.010013077224140632,-0.0003487564333534976,0,4,0
2026092803,mert_v0,ambient_balanced,0.25,ridge_platt,24,72,0.13143319984345148,0.4137476463449575,-0.015485044441516771,-0.005820723650729637,0,4,0
2026092803,mert_v0,ambient_balanced,0.5,raw,47,132,0.14691824428496825,0.45360188421954667,0.0,0.004133405185645284,0,4,0
2026092803,mert_v0,ambient_balanced,0.5,prior_offset,47,132,0.12944663597339134,0.4091953656181782,-0.017471608311576903,-0.01333820312593162,0,4,0
2026092803,mert_v0,ambient_balanced,0.5,temperature,47,132,0.15519541770771733,0.4834956005671316,0.008277173422749085,0.012410578608394368,0,4,0
2026092803,mert_v0,ambient_balanced,0.5,platt,47,132,0.14278483909932296,0.4479781149228944,-0.004133405185645284,0.0,0,4,1
2026092803,mert_v0,ambient_balanced,0.5,beta,47,132,0.13930850512745635,0.4409443352663444,-0.007609739157511897,-0.003476333971866613,0,4,3
2026092803,mert_v0,ambient_balanced,0.5,isotonic,47,132,0.14038335192877188,0.7671104880051987,-0.0065348923561963645,-0.002401487170551081,0,4,0
2026092803,mert_v0,ambient_balanced,0.5,ridge_platt,47,132,0.1385032579805485,0.4321573416508255,-0.008414986304419753,-0.004281581118774469,0,4,0
2026092803,mert_v0,ambient_balanced,1.0,raw,94,245,0.14691824428496825,0.45360188421954667,0.0,0.012368730435391329,0,4,0
2026092803,mert_v0,ambient_balanced,1.0,prior_offset,94,245,0.12944663597339134,0.4091953656181782,-0.017471608311576903,-0.005102877876185574,0,4,0
2026092803,mert_v0,ambient_balanced,1.0,temperature,94,245,0.14907131327963746,0.4617305530862815,0.002153068994669216,0.014521799430060545,0,4,0
2026092803,mert_v0,ambient_balanced,1.0,platt,94,245,0.13454951384957692,0.4214186657193303,-0.012368730435391329,0.0,0,4,0
2026092803,mert_v0,ambient_balanced,1.0,beta,94,245,0.1298745573392485,0.4122411869445605,-0.017043686945719755,-0.004674956510328426,0,4,2
2026092803,mert_v0,ambient_balanced,1.0,isotonic,94,245,0.13325061636626487,0.6784409078807154,-0.013667627918703379,-0.0012988974833120503,0,4,0
2026092803,mert_v0,ambient_balanced,1.0,ridge_platt,94,245,0.1314557862978708,0.4134741457865432,-0.015462457987097444,-0.003093727551706116,0,4,0
2026092803,mert_v0,unweighted,0.25,raw,24,72,0.12933054939480385,0.409590863135765,0.0,-0.007346114942048149,0,4,0
2026092803,mert_v0,unweighted,0.25,prior_offset,24,72,0.12933054939480385,0.409590863135765,0.0,-0.007346114942048149,0,4,0
2026092803,mert_v0,unweighted,0.25,temperature,24,72,0.1316209778087135,0.41620978292844846,0.0022904284139096676,-0.005055686528138481,0,4,0
2026092803,mert_v0,unweighted,0.25,platt,24,72,0.136676664336852,0.43084711366688916,0.007346114942048149,0.0,0,4,0
2026092803,mert_v0,unweighted,0.25,beta,24,72,0.1351007795930079,0.431326173765743,0.005770230198204052,-0.001575884743844097,0,4,3
2026092803,mert_v0,unweighted,0.25,isotonic,24,72,0.13490749165723948,0.681302820274314,0.00557694226243563,-0.0017691726796125185,0,4,0
2026092803,mert_v0,unweighted,0.25,ridge_platt,24,72,0.12933054939480385,0.409590863135765,0.0,-0.007346114942048149,0,4,0
2026092803,mert_v0,unweighted,0.5,raw,47,132,0.12933054939480385,0.409590863135765,0.0,-0.013071788484071062,0,4,0
2026092803,mert_v0,unweighted,0.5,prior_offset,47,132,0.12933054939480385,0.409590863135765,0.0,-0.013071788484071062,0,4,0
2026092803,mert_v0,unweighted,0.5,temperature,47,132,0.13579614739266205,0.43233082567709413,0.006465597997858202,-0.0066061904862128595,0,4,0
2026092803,mert_v0,unweighted,0.5,platt,47,132,0.1424023378788749,0.44716382626122103,0.013071788484071062,0.0,0,4,1
2026092803,mert_v0,unweighted,0.5,beta,47,132,0.1396166672618574,0.44221002482747807,0.010286117867053551,-0.0027856706170175105,0,4,3
2026092803,mert_v0,unweighted,0.5,isotonic,47,132,0.1400160033617714,0.7368036146359519,0.010685453966967545,-0.0023863345171035166,0,4,0
2026092803,mert_v0,unweighted,0.5,ridge_platt,47,132,0.12933054939480385,0.409590863135765,0.0,-0.013071788484071062,0,4,0
2026092803,mert_v0,unweighted,1.0,raw,94,245,0.12933054939480385,0.409590863135765,0.0,-0.0048265710176783605,0,4,0
2026092803,mert_v0,unweighted,1.0,prior_offset,94,245,0.12933054939480385,0.409590863135765,0.0,-0.0048265710176783605,0,4,0
2026092803,mert_v0,unweighted,1.0,temperature,94,245,0.1297397645912158,0.4099068748046649,0.0004092151964119606,-0.0044173558212664,0,4,0
2026092803,mert_v0,unweighted,1.0,platt,94,245,0.1341571204124822,0.42052190669858797,0.0048265710176783605,0.0,0,4,0
2026092803,mert_v0,unweighted,1.0,beta,94,245,0.13010832975127076,0.41315625484203206,0.0007777803564669172,-0.004048790661211443,0,4,2
2026092803,mert_v0,unweighted,1.0,isotonic,94,245,0.13310862119924335,0.6482519731754908,0.003778071804439509,-0.0010484992132388515,0,4,0
2026092803,mert_v0,unweighted,1.0,ridge_platt,94,245,0.12933054939480385,0.409590863135765,0.0,-0.0048265710176783605,0,4,0
2026092803,mert_v1,ambient_balanced,0.25,raw,24,72,0.14695349173948147,0.4538749130100957,0.0,0.00922056075236452,0,4,0
2026092803,mert_v1,ambient_balanced,0.25,prior_offset,24,72,0.12962511926914322,0.41077610098979406,-0.01732837247033825,-0.008107811717973729,0,4,0
2026092803,mert_v1,ambient_balanced,0.25,temperature,24,72,0.15195901990716398,0.4705819787482268,0.005005528167682516,0.014226088920047036,0,4,0
2026092803,mert_v1,ambient_balanced,0.25,platt,24,72,0.13773293098711695,0.4358825040770675,-0.00922056075236452,0.0,0,4,0
2026092803,mert_v1,ambient_balanced,0.25,beta,24,72,0.13518134622030248,0.4322645660805148,-0.01177214551917899,-0.0025515847668144687,0,4,3
2026092803,mert_v1,ambient_balanced,0.25,isotonic,24,72,0.13854362033956935,0.9560782943044737,-0.008409871399912117,0.0008106893524524039,0,4,0
2026092803,mert_v1,ambient_balanced,0.25,ridge_platt,24,72,0.13030636081392655,0.41270129263023053,-0.01664713092555492,-0.0074265701731904,0,4,0
2026092803,mert_v1,ambient_balanced,0.5,raw,47,132,0.14695349173948147,0.4538749130100957,0.0,0.006457093928260216,0,4,0
2026092803,mert_v1,ambient_balanced,0.5,prior_offset,47,132,0.12962511926914322,0.41077610098979406,-0.01732837247033825,-0.010871278542078033,0,4,0
2026092803,mert_v1,ambient_balanced,0.5,temperature,47,132,0.1535216685235515,0.4766281938166189,0.00656817678407004,0.013025270712330256,0,4,0
2026092803,mert_v1,ambient_balanced,0.5,platt,47,132,0.14049639781122125,0.4427034931403212,-0.006457093928260216,0.0,0,4,0
2026092803,mert_v1,ambient_balanced,0.5,beta,47,132,0.1362381937298707,0.4338838980533333,-0.010715298009610769,-0.004258204081350553,0,4,2
2026092803,mert_v1,ambient_balanced,0.5,isotonic,47,132,0.14030468830099613,0.9308067560144463,-0.00664880343848534,-0.00019170951022512428,0,4,0
2026092803,mert_v1,ambient_balanced,0.5,ridge_platt,47,132,0.1377540487193486,0.4311696641619221,-0.00919944302013287,-0.0027423490918726534,0,4,0
2026092803,mert_v1,ambient_balanced,1.0,raw,94,245,0.14695349173948147,0.4538749130100957,0.0,0.01518265003836125,0,4,0
2026092803,mert_v1,ambient_balanced,1.0,prior_offset,94,245,0.12962511926914322,0.41077610098979406,-0.01732837247033825,-0.0021457224319769985,0,4,0
2026092803,mert_v1,ambient_balanced,1.0,temperature,94,245,0.1481152456400836,0.4571397700698062,0.001161753900602136,0.016344403938963387,0,4,0
2026092803,mert_v1,ambient_balanced,1.0,platt,94,245,0.13177084170112022,0.4154732060841717,-0.01518265003836125,0.0,0,4,0
2026092803,mert_v1,ambient_balanced,1.0,beta,94,245,0.12852881238916433,0.4101343081093818,-0.018424679350317136,-0.003242029311955885,0,4,2
2026092803,mert_v1,ambient_balanced,1.0,isotonic,94,245,0.13093862647572868,0.64491556462435,-0.016014865263752787,-0.000832215225391536,0,4,0
2026092803,mert_v1,ambient_balanced,1.0,ridge_platt,94,245,0.13076681846608745,0.41320626339876915,-0.016186673273394014,-0.0010040232350327638,0,4,0
2026092803,mert_v1,unweighted,0.25,raw,24,72,0.1295933305116433,0.4113582586552061,0.0,-0.007834460042933283,0,4,0
2026092803,mert_v1,unweighted,0.25,prior_offset,24,72,0.1295933305116433,0.4113582586552061,0.0,-0.007834460042933283,0,4,0
2026092803,mert_v1,unweighted,0.25,temperature,24,72,0.1317677301316899,0.4178634964008996,0.0021743996200466187,-0.005660060422886665,0,4,0
2026092803,mert_v1,unweighted,0.25,platt,24,72,0.13742779055457657,0.4356215976566734,0.007834460042933283,0.0,0,4,0
2026092803,mert_v1,unweighted,0.25,beta,24,72,0.13516715404426796,0.4327594696246655,0.005573823532624672,-0.0022606365103086112,0,4,3
2026092803,mert_v1,unweighted,0.25,isotonic,24,72,0.1349034025170933,0.9501206022139096,0.005310072005450001,-0.0025243880374832828,0,4,0
2026092803,mert_v1,unweighted,0.25,ridge_platt,24,72,0.1295933305116433,0.4113582586552061,0.0,-0.007834460042933283,0,4,0
2026092803,mert_v1,unweighted,0.5,raw,47,132,0.1295933305116433,0.4113582586552061,0.0,-0.010715584606069861,0,4,0
2026092803,mert_v1,unweighted,0.5,prior_offset,47,132,0.1295933305116433,0.4113582586552061,0.0,-0.010715584606069861,0,4,0
2026092803,mert_v1,unweighted,0.5,temperature,47,132,0.13503059162756595,0.4306957372148798,0.005437261115922659,-0.005278323490147202,0,4,0
2026092803,mert_v1,unweighted,0.5,platt,47,132,0.14030891511771315,0.44243716138628086,0.010715584606069861,0.0,0,4,0
2026092803,mert_v1,unweighted,0.5,beta,47,132,0.13643392132178792,0.43472250259948886,0.0068405908101446256,-0.0038749937959252356,0,4,3
2026092803,mert_v1,unweighted,0.5,isotonic,47,132,0.14022796202987198,0.9314121652824311,0.010634631518228688,-8.09530878411735e-05,0,4,0
2026092803,mert_v1,unweighted,0.5,ridge_platt,47,132,0.1295933305116433,0.4113582586552061,0.0,-0.010715584606069861,0,4,0
2026092803,mert_v1,unweighted,1.0,raw,94,245,0.1295933305116433,0.4113582586552061,0.0,-0.0018560379818385597,0,4,0
2026092803,mert_v1,unweighted,1.0,prior_offset,94,245,0.1295933305116433,0.4113582586552061,0.0,-0.0018560379818385597,0,4,0
2026092803,mert_v1,unweighted,1.0,temperature,94,245,0.12949766690865022,0.4100363451993928,-9.566360299306798e-05,-0.0019517015848316277,0,4,0
2026092803,mert_v1,unweighted,1.0,platt,94,245,0.13144936849348185,0.41482360832738685,0.0018560379818385597,0.0,0,4,0
2026092803,mert_v1,unweighted,1.0,beta,94,245,0.12819235037666066,0.40949106542686564,-0.0014009801349826323,-0.003257018116821192,0,4,2
2026092803,mert_v1,unweighted,1.0,isotonic,94,245,0.1317104325645504,0.6475256505628073,0.002117102052907105,0.00026106407106854523,0,4,0
2026092803,mert_v1,unweighted,1.0,ridge_platt,94,245,0.1295933305116433,0.4113582586552061,0.0,-0.0018560379818385597,0,4,0
2026092804,maest,ambient_balanced,0.25,raw,24,56,0.12982456722227476,0.4087990745037928,0.0,0.0014825831251105148,0,4,0
2026092804,maest,ambient_balanced,0.25,prior_offset,24,56,0.11722908374430613,0.377840707279851,-0.012595483477968628,-0.011112900352858113,0,4,0
2026092804,maest,ambient_balanced,0.25,temperature,24,56,0.14112846545593843,0.4600313551643875,0.011303898233663678,0.012786481358774193,0,4,0
2026092804,maest,ambient_balanced,0.25,platt,24,56,0.12834198409716424,0.41500536230674756,-0.0014825831251105148,0.0,0,4,0
2026092804,maest,ambient_balanced,0.25,beta,24,56,0.12810329111242905,0.4123888091309346,-0.0017212761098457097,-0.00023869298473519485,0,4,1
2026092804,maest,ambient_balanced,0.25,isotonic,24,56,0.15231094802148806,1.7011003049582876,0.022486380799213307,0.02396896392432382,0,4,0
2026092804,maest,ambient_balanced,0.25,ridge_platt,24,56,0.12307501406616701,0.3964750707904968,-0.006749553156107743,-0.005266970030997228,0,4,0
2026092804,maest,ambient_balanced,0.5,raw,47,132,0.12982456722227476,0.4087990745037928,0.0,0.005404037283073648,0,4,0
2026092804,maest,ambient_balanced,0.5,prior_offset,47,132,0.11722908374430613,0.377840707279851,-0.012595483477968628,-0.007191446194894979,0,4,0
2026092804,maest,ambient_balanced,0.5,temperature,47,132,0.1354890934438365,0.4301690518203255,0.005664526221561744,0.011068563504635393,0,4,0
2026092804,maest,ambient_balanced,0.5,platt,47,132,0.12442052993920111,0.39808551443675805,-0.005404037283073648,0.0,0,4,0
2026092804,maest,ambient_balanced,0.5,beta,47,132,0.12489024303227828,0.4015703427964747,-0.004934324189996481,0.0004697130930771676,0,4,0
2026092804,maest,ambient_balanced,0.5,isotonic,47,132,0.13301962101030074,1.0300591407460624,0.003195053788025981,0.00859909107109963,0,4,0
2026092804,maest,ambient_balanced,0.5,ridge_platt,47,132,0.12174761494979365,0.388660364768478,-0.008076952272481105,-0.002672914989407457,0,4,0
2026092804,maest,ambient_balanced,1.0,raw,94,249,0.12982456722227476,0.4087990745037928,0.0,0.009539855145260345,0,4,0
2026092804,maest,ambient_balanced,1.0,prior_offset,94,249,0.11722908374430613,0.377840707279851,-0.012595483477968628,-0.0030556283327082823,0,4,0
2026092804,maest,ambient_balanced,1.0,temperature,94,249,0.1319122557881571,0.4163469945438475,0.002087688565882345,0.01162754371114269,0,4,0
2026092804,maest,ambient_balanced,1.0,platt,94,249,0.12028471207701441,0.38621992386925796,-0.009539855145260345,0.0,0,4,0
2026092804,maest,ambient_balanced,1.0,beta,94,249,0.11931633383071306,0.38470015195826546,-0.010508233391561692,-0.0009683782463013463,0,4,0
2026092804,maest,ambient_balanced,1.0,isotonic,94,249,0.12429477255705539,0.5854083348487418,-0.00552979466521937,0.004010060480040975,0,4,0
2026092804,maest,ambient_balanced,1.0,ridge_platt,94,249,0.11806923102292811,0.37942340297170396,-0.011755336199346642,-0.0022154810540862963,0,4,0
2026092804,maest,unweighted,0.25,raw,24,56,0.11715325477584673,0.37712758806695235,0.0,-0.011432215819367764,0,4,0
2026092804,maest,unweighted,0.25,prior_offset,24,56,0.11715325477584673,0.37712758806695235,0.0,-0.011432215819367764,0,4,0
2026092804,maest,unweighted,0.25,temperature,24,56,0.1234592517640078,0.4005185721949628,0.006305996988161061,-0.0051262188312067025,0,4,0
2026092804,maest,unweighted,0.25,platt,24,56,0.1285854705952145,0.41549583250503097,0.011432215819367764,0.0,0,4,0
2026092804,maest,unweighted,0.25,beta,24,56,0.13068834872621118,0.41948734881775823,0.013535093950364452,0.002102878130996688,0,4,1
2026092804,maest,unweighted,0.25,isotonic,24,56,0.14887346187896308,1.4916516444546102,0.03172020710311635,0.020287991283748585,0,4,0
2026092804,maest,unweighted,0.25,ridge_platt,24,56,0.12321084286720814,0.39668337516137636,0.006057588091361407,-0.0053746277280063565,0,4,0
2026092804,maest,unweighted,0.5,raw,47,132,0.11715325477584673,0.37712758806695235,0.0,-0.0071218497600953334,0,4,0
2026092804,maest,unweighted,0.5,prior_offset,47,132,0.11715325477584673,0.37712758806695235,0.0,-0.0071218497600953334,0,4,0
2026092804,maest,unweighted,0.5,temperature,47,132,0.12036924585036454,0.3879281668903462,0.00321599107451781,-0.0039058586855775235,0,4,0
2026092804,maest,unweighted,0.5,platt,47,132,0.12427510453594207,0.39730170122492736,0.0071218497600953334,0.0,0,4,0
2026092804,maest,unweighted,0.5,beta,47,132,0.12498491761160785,0.4013372184295611,0.007831662835761116,0.0007098130756657828,0,4,0
2026092804,maest,unweighted,0.5,isotonic,47,132,0.13076312345698843,1.0579541916134834,0.013609868681141696,0.006488018921046362,0,4,0
2026092804,maest,unweighted,0.5,ridge_platt,47,132,0.1189728747626247,0.38132452907120973,0.0018196199867779733,-0.00530222977331736,0,4,0
2026092804,maest,unweighted,1.0,raw,94,249,0.11715325477584673,0.37712758806695235,0.0,-0.0031825159161121275,0,4,0
2026092804,maest,unweighted,1.0,prior_offset,94,249,0.11715325477584673,0.37712758806695235,0.0,-0.0031825159161121275,0,4,0
2026092804,maest,unweighted,1.0,temperature,94,249,0.11863130694571584,0.3824610050148225,0.0014780521698691124,-0.0017044637462430151,0,4,0
2026092804,maest,unweighted,1.0,platt,94,249,0.12033577069195886,0.38616928341095463,0.0031825159161121275,0.0,0,4,0
2026092804,maest,unweighted,1.0,beta,94,249,0.11952689678682786,0.38464453401861176,0.002373642010981128,-0.0008088739051309995,0,4,0
2026092804,maest,unweighted,1.0,isotonic,94,249,0.12368360013438277,0.5845257692560606,0.006530345358536041,0.0033478294424239136,0,4,0
2026092804,maest,unweighted,1.0,ridge_platt,94,249,0.11788786624735724,0.37885554593477416,0.0007346114715105073,-0.00244790444460162,0,4,0
2026092804,mert_v0,ambient_balanced,0.25,raw,24,56,0.15055759335394164,0.4656444208204277,0.0,0.0065363568709218,0,4,0
2026092804,mert_v0,ambient_balanced,0.25,prior_offset,24,56,0.13566816038920854,0.429695780745022,-0.014889432964733107,-0.008353076093811307,0,4,0
2026092804,mert_v0,ambient_balanced,0.25,temperature,24,56,0.15780861128862228,0.5009508659009796,0.007251017934680637,0.013787374805602437,0,4,0
2026092804,mert_v0,ambient_balanced,0.25,platt,24,56,0.14402123648301984,0.4641818298583809,-0.0065363568709218,0.0,0,4,0
2026092804,mert_v0,ambient_balanced,0.25,beta,24,56,0.14360398984330933,0.4565863132258668,-0.006953603510632317,-0.0004172466397105168,0,4,2
2026092804,mert_v0,ambient_balanced,0.25,isotonic,24,56,0.1490015938325307,0.9225348774869966,-0.0015559995214109446,0.0049803573495108555,0,4,0
2026092804,mert_v0,ambient_balanced,0.25,ridge_platt,24,56,0.13579411119232834,0.43986677924600326,-0.0147634821616133,-0.0082271252906915,0,4,0
2026092804,mert_v0,ambient_balanced,0.5,raw,47,132,0.15055759335394164,0.4656444208204277,0.0,0.010992928402045937,0,4,0
2026092804,mert_v0,ambient_balanced,0.5,prior_offset,47,132,0.13566816038920854,0.429695780745022,-0.014889432964733107,-0.0038965045626871697,0,4,0
2026092804,mert_v0,ambient_balanced,0.5,temperature,47,132,0.15491427710028252,0.4833077824903767,0.004356683746340878,0.015349612148386815,0,4,0
2026092804,mert_v0,ambient_balanced,0.5,platt,47,132,0.1395646649518957,0.4407055844383785,-0.010992928402045937,0.0,0,4,0
2026092804,mert_v0,ambient_balanced,0.5,beta,47,132,0.1390806059659201,0.4378861252712918,-0.011476987388021553,-0.00048405898597561614,0,4,3
2026092804,mert_v0,ambient_balanced,0.5,isotonic,47,132,0.1469653429897261,1.0379866072515012,-0.003592250364215538,0.007400678037830399,0,4,0
2026092804,mert_v0,ambient_balanced,0.5,ridge_platt,47,132,0.13774696738661327,0.4347086123740471,-0.012810625967328376,-0.001817697565282439,0,4,0
2026092804,mert_v0,ambient_balanced,1.0,raw,94,249,0.15055759335394164,0.4656444208204277,0.0,0.014782381805964917,0,4,0
2026092804,mert_v0,ambient_balanced,1.0,prior_offset,94,249,0.13566816038920854,0.429695780745022,-0.014889432964733107,-0.00010705115876818994,0,4,0
2026092804,mert_v0,ambient_balanced,1.0,temperature,94,249,0.15139870099624952,0.4690658906080509,0.0008411076423078812,0.015623489448272798,0,4,0
2026092804,mert_v0,ambient_balanced,1.0,platt,94,249,0.13577521154797673,0.4295424440709019,-0.014782381805964917,0.0,0,4,0
2026092804,mert_v0,ambient_balanced,1.0,beta,94,249,0.13534970261780704,0.42984179537111195,-0.0152078907361346,-0.0004255089301696824,0,4,2
2026092804,mert_v0,ambient_balanced,1.0,isotonic,94,249,0.14005184170451085,0.7024771351403135,-0.010505751649430795,0.0042766301565341225,0,4,0
2026092804,mert_v0,ambient_balanced,1.0,ridge_platt,94,249,0.13599444664175853,0.429610365824667,-0.014563146712183117,0.00021923509378179995,0,4,0
2026092804,mert_v0,unweighted,0.25,raw,24,56,0.1356309210831636,0.4297915281227217,0.0,-0.008818486878946291,0,4,0
2026092804,mert_v0,unweighted,0.25,prior_offset,24,56,0.1356309210831636,0.4297915281227217,0.0,-0.008818486878946291,0,4,0
2026092804,mert_v0,unweighted,0.25,temperature,24,56,0.13964275205656793,0.4475646946725309,0.004011830973404323,-0.004806655905541968,0,4,0
2026092804,mert_v0,unweighted,0.25,platt,24,56,0.1444494079621099,0.4660082286935627,0.008818486878946291,0.0,0,4,0
2026092804,mert_v0,unweighted,0.25,beta,24,56,0.14352138723833674,0.4575911562523935,0.007890466155173137,-0.0009280207237731541,0,4,2
2026092804,mert_v0,unweighted,0.25,isotonic,24,56,0.14840245699646723,0.9521186109315616,0.012771535913303628,0.003953049034357337,0,4,0
2026092804,mert_v0,unweighted,0.25,ridge_platt,24,56,0.13615216607815214,0.4414570615177975,0.00052124499498854,-0.008297241883957751,0,4,0
2026092804,mert_v0,unweighted,0.5,raw,47,132,0.1356309210831636,0.4297915281227217,0.0,-0.003997647876628374,0,4,0
2026092804,mert_v0,unweighted,0.5,prior_offset,47,132,0.1356309210831636,0.4297915281227217,0.0,-0.003997647876628374,0,4,0
2026092804,mert_v0,unweighted,0.5,temperature,47,132,0.13730421642104723,0.43500263140740925,0.001673295337883629,-0.002324352538744745,0,4,0
2026092804,mert_v0,unweighted,0.5,platt,47,132,0.13962856895979198,0.44097713115928117,0.003997647876628374,0.0,0,4,0
2026092804,mert_v0,unweighted,0.5,beta,47,132,0.1395398777675716,0.43890459400099924,0.003908956684407994,-8.869119222038035e-05,0,4,3
2026092804,mert_v0,unweighted,0.5,isotonic,47,132,0.14794774103054917,1.2066967971596496,0.012316819947385566,0.008319172070757191,0,4,0
2026092804,mert_v0,unweighted,0.5,ridge_platt,47,132,0.13526295593572876,0.42864165625799466,-0.00036796514743484,-0.004365613024063214,0,4,0
2026092804,mert_v0,unweighted,1.0,raw,94,249,0.1356309210831636,0.4297915281227217,0.0,-0.0003598432917823746,0,4,0
2026092804,mert_v0,unweighted,1.0,prior_offset,94,249,0.1356309210831636,0.4297915281227217,0.0,-0.0003598432917823746,0,4,0
2026092804,mert_v0,unweighted,1.0,temperature,94,249,0.1356853380243868,0.429810164513693,5.44169412231843e-05,-0.0003054263505591903,0,4,0
2026092804,mert_v0,unweighted,1.0,platt,94,249,0.13599076437494598,0.4303000278243537,0.0003598432917823746,0.0,0,4,0
2026092804,mert_v0,unweighted,1.0,beta,94,249,0.13591637104369314,0.43124254296772296,0.00028544996052953797,-7.439333125283665e-05,0,4,2
2026092804,mert_v0,unweighted,1.0,isotonic,94,249,0.14075525174666118,0.642220398176359,0.005124330663497573,0.004764487371715198,0,4,0
2026092804,mert_v0,unweighted,1.0,ridge_platt,94,249,0.13541781598013508,0.4287234399201614,-0.00021310510302852137,-0.000572948394810896,0,4,0
2026092804,mert_v1,ambient_balanced,0.25,raw,24,56,0.15023672996528997,0.4646267235461427,0.0,0.0046627400778613826,0,4,0
2026092804,mert_v1,ambient_balanced,0.25,prior_offset,24,56,0.13476444257693737,0.42698702586425785,-0.015472287388352601,-0.010809547310491219,0,4,0
2026092804,mert_v1,ambient_balanced,0.25,temperature,24,56,0.15782350368472867,0.5052258621436406,0.007586773719438694,0.012249513797300077,0,4,0
2026092804,mert_v1,ambient_balanced,0.25,platt,24,56,0.1455739898874286,0.47244381965462556,-0.0046627400778613826,0.0,0,4,0
2026092804,mert_v1,ambient_balanced,0.25,beta,24,56,0.1458914334103963,0.46711826297649867,-0.004345296554893685,0.0003174435229676975,0,4,3
2026092804,mert_v1,ambient_balanced,0.25,isotonic,24,56,0.14899535360209828,0.8490668962609457,-0.0012413763631916874,0.003421363714669695,0,4,0
2026092804,mert_v1,ambient_balanced,0.25,ridge_platt,24,56,0.136484666005284,0.4404000747727036,-0.013752063960005972,-0.00908932388214459,0,4,0
2026092804,mert_v1,ambient_balanced,0.5,raw,47,132,0.15023672996528997,0.4646267235461427,0.0,0.010613622227332836,0,4,0
2026092804,mert_v1,ambient_balanced,0.5,prior_offset,47,132,0.13476444257693737,0.42698702586425785,-0.015472287388352601,-0.004858665161019765,0,4,0
2026092804,mert_v1,ambient_balanced,0.5,temperature,47,132,0.15507132995681924,0.4841003652489576,0.00483459999152927,0.015448222218862107,0,4,0
2026092804,mert_v1,ambient_balanced,0.5,platt,47,132,0.13962310773795714,0.441333656079694,-0.010613622227332836,0.0,0,4,0
2026092804,mert_v1,ambient_balanced,0.5,beta,47,132,0.13842888189713673,0.43836258657849214,-0.011807848068153243,-0.0011942258408204065,0,4,1
2026092804,mert_v1,ambient_balanced,0.5,isotonic,47,132,0.14256216343192143,0.8599857395414682,-0.0076745665333685376,0.0029390556939642987,0,4,0
2026092804,mert_v1,ambient_balanced,0.5,ridge_platt,47,132,0.13652415335426765,0.4312644582434306,-0.01371257661102232,-0.003098954383689484,0,4,0
2026092804,mert_v1,ambient_balanced,1.0,raw,94,249,0.15023672996528997,0.4646267235461427,0.0,0.015238636648818638,0,4,0
2026092804,mert_v1,ambient_balanced,1.0,prior_offset,94,249,0.13476444257693737,0.42698702586425785,-0.015472287388352601,-0.00023365073953396376,0,4,0
2026092804,mert_v1,ambient_balanced,1.0,temperature,94,249,0.15140968727647316,0.4691761328852848,0.0011729573111831926,0.01641159396000183,0,4,0
2026092804,mert_v1,ambient_balanced,1.0,platt,94,249,0.13499809331647133,0.4276071680375361,-0.015238636648818638,0.0,0,4,0
2026092804,mert_v1,ambient_balanced,1.0,beta,94,249,0.13421136012126064,0.42700066124460995,-0.01602536984402933,-0.0007867331952106926,0,4,1
2026092804,mert_v1,ambient_balanced,1.0,isotonic,94,249,0.13794620443160904,0.7277992633486701,-0.01229052553368093,0.002948111115137708,0,4,0
2026092804,mert_v1,ambient_balanced,1.0,ridge_platt,94,249,0.13523600183066273,0.42724481552005983,-0.015000728134627245,0.0002379085141913928,0,4,0
2026092804,mert_v1,unweighted,0.25,raw,24,56,0.1346037947981594,0.4267934767914455,0.0,-0.011135375278389092,0,4,0
2026092804,mert_v1,unweighted,0.25,prior_offset,24,56,0.1346037947981594,0.4267934767914455,0.0,-0.011135375278389092,0,4,0
2026092804,mert_v1,unweighted,0.25,temperature,24,56,0.1382185216444775,0.4434667036548309,0.0036147268463181115,-0.007520648432070981,0,4,0
2026092804,mert_v1,unweighted,0.25,platt,24,56,0.1457391700765485,0.4733679919770707,0.011135375278389092,0.0,0,4,0
2026092804,mert_v1,unweighted,0.25,beta,24,56,0.14597998318504968,0.46785608276429314,0.011376188386890279,0.00024081310850118665,0,4,3
2026092804,mert_v1,unweighted,0.25,isotonic,24,56,0.1498317013029904,0.8528285412177203,0.015227906504830996,0.004092531226441903,0,4,0
2026092804,mert_v1,unweighted,0.25,ridge_platt,24,56,0.1366498461944039,0.4413242470951487,0.0020460513962445026,-0.00908932388214459,0,4,0
2026092804,mert_v1,unweighted,0.5,raw,47,132,0.1346037947981594,0.4267934767914455,0.0,-0.00495546414639475,0,4,0
2026092804,mert_v1,unweighted,0.5,prior_offset,47,132,0.1346037947981594,0.4267934767914455,0.0,-0.00495546414639475,0,4,0
2026092804,mert_v1,unweighted,0.5,temperature,47,132,0.13679269225449592,0.4336518887348987,0.0021888974563365193,-0.002766566690058231,0,4,0
2026092804,mert_v1,unweighted,0.5,platt,47,132,0.13955925894455415,0.44107194604470473,0.00495546414639475,0.0,0,4,0
2026092804,mert_v1,unweighted,0.5,beta,47,132,0.1391711216446819,0.43906492883824144,0.004567326846522501,-0.00038813729987224876,0,4,1
2026092804,mert_v1,unweighted,0.5,isotonic,47,132,0.14440529722266107,1.0643268865494888,0.009801502424501674,0.004846038278106923,0,4,0
2026092804,mert_v1,unweighted,0.5,ridge_platt,47,132,0.13600610510623862,0.4303511454233087,0.0014023103080792187,-0.0035531538383155314,0,4,0
2026092804,mert_v1,unweighted,1.0,raw,94,249,0.1346037947981594,0.4267934767914455,0.0,-0.00046795083405121174,0,4,0
2026092804,mert_v1,unweighted,1.0,prior_offset,94,249,0.1346037947981594,0.4267934767914455,0.0,-0.00046795083405121174,0,4,0
2026092804,mert_v1,unweighted,1.0,temperature,94,249,0.13493634043110572,0.42766028221284724,0.0003325456329463239,-0.00013540520110488785,0,4,0
2026092804,mert_v1,unweighted,1.0,platt,94,249,0.1350717456322106,0.42790964416764754,0.00046795083405121174,0.0,0,4,0
2026092804,mert_v1,unweighted,1.0,beta,94,249,0.1350513655724226,0.4285013142397838,0.0004475707742631896,-2.0380059788022153e-05,0,4,1
2026092804,mert_v1,unweighted,1.0,isotonic,94,249,0.13842054729210465,0.7294423900212268,0.0038167524939452524,0.0033488016598940407,0,4,0
2026092804,mert_v1,unweighted,1.0,ridge_platt,94,249,0.13435172681273863,0.4255910303382249,-0.00025206798542076747,-0.0007200188194719792,0,4,0
2026092805,maest,ambient_balanced,0.25,raw,24,55,0.1375502497542258,0.4290565507411769,0.0,0.0004652233085769564,0,4,0
2026092805,maest,ambient_balanced,0.25,prior_offset,24,55,0.12568615950206385,0.4020903249483847,-0.011864090252161952,-0.011398866943584995,0,4,0
2026092805,maest,ambient_balanced,0.25,temperature,24,55,0.14018223052779638,0.4420651948757436,0.0026319807735705747,0.003097204082147531,0,4,0
2026092805,maest,ambient_balanced,0.25,platt,24,55,0.13708502644564885,0.43942507378684686,-0.0004652233085769564,0.0,0,4,0
2026092805,maest,ambient_balanced,0.25,beta,24,55,0.13902427302733636,0.45221851570183547,0.001474023273110553,0.0019392465816875093,0,4,1
2026092805,maest,ambient_balanced,0.25,isotonic,24,55,0.1536809212217072,1.4491179656419724,0.0161306714674814,0.016595894776058356,0,4,0
2026092805,maest,ambient_balanced,0.25,ridge_platt,24,55,0.1278996412652177,0.41315108159293024,-0.009650608489008117,-0.00918538518043116,0,4,0
2026092805,maest,ambient_balanced,0.5,raw,47,113,0.1375502497542258,0.4290565507411769,0.0,0.012345771567792985,0,4,0
2026092805,maest,ambient_balanced,0.5,prior_offset,47,113,0.12568615950206385,0.4020903249483847,-0.011864090252161952,0.0004816813156310329,0,4,0
2026092805,maest,ambient_balanced,0.5,temperature,47,113,0.13808545921012366,0.43138281366258474,0.000535209455897856,0.01288098102369084,0,4,0
2026092805,maest,ambient_balanced,0.5,platt,47,113,0.12520447818643282,0.3992081962112855,-0.012345771567792985,0.0,0,4,0
2026092805,maest,ambient_balanced,0.5,beta,47,113,0.12691480712518635,0.40595662489260065,-0.010635442629039454,0.0017103289387535303,0,4,0
2026092805,maest,ambient_balanced,0.5,isotonic,47,113,0.13324209149830346,1.0778067913888922,-0.004308158255922345,0.00803761331187064,0,4,0
2026092805,maest,ambient_balanced,0.5,ridge_platt,47,113,0.12479751717786497,0.39909009214215985,-0.012752732576360837,-0.0004069610085678521,0,4,0
2026092805,maest,ambient_balanced,1.0,raw,94,246,0.1375502497542258,0.4290565507411769,0.0,0.013454313421531791,0,4,0
2026092805,maest,ambient_balanced,1.0,prior_offset,94,246,0.12568615950206385,0.4020903249483847,-0.011864090252161952,0.0015902231693698393,0,4,0
2026092805,maest,ambient_balanced,1.0,temperature,94,246,0.13758428203053324,0.42993606652085387,3.403227630743855e-05,0.01348834569783923,0,4,0
2026092805,maest,ambient_balanced,1.0,platt,94,246,0.12409593633269402,0.3979226442754376,-0.013454313421531791,0.0,0,4,0
2026092805,maest,ambient_balanced,1.0,beta,94,246,0.1250475741515741,0.40020436770117973,-0.012502675602651697,0.0009516378188800939,0,4,0
2026092805,maest,ambient_balanced,1.0,isotonic,94,246,0.13237803288658812,0.8532580187359883,-0.005172216867637691,0.0082820965538941,0,4,0
2026092805,maest,ambient_balanced,1.0,ridge_platt,94,246,0.1256323128640202,0.4012938266629782,-0.011917936890205594,0.0015363765313261973,0,4,0
2026092805,maest,unweighted,0.25,raw,24,55,0.12557030058051044,0.40060447059149085,0.0,-0.011362998376083261,0,4,0
2026092805,maest,unweighted,0.25,prior_offset,24,55,0.12557030058051044,0.40060447059149085,0.0,-0.011362998376083261,0,4,0
2026092805,maest,unweighted,0.25,temperature,24,55,0.1289427828099685,0.4216138835579971,0.003372482229458046,-0.007990516146625215,0,4,0
2026092805,maest,unweighted,0.25,platt,24,55,0.1369332989565937,0.43878775975061474,0.011362998376083261,0.0,0,4,0
2026092805,maest,unweighted,0.25,beta,24,55,0.13945114257851812,0.4539056417102373,0.013880841998007681,0.0025178436219244205,0,4,1
2026092805,maest,unweighted,0.25,isotonic,24,55,0.15478788247333947,1.454884739230988,0.029217581892829025,0.017854583516745764,0,4,0
2026092805,maest,unweighted,0.25,ridge_platt,24,55,0.1267294961616292,0.4053722054285902,0.001159195581118766,-0.010203802794964495,0,4,0
2026092805,maest,unweighted,0.5,raw,47,113,0.12557030058051044,0.40060447059149085,0.0,0.0003809332662235154,0,4,0
2026092805,maest,unweighted,0.5,prior_offset,47,113,0.12557030058051044,0.40060447059149085,0.0,0.0003809332662235154,0,4,0
2026092805,maest,unweighted,0.5,temperature,47,113,0.12620224108923178,0.4031054029388824,0.0006319405087213403,0.0010128737749448558,0,4,0
2026092805,maest,unweighted,0.5,platt,47,113,0.12518936731428693,0.39887025671758836,-0.0003809332662235154,0.0,0,4,0
2026092805,maest,unweighted,0.5,beta,47,113,0.12714257046896546,0.40675757473135243,0.001572269888455019,0.0019532031546785344,0,4,0
2026092805,maest,unweighted,0.5,isotonic,47,113,0.13417857953763426,1.080467807885501,0.008608278957123822,0.008989212223347337,0,4,0
2026092805,maest,unweighted,0.5,ridge_platt,47,113,0.1242294480022566,0.39765329280951994,-0.0013408525782538372,-0.0009599193120303218,0,4,0
2026092805,maest,unweighted,1.0,raw,94,246,0.12557030058051044,0.40060447059149085,0.0,0.0015870393087279722,0,4,0
2026092805,maest,unweighted,1.0,prior_offset,94,246,0.12557030058051044,0.40060447059149085,0.0,0.0015870393087279722,0,4,0
2026092805,maest,unweighted,1.0,temperature,94,246,0.12607576381969907,0.40208108398981274,0.0005054632391886249,0.002092502547916597,0,4,0
2026092805,maest,unweighted,1.0,platt,94,246,0.12398326127178247,0.39746725115913845,-0.0015870393087279722,0.0,0,4,0
2026092805,maest,unweighted,1.0,beta,94,246,0.12462314626475407,0.3992293711481559,-0.0009471543157563711,0.0006398849929716011,0,4,1
2026092805,maest,unweighted,1.0,isotonic,94,246,0.1321010727046372,0.8523899512651368,0.006530772124126755,0.008117811432854727,0,4,0
2026092805,maest,unweighted,1.0,ridge_platt,94,246,0.12557030058051044,0.40060447059149085,0.0,0.0015870393087279722,0,4,0
2026092805,mert_v0,ambient_balanced,0.25,raw,24,55,0.14953139624315873,0.4653164563837856,0.0,-0.0073013833756697955,0,4,0
2026092805,mert_v0,ambient_balanced,0.25,prior_offset,24,55,0.13779748912036688,0.43684174971590006,-0.011733907122791848,-0.019035290498461643,0,4,0
2026092805,mert_v0,ambient_balanced,0.25,temperature,24,55,0.15406565552320262,0.47690440827926056,0.00453425928004389,-0.0027671240956259058,0,4,0
2026092805,mert_v0,ambient_balanced,0.25,platt,24,55,0.15683277961882852,0.48749870653303934,0.0073013833756697955,0.0,0,4,0
2026092805,mert_v0,ambient_balanced,0.25,beta,24,55,0.15618047653462633,0.48617869386130846,0.006649080291467602,-0.0006523030842021937,0,4,2
2026092805,mert_v0,ambient_balanced,0.25,isotonic,24,55,0.15639651637158006,1.207700472939133,0.0068651201284213315,-0.000436263247248464,0,4,0
2026092805,mert_v0,ambient_balanced,0.25,ridge_platt,24,55,0.138566441961129,0.4399607787104694,-0.010964954282029732,-0.018266337657699527,0,4,0
2026092805,mert_v0,ambient_balanced,0.5,raw,47,113,0.14953139624315873,0.4653164563837856,0.0,0.009945488485683524,0,4,0
2026092805,mert_v0,ambient_balanced,0.5,prior_offset,47,113,0.13779748912036688,0.43684174971590006,-0.011733907122791848,-0.0017884186371083244,0,4,0
2026092805,mert_v0,ambient_balanced,0.5,temperature,47,113,0.15007459381396746,0.46646307520316826,0.0005431975708087289,0.010488686056492252,0,4,0
2026092805,mert_v0,ambient_balanced,0.5,platt,47,113,0.1395859077574752,0.44136817138664025,-0.009945488485683524,0.0,0,4,0
2026092805,mert_v0,ambient_balanced,0.5,beta,47,113,0.13898949933886973,0.4389824330475073,-0.010541896904289,-0.0005964084186054763,0,4,1
2026092805,mert_v0,ambient_balanced,0.5,isotonic,47,113,0.14618249849017317,0.8219236125861135,-0.0033488977529855524,0.006596590732697971,0,4,0
2026092805,mert_v0,ambient_balanced,0.5,ridge_platt,47,113,0.1379812577110583,0.43717261140467406,-0.011550138532100435,-0.0016046500464169111,0,4,0
2026092805,mert_v0,ambient_balanced,1.0,raw,94,246,0.14953139624315873,0.4653164563837856,0.0,0.01412127738477309,0,4,0
2026092805,mert_v0,ambient_balanced,1.0,prior_offset,94,246,0.13779748912036688,0.43684174971590006,-0.011733907122791848,0.002387370261981242,0,4,0
2026092805,mert_v0,ambient_balanced,1.0,temperature,94,246,0.14931249805197558,0.4653255589715998,-0.0002188981911831478,0.013902379193589942,0,4,0
2026092805,mert_v0,ambient_balanced,1.0,platt,94,246,0.13541011885838564,0.43283167484478546,-0.01412127738477309,0.0,0,4,0
2026092805,mert_v0,ambient_balanced,1.0,beta,94,246,0.13483377870845542,0.4285977610113417,-0.014697617534703306,-0.0005763401499302157,0,4,1
2026092805,mert_v0,ambient_balanced,1.0,isotonic,94,246,0.14131464730241733,0.6139470835612478,-0.008216748940741397,0.0059045284440316925,0,4,0
2026092805,mert_v0,ambient_balanced,1.0,ridge_platt,94,246,0.1363545939528998,0.43396764329808646,-0.013176802290258915,0.0009444750945141744,0,4,0
2026092805,mert_v0,unweighted,0.25,raw,24,55,0.13750022823253882,0.4360753614384143,0.0,-0.019219957243671232,0,4,0
2026092805,mert_v0,unweighted,0.25,prior_offset,24,55,0.13750022823253882,0.4360753614384143,0.0,-0.019219957243671232,0,4,0
2026092805,mert_v0,unweighted,0.25,temperature,24,55,0.14401480593109764,0.4590341400672678,0.0065145776985588155,-0.012705379545112416,0,4,0
2026092805,mert_v0,unweighted,0.25,platt,24,55,0.15672018547621006,0.4879207263907415,0.019219957243671232,0.0,0,4,0
2026092805,mert_v0,unweighted,0.25,beta,24,55,0.15639880267524847,0.4866180436966694,0.018898574442709648,-0.0003213828009615838,0,4,2
2026092805,mert_v0,unweighted,0.25,isotonic,24,55,0.1559058295671199,1.239004224276443,0.01840560133458108,-0.0008143559090901531,0,4,0
2026092805,mert_v0,unweighted,0.25,ridge_platt,24,55,0.13849218647074013,0.4400942210814432,0.000991958238201307,-0.018227999005469925,0,4,0
2026092805,mert_v0,unweighted,0.5,raw,47,113,0.13750022823253882,0.4360753614384143,0.0,-0.001999847820768841,0,4,0
2026092805,mert_v0,unweighted,0.5,prior_offset,47,113,0.13750022823253882,0.4360753614384143,0.0,-0.001999847820768841,0,4,0
2026092805,mert_v0,unweighted,0.5,temperature,47,113,0.13819656524092402,0.4381000411389781,0.0006963370083852005,-0.0013035108123836403,0,4,0
2026092805,mert_v0,unweighted,0.5,platt,47,113,0.13950007605330766,0.44123731453717907,0.001999847820768841,0.0,0,4,0
2026092805,mert_v0,unweighted,0.5,beta,47,113,0.13891110187395378,0.43884436994353115,0.0014108736414149559,-0.000588974179353885,0,4,1
2026092805,mert_v0,unweighted,0.5,isotonic,47,113,0.14558503549517599,0.8210531015442992,0.008084807262637161,0.006084959441868321,0,4,0
2026092805,mert_v0,unweighted,0.5,ridge_platt,47,113,0.1376394851813974,0.4365780079332159,0.0001392569488585793,-0.0018605908719102615,0,4,0
2026092805,mert_v0,unweighted,1.0,raw,94,246,0.13750022823253882,0.4360753614384143,0.0,0.002189378345480858,0,4,0
2026092805,mert_v0,unweighted,1.0,prior_offset,94,246,0.13750022823253882,0.4360753614384143,0.0,0.002189378345480858,0,4,0
2026092805,mert_v0,unweighted,1.0,temperature,94,246,0.1373663243062007,0.43670433115272644,-0.00013390392633813586,0.002055474419142722,0,4,0
2026092805,mert_v0,unweighted,1.0,platt,94,246,0.13531084988705797,0.4327472100988463,-0.002189378345480858,0.0,0,4,0
2026092805,mert_v0,unweighted,1.0,beta,94,246,0.13476527673988786,0.4287808290687447,-0.002734951492650961,-0.0005455731471701031,0,4,1
2026092805,mert_v0,unweighted,1.0,isotonic,94,246,0.14120149557965422,0.6123214338291807,0.0037012673471154,0.005890645692596258,0,4,0
2026092805,mert_v0,unweighted,1.0,ridge_platt,94,246,0.13613019203879637,0.43322529727761977,-0.0013700361937424577,0.0008193421517384003,0,4,0
2026092805,mert_v1,ambient_balanced,0.25,raw,24,55,0.153554436357627,0.47616719170996746,0.0,-0.003167057303009563,0,4,0
2026092805,mert_v1,ambient_balanced,0.25,prior_offset,24,55,0.14007252499040007,0.4437200848023254,-0.013481911367226929,-0.01664896867023649,0,4,0
2026092805,mert_v1,ambient_balanced,0.25,temperature,24,55,0.15705786342184258,0.48494256159609095,0.0035034270642155807,0.0003363697612060179,0,4,0
2026092805,mert_v1,ambient_balanced,0.25,platt,24,55,0.15672149366063656,0.4881426872190332,0.003167057303009563,0.0,0,4,0
2026092805,mert_v1,ambient_balanced,0.25,beta,24,55,0.156518652897136,0.4865970669522365,0.0029642165395090125,-0.00020284076350055025,0,4,2
2026092805,mert_v1,ambient_balanced,0.25,isotonic,24,55,0.1597777787045675,1.2865359882010396,0.006223342346940497,0.003056285043930934,0,4,0
2026092805,mert_v1,ambient_balanced,0.25,ridge_platt,24,55,0.14252703427447824,0.4533014852680223,-0.011027402083148757,-0.01419445938615832,0,4,0
2026092805,mert_v1,ambient_balanced,0.5,raw,47,113,0.153554436357627,0.47616719170996746,0.0,0.012833816288972344,0,4,0
2026092805,mert_v1,ambient_balanced,0.5,prior_offset,47,113,0.14007252499040007,0.4437200848023254,-0.013481911367226929,-0.0006480950782545847,0,4,0
2026092805,mert_v1,ambient_balanced,0.5,temperature,47,113,0.15416500268931682,0.47893918486831333,0.0006105663316898213,0.013444382620662165,0,4,0
2026092805,mert_v1,ambient_balanced,0.5,platt,47,113,0.14072062006865466,0.4474619342245366,-0.012833816288972344,0.0,0,4,0
2026092805,mert_v1,ambient_balanced,0.5,beta,47,113,0.1402960869503868,0.4465777420278711,-0.013258349407240189,-0.0004245331182678447,0,4,1
2026092805,mert_v1,ambient_balanced,0.5,isotonic,47,113,0.14378820814107193,0.8734835632380361,-0.009766228216555067,0.0030675880724172766,0,4,0
2026092805,mert_v1,ambient_balanced,0.5,ridge_platt,47,113,0.14023163338687006,0.4442087307112305,-0.013322802970756942,-0.0004889866817845978,0,4,0
2026092805,mert_v1,ambient_balanced,1.0,raw,94,246,0.153554436357627,0.47616719170996746,0.0,0.01576079628432367,0,4,0
2026092805,mert_v1,ambient_balanced,1.0,prior_offset,94,246,0.14007252499040007,0.4437200848023254,-0.013481911367226929,0.0022788849170967407,0,4,0
2026092805,mert_v1,ambient_balanced,1.0,temperature,94,246,0.15271288327325083,0.47498223423662583,-0.0008415530843761676,0.014919243199947502,0,4,0
2026092805,mert_v1,ambient_balanced,1.0,platt,94,246,0.13779364007330333,0.4407587796765446,-0.01576079628432367,0.0,0,4,0
2026092805,mert_v1,ambient_balanced,1.0,beta,94,246,0.13719013125088517,0.4373348737913263,-0.016364305106741833,-0.000603508822418164,0,4,1
2026092805,mert_v1,ambient_balanced,1.0,isotonic,94,246,0.13868393333969264,0.5382615812415285,-0.014870503017934356,0.0008902932663893137,0,4,0
2026092805,mert_v1,ambient_balanced,1.0,ridge_platt,94,246,0.13839074315560998,0.4412658069980864,-0.01516369320201702,0.0005971030823066492,0,4,0
2026092805,mert_v1,unweighted,0.25,raw,24,55,0.14004205696705144,0.4439861751124907,0.0,-0.016660982436746435,0,4,0
2026092805,mert_v1,unweighted,0.25,prior_offset,24,55,0.14004205696705144,0.4439861751124907,0.0,-0.016660982436746435,0,4,0
2026092805,mert_v1,unweighted,0.25,temperature,24,55,0.14505587847522192,0.46162118007627573,0.0050138215081704796,-0.011647160928575956,0,4,0
2026092805,mert_v1,unweighted,0.25,platt,24,55,0.15670303940379787,0.48914265157935866,0.016660982436746435,0.0,0,4,0
2026092805,mert_v1,unweighted,0.25,beta,24,55,0.1565682326799885,0.48826726287063427,0.016526175712937075,-0.00013480672380936087,0,4,2
2026092805,mert_v1,unweighted,0.25,isotonic,24,55,0.15939918853337948,1.3492946815868962,0.01935713156632804,0.0026961491295816042,0,4,0
2026092805,mert_v1,unweighted,0.25,ridge_platt,24,55,0.14078088326678323,0.4468066017388527,0.0007388262997317929,-0.015922156137014642,0,4,0
2026092805,mert_v1,unweighted,0.5,raw,47,113,0.14004205696705144,0.4439861751124907,0.0,-0.000746246072717921,0,4,0
2026092805,mert_v1,unweighted,0.5,prior_offset,47,113,0.14004205696705144,0.4439861751124907,0.0,-0.000746246072717921,0,4,0
2026092805,mert_v1,unweighted,0.5,temperature,47,113,0.14075434884595708,0.4472892876058917,0.0007122918789056465,-3.395419381227449e-05,0,4,0
2026092805,mert_v1,unweighted,0.5,platt,47,113,0.14078830303976936,0.448016286075356,0.000746246072717921,0.0,0,4,0
2026092805,mert_v1,unweighted,0.5,beta,47,113,0.1403231648896672,0.447123322900521,0.00028110792261576423,-0.00046513815010215676,0,4,1
2026092805,mert_v1,unweighted,0.5,isotonic,47,113,0.14424968211979697,0.8760774649843328,0.004207625152745531,0.00346137908002761,0,4,0
2026092805,mert_v1,unweighted,0.5,ridge_platt,47,113,0.14001286172736366,0.4441073035312298,-2.9195239687779262e-05,-0.0007754413124057002,0,4,0
2026092805,mert_v1,unweighted,1.0,raw,94,246,0.14004205696705144,0.4439861751124907,0.0,0.0021723260707690317,0,4,0
2026092805,mert_v1,unweighted,1.0,prior_offset,94,246,0.14004205696705144,0.4439861751124907,0.0,0.0021723260707690317,0,4,0
2026092805,mert_v1,unweighted,1.0,temperature,94,246,0.13935266104525895,0.44355356321089123,-0.000689395921792485,0.0014829301489765467,0,4,0
2026092805,mert_v1,unweighted,1.0,platt,94,246,0.1378697308962824,0.44133531427193146,-0.0021723260707690317,0.0,0,4,0
2026092805,mert_v1,unweighted,1.0,beta,94,246,0.13720464090689483,0.4379696100724184,-0.002837416060156611,-0.0006650899893875795,0,4,1
2026092805,mert_v1,unweighted,1.0,isotonic,94,246,0.13862446354777858,0.5391878996500471,-0.0014175934192728612,0.0007547326514961705,0,4,0
2026092805,mert_v1,unweighted,1.0,ridge_platt,94,246,0.1381094739978678,0.4406887736116639,-0.0019325829691836383,0.00023974310158539347,0,4,0
2026092806,maest,ambient_balanced,0.25,raw,24,52,0.14652010209922944,0.44904625989442204,0.0,0.0045179857801932455,0,4,0
2026092806,maest,ambient_balanced,0.25,prior_offset,24,52,0.13973631199661932,0.4325189616727665,-0.006783790102610127,-0.002265804322416881,0,4,0
2026092806,maest,ambient_balanced,0.25,temperature,24,52,0.145754976395122,0.4462284209900469,-0.0007651257041074444,0.003752860076085801,0,4,0
2026092806,maest,ambient_balanced,0.25,platt,24,52,0.1420021163190362,0.4385227487008887,-0.0045179857801932455,0.0,0,4,0
2026092806,maest,ambient_balanced,0.25,beta,24,52,0.14539963668667252,0.4530576302887973,-0.0011204654125569202,0.0033975203676363253,0,4,4
2026092806,maest,ambient_balanced,0.25,isotonic,24,52,0.1543123369312613,1.2853007531567644,0.007792234832031869,0.012310220612225115,0,4,0
2026092806,maest,ambient_balanced,0.25,ridge_platt,24,52,0.14232324987566763,0.4381165283425831,-0.004196852223561809,0.0003211335566314366,0,4,0
2026092806,maest,ambient_balanced,0.5,raw,47,120,0.14652010209922944,0.44904625989442204,0.0,0.007271682211746844,0,4,0
2026092806,maest,ambient_balanced,0.5,prior_offset,47,120,0.13973631199661932,0.4325189616727665,-0.006783790102610127,0.0004878921091367172,0,4,0
2026092806,maest,ambient_balanced,0.5,temperature,47,120,0.14731846105038338,0.4539607012459461,0.0007983589511539324,0.008070041162900776,0,4,0
2026092806,maest,ambient_balanced,0.5,platt,47,120,0.1392484198874826,0.4362493618199365,-0.007271682211746844,0.0,0,4,0
2026092806,maest,ambient_balanced,0.5,beta,47,120,0.14233252475466876,0.4483270428323419,-0.004187577344560683,0.0030841048671861604,0,4,1
2026092806,maest,ambient_balanced,0.5,isotonic,47,120,0.14751362841622515,0.9352153413329303,0.000993526316995702,0.008265208528742546,0,4,0
2026092806,maest,ambient_balanced,0.5,ridge_platt,47,120,0.13936374274236663,0.4320786437650379,-0.007156359356862818,0.00011532285488402572,0,4,0
2026092806,maest,ambient_balanced,1.0,raw,94,240,0.14652010209922944,0.44904625989442204,0.0,0.007327882429814192,0,4,0
2026092806,maest,ambient_balanced,1.0,prior_offset,94,240,0.13973631199661932,0.4325189616727665,-0.006783790102610127,0.0005440923272040654,0,4,0
2026092806,maest,ambient_balanced,1.0,temperature,94,240,0.14695389633848424,0.4492554776268377,0.00043379423925479776,0.00776167666906899,0,4,0
2026092806,maest,ambient_balanced,1.0,platt,94,240,0.13919221966941525,0.4300380513323576,-0.007327882429814192,0.0,0,4,0
2026092806,maest,ambient_balanced,1.0,beta,94,240,0.14045180347148345,0.43630251821390065,-0.006068298627745994,0.0012595838020681982,0,4,1
2026092806,maest,ambient_balanced,1.0,isotonic,94,240,0.1436876138408733,0.819104396229174,-0.002832488258356136,0.004495394171458056,0,4,0
2026092806,maest,ambient_balanced,1.0,ridge_platt,94,240,0.1392356548648506,0.4302152834862032,-0.007284447234378849,4.343519543534291e-05,0,4,0
2026092806,maest,unweighted,0.25,raw,24,52,0.13888474434293424,0.4299907971948971,0.0,-0.002946321923528561,0,4,0
2026092806,maest,unweighted,0.25,prior_offset,24,52,0.13888474434293424,0.4299907971948971,0.0,-0.002946321923528561,0,4,0
2026092806,maest,unweighted,0.25,temperature,24,52,0.1379732597617865,0.42679823304269005,-0.0009114845811477312,-0.003857806504676292,0,4,0
2026092806,maest,unweighted,0.25,platt,24,52,0.1418310662664628,0.43825324965352,0.002946321923528561,0.0,0,4,0
2026092806,maest,unweighted,0.25,beta,24,52,0.14516967774967246,0.45339035766956803,0.006284933406738219,0.003338611483209658,0,4,4
2026092806,maest,unweighted,0.25,isotonic,24,52,0.1539573988099798,1.3865952534065933,0.01507265446704556,0.012126332543516999,0,4,0
2026092806,maest,unweighted,0.25,ridge_platt,24,52,0.13883479185513062,0.4297722169224515,-4.9952487803622825e-05,-0.0029962744113321838,0,4,0
2026092806,maest,unweighted,0.5,raw,47,120,0.13888474434293424,0.4299907971948971,0.0,-0.00012462978622743148,0,4,0
2026092806,maest,unweighted,0.5,prior_offset,47,120,0.13888474434293424,0.4299907971948971,0.0,-0.00012462978622743148,0,4,0
2026092806,maest,unweighted,0.5,temperature,47,120,0.13956894090839475,0.4350094652653179,0.0006841965654605098,0.0005595667792330783,0,4,0
2026092806,maest,unweighted,0.5,platt,47,120,0.13900937412916167,0.43572126958254476,0.00012462978622743148,0.0,0,4,0
2026092806,maest,unweighted,0.5,beta,47,120,0.14226868394945721,0.4480651309802697,0.003383939606522973,0.0032593098202955417,0,4,2
2026092806,maest,unweighted,0.5,isotonic,47,120,0.1473729110635882,0.9347853198854432,0.008488166720653972,0.008363536934426541,0,4,0
2026092806,maest,unweighted,0.5,ridge_platt,47,120,0.13876855664408666,0.43026103849379804,-0.00011618769884758073,-0.00024081748507501222,0,4,0
2026092806,maest,unweighted,1.0,raw,94,240,0.13888474434293424,0.4299907971948971,0.0,-0.00013169429528742116,0,4,0
2026092806,maest,unweighted,1.0,prior_offset,94,240,0.13888474434293424,0.4299907971948971,0.0,-0.00013169429528742116,0,4,0
2026092806,maest,unweighted,1.0,temperature,94,240,0.1392527986448505,0.43021282014436807,0.00036805430191624855,0.0002363600066288274,0,4,0
2026092806,maest,unweighted,1.0,platt,94,240,0.13901643863822166,0.42996468139914223,0.00013169429528742116,0.0,0,4,0
2026092806,maest,unweighted,1.0,beta,94,240,0.1403317413822658,0.4363615513324056,0.0014469970393315712,0.00131530274404415,0,4,1
2026092806,maest,unweighted,1.0,isotonic,94,240,0.1424124053116593,0.8160504523796143,0.0035276609687250604,0.0033959666734376392,0,4,0
2026092806,maest,unweighted,1.0,ridge_platt,94,240,0.13888474434293424,0.4299907971948971,0.0,-0.00013169429528742116,0,4,0
2026092806,mert_v0,ambient_balanced,0.25,raw,24,52,0.16133243001353373,0.49218086252502385,0.0,0.010951459571096278,0,4,0
2026092806,mert_v0,ambient_balanced,0.25,prior_offset,24,52,0.14729359684462,0.4578521446009264,-0.014038833168913717,-0.003087373597817439,0,4,0
2026092806,mert_v0,ambient_balanced,0.25,temperature,24,52,0.15969372874020088,0.48514548950634073,-0.0016387012733328488,0.00931275829776343,0,4,0
2026092806,mert_v0,ambient_balanced,0.25,platt,24,52,0.15038097044243745,0.4620976411809441,-0.010951459571096278,0.0,0,4,0
2026092806,mert_v0,ambient_balanced,0.25,beta,24,52,0.14924202622535135,0.4639688442438506,-0.01209040378818238,-0.001138944217086102,0,4,2
2026092806,mert_v0,ambient_balanced,0.25,isotonic,24,52,0.15726383181104747,1.163405262449817,-0.004068598202486257,0.0068828613686100215,0,4,0
2026092806,mert_v0,ambient_balanced,0.25,ridge_platt,24,52,0.1483632244369493,0.4605325631445695,-0.01296920557658443,-0.0020177460054881524,0,4,0
2026092806,mert_v0,ambient_balanced,0.5,raw,47,120,0.16133243001353373,0.49218086252502385,0.0,0.015053711398989783,0,4,0
2026092806,mert_v0,ambient_balanced,0.5,prior_offset,47,120,0.14729359684462,0.4578521446009264,-0.014038833168913717,0.0010148782300760661,0,4,0
2026092806,mert_v0,ambient_balanced,0.5,temperature,47,120,0.1604446233455526,0.4876763059469908,-0.0008878066679811336,0.01416590473100865,0,4,0
2026092806,mert_v0,ambient_balanced,0.5,platt,47,120,0.14627871861454395,0.454045021579959,-0.015053711398989783,0.0,0,4,0
2026092806,mert_v0,ambient_balanced,0.5,beta,47,120,0.14712611208623852,0.4566963685320759,-0.014206317927295209,0.0008473934716945741,0,4,1
2026092806,mert_v0,ambient_balanced,0.5,isotonic,47,120,0.15318845697141759,0.6453679563059468,-0.008143973042116143,0.00690973835687364,0,4,0
2026092806,mert_v0,ambient_balanced,0.5,ridge_platt,47,120,0.14771653106546404,0.45928615245968685,-0.013615898948069693,0.0014378124509200896,0,4,0
2026092806,mert_v0,ambient_balanced,1.0,raw,94,240,0.16133243001353373,0.49218086252502385,0.0,0.015645222931493424,0,4,0
2026092806,mert_v0,ambient_balanced,1.0,prior_offset,94,240,0.14729359684462,0.4578521446009264,-0.014038833168913717,0.0016063897625797074,0,4,0
2026092806,mert_v0,ambient_balanced,1.0,temperature,94,240,0.15984693007332254,0.4859891745304315,-0.001485499940211188,0.014159722991282236,0,4,0
2026092806,mert_v0,ambient_balanced,1.0,platt,94,240,0.1456872070820403,0.45127885380741684,-0.015645222931493424,0.0,0,4,0
2026092806,mert_v0,ambient_balanced,1.0,beta,94,240,0.1461805051792853,0.45355800663740864,-0.015151924834248431,0.000493298097244993,0,4,1
2026092806,mert_v0,ambient_balanced,1.0,isotonic,94,240,0.14922759761506016,0.594577192941585,-0.01210483239847357,0.003540390533019855,0,4,0
2026092806,mert_v0,ambient_balanced,1.0,ridge_platt,94,240,0.14647789208385048,0.4540789889028736,-0.014854537929683248,0.0007906850018101763,0,4,0
2026092806,mert_v0,unweighted,0.25,raw,24,52,0.14754257592309517,0.4588845448405627,0.0,-0.003272856789321682,0,4,0
2026092806,mert_v0,unweighted,0.25,prior_offset,24,52,0.14754257592309517,0.4588845448405627,0.0,-0.003272856789321682,0,4,0
2026092806,mert_v0,unweighted,0.25,temperature,24,52,0.14587229680745586,0.45187413532136195,-0.0016702791156393004,-0.004943135904960982,0,4,0
2026092806,mert_v0,unweighted,0.25,platt,24,52,0.15081543271241685,0.46345223933211993,0.003272856789321682,0.0,0,4,0
2026092806,mert_v0,unweighted,0.25,beta,24,52,0.14971754998568687,0.4649692960365589,0.0021749740625917058,-0.0010978827267299762,0,4,2
2026092806,mert_v0,unweighted,0.25,isotonic,24,52,0.15491308182652586,1.123464360851388,0.007370505903430691,0.004097649114109009,0,4,0
2026092806,mert_v0,unweighted,0.25,ridge_platt,24,52,0.14796485420794916,0.4597907138844428,0.00042227828485399965,-0.0028505785044676824,0,4,0
2026092806,mert_v0,unweighted,0.5,raw,47,120,0.14754257592309517,0.4588845448405627,0.0,0.0009604011960051007,0,4,0
2026092806,mert_v0,unweighted,0.5,prior_offset,47,120,0.14754257592309517,0.4588845448405627,0.0,0.0009604011960051007,0,4,0
2026092806,mert_v0,unweighted,0.5,temperature,47,120,0.14654211060562605,0.4545987839692283,-0.0010004653174691125,-4.006412146401184e-05,0,4,0
2026092806,mert_v0,unweighted,0.5,platt,47,120,0.14658217472709006,0.455023304648454,-0.0009604011960051007,0.0,0,4,0
2026092806,mert_v0,unweighted,0.5,beta,47,120,0.14741788179016593,0.4576719235754579,-0.0001246941329292317,0.000835707063075869,0,4,1
2026092806,mert_v0,unweighted,0.5,isotonic,47,120,0.15244833044285053,0.643509479570282,0.004905754519755362,0.005866155715760463,0,4,0
2026092806,mert_v0,unweighted,0.5,ridge_platt,47,120,0.14789023589710215,0.4600051240343244,0.00034765997400698634,0.001308061170012087,0,4,0
2026092806,mert_v0,unweighted,1.0,raw,94,240,0.14754257592309517,0.4588845448405627,0.0,0.0015535473565357893,0,4,0
2026092806,mert_v0,unweighted,1.0,prior_offset,94,240,0.14754257592309517,0.4588845448405627,0.0,0.0015535473565357893,0,4,0
2026092806,mert_v0,unweighted,1.0,temperature,94,240,0.14625989111018423,0.4533106186901588,-0.0012826848129109392,0.0002708625436248502,0,4,0
2026092806,mert_v0,unweighted,1.0,platt,94,240,0.14598902856655938,0.4524907351574923,-0.0015535473565357893,0.0,0,4,0
2026092806,mert_v0,unweighted,1.0,beta,94,240,0.14658628967068174,0.45459112366652676,-0.0009562862524134241,0.0005972611041223652,0,4,2
2026092806,mert_v0,unweighted,1.0,isotonic,94,240,0.14914724357044784,0.5611197879101771,0.0016046676473526755,0.003158215003888465,0,4,0
2026092806,mert_v0,unweighted,1.0,ridge_platt,94,240,0.14672469825941387,0.4549056856970583,-0.000817877663681299,0.0007356696928544904,0,4,0
2026092806,mert_v1,ambient_balanced,0.25,raw,24,52,0.15896379194405869,0.4873524191002782,0.0,0.0077382646114304565,0,4,0
2026092806,mert_v1,ambient_balanced,0.25,prior_offset,24,52,0.145750796985318,0.45399717891067715,-0.013212994958740676,-0.005474730347310219,0,4,0
2026092806,mert_v1,ambient_balanced,0.25,temperature,24,52,0.15703552981232008,0.47800341188790313,-0.0019282621317386062,0.00581000247969185,0,4,0
2026092806,mert_v1,ambient_balanced,0.25,platt,24,52,0.15122552733262823,0.46139331708826825,-0.0077382646114304565,0.0,0,4,0
2026092806,mert_v1,ambient_balanced,0.25,beta,24,52,0.1523398395539136,0.4705962423558827,-0.006623952390145099,0.0011143122212853573,0,4,4
2026092806,mert_v1,ambient_balanced,0.25,isotonic,24,52,0.15372203126400202,0.8077800154671697,-0.005241760680056662,0.0024965039313737947,0,4,0
2026092806,mert_v1,ambient_balanced,0.25,ridge_platt,24,52,0.1471111166203526,0.4569723285224922,-0.011852675323706097,-0.00411441071227564,0,4,0
2026092806,mert_v1,ambient_balanced,0.5,raw,47,120,0.15896379194405869,0.4873524191002782,0.0,0.013860184244451956,0,4,0
2026092806,mert_v1,ambient_balanced,0.5,prior_offset,47,120,0.145750796985318,0.45399717891067715,-0.013212994958740676,0.0006471892857112804,0,4,0
2026092806,mert_v1,ambient_balanced,0.5,temperature,47,120,0.1580289936148088,0.48173069520209055,-0.0009347983292498918,0.012925385915202064,0,4,0
2026092806,mert_v1,ambient_balanced,0.5,platt,47,120,0.14510360769960673,0.45033156648622313,-0.013860184244451956,0.0,0,4,0
2026092806,mert_v1,ambient_balanced,0.5,beta,47,120,0.14581894190063205,0.45153948015884415,-0.013144850043426637,0.0007153342010253194,0,4,1
2026092806,mert_v1,ambient_balanced,0.5,isotonic,47,120,0.15154731980203134,0.5392455060683665,-0.007416472142027342,0.006443712102424615,0,4,0
2026092806,mert_v1,ambient_balanced,0.5,ridge_platt,47,120,0.14603706672698347,0.45497100427051773,-0.012926725217075219,0.0009334590273767374,0,4,0
2026092806,mert_v1,ambient_balanced,1.0,raw,94,240,0.15896379194405869,0.4873524191002782,0.0,0.014816619075093379,0,4,0
2026092806,mert_v1,ambient_balanced,1.0,prior_offset,94,240,0.145750796985318,0.45399717891067715,-0.013212994958740676,0.0016036241163527032,0,4,0
2026092806,mert_v1,ambient_balanced,1.0,temperature,94,240,0.15760698897679704,0.4802890037781372,-0.00135680296726165,0.013459816107831729,0,4,0
2026092806,mert_v1,ambient_balanced,1.0,platt,94,240,0.1441471728689653,0.44677577432182797,-0.014816619075093379,0.0,0,4,0
2026092806,mert_v1,ambient_balanced,1.0,beta,94,240,0.14396607038363524,0.44673222019074316,-0.01499772156042345,-0.00018110248533007023,0,4,1
2026092806,mert_v1,ambient_balanced,1.0,isotonic,94,240,0.14924216209824565,0.5633066833318005,-0.00972162984581304,0.005094989229280339,0,4,0
2026092806,mert_v1,ambient_balanced,1.0,ridge_platt,94,240,0.14452576920604257,0.4495533971127154,-0.014438022738016115,0.0003785963370772638,0,4,0
2026092806,mert_v1,unweighted,0.25,raw,24,52,0.14587236722350486,0.4549246716496688,0.0,-0.005426210923936886,0,4,0
2026092806,mert_v1,unweighted,0.25,prior_offset,24,52,0.14587236722350486,0.4549246716496688,0.0,-0.005426210923936886,0,4,0
2026092806,mert_v1,unweighted,0.25,temperature,24,52,0.14426087454597095,0.4468449053767558,-0.00161149267753391,-0.007037703601470796,0,4,0
2026092806,mert_v1,unweighted,0.25,platt,24,52,0.15129857814744174,0.46203997288974874,0.005426210923936886,0.0,0,4,0
2026092806,mert_v1,unweighted,0.25,beta,24,52,0.1525513830862005,0.4704755754134462,0.0066790158626956475,0.0012528049387587614,0,4,4
2026092806,mert_v1,unweighted,0.25,isotonic,24,52,0.1527888331871899,0.8394659264302143,0.006916465963685031,0.001490255039748145,0,4,0
2026092806,mert_v1,unweighted,0.25,ridge_platt,24,52,0.14636186306271165,0.4557440658167198,0.0004894958392067938,-0.004936715084730092,0,4,0
2026092806,mert_v1,unweighted,0.5,raw,47,120,0.14587236722350486,0.4549246716496688,0.0,0.0005636934485707679,0,4,0
2026092806,mert_v1,unweighted,0.5,prior_offset,47,120,0.14587236722350486,0.4549246716496688,0.0,0.0005636934485707679,0,4,0
2026092806,mert_v1,unweighted,0.5,temperature,47,120,0.14499797020155286,0.4501045255942233,-0.0008743970219519948,-0.0003107035733812269,0,4,0
2026092806,mert_v1,unweighted,0.5,platt,47,120,0.1453086737749341,0.4512701495230049,-0.0005636934485707679,0.0,0,4,0
2026092806,mert_v1,unweighted,0.5,beta,47,120,0.14597735584092902,0.45232961342782463,0.00010498861742416765,0.0006686820659949355,0,4,1
2026092806,mert_v1,unweighted,0.5,isotonic,47,120,0.15228160327911847,0.5417254766690617,0.00640923605561361,0.0069729295041843775,0,4,0
2026092806,mert_v1,unweighted,0.5,ridge_platt,47,120,0.14618755505577907,0.4557678455699645,0.0003151878322742163,0.0008788812808449842,0,4,0
2026092806,mert_v1,unweighted,1.0,raw,94,240,0.14587236722350486,0.4549246716496688,0.0,0.0015345247614964308,0,4,0
2026092806,mert_v1,unweighted,1.0,prior_offset,94,240,0.14587236722350486,0.4549246716496688,0.0,0.0015345247614964308,0,4,0
2026092806,mert_v1,unweighted,1.0,temperature,94,240,0.1448623557536744,0.4484852574903734,-0.0010100114698304574,0.0005245132916659734,0,4,0
2026092806,mert_v1,unweighted,1.0,platt,94,240,0.14433784246200843,0.4476855332061121,-0.0015345247614964308,0.0,0,4,0
2026092806,mert_v1,unweighted,1.0,beta,94,240,0.14436872516620544,0.44777176991958373,-0.0015036420572994147,3.088270419701611e-05,0,4,2
2026092806,mert_v1,unweighted,1.0,isotonic,94,240,0.14897625042743273,0.5614388161593435,0.0031038832039278763,0.004638407965424307,0,4,0
2026092806,mert_v1,unweighted,1.0,ridge_platt,94,240,0.1446559708300279,0.4504840156057056,-0.001216396393476954,0.00031812836801947686,0,4,0
2026092807,maest,ambient_balanced,0.25,raw,24,52,0.15233946365332104,0.4739996500140511,0.0,-0.010085141390953567,0,4,0
2026092807,maest,ambient_balanced,0.25,prior_offset,24,52,0.14713798908091638,0.4611419729691334,-0.005201474572404663,-0.01528661596335823,0,4,0
2026092807,maest,ambient_balanced,0.25,temperature,24,52,0.16638624346813782,0.6227906338870339,0.014046779814816779,0.003961638423863212,0,4,0
2026092807,maest,ambient_balanced,0.25,platt,24,52,0.1624246050442746,0.6283062275318181,0.010085141390953567,0.0,0,4,0
2026092807,maest,ambient_balanced,0.25,beta,24,52,0.16153296961005237,0.6381680228508153,0.009193505956731324,-0.0008916354342222432,0,4,2
2026092807,maest,ambient_balanced,0.25,isotonic,24,52,0.16822766605373787,3.034712418086921,0.01588820240041683,0.005803061009463262,0,4,0
2026092807,maest,ambient_balanced,0.25,ridge_platt,24,52,0.15423856792565094,0.4997692467391359,0.0018991042723298934,-0.008186037118623674,0,4,0
2026092807,maest,ambient_balanced,0.5,raw,47,115,0.15233946365332104,0.4739996500140511,0.0,0.005250144755147762,0,4,0
2026092807,maest,ambient_balanced,0.5,prior_offset,47,115,0.14713798908091638,0.4611419729691334,-0.005201474572404663,4.867018274309909e-05,0,4,0
2026092807,maest,ambient_balanced,0.5,temperature,47,115,0.15303381532069504,0.4787392777453629,0.0006943516673739991,0.005944496422521761,0,4,0
2026092807,maest,ambient_balanced,0.5,platt,47,115,0.14708931889817328,0.46250621505411704,-0.005250144755147762,0.0,0,4,0
2026092807,maest,ambient_balanced,0.5,beta,47,115,0.14927048902053058,0.49216585056934203,-0.003068974632790461,0.002181170122357301,0,4,1
2026092807,maest,ambient_balanced,0.5,isotonic,47,115,0.15218370811761692,1.337724651764275,-0.00015575553570412737,0.005094389219443635,0,4,0
2026092807,maest,ambient_balanced,0.5,ridge_platt,47,115,0.14688777796068353,0.4586202511400287,-0.005451685692637515,-0.00020154093748975255,0,4,0
2026092807,maest,ambient_balanced,1.0,raw,94,249,0.15233946365332104,0.4739996500140511,0.0,0.00814365032176384,0,4,0
2026092807,maest,ambient_balanced,1.0,prior_offset,94,249,0.14713798908091638,0.4611419729691334,-0.005201474572404663,0.002942175749359177,0,4,0
2026092807,maest,ambient_balanced,1.0,temperature,94,249,0.15118490572713592,0.4688659616033404,-0.001154557926185129,0.006989092395578711,0,4,0
2026092807,maest,ambient_balanced,1.0,platt,94,249,0.1441958133315572,0.45039741525674964,-0.00814365032176384,0.0,0,4,0
2026092807,maest,ambient_balanced,1.0,beta,94,249,0.14457456442963743,0.46080947297394004,-0.007764899223683619,0.0003787510980802211,0,4,1
2026092807,maest,ambient_balanced,1.0,isotonic,94,249,0.14798280174659548,1.099998289137984,-0.004356661906725567,0.0037869884150382727,0,4,0
2026092807,maest,ambient_balanced,1.0,ridge_platt,94,249,0.14377346252687342,0.4470612082368606,-0.00856600112644762,-0.00042235080468377983,0,4,0
2026092807,maest,unweighted,0.25,raw,24,52,0.14622046114657145,0.45676379106848264,0.0,-0.01603877430195383,0,4,0
2026092807,maest,unweighted,0.25,prior_offset,24,52,0.14622046114657145,0.45676379106848264,0.0,-0.01603877430195383,0,4,0
2026092807,maest,unweighted,0.25,temperature,24,52,0.1597511284831932,0.6033345730617153,0.013530667336621754,-0.0025081069653320742,0,4,0
2026092807,maest,unweighted,0.25,platt,24,52,0.16225923544852527,0.6274780504055681,0.01603877430195383,0.0,0,4,0
2026092807,maest,unweighted,0.25,beta,24,52,0.16164037568164666,0.6363823082673801,0.015419914535075213,-0.0006188597668786155,0,4,2
2026092807,maest,unweighted,0.25,isotonic,24,52,0.16864388954740941,3.002760365366008,0.02242342840083797,0.0063846540988841405,0,4,0
2026092807,maest,unweighted,0.25,ridge_platt,24,52,0.15133708764271214,0.49155888096647504,0.005116626496140697,-0.010922147805813132,0,4,0
2026092807,maest,unweighted,0.5,raw,47,115,0.14622046114657145,0.45676379106848264,0.0,-0.0008337651955802605,0,4,0
2026092807,maest,unweighted,0.5,prior_offset,47,115,0.14622046114657145,0.45676379106848264,0.0,-0.0008337651955802605,0,4,0
2026092807,maest,unweighted,0.5,temperature,47,115,0.14645377936345497,0.45964518241464825,0.00023331821688352128,-0.0006004469786967392,0,4,0
2026092807,maest,unweighted,0.5,platt,47,115,0.1470542263421517,0.4622088206123538,0.0008337651955802605,0.0,0,4,0
2026092807,maest,unweighted,0.5,beta,47,115,0.14918027097903439,0.49152315807280095,0.0029598098324629396,0.002126044636882679,0,4,1
2026092807,maest,unweighted,0.5,isotonic,47,115,0.15220504920294708,1.3992473720654797,0.005984588056375639,0.005150822860795379,0,4,0
2026092807,maest,unweighted,0.5,ridge_platt,47,115,0.14622046114657145,0.45676379106848264,0.0,-0.0008337651955802605,0,4,0
2026092807,maest,unweighted,1.0,raw,94,249,0.14622046114657145,0.45676379106848264,0.0,0.0021753011913104026,0,4,0
2026092807,maest,unweighted,1.0,prior_offset,94,249,0.14622046114657145,0.45676379106848264,0.0,0.0021753011913104026,0,4,0
2026092807,maest,unweighted,1.0,temperature,94,249,0.14491499468058625,0.4511945883322729,-0.0013054664659852,0.0008698347253252026,0,4,0
2026092807,maest,unweighted,1.0,platt,94,249,0.14404515995526104,0.4497158650040296,-0.0021753011913104026,0.0,0,4,0
2026092807,maest,unweighted,1.0,beta,94,249,0.14448198564623144,0.46015113844857547,-0.0017384755003400088,0.0004368256909703938,0,4,2
2026092807,maest,unweighted,1.0,isotonic,94,249,0.1478755334909993,1.0990976749657682,0.0016550723444278548,0.0038303735357382573,0,4,0
2026092807,maest,unweighted,1.0,ridge_platt,94,249,0.14407585048850496,0.44791908605688324,-0.0021446106580664814,3.0690533243921125e-05,0,4,0
2026092807,mert_v0,ambient_balanced,0.25,raw,24,52,0.16479825088136343,0.5015137543230958,0.0,-0.006068242911872135,0,4,0
2026092807,mert_v0,ambient_balanced,0.25,prior_offset,24,52,0.15728155836526705,0.48562720455172026,-0.007516692516096379,-0.013584935427968514,0,4,0
2026092807,mert_v0,ambient_balanced,0.25,temperature,24,52,0.17700171038050905,0.57408662470227,0.012203459499145614,0.006135216587273479,0,4,0
2026092807,mert_v0,ambient_balanced,0.25,platt,24,52,0.17086649379323557,0.5817087489704574,0.006068242911872135,0.0,0,4,0
2026092807,mert_v0,ambient_balanced,0.25,beta,24,52,0.1687228159451329,0.5838228136947723,0.003924565063769453,-0.002143677848102682,0,4,2
2026092807,mert_v0,ambient_balanced,0.25,isotonic,24,52,0.1776689135703825,2.8474568012205457,0.012870662689019069,0.006802419777146934,0,4,0
2026092807,mert_v0,ambient_balanced,0.25,ridge_platt,24,52,0.16578453589457612,0.520644584721668,0.0009862850132126844,-0.0050819578986594505,0,4,0
2026092807,mert_v0,ambient_balanced,0.5,raw,47,115,0.16479825088136343,0.5015137543230958,0.0,0.0026509596090977527,0,4,0
2026092807,mert_v0,ambient_balanced,0.5,prior_offset,47,115,0.15728155836526705,0.48562720455172026,-0.007516692516096379,-0.004865732906998627,0,4,0
2026092807,mert_v0,ambient_balanced,0.5,temperature,47,115,0.1678996222561414,0.514718435541363,0.003101371374777978,0.005752330983875731,0,4,0
2026092807,mert_v0,ambient_balanced,0.5,platt,47,115,0.16214729127226568,0.5031362033639909,-0.0026509596090977527,0.0,0,4,0
2026092807,mert_v0,ambient_balanced,0.5,beta,47,115,0.1595245035708759,0.5040123576087859,-0.005273747310487548,-0.002622787701389795,0,4,2
2026092807,mert_v0,ambient_balanced,0.5,isotonic,47,115,0.16495738104962823,1.1915797252663312,0.0001591301682647983,0.002810089777362551,0,4,0
2026092807,mert_v0,ambient_balanced,0.5,ridge_platt,47,115,0.15926279294755327,0.48794270922862915,-0.005535457933810162,-0.002884498324712409,0,4,0
2026092807,mert_v0,ambient_balanced,1.0,raw,94,249,0.16479825088136343,0.5015137543230958,0.0,0.006809035791735807,0,4,0
2026092807,mert_v0,ambient_balanced,1.0,prior_offset,94,249,0.15728155836526705,0.48562720455172026,-0.007516692516096379,-0.0007076567243605725,0,4,0
2026092807,mert_v0,ambient_balanced,1.0,temperature,94,249,0.1668944211782151,0.509132688547403,0.0020961702968516627,0.00890520608858747,0,4,0
2026092807,mert_v0,ambient_balanced,1.0,platt,94,249,0.15798921508962763,0.4917530066708918,-0.006809035791735807,0.0,0,4,0
2026092807,mert_v0,ambient_balanced,1.0,beta,94,249,0.15717617130580563,0.4913604954810065,-0.0076220795755578,-0.0008130437838219928,0,4,1
2026092807,mert_v0,ambient_balanced,1.0,isotonic,94,249,0.16095421727832712,0.8216741940232235,-0.003844033603036312,0.002965002188699495,0,4,0
2026092807,mert_v0,ambient_balanced,1.0,ridge_platt,94,249,0.1572728991260004,0.48491755616709614,-0.007525351755363036,-0.0007163159636272287,0,4,0
2026092807,mert_v0,unweighted,0.25,raw,24,52,0.15673593402893407,0.4832868909918918,0.0,-0.01417450599814607,0,4,0
2026092807,mert_v0,unweighted,0.25,prior_offset,24,52,0.15673593402893407,0.4832868909918918,0.0,-0.01417450599814607,0,4,0
2026092807,mert_v0,unweighted,0.25,temperature,24,52,0.16877790816212104,0.5557282163493502,0.012041974133186972,-0.0021325318649590974,0,4,0
2026092807,mert_v0,unweighted,0.25,platt,24,52,0.17091044002708014,0.5823667294443733,0.01417450599814607,0.0,0,4,0
2026092807,mert_v0,unweighted,0.25,beta,24,52,0.16842294348062897,0.5806303194857841,0.011687009451694902,-0.002487496546451168,0,4,2
2026092807,mert_v0,unweighted,0.25,isotonic,24,52,0.17676898546732375,2.7822660115532734,0.020033051438389682,0.005858545440243612,0,4,0
2026092807,mert_v0,unweighted,0.25,ridge_platt,24,52,0.16328936436191202,0.5158966310190967,0.00655343033297795,-0.00762107566516812,0,4,0
2026092807,mert_v0,unweighted,0.5,raw,47,115,0.15673593402893407,0.4832868909918918,0.0,-0.005338450219312035,0,4,0
2026092807,mert_v0,unweighted,0.5,prior_offset,47,115,0.15673593402893407,0.4832868909918918,0.0,-0.005338450219312035,0,4,0
2026092807,mert_v0,unweighted,0.5,temperature,47,115,0.1594997310310961,0.4957244387692925,0.002763797002162033,-0.0025746532171500025,0,4,0
2026092807,mert_v0,unweighted,0.5,platt,47,115,0.1620743842482461,0.503294586872173,0.005338450219312035,0.0,0,4,0
2026092807,mert_v0,unweighted,0.5,beta,47,115,0.159412740731614,0.50380777658301,0.002676806702679918,-0.0026616435166321173,0,4,3
2026092807,mert_v0,unweighted,0.5,isotonic,47,115,0.16461203004894728,1.1600542534060412,0.007876096020013212,0.002537645800701177,0,4,0
2026092807,mert_v0,unweighted,0.5,ridge_platt,47,115,0.15667146003706692,0.4829747012804502,-6.44739918671533e-05,-0.005402924211179189,0,4,0
2026092807,mert_v0,unweighted,1.0,raw,94,249,0.15673593402893407,0.4832868909918918,0.0,-0.0011105943891649706,0,4,0
2026092807,mert_v0,unweighted,1.0,prior_offset,94,249,0.15673593402893407,0.4832868909918918,0.0,-0.0011105943891649706,0,4,0
2026092807,mert_v0,unweighted,1.0,temperature,94,249,0.1587851171782852,0.49136297228504855,0.0020491831493511248,0.0009385887601861542,0,4,0
2026092807,mert_v0,unweighted,1.0,platt,94,249,0.15784652841809904,0.4915591691504531,0.0011105943891649706,0.0,0,4,0
2026092807,mert_v0,unweighted,1.0,beta,94,249,0.15703242927158317,0.4910122994533147,0.000296495242649103,-0.0008140991465158676,0,4,1
2026092807,mert_v0,unweighted,1.0,isotonic,94,249,0.15885107353808692,0.8155391163503147,0.002115139509152847,0.0010045451199878763,0,4,0
2026092807,mert_v0,unweighted,1.0,ridge_platt,94,249,0.15719502676680208,0.48501114252050853,0.00045909273786801097,-0.0006515016512969596,0,4,0
2026092807,mert_v1,ambient_balanced,0.25,raw,24,52,0.16641340735760976,0.5052919392191318,0.0,-0.008864666751441402,0,4,0
2026092807,mert_v1,ambient_balanced,0.25,prior_offset,24,52,0.15961478622843733,0.490591618559554,-0.0067986211291724274,-0.01566328788061383,0,4,0
2026092807,mert_v1,ambient_balanced,0.25,temperature,24,52,0.18177999877118067,0.6016223618472304,0.015366591413570913,0.00650192466212951,0,4,0
2026092807,mert_v1,ambient_balanced,0.25,platt,24,52,0.17527807410905116,0.6664316066780126,0.008864666751441402,0.0,0,4,0
2026092807,mert_v1,ambient_balanced,0.25,beta,24,52,0.1787789353749385,0.6884521638545003,0.012365528017328736,0.003500861265887334,0,4,3
2026092807,mert_v1,ambient_balanced,0.25,isotonic,24,52,0.1965036329578404,3.548969258037068,0.03009022560023064,0.02122555884878924,0,4,0
2026092807,mert_v1,ambient_balanced,0.25,ridge_platt,24,52,0.1662876694920804,0.5310713368264841,-0.00012573786552935728,-0.00899040461697076,0,4,0
2026092807,mert_v1,ambient_balanced,0.5,raw,47,115,0.16641340735760976,0.5052919392191318,0.0,0.0023881572025425957,0,4,0
2026092807,mert_v1,ambient_balanced,0.5,prior_offset,47,115,0.15961478622843733,0.490591618559554,-0.0067986211291724274,-0.004410463926629832,0,4,0
2026092807,mert_v1,ambient_balanced,0.5,temperature,47,115,0.16972730909741304,0.5181300303346108,0.003313901739803282,0.005702058942345878,0,4,0
2026092807,mert_v1,ambient_balanced,0.5,platt,47,115,0.16402525015506716,0.5059974095506787,-0.0023881572025425957,0.0,0,4,0
2026092807,mert_v1,ambient_balanced,0.5,beta,47,115,0.1620802274168257,0.5053685301331262,-0.004333179940784054,-0.0019450227382414587,0,4,3
2026092807,mert_v1,ambient_balanced,0.5,isotonic,47,115,0.17504918973567327,1.4418738139762661,0.008635782378063506,0.011023939580606101,0,4,0
2026092807,mert_v1,ambient_balanced,0.5,ridge_platt,47,115,0.1610894583198886,0.49213232533433326,-0.005323949037721154,-0.0029357918351785584,0,4,0
2026092807,mert_v1,ambient_balanced,1.0,raw,94,249,0.16641340735760976,0.5052919392191318,0.0,0.005729068656180197,0,4,0
2026092807,mert_v1,ambient_balanced,1.0,prior_offset,94,249,0.15961478622843733,0.490591618559554,-0.0067986211291724274,-0.00106955247299223,0,4,0
2026092807,mert_v1,ambient_balanced,1.0,temperature,94,249,0.168988640009344,0.5142062534565717,0.0025752326517342328,0.00830430130791443,0,4,0
2026092807,mert_v1,ambient_balanced,1.0,platt,94,249,0.16068433870142956,0.49678191559289214,-0.005729068656180197,0.0,0,4,0
2026092807,mert_v1,ambient_balanced,1.0,beta,94,249,0.1599464385839286,0.49415910648054195,-0.006466968773681164,-0.000737900117500967,0,4,1
2026092807,mert_v1,ambient_balanced,1.0,isotonic,94,249,0.165378730986059,0.7974685403724873,-0.0010346763715507468,0.004694392284629451,0,4,0
2026092807,mert_v1,ambient_balanced,1.0,ridge_platt,94,249,0.15932613720998157,0.48871054994367963,-0.007087270147628194,-0.0013582014914479967,0,4,0
2026092807,mert_v1,unweighted,0.25,raw,24,52,0.15886962641359884,0.48778440952554386,0.0,-0.016419623776792236,0,4,0
2026092807,mert_v1,unweighted,0.25,prior_offset,24,52,0.15886962641359884,0.48778440952554386,0.0,-0.016419623776792236,0,4,0
2026092807,mert_v1,unweighted,0.25,temperature,24,52,0.1742108500709832,0.5840170625985968,0.015341223657384356,-0.0010784001194078796,0,4,0
2026092807,mert_v1,unweighted,0.25,platt,24,52,0.17528925019039107,0.6674240435418956,0.016419623776792236,0.0,0,4,0
2026092807,mert_v1,unweighted,0.25,beta,24,52,0.1785852709047396,0.6871254311285312,0.01971564449114077,0.0032960207143485354,0,4,3
2026092807,mert_v1,unweighted,0.25,isotonic,24,52,0.19793288251488886,3.649157698331308,0.03906325610129002,0.022643632324497787,0,4,0
2026092807,mert_v1,unweighted,0.25,ridge_platt,24,52,0.165978538376175,0.5309326103141981,0.007108911962576153,-0.009310711814216083,0,4,0
2026092807,mert_v1,unweighted,0.5,raw,47,115,0.15886962641359884,0.48778440952554386,0.0,-0.004947522783469577,0,4,0
2026092807,mert_v1,unweighted,0.5,prior_offset,47,115,0.15886962641359884,0.48778440952554386,0.0,-0.004947522783469577,0,4,0
2026092807,mert_v1,unweighted,0.5,temperature,47,115,0.16197225499179937,0.499894394169817,0.003102628578200539,-0.0018448942052690376,0,4,0
2026092807,mert_v1,unweighted,0.5,platt,47,115,0.1638171491970684,0.5059241675480106,0.004947522783469577,0.0,0,4,0
2026092807,mert_v1,unweighted,0.5,beta,47,115,0.16185573323025632,0.5043444996650737,0.00298610681665748,-0.0019614159668120967,0,4,3
2026092807,mert_v1,unweighted,0.5,isotonic,47,115,0.17476100659441057,1.4391601093552913,0.015891380180811737,0.01094385739734216,0,4,0
2026092807,mert_v1,unweighted,0.5,ridge_platt,47,115,0.15886962641359884,0.48778440952554386,0.0,-0.004947522783469577,0,4,0
2026092807,mert_v1,unweighted,1.0,raw,94,249,0.15886962641359884,0.48778440952554386,0.0,-0.0015870835569878061,0,4,0
2026092807,mert_v1,unweighted,1.0,prior_offset,94,249,0.15886962641359884,0.48778440952554386,0.0,-0.0015870835569878061,0,4,0
2026092807,mert_v1,unweighted,1.0,temperature,94,249,0.16146209552375113,0.49688844026503504,0.00259246911015229,0.001005385553164484,0,4,0
2026092807,mert_v1,unweighted,1.0,platt,94,249,0.16045670997058664,0.49641749286940284,0.0015870835569878061,0.0,0,4,0
2026092807,mert_v1,unweighted,1.0,beta,94,249,0.15989350627911642,0.49417026075296305,0.0010238798655175796,-0.0005632036914702265,0,4,1
2026092807,mert_v1,unweighted,1.0,isotonic,94,249,0.1649575652451949,0.7968966460649832,0.006087938831596057,0.004500855274608251,0,4,0
2026092807,mert_v1,unweighted,1.0,ridge_platt,94,249,0.1592822273349607,0.4891776043269775,0.0004126009213618609,-0.0011744826356259452,0,4,0
2026092808,maest,ambient_balanced,0.25,raw,24,54,0.1577617197600129,0.48982818596201455,0.0,-0.00013484487598580674,0,4,0
2026092808,maest,ambient_balanced,0.25,prior_offset,24,54,0.14930965166924096,0.4709200854558397,-0.008452068090771953,-0.00858691296675776,0,4,0
2026092808,maest,ambient_balanced,0.25,temperature,24,54,0.16210967716547586,0.4988587258289389,0.004347957405462954,0.004213112529477148,0,4,0
2026092808,maest,ambient_balanced,0.25,platt,24,54,0.15789656463599872,0.490529897110727,0.00013484487598580674,0.0,0,4,0
2026092808,maest,ambient_balanced,0.25,beta,24,54,0.1554125544279686,0.4878366630722401,-0.002349165332044295,-0.002484010208030102,0,4,2
2026092808,maest,ambient_balanced,0.25,isotonic,24,54,0.16270609507392766,1.5048018327405557,0.004944375313914756,0.004809530437928949,0,4,0
2026092808,maest,ambient_balanced,0.25,ridge_platt,24,54,0.14914836814132135,0.46708361258698783,-0.008613351618691562,-0.008748196494677368,0,4,0
2026092808,maest,ambient_balanced,0.5,raw,47,104,0.1577617197600129,0.48982818596201455,0.0,0.00539271459480356,0,4,0
2026092808,maest,ambient_balanced,0.5,prior_offset,47,104,0.14930965166924096,0.4709200854558397,-0.008452068090771953,-0.003059353495968392,0,4,0
2026092808,maest,ambient_balanced,0.5,temperature,47,104,0.1583298226529948,0.4902496889590525,0.0005681028929818976,0.005960817487785458,0,4,0
2026092808,maest,ambient_balanced,0.5,platt,47,104,0.15236900516520935,0.47428009786823083,-0.00539271459480356,0.0,0,4,0
2026092808,maest,ambient_balanced,0.5,beta,47,104,0.150491175817889,0.47391532777825224,-0.007270543942123897,-0.0018778293473203367,0,4,1
2026092808,maest,ambient_balanced,0.5,isotonic,47,104,0.15530463664570537,1.2070460303485224,-0.0024570831143075345,0.002935631480496026,0,4,0
2026092808,maest,ambient_balanced,0.5,ridge_platt,47,104,0.15358605441499343,0.47852068310493295,-0.00417566534501948,0.0012170492497840801,0,4,0
2026092808,maest,ambient_balanced,1.0,raw,94,231,0.1577617197600129,0.48982818596201455,0.0,0.00811341743632632,0,4,0
2026092808,maest,ambient_balanced,1.0,prior_offset,94,231,0.14930965166924096,0.4709200854558397,-0.008452068090771953,-0.00033865065444563247,0,4,0
2026092808,maest,ambient_balanced,1.0,temperature,94,231,0.1578298568574436,0.4910342331999362,6.813709743069829e-05,0.008181554533757018,0,4,0
2026092808,maest,ambient_balanced,1.0,platt,94,231,0.1496483023236866,0.4699608563155444,-0.00811341743632632,0.0,0,4,0
2026092808,maest,ambient_balanced,1.0,beta,94,231,0.1487069491446373,0.46733398899868905,-0.009054770615375601,-0.0009413531790492813,0,4,0
2026092808,maest,ambient_balanced,1.0,isotonic,94,231,0.15455387263470202,0.9202305887207332,-0.0032078471253108864,0.004905570311015434,0,4,0
2026092808,maest,ambient_balanced,1.0,ridge_platt,94,231,0.14907419168524258,0.4664845822041735,-0.008687528074770329,-0.0005741106384440087,0,4,0
2026092808,maest,unweighted,0.25,raw,24,54,0.1486282310047211,0.466010943487274,0.0,-0.009035030291726781,0,4,0
2026092808,maest,unweighted,0.25,prior_offset,24,54,0.1486282310047211,0.466010943487274,0.0,-0.009035030291726781,0,4,0
2026092808,maest,unweighted,0.25,temperature,24,54,0.15365843503717155,0.4783751613922083,0.0050302040324504416,-0.0040048262592763395,0,4,0
2026092808,maest,unweighted,0.25,platt,24,54,0.1576632612964479,0.4896433035985641,0.009035030291726781,0.0,0,4,0
2026092808,maest,unweighted,0.25,beta,24,54,0.15541388154748798,0.4858423637814569,0.006785650542766863,-0.0022493797489599177,0,4,2
2026092808,maest,unweighted,0.25,isotonic,24,54,0.16283017150857168,1.474433595139653,0.014201940503850569,0.0051669102121237875,0,4,0
2026092808,maest,unweighted,0.25,ridge_platt,24,54,0.1491044805903737,0.46735114861249705,0.0004762495856525939,-0.008558780706074187,0,4,0
2026092808,maest,unweighted,0.5,raw,47,104,0.1486282310047211,0.466010943487274,0.0,-0.0033935088422248627,0,4,0
2026092808,maest,unweighted,0.5,prior_offset,47,104,0.1486282310047211,0.466010943487274,0.0,-0.0033935088422248627,0,4,0
2026092808,maest,unweighted,0.5,temperature,47,104,0.14884302690760368,0.46449762650816295,0.00021479590288256412,-0.0031787129393422986,0,4,0
2026092808,maest,unweighted,0.5,platt,47,104,0.15202173984694597,0.4730404731604763,0.0033935088422248627,0.0,0,4,0
2026092808,maest,unweighted,0.5,beta,47,104,0.15071325856043485,0.4702409666130007,0.002085027555713742,-0.0013084812865111206,0,4,1
2026092808,maest,unweighted,0.5,isotonic,47,104,0.1559107743863009,1.242870465920756,0.007282543381579798,0.0038890345393549353,0,4,0
2026092808,maest,unweighted,0.5,ridge_platt,47,104,0.1486282310047211,0.466010943487274,0.0,-0.0033935088422248627,0,4,0
2026092808,maest,unweighted,1.0,raw,94,231,0.1486282310047211,0.466010943487274,0.0,-0.0006860971506742752,0,4,0
2026092808,maest,unweighted,1.0,prior_offset,94,231,0.1486282310047211,0.466010943487274,0.0,-0.0006860971506742752,0,4,0
2026092808,maest,unweighted,1.0,temperature,94,231,0.14875294288051613,0.46755958006826126,0.0001247118757950194,-0.0005613852748792558,0,4,0
2026092808,maest,unweighted,1.0,platt,94,231,0.1493143281553954,0.468759802904442,0.0006860971506742752,0.0,0,4,0
2026092808,maest,unweighted,1.0,beta,94,231,0.14831524754015427,0.4657118655413313,-0.0003129834645668461,-0.0009990806152411214,0,4,0
2026092808,maest,unweighted,1.0,isotonic,94,231,0.15313404794029786,0.8533354223427415,0.004505816935576751,0.0038197197849024755,0,4,0
2026092808,maest,unweighted,1.0,ridge_platt,94,231,0.1486282310047211,0.466010943487274,0.0,-0.0006860971506742752,0,4,0
2026092808,mert_v0,ambient_balanced,0.25,raw,24,54,0.17127790398020662,0.5242949720196433,0.0,0.006859716384373493,0,4,0
2026092808,mert_v0,ambient_balanced,0.25,prior_offset,24,54,0.15929369951766387,0.495189509462236,-0.011984204462542752,-0.005124488078169259,0,4,0
2026092808,mert_v0,ambient_balanced,0.25,temperature,24,54,0.17394515974826555,0.5337227338748043,0.0026672557680589293,0.009526972152432422,0,4,0
2026092808,mert_v0,ambient_balanced,0.25,platt,24,54,0.16441818759583313,0.5158468690239382,-0.006859716384373493,0.0,0,4,0
2026092808,mert_v0,ambient_balanced,0.25,beta,24,54,0.16195460609576257,0.5124647899181111,-0.009323297884444054,-0.0024635815000705608,0,4,2
2026092808,mert_v0,ambient_balanced,0.25,isotonic,24,54,0.17157032116755616,1.4738394575828269,0.0002924171873495418,0.007152133571723035,0,4,0
2026092808,mert_v0,ambient_balanced,0.25,ridge_platt,24,54,0.1627825820071939,0.5098623471748518,-0.008495321973012726,-0.0016356055886392329,0,4,0
2026092808,mert_v0,ambient_balanced,0.5,raw,47,104,0.17127790398020662,0.5242949720196433,0.0,0.000623377406997333,0,4,0
2026092808,mert_v0,ambient_balanced,0.5,prior_offset,47,104,0.15929369951766387,0.495189509462236,-0.011984204462542752,-0.01136082705554542,0,4,0
2026092808,mert_v0,ambient_balanced,0.5,temperature,47,104,0.1753224846199956,0.542454823352749,0.004044580639788992,0.004667958046786325,0,4,0
2026092808,mert_v0,ambient_balanced,0.5,platt,47,104,0.1706545265732093,0.5315341927242867,-0.000623377406997333,0.0,0,4,0
2026092808,mert_v0,ambient_balanced,0.5,beta,47,104,0.1680217198679152,0.5270015750010404,-0.0032561841122914215,-0.0026328067052940884,0,4,1
2026092808,mert_v0,ambient_balanced,0.5,isotonic,47,104,0.17846119474415362,1.4966557603118469,0.007183290763946998,0.007806668170944331,0,4,0
2026092808,mert_v0,ambient_balanced,0.5,ridge_platt,47,104,0.1652637303257576,0.5102471281229803,-0.0060141736544490065,-0.0053907962474516735,0,4,0
2026092808,mert_v0,ambient_balanced,1.0,raw,94,231,0.17127790398020662,0.5242949720196433,0.0,0.011070412859762208,0,4,0
2026092808,mert_v0,ambient_balanced,1.0,prior_offset,94,231,0.15929369951766387,0.495189509462236,-0.011984204462542752,-0.0009137916027805448,0,4,0
2026092808,mert_v0,ambient_balanced,1.0,temperature,94,231,0.17214644974416327,0.5310560725408444,0.0008685457639566463,0.011938958623718854,0,4,0
2026092808,mert_v0,ambient_balanced,1.0,platt,94,231,0.1602074911204444,0.5038416477352731,-0.011070412859762208,0.0,0,4,0
2026092808,mert_v0,ambient_balanced,1.0,beta,94,231,0.15831745135340988,0.4963477956432402,-0.012960452626796737,-0.0018900397670345293,0,4,0
2026092808,mert_v0,ambient_balanced,1.0,isotonic,94,231,0.16170116639176657,0.8690368612809958,-0.009576737588440049,0.001493675271322159,0,4,0
2026092808,mert_v0,ambient_balanced,1.0,ridge_platt,94,231,0.16027173139512524,0.5023274644578355,-0.01100617258508138,6.424027468082683e-05,0,4,0
2026092808,mert_v0,unweighted,0.25,raw,24,54,0.158988165340716,0.49424514393006996,0.0,-0.005375430216574967,0,4,0
2026092808,mert_v0,unweighted,0.25,prior_offset,24,54,0.158988165340716,0.49424514393006996,0.0,-0.005375430216574967,0,4,0
2026092808,mert_v0,unweighted,0.25,temperature,24,54,0.1614662233428353,0.5028309706107836,0.00247805800211931,-0.002897372214455657,0,4,0
2026092808,mert_v0,unweighted,0.25,platt,24,54,0.16436359555729096,0.515955083089906,0.005375430216574967,0.0,0,4,0
2026092808,mert_v0,unweighted,0.25,beta,24,54,0.16226649867723444,0.5123476425508814,0.0032783333365184464,-0.0020970968800565204,0,4,3
2026092808,mert_v0,unweighted,0.25,isotonic,24,54,0.1711857570562089,1.4110809036469938,0.012197591715492895,0.006822161498917928,0,4,0
2026092808,mert_v0,unweighted,0.25,ridge_platt,24,54,0.15884961405283235,0.5013321450728654,-0.00013855128788364812,-0.005513981504458615,0,4,0
2026092808,mert_v0,unweighted,0.5,raw,47,104,0.158988165340716,0.49424514393006996,0.0,-0.011352218088670013,0,4,0
2026092808,mert_v0,unweighted,0.5,prior_offset,47,104,0.158988165340716,0.49424514393006996,0.0,-0.011352218088670013,0,4,0
2026092808,mert_v0,unweighted,0.5,temperature,47,104,0.1600090899606329,0.49614193292110165,0.001020924619916902,-0.010331293468753111,0,4,0
2026092808,mert_v0,unweighted,0.5,platt,47,104,0.170340383429386,0.5313051987459715,0.011352218088670013,0.0,0,4,0
2026092808,mert_v0,unweighted,0.5,beta,47,104,0.16865679965614006,0.5257113335174111,0.009668634315424057,-0.0016835837732459558,0,4,1
2026092808,mert_v0,unweighted,0.5,isotonic,47,104,0.1797125149669201,1.4694303385052456,0.02072434962620409,0.009372131537534079,0,4,0
2026092808,mert_v0,unweighted,0.5,ridge_platt,47,104,0.1653620954548764,0.5130127876085533,0.006373930114160403,-0.00497828797450961,0,4,0
2026092808,mert_v0,unweighted,1.0,raw,94,231,0.158988165340716,0.49424514393006996,0.0,-0.0014017781043616506,0,4,0
2026092808,mert_v0,unweighted,1.0,prior_offset,94,231,0.158988165340716,0.49424514393006996,0.0,-0.0014017781043616506,0,4,0
2026092808,mert_v0,unweighted,1.0,temperature,94,231,0.15932590576652056,0.4986740174115578,0.0003377404258045613,-0.0010640376785570893,0,4,0
2026092808,mert_v0,unweighted,1.0,platt,94,231,0.16038994344507765,0.504777164181527,0.0014017781043616506,0.0,0,4,0
2026092808,mert_v0,unweighted,1.0,beta,94,231,0.15913321551056728,0.497893312257536,0.0001450501698512796,-0.001256727934510371,0,4,1
2026092808,mert_v0,unweighted,1.0,isotonic,94,231,0.1631155509443032,0.9041204921426125,0.004127385603587191,0.002725607499225541,0,4,0
2026092808,mert_v0,unweighted,1.0,ridge_platt,94,231,0.1585065846117932,0.4989290866138328,-0.00048158072892279247,-0.001883358833284443,0,4,0
2026092808,mert_v1,ambient_balanced,0.25,raw,24,54,0.16900320294303134,0.5170621618140456,0.0,-0.004451336777164916,0,4,0
2026092808,mert_v1,ambient_balanced,0.25,prior_offset,24,54,0.1573124816029678,0.4880706694763595,-0.011690721340063548,-0.016142058117228464,0,4,0
2026092808,mert_v1,ambient_balanced,0.25,temperature,24,54,0.17357586024919366,0.5380691899997441,0.0045726573061623255,0.00012132052899740953,0,4,0
2026092808,mert_v1,ambient_balanced,0.25,platt,24,54,0.17345453972019625,0.5456346437858315,0.004451336777164916,0.0,0,4,0
2026092808,mert_v1,ambient_balanced,0.25,beta,24,54,0.17153270994688996,0.542806289037765,0.002529507003858622,-0.001921829773306294,0,4,2
2026092808,mert_v1,ambient_balanced,0.25,isotonic,24,54,0.18168718656514476,1.9627524446816886,0.012683983622113426,0.00823264684494851,0,4,0
2026092808,mert_v1,ambient_balanced,0.25,ridge_platt,24,54,0.16092619119849672,0.49883159647657693,-0.008077011744534623,-0.01252834852169954,0,4,0
2026092808,mert_v1,ambient_balanced,0.5,raw,47,104,0.16900320294303134,0.5170621618140456,0.0,-0.00033530175447904487,0,4,0
2026092808,mert_v1,ambient_balanced,0.5,prior_offset,47,104,0.1573124816029678,0.4880706694763595,-0.011690721340063548,-0.012026023094542593,0,4,0
2026092808,mert_v1,ambient_balanced,0.5,temperature,47,104,0.17221895576695556,0.534569555515289,0.003215752823924223,0.002880451069445178,0,4,0
2026092808,mert_v1,ambient_balanced,0.5,platt,47,104,0.16933850469751038,0.5272195302472166,0.00033530175447904487,0.0,0,4,0
2026092808,mert_v1,ambient_balanced,0.5,beta,47,104,0.16739030719438708,0.5210433439368819,-0.0016128957486442608,-0.0019481975031233056,0,4,0
2026092808,mert_v1,ambient_balanced,0.5,isotonic,47,104,0.17570882514294733,1.6087351731397939,0.006705622199915995,0.00637032044543695,0,4,0
2026092808,mert_v1,ambient_balanced,0.5,ridge_platt,47,104,0.16241522535237535,0.5016639308623881,-0.006587977590655991,-0.006923279345135036,0,4,0
2026092808,mert_v1,ambient_balanced,1.0,raw,94,231,0.16900320294303134,0.5170621618140456,0.0,0.009684704476023182,0,4,0
2026092808,mert_v1,ambient_balanced,1.0,prior_offset,94,231,0.1573124816029678,0.4880706694763595,-0.011690721340063548,-0.0020060168640403664,0,4,0
2026092808,mert_v1,ambient_balanced,1.0,temperature,94,231,0.16931528875967572,0.5211742982186394,0.00031208581664438073,0.009996790292667562,0,4,0
2026092808,mert_v1,ambient_balanced,1.0,platt,94,231,0.15931849846700816,0.4980484716698711,-0.009684704476023182,0.0,0,4,0
2026092808,mert_v1,ambient_balanced,1.0,beta,94,231,0.15820629834149585,0.49287654051321816,-0.010796904601535484,-0.0011122001255123026,0,4,0
2026092808,mert_v1,ambient_balanced,1.0,isotonic,94,231,0.16255921963911932,0.9324668332773577,-0.006443983303912021,0.0032407211721111606,0,4,0
2026092808,mert_v1,ambient_balanced,1.0,ridge_platt,94,231,0.1592075936612633,0.49461513906043125,-0.009795609281768036,-0.00011090480574485473,0,4,0
2026092808,mert_v1,unweighted,0.25,raw,24,54,0.15684000169192164,0.4867639286231629,0.0,-0.01612978170697149,0,4,0
2026092808,mert_v1,unweighted,0.25,prior_offset,24,54,0.15684000169192164,0.4867639286231629,0.0,-0.01612978170697149,0,4,0
2026092808,mert_v1,unweighted,0.25,temperature,24,54,0.16053529742393563,0.4995379910033111,0.0036952957320139923,-0.012434485974957499,0,4,0
2026092808,mert_v1,unweighted,0.25,platt,24,54,0.17296978339889313,0.5436666801052179,0.01612978170697149,0.0,0,4,0
2026092808,mert_v1,unweighted,0.25,beta,24,54,0.17093540363657625,0.5407507593634686,0.014095401944654612,-0.002034379762316879,0,4,2
2026092808,mert_v1,unweighted,0.25,isotonic,24,54,0.18109053604987255,2.049928767056472,0.02425053435795091,0.008120752650979418,0,4,0
2026092808,mert_v1,unweighted,0.25,ridge_platt,24,54,0.15684000169192164,0.4867639286231629,0.0,-0.01612978170697149,0,4,0
2026092808,mert_v1,unweighted,0.5,raw,47,104,0.15684000169192164,0.4867639286231629,0.0,-0.012701594493218005,0,4,0
2026092808,mert_v1,unweighted,0.5,prior_offset,47,104,0.15684000169192164,0.4867639286231629,0.0,-0.012701594493218005,0,4,0
2026092808,mert_v1,unweighted,0.5,temperature,47,104,0.15780838308549777,0.4895744461501087,0.0009683813935761343,-0.01173321309964187,0,4,0
2026092808,mert_v1,unweighted,0.5,platt,47,104,0.16954159618513964,0.529208768520935,0.012701594493218005,0.0,0,4,0
2026092808,mert_v1,unweighted,0.5,beta,47,104,0.1678872625098547,0.5220889757996328,0.011047260817933058,-0.001654333675284947,0,4,0
2026092808,mert_v1,unweighted,0.5,isotonic,47,104,0.1777905581070739,1.7391981521925919,0.020950556415152255,0.00824896192193425,0,4,0
2026092808,mert_v1,unweighted,0.5,ridge_platt,47,104,0.16286200052186595,0.5055564598330193,0.006021998829944308,-0.006679595663273696,0,4,0
2026092808,mert_v1,unweighted,1.0,raw,94,231,0.15684000169192164,0.4867639286231629,0.0,-0.0025245636839794916,0,4,0
2026092808,mert_v1,unweighted,1.0,prior_offset,94,231,0.15684000169192164,0.4867639286231629,0.0,-0.0025245636839794916,0,4,0
2026092808,mert_v1,unweighted,1.0,temperature,94,231,0.15712370309904766,0.4898091408101074,0.00028370140712602465,-0.002240862276853467,0,4,0
2026092808,mert_v1,unweighted,1.0,platt,94,231,0.15936456537590113,0.49827125907120573,0.0025245636839794916,0.0,0,4,0
2026092808,mert_v1,unweighted,1.0,beta,94,231,0.15850987567497438,0.49291880317674497,0.0016698739830527387,-0.0008546897009267529,0,4,1
2026092808,mert_v1,unweighted,1.0,isotonic,94,231,0.1632691583509269,0.9650513662304843,0.0064291566590052585,0.003904592975025767,0,4,0
2026092808,mert_v1,unweighted,1.0,ridge_platt,94,231,0.15788054581102473,0.4918499476177436,0.0010405441191030929,-0.0014840195648763987,0,4,0
2026092809,maest,ambient_balanced,0.25,raw,24,70,0.11973691190601769,0.3874322232751393,0.0,0.001468655540625377,0,4,0
2026092809,maest,ambient_balanced,0.25,prior_offset,24,70,0.11048371630904573,0.3625698853711836,-0.009253195596971964,-0.007784540056346587,0,4,0
2026092809,maest,ambient_balanced,0.25,temperature,24,70,0.1202378130327971,0.3917959142753764,0.0005009011267794045,0.0019695566674047815,0,4,0
2026092809,maest,ambient_balanced,0.25,platt,24,70,0.11826825636539232,0.3843537095970358,-0.001468655540625377,0.0,0,4,0
2026092809,maest,ambient_balanced,0.25,beta,24,70,0.11682675026400585,0.38775353627683073,-0.002910161642011841,-0.0014415061013864638,0,4,3
2026092809,maest,ambient_balanced,0.25,isotonic,24,70,0.11958097349015682,1.0590920471386311,-0.00015593841586086787,0.0013127171247645092,0,4,0
2026092809,maest,ambient_balanced,0.25,ridge_platt,24,70,0.11434603102344065,0.3731358102326787,-0.00539088088257704,-0.003922225341951663,0,4,0
2026092809,maest,ambient_balanced,0.5,raw,47,133,0.11973691190601769,0.3874322232751393,0.0,0.008594464276930308,0,4,0
2026092809,maest,ambient_balanced,0.5,prior_offset,47,133,0.11048371630904573,0.3625698853711836,-0.009253195596971964,-0.0006587313200416556,0,4,0
2026092809,maest,ambient_balanced,0.5,temperature,47,133,0.12003294448513417,0.39097713093851416,0.0002960325791164786,0.008890496856046787,0,4,0
2026092809,maest,ambient_balanced,0.5,platt,47,133,0.11114244762908738,0.3665322896237395,-0.008594464276930308,0.0,0,4,0
2026092809,maest,ambient_balanced,0.5,beta,47,133,0.11158938527960324,0.3722429942042105,-0.00814752662641445,0.0004469376505158579,0,4,1
2026092809,maest,ambient_balanced,0.5,isotonic,47,133,0.11289349503574132,0.7705860566233864,-0.00684341687027637,0.0017510474066539383,0,4,0
2026092809,maest,ambient_balanced,0.5,ridge_platt,47,133,0.11232774070102924,0.36723622308193626,-0.007409171204988449,0.0011852930719418592,0,4,0
2026092809,maest,ambient_balanced,1.0,raw,94,231,0.11973691190601769,0.3874322232751393,0.0,0.007182897214989076,0,4,0
2026092809,maest,ambient_balanced,1.0,prior_offset,94,231,0.11048371630904573,0.3625698853711836,-0.009253195596971964,-0.002070298381982888,0,4,0
2026092809,maest,ambient_balanced,1.0,temperature,94,231,0.12059722282865058,0.39103225150457044,0.0008603109226328898,0.008043208137621966,0,4,0
2026092809,maest,ambient_balanced,1.0,platt,94,231,0.11255401469102862,0.36925190115657697,-0.007182897214989076,0.0,0,4,0
2026092809,maest,ambient_balanced,1.0,beta,94,231,0.11178810582740199,0.36928832580618043,-0.0079488060786157,-0.0007659088636266242,0,4,1
2026092809,maest,ambient_balanced,1.0,isotonic,94,231,0.11295885354768417,0.617023101874162,-0.006778058358333519,0.00040483885665555663,0,4,0
2026092809,maest,ambient_balanced,1.0,ridge_platt,94,231,0.11230040880298854,0.36912172060713466,-0.007436503103029152,-0.000253605888040076,0,4,0
2026092809,maest,unweighted,0.25,raw,24,70,0.1096672953056513,0.3603403847094508,0.0,-0.008010982066438757,0,4,0
2026092809,maest,unweighted,0.25,prior_offset,24,70,0.1096672953056513,0.3603403847094508,0.0,-0.008010982066438757,0,4,0
2026092809,maest,unweighted,0.25,temperature,24,70,0.10961710180887291,0.3636177337566686,-5.019349677838625e-05,-0.008061175563217143,0,4,0
2026092809,maest,unweighted,0.25,platt,24,70,0.11767827737209005,0.3828633412185569,0.008010982066438757,0.0,0,4,0
2026092809,maest,unweighted,0.25,beta,24,70,0.11645599702566803,0.38522900480948596,0.006788701720016735,-0.0012222803464220222,0,4,3
2026092809,maest,unweighted,0.25,isotonic,24,70,0.11884814694337392,1.0571519965532674,0.009180851637722628,0.0011698695712838714,0,4,0
2026092809,maest,unweighted,0.25,ridge_platt,24,70,0.1135385369477448,0.37138220106395314,0.003871241642093501,-0.004139740424345256,0,4,0
2026092809,maest,unweighted,0.5,raw,47,133,0.1096672953056513,0.3603403847094508,0.0,-0.0008404130494830825,0,4,0
2026092809,maest,unweighted,0.5,prior_offset,47,133,0.1096672953056513,0.3603403847094508,0.0,-0.0008404130494830825,0,4,0
2026092809,maest,unweighted,0.5,temperature,47,133,0.10996397642040039,0.3644457560603618,0.0002966811147490922,-0.0005437319347339903,0,4,0
2026092809,maest,unweighted,0.5,platt,47,133,0.11050770835513438,0.3649940373642938,0.0008404130494830825,0.0,0,4,0
2026092809,maest,unweighted,0.5,beta,47,133,0.11100336109137073,0.37046844511259835,0.0013360657857194314,0.0004956527362363489,0,4,2
2026092809,maest,unweighted,0.5,isotonic,47,133,0.11180638798794833,0.7675766618657058,0.0021390926822970335,0.001298679632813951,0,4,0
2026092809,maest,unweighted,0.5,ridge_platt,47,133,0.10848416937084633,0.3566238996396682,-0.0011831259348049628,-0.0020235389842880452,0,4,0
2026092809,maest,unweighted,1.0,raw,94,231,0.1096672953056513,0.3603403847094508,0.0,-0.0022486605102464696,0,4,0
2026092809,maest,unweighted,1.0,prior_offset,94,231,0.1096672953056513,0.3603403847094508,0.0,-0.0022486605102464696,0,4,0
2026092809,maest,unweighted,1.0,temperature,94,231,0.11054660155143313,0.36413305283369996,0.0008793062457818357,-0.001369354264464634,0,4,0
2026092809,maest,unweighted,1.0,platt,94,231,0.11191595581589776,0.3676657070106024,0.0022486605102464696,0.0,0,4,0
2026092809,maest,unweighted,1.0,beta,94,231,0.111254854265784,0.36703255762275866,0.0015875589601327122,-0.0006611015501137574,0,4,1
2026092809,maest,unweighted,1.0,isotonic,94,231,0.11321339337177155,0.6173665751584787,0.0035460980661202596,0.00129743755587379,0,4,0
2026092809,maest,unweighted,1.0,ridge_platt,94,231,0.11179151382776227,0.36787628037758074,0.0021242185221109766,-0.000124441988135493,0,4,0
2026092809,mert_v0,ambient_balanced,0.25,raw,24,70,0.1405743602262434,0.4407907257844385,0.0,0.013540948590860247,0,4,0
2026092809,mert_v0,ambient_balanced,0.25,prior_offset,24,70,0.1256838693887702,0.4035797394586888,-0.014890490837473208,-0.0013495422466129614,0,4,0
2026092809,mert_v0,ambient_balanced,0.25,temperature,24,70,0.13747488255288026,0.43218193879514,-0.0030994776733631324,0.010441470917497114,0,4,0
2026092809,mert_v0,ambient_balanced,0.25,platt,24,70,0.12703341163538315,0.4074108997200618,-0.013540948590860247,0.0,0,4,1
2026092809,mert_v0,ambient_balanced,0.25,beta,24,70,0.1255852393543218,0.4021508455349147,-0.014989120871921585,-0.0014481722810613384,0,4,3
2026092809,mert_v0,ambient_balanced,0.25,isotonic,24,70,0.12609754783455188,0.8638740968975442,-0.014476812391691518,-0.0009358638008312714,0,4,0
2026092809,mert_v0,ambient_balanced,0.25,ridge_platt,24,70,0.12913172348881966,0.4130892051324955,-0.01144263673742374,0.0020983118534365075,0,4,1
2026092809,mert_v0,ambient_balanced,0.5,raw,47,133,0.1405743602262434,0.4407907257844385,0.0,0.017288538418972724,0,4,0
2026092809,mert_v0,ambient_balanced,0.5,prior_offset,47,133,0.1256838693887702,0.4035797394586888,-0.014890490837473208,0.0023980475814995156,0,4,0
2026092809,mert_v0,ambient_balanced,0.5,temperature,47,133,0.1385971968976421,0.4359747620384512,-0.001977163328601289,0.015311375090371435,0,4,0
2026092809,mert_v0,ambient_balanced,0.5,platt,47,133,0.12328582180727067,0.401014727521338,-0.017288538418972724,0.0,0,4,0
2026092809,mert_v0,ambient_balanced,0.5,beta,47,133,0.12179435769467001,0.39723291832987956,-0.018780002531573387,-0.0014914641126006628,0,4,2
2026092809,mert_v0,ambient_balanced,0.5,isotonic,47,133,0.1257958310687483,0.8355975407639928,-0.014778529157495085,0.0025100092614776387,0,4,0
2026092809,mert_v0,ambient_balanced,0.5,ridge_platt,47,133,0.1234691858175168,0.396048807386021,-0.017105174408726595,0.0001833640102461287,0,4,0
2026092809,mert_v0,ambient_balanced,1.0,raw,94,231,0.1405743602262434,0.4407907257844385,0.0,0.01663407606028916,0,4,0
2026092809,mert_v0,ambient_balanced,1.0,prior_offset,94,231,0.1256838693887702,0.4035797394586888,-0.014890490837473208,0.001743585222815952,0,4,0
2026092809,mert_v0,ambient_balanced,1.0,temperature,94,231,0.13864430686142462,0.43357723007491594,-0.0019300533648187734,0.014704022695470387,0,4,0
2026092809,mert_v0,ambient_balanced,1.0,platt,94,231,0.12394028416595423,0.39836474957104145,-0.01663407606028916,0.0,0,4,0
2026092809,mert_v0,ambient_balanced,1.0,beta,94,231,0.1217929091157526,0.3910689160851202,-0.018781451110490788,-0.0021473750502016276,0,4,2
2026092809,mert_v0,ambient_balanced,1.0,isotonic,94,231,0.1261200316723747,0.7142834849314077,-0.01445432855386869,0.0021797475064204708,0,4,0
2026092809,mert_v0,ambient_balanced,1.0,ridge_platt,94,231,0.12311412590274183,0.3958810405341004,-0.017460234323501564,-0.0008261582632124037,0,4,0
2026092809,mert_v0,unweighted,0.25,raw,24,70,0.12553800572208726,0.403919500791097,0.0,-0.0013009621893028678,0,4,0
2026092809,mert_v0,unweighted,0.25,prior_offset,24,70,0.12553800572208726,0.403919500791097,0.0,-0.0013009621893028678,0,4,0
2026092809,mert_v0,unweighted,0.25,temperature,24,70,0.12139740695240844,0.3916397305342396,-0.004140598769678816,-0.005441560958981684,0,4,0
2026092809,mert_v0,unweighted,0.25,platt,24,70,0.12683896791139013,0.4071477199762885,0.0013009621893028678,0.0,0,4,1
2026092809,mert_v0,unweighted,0.25,beta,24,70,0.12555381199638793,0.4027022201096068,1.5806274300672607e-05,-0.0012851559150021952,0,4,3
2026092809,mert_v0,unweighted,0.25,isotonic,24,70,0.12519518866450718,0.8615557594052516,-0.00034281705758007486,-0.0016437792468829426,0,4,0
2026092809,mert_v0,unweighted,0.25,ridge_platt,24,70,0.12864516539145046,0.4118419058348419,0.003107159669363202,0.0018061974800603342,0,4,1
2026092809,mert_v0,unweighted,0.5,raw,47,133,0.12553800572208726,0.403919500791097,0.0,0.0024706189939011775,0,4,0
2026092809,mert_v0,unweighted,0.5,prior_offset,47,133,0.12553800572208726,0.403919500791097,0.0,0.0024706189939011775,0,4,0
2026092809,mert_v0,unweighted,0.5,temperature,47,133,0.1237224166836473,0.39989508945717483,-0.0018155890384399659,0.0006550299554612116,0,4,0
2026092809,mert_v0,unweighted,0.5,platt,47,133,0.12306738672818608,0.40054834467200157,-0.0024706189939011775,0.0,0,4,0
2026092809,mert_v0,unweighted,0.5,beta,47,133,0.12159382915909404,0.3971336668880585,-0.003944176562993215,-0.0014735575690920377,0,4,2
2026092809,mert_v0,unweighted,0.5,isotonic,47,133,0.12499982378068045,0.8653053045475556,-0.0005381819414068123,0.0019324370524943651,0,4,0
2026092809,mert_v0,unweighted,0.5,ridge_platt,47,133,0.12284594145903749,0.3935257738512337,-0.0026920642630497704,-0.00022144526914859297,0,4,0
2026092809,mert_v0,unweighted,1.0,raw,94,231,0.12553800572208726,0.403919500791097,0.0,0.001865730915284275,0,4,0
2026092809,mert_v0,unweighted,1.0,prior_offset,94,231,0.12553800572208726,0.403919500791097,0.0,0.001865730915284275,0,4,0
2026092809,mert_v0,unweighted,1.0,temperature,94,231,0.12342837261987652,0.3958510986475096,-0.0021096331022107395,-0.0002439021869264646,0,4,0
2026092809,mert_v0,unweighted,1.0,platt,94,231,0.12367227480680298,0.39779087800675006,-0.001865730915284275,0.0,0,4,0
2026092809,mert_v0,unweighted,1.0,beta,94,231,0.12156057710442085,0.39079254073877034,-0.003977428617666409,-0.0021116977023821343,0,4,2
2026092809,mert_v0,unweighted,1.0,isotonic,94,231,0.12483658200719287,0.7111788899740176,-0.0007014237148943864,0.0011643072003898886,0,4,0
2026092809,mert_v0,unweighted,1.0,ridge_platt,94,231,0.12293391736360136,0.3958321031231826,-0.002604088358485898,-0.0007383574432016232,0,4,0
2026092809,mert_v1,ambient_balanced,0.25,raw,24,70,0.13925989836481698,0.4355131750495851,0.0,0.00971490676730305,0,4,0
2026092809,mert_v1,ambient_balanced,0.25,prior_offset,24,70,0.12361187777124769,0.39621529310071774,-0.01564802059356929,-0.00593311382626624,0,4,0
2026092809,mert_v1,ambient_balanced,0.25,temperature,24,70,0.1378024694995155,0.4293433346489421,-0.00145742886530148,0.00825747790200157,0,4,0
2026092809,mert_v1,ambient_balanced,0.25,platt,24,70,0.12954499159751393,0.4090407681585477,-0.00971490676730305,0.0,0,4,1
2026092809,mert_v1,ambient_balanced,0.25,beta,24,70,0.13010279774656985,0.4126427897347463,-0.009157100618247122,0.0005578061490559283,0,4,4
2026092809,mert_v1,ambient_balanced,0.25,isotonic,24,70,0.1297903119112389,0.7775221920132296,-0.009469586453578066,0.00024532031372498375,0,4,0
2026092809,mert_v1,ambient_balanced,0.25,ridge_platt,24,70,0.12897375566571948,0.4092683098982345,-0.0102861426990975,-0.0005712359317944504,0,4,1
2026092809,mert_v1,ambient_balanced,0.5,raw,47,133,0.13925989836481698,0.4355131750495851,0.0,0.011907585850759711,0,4,0
2026092809,mert_v1,ambient_balanced,0.5,prior_offset,47,133,0.12361187777124769,0.39621529310071774,-0.01564802059356929,-0.0037404347428095785,0,4,0
2026092809,mert_v1,ambient_balanced,0.5,temperature,47,133,0.14038718015606294,0.43653187844343755,0.0011272817912459654,0.013034867642005676,0,4,0
2026092809,mert_v1,ambient_balanced,0.5,platt,47,133,0.12735231251405726,0.40504014027965773,-0.011907585850759711,0.0,0,4,0
2026092809,mert_v1,ambient_balanced,0.5,beta,47,133,0.12642341013957417,0.4046293661617571,-0.012836488225242804,-0.0009289023744830927,0,4,3
2026092809,mert_v1,ambient_balanced,0.5,isotonic,47,133,0.12684514718352172,0.7415735176331529,-0.012414751181295258,-0.0005071653305355472,0,4,0
2026092809,mert_v1,ambient_balanced,0.5,ridge_platt,47,133,0.12677341166007808,0.40115235825494977,-0.012486486704738897,-0.0005789008539791862,0,4,0
2026092809,mert_v1,ambient_balanced,1.0,raw,94,231,0.13925989836481698,0.4355131750495851,0.0,0.01353603807304335,0,4,0
2026092809,mert_v1,ambient_balanced,1.0,prior_offset,94,231,0.12361187777124769,0.39621529310071774,-0.01564802059356929,-0.00211198252052594,0,4,0
2026092809,mert_v1,ambient_balanced,1.0,temperature,94,231,0.13960624983766814,0.4344319508404905,0.00034635147285116963,0.013882389545894519,0,4,0
2026092809,mert_v1,ambient_balanced,1.0,platt,94,231,0.12572386029177363,0.3997162333399997,-0.01353603807304335,0.0,0,4,0
2026092809,mert_v1,ambient_balanced,1.0,beta,94,231,0.1246566208133789,0.3967877497198138,-0.014603277551438074,-0.0010672394783947242,0,4,2
2026092809,mert_v1,ambient_balanced,1.0,isotonic,94,231,0.1278606483057085,0.5878666993400923,-0.011399250059108468,0.0021367880139348816,0,4,0
2026092809,mert_v1,ambient_balanced,1.0,ridge_platt,94,231,0.12577561011072697,0.40134396269790035,-0.01348428825409001,5.174981895333941e-05,0,4,0
2026092809,mert_v1,unweighted,0.25,raw,24,70,0.12376648729096548,0.39732906148392777,0.0,-0.005809604118568956,0,4,0
2026092809,mert_v1,unweighted,0.25,prior_offset,24,70,0.12376648729096548,0.39732906148392777,0.0,-0.005809604118568956,0,4,0
2026092809,mert_v1,unweighted,0.25,temperature,24,70,0.12203999155731063,0.3893987129429837,-0.0017264957336548536,-0.00753609985222381,0,4,0
2026092809,mert_v1,unweighted,0.25,platt,24,70,0.12957609140953444,0.40942562953179645,0.005809604118568956,0.0,0,4,1
2026092809,mert_v1,unweighted,0.25,beta,24,70,0.13019886313194642,0.4131501431242207,0.006432375840980942,0.0006227717224119855,0,4,4
2026092809,mert_v1,unweighted,0.25,isotonic,24,70,0.1309274168453533,0.7803391653042013,0.007160929554387824,0.0013513254358188675,0,4,0
2026092809,mert_v1,unweighted,0.25,ridge_platt,24,70,0.12909618714176424,0.409973785970015,0.005329699850798758,-0.0004799042677701981,0,4,1
2026092809,mert_v1,unweighted,0.5,raw,47,133,0.12376648729096548,0.39732906148392777,0.0,-0.00363927862969865,0,4,0
2026092809,mert_v1,unweighted,0.5,prior_offset,47,133,0.12376648729096548,0.39732906148392777,0.0,-0.00363927862969865,0,4,0
2026092809,mert_v1,unweighted,0.5,temperature,47,133,0.12498614084028686,0.39894963915943615,0.0012196535493213811,-0.002419625080377269,0,4,0
2026092809,mert_v1,unweighted,0.5,platt,47,133,0.12740576592066413,0.4053355890647362,0.00363927862969865,0.0,0,4,0
2026092809,mert_v1,unweighted,0.5,beta,47,133,0.12646342705043284,0.40498708558450436,0.0026969397594673594,-0.0009423388702312907,0,4,3
2026092809,mert_v1,unweighted,0.5,isotonic,47,133,0.12672938950347598,0.7102851968644194,0.0029629022125104987,-0.0006763764171881514,0,4,0
2026092809,mert_v1,unweighted,0.5,ridge_platt,47,133,0.12185648077240627,0.38821417176625267,-0.0019100065185592152,-0.005549285148257865,0,4,0
2026092809,mert_v1,unweighted,1.0,raw,94,231,0.12376648729096548,0.39732906148392777,0.0,-0.0019997464053810587,0,4,0
2026092809,mert_v1,unweighted,1.0,prior_offset,94,231,0.12376648729096548,0.39732906148392777,0.0,-0.0019997464053810587,0,4,0
2026092809,mert_v1,unweighted,1.0,temperature,94,231,0.12332182631261596,0.39356617671147626,-0.0004446609783495259,-0.0024444073837305846,0,4,0
2026092809,mert_v1,unweighted,1.0,platt,94,231,0.12576623369634654,0.39996748340340005,0.0019997464053810587,0.0,0,4,0
2026092809,mert_v1,unweighted,1.0,beta,94,231,0.12470366030437141,0.3970637998554681,0.0009371730134059286,-0.0010625733919751301,0,4,2
2026092809,mert_v1,unweighted,1.0,isotonic,94,231,0.1275256591159748,0.5554741812999126,0.0037591718250093165,0.0017594254196282577,0,4,0
2026092809,mert_v1,unweighted,1.0,ridge_platt,94,231,0.12572372672506701,0.4020277133316862,0.001957239434101532,-4.250697127952674e-05,0,4,0
2026092810,maest,ambient_balanced,0.25,raw,24,62,0.15779665233543383,0.47986003293384055,0.0,-0.003917184541126384,0,4,0
2026092810,maest,ambient_balanced,0.25,prior_offset,24,62,0.14781097550240607,0.4520582887776671,-0.009985676833027757,-0.01390286137415414,0,4,0
2026092810,maest,ambient_balanced,0.25,temperature,24,62,0.17156927845476483,0.6350297004802998,0.013772626119331,0.009855441578204616,0,4,0
2026092810,maest,ambient_balanced,0.25,platt,24,62,0.1617138368765602,0.6100725080694585,0.003917184541126384,0.0,0,4,0
2026092810,maest,ambient_balanced,0.25,beta,24,62,0.16393831554296884,0.6640816537991714,0.006141663207535009,0.0022244786664086247,0,4,2
2026092810,maest,ambient_balanced,0.25,isotonic,24,62,0.17288237622127253,2.887404999598675,0.015085723885838703,0.01116853934471232,0,4,0
2026092810,maest,ambient_balanced,0.25,ridge_platt,24,62,0.15938632952752593,0.49440710414693767,0.0015896771920921038,-0.00232750734903428,0,4,0
2026092810,maest,ambient_balanced,0.5,raw,47,112,0.15779665233543383,0.47986003293384055,0.0,0.0029545647256373486,0,4,0
2026092810,maest,ambient_balanced,0.5,prior_offset,47,112,0.14781097550240607,0.4520582887776671,-0.009985676833027757,-0.007031112107390408,0,4,0
2026092810,maest,ambient_balanced,0.5,temperature,47,112,0.16475756972844738,0.5345179195098949,0.006960917393013549,0.009915482118650898,0,4,0
2026092810,maest,ambient_balanced,0.5,platt,47,112,0.15484208760979648,0.5076216868755865,-0.0029545647256373486,0.0,0,4,0
2026092810,maest,ambient_balanced,0.5,beta,47,112,0.1543679466864315,0.5060411388527514,-0.003428705649002328,-0.0004741409233649796,0,4,0
2026092810,maest,ambient_balanced,0.5,isotonic,47,112,0.1616198884674409,1.2518312332769486,0.0038232361320070796,0.006777800857644428,0,4,0
2026092810,maest,ambient_balanced,0.5,ridge_platt,47,112,0.15241257344685633,0.48491967675494263,-0.005384078888577504,-0.002429514162940155,0,4,0
2026092810,maest,ambient_balanced,1.0,raw,94,247,0.15779665233543383,0.47986003293384055,0.0,0.009411561777133648,0,4,0
2026092810,maest,ambient_balanced,1.0,prior_offset,94,247,0.14781097550240607,0.4520582887776671,-0.009985676833027757,-0.0005741150558941088,0,4,0
2026092810,maest,ambient_balanced,1.0,temperature,94,247,0.15740308628165872,0.4784251031954521,-0.00039356605377510734,0.00901799572335854,0,4,0
2026092810,maest,ambient_balanced,1.0,platt,94,247,0.14838509055830018,0.45379900211908164,-0.009411561777133648,0.0,0,4,0
2026092810,maest,ambient_balanced,1.0,beta,94,247,0.14836070613078,0.4549559655882061,-0.009435946204653822,-2.4384427520174334e-05,0,4,0
2026092810,maest,ambient_balanced,1.0,isotonic,94,247,0.1544006703868843,0.5704117377183963,-0.003395981948549537,0.006015579828584111,0,4,0
2026092810,maest,ambient_balanced,1.0,ridge_platt,94,247,0.147611218672223,0.452862773501847,-0.010185433663210841,-0.0007738718860771931,0,4,0
2026092810,maest,unweighted,0.25,raw,24,62,0.14778931222594177,0.4528394677721708,0.0,-0.014370067264170922,0,4,0
2026092810,maest,unweighted,0.25,prior_offset,24,62,0.14778931222594177,0.4528394677721708,0.0,-0.014370067264170922,0,4,0
2026092810,maest,unweighted,0.25,temperature,24,62,0.1615364921976134,0.6084304456018658,0.01374717997167163,-0.0006228872924992912,0,4,0
2026092810,maest,unweighted,0.25,platt,24,62,0.1621593794901127,0.6112027195570009,0.014370067264170922,0.0,0,4,0
2026092810,maest,unweighted,0.25,beta,24,62,0.16425956585784998,0.665081393815876,0.01647025363190821,0.002100186367737289,0,4,2
2026092810,maest,unweighted,0.25,isotonic,24,62,0.17120718460395787,2.9184720862004676,0.023417872378016097,0.009047805113845175,0,4,0
2026092810,maest,unweighted,0.25,ridge_platt,24,62,0.15022914413901964,0.4696322378821651,0.0024398319130778667,-0.011930235351093055,0,4,0
2026092810,maest,unweighted,0.5,raw,47,112,0.14778931222594177,0.4528394677721708,0.0,-0.007370495813962041,0,4,0
2026092810,maest,unweighted,0.5,prior_offset,47,112,0.14778931222594177,0.4528394677721708,0.0,-0.007370495813962041,0,4,0
2026092810,maest,unweighted,0.5,temperature,47,112,0.15471839219293787,0.5080553477762672,0.006929079966996099,-0.0004414158469659424,0,4,0
2026092810,maest,unweighted,0.5,platt,47,112,0.1551598080399038,0.5085076658220616,0.007370495813962041,0.0,0,4,0
2026092810,maest,unweighted,0.5,beta,47,112,0.1546778439103142,0.5068529470194953,0.006888531684372423,-0.0004819641295896182,0,4,0
2026092810,maest,unweighted,0.5,isotonic,47,112,0.16017119389183354,1.2499741398923923,0.01238188166589177,0.005011385851929728,0,4,0
2026092810,maest,unweighted,0.5,ridge_platt,47,112,0.1517332915279768,0.4831785378825021,0.003943979302035022,-0.003426516511927019,0,4,0
2026092810,maest,unweighted,1.0,raw,94,247,0.14778931222594177,0.4528394677721708,0.0,-0.0008531292010344194,0,4,0
2026092810,maest,unweighted,1.0,prior_offset,94,247,0.14778931222594177,0.4528394677721708,0.0,-0.0008531292010344194,0,4,0
2026092810,maest,unweighted,1.0,temperature,94,247,0.14739175886397002,0.4519695095897153,-0.00039755336197175306,-0.0012506825630061724,0,4,0
2026092810,maest,unweighted,1.0,platt,94,247,0.1486424414269762,0.4544974036968676,0.0008531292010344194,0.0,0,4,0
2026092810,maest,unweighted,1.0,beta,94,247,0.14860589123208492,0.4557126222428679,0.0008165790061431533,-3.65501948912661e-05,0,4,0
2026092810,maest,unweighted,1.0,isotonic,94,247,0.15398621079956842,0.5692655468680168,0.006196898573626652,0.005343769372592233,0,4,0
2026092810,maest,unweighted,1.0,ridge_platt,94,247,0.14780112906815568,0.45319288796070706,1.1816842213907552e-05,-0.0008413123588205118,0,4,0
2026092810,mert_v0,ambient_balanced,0.25,raw,24,62,0.16577851642060823,0.5019798098520084,0.0,-0.0008994433410125513,0,4,0
2026092810,mert_v0,ambient_balanced,0.25,prior_offset,24,62,0.15275066742423007,0.46808064436669977,-0.013027848996378155,-0.013927292337390706,0,4,0
2026092810,mert_v0,ambient_balanced,0.25,temperature,24,62,0.17337108607045676,0.5675572405849032,0.0075925696498485296,0.006693126308835978,0,4,0
2026092810,mert_v0,ambient_balanced,0.25,platt,24,62,0.16667795976162078,0.6495174062067459,0.0008994433410125513,0.0,0,4,0
2026092810,mert_v0,ambient_balanced,0.25,beta,24,62,0.16698500619764448,0.6630800654089959,0.001206489777036246,0.00030704643602369464,0,4,3
2026092810,mert_v0,ambient_balanced,0.25,isotonic,24,62,0.17599579753190692,2.4309595418846897,0.010217281111298687,0.009317837770286136,0,4,0
2026092810,mert_v0,ambient_balanced,0.25,ridge_platt,24,62,0.16288438377008038,0.541279965280492,-0.0028941326505278475,-0.003793575991540399,0,4,0
2026092810,mert_v0,ambient_balanced,0.5,raw,47,112,0.16577851642060823,0.5019798098520084,0.0,0.007038116956881502,0,4,0
2026092810,mert_v0,ambient_balanced,0.5,prior_offset,47,112,0.15275066742423007,0.46808064436669977,-0.013027848996378155,-0.0059897320394966536,0,4,0
2026092810,mert_v0,ambient_balanced,0.5,temperature,47,112,0.16854575834112348,0.5200870267754728,0.002767241920515251,0.009805358877396753,0,4,0
2026092810,mert_v0,ambient_balanced,0.5,platt,47,112,0.15874039946372673,0.5002503326001279,-0.007038116956881502,0.0,0,4,0
2026092810,mert_v0,ambient_balanced,0.5,beta,47,112,0.15958058316145216,0.49928551842145585,-0.006197933259156074,0.0008401836977254273,0,4,1
2026092810,mert_v0,ambient_balanced,0.5,isotonic,47,112,0.16473506675159683,0.9678711125829424,-0.0010434496690114037,0.005994667287870098,0,4,0
2026092810,mert_v0,ambient_balanced,0.5,ridge_platt,47,112,0.15539663607293552,0.4803512585900739,-0.010381880347672706,-0.0033437633907912045,0,4,0
2026092810,mert_v0,ambient_balanced,1.0,raw,94,247,0.16577851642060823,0.5019798098520084,0.0,0.009008470511905203,0,4,0
2026092810,mert_v0,ambient_balanced,1.0,prior_offset,94,247,0.15275066742423007,0.46808064436669977,-0.013027848996378155,-0.004019378484472952,0,4,0
2026092810,mert_v0,ambient_balanced,1.0,temperature,94,247,0.16530634213343462,0.5008883000142258,-0.0004721742871736101,0.008536296224731593,0,4,0
2026092810,mert_v0,ambient_balanced,1.0,platt,94,247,0.15677004590870303,0.47870722863826076,-0.009008470511905203,0.0,0,4,0
2026092810,mert_v0,ambient_balanced,1.0,beta,94,247,0.1569699871218025,0.478064040346756,-0.00880852929880574,0.00019994121309946378,0,4,1
2026092810,mert_v0,ambient_balanced,1.0,isotonic,94,247,0.16318926868560915,0.823522746412778,-0.0025892477349990783,0.006419222776906125,0,4,0
2026092810,mert_v0,ambient_balanced,1.0,ridge_platt,94,247,0.15671741601206648,0.47839396458683237,-0.009061100408541745,-5.2629896636541273e-05,0,4,0
2026092810,mert_v0,unweighted,0.25,raw,24,62,0.15296825163079442,0.46955895807851616,0.0,-0.014066585487991085,0,4,0
2026092810,mert_v0,unweighted,0.25,prior_offset,24,62,0.15296825163079442,0.46955895807851616,0.0,-0.014066585487991085,0,4,0
2026092810,mert_v0,unweighted,0.25,temperature,24,62,0.1612675300451381,0.5374762271085523,0.008299278414343692,-0.005767307073647393,0,4,0
2026092810,mert_v0,unweighted,0.25,platt,24,62,0.1670348371187855,0.6506927244687892,0.014066585487991085,0.0,0,4,0
2026092810,mert_v0,unweighted,0.25,beta,24,62,0.16714006295997552,0.6641447291502253,0.014171811329181105,0.00010522584119002087,0,4,3
2026092810,mert_v0,unweighted,0.25,isotonic,24,62,0.17583431079303094,2.430594321667419,0.022866059162236524,0.00879947367424544,0,4,0
2026092810,mert_v0,unweighted,0.25,ridge_platt,24,62,0.1588736705210524,0.5305488246943909,0.005905418890257974,-0.00816116659773311,0,4,0
2026092810,mert_v0,unweighted,0.5,raw,47,112,0.15296825163079442,0.46955895807851616,0.0,-0.006130533117162051,0,4,0
2026092810,mert_v0,unweighted,0.5,prior_offset,47,112,0.15296825163079442,0.46955895807851616,0.0,-0.006130533117162051,0,4,0
2026092810,mert_v0,unweighted,0.5,temperature,47,112,0.15645435844065392,0.489657004463173,0.0034861068098595016,-0.00264442630730255,0,4,0
2026092810,mert_v0,unweighted,0.5,platt,47,112,0.15909878474795647,0.5017130459214164,0.006130533117162051,0.0,0,4,0
2026092810,mert_v0,unweighted,0.5,beta,47,112,0.15978154687727608,0.5008977164645797,0.006813295246481665,0.000682762129319614,0,4,1
2026092810,mert_v0,unweighted,0.5,isotonic,47,112,0.16445099670963959,0.9664540824333154,0.011482745078845169,0.005352211961683118,0,4,0
2026092810,mert_v0,unweighted,0.5,ridge_platt,47,112,0.15556736364063964,0.48163386427308585,0.0025991120098452225,-0.003531421107316829,0,4,0
2026092810,mert_v0,unweighted,1.0,raw,94,247,0.15296825163079442,0.46955895807851616,0.0,-0.0040799392772645215,0,4,0
2026092810,mert_v0,unweighted,1.0,prior_offset,94,247,0.15296825163079442,0.46955895807851616,0.0,-0.0040799392772645215,0,4,0
2026092810,mert_v0,unweighted,1.0,temperature,94,247,0.15315048942694054,0.47030781448125364,0.000182237796146123,-0.0038977014811183985,0,4,0
2026092810,mert_v0,unweighted,1.0,platt,94,247,0.15704819090805894,0.47984037152991343,0.0040799392772645215,0.0,0,4,0
2026092810,mert_v0,unweighted,1.0,beta,94,247,0.15707900134782074,0.4794048728119237,0.004110749717026324,3.081043976180253e-05,0,4,1
2026092810,mert_v0,unweighted,1.0,isotonic,94,247,0.1629664828244295,0.8233346898032875,0.009998231193635077,0.005918291916370555,0,4,0
2026092810,mert_v0,unweighted,1.0,ridge_platt,94,247,0.15716510473397674,0.48035476009233924,0.004196853103182324,0.00011691382591780264,0,4,0
2026092810,mert_v1,ambient_balanced,0.25,raw,24,62,0.16527803053097506,0.5021194589789888,0.0,-0.0014489829525699827,0,4,0
2026092810,mert_v1,ambient_balanced,0.25,prior_offset,24,62,0.15122857458351746,0.46765812530363826,-0.0140494559474576,-0.015498438900027584,0,4,0
2026092810,mert_v1,ambient_balanced,0.25,temperature,24,62,0.17371108387287892,0.5870588877541293,0.008433053341903862,0.00698407038933388,0,4,0
2026092810,mert_v1,ambient_balanced,0.25,platt,24,62,0.16672701348354504,0.6727099211924052,0.0014489829525699827,0.0,0,4,0
2026092810,mert_v1,ambient_balanced,0.25,beta,24,62,0.16776247855097415,0.7299407076105228,0.002484448019999086,0.0010354650674291033,0,4,4
2026092810,mert_v1,ambient_balanced,0.25,isotonic,24,62,0.17402578864083484,2.718563332580034,0.008747758109859782,0.0072987751572898,0,4,0
2026092810,mert_v1,ambient_balanced,0.25,ridge_platt,24,62,0.1715972367476381,0.6847093238852334,0.0063192062166630425,0.00487022326409306,0,4,0
2026092810,mert_v1,ambient_balanced,0.5,raw,47,112,0.16527803053097506,0.5021194589789888,0.0,0.006390189717939254,0,4,0
2026092810,mert_v1,ambient_balanced,0.5,prior_offset,47,112,0.15122857458351746,0.46765812530363826,-0.0140494559474576,-0.007659266229518347,0,4,0
2026092810,mert_v1,ambient_balanced,0.5,temperature,47,112,0.16971440559011602,0.539561838544013,0.004436375059140962,0.010826564777080216,0,4,0
2026092810,mert_v1,ambient_balanced,0.5,platt,47,112,0.1588878408130358,0.5323041616079462,-0.006390189717939254,0.0,0,4,0
2026092810,mert_v1,ambient_balanced,0.5,beta,47,112,0.16075322141942333,0.5299111144174805,-0.004524809111551731,0.0018653806063875233,0,4,2
2026092810,mert_v1,ambient_balanced,0.5,isotonic,47,112,0.16719133459149532,1.216413495800654,0.00191330406052026,0.008303493778459514,0,4,0
2026092810,mert_v1,ambient_balanced,0.5,ridge_platt,47,112,0.15990618593066655,0.5325180780993404,-0.005371844600308512,0.0010183451176307423,0,4,0
2026092810,mert_v1,ambient_balanced,1.0,raw,94,247,0.16527803053097506,0.5021194589789888,0.0,0.010765589580861212,0,4,0
2026092810,mert_v1,ambient_balanced,1.0,prior_offset,94,247,0.15122857458351746,0.46765812530363826,-0.0140494559474576,-0.0032838663665963885,0,4,0
2026092810,mert_v1,ambient_balanced,1.0,temperature,94,247,0.16521207821931727,0.5044144604213545,-6.595231165779092e-05,0.010699637269203421,0,4,0
2026092810,mert_v1,ambient_balanced,1.0,platt,94,247,0.15451244095011385,0.48148710671339456,-0.010765589580861212,0.0,0,4,0
2026092810,mert_v1,ambient_balanced,1.0,beta,94,247,0.1553745081559448,0.48216829443175,-0.009903522375030255,0.0008620672058309575,0,4,1
2026092810,mert_v1,ambient_balanced,1.0,isotonic,94,247,0.15754623281832345,0.9429775852760351,-0.007731797712651617,0.0030337918682095955,0,4,0
2026092810,mert_v1,ambient_balanced,1.0,ridge_platt,94,247,0.15410973783435553,0.4790258551134175,-0.011168292696619536,-0.00040270311575832385,0,4,0
2026092810,mert_v1,unweighted,0.25,raw,24,62,0.1513192786074931,0.4687578952047514,0.0,-0.015559233197950606,0,4,0
2026092810,mert_v1,unweighted,0.25,prior_offset,24,62,0.1513192786074931,0.4687578952047514,0.0,-0.015559233197950606,0,4,0
2026092810,mert_v1,unweighted,0.25,temperature,24,62,0.15987595395996426,0.5545945450141669,0.00855667535247115,-0.007002557845479457,0,4,0
2026092810,mert_v1,unweighted,0.25,platt,24,62,0.16687851180544372,0.6738536675865042,0.015559233197950606,0.0,0,4,0
2026092810,mert_v1,unweighted,0.25,beta,24,62,0.16759671087993067,0.730840786105079,0.016277432272437553,0.0007181990744869471,0,4,4
2026092810,mert_v1,unweighted,0.25,isotonic,24,62,0.1751641324487342,2.8216168444586947,0.023844853841241076,0.00828562064329047,0,4,0
2026092810,mert_v1,unweighted,0.25,ridge_platt,24,62,0.1670315846494022,0.6738012476382272,0.015712306041909097,0.00015307284395849052,0,4,0
2026092810,mert_v1,unweighted,0.5,raw,47,112,0.1513192786074931,0.4687578952047514,0.0,-0.007584721144973883,0,4,0
2026092810,mert_v1,unweighted,0.5,prior_offset,47,112,0.1513192786074931,0.4687578952047514,0.0,-0.007584721144973883,0,4,0
2026092810,mert_v1,unweighted,0.5,temperature,47,112,0.15588778984143373,0.5071095173653983,0.004568511233940614,-0.0030162099110332685,0,4,0
2026092810,mert_v1,unweighted,0.5,platt,47,112,0.158903999752467,0.53304268232901,0.007584721144973883,0.0,0,4,0
2026092810,mert_v1,unweighted,0.5,beta,47,112,0.16040765465303522,0.5303064786284457,0.009088376045542107,0.0015036549005682243,0,4,2
2026092810,mert_v1,unweighted,0.5,isotonic,47,112,0.1676551176511143,1.3184350559240632,0.01633583904362118,0.008751117898647298,0,4,0
2026092810,mert_v1,unweighted,0.5,ridge_platt,47,112,0.1595703949561696,0.5323514777977886,0.00825111634867648,0.0006663952037025966,0,4,0
2026092810,mert_v1,unweighted,1.0,raw,94,247,0.1513192786074931,0.4687578952047514,0.0,-0.003191386686610953,0,4,0
2026092810,mert_v1,unweighted,1.0,prior_offset,94,247,0.1513192786074931,0.4687578952047514,0.0,-0.003191386686610953,0,4,0
2026092810,mert_v1,unweighted,1.0,temperature,94,247,0.15148939027472696,0.47214450921994516,0.00017011166723385207,-0.003021275019377101,0,4,0
2026092810,mert_v1,unweighted,1.0,platt,94,247,0.15451066529410407,0.48210201941002173,0.003191386686610953,0.0,0,4,0
2026092810,mert_v1,unweighted,1.0,beta,94,247,0.15510207669547732,0.4825978041372879,0.003782798087984207,0.0005914114013732541,0,4,1
2026092810,mert_v1,unweighted,1.0,isotonic,94,247,0.15797889174614135,0.9465503967640202,0.0066596131386482404,0.0034682264520372874,0,4,0
2026092810,mert_v1,unweighted,1.0,ridge_platt,94,247,0.15398817704636308,0.47919209482770064,0.002668898438869971,-0.000522488247740982,0,4,0
2026092811,maest,ambient_balanced,0.25,raw,24,59,0.1387816513182546,0.4284445113519589,0.0,-0.0019092900543509483,0,4,0
2026092811,maest,ambient_balanced,0.25,prior_offset,24,59,0.13373369504244959,0.4203786523445702,-0.00504795627580501,-0.006957246330155958,0,4,0
2026092811,maest,ambient_balanced,0.25,temperature,24,59,0.13843743263561079,0.42662681146323933,-0.00034421868264380984,-0.002253508736994758,0,4,0
2026092811,maest,ambient_balanced,0.25,platt,24,59,0.14069094137260554,0.4494617777194183,0.0019092900543509483,0.0,0,4,0
2026092811,maest,ambient_balanced,0.25,beta,24,59,0.14042107798621353,0.44504897221779316,0.0016394266679589375,-0.0002698633863920108,0,4,2
2026092811,maest,ambient_balanced,0.25,isotonic,24,59,0.14919321419582063,0.9461529913418478,0.010411562877566033,0.008502272823215085,0,4,0
2026092811,maest,ambient_balanced,0.25,ridge_platt,24,59,0.14215154304982078,0.44102493927891717,0.0033698917315661825,0.0014606016772152342,0,4,0
2026092811,maest,ambient_balanced,0.5,raw,47,112,0.1387816513182546,0.4284445113519589,0.0,0.004045267275093911,0,4,0
2026092811,maest,ambient_balanced,0.5,prior_offset,47,112,0.13373369504244959,0.4203786523445702,-0.00504795627580501,-0.001002689000711099,0,4,0
2026092811,maest,ambient_balanced,0.5,temperature,47,112,0.1386339747605866,0.42697313099997697,-0.00014767655766800836,0.003897590717425903,0,4,0
2026092811,maest,ambient_balanced,0.5,platt,47,112,0.13473638404316068,0.4209408330844877,-0.004045267275093911,0.0,0,4,0
2026092811,maest,ambient_balanced,0.5,beta,47,112,0.1352540676126792,0.42106953973007744,-0.0035275837055754045,0.0005176835695185067,0,4,2
2026092811,maest,ambient_balanced,0.5,isotonic,47,112,0.14234875296765942,0.5400581538528025,0.0035671016494048247,0.007612368924498736,0,4,0
2026092811,maest,ambient_balanced,0.5,ridge_platt,47,112,0.13361171384663834,0.4175986361395789,-0.005169937471616259,-0.0011246701965223482,0,4,0
2026092811,maest,ambient_balanced,1.0,raw,94,247,0.1387816513182546,0.4284445113519589,0.0,0.005774100997824688,0,4,0
2026092811,maest,ambient_balanced,1.0,prior_offset,94,247,0.13373369504244959,0.4203786523445702,-0.00504795627580501,0.0007261447220196782,0,4,0
2026092811,maest,ambient_balanced,1.0,temperature,94,247,0.139282085959868,0.4312679273549267,0.0005004346416133953,0.006274535639438084,0,4,0
2026092811,maest,ambient_balanced,1.0,platt,94,247,0.1330075503204299,0.41829365689563774,-0.005774100997824688,0.0,0,4,0
2026092811,maest,ambient_balanced,1.0,beta,94,247,0.13338729782678865,0.41797250066798275,-0.005394353491465942,0.0003797475063587463,0,4,0
2026092811,maest,ambient_balanced,1.0,isotonic,94,247,0.13958525661219953,0.5353450227452671,0.0008036052939449367,0.006577706291769625,0,4,0
2026092811,maest,ambient_balanced,1.0,ridge_platt,94,247,0.13260609778211782,0.4155906720470461,-0.006175553536136774,-0.00040145253831208594,0,4,0
2026092811,maest,unweighted,0.25,raw,24,59,0.13279826042198192,0.41574751252498265,0.0,-0.007736716151346995,0,4,0
2026092811,maest,unweighted,0.25,prior_offset,24,59,0.13279826042198192,0.41574751252498265,0.0,-0.007736716151346995,0,4,0
2026092811,maest,unweighted,0.25,temperature,24,59,0.13216877121423354,0.41282444142173386,-0.0006294892077483849,-0.00836620535909538,0,4,0
2026092811,maest,unweighted,0.25,platt,24,59,0.14053497657332892,0.4488371639542958,0.007736716151346995,0.0,0,4,0
2026092811,maest,unweighted,0.25,beta,24,59,0.14044324525349694,0.4448169804877969,0.007644984831515017,-9.173131983197802e-05,0,4,3
2026092811,maest,unweighted,0.25,isotonic,24,59,0.14581304102632772,0.9391153129067453,0.0130147806043458,0.005278064452998804,0,4,0
2026092811,maest,unweighted,0.25,ridge_platt,24,59,0.1361681521535481,0.42832794045194095,0.0033698917315661825,-0.004366824419780813,0,4,0
2026092811,maest,unweighted,0.5,raw,47,112,0.13279826042198192,0.41574751252498265,0.0,-0.0017119228190964342,0,4,0
2026092811,maest,unweighted,0.5,prior_offset,47,112,0.13279826042198192,0.41574751252498265,0.0,-0.0017119228190964342,0,4,0
2026092811,maest,unweighted,0.5,temperature,47,112,0.1324478192248167,0.4139740472141738,-0.0003504411971652355,-0.0020623640162616697,0,4,0
2026092811,maest,unweighted,0.5,platt,47,112,0.13451018324107836,0.42015800225657973,0.0017119228190964342,0.0,0,4,0
2026092811,maest,unweighted,0.5,beta,47,112,0.13489657228387236,0.4200708285150617,0.0020983118618904395,0.0003863890427940053,0,4,2
2026092811,maest,unweighted,0.5,isotonic,47,112,0.13996669060498024,0.5329559878173964,0.007168430182998314,0.00545650736390188,0,4,0
2026092811,maest,unweighted,0.5,ridge_platt,47,112,0.1335525499667709,0.4176765354952522,0.000754289544788983,-0.0009576332743074512,0,4,0
2026092811,maest,unweighted,1.0,raw,94,247,0.13279826042198192,0.41574751252498265,0.0,-3.647880738913423e-05,0,4,0
2026092811,maest,unweighted,1.0,prior_offset,94,247,0.13279826042198192,0.41574751252498265,0.0,-3.647880738913423e-05,0,4,0
2026092811,maest,unweighted,1.0,temperature,94,247,0.13290140053586116,0.41617490399033447,0.00010314011387924094,6.666130649010671e-05,0,4,0
2026092811,maest,unweighted,1.0,platt,94,247,0.13283473922937106,0.41771499646278604,3.647880738913423e-05,0.0,0,4,0
2026092811,maest,unweighted,1.0,beta,94,247,0.13319468280529087,0.4174606313875642,0.0003964223833089475,0.0003599435759198133,0,4,1
2026092811,maest,unweighted,1.0,isotonic,94,247,0.13734910353020235,0.5286321645076958,0.0045508431082204315,0.004514364300831297,0,4,0
2026092811,maest,unweighted,1.0,ridge_platt,94,247,0.13279826042198192,0.41574751252498265,0.0,-3.647880738913423e-05,0,4,0
2026092811,mert_v0,ambient_balanced,0.25,raw,24,59,0.15894291833625246,0.4847342259975982,0.0,0.007046179257078483,0,4,0
2026092811,mert_v0,ambient_balanced,0.25,prior_offset,24,59,0.14956661441926777,0.46374362487211385,-0.009376303916984685,-0.002330124659906202,0,4,0
2026092811,mert_v0,ambient_balanced,0.25,temperature,24,59,0.15803274160277622,0.48004811071902714,-0.0009101767334762367,0.006136002523602246,0,4,0
2026092811,mert_v0,ambient_balanced,0.25,platt,24,59,0.15189673907917398,0.4709570186853176,-0.007046179257078483,0.0,0,4,1
2026092811,mert_v0,ambient_balanced,0.25,beta,24,59,0.15267519621547573,0.4738235432391891,-0.006267722120776725,0.0007784571363017578,0,4,1
2026092811,mert_v0,ambient_balanced,0.25,isotonic,24,59,0.16104153314111314,1.2580145974073234,0.0020986148048606768,0.00914479406193916,0,4,0
2026092811,mert_v0,ambient_balanced,0.25,ridge_platt,24,59,0.14982356877212338,0.46075740420095057,-0.009119349564129076,-0.0020731703070505925,0,4,0
2026092811,mert_v0,ambient_balanced,0.5,raw,47,112,0.15894291833625246,0.4847342259975982,0.0,0.01256935259164152,0,4,0
2026092811,mert_v0,ambient_balanced,0.5,prior_offset,47,112,0.14956661441926777,0.46374362487211385,-0.009376303916984685,0.0031930486746568343,0,4,0
2026092811,mert_v0,ambient_balanced,0.5,temperature,47,112,0.15804099004745253,0.48049228379471914,-0.0009019282887999247,0.011667424302841595,0,4,0
2026092811,mert_v0,ambient_balanced,0.5,platt,47,112,0.14637356574461094,0.4542429048410288,-0.01256935259164152,0.0,0,4,0
2026092811,mert_v0,ambient_balanced,0.5,beta,47,112,0.1474976162058865,0.4567324686754922,-0.011445302130365959,0.0011240504612755609,0,4,3
2026092811,mert_v0,ambient_balanced,0.5,isotonic,47,112,0.15027612907359394,0.6602248388034347,-0.008666789262658514,0.0039025633289830053,0,4,0
2026092811,mert_v0,ambient_balanced,0.5,ridge_platt,47,112,0.14772143072416882,0.45617433516243705,-0.011221487612083636,0.0013478649795578834,0,4,0
2026092811,mert_v0,ambient_balanced,1.0,raw,94,247,0.15894291833625246,0.4847342259975982,0.0,0.012611407928366791,0,4,0
2026092811,mert_v0,ambient_balanced,1.0,prior_offset,94,247,0.14956661441926777,0.46374362487211385,-0.009376303916984685,0.003235104011382106,0,4,0
2026092811,mert_v0,ambient_balanced,1.0,temperature,94,247,0.15826808757428046,0.4825186268135966,-0.0006748307619720006,0.01193657716639479,0,4,0
2026092811,mert_v0,ambient_balanced,1.0,platt,94,247,0.14633151040788567,0.4554100515145303,-0.012611407928366791,0.0,0,4,0
2026092811,mert_v0,ambient_balanced,1.0,beta,94,247,0.14550285488999887,0.453313184545757,-0.013440063446253592,-0.0008286555178868005,0,4,2
2026092811,mert_v0,ambient_balanced,1.0,isotonic,94,247,0.1502135807549373,0.6304766340106586,-0.008729337581315166,0.003882070347051625,0,4,0
2026092811,mert_v0,ambient_balanced,1.0,ridge_platt,94,247,0.1470857414197308,0.45729229972848523,-0.011857176916521661,0.0007542310118451301,0,4,0
2026092811,mert_v0,unweighted,0.25,raw,24,59,0.14901259510664683,0.4615100093290929,0.0,-0.002826498899980351,0,4,0
2026092811,mert_v0,unweighted,0.25,prior_offset,24,59,0.14901259510664683,0.4615100093290929,0.0,-0.002826498899980351,0,4,0
2026092811,mert_v0,unweighted,0.25,temperature,24,59,0.1479400312951485,0.4566626849005558,-0.0010725638114983393,-0.00389906271147869,0,4,0
2026092811,mert_v0,unweighted,0.25,platt,24,59,0.15183909400662718,0.47058056962563805,0.002826498899980351,0.0,0,4,1
2026092811,mert_v0,unweighted,0.25,beta,24,59,0.15320254453158585,0.47542109542069527,0.004189949424939027,0.001363450524958676,0,4,1
2026092811,mert_v0,unweighted,0.25,isotonic,24,59,0.1617302782967877,1.2243379201339153,0.012717683190140883,0.009891184290160532,0,4,0
2026092811,mert_v0,unweighted,0.25,ridge_platt,24,59,0.14600805707555067,0.4527130247894354,-0.0030045380310961545,-0.005831036931076505,0,4,0
2026092811,mert_v0,unweighted,0.5,raw,47,112,0.14901259510664683,0.4615100093290929,0.0,0.002777780974648092,0,4,0
2026092811,mert_v0,unweighted,0.5,prior_offset,47,112,0.14901259510664683,0.4615100093290929,0.0,0.002777780974648092,0,4,0
2026092811,mert_v0,unweighted,0.5,temperature,47,112,0.1483976989592875,0.4582248873141344,-0.0006148961473593229,0.002162884827288769,0,4,0
2026092811,mert_v0,unweighted,0.5,platt,47,112,0.14623481413199874,0.45377166039277367,-0.002777780974648092,0.0,0,4,0
2026092811,mert_v0,unweighted,0.5,beta,47,112,0.1473154496702218,0.4563754897119047,-0.0016971454364250183,0.0010806355382230737,0,4,3
2026092811,mert_v0,unweighted,0.5,isotonic,47,112,0.15059378747977759,0.6608628840558938,0.0015811923731307576,0.0043589733477788495,0,4,0
2026092811,mert_v0,unweighted,0.5,ridge_platt,47,112,0.14765217408838033,0.45567659221069434,-0.0013604210182665,0.001417359956381592,0,4,0
2026092811,mert_v0,unweighted,1.0,raw,94,247,0.14901259510664683,0.4615100093290929,0.0,0.002781330318634062,0,4,0
2026092811,mert_v0,unweighted,1.0,prior_offset,94,247,0.14901259510664683,0.4615100093290929,0.0,0.002781330318634062,0,4,0
2026092811,mert_v0,unweighted,1.0,temperature,94,247,0.14829778394517001,0.4589257511799606,-0.0007148111614768138,0.0020665191571572483,0,4,0
2026092811,mert_v0,unweighted,1.0,platt,94,247,0.14623126478801277,0.4551381134961617,-0.002781330318634062,0.0,0,4,0
2026092811,mert_v0,unweighted,1.0,beta,94,247,0.14542061918237653,0.45314043008043137,-0.0035919759242702964,-0.0008106456056362343,0,4,2
2026092811,mert_v0,unweighted,1.0,isotonic,94,247,0.15116979418478968,0.6333902436570559,0.002157199078142852,0.004938529396776914,0,4,0
2026092811,mert_v0,unweighted,1.0,ridge_platt,94,247,0.147206510857813,0.45741376850014026,-0.001806084248833828,0.0009752460698002341,0,4,0
2026092811,mert_v1,ambient_balanced,0.25,raw,24,59,0.15659990268076412,0.4788354154079728,0.0,0.008528840932533782,0,4,0
2026092811,mert_v1,ambient_balanced,0.25,prior_offset,24,59,0.147071276519735,0.45667720677349133,-0.009528626161029119,-0.0009997852284953368,0,4,0
2026092811,mert_v1,ambient_balanced,0.25,temperature,24,59,0.15609021357255928,0.47458907504267445,-0.0005096891082048416,0.00801915182432894,0,4,0
2026092811,mert_v1,ambient_balanced,0.25,platt,24,59,0.14807106174823034,0.4598311342609028,-0.008528840932533782,0.0,0,4,0
2026092811,mert_v1,ambient_balanced,0.25,beta,24,59,0.14888225812830255,0.45901151429056986,-0.007717644552461572,0.00081119638007221,0,4,2
2026092811,mert_v1,ambient_balanced,0.25,isotonic,24,59,0.15246139205950682,1.2644027892735779,-0.0041385106212573075,0.004390330311276475,0,4,0
2026092811,mert_v1,ambient_balanced,0.25,ridge_platt,24,59,0.14761376754554878,0.4563896934076548,-0.008986135135215345,-0.00045729420268156296,0,4,0
2026092811,mert_v1,ambient_balanced,0.5,raw,47,112,0.15659990268076412,0.4788354154079728,0.0,0.01227865427845487,0,4,0
2026092811,mert_v1,ambient_balanced,0.5,prior_offset,47,112,0.147071276519735,0.45667720677349133,-0.009528626161029119,0.0027500281174257513,0,4,0
2026092811,mert_v1,ambient_balanced,0.5,temperature,47,112,0.15610881287075312,0.47443525559939403,-0.0004910898100110028,0.011787564468443867,0,4,0
2026092811,mert_v1,ambient_balanced,0.5,platt,47,112,0.14432124840230925,0.44725838422568315,-0.01227865427845487,0.0,0,4,0
2026092811,mert_v1,ambient_balanced,0.5,beta,47,112,0.1445975697780834,0.446470284797326,-0.012002332902680712,0.00027632137577415783,0,4,2
2026092811,mert_v1,ambient_balanced,0.5,isotonic,47,112,0.15210771408494003,1.0058390008089748,-0.004492188595824093,0.007786465682630778,0,4,0
2026092811,mert_v1,ambient_balanced,0.5,ridge_platt,47,112,0.14670852959657288,0.4528734829731805,-0.009891373084191246,0.002387281194263624,0,4,0
2026092811,mert_v1,ambient_balanced,1.0,raw,94,247,0.15659990268076412,0.4788354154079728,0.0,0.013230490539437367,0,4,0
2026092811,mert_v1,ambient_balanced,1.0,prior_offset,94,247,0.147071276519735,0.45667720677349133,-0.009528626161029119,0.0037018643784082483,0,4,0
2026092811,mert_v1,ambient_balanced,1.0,temperature,94,247,0.1558476054155349,0.47508307349360757,-0.0007522972652292126,0.012478193274208155,0,4,0
2026092811,mert_v1,ambient_balanced,1.0,platt,94,247,0.14336941214132676,0.4466655513241773,-0.013230490539437367,0.0,0,4,0
2026092811,mert_v1,ambient_balanced,1.0,beta,94,247,0.1427438197660704,0.44300531838048535,-0.01385608291469373,-0.0006255923752563619,0,4,2
2026092811,mert_v1,ambient_balanced,1.0,isotonic,94,247,0.14717600298512018,0.6251097190300468,-0.009423899695643945,0.0038065908437934226,0,4,0
2026092811,mert_v1,ambient_balanced,1.0,ridge_platt,94,247,0.1428568036022983,0.44431955394466105,-0.013743099078465826,-0.0005126085390284585,0,4,0
2026092811,mert_v1,unweighted,0.25,raw,24,59,0.14644131152620574,0.45443059228546234,0.0,-0.0013749924899288946,0,4,0
2026092811,mert_v1,unweighted,0.25,prior_offset,24,59,0.14644131152620574,0.45443059228546234,0.0,-0.0013749924899288946,0,4,0
2026092811,mert_v1,unweighted,0.25,temperature,24,59,0.14580659731032505,0.4501962790022724,-0.0006347142158806829,-0.0020097067058095774,0,4,0
2026092811,mert_v1,unweighted,0.25,platt,24,59,0.14781630401613463,0.4591257984911747,0.0013749924899288946,0.0,0,4,0
2026092811,mert_v1,unweighted,0.25,beta,24,59,0.14893535242542572,0.45965987302755484,0.002494040899219979,0.0011190484092910846,0,4,2
2026092811,mert_v1,unweighted,0.25,isotonic,24,59,0.15196724001921227,1.2961431365903762,0.005525928493006538,0.004150936003077643,0,4,0
2026092811,mert_v1,unweighted,0.25,ridge_platt,24,59,0.14371400885119237,0.4471146277574247,-0.0027273026750133655,-0.00410229516494226,0,4,0
2026092811,mert_v1,unweighted,0.5,raw,47,112,0.14644131152620574,0.45443059228546234,0.0,0.0023544029066485117,0,4,0
2026092811,mert_v1,unweighted,0.5,prior_offset,47,112,0.14644131152620574,0.45443059228546234,0.0,0.0023544029066485117,0,4,0
2026092811,mert_v1,unweighted,0.5,temperature,47,112,0.14612200498213218,0.4507021090852905,-0.0003193065440735554,0.0020350963625749563,0,4,0
2026092811,mert_v1,unweighted,0.5,platt,47,112,0.14408690861955722,0.44657730920740046,-0.0023544029066485117,0.0,0,4,0
2026092811,mert_v1,unweighted,0.5,beta,47,112,0.1445242404032276,0.44660313914650607,-0.0019170711229781479,0.00043733178367036385,0,4,2
2026092811,mert_v1,unweighted,0.5,isotonic,47,112,0.1509841485617683,1.0335413325370164,0.004542837035562575,0.006897239942211086,0,4,0
2026092811,mert_v1,unweighted,0.5,ridge_platt,47,112,0.14655476443402615,0.45236437401231666,0.00011345290782041606,0.0024678558144689278,0,4,0
2026092811,mert_v1,unweighted,1.0,raw,94,247,0.14644131152620574,0.45443059228546234,0.0,0.00326530933159605,0,4,0
2026092811,mert_v1,unweighted,1.0,prior_offset,94,247,0.14644131152620574,0.45443059228546234,0.0,0.00326530933159605,0,4,0
2026092811,mert_v1,unweighted,1.0,temperature,94,247,0.14560687277615786,0.45038531082460187,-0.0008344387500478778,0.0024308705815481724,0,4,0
2026092811,mert_v1,unweighted,1.0,platt,94,247,0.1431760021946097,0.44614833356026096,-0.00326530933159605,0.0,0,4,0
2026092811,mert_v1,unweighted,1.0,beta,94,247,0.1425673748557078,0.4426482481329919,-0.0038739366704979294,-0.0006086273389018793,0,4,3
2026092811,mert_v1,unweighted,1.0,isotonic,94,247,0.1471424040327402,0.6253648142423487,0.0007010925065344675,0.003966401838130518,0,4,0
2026092811,mert_v1,unweighted,1.0,ridge_platt,94,247,0.14279386385287499,0.4439384240462012,-0.0036474476733307504,-0.0003821383417347002,0,4,0
2026092812,maest,ambient_balanced,0.25,raw,24,57,0.1437021464174832,0.4450674608891519,0.0,-0.00381782422934851,0,4,0
2026092812,maest,ambient_balanced,0.25,prior_offset,24,57,0.13241893127695004,0.4215660013014773,-0.011283215140533154,-0.015101039369881664,0,4,0
2026092812,maest,ambient_balanced,0.25,temperature,24,57,0.14558040474808667,0.45132229034522703,0.0018782583306034828,-0.001939565898745027,0,4,0
2026092812,maest,ambient_balanced,0.25,platt,24,57,0.1475199706468317,0.4918641951609195,0.00381782422934851,0.0,0,4,0
2026092812,maest,ambient_balanced,0.25,beta,24,57,0.14583530200793265,0.5028405222109156,0.002133155590449465,-0.001684668638899045,0,4,3
2026092812,maest,ambient_balanced,0.25,isotonic,24,57,0.15704392613197282,2.539333613511679,0.013341779714489632,0.009523955485141122,0,4,0
2026092812,maest,ambient_balanced,0.25,ridge_platt,24,57,0.13372761095575053,0.43060212712711,-0.009974535461732659,-0.013792359691081169,0,4,0
2026092812,maest,ambient_balanced,0.5,raw,47,121,0.1437021464174832,0.4450674608891519,0.0,0.005460146119512982,0,4,0
2026092812,maest,ambient_balanced,0.5,prior_offset,47,121,0.13241893127695004,0.4215660013014773,-0.011283215140533154,-0.005823069021020172,0,4,0
2026092812,maest,ambient_balanced,0.5,temperature,47,121,0.14678592136050891,0.4563132742386755,0.0030837749430257244,0.008543921062538706,0,4,0
2026092812,maest,ambient_balanced,0.5,platt,47,121,0.1382420002979702,0.4494773016366921,-0.005460146119512982,0.0,0,4,0
2026092812,maest,ambient_balanced,0.5,beta,47,121,0.13718060977226398,0.44796131321730004,-0.006521536645219206,-0.001061390525706224,0,4,1
2026092812,maest,ambient_balanced,0.5,isotonic,47,121,0.1470397342838971,1.095868763240515,0.003337587866413916,0.008797733985926898,0,4,0
2026092812,maest,ambient_balanced,0.5,ridge_platt,47,121,0.13479755734281126,0.4386827570854888,-0.008904589074671926,-0.003444442955158944,0,4,0
2026092812,maest,ambient_balanced,1.0,raw,94,246,0.1437021464174832,0.4450674608891519,0.0,0.011328785576865175,0,4,0
2026092812,maest,ambient_balanced,1.0,prior_offset,94,246,0.13241893127695004,0.4215660013014773,-0.011283215140533154,4.557043633202085e-05,0,4,0
2026092812,maest,ambient_balanced,1.0,temperature,94,246,0.14436653909654676,0.446017814045001,0.000664392679063569,0.011993178255928744,0,4,0
2026092812,maest,ambient_balanced,1.0,platt,94,246,0.13237336084061802,0.42025945332680337,-0.011328785576865175,0.0,0,4,0
2026092812,maest,ambient_balanced,1.0,beta,94,246,0.13564441178125758,0.43712120807676014,-0.00805773463622561,0.003271050940639564,0,4,0
2026092812,maest,ambient_balanced,1.0,isotonic,94,246,0.1406071355596169,0.988497392097373,-0.003095010857866287,0.008233774718998887,0,4,0
2026092812,maest,ambient_balanced,1.0,ridge_platt,94,246,0.1328015075197124,0.4215501059453637,-0.010900638897770792,0.0004281466790943822,0,4,0
2026092812,maest,unweighted,0.25,raw,24,57,0.13238431257675407,0.4197813590021194,0.0,-0.015219081385070804,0,4,0
2026092812,maest,unweighted,0.25,prior_offset,24,57,0.13238431257675407,0.4197813590021194,0.0,-0.015219081385070804,0,4,0
2026092812,maest,unweighted,0.25,temperature,24,57,0.13596732303720327,0.4537290390699048,0.003583010460449204,-0.0116360709246216,0,4,0
2026092812,maest,unweighted,0.25,platt,24,57,0.14760339396182487,0.4925209377678955,0.015219081385070804,0.0,0,4,0
2026092812,maest,unweighted,0.25,beta,24,57,0.1458396529704822,0.4887777571283208,0.013455340393728143,-0.0017637409913426605,0,4,3
2026092812,maest,unweighted,0.25,isotonic,24,57,0.156626264961493,2.442002976317184,0.024241952384738946,0.009022870999668142,0,4,0
2026092812,maest,unweighted,0.25,ridge_platt,24,57,0.13430385842555564,0.4397250241688486,0.0019195458488015793,-0.013299535536269225,0,4,0
2026092812,maest,unweighted,0.5,raw,47,121,0.13238431257675407,0.4197813590021194,0.0,-0.0060746453474186946,0,4,0
2026092812,maest,unweighted,0.5,prior_offset,47,121,0.13238431257675407,0.4197813590021194,0.0,-0.0060746453474186946,0,4,0
2026092812,maest,unweighted,0.5,temperature,47,121,0.1357996328826627,0.44488255032504226,0.0034153203059086312,-0.0026593250415100633,0,4,0
2026092812,maest,unweighted,0.5,platt,47,121,0.13845895792417276,0.4508749277372255,0.0060746453474186946,0.0,0,4,0
2026092812,maest,unweighted,0.5,beta,47,121,0.13728890564825608,0.4498954577069566,0.004904593071502011,-0.0011700522759166831,0,4,1
2026092812,maest,unweighted,0.5,isotonic,47,121,0.1482766733446199,1.283509241176363,0.01589236076786585,0.009817715420447154,0,4,0
2026092812,maest,unweighted,0.5,ridge_platt,47,121,0.1341390269313543,0.434698036453744,0.0017547143546002286,-0.004319930992818466,0,4,0
2026092812,maest,unweighted,1.0,raw,94,246,0.13238431257675407,0.4197813590021194,0.0,1.936955691289599e-05,0,4,0
2026092812,maest,unweighted,1.0,prior_offset,94,246,0.13238431257675407,0.4197813590021194,0.0,1.936955691289599e-05,0,4,0
2026092812,maest,unweighted,1.0,temperature,94,246,0.13272450900891047,0.4206426983061821,0.0003401964321564088,0.0003595659890693048,0,4,0
2026092812,maest,unweighted,1.0,platt,94,246,0.13236494301984117,0.4203272379207893,-1.936955691289599e-05,0.0,0,4,0
2026092812,maest,unweighted,1.0,beta,94,246,0.13562986556767656,0.43711384900325506,0.0032455529909224956,0.0032649225478353916,0,4,0
2026092812,maest,unweighted,1.0,isotonic,94,246,0.14093765198842134,0.9571050023169885,0.008553339411667277,0.008572708968580173,0,4,0
2026092812,maest,unweighted,1.0,ridge_platt,94,246,0.13244850752259413,0.4203435151217213,6.419494584006258e-05,8.356450275295857e-05,0,4,0
2026092812,mert_v0,ambient_balanced,0.25,raw,24,57,0.15210292198823103,0.469879900902534,0.0,0.012196918722643862,0,4,0
2026092812,mert_v0,ambient_balanced,0.25,prior_offset,24,57,0.13700452802137003,0.4350864221922159,-0.015098393966860996,-0.002901475244217133,0,4,0
2026092812,mert_v0,ambient_balanced,0.25,temperature,24,57,0.1520390710141956,0.4690193021251922,-6.385097403543982e-05,0.012133067748608423,0,4,0
2026092812,mert_v0,ambient_balanced,0.25,platt,24,57,0.13990600326558716,0.4524725610403379,-0.012196918722643862,0.0,0,4,0
2026092812,mert_v0,ambient_balanced,0.25,beta,24,57,0.13974855436841735,0.4528082468946504,-0.012354367619813678,-0.00015744889716981514,0,4,4
2026092812,mert_v0,ambient_balanced,0.25,isotonic,24,57,0.15127114965051705,1.696878176797218,-0.0008317723377139763,0.011365146384929886,0,4,0
2026092812,mert_v0,ambient_balanced,0.25,ridge_platt,24,57,0.13751070629494563,0.4388378749489341,-0.014592215693285393,-0.0023952969706415306,0,4,0
2026092812,mert_v0,ambient_balanced,0.5,raw,47,121,0.15210292198823103,0.469879900902534,0.0,0.01738570980777629,0,4,0
2026092812,mert_v0,ambient_balanced,0.5,prior_offset,47,121,0.13700452802137003,0.4350864221922159,-0.015098393966860996,0.002287315840915294,0,4,0
2026092812,mert_v0,ambient_balanced,0.5,temperature,47,121,0.1507803980837051,0.463674340676678,-0.0013225239045259185,0.01606318590325037,0,4,0
2026092812,mert_v0,ambient_balanced,0.5,platt,47,121,0.13471721218045474,0.4382192082577163,-0.01738570980777629,0.0,0,4,0
2026092812,mert_v0,ambient_balanced,0.5,beta,47,121,0.13335557949438387,0.4322622980453893,-0.018747342493847158,-0.0013616326860708683,0,4,2
2026092812,mert_v0,ambient_balanced,0.5,isotonic,47,121,0.14162695283725282,0.7427856907832352,-0.010475969150978204,0.006909740656798086,0,4,0
2026092812,mert_v0,ambient_balanced,0.5,ridge_platt,47,121,0.13769005842503196,0.44375736511779734,-0.014412863563199069,0.002972846244577221,0,4,0
2026092812,mert_v0,ambient_balanced,1.0,raw,94,246,0.15210292198823103,0.469879900902534,0.0,0.017028897592582193,0,4,0
2026092812,mert_v0,ambient_balanced,1.0,prior_offset,94,246,0.13700452802137003,0.4350864221922159,-0.015098393966860996,0.0019305036257211972,0,4,0
2026092812,mert_v0,ambient_balanced,1.0,temperature,94,246,0.1518540259213684,0.46829513864641914,-0.000248896066862625,0.016780001525719568,0,4,0
2026092812,mert_v0,ambient_balanced,1.0,platt,94,246,0.13507402439564883,0.431567013695413,-0.017028897592582193,0.0,0,4,0
2026092812,mert_v0,ambient_balanced,1.0,beta,94,246,0.13521498265648424,0.43198883182525394,-0.016887939331746787,0.0001409582608354054,0,4,1
2026092812,mert_v0,ambient_balanced,1.0,isotonic,94,246,0.13908951685810783,0.6301828778642603,-0.013013405130123196,0.004015492462458997,0,4,0
2026092812,mert_v0,ambient_balanced,1.0,ridge_platt,94,246,0.13539821412565295,0.43290185098306516,-0.016704707862578078,0.0003241897300041152,0,4,0
2026092812,mert_v0,unweighted,0.25,raw,24,57,0.13698629832185902,0.434784327617118,0.0,-0.0031670444430301203,0,4,0
2026092812,mert_v0,unweighted,0.25,prior_offset,24,57,0.13698629832185902,0.434784327617118,0.0,-0.0031670444430301203,0,4,0
2026092812,mert_v0,unweighted,0.25,temperature,24,57,0.13870840322971756,0.4506516985712669,0.0017221049078585404,-0.00144493953517158,0,4,0
2026092812,mert_v0,unweighted,0.25,platt,24,57,0.14015334276488914,0.45459503657667605,0.0031670444430301203,0.0,0,4,0
2026092812,mert_v0,unweighted,0.25,beta,24,57,0.1399580373280655,0.4528687588890746,0.002971739006206481,-0.00019530543682363954,0,4,4
2026092812,mert_v0,unweighted,0.25,isotonic,24,57,0.15192105568449285,1.6974952243781183,0.014934757362633833,0.011767712919603712,0,4,0
2026092812,mert_v0,unweighted,0.25,ridge_platt,24,57,0.13747216256747882,0.4381609671619788,0.0004858642456198048,-0.0026811801974103155,0,4,0
2026092812,mert_v0,unweighted,0.5,raw,47,121,0.13698629832185902,0.434784327617118,0.0,0.0017434536081448182,0,4,0
2026092812,mert_v0,unweighted,0.5,prior_offset,47,121,0.13698629832185902,0.434784327617118,0.0,0.0017434536081448182,0,4,0
2026092812,mert_v0,unweighted,0.5,temperature,47,121,0.13763500106506749,0.4451335274348677,0.000648702743208468,0.002392156351353286,0,4,0
2026092812,mert_v0,unweighted,0.5,platt,47,121,0.1352428447137142,0.44145038103687473,-0.0017434536081448182,0.0,0,4,0
2026092812,mert_v0,unweighted,0.5,beta,47,121,0.1336338463640041,0.43469986170371333,-0.003352451957854913,-0.0016089983497100946,0,4,2
2026092812,mert_v0,unweighted,0.5,isotonic,47,121,0.14284220846085954,0.8052654798114858,0.005855910139000525,0.0075993637471453435,0,4,0
2026092812,mert_v0,unweighted,0.5,ridge_platt,47,121,0.13763867855880185,0.4421375729770519,0.0006523802369428344,0.0023958338450876526,0,4,0
2026092812,mert_v0,unweighted,1.0,raw,94,246,0.13698629832185902,0.434784327617118,0.0,0.001730180228417505,0,4,0
2026092812,mert_v0,unweighted,1.0,prior_offset,94,246,0.13698629832185902,0.434784327617118,0.0,0.001730180228417505,0,4,0
2026092812,mert_v0,unweighted,1.0,temperature,94,246,0.13667385564246493,0.43415842298510443,-0.00031244267939409265,0.0014177375490234123,0,4,0
2026092812,mert_v0,unweighted,1.0,platt,94,246,0.1352561180934415,0.43180705894475474,-0.001730180228417505,0.0,0,4,0
2026092812,mert_v0,unweighted,1.0,beta,94,246,0.13537294320727045,0.43226553355148184,-0.0016133551145885716,0.00011682511382893335,0,4,2
2026092812,mert_v0,unweighted,1.0,isotonic,94,246,0.13935966664398539,0.629868426670818,0.002373368322126368,0.004103548550543873,0,4,0
2026092812,mert_v0,unweighted,1.0,ridge_platt,94,246,0.13528666654834415,0.4323477125876985,-0.0016996317735148703,3.054845490263469e-05,0,4,0
2026092812,mert_v1,ambient_balanced,0.25,raw,24,57,0.15609270599515065,0.4783579747116902,0.0,0.007296548914133616,0,4,0
2026092812,mert_v1,ambient_balanced,0.25,prior_offset,24,57,0.1395726554230801,0.44262768222390036,-0.016520050572070566,-0.00922350165793695,0,4,0
2026092812,mert_v1,ambient_balanced,0.25,temperature,24,57,0.15601034441304718,0.47661363916825167,-8.236158210347955e-05,0.007214187332030136,0,4,0
2026092812,mert_v1,ambient_balanced,0.25,platt,24,57,0.14879615708101704,0.48864768180532353,-0.007296548914133616,0.0,0,4,0
2026092812,mert_v1,ambient_balanced,0.25,beta,24,57,0.148464123455012,0.4825400565905589,-0.007628582540138651,-0.00033203362600503494,0,4,3
2026092812,mert_v1,ambient_balanced,0.25,isotonic,24,57,0.1620484368490777,1.842309352893613,0.005955730853927033,0.013252279768060649,0,4,0
2026092812,mert_v1,ambient_balanced,0.25,ridge_platt,24,57,0.14020396438818863,0.4492183087257367,-0.01588874160696202,-0.008592192692828404,0,4,0
2026092812,mert_v1,ambient_balanced,0.5,raw,47,121,0.15609270599515065,0.4783579747116902,0.0,0.01789653202530833,0,4,0
2026092812,mert_v1,ambient_balanced,0.5,prior_offset,47,121,0.1395726554230801,0.44262768222390036,-0.016520050572070566,0.0013764814532377656,0,4,0
2026092812,mert_v1,ambient_balanced,0.5,temperature,47,121,0.15517428179450765,0.47465118047016824,-0.0009184242006430032,0.01697810782466533,0,4,0
2026092812,mert_v1,ambient_balanced,0.5,platt,47,121,0.13819617396984232,0.4471411539543849,-0.01789653202530833,0.0,0,4,0
2026092812,mert_v1,ambient_balanced,0.5,beta,47,121,0.1369407080661591,0.4466312916567064,-0.019151997928991554,-0.0012554659036832228,0,4,3
2026092812,mert_v1,ambient_balanced,0.5,isotonic,47,121,0.14174508862477125,1.204396763852395,-0.0143476173703794,0.0035489146549289308,0,4,0
2026092812,mert_v1,ambient_balanced,0.5,ridge_platt,47,121,0.1395086207102436,0.4484964690309924,-0.01658408528490704,0.0013124467404012907,0,4,0
2026092812,mert_v1,ambient_balanced,1.0,raw,94,246,0.15609270599515065,0.4783579747116902,0.0,0.018045334249995715,0,4,0
2026092812,mert_v1,ambient_balanced,1.0,prior_offset,94,246,0.1395726554230801,0.44262768222390036,-0.016520050572070566,0.0015252836779251489,0,4,0
2026092812,mert_v1,ambient_balanced,1.0,temperature,94,246,0.15598616462024903,0.4779041192706192,-0.0001065413749016253,0.01793879287509409,0,4,0
2026092812,mert_v1,ambient_balanced,1.0,platt,94,246,0.13804737174515494,0.4400719295752514,-0.018045334249995715,0.0,0,4,0
2026092812,mert_v1,ambient_balanced,1.0,beta,94,246,0.13773240419209812,0.4402426655946172,-0.018360301803052537,-0.0003149675530568219,0,4,0
2026092812,mert_v1,ambient_balanced,1.0,isotonic,94,246,0.14070798141296564,0.5419157271234466,-0.015384724582185011,0.002660609667810704,0,4,0
2026092812,mert_v1,ambient_balanced,1.0,ridge_platt,94,246,0.1379266996436977,0.43987519890430277,-0.018166006351452962,-0.0001206721014572476,0,4,0
2026092812,mert_v1,unweighted,0.25,raw,24,57,0.13929383309610371,0.44130967383564135,0.0,-0.00973629381589744,0,4,0
2026092812,mert_v1,unweighted,0.25,prior_offset,24,57,0.13929383309610371,0.44130967383564135,0.0,-0.00973629381589744,0,4,0
2026092812,mert_v1,unweighted,0.25,temperature,24,57,0.14080545181148796,0.4673096683494696,0.0015116187153842442,-0.008224675100513196,0,4,0
2026092812,mert_v1,unweighted,0.25,platt,24,57,0.14903012691200115,0.49490186403566894,0.00973629381589744,0.0,0,4,0
2026092812,mert_v1,unweighted,0.25,beta,24,57,0.1492719464535009,0.4883773067032723,0.009978113357397178,0.00024181954149973817,0,4,3
2026092812,mert_v1,unweighted,0.25,isotonic,24,57,0.16215787073302462,1.9075234144296185,0.02286403763692091,0.013127743821023469,0,4,0
2026092812,mert_v1,unweighted,0.25,ridge_platt,24,57,0.13961187955960808,0.44615783183133556,0.0003180464635043623,-0.009418247352393078,0,4,0
2026092812,mert_v1,unweighted,0.5,raw,47,121,0.13929383309610371,0.44130967383564135,0.0,0.0009999068571959202,0,4,0
2026092812,mert_v1,unweighted,0.5,prior_offset,47,121,0.13929383309610371,0.44130967383564135,0.0,0.0009999068571959202,0,4,0
2026092812,mert_v1,unweighted,0.5,temperature,47,121,0.13953439406762,0.451601857953211,0.00024056097151628486,0.001240467828712205,0,4,0
2026092812,mert_v1,unweighted,0.5,platt,47,121,0.1382939262389078,0.449415324825267,-0.0009999068571959202,0.0,0,4,0
2026092812,mert_v1,unweighted,0.5,beta,47,121,0.13700790440729543,0.4476357206555474,-0.002285928688808281,-0.0012860218316123606,0,4,4
2026092812,mert_v1,unweighted,0.5,isotonic,47,121,0.14151961587839532,1.2675078600629528,0.002225782782291602,0.0032256896394875223,0,4,0
2026092812,mert_v1,unweighted,0.5,ridge_platt,47,121,0.13847860372329082,0.4406636034648442,-0.0008152293728128923,0.0001846774843830279,0,4,0
2026092812,mert_v1,unweighted,1.0,raw,94,246,0.13929383309610371,0.44130967383564135,0.0,0.0014089754585899228,0,4,0
2026092812,mert_v1,unweighted,1.0,prior_offset,94,246,0.13929383309610371,0.44130967383564135,0.0,0.0014089754585899228,0,4,0
2026092812,mert_v1,unweighted,1.0,temperature,94,246,0.13900169395021053,0.4417548307026888,-0.00029213914589318324,0.0011168363126967396,0,4,0
2026092812,mert_v1,unweighted,1.0,platt,94,246,0.1378848576375138,0.43970702799588285,-0.0014089754585899228,0.0,0,4,0
2026092812,mert_v1,unweighted,1.0,beta,94,246,0.13765525753746383,0.4400437046546932,-0.0016385755586398876,-0.00022960010004996478,0,4,1
2026092812,mert_v1,unweighted,1.0,isotonic,94,246,0.14022048192564562,0.5414391969690715,0.0009266488295419095,0.0023356242881318323,0,4,0
2026092812,mert_v1,unweighted,1.0,ridge_platt,94,246,0.13740749675417857,0.43801737691703146,-0.0018863363419251433,-0.00047736088333522053,0,4,0
2026092813,maest,ambient_balanced,0.25,raw,24,54,0.1345848879384436,0.41547716315812133,0.0,-0.0057793789777143,0,4,0
2026092813,maest,ambient_balanced,0.25,prior_offset,24,54,0.12885757678820622,0.4022929223550341,-0.005727311150237363,-0.011506690127951663,0,4,0
2026092813,maest,ambient_balanced,0.25,temperature,24,54,0.13911378837555166,0.4336693135194498,0.004528900437108074,-0.0012504785406062258,0,4,0
2026092813,maest,ambient_balanced,0.25,platt,24,54,0.1403642669161579,0.4413550468415503,0.0057793789777143,0.0,0,4,0
2026092813,maest,ambient_balanced,0.25,beta,24,54,0.14290898874303742,0.45370142799371177,0.008324100804593837,0.002544721826879537,0,4,3
2026092813,maest,ambient_balanced,0.25,isotonic,24,54,0.1513305849397803,1.3215812728092702,0.016745697001336712,0.010966318023622412,0,4,0
2026092813,maest,ambient_balanced,0.25,ridge_platt,24,54,0.1348418423939615,0.41555924610706685,0.00025695445551790486,-0.005522424522196395,0,4,0
2026092813,maest,ambient_balanced,0.5,raw,47,109,0.1345848879384436,0.41547716315812133,0.0,0.005741871912577051,0,4,0
2026092813,maest,ambient_balanced,0.5,prior_offset,47,109,0.12885757678820622,0.4022929223550341,-0.005727311150237363,1.4560762339688171e-05,0,4,0
2026092813,maest,ambient_balanced,0.5,temperature,47,109,0.13542940150546584,0.41825522773028495,0.0008445135670222537,0.006586385479599305,0,4,0
2026092813,maest,ambient_balanced,0.5,platt,47,109,0.12884301602586654,0.40286725917182853,-0.005741871912577051,0.0,0,4,0
2026092813,maest,ambient_balanced,0.5,beta,47,109,0.12962300670664906,0.4138146397048511,-0.004961881231794529,0.0007799906807825219,0,4,2
2026092813,maest,ambient_balanced,0.5,isotonic,47,109,0.13300172209054872,0.7030229295300856,-0.001583165847894863,0.004158706064682188,0,4,0
2026092813,maest,ambient_balanced,0.5,ridge_platt,47,109,0.12857884220094265,0.40084414374678234,-0.006006045737500937,-0.00026417382492388564,0,4,0
2026092813,maest,ambient_balanced,1.0,raw,94,238,0.1345848879384436,0.41547716315812133,0.0,0.004310620607830884,0,4,0
2026092813,maest,ambient_balanced,1.0,prior_offset,94,238,0.12885757678820622,0.4022929223550341,-0.005727311150237363,-0.001416690542406479,0,4,0
2026092813,maest,ambient_balanced,1.0,temperature,94,238,0.13528989111340745,0.41890974806582126,0.0007050031749638586,0.0050156237827947425,0,4,0
2026092813,maest,ambient_balanced,1.0,platt,94,238,0.1302742673306127,0.40660493605854786,-0.004310620607830884,0.0,0,4,0
2026092813,maest,ambient_balanced,1.0,beta,94,238,0.13005266825863623,0.4103351747872567,-0.004532219679807353,-0.00022159907197646933,0,4,0
2026092813,maest,ambient_balanced,1.0,isotonic,94,238,0.1329165969481504,0.5740659491304632,-0.0016682909902931975,0.0026423296175376865,0,4,0
2026092813,maest,ambient_balanced,1.0,ridge_platt,94,238,0.12824210957073923,0.39851676545530923,-0.00634277836770436,-0.0020321577598734764,0,4,0
2026092813,maest,unweighted,0.25,raw,24,54,0.12854084073893268,0.4001428460956493,0.0,-0.01243985110528989,0,4,0
2026092813,maest,unweighted,0.25,prior_offset,24,54,0.12854084073893268,0.4001428460956493,0.0,-0.01243985110528989,0,4,0
2026092813,maest,unweighted,0.25,temperature,24,54,0.13190052908421004,0.41099771456664,0.003359688345277362,-0.009080162760012528,0,4,0
2026092813,maest,unweighted,0.25,platt,24,54,0.14098069184422257,0.44334095709745197,0.01243985110528989,0.0,0,4,0
2026092813,maest,unweighted,0.25,beta,24,54,0.14362523980967004,0.45310107836854074,0.015084399070737359,0.002644547965447469,0,4,3
2026092813,maest,unweighted,0.25,isotonic,24,54,0.1517038733653529,1.3213322915777237,0.02316303262642022,0.010723181521130332,0,4,0
2026092813,maest,unweighted,0.25,ridge_platt,24,54,0.1314278888842048,0.4078019290559319,0.002887048145272131,-0.009552802960017759,0,4,0
2026092813,maest,unweighted,0.5,raw,47,109,0.12854084073893268,0.4001428460956493,0.0,-0.0007878508094068815,0,4,0
2026092813,maest,unweighted,0.5,prior_offset,47,109,0.12854084073893268,0.4001428460956493,0.0,-0.0007878508094068815,0,4,0
2026092813,maest,unweighted,0.5,temperature,47,109,0.12943865024743867,0.40249917479960867,0.0008978095085059867,0.00010995869909910527,0,4,0
2026092813,maest,unweighted,0.5,platt,47,109,0.12932869154833956,0.4039753261948025,0.0007878508094068815,0.0,0,4,0
2026092813,maest,unweighted,0.5,beta,47,109,0.1304961101955034,0.41166922728608507,0.0019552694565707074,0.001167418647163826,0,4,2
2026092813,maest,unweighted,0.5,isotonic,47,109,0.13322641454319276,0.7016594799794966,0.004685573804260074,0.003897722994853192,0,4,0
2026092813,maest,unweighted,0.5,ridge_platt,47,109,0.1285864932490563,0.39991261268524025,4.565251012361715e-05,-0.0007421982992832643,0,4,0
2026092813,maest,unweighted,1.0,raw,94,238,0.12854084073893268,0.4001428460956493,0.0,-0.002184108219198233,0,4,0
2026092813,maest,unweighted,1.0,prior_offset,94,238,0.12854084073893268,0.4001428460956493,0.0,-0.002184108219198233,0,4,0
2026092813,maest,unweighted,1.0,temperature,94,238,0.12966804168919657,0.4056781115686616,0.0011272009502638902,-0.0010569072689343428,0,4,0
2026092813,maest,unweighted,1.0,platt,94,238,0.13072494895813092,0.40782951397953215,0.002184108219198233,0.0,0,4,0
2026092813,maest,unweighted,1.0,beta,94,238,0.13062798917887336,0.41008520114139596,0.002087148439940678,-9.695977925755495e-05,0,4,1
2026092813,maest,unweighted,1.0,isotonic,94,238,0.13439306323942615,0.5780191774571188,0.00585222250049347,0.003668114281295237,0,4,0
2026092813,maest,unweighted,1.0,ridge_platt,94,238,0.12862165159435524,0.39929532009613466,8.081085542255284e-05,-0.0021032973637756802,0,4,0
2026092813,mert_v0,ambient_balanced,0.25,raw,24,54,0.15518814696658698,0.47369080935259456,0.0,0.0026998492984411093,0,4,0
2026092813,mert_v0,ambient_balanced,0.25,prior_offset,24,54,0.14416281790778213,0.44515393380020696,-0.01102532905880485,-0.008325479760363741,0,4,0
2026092813,mert_v0,ambient_balanced,0.25,temperature,24,54,0.16163680375247633,0.5047053346335693,0.006448656785889351,0.00914850608433046,0,4,0
2026092813,mert_v0,ambient_balanced,0.25,platt,24,54,0.15248829766814587,0.47812760530132525,-0.0026998492984411093,0.0,0,4,0
2026092813,mert_v0,ambient_balanced,0.25,beta,24,54,0.15288596627329118,0.480383289700089,-0.0023021806932957967,0.00039766860514531266,0,4,2
2026092813,mert_v0,ambient_balanced,0.25,isotonic,24,54,0.1605149057807342,1.820477848538684,0.005326758814147237,0.008026608112588346,0,4,0
2026092813,mert_v0,ambient_balanced,0.25,ridge_platt,24,54,0.15047484732902702,0.4607822870948935,-0.004713299637559953,-0.002013450339118844,0,4,0
2026092813,mert_v0,ambient_balanced,0.5,raw,47,109,0.15518814696658698,0.47369080935259456,0.0,0.011537474809746984,0,4,0
2026092813,mert_v0,ambient_balanced,0.5,prior_offset,47,109,0.14416281790778213,0.44515393380020696,-0.01102532905880485,0.0005121457509421334,0,4,0
2026092813,mert_v0,ambient_balanced,0.5,temperature,47,109,0.15622592030467972,0.4792621001691394,0.00103777333809274,0.012575248147839724,0,4,0
2026092813,mert_v0,ambient_balanced,0.5,platt,47,109,0.14365067215684,0.44568198401773523,-0.011537474809746984,0.0,0,4,0
2026092813,mert_v0,ambient_balanced,0.5,beta,47,109,0.14366413832161803,0.447806756589912,-0.011524008644968942,1.3466164778042078e-05,0,4,2
2026092813,mert_v0,ambient_balanced,0.5,isotonic,47,109,0.1439878337450107,0.7805605611306121,-0.011200313221576275,0.00033716158817070907,0,4,0
2026092813,mert_v0,ambient_balanced,0.5,ridge_platt,47,109,0.1439172440924144,0.4450084025594745,-0.011270902874172567,0.0002665719355744167,0,4,0
2026092813,mert_v0,ambient_balanced,1.0,raw,94,238,0.15518814696658698,0.47369080935259456,0.0,0.01117925015271351,0,4,0
2026092813,mert_v0,ambient_balanced,1.0,prior_offset,94,238,0.14416281790778213,0.44515393380020696,-0.01102532905880485,0.00015392109390865993,0,4,0
2026092813,mert_v0,ambient_balanced,1.0,temperature,94,238,0.15509197254393536,0.473893271392384,-9.617442265161258e-05,0.011083075730061898,0,4,0
2026092813,mert_v0,ambient_balanced,1.0,platt,94,238,0.14400889681387347,0.4443800513100741,-0.01117925015271351,0.0,0,4,0
2026092813,mert_v0,ambient_balanced,1.0,beta,94,238,0.14334308893686792,0.4442651703012326,-0.011845058029719052,-0.000665807877005542,0,4,2
2026092813,mert_v0,ambient_balanced,1.0,isotonic,94,238,0.14360709991450804,0.5112505653691581,-0.011581047052078935,-0.0004017968993654253,0,4,0
2026092813,mert_v0,ambient_balanced,1.0,ridge_platt,94,238,0.14275366263252184,0.44010738244302305,-0.012434484334065132,-0.0012552341813516221,0,4,0
2026092813,mert_v0,unweighted,0.25,raw,24,54,0.1441094315387052,0.44550817542454946,0.0,-0.009435480984458622,0,4,0
2026092813,mert_v0,unweighted,0.25,prior_offset,24,54,0.1441094315387052,0.44550817542454946,0.0,-0.009435480984458622,0,4,0
2026092813,mert_v0,unweighted,0.25,temperature,24,54,0.14946510575613506,0.47103609718694794,0.005355674217429857,-0.004079806767028765,0,4,0
2026092813,mert_v0,unweighted,0.25,platt,24,54,0.15354491252316382,0.4805077281126281,0.009435480984458622,0.0,0,4,0
2026092813,mert_v0,unweighted,0.25,beta,24,54,0.15451570517019408,0.48396261750157377,0.010406273631488883,0.0009707926470302608,0,4,2
2026092813,mert_v0,unweighted,0.25,isotonic,24,54,0.16332946816658156,1.657233402668683,0.019220036627876358,0.009784555643417736,0,4,0
2026092813,mert_v0,unweighted,0.25,ridge_platt,24,54,0.1510142966500213,0.4619755256858849,0.006904865111316105,-0.0025306158731425166,0,4,0
2026092813,mert_v0,unweighted,0.5,raw,47,109,0.1441094315387052,0.44550817542454946,0.0,0.0002571524550782911,0,4,0
2026092813,mert_v0,unweighted,0.5,prior_offset,47,109,0.1441094315387052,0.44550817542454946,0.0,0.0002571524550782911,0,4,0
2026092813,mert_v0,unweighted,0.5,temperature,47,109,0.14516311961851347,0.449952603226274,0.0010536880798082682,0.0013108405348865593,0,4,0
2026092813,mert_v0,unweighted,0.5,platt,47,109,0.1438522790836269,0.44641632003851806,-0.0002571524550782911,0.0,0,4,0
2026092813,mert_v0,unweighted,0.5,beta,47,109,0.14424121408020446,0.44829138270557933,0.00013178254149925905,0.00038893499657755015,0,4,2
2026092813,mert_v0,unweighted,0.5,isotonic,47,109,0.14556211177531558,0.7520145707685569,0.001452680236610382,0.001709832691688673,0,4,0
2026092813,mert_v0,unweighted,0.5,ridge_platt,47,109,0.14351584871473294,0.44467078886140915,-0.0005935828239722607,-0.0003364303688939696,0,4,0
2026092813,mert_v0,unweighted,1.0,raw,94,238,0.1441094315387052,0.44550817542454946,0.0,-0.000112251392135998,0,4,0
2026092813,mert_v0,unweighted,1.0,prior_offset,94,238,0.1441094315387052,0.44550817542454946,0.0,-0.000112251392135998,0,4,0
2026092813,mert_v0,unweighted,1.0,temperature,94,238,0.1445674054495955,0.4467800949612468,0.00045797391089030803,0.00034572251875431004,0,4,0
2026092813,mert_v0,unweighted,1.0,platt,94,238,0.1442216829308412,0.44526266981823515,0.000112251392135998,0.0,0,4,0
2026092813,mert_v0,unweighted,1.0,beta,94,238,0.14388940479285262,0.4454290033727608,-0.0002200267458525862,-0.0003322781379885842,0,4,2
2026092813,mert_v0,unweighted,1.0,isotonic,94,238,0.14449690442913124,0.5138022649729069,0.0003874728904260383,0.0002752214982900403,0,4,0
2026092813,mert_v0,unweighted,1.0,ridge_platt,94,238,0.1429510083102916,0.4410960342117073,-0.0011584232284136131,-0.0012706746205496111,0,4,0
2026092813,mert_v1,ambient_balanced,0.25,raw,24,54,0.15663290282879977,0.4788640595489023,0.0,-0.0006921523611559122,0,4,0
2026092813,mert_v1,ambient_balanced,0.25,prior_offset,24,54,0.14528669294624855,0.44967962146021895,-0.011346209882551223,-0.012038362243707135,0,4,0
2026092813,mert_v1,ambient_balanced,0.25,temperature,24,54,0.1636373979148936,0.5281375065875866,0.007004495086093826,0.006312342724937914,0,4,0
2026092813,mert_v1,ambient_balanced,0.25,platt,24,54,0.15732505518995568,0.510006690571696,0.0006921523611559122,0.0,0,4,0
2026092813,mert_v1,ambient_balanced,0.25,beta,24,54,0.15738401619413506,0.5189790062049632,0.0007511133653352875,5.896100417937533e-05,0,4,3
2026092813,mert_v1,ambient_balanced,0.25,isotonic,24,54,0.16485327966246205,2.0023888253451516,0.00822037683366228,0.007528224472506367,0,4,0
2026092813,mert_v1,ambient_balanced,0.25,ridge_platt,24,54,0.15374785329363375,0.4746799363409905,-0.0028850495351660232,-0.0035772018963219354,0,4,0
2026092813,mert_v1,ambient_balanced,0.5,raw,47,109,0.15663290282879977,0.4788640595489023,0.0,0.010614986977803303,0,4,0
2026092813,mert_v1,ambient_balanced,0.5,prior_offset,47,109,0.14528669294624855,0.44967962146021895,-0.011346209882551223,-0.0007312229047479191,0,4,0
2026092813,mert_v1,ambient_balanced,0.5,temperature,47,109,0.15799009260795743,0.4881313539371922,0.0013571897791576637,0.011972176756960967,0,4,0
2026092813,mert_v1,ambient_balanced,0.5,platt,47,109,0.14601791585099647,0.4549306238327916,-0.010614986977803303,0.0,0,4,0
2026092813,mert_v1,ambient_balanced,0.5,beta,47,109,0.1449088897443188,0.45728899634050213,-0.011724013084480983,-0.0011090261066776796,0,4,3
2026092813,mert_v1,ambient_balanced,0.5,isotonic,47,109,0.15110488645642473,0.6658804751244173,-0.005528016372375044,0.005086970605428259,0,4,0
2026092813,mert_v1,ambient_balanced,0.5,ridge_platt,47,109,0.14648461082135425,0.45226290397233243,-0.01014829200744552,0.00046669497035778384,0,4,0
2026092813,mert_v1,ambient_balanced,1.0,raw,94,238,0.15663290282879977,0.4788640595489023,0.0,0.011674375122443126,0,4,0
2026092813,mert_v1,ambient_balanced,1.0,prior_offset,94,238,0.14528669294624855,0.44967962146021895,-0.011346209882551223,0.00032816523989190327,0,4,0
2026092813,mert_v1,ambient_balanced,1.0,temperature,94,238,0.1564682381796068,0.4793304424468244,-0.0001646646491929582,0.011509710473250168,0,4,0
2026092813,mert_v1,ambient_balanced,1.0,platt,94,238,0.14495852770635664,0.4484792410232984,-0.011674375122443126,0.0,0,4,0
2026092813,mert_v1,ambient_balanced,1.0,beta,94,238,0.1437029535726702,0.4481093637582042,-0.012929949256129558,-0.0012555741336864323,0,4,1
2026092813,mert_v1,ambient_balanced,1.0,isotonic,94,238,0.14747674833609006,0.5528046124251147,-0.009156154492709706,0.0025182206297334198,0,4,0
2026092813,mert_v1,ambient_balanced,1.0,ridge_platt,94,238,0.14443045043456185,0.4466206407680534,-0.012202452394237923,-0.0005280772717947968,0,4,0
2026092813,mert_v1,unweighted,0.25,raw,24,54,0.14511233706385407,0.4494974785161379,0.0,-0.012211138613802242,0,4,0
2026092813,mert_v1,unweighted,0.25,prior_offset,24,54,0.14511233706385407,0.4494974785161379,0.0,-0.012211138613802242,0,4,0
2026092813,mert_v1,unweighted,0.25,temperature,24,54,0.1494275908308796,0.48141034257893967,0.0043152537670255176,-0.007895884846776724,0,4,0
2026092813,mert_v1,unweighted,0.25,platt,24,54,0.1573234756776563,0.5077158889874114,0.012211138613802242,0.0,0,4,0
2026092813,mert_v1,unweighted,0.25,beta,24,54,0.15791421508775802,0.5172632868658582,0.012801878023903951,0.0005907394101017094,0,4,3
2026092813,mert_v1,unweighted,0.25,isotonic,24,54,0.16406954631857057,2.1018837936859254,0.0189572092547165,0.006746070640914259,0,4,0
2026092813,mert_v1,unweighted,0.25,ridge_platt,24,54,0.1494856838473033,0.4606292038325686,0.004373346783449222,-0.00783779183035302,0,4,0
2026092813,mert_v1,unweighted,0.5,raw,47,109,0.14511233706385407,0.4494974785161379,0.0,-0.0012625758218527405,0,4,0
2026092813,mert_v1,unweighted,0.5,prior_offset,47,109,0.14511233706385407,0.4494974785161379,0.0,-0.0012625758218527405,0,4,0
2026092813,mert_v1,unweighted,0.5,temperature,47,109,0.14616018383991902,0.45467266103939963,0.0010478467760649535,-0.00021472904578778707,0,4,0
2026092813,mert_v1,unweighted,0.5,platt,47,109,0.1463749128857068,0.4554449937691459,0.0012625758218527405,0.0,0,4,0
2026092813,mert_v1,unweighted,0.5,beta,47,109,0.14595884539173265,0.456929096123608,0.0008465083278785812,-0.0004160674939741593,0,4,3
2026092813,mert_v1,unweighted,0.5,isotonic,47,109,0.14944476072343393,0.7291040555458763,0.004332423659579865,0.0030698478377271243,0,4,0
2026092813,mert_v1,unweighted,0.5,ridge_platt,47,109,0.14526960885072215,0.44937044800633386,0.00015727178686808507,-0.0011053040349846555,0,4,0
2026092813,mert_v1,unweighted,1.0,raw,94,238,0.14511233706385407,0.4494974785161379,0.0,8.800820363771833e-05,0,4,0
2026092813,mert_v1,unweighted,1.0,prior_offset,94,238,0.14511233706385407,0.4494974785161379,0.0,8.800820363771833e-05,0,4,0
2026092813,mert_v1,unweighted,1.0,temperature,94,238,0.14552450575630316,0.4503796183256648,0.0004121686924490886,0.0005001768960868069,0,4,0
2026092813,mert_v1,unweighted,1.0,platt,94,238,0.14502432886021635,0.44856343803951004,-8.800820363771833e-05,0.0,0,4,0
2026092813,mert_v1,unweighted,1.0,beta,94,238,0.1444100476365408,0.4479905240357479,-0.0007022894273132629,-0.0006142812236755446,0,4,1
2026092813,mert_v1,unweighted,1.0,isotonic,94,238,0.14750820313408508,0.5529439254499541,0.002395866070231012,0.0024838742738687303,0,4,0
2026092813,mert_v1,unweighted,1.0,ridge_platt,94,238,0.14423540583626998,0.44645613428291725,-0.0008769312275840879,-0.0007889230239463696,0,4,0
2026092814,maest,ambient_balanced,0.25,raw,24,60,0.13974561418700465,0.4389878775444871,0.0,-0.008510461361500743,0,4,0
2026092814,maest,ambient_balanced,0.25,prior_offset,24,60,0.1333679043812847,0.4266393795818239,-0.006377709805719944,-0.014888171167220687,0,4,0
2026092814,maest,ambient_balanced,0.25,temperature,24,60,0.14283372337472927,0.4474645515436813,0.003088109187724619,-0.005422352173776124,0,4,0
2026092814,maest,ambient_balanced,0.25,platt,24,60,0.1482560755485054,0.4651335531113395,0.008510461361500743,0.0,0,4,0
2026092814,maest,ambient_balanced,0.25,beta,24,60,0.14778590608663644,0.47039278139171553,0.00804029189963179,-0.00047016946186895225,0,4,1
2026092814,maest,ambient_balanced,0.25,isotonic,24,60,0.15632844923835965,1.6683311199729156,0.016582835051354994,0.00807237368985425,0,4,0
2026092814,maest,ambient_balanced,0.25,ridge_platt,24,60,0.13452725384340428,0.43249293549328643,-0.005218360343600376,-0.013728821705101119,0,4,0
2026092814,maest,ambient_balanced,0.5,raw,47,118,0.13974561418700465,0.4389878775444871,0.0,-0.0006937885607858352,0,4,0
2026092814,maest,ambient_balanced,0.5,prior_offset,47,118,0.1333679043812847,0.4266393795818239,-0.006377709805719944,-0.0070714983665057796,0,4,0
2026092814,maest,ambient_balanced,0.5,temperature,47,118,0.14092635739939868,0.44321496050584874,0.001180743212394031,0.00048695465160819573,0,4,0
2026092814,maest,ambient_balanced,0.5,platt,47,118,0.1404394027477905,0.44016296836581015,0.0006937885607858352,0.0,0,4,0
2026092814,maest,ambient_balanced,0.5,beta,47,118,0.14240768283969937,0.4580195440613785,0.0026620686526947213,0.001968280091908886,0,4,2
2026092814,maest,ambient_balanced,0.5,isotonic,47,118,0.1514200324774062,1.378203688379487,0.011674418290401556,0.01098062972961572,0,4,0
2026092814,maest,ambient_balanced,0.5,ridge_platt,47,118,0.13388628660438756,0.4257750426470892,-0.005859327582617091,-0.006553116143402926,0,4,0
2026092814,maest,ambient_balanced,1.0,raw,94,228,0.13974561418700465,0.4389878775444871,0.0,0.00596560884153971,0,4,0
2026092814,maest,ambient_balanced,1.0,prior_offset,94,228,0.1333679043812847,0.4266393795818239,-0.006377709805719944,-0.00041210096418023423,0,4,0
2026092814,maest,ambient_balanced,1.0,temperature,94,228,0.14054447849292895,0.4406328456979334,0.0007988643059242961,0.006764473147464006,0,4,0
2026092814,maest,ambient_balanced,1.0,platt,94,228,0.13378000534546494,0.4240809419263004,-0.00596560884153971,0.0,0,4,0
2026092814,maest,ambient_balanced,1.0,beta,94,228,0.13467428928115496,0.42416908213807814,-0.005071324905849689,0.0008942839356900212,0,4,1
2026092814,maest,ambient_balanced,1.0,isotonic,94,228,0.13894941384142917,0.6553566383623509,-0.0007962003455754818,0.005169408495964228,0,4,0
2026092814,maest,ambient_balanced,1.0,ridge_platt,94,228,0.1331890547451143,0.4247186725697003,-0.006556559441890347,-0.0005909506003506371,0,4,0
2026092814,maest,unweighted,0.25,raw,24,60,0.13218612426642556,0.42130880503584334,0.0,-0.01542848605167424,0,4,0
2026092814,maest,unweighted,0.25,prior_offset,24,60,0.13218612426642556,0.42130880503584334,0.0,-0.01542848605167424,0,4,0
2026092814,maest,unweighted,0.25,temperature,24,60,0.13445577177278492,0.42929906275477053,0.002269647506359357,-0.013158838545314883,0,4,0
2026092814,maest,unweighted,0.25,platt,24,60,0.1476146103180998,0.4619702971917654,0.01542848605167424,0.0,0,4,0
2026092814,maest,unweighted,0.25,beta,24,60,0.1471224163474081,0.46741624170377466,0.014936292080982544,-0.0004921939706916956,0,4,1
2026092814,maest,unweighted,0.25,isotonic,24,60,0.15725851555703443,1.7952168305517076,0.02507239129060887,0.00964390523893463,0,4,0
2026092814,maest,unweighted,0.25,ridge_platt,24,60,0.1323176764804826,0.4219647583867724,0.0001315522140570291,-0.01529693383761721,0,4,0
2026092814,maest,unweighted,0.5,raw,47,118,0.13218612426642556,0.42130880503584334,0.0,-0.00757590269429026,0,4,0
2026092814,maest,unweighted,0.5,prior_offset,47,118,0.13218612426642556,0.42130880503584334,0.0,-0.00757590269429026,0,4,0
2026092814,maest,unweighted,0.5,temperature,47,118,0.1320098086613864,0.42017881513249716,-0.00017631560503916788,-0.0077522182993294275,0,4,0
2026092814,maest,unweighted,0.5,platt,47,118,0.13976202696071582,0.43799792267363724,0.00757590269429026,0.0,0,4,0
2026092814,maest,unweighted,0.5,beta,47,118,0.14155899648028375,0.45442650891727654,0.009372872213858185,0.0017969695195679258,0,4,3
2026092814,maest,unweighted,0.5,isotonic,47,118,0.1487841831302309,1.369797032577201,0.01659805886380533,0.009022156169515072,0,4,0
2026092814,maest,unweighted,0.5,ridge_platt,47,118,0.13218612426642556,0.42130880503584334,0.0,-0.00757590269429026,0,4,0
2026092814,maest,unweighted,1.0,raw,94,228,0.13218612426642556,0.42130880503584334,0.0,-0.0010200277996563756,0,4,0
2026092814,maest,unweighted,1.0,prior_offset,94,228,0.13218612426642556,0.42130880503584334,0.0,-0.0010200277996563756,0,4,0
2026092814,maest,unweighted,1.0,temperature,94,228,0.1326610835250036,0.42248336003492065,0.0004749592585780449,-0.0005450685410783307,0,4,0
2026092814,maest,unweighted,1.0,platt,94,228,0.13320615206608194,0.4222082752062861,0.0010200277996563756,0.0,0,4,0
2026092814,maest,unweighted,1.0,beta,94,228,0.1340748541218609,0.4223500820269334,0.0018887298554353393,0.0008687020557789638,0,4,2
2026092814,maest,unweighted,1.0,isotonic,94,228,0.13806002643180781,0.6833748224210685,0.00587390216538225,0.004853874365725874,0,4,0
2026092814,maest,unweighted,1.0,ridge_platt,94,228,0.1323018508430466,0.42185897257316973,0.00011572657662103913,-0.0009043012230353364,0,4,0
2026092814,mert_v0,ambient_balanced,0.25,raw,24,60,0.15304029132990937,0.4760717979277569,0.0,-0.0015720775105608487,0,4,0
2026092814,mert_v0,ambient_balanced,0.25,prior_offset,24,60,0.14295774954868998,0.45173060481181504,-0.010082541781219395,-0.011654619291780244,0,4,0
2026092814,mert_v0,ambient_balanced,0.25,temperature,24,60,0.1533446491042153,0.4730892538072072,0.00030435777430593003,-0.0012677197362549186,0,4,0
2026092814,mert_v0,ambient_balanced,0.25,platt,24,60,0.15461236884047022,0.479477935343516,0.0015720775105608487,0.0,0,4,0
2026092814,mert_v0,ambient_balanced,0.25,beta,24,60,0.15619893379802471,0.4916659151747029,0.0031586424681153413,0.0015865649575544927,0,4,2
2026092814,mert_v0,ambient_balanced,0.25,isotonic,24,60,0.16979192349493377,1.5112660574786931,0.0167516321650244,0.01517955465446355,0,4,0
2026092814,mert_v0,ambient_balanced,0.25,ridge_platt,24,60,0.14408360117348448,0.4544360930585257,-0.00895669015642489,-0.010528767666985739,0,4,0
2026092814,mert_v0,ambient_balanced,0.5,raw,47,118,0.15304029132990937,0.4760717979277569,0.0,0.007112940265285084,0,4,0
2026092814,mert_v0,ambient_balanced,0.5,prior_offset,47,118,0.14295774954868998,0.45173060481181504,-0.010082541781219395,-0.0029696015159343114,0,4,0
2026092814,mert_v0,ambient_balanced,0.5,temperature,47,118,0.1524751862987535,0.4759783631684204,-0.0005651050311558659,0.006547835234129218,0,4,0
2026092814,mert_v0,ambient_balanced,0.5,platt,47,118,0.1459273510646243,0.4599534963902955,-0.007112940265285084,0.0,0,4,0
2026092814,mert_v0,ambient_balanced,0.5,beta,47,118,0.14580769319336678,0.4698023794628339,-0.0072325981365425895,-0.00011965787125750582,0,4,3
2026092814,mert_v0,ambient_balanced,0.5,isotonic,47,118,0.1544864203762749,1.255053193349026,0.0014461290463655407,0.008559069311650624,0,4,0
2026092814,mert_v0,ambient_balanced,0.5,ridge_platt,47,118,0.14277379328781972,0.44930649747208096,-0.01026649804208965,-0.0031535577768045664,0,4,0
2026092814,mert_v0,ambient_balanced,1.0,raw,94,228,0.15304029132990937,0.4760717979277569,0.0,0.011169775676067306,0,4,0
2026092814,mert_v0,ambient_balanced,1.0,prior_offset,94,228,0.14295774954868998,0.45173060481181504,-0.010082541781219395,0.001087233894847911,0,4,0
2026092814,mert_v0,ambient_balanced,1.0,temperature,94,228,0.1524400637522535,0.4734862628386838,-0.0006002275776558763,0.01056954809841143,0,4,0
2026092814,mert_v0,ambient_balanced,1.0,platt,94,228,0.14187051565384207,0.4461576216014701,-0.011169775676067306,0.0,0,4,0
2026092814,mert_v0,ambient_balanced,1.0,beta,94,228,0.14298644470464494,0.44931114150254736,-0.010053846625264429,0.0011159290508028774,0,4,4
2026092814,mert_v0,ambient_balanced,1.0,isotonic,94,228,0.1454048004268595,0.827493445113414,-0.00763549090304988,0.0035342847730174265,0,4,0
2026092814,mert_v0,ambient_balanced,1.0,ridge_platt,94,228,0.14285196550148607,0.45095751084376146,-0.0101883258284233,0.0009814498476440059,0,4,0
2026092814,mert_v0,unweighted,0.25,raw,24,60,0.14268372009235006,0.45086701997917894,0.0,-0.011946321896135481,0,4,0
2026092814,mert_v0,unweighted,0.25,prior_offset,24,60,0.14268372009235006,0.45086701997917894,0.0,-0.011946321896135481,0,4,0
2026092814,mert_v0,unweighted,0.25,temperature,24,60,0.14311687437421053,0.44862740107811167,0.00043315428186047056,-0.01151316761427501,0,4,0
2026092814,mert_v0,unweighted,0.25,platt,24,60,0.15463004198848554,0.47972324453582754,0.011946321896135481,0.0,0,4,0
2026092814,mert_v0,unweighted,0.25,beta,24,60,0.15626411092925035,0.4921204801050411,0.013580390836900297,0.0016340689407648157,0,4,2
2026092814,mert_v0,unweighted,0.25,isotonic,24,60,0.16953976721153108,1.4801181178668643,0.02685604711918102,0.014909725223045539,0,4,0
2026092814,mert_v0,unweighted,0.25,ridge_platt,24,60,0.14366603920920484,0.4529975766251211,0.0009823191168547851,-0.010964002779280696,0,4,0
2026092814,mert_v0,unweighted,0.5,raw,47,118,0.14268372009235006,0.45086701997917894,0.0,-0.0033173943497175062,0,4,0
2026092814,mert_v0,unweighted,0.5,prior_offset,47,118,0.14268372009235006,0.45086701997917894,0.0,-0.0033173943497175062,0,4,0
2026092814,mert_v0,unweighted,0.5,temperature,47,118,0.14139240763751496,0.44843335953270846,-0.001291312454835103,-0.004608706804552609,0,4,0
2026092814,mert_v0,unweighted,0.5,platt,47,118,0.14600111444206756,0.46015691697888145,0.0033173943497175062,0.0,0,4,0
2026092814,mert_v0,unweighted,0.5,beta,47,118,0.14595752400614218,0.47009705018712855,0.003273803913792117,-4.359043592538914e-05,0,4,3
2026092814,mert_v0,unweighted,0.5,isotonic,47,118,0.15415705071367303,1.223159436301298,0.011473330621322969,0.008155936271605463,0,4,0
2026092814,mert_v0,unweighted,0.5,ridge_platt,47,118,0.14215794841759327,0.44846042510809986,-0.0005257716747567864,-0.0038431660244742927,0,4,0
2026092814,mert_v0,unweighted,1.0,raw,94,228,0.14268372009235006,0.45086701997917894,0.0,0.0007421281212728059,0,4,0
2026092814,mert_v0,unweighted,1.0,prior_offset,94,228,0.14268372009235006,0.45086701997917894,0.0,0.0007421281212728059,0,4,0
2026092814,mert_v0,unweighted,1.0,temperature,94,228,0.14196115805889797,0.4481239327242591,-0.0007225620334520844,1.9566087820721556e-05,0,4,0
2026092814,mert_v0,unweighted,1.0,platt,94,228,0.14194159197107725,0.4463565437413093,-0.0007421281212728059,0.0,0,4,0
2026092814,mert_v0,unweighted,1.0,beta,94,228,0.14308218376620815,0.4491603363788106,0.000398463673858096,0.001140591795130902,0,4,4
2026092814,mert_v0,unweighted,1.0,isotonic,94,228,0.14508071040072779,0.7962477787026706,0.0023969903083777278,0.0031391184296505337,0,4,0
2026092814,mert_v0,unweighted,1.0,ridge_platt,94,228,0.14252215617346478,0.4504042811284981,-0.00016156391888527688,0.000580564202387529,0,4,0
2026092814,mert_v1,ambient_balanced,0.25,raw,24,60,0.15444483102040105,0.47892877218728663,0.0,-0.001244267346317024,0,4,0
2026092814,mert_v1,ambient_balanced,0.25,prior_offset,24,60,0.14293520550543143,0.45123395475745176,-0.011509625514969618,-0.012753892861286642,0,4,0
2026092814,mert_v1,ambient_balanced,0.25,temperature,24,60,0.15556225501385307,0.4796753584557857,0.0011174239934520214,-0.0001268433528650026,0,4,0
2026092814,mert_v1,ambient_balanced,0.25,platt,24,60,0.15568909836671807,0.48621362340281815,0.001244267346317024,0.0,0,4,0
2026092814,mert_v1,ambient_balanced,0.25,beta,24,60,0.15588455503574503,0.4862987672498005,0.0014397240153439794,0.00019545666902695547,0,4,1
2026092814,mert_v1,ambient_balanced,0.25,isotonic,24,60,0.17346926486825257,1.9727652244916287,0.01902443384785152,0.017780166501534495,0,4,0
2026092814,mert_v1,ambient_balanced,0.25,ridge_platt,24,60,0.1430258477754514,0.4520205776336011,-0.011418983244949638,-0.012663250591266662,0,4,0
2026092814,mert_v1,ambient_balanced,0.5,raw,47,118,0.15444483102040105,0.47892877218728663,0.0,0.006174067331695093,0,4,0
2026092814,mert_v1,ambient_balanced,0.5,prior_offset,47,118,0.14293520550543143,0.45123395475745176,-0.011509625514969618,-0.005335558183274525,0,4,0
2026092814,mert_v1,ambient_balanced,0.5,temperature,47,118,0.1549702181541302,0.48321012837978766,0.0005253871337291549,0.006699454465424248,0,4,0
2026092814,mert_v1,ambient_balanced,0.5,platt,47,118,0.14827076368870595,0.47129521629602134,-0.006174067331695093,0.0,0,4,0
2026092814,mert_v1,ambient_balanced,0.5,beta,47,118,0.14898054067035668,0.4747107332910417,-0.005464290350044365,0.0007097769816507282,0,4,2
2026092814,mert_v1,ambient_balanced,0.5,isotonic,47,118,0.16232725165925913,1.5953433447601553,0.007882420638858079,0.014056487970553172,0,4,0
2026092814,mert_v1,ambient_balanced,0.5,ridge_platt,47,118,0.14793526195671314,0.46931671842425043,-0.006509569063687909,-0.0003355017319928155,0,4,0
2026092814,mert_v1,ambient_balanced,1.0,raw,94,228,0.15444483102040105,0.47892877218728663,0.0,0.012592913057614535,0,4,0
2026092814,mert_v1,ambient_balanced,1.0,prior_offset,94,228,0.14293520550543143,0.45123395475745176,-0.011509625514969618,0.0010832875426449173,0,4,0
2026092814,mert_v1,ambient_balanced,1.0,temperature,94,228,0.1538734700829823,0.4764624664473082,-0.0005713609374187467,0.012021552120195789,0,4,0
2026092814,mert_v1,ambient_balanced,1.0,platt,94,228,0.1418519179627865,0.44710450714222505,-0.012592913057614535,0.0,0,4,0
2026092814,mert_v1,ambient_balanced,1.0,beta,94,228,0.14316543877854135,0.45047960763385336,-0.011279392241859698,0.0013135208157548373,0,4,3
2026092814,mert_v1,ambient_balanced,1.0,isotonic,94,228,0.14706101691525336,0.7133138364871637,-0.007383814105147685,0.005209098952466851,0,4,0
2026092814,mert_v1,ambient_balanced,1.0,ridge_platt,94,228,0.14284360611958244,0.45079893835235013,-0.011601224900818607,0.000991688156795928,0,4,0
2026092814,mert_v1,unweighted,0.25,raw,24,60,0.1428715350259768,0.45126522002572406,0.0,-0.012932903920918032,0,4,0
2026092814,mert_v1,unweighted,0.25,prior_offset,24,60,0.1428715350259768,0.45126522002572406,0.0,-0.012932903920918032,0,4,0
2026092814,mert_v1,unweighted,0.25,temperature,24,60,0.14323363119790422,0.45074379115071866,0.00036209617192742294,-0.012570807748990609,0,4,0
2026092814,mert_v1,unweighted,0.25,platt,24,60,0.15580443894689483,0.4869032985589963,0.012932903920918032,0.0,0,4,0
2026092814,mert_v1,unweighted,0.25,beta,24,60,0.15608010616088888,0.4870726742834812,0.013208571134912084,0.0002756672139940519,0,4,1
2026092814,mert_v1,unweighted,0.25,isotonic,24,60,0.17344473067299804,1.9425507791672945,0.03057319564702124,0.017640291726103208,0,4,0
2026092814,mert_v1,unweighted,0.25,ridge_platt,24,60,0.14254323382447917,0.4502068726505273,-0.0003283012014976272,-0.013261205122415659,0,4,0
2026092814,mert_v1,unweighted,0.5,raw,47,118,0.1428715350259768,0.45126522002572406,0.0,-0.005561377270636714,0,4,0
2026092814,mert_v1,unweighted,0.5,prior_offset,47,118,0.1428715350259768,0.45126522002572406,0.0,-0.005561377270636714,0,4,0
2026092814,mert_v1,unweighted,0.5,temperature,47,118,0.1427326857810554,0.4541121123885678,-0.00013884924492138517,-0.005700226515558099,0,4,0
2026092814,mert_v1,unweighted,0.5,platt,47,118,0.1484329122966135,0.4719632814486169,0.005561377270636714,0.0,0,4,0
2026092814,mert_v1,unweighted,0.5,beta,47,118,0.14898783531391632,0.47504101306899355,0.0061163002879395245,0.0005549230173028108,0,4,2
2026092814,mert_v1,unweighted,0.5,isotonic,47,118,0.16189280199582062,1.5932601557883246,0.019021266969843825,0.013459889699207112,0,4,0
2026092814,mert_v1,unweighted,0.5,ridge_platt,47,118,0.1474541384463867,0.4689507901095297,0.004582603420409892,-0.0009787738502268217,0,4,0
2026092814,mert_v1,unweighted,1.0,raw,94,228,0.1428715350259768,0.45126522002572406,0.0,0.000898276342201132,0,4,0
2026092814,mert_v1,unweighted,1.0,prior_offset,94,228,0.1428715350259768,0.45126522002572406,0.0,0.000898276342201132,0,4,0
2026092814,mert_v1,unweighted,1.0,temperature,94,228,0.14257941445958466,0.4508009716854285,-0.00029212056639213446,0.0006061557758089975,0,4,0
2026092814,mert_v1,unweighted,1.0,platt,94,228,0.14197325868377567,0.44773173543736544,-0.000898276342201132,0.0,0,4,0
2026092814,mert_v1,unweighted,1.0,beta,94,228,0.14317338547986863,0.45061238504625156,0.0003018504538918332,0.0012001267960929651,0,4,3
2026092814,mert_v1,unweighted,1.0,isotonic,94,228,0.14593643109353646,0.7390336094430136,0.0030648960675596637,0.003963172409760796,0,4,0
2026092814,mert_v1,unweighted,1.0,ridge_platt,94,228,0.14270020863823574,0.4507641287820427,-0.0001713263877410609,0.000726949954460071,0,4,0
2026092815,maest,ambient_balanced,0.25,raw,24,57,0.13947986336280593,0.4362476899184021,0.0,0.006697859092700875,0,4,0
2026092815,maest,ambient_balanced,0.25,prior_offset,24,57,0.1327892949110702,0.41776132042347686,-0.00669056845173574,7.290640965135209e-06,0,4,0
2026092815,maest,ambient_balanced,0.25,temperature,24,57,0.14268630502282995,0.4538934955370433,0.003206441660024012,0.009904300752724887,0,4,0
2026092815,maest,ambient_balanced,0.25,platt,24,57,0.13278200427010506,0.42660710189375783,-0.006697859092700875,0.0,0,4,0
2026092815,maest,ambient_balanced,0.25,beta,24,57,0.13395693861308722,0.43580222760712195,-0.005522924749718716,0.001174934342982159,0,4,3
2026092815,maest,ambient_balanced,0.25,isotonic,24,57,0.1428857126027326,1.0734845696813466,0.003405849239926678,0.010103708332627553,0,4,0
2026092815,maest,ambient_balanced,0.25,ridge_platt,24,57,0.13544491858755753,0.4238106426180072,-0.004034944775248406,0.0026629143174524694,0,4,0
2026092815,maest,ambient_balanced,0.5,raw,47,115,0.13947986336280593,0.4362476899184021,0.0,0.002851131717293426,0,4,0
2026092815,maest,ambient_balanced,0.5,prior_offset,47,115,0.1327892949110702,0.41776132042347686,-0.00669056845173574,-0.003839436734442314,0,4,0
2026092815,maest,ambient_balanced,0.5,temperature,47,115,0.1410347906662411,0.4403622134188625,0.0015549273034351774,0.004406059020728603,0,4,0
2026092815,maest,ambient_balanced,0.5,platt,47,115,0.1366287316455125,0.42991160702308445,-0.002851131717293426,0.0,0,4,0
2026092815,maest,ambient_balanced,0.5,beta,47,115,0.1368246897360096,0.42970109340685597,-0.00265517362679632,0.00019595809049710589,0,4,1
2026092815,maest,ambient_balanced,0.5,isotonic,47,115,0.14047046469228833,0.9892855932051756,0.0009906013294823934,0.0038417330467758193,0,4,0
2026092815,maest,ambient_balanced,0.5,ridge_platt,47,115,0.1343427137426509,0.42411236610831554,-0.005137149620155046,-0.00228601790286162,0,4,0
2026092815,maest,ambient_balanced,1.0,raw,94,246,0.13947986336280593,0.4362476899184021,0.0,0.007933125762480925,0,4,0
2026092815,maest,ambient_balanced,1.0,prior_offset,94,246,0.1327892949110702,0.41776132042347686,-0.00669056845173574,0.0012425573107451848,0,4,0
2026092815,maest,ambient_balanced,1.0,temperature,94,246,0.14033420631021562,0.43776500571904997,0.0008543429474096864,0.008787468709890611,0,4,0
2026092815,maest,ambient_balanced,1.0,platt,94,246,0.131546737600325,0.41344155538937766,-0.007933125762480925,0.0,0,4,0
2026092815,maest,ambient_balanced,1.0,beta,94,246,0.13005036961896646,0.410706250540662,-0.009429493743839473,-0.0014963679813585484,0,4,0
2026092815,maest,ambient_balanced,1.0,isotonic,94,246,0.13426640777611992,0.696883194200517,-0.005213455586686011,0.0027196701757949138,0,4,0
2026092815,maest,ambient_balanced,1.0,ridge_platt,94,246,0.13051796883433142,0.4104744364924847,-0.008961894528474512,-0.0010287687659935874,0,4,0
2026092815,maest,unweighted,0.25,raw,24,57,0.13262526651039602,0.4161419312800613,0.0,-0.0004732124708571872,0,4,0
2026092815,maest,unweighted,0.25,prior_offset,24,57,0.13262526651039602,0.4161419312800613,0.0,-0.0004732124708571872,0,4,0
2026092815,maest,unweighted,0.25,temperature,24,57,0.1347618113716812,0.43059576876690975,0.0021365448612851723,0.001663332390427985,0,4,0
2026092815,maest,unweighted,0.25,platt,24,57,0.1330984789812532,0.42754664377683277,0.0004732124708571872,0.0,0,4,0
2026092815,maest,unweighted,0.25,beta,24,57,0.1348705026032336,0.43827402732545284,0.0022452360928375825,0.0017720236219803953,0,4,3
2026092815,maest,unweighted,0.25,isotonic,24,57,0.14304363000577322,1.1094427278167611,0.010418363495377198,0.00994515102452001,0,4,0
2026092815,maest,unweighted,0.25,ridge_platt,24,57,0.13284290596217108,0.4168425198462905,0.0002176394517750535,-0.0002555730190821337,0,4,0
2026092815,maest,unweighted,0.5,raw,47,115,0.13262526651039602,0.4161419312800613,0.0,-0.004560183448779287,0,4,0
2026092815,maest,unweighted,0.5,prior_offset,47,115,0.13262526651039602,0.4161419312800613,0.0,-0.004560183448779287,0,4,0
2026092815,maest,unweighted,0.5,temperature,47,115,0.13403125385814763,0.4193294920530939,0.0014059873477516027,-0.0031541961010276842,0,4,0
2026092815,maest,unweighted,0.5,platt,47,115,0.1371854499591753,0.4316507384999556,0.004560183448779287,0.0,0,4,0
2026092815,maest,unweighted,0.5,beta,47,115,0.13750938193116802,0.431770154127782,0.004884115420771995,0.00032393197199270807,0,4,1
2026092815,maest,unweighted,0.5,isotonic,47,115,0.14032302648609674,0.9900520209575703,0.007697759975700713,0.003137576526921426,0,4,0
2026092815,maest,unweighted,0.5,ridge_platt,47,115,0.13504022193378432,0.4264564898981228,0.002414955423388293,-0.002145228025390994,0,4,0
2026092815,maest,unweighted,1.0,raw,94,246,0.13262526651039602,0.4161419312800613,0.0,0.0005964375492451823,0,4,0
2026092815,maest,unweighted,1.0,prior_offset,94,246,0.13262526651039602,0.4161419312800613,0.0,0.0005964375492451823,0,4,0
2026092815,maest,unweighted,1.0,temperature,94,246,0.13294685760587385,0.4164138789111853,0.00032159109547783005,0.0009180286447230124,0,4,0
2026092815,maest,unweighted,1.0,platt,94,246,0.13202882896115084,0.41478399590341475,-0.0005964375492451823,0.0,0,4,0
2026092815,maest,unweighted,1.0,beta,94,246,0.13101183649842935,0.4131111765471744,-0.0016134300119666767,-0.0010169924627214944,0,4,1
2026092815,maest,unweighted,1.0,isotonic,94,246,0.13533611901186426,0.7348543603828429,0.0027108525014682416,0.003307290050713424,0,4,0
2026092815,maest,unweighted,1.0,ridge_platt,94,246,0.1325007058064657,0.4156962846825222,-0.00012456070393032648,0.00047187684531485585,0,4,0
2026092815,mert_v0,ambient_balanced,0.25,raw,24,57,0.15131156963259348,0.4680527276164599,0.0,0.009723457681174386,0,4,0
2026092815,mert_v0,ambient_balanced,0.25,prior_offset,24,57,0.14046994193904958,0.44086678173668065,-0.01084162769354391,-0.0011181700123695237,0,4,0
2026092815,mert_v0,ambient_balanced,0.25,temperature,24,57,0.15289467758149217,0.4714378425656016,0.0015831079488986821,0.011306565630073068,0,4,0
2026092815,mert_v0,ambient_balanced,0.25,platt,24,57,0.1415881119514191,0.4472859927981139,-0.009723457681174386,0.0,0,4,0
2026092815,mert_v0,ambient_balanced,0.25,beta,24,57,0.14210247028727602,0.47323965224940806,-0.009209099345317467,0.0005143583358569181,0,4,4
2026092815,mert_v0,ambient_balanced,0.25,isotonic,24,57,0.14792060118641057,0.9219663342954407,-0.003390968446182918,0.006332489234991467,0,4,0
2026092815,mert_v0,ambient_balanced,0.25,ridge_platt,24,57,0.13937078874881118,0.43911813484237616,-0.01194078088378231,-0.0022173232026079237,0,4,0
2026092815,mert_v0,ambient_balanced,0.5,raw,47,115,0.15131156963259348,0.4680527276164599,0.0,0.005984769828465547,0,4,0
2026092815,mert_v0,ambient_balanced,0.5,prior_offset,47,115,0.14046994193904958,0.44086678173668065,-0.01084162769354391,-0.004856857865078362,0,4,0
2026092815,mert_v0,ambient_balanced,0.5,temperature,47,115,0.15170564416741814,0.46614691940654107,0.00039407453482465105,0.006378844363290198,0,4,0
2026092815,mert_v0,ambient_balanced,0.5,platt,47,115,0.14532679980412794,0.45037629112412936,-0.005984769828465547,0.0,0,4,0
2026092815,mert_v0,ambient_balanced,0.5,beta,47,115,0.14377074752708213,0.45853376568414184,-0.007540822105511352,-0.0015560522770458052,0,4,3
2026092815,mert_v0,ambient_balanced,0.5,isotonic,47,115,0.15106568907823495,1.0545458402510774,-0.0002458805543585352,0.005738889274107012,0,4,0
2026092815,mert_v0,ambient_balanced,0.5,ridge_platt,47,115,0.1413335624151957,0.4408115413948031,-0.009978007217397777,-0.00399323738893223,0,4,0
2026092815,mert_v0,ambient_balanced,1.0,raw,94,246,0.15131156963259348,0.4680527276164599,0.0,0.012358601660886842,0,4,0
2026092815,mert_v0,ambient_balanced,1.0,prior_offset,94,246,0.14046994193904958,0.44086678173668065,-0.01084162769354391,0.0015169739673429328,0,4,0
2026092815,mert_v0,ambient_balanced,1.0,temperature,94,246,0.15082634798489275,0.4641654866649005,-0.0004852216477007343,0.011873380013186108,0,4,0
2026092815,mert_v0,ambient_balanced,1.0,platt,94,246,0.13895296797170664,0.4348323522323915,-0.012358601660886842,0.0,0,4,0
2026092815,mert_v0,ambient_balanced,1.0,beta,94,246,0.13875225879350897,0.44337624792856856,-0.012559310839084514,-0.0002007091781976722,0,4,2
2026092815,mert_v0,ambient_balanced,1.0,isotonic,94,246,0.13895187063827663,0.6751315071584891,-0.012359698994316853,-1.0973334300112825e-06,0,4,0
2026092815,mert_v0,ambient_balanced,1.0,ridge_platt,94,246,0.1391110178072875,0.4357030892370027,-0.012200551825305994,0.00015804983558084795,0,4,0
2026092815,mert_v0,unweighted,0.25,raw,24,57,0.14081247359482388,0.441951107082338,0.0,-0.0011230071668121844,0,4,0
2026092815,mert_v0,unweighted,0.25,prior_offset,24,57,0.14081247359482388,0.441951107082338,0.0,-0.0011230071668121844,0,4,0
2026092815,mert_v0,unweighted,0.25,temperature,24,57,0.14205595168863697,0.444442193882572,0.0012434780938130885,0.00012047092700090412,0,4,0
2026092815,mert_v0,unweighted,0.25,platt,24,57,0.14193548076163606,0.4488053504890983,0.0011230071668121844,0.0,0,4,0
2026092815,mert_v0,unweighted,0.25,beta,24,57,0.14285511834497444,0.47609812114975286,0.002042644750150563,0.0009196375833383785,0,4,4
2026092815,mert_v0,unweighted,0.25,isotonic,24,57,0.1491021318747283,0.9951191060654793,0.00828965827990441,0.007166651113092226,0,4,0
2026092815,mert_v0,unweighted,0.25,ridge_platt,24,57,0.14075931077134093,0.44244176707905103,-5.316282348294399e-05,-0.0011761699902951284,0,4,0
2026092815,mert_v0,unweighted,0.5,raw,47,115,0.14081247359482388,0.441951107082338,0.0,-0.0050098397253467986,0,4,0
2026092815,mert_v0,unweighted,0.5,prior_offset,47,115,0.14081247359482388,0.441951107082338,0.0,-0.0050098397253467986,0,4,0
2026092815,mert_v0,unweighted,0.5,temperature,47,115,0.14121616048515914,0.44019518914253725,0.00040368689033526417,-0.004606152835011534,0,4,0
2026092815,mert_v0,unweighted,0.5,platt,47,115,0.14582231332017068,0.45244154181059926,0.0050098397253467986,0.0,0,4,0
2026092815,mert_v0,unweighted,0.5,beta,47,115,0.1448126040335789,0.4619987536458907,0.004000130438755023,-0.0010097092865917756,0,4,3
2026092815,mert_v0,unweighted,0.5,isotonic,47,115,0.15065225042054575,1.0869549539029792,0.009839776825721874,0.004829937100375076,0,4,0
2026092815,mert_v0,unweighted,0.5,ridge_platt,47,115,0.14138441747240593,0.4419168464281971,0.000571943877582054,-0.0044378958477647446,0,4,0
2026092815,mert_v0,unweighted,1.0,raw,94,246,0.14081247359482388,0.441951107082338,0.0,0.00141208646413013,0,4,0
2026092815,mert_v0,unweighted,1.0,prior_offset,94,246,0.14081247359482388,0.441951107082338,0.0,0.00141208646413013,0,4,0
2026092815,mert_v0,unweighted,1.0,temperature,94,246,0.14013004238776033,0.43761171276116323,-0.0006824312070635441,0.000729655257066586,0,4,0
2026092815,mert_v0,unweighted,1.0,platt,94,246,0.13940038713069375,0.4365545977898901,-0.00141208646413013,0.0,0,4,0
2026092815,mert_v0,unweighted,1.0,beta,94,246,0.1396376238239651,0.4464111988227051,-0.0011748497708587713,0.00023723669327135877,0,4,2
2026092815,mert_v0,unweighted,1.0,isotonic,94,246,0.13959688054591834,0.6445969864613545,-0.0012155930489055333,0.00019649341522459673,0,4,0
2026092815,mert_v0,unweighted,1.0,ridge_platt,94,246,0.14005653050475736,0.4383643040950517,-0.0007559430900665187,0.0006561433740636113,0,4,0
2026092815,mert_v1,ambient_balanced,0.25,raw,24,57,0.1506441676537454,0.4682289107946979,0.0,0.009835823683771977,0,4,0
2026092815,mert_v1,ambient_balanced,0.25,prior_offset,24,57,0.1394611373821961,0.4393559126525431,-0.011183030271549294,-0.0013472065877773165,0,4,0
2026092815,mert_v1,ambient_balanced,0.25,temperature,24,57,0.1513050718799668,0.47113012666847215,0.0006609042262214204,0.010496727909993397,0,4,0
2026092815,mert_v1,ambient_balanced,0.25,platt,24,57,0.1408083439699734,0.45558259274543156,-0.009835823683771977,0.0,0,4,0
2026092815,mert_v1,ambient_balanced,0.25,beta,24,57,0.14085243875519987,0.48097343861901043,-0.009791728898545515,4.409478522646171e-05,0,4,3
2026092815,mert_v1,ambient_balanced,0.25,isotonic,24,57,0.15459207751718262,1.2494249117024399,0.003947909863437238,0.013783733547209215,0,4,0
2026092815,mert_v1,ambient_balanced,0.25,ridge_platt,24,57,0.14329193106226432,0.4560000432910496,-0.0073522365914810706,0.0024835870922909065,0,4,0
2026092815,mert_v1,ambient_balanced,0.5,raw,47,115,0.1506441676537454,0.4682289107946979,0.0,0.008840356032205982,0,4,0
2026092815,mert_v1,ambient_balanced,0.5,prior_offset,47,115,0.1394611373821961,0.4393559126525431,-0.011183030271549294,-0.002342674239343312,0,4,0
2026092815,mert_v1,ambient_balanced,0.5,temperature,47,115,0.15075392396153744,0.46648485468770307,0.00010975630779205825,0.00895011233999804,0,4,0
2026092815,mert_v1,ambient_balanced,0.5,platt,47,115,0.1418038116215394,0.4442777280306699,-0.008840356032205982,0.0,0,4,0
2026092815,mert_v1,ambient_balanced,0.5,beta,47,115,0.14089331685918197,0.4497861309690351,-0.00975085079456342,-0.0009104947623574389,0,4,1
2026092815,mert_v1,ambient_balanced,0.5,isotonic,47,115,0.14883712354682643,1.1174071754298454,-0.0018070441069189536,0.007033311925287028,0,4,0
2026092815,mert_v1,ambient_balanced,0.5,ridge_platt,47,115,0.1393548123337217,0.4372560511216383,-0.011289355320023675,-0.0024489992878176936,0,4,0
2026092815,mert_v1,ambient_balanced,1.0,raw,94,246,0.1506441676537454,0.4682289107946979,0.0,0.013504636350466698,0,4,0
2026092815,mert_v1,ambient_balanced,1.0,prior_offset,94,246,0.1394611373821961,0.4393559126525431,-0.011183030271549294,0.0023216060789174042,0,4,0
2026092815,mert_v1,ambient_balanced,1.0,temperature,94,246,0.1493679548369871,0.46229118532673286,-0.0012762128167582987,0.012228423533708399,0,4,0
2026092815,mert_v1,ambient_balanced,1.0,platt,94,246,0.1371395313032787,0.43153985245755666,-0.013504636350466698,0.0,0,4,0
2026092815,mert_v1,ambient_balanced,1.0,beta,94,246,0.13641913900812094,0.4332271071004286,-0.014225028645624443,-0.0007203922951577457,0,4,2
2026092815,mert_v1,ambient_balanced,1.0,isotonic,94,246,0.14249109932222684,0.8600598523291794,-0.008153068331518548,0.00535156801894815,0,4,0
2026092815,mert_v1,ambient_balanced,1.0,ridge_platt,94,246,0.13794799337907826,0.43494631107943765,-0.012696174274667127,0.0008084620757995709,0,4,0
2026092815,mert_v1,unweighted,0.25,raw,24,57,0.13974253334924108,0.4406328008105079,0.0,-0.0014437571304709296,0,4,0
2026092815,mert_v1,unweighted,0.25,prior_offset,24,57,0.13974253334924108,0.4406328008105079,0.0,-0.0014437571304709296,0,4,0
2026092815,mert_v1,unweighted,0.25,temperature,24,57,0.1402398587303054,0.4431111258543751,0.0004973253810643119,-0.0009464317494066177,0,4,0
2026092815,mert_v1,unweighted,0.25,platt,24,57,0.141186290479712,0.4571727829000779,0.0014437571304709296,0.0,0,4,0
2026092815,mert_v1,unweighted,0.25,beta,24,57,0.1416683984842361,0.48388335930888937,0.001925865134995014,0.0004821080045240844,0,4,3
2026092815,mert_v1,unweighted,0.25,isotonic,24,57,0.15462302799365088,1.2152198397323066,0.014880494644409797,0.013436737513938868,0,4,0
2026092815,mert_v1,unweighted,0.25,ridge_platt,24,57,0.14021548410089948,0.4487634117820584,0.00047295075165840195,-0.0009708063788125276,0,4,0
2026092815,mert_v1,unweighted,0.5,raw,47,115,0.13974253334924108,0.4406328008105079,0.0,-0.0026953982196135096,0,4,0
2026092815,mert_v1,unweighted,0.5,prior_offset,47,115,0.13974253334924108,0.4406328008105079,0.0,-0.0026953982196135096,0,4,0
2026092815,mert_v1,unweighted,0.5,temperature,47,115,0.14020428362689522,0.43992710642877214,0.0004617502776541327,-0.002233647941959377,0,4,0
2026092815,mert_v1,unweighted,0.5,platt,47,115,0.1424379315688546,0.44663778038537055,0.0026953982196135096,0.0,0,4,0
2026092815,mert_v1,unweighted,0.5,beta,47,115,0.14199300852562496,0.45339264451673533,0.0022504751763838815,-0.00044492304322962806,0,4,2
2026092815,mert_v1,unweighted,0.5,isotonic,47,115,0.14929122148985027,1.1199521196038043,0.00954868814060919,0.006853289920995681,0,4,0
2026092815,mert_v1,unweighted,0.5,ridge_platt,47,115,0.13951472490035252,0.43859139474503506,-0.00022780844888856122,-0.0029232066685020708,0,4,0
2026092815,mert_v1,unweighted,1.0,raw,94,246,0.13974253334924108,0.4406328008105079,0.0,0.002130466278197962,0,4,0
2026092815,mert_v1,unweighted,1.0,prior_offset,94,246,0.13974253334924108,0.4406328008105079,0.0,0.002130466278197962,0,4,0
2026092815,mert_v1,unweighted,1.0,temperature,94,246,0.13837628723688344,0.4346558467868473,-0.0013662461123576386,0.0007642201658403236,0,4,0
2026092815,mert_v1,unweighted,1.0,platt,94,246,0.13761206707104312,0.43321443691617095,-0.002130466278197962,0.0,0,4,0
2026092815,mert_v1,unweighted,1.0,beta,94,246,0.13734157530878702,0.4363543571612097,-0.0024009580404540654,-0.00027049176225610316,0,4,2
2026092815,mert_v1,unweighted,1.0,isotonic,94,246,0.14314034862372824,0.7930768705891481,0.0033978152744871537,0.005528281552685116,0,4,0
2026092815,mert_v1,unweighted,1.0,ridge_platt,94,246,0.13900087155280028,0.4374980997438112,-0.0007416617964408068,0.0013888044817571554,0,4,0
2026092816,maest,ambient_balanced,0.25,raw,24,62,0.13927856474249856,0.43255662564990943,0.0,-0.0020523596066253647,0,4,0
2026092816,maest,ambient_balanced,0.25,prior_offset,24,62,0.12565009907011096,0.3989970574934786,-0.013628465672387596,-0.01568082527901296,0,4,0
2026092816,maest,ambient_balanced,0.25,temperature,24,62,0.14831851846178537,0.4593756777058337,0.009039953719286814,0.006987594112661449,0,4,0
2026092816,maest,ambient_balanced,0.25,platt,24,62,0.14133092434912392,0.4494941653221525,0.0020523596066253647,0.0,0,4,0
2026092816,maest,ambient_balanced,0.25,beta,24,62,0.13972296683331956,0.45023147378935857,0.000444402090821,-0.0016079575158043646,0,4,2
2026092816,maest,ambient_balanced,0.25,isotonic,24,62,0.14718991621559502,2.1460616505091252,0.007911351473096462,0.005858991866471097,0,4,0
2026092816,maest,ambient_balanced,0.25,ridge_platt,24,62,0.13008397035309796,0.41507800186023575,-0.009194594389400595,-0.01124695399602596,0,4,0
2026092816,maest,ambient_balanced,0.5,raw,47,122,0.13927856474249856,0.43255662564990943,0.0,0.008734823762381883,0,4,0
2026092816,maest,ambient_balanced,0.5,prior_offset,47,122,0.12565009907011096,0.3989970574934786,-0.013628465672387596,-0.004893641910005714,0,4,0
2026092816,maest,ambient_balanced,0.5,temperature,47,122,0.1435965918015099,0.4458804779627332,0.004318027059011353,0.013052850821393236,0,4,0
2026092816,maest,ambient_balanced,0.5,platt,47,122,0.13054374098011667,0.4141877693074131,-0.008734823762381883,0.0,0,4,0
2026092816,maest,ambient_balanced,0.5,beta,47,122,0.1298989558361767,0.4149069933065596,-0.009379608906321862,-0.0006447851439399799,0,4,2
2026092816,maest,ambient_balanced,0.5,isotonic,47,122,0.13395801218739897,0.8548690998359612,-0.005320552555099584,0.003414271207282299,0,4,0
2026092816,maest,ambient_balanced,0.5,ridge_platt,47,122,0.13046447320175486,0.41105201366252875,-0.008814091540743696,-7.926777836181342e-05,0,4,0
2026092816,maest,ambient_balanced,1.0,raw,94,234,0.13927856474249856,0.43255662564990943,0.0,0.012095460649829332,0,4,0
2026092816,maest,ambient_balanced,1.0,prior_offset,94,234,0.12565009907011096,0.3989970574934786,-0.013628465672387596,-0.0015330050225582648,0,4,0
2026092816,maest,ambient_balanced,1.0,temperature,94,234,0.14052182704684568,0.43567399094755116,0.0012432623043471258,0.013338722954176457,0,4,0
2026092816,maest,ambient_balanced,1.0,platt,94,234,0.12718310409266922,0.4022749884608412,-0.012095460649829332,0.0,0,4,0
2026092816,maest,ambient_balanced,1.0,beta,94,234,0.1275775181099054,0.40354088393422793,-0.011701046632593165,0.00039441401723616654,0,4,1
2026092816,maest,ambient_balanced,1.0,isotonic,94,234,0.12969128090415527,0.5605609472190736,-0.009587283838343286,0.002508176811486046,0,4,0
2026092816,maest,ambient_balanced,1.0,ridge_platt,94,234,0.12546982065645584,0.39735249237405024,-0.013808744086042712,-0.0017132834362133809,0,4,0
2026092816,maest,unweighted,0.25,raw,24,62,0.12577019503101403,0.3986440379056687,0.0,-0.01565001932849186,0,4,0
2026092816,maest,unweighted,0.25,prior_offset,24,62,0.12577019503101403,0.3986440379056687,0.0,-0.01565001932849186,0,4,0
2026092816,maest,unweighted,0.25,temperature,24,62,0.1325362293478293,0.4200330767547324,0.0067660343168152726,-0.008883985011676587,0,4,0
2026092816,maest,unweighted,0.25,platt,24,62,0.14142021435950589,0.4492788823785244,0.01565001932849186,0.0,0,4,0
2026092816,maest,unweighted,0.25,beta,24,62,0.13995249289202252,0.4452685169346989,0.014182297861008497,-0.0014677214674833627,0,4,2
2026092816,maest,unweighted,0.25,isotonic,24,62,0.14740920417379244,2.1166372350185005,0.021639009142778415,0.005988989814286555,0,4,0
2026092816,maest,unweighted,0.25,ridge_platt,24,62,0.13050819693131324,0.41689597574336584,0.004738001900299216,-0.010912017428192644,0,4,0
2026092816,maest,unweighted,0.5,raw,47,122,0.12577019503101403,0.3986440379056687,0.0,-0.004606734254874151,0,4,0
2026092816,maest,unweighted,0.5,prior_offset,47,122,0.12577019503101403,0.3986440379056687,0.0,-0.004606734254874151,0,4,0
2026092816,maest,unweighted,0.5,temperature,47,122,0.13069379917559096,0.41471281033493324,0.004923604144576932,0.00031686988970278107,0,4,0
2026092816,maest,unweighted,0.5,platt,47,122,0.13037692928588818,0.413745296345735,0.004606734254874151,0.0,0,4,0
2026092816,maest,unweighted,0.5,beta,47,122,0.12951980192430249,0.41356840304104875,0.0037496068932884596,-0.0008571273615856911,0,4,2
2026092816,maest,unweighted,0.5,isotonic,47,122,0.13473274280550762,0.8562247228668208,0.008962547774493596,0.004355813519619445,0,4,0
2026092816,maest,unweighted,0.5,ridge_platt,47,122,0.12577019503101403,0.3986440379056687,0.0,-0.004606734254874151,0,4,0
2026092816,maest,unweighted,1.0,raw,94,234,0.12577019503101403,0.3986440379056687,0.0,-0.0012848457468924435,0,4,0
2026092816,maest,unweighted,1.0,prior_offset,94,234,0.12577019503101403,0.3986440379056687,0.0,-0.0012848457468924435,0,4,0
2026092816,maest,unweighted,1.0,temperature,94,234,0.12742303448547282,0.4033578680233795,0.0016528394544587932,0.00036799370756634975,0,4,0
2026092816,maest,unweighted,1.0,platt,94,234,0.12705504077790647,0.4018778508938736,0.0012848457468924435,0.0,0,4,0
2026092816,maest,unweighted,1.0,beta,94,234,0.12740733017651748,0.40220677386109394,0.0016371351455034544,0.00035228939861101094,0,4,1
2026092816,maest,unweighted,1.0,isotonic,94,234,0.1291251696835843,0.5591537972715716,0.003354974652570286,0.0020701289056778427,0,4,0
2026092816,maest,unweighted,1.0,ridge_platt,94,234,0.1251811307060392,0.39636244020660766,-0.0005890643249748251,-0.0018739100718672685,0,4,0
2026092816,mert_v0,ambient_balanced,0.25,raw,24,62,0.15600803366124588,0.4790004666718601,0.0,0.007210046332640385,0,4,0
2026092816,mert_v0,ambient_balanced,0.25,prior_offset,24,62,0.14124854766754816,0.44141211058158675,-0.014759485993697724,-0.007549439661057339,0,4,0
2026092816,mert_v0,ambient_balanced,0.25,temperature,24,62,0.16700912712849567,0.5079860167457059,0.011001093467249784,0.01821113979989017,0,4,0
2026092816,mert_v0,ambient_balanced,0.25,platt,24,62,0.1487979873286055,0.47192796519283986,-0.007210046332640385,0.0,0,4,0
2026092816,mert_v0,ambient_balanced,0.25,beta,24,62,0.1468705413871473,0.4705732369718163,-0.009137492274098574,-0.001927445941458189,0,4,2
2026092816,mert_v0,ambient_balanced,0.25,isotonic,24,62,0.14791625124189242,1.4595660321312334,-0.00809178241935346,-0.0008817360867130752,0,4,0
2026092816,mert_v0,ambient_balanced,0.25,ridge_platt,24,62,0.14414712521464773,0.4568869112503079,-0.01186090844659815,-0.0046508621139577655,0,4,0
2026092816,mert_v0,ambient_balanced,0.5,raw,47,122,0.15600803366124588,0.4790004666718601,0.0,0.012857745020970812,0,4,0
2026092816,mert_v0,ambient_balanced,0.5,prior_offset,47,122,0.14124854766754816,0.44141211058158675,-0.014759485993697724,-0.001901740972726912,0,4,0
2026092816,mert_v0,ambient_balanced,0.5,temperature,47,122,0.1599069728841497,0.4883986856003416,0.0038989392229038244,0.016756684243874637,0,4,0
2026092816,mert_v0,ambient_balanced,0.5,platt,47,122,0.14315028864027507,0.44882590365377006,-0.012857745020970812,0.0,0,4,0
2026092816,mert_v0,ambient_balanced,0.5,beta,47,122,0.14034373509205544,0.44472420860662654,-0.015664298569190438,-0.0028065535482196258,0,4,3
2026092816,mert_v0,ambient_balanced,0.5,isotonic,47,122,0.14272307361290643,0.6910339442339654,-0.013284960048339456,-0.0004272150273686437,0,4,0
2026092816,mert_v0,ambient_balanced,0.5,ridge_platt,47,122,0.14602450989971255,0.45487828683683496,-0.00998352376153333,0.0028742212594374816,0,4,0
2026092816,mert_v0,ambient_balanced,1.0,raw,94,234,0.15600803366124588,0.4790004666718601,0.0,0.015193884097958271,0,4,0
2026092816,mert_v0,ambient_balanced,1.0,prior_offset,94,234,0.14124854766754816,0.44141211058158675,-0.014759485993697724,0.00043439810426054715,0,4,0
2026092816,mert_v0,ambient_balanced,1.0,temperature,94,234,0.15829475607500165,0.4837285428470771,0.0022867224137557707,0.017480606511714042,0,4,0
2026092816,mert_v0,ambient_balanced,1.0,platt,94,234,0.1408141495632876,0.44121206781877786,-0.015193884097958271,0.0,0,4,0
2026092816,mert_v0,ambient_balanced,1.0,beta,94,234,0.14040247372351938,0.43897516982611645,-0.015605559937726499,-0.0004116758397682274,0,4,1
2026092816,mert_v0,ambient_balanced,1.0,isotonic,94,234,0.14093682413320663,0.6557715632761185,-0.015071209528039253,0.00012267456991901793,0,4,0
2026092816,mert_v0,ambient_balanced,1.0,ridge_platt,94,234,0.14100448467674057,0.44053865884128135,-0.015003548984505316,0.00019033511345295517,0,4,0
2026092816,mert_v0,unweighted,0.25,raw,24,62,0.14077913473767262,0.44036738635640194,0.0,-0.007994859257911796,0,4,0
2026092816,mert_v0,unweighted,0.25,prior_offset,24,62,0.14077913473767262,0.44036738635640194,0.0,-0.007994859257911796,0,4,0
2026092816,mert_v0,unweighted,0.25,temperature,24,62,0.14860596955099192,0.46394297381162,0.007826834813319306,-0.00016802444459249055,0,4,0
2026092816,mert_v0,unweighted,0.25,platt,24,62,0.1487739939955844,0.4716594877801005,0.007994859257911796,0.0,0,4,0
2026092816,mert_v0,unweighted,0.25,beta,24,62,0.14702755560036324,0.4694482175042536,0.006248420862690618,-0.0017464383952211782,0,4,2
2026092816,mert_v0,unweighted,0.25,isotonic,24,62,0.14772511882331463,1.4553177164267952,0.00694598408564201,-0.0010488751722697864,0,4,0
2026092816,mert_v0,unweighted,0.25,ridge_platt,24,62,0.14412313188162665,0.45661843383756845,0.0033439971439540306,-0.0046508621139577655,0,4,0
2026092816,mert_v0,unweighted,0.5,raw,47,122,0.14077913473767262,0.44036738635640194,0.0,-0.00217270778736961,0,4,0
2026092816,mert_v0,unweighted,0.5,prior_offset,47,122,0.14077913473767262,0.44036738635640194,0.0,-0.00217270778736961,0,4,0
2026092816,mert_v0,unweighted,0.5,temperature,47,122,0.14418024356582598,0.45135003714238764,0.0034011088281533652,0.0012284010407837553,0,4,0
2026092816,mert_v0,unweighted,0.5,platt,47,122,0.14295184252504223,0.4486347833380171,0.00217270778736961,0.0,0,4,0
2026092816,mert_v0,unweighted,0.5,beta,47,122,0.14037216233295013,0.4454882841860161,-0.0004069724047224832,-0.002579680192092093,0,4,3
2026092816,mert_v0,unweighted,0.5,isotonic,47,122,0.14307199168672294,0.7233390084809597,0.0022928569490503203,0.00012014916168071044,0,4,0
2026092816,mert_v0,unweighted,0.5,ridge_platt,47,122,0.14077913473767262,0.44036738635640194,0.0,-0.00217270778736961,0,4,0
2026092816,mert_v0,unweighted,1.0,raw,94,234,0.14077913473767262,0.44036738635640194,0.0,0.0001522875234521992,0,4,0
2026092816,mert_v0,unweighted,1.0,prior_offset,94,234,0.14077913473767262,0.44036738635640194,0.0,0.0001522875234521992,0,4,0
2026092816,mert_v0,unweighted,1.0,temperature,94,234,0.14259653625096863,0.44471544306551375,0.001817401513296013,0.0019696890367482123,0,4,0
2026092816,mert_v0,unweighted,1.0,platt,94,234,0.14062684721422042,0.4407928512817339,-0.0001522875234521992,0.0,0,4,0
2026092816,mert_v0,unweighted,1.0,beta,94,234,0.14054217155758955,0.4394613564732737,-0.00023696318008306627,-8.467565663086707e-05,0,4,1
2026092816,mert_v0,unweighted,1.0,isotonic,94,234,0.14041925421163448,0.6537808481392697,-0.0003598805260381366,-0.00020759300258593738,0,4,0
2026092816,mert_v0,unweighted,1.0,ridge_platt,94,234,0.14146741317790587,0.4406126196202567,0.0006882784402332531,0.0008405659636854523,0,4,0
2026092816,mert_v1,ambient_balanced,0.25,raw,24,62,0.1576919361103717,0.48347753907259383,0.0,0.005927611415997208,0,4,0
2026092816,mert_v1,ambient_balanced,0.25,prior_offset,24,62,0.1406499290159976,0.43923156988079765,-0.01704200709437409,-0.011114395678376882,0,4,0
2026092816,mert_v1,ambient_balanced,0.25,temperature,24,62,0.17170442968672864,0.5254697932382786,0.01401249357635695,0.019940104992354157,0,4,0
2026092816,mert_v1,ambient_balanced,0.25,platt,24,62,0.15176432469437448,0.4843089643953691,-0.005927611415997208,0.0,0,4,0
2026092816,mert_v1,ambient_balanced,0.25,beta,24,62,0.14947286462990209,0.4804905804452899,-0.008219071480469603,-0.002291460064472395,0,4,1
2026092816,mert_v1,ambient_balanced,0.25,isotonic,24,62,0.15162991132679832,1.4667917822373246,-0.006062024783573372,-0.00013441336757616384,0,4,0
2026092816,mert_v1,ambient_balanced,0.25,ridge_platt,24,62,0.1452779563359403,0.458600684586899,-0.0124139797744314,-0.006486368358434191,0,4,0
2026092816,mert_v1,ambient_balanced,0.5,raw,47,122,0.1576919361103717,0.48347753907259383,0.0,0.013709367704464015,0,4,0
2026092816,mert_v1,ambient_balanced,0.5,prior_offset,47,122,0.1406499290159976,0.43923156988079765,-0.01704200709437409,-0.003332639389910075,0,4,0
2026092816,mert_v1,ambient_balanced,0.5,temperature,47,122,0.16227975089180208,0.4941046397070479,0.004587814781430388,0.018297182485894403,0,4,0
2026092816,mert_v1,ambient_balanced,0.5,platt,47,122,0.14398256840590767,0.4515300419198635,-0.013709367704464015,0.0,0,4,0
2026092816,mert_v1,ambient_balanced,0.5,beta,47,122,0.1416064310126956,0.44674956624279105,-0.01608550509767609,-0.0023761373932120744,0,4,2
2026092816,mert_v1,ambient_balanced,0.5,isotonic,47,122,0.14047512008882665,0.6206918919252468,-0.01721681602154504,-0.0035074483170810244,0,4,0
2026092816,mert_v1,ambient_balanced,0.5,ridge_platt,47,122,0.14582910570858182,0.4528807863627337,-0.01186283040178987,0.001846537302674145,0,4,0
2026092816,mert_v1,ambient_balanced,1.0,raw,94,234,0.1576919361103717,0.48347753907259383,0.0,0.017635208241563588,0,4,0
2026092816,mert_v1,ambient_balanced,1.0,prior_offset,94,234,0.1406499290159976,0.43923156988079765,-0.01704200709437409,0.0005932011471894982,0,4,0
2026092816,mert_v1,ambient_balanced,1.0,temperature,94,234,0.15953467393985005,0.4858673015717814,0.001842737829478358,0.019477946071041946,0,4,0
2026092816,mert_v1,ambient_balanced,1.0,platt,94,234,0.1400567278688081,0.4385783158171085,-0.017635208241563588,0.0,0,4,0
2026092816,mert_v1,ambient_balanced,1.0,beta,94,234,0.13910465143681078,0.43633375030501903,-0.01858728467356091,-0.000952076431997323,0,4,2
2026092816,mert_v1,ambient_balanced,1.0,isotonic,94,234,0.13617671371312548,0.5808532146700237,-0.02151522239724621,-0.0038800141556826206,0,4,0
2026092816,mert_v1,ambient_balanced,1.0,ridge_platt,94,234,0.14005568487704778,0.4373790024517603,-0.017636251233323907,-1.0429917603194117e-06,0,4,0
2026092816,mert_v1,unweighted,0.25,raw,24,62,0.14035444762834862,0.4389497653531667,0.0,-0.011399614692221116,0,4,0
2026092816,mert_v1,unweighted,0.25,prior_offset,24,62,0.14035444762834862,0.4389497653531667,0.0,-0.011399614692221116,0,4,0
2026092816,mert_v1,unweighted,0.25,temperature,24,62,0.15100338910821598,0.475244215611416,0.010648941479867363,-0.000750673212353753,0,4,0
2026092816,mert_v1,unweighted,0.25,platt,24,62,0.15175406232056973,0.4841566670077677,0.011399614692221116,0.0,0,4,0
2026092816,mert_v1,unweighted,0.25,beta,24,62,0.14979044362385777,0.48047913332085823,0.00943599599550915,-0.001963618696711966,0,4,1
2026092816,mert_v1,unweighted,0.25,isotonic,24,62,0.15135080893062025,1.3711585970904039,0.010996361302271634,-0.0004032533899494817,0,4,0
2026092816,mert_v1,unweighted,0.25,ridge_platt,24,62,0.14526769396213554,0.45844838719929765,0.004913246333786925,-0.006486368358434191,0,4,0
2026092816,mert_v1,unweighted,0.5,raw,47,122,0.14035444762834862,0.4389497653531667,0.0,-0.0035366329394738993,0,4,0
2026092816,mert_v1,unweighted,0.5,prior_offset,47,122,0.14035444762834862,0.4389497653531667,0.0,-0.0035366329394738993,0,4,0
2026092816,mert_v1,unweighted,0.5,temperature,47,122,0.14541363013544337,0.45486100719805306,0.0050591825070947505,0.0015225495676208511,0,4,0
2026092816,mert_v1,unweighted,0.5,platt,47,122,0.14389108056782252,0.4516106142393655,0.0035366329394738993,0.0,0,4,0
2026092816,mert_v1,unweighted,0.5,beta,47,122,0.14176304904149156,0.44785314408088794,0.0014086014131429458,-0.0021280315263309535,0,4,2
2026092816,mert_v1,unweighted,0.5,isotonic,47,122,0.13995029611757878,0.6187574631803434,-0.0004041515107698346,-0.003940784450243734,0,4,0
2026092816,mert_v1,unweighted,0.5,ridge_platt,47,122,0.13991164030638503,0.43643329459607805,-0.0004428073219635842,-0.0039794402614374835,0,4,0
2026092816,mert_v1,unweighted,1.0,raw,94,234,0.14035444762834862,0.4389497653531667,0.0,0.00047741410884047375,0,4,0
2026092816,mert_v1,unweighted,1.0,prior_offset,94,234,0.14035444762834862,0.4389497653531667,0.0,0.00047741410884047375,0,4,0
2026092816,mert_v1,unweighted,1.0,temperature,94,234,0.14234463799078936,0.4433121950672978,0.001990190362440747,0.0024676044712812206,0,4,0
2026092816,mert_v1,unweighted,1.0,platt,94,234,0.13987703351950814,0.438305356434306,-0.00047741410884047375,0.0,0,4,0
2026092816,mert_v1,unweighted,1.0,beta,94,234,0.13933579027983267,0.4369703115808046,-0.0010186573485159445,-0.0005412432396754707,0,4,2
2026092816,mert_v1,unweighted,1.0,isotonic,94,234,0.13593279461086102,0.579640002576383,-0.004421653017487592,-0.003944238908647119,0,4,0
2026092816,mert_v1,unweighted,1.0,ridge_platt,94,234,0.14077792522870602,0.4379511398677687,0.0004234776003574081,0.0009008917091978819,0,4,0
2026092817,maest,ambient_balanced,0.25,raw,24,51,0.13394550768491897,0.419875662478343,0.0,-0.006702627883194867,0,4,0
2026092817,maest,ambient_balanced,0.25,prior_offset,24,51,0.12777693576979715,0.4055852474871383,-0.006168571915121823,-0.01287119979831669,0,4,0
2026092817,maest,ambient_balanced,0.25,temperature,24,51,0.13761690007126184,0.45089969298974725,0.00367139238634287,-0.0030312354968519972,0,4,0
2026092817,maest,ambient_balanced,0.25,platt,24,51,0.14064813556811384,0.49635592394725997,0.006702627883194867,0.0,0,4,0
2026092817,maest,ambient_balanced,0.25,beta,24,51,0.1428437841879535,0.48992330669699613,0.008898276503034513,0.0021956486198396463,0,4,1
2026092817,maest,ambient_balanced,0.25,isotonic,24,51,0.14708741134028439,1.8633388873122967,0.013141903655365411,0.006439275772170544,0,4,0
2026092817,maest,ambient_balanced,0.25,ridge_platt,24,51,0.13505247644927745,0.44499514953282276,0.0011069687643584791,-0.005595659118836388,0,4,0
2026092817,maest,ambient_balanced,0.5,raw,47,109,0.13394550768491897,0.419875662478343,0.0,0.0024334278878472837,0,4,0
2026092817,maest,ambient_balanced,0.5,prior_offset,47,109,0.12777693576979715,0.4055852474871383,-0.006168571915121823,-0.0037351440272745395,0,4,0
2026092817,maest,ambient_balanced,0.5,temperature,47,109,0.1364973383156139,0.43489413626716655,0.002551830630694918,0.004985258518542202,0,4,0
2026092817,maest,ambient_balanced,0.5,platt,47,109,0.1315120797970717,0.4215207164440378,-0.0024334278878472837,0.0,0,4,0
2026092817,maest,ambient_balanced,0.5,beta,47,109,0.13468682315816718,0.43211076910289137,0.0007413154732482108,0.0031747433610954945,0,4,1
2026092817,maest,ambient_balanced,0.5,isotonic,47,109,0.1390251785251423,0.9631196861459521,0.005079670840223316,0.0075130987280706,0,4,0
2026092817,maest,ambient_balanced,0.5,ridge_platt,47,109,0.12904671530411094,0.4101130806997192,-0.004898792380808037,-0.0024653644929607532,0,4,0
2026092817,maest,ambient_balanced,1.0,raw,94,239,0.13394550768491897,0.419875662478343,0.0,0.004369777542473002,0,4,0
2026092817,maest,ambient_balanced,1.0,prior_offset,94,239,0.12777693576979715,0.4055852474871383,-0.006168571915121823,-0.001798794372648821,0,4,0
2026092817,maest,ambient_balanced,1.0,temperature,94,239,0.13425993693248425,0.42153911840260183,0.0003144292475652788,0.004684206790038281,0,4,0
2026092817,maest,ambient_balanced,1.0,platt,94,239,0.12957573014244597,0.4100272318685634,-0.004369777542473002,0.0,0,4,0
2026092817,maest,ambient_balanced,1.0,beta,94,239,0.13118131029690855,0.41770357815126224,-0.0027641973880104254,0.001605580154462577,0,4,0
2026092817,maest,ambient_balanced,1.0,isotonic,94,239,0.1312868926326263,0.7378450950983874,-0.0026586150522926733,0.001711162490180329,0,4,0
2026092817,maest,ambient_balanced,1.0,ridge_platt,94,239,0.12911477551682193,0.4082288445036821,-0.0048307321680970405,-0.0004609546256240382,0,4,0
2026092817,maest,unweighted,0.25,raw,24,51,0.12707403624674107,0.4031252942070308,0.0,-0.013226629534412143,0,4,0
2026092817,maest,unweighted,0.25,prior_offset,24,51,0.12707403624674107,0.4031252942070308,0.0,-0.013226629534412143,0,4,0
2026092817,maest,unweighted,0.25,temperature,24,51,0.13067952270922223,0.4336984158870657,0.0036054864624811556,-0.009621143071930988,0,4,0
2026092817,maest,unweighted,0.25,platt,24,51,0.14030066578115322,0.49547899871330586,0.013226629534412143,0.0,0,4,0
2026092817,maest,unweighted,0.25,beta,24,51,0.1418889715991452,0.48765818739212463,0.014814935352404135,0.0015883058179919918,0,4,1
2026092817,maest,unweighted,0.25,isotonic,24,51,0.1461465031251906,1.8599354573876616,0.019072466878449518,0.0058458373440373745,0,4,0
2026092817,maest,unweighted,0.25,ridge_platt,24,51,0.1347169908447454,0.4439866813725696,0.00764295459800432,-0.005583674936407823,0,4,0
2026092817,maest,unweighted,0.5,raw,47,109,0.12707403624674107,0.4031252942070308,0.0,-0.004097333517628893,0,4,0
2026092817,maest,unweighted,0.5,prior_offset,47,109,0.12707403624674107,0.4031252942070308,0.0,-0.004097333517628893,0,4,0
2026092817,maest,unweighted,0.5,temperature,47,109,0.1290835471040487,0.4159390014300275,0.0020095108573076337,-0.002087822660321259,0,4,0
2026092817,maest,unweighted,0.5,platt,47,109,0.13117136976436997,0.4206852681417201,0.004097333517628893,0.0,0,4,0
2026092817,maest,unweighted,0.5,beta,47,109,0.13350540520826115,0.42953223564298304,0.006431368961520079,0.002334035443891186,0,4,1
2026092817,maest,unweighted,0.5,isotonic,47,109,0.1385464888290344,0.9604919669352869,0.011472452582293319,0.007375119064664426,0,4,0
2026092817,maest,unweighted,0.5,ridge_platt,47,109,0.1275878070964691,0.4054773418390136,0.0005137708497280347,-0.003583562667900858,0,4,0
2026092817,maest,unweighted,1.0,raw,94,239,0.12707403624674107,0.4031252942070308,0.0,-0.00218963079789683,0,4,0
2026092817,maest,unweighted,1.0,prior_offset,94,239,0.12707403624674107,0.4031252942070308,0.0,-0.00218963079789683,0,4,0
2026092817,maest,unweighted,1.0,temperature,94,239,0.12732535186984248,0.40429033976643514,0.00025131562310140576,-0.0019383151747954241,0,4,0
2026092817,maest,unweighted,1.0,platt,94,239,0.1292636670446379,0.40931684037348376,0.00218963079789683,0.0,0,4,0
2026092817,maest,unweighted,1.0,beta,94,239,0.13068067735540556,0.41657982693270623,0.003606641108664488,0.001417010310767658,0,4,1
2026092817,maest,unweighted,1.0,isotonic,94,239,0.13066670043185083,0.7361588179917424,0.0035926641851097563,0.0014030333872129264,0,4,0
2026092817,maest,unweighted,1.0,ridge_platt,94,239,0.12880271241901387,0.40751845300860245,0.0017286761722727917,-0.0004609546256240382,0,4,0
2026092817,mert_v0,ambient_balanced,0.25,raw,24,51,0.15155504154096103,0.4704871467250034,0.0,-0.0015648194927825043,0,4,0
2026092817,mert_v0,ambient_balanced,0.25,prior_offset,24,51,0.14296235789761982,0.4486066931506926,-0.008592683643341203,-0.010157503136123708,0,4,0
2026092817,mert_v0,ambient_balanced,0.25,temperature,24,51,0.15517838825985178,0.4980066878198717,0.003623346718890752,0.0020585272261082477,0,4,0
2026092817,mert_v0,ambient_balanced,0.25,platt,24,51,0.15311986103374353,0.4988663405512401,0.0015648194927825043,0.0,0,4,0
2026092817,mert_v0,ambient_balanced,0.25,beta,24,51,0.15137863261501924,0.4954179239120722,-0.00017640892594178448,-0.0017412284187242888,0,4,3
2026092817,mert_v0,ambient_balanced,0.25,isotonic,24,51,0.15671970036802305,1.6028365272180227,0.005164658827062019,0.0035998393342795143,0,4,0
2026092817,mert_v0,ambient_balanced,0.25,ridge_platt,24,51,0.14886860290923012,0.47658999348813275,-0.002686438631730903,-0.004251258124513407,0,4,0
2026092817,mert_v0,ambient_balanced,0.5,raw,47,109,0.15155504154096103,0.4704871467250034,0.0,0.0076670048656366785,0,4,0
2026092817,mert_v0,ambient_balanced,0.5,prior_offset,47,109,0.14296235789761982,0.4486066931506926,-0.008592683643341203,-0.000925678777704525,0,4,0
2026092817,mert_v0,ambient_balanced,0.5,temperature,47,109,0.15275034124859582,0.47683513865119614,0.0011952997076347949,0.008862304573271473,0,4,0
2026092817,mert_v0,ambient_balanced,0.5,platt,47,109,0.14388803667532435,0.4542807723548737,-0.0076670048656366785,0.0,0,4,0
2026092817,mert_v0,ambient_balanced,0.5,beta,47,109,0.14381337268538152,0.45218055654272277,-0.007741668855579503,-7.466398994282475e-05,0,4,3
2026092817,mert_v0,ambient_balanced,0.5,isotonic,47,109,0.1463075647887827,0.7896979740060925,-0.0052474767521783205,0.002419528113458358,0,4,0
2026092817,mert_v0,ambient_balanced,0.5,ridge_platt,47,109,0.143599727249979,0.4519959552077582,-0.007955314290982035,-0.00028830942534535664,0,4,0
2026092817,mert_v0,ambient_balanced,1.0,raw,94,239,0.15155504154096103,0.4704871467250034,0.0,0.009434764403193435,0,4,0
2026092817,mert_v0,ambient_balanced,1.0,prior_offset,94,239,0.14296235789761982,0.4486066931506926,-0.008592683643341203,0.0008420807598522317,0,4,0
2026092817,mert_v0,ambient_balanced,1.0,temperature,94,239,0.15077541504734332,0.4682646192377161,-0.0007796264936177077,0.008655137909575727,0,4,0
2026092817,mert_v0,ambient_balanced,1.0,platt,94,239,0.1421202771377676,0.4455374811151625,-0.009434764403193435,0.0,0,4,0
2026092817,mert_v0,ambient_balanced,1.0,beta,94,239,0.14197206225650535,0.4451358730684388,-0.009582979284455673,-0.00014821488126223747,0,4,2
2026092817,mert_v0,ambient_balanced,1.0,isotonic,94,239,0.14499059221884494,0.6144183792733355,-0.006564449322116084,0.0028703150810773514,0,4,0
2026092817,mert_v0,ambient_balanced,1.0,ridge_platt,94,239,0.14334124597901543,0.4491475463857406,-0.008213795561945597,0.0012209688412478381,0,4,0
2026092817,mert_v0,unweighted,0.25,raw,24,51,0.1424506894068714,0.4470462966699809,0.0,-0.010236888125328164,0,4,0
2026092817,mert_v0,unweighted,0.25,prior_offset,24,51,0.1424506894068714,0.4470462966699809,0.0,-0.010236888125328164,0,4,0
2026092817,mert_v0,unweighted,0.25,temperature,24,51,0.14593636298144225,0.47423331600086926,0.003485673574570858,-0.006751214550757306,0,4,0
2026092817,mert_v0,unweighted,0.25,platt,24,51,0.15268757753219955,0.49781825267262864,0.010236888125328164,0.0,0,4,0
2026092817,mert_v0,unweighted,0.25,beta,24,51,0.15097553812246292,0.4941016563766159,0.008524848715591532,-0.001712039409736632,0,4,3
2026092817,mert_v0,unweighted,0.25,isotonic,24,51,0.15568473216621176,1.6642437539901949,0.01323404275934037,0.0029971546340122057,0,4,0
2026092817,mert_v0,unweighted,0.25,ridge_platt,24,51,0.1485554911416005,0.47574932240876894,0.006104801734729104,-0.00413208639059906,0,4,0
2026092817,mert_v0,unweighted,0.5,raw,47,109,0.1424506894068714,0.4470462966699809,0.0,-0.0011212805657260516,0,4,0
2026092817,mert_v0,unweighted,0.5,prior_offset,47,109,0.1424506894068714,0.4470462966699809,0.0,-0.0011212805657260516,0,4,0
2026092817,mert_v0,unweighted,0.5,temperature,47,109,0.14267769705890568,0.45103320430083593,0.00022700765203428896,-0.0008942729136917626,0,4,0
2026092817,mert_v0,unweighted,0.5,platt,47,109,0.14357196997259744,0.45350274484305964,0.0011212805657260516,0.0,0,4,0
2026092817,mert_v0,unweighted,0.5,beta,47,109,0.1433942840648516,0.4512697077386506,0.0009435946579802179,-0.0001776859077458337,0,4,3
2026092817,mert_v0,unweighted,0.5,isotonic,47,109,0.14629185173432457,0.8210884274643935,0.0038411623274531848,0.002719881761727133,0,4,0
2026092817,mert_v0,unweighted,0.5,ridge_platt,47,109,0.1431167939635423,0.4503736536451283,0.0006661045566709045,-0.0004551760090551471,0,4,0
2026092817,mert_v0,unweighted,1.0,raw,94,239,0.1424506894068714,0.4470462966699809,0.0,0.0006236292328463955,0,4,0
2026092817,mert_v0,unweighted,1.0,prior_offset,94,239,0.1424506894068714,0.4470462966699809,0.0,0.0006236292328463955,0,4,0
2026092817,mert_v0,unweighted,1.0,temperature,94,239,0.14191184211081814,0.4454120776712367,-0.0005388472960532464,8.478193679314905e-05,0,4,0
2026092817,mert_v0,unweighted,1.0,platt,94,239,0.141827060174025,0.44477972980970165,-0.0006236292328463955,0.0,0,4,0
2026092817,mert_v0,unweighted,1.0,beta,94,239,0.1415245538186513,0.4439259948978356,-0.0009261355882200784,-0.00030250635537368287,0,4,2
2026092817,mert_v0,unweighted,1.0,isotonic,94,239,0.14469231811375105,0.6447291227240044,0.0022416287068796614,0.002865257939726057,0,4,0
2026092817,mert_v0,unweighted,1.0,ridge_platt,94,239,0.1424506894068714,0.4470462966699809,0.0,0.0006236292328463955,0,4,0
2026092817,mert_v1,ambient_balanced,0.25,raw,24,51,0.15439091452007545,0.47508873932729256,0.0,0.0033182787233995426,0,4,0
2026092817,mert_v1,ambient_balanced,0.25,prior_offset,24,51,0.14387173035595094,0.45016962619977086,-0.010519184164124507,-0.007200905440724964,0,4,0
2026092817,mert_v1,ambient_balanced,0.25,temperature,24,51,0.15947041688753738,0.5137541573997376,0.0050795023674619355,0.008397781090861478,0,4,0
2026092817,mert_v1,ambient_balanced,0.25,platt,24,51,0.1510726357966759,0.4929794332531376,-0.0033182787233995426,0.0,0,4,0
2026092817,mert_v1,ambient_balanced,0.25,beta,24,51,0.15184787277276438,0.4928608486918374,-0.00254304174731107,0.0007752369760884725,0,4,2
2026092817,mert_v1,ambient_balanced,0.25,isotonic,24,51,0.15765187766013047,1.6077285339289271,0.0032609631400550287,0.006579241863454571,0,4,0
2026092817,mert_v1,ambient_balanced,0.25,ridge_platt,24,51,0.1503064908839951,0.48839944270473307,-0.004084423636080359,-0.0007661449126808162,0,4,0
2026092817,mert_v1,ambient_balanced,0.5,raw,47,109,0.15439091452007545,0.47508873932729256,0.0,0.00822464768317735,0,4,0
2026092817,mert_v1,ambient_balanced,0.5,prior_offset,47,109,0.14387173035595094,0.45016962619977086,-0.010519184164124507,-0.002294536480947157,0,4,0
2026092817,mert_v1,ambient_balanced,0.5,temperature,47,109,0.1568760478372137,0.48582031823325894,0.0024851333171382606,0.01070978100031561,0,4,0
2026092817,mert_v1,ambient_balanced,0.5,platt,47,109,0.1461662668368981,0.4600416192948071,-0.00822464768317735,0.0,0,4,0
2026092817,mert_v1,ambient_balanced,0.5,beta,47,109,0.14669022505065762,0.4590156624266877,-0.007700689469417821,0.0005239582137595289,0,4,1
2026092817,mert_v1,ambient_balanced,0.5,isotonic,47,109,0.15040126891881248,0.628242285704568,-0.00398964560126297,0.00423500208191438,0,4,0
2026092817,mert_v1,ambient_balanced,0.5,ridge_platt,47,109,0.1463506613388671,0.4597555423206883,-0.008040253181208351,0.00018439450196899854,0,4,0
2026092817,mert_v1,ambient_balanced,1.0,raw,94,239,0.15439091452007545,0.47508873932729256,0.0,0.010778142565491339,0,4,0
2026092817,mert_v1,ambient_balanced,1.0,prior_offset,94,239,0.14387173035595094,0.45016962619977086,-0.010519184164124507,0.00025895840136683224,0,4,0
2026092817,mert_v1,ambient_balanced,1.0,temperature,94,239,0.15400394192838313,0.47349637115989746,-0.00038697259169231946,0.01039116997379902,0,4,0
2026092817,mert_v1,ambient_balanced,1.0,platt,94,239,0.1436127719545841,0.4479608814284723,-0.010778142565491339,0.0,0,4,0
2026092817,mert_v1,ambient_balanced,1.0,beta,94,239,0.14406128006693877,0.44927483095965126,-0.010329634453136671,0.0004485081123546675,0,4,1
2026092817,mert_v1,ambient_balanced,1.0,isotonic,94,239,0.14558435169916434,0.6112757819996297,-0.008806562820911107,0.001971579744580232,0,4,0
2026092817,mert_v1,ambient_balanced,1.0,ridge_platt,94,239,0.14452920230918173,0.45122867258241134,-0.009861712210893714,0.0009164303545976249,0,4,0
2026092817,mert_v1,unweighted,0.25,raw,24,51,0.14356237262777938,0.44924570573844685,0.0,-0.007440427335501265,0,4,0
2026092817,mert_v1,unweighted,0.25,prior_offset,24,51,0.14356237262777938,0.44924570573844685,0.0,-0.007440427335501265,0,4,0
2026092817,mert_v1,unweighted,0.25,temperature,24,51,0.14880853165835653,0.4885607120810799,0.005246159030577152,-0.002194268304924113,0,4,0
2026092817,mert_v1,unweighted,0.25,platt,24,51,0.15100279996328064,0.49319905615777315,0.007440427335501265,0.0,0,4,0
2026092817,mert_v1,unweighted,0.25,beta,24,51,0.15165213264590413,0.491558541394075,0.008089760018124753,0.000649332682623488,0,4,2
2026092817,mert_v1,unweighted,0.25,isotonic,24,51,0.15717909208271716,1.5739361897550006,0.013616719454937781,0.006176292119436516,0,4,0
2026092817,mert_v1,unweighted,0.25,ridge_platt,24,51,0.15033279603707722,0.4886471639629944,0.006770423409297843,-0.0006700039262034219,0,4,0
2026092817,mert_v1,unweighted,0.5,raw,47,109,0.14356237262777938,0.44924570573844685,0.0,-0.002364366489673586,0,4,0
2026092817,mert_v1,unweighted,0.5,prior_offset,47,109,0.14356237262777938,0.44924570573844685,0.0,-0.002364366489673586,0,4,0
2026092817,mert_v1,unweighted,0.5,temperature,47,109,0.14478703378639096,0.45652343367805276,0.001224661158611584,-0.001139705331062002,0,4,0
2026092817,mert_v1,unweighted,0.5,platt,47,109,0.14592673911745296,0.45961030008586407,0.002364366489673586,0.0,0,4,0
2026092817,mert_v1,unweighted,0.5,beta,47,109,0.14632546000448907,0.45840873766129864,0.0027630873767096886,0.00039872088703610253,0,4,1
2026092817,mert_v1,unweighted,0.5,isotonic,47,109,0.15055451975574327,0.6945399335244993,0.006992147127963894,0.0046277806382903075,0,4,0
2026092817,mert_v1,unweighted,0.5,ridge_platt,47,109,0.14523447607934145,0.45721027315636914,0.0016721034515620736,-0.0006922630381115125,0,4,0
2026092817,mert_v1,unweighted,1.0,raw,94,239,0.14356237262777938,0.44924570573844685,0.0,6.730155171111307e-05,0,4,0
2026092817,mert_v1,unweighted,1.0,prior_offset,94,239,0.14356237262777938,0.44924570573844685,0.0,6.730155171111307e-05,0,4,0
2026092817,mert_v1,unweighted,1.0,temperature,94,239,0.14313412075648507,0.44754833336024014,-0.0004282518712943051,-0.000360950319583192,0,4,0
2026092817,mert_v1,unweighted,1.0,platt,94,239,0.14349507107606826,0.447895716266207,-6.730155171111307e-05,0.0,0,4,0
2026092817,mert_v1,unweighted,1.0,beta,94,239,0.14363470072209264,0.4484336864599461,7.232809431326204e-05,0.0001396296460243751,0,4,1
2026092817,mert_v1,unweighted,1.0,isotonic,94,239,0.1453306806875912,0.676538478068554,0.0017683080598118184,0.0018356096115229315,0,4,0
2026092817,mert_v1,unweighted,1.0,ridge_platt,94,239,0.1443388742214569,0.4509980398945146,0.0007765015936775088,0.0008438031453886219,0,4,0
2026092818,maest,ambient_balanced,0.25,raw,24,62,0.13242659467478496,0.4161373649241842,0.0,-0.011588807283926944,0,4,0
2026092818,maest,ambient_balanced,0.25,prior_offset,24,62,0.1263255033846111,0.4035869937871819,-0.00610109129017386,-0.017689898574100804,0,4,0
2026092818,maest,ambient_balanced,0.25,temperature,24,62,0.14100287839930564,0.44353742696342885,0.008576283724520684,-0.0030125235594062605,0,4,0
2026092818,maest,ambient_balanced,0.25,platt,24,62,0.1440154019587119,0.45017840267692427,0.011588807283926944,0.0,0,4,0
2026092818,maest,ambient_balanced,0.25,beta,24,62,0.14284160902315093,0.4464567178696246,0.010415014348365975,-0.0011737929355609689,0,4,3
2026092818,maest,ambient_balanced,0.25,isotonic,24,62,0.147016350736855,1.0477631134288472,0.014589756062070053,0.003000948778143109,0,4,0
2026092818,maest,ambient_balanced,0.25,ridge_platt,24,62,0.13491715535998083,0.4247938846618018,0.002490560685195875,-0.009098246598731069,0,4,0
2026092818,maest,ambient_balanced,0.5,raw,47,120,0.13242659467478496,0.4161373649241842,0.0,-0.00014565883189976425,0,4,0
2026092818,maest,ambient_balanced,0.5,prior_offset,47,120,0.1263255033846111,0.4035869937871819,-0.00610109129017386,-0.006246750122073624,0,4,0
2026092818,maest,ambient_balanced,0.5,temperature,47,120,0.1360938335240256,0.4292242510687253,0.0036672388492406394,0.003521580017340875,0,4,0
2026092818,maest,ambient_balanced,0.5,platt,47,120,0.13257225350668472,0.4208833409266297,0.00014565883189976425,0.0,0,4,0
2026092818,maest,ambient_balanced,0.5,beta,47,120,0.13488589535353335,0.4226137670646757,0.0024593006787483884,0.002313641846848624,0,4,1
2026092818,maest,ambient_balanced,0.5,isotonic,47,120,0.1346909117577512,0.484538517117733,0.002264317082966233,0.0021186582510664687,0,4,0
2026092818,maest,ambient_balanced,0.5,ridge_platt,47,120,0.13242659467478496,0.4161373649241842,0.0,-0.00014565883189976425,0,4,0
2026092818,maest,ambient_balanced,1.0,raw,94,232,0.13242659467478496,0.4161373649241842,0.0,0.004439584512321765,0,4,0
2026092818,maest,ambient_balanced,1.0,prior_offset,94,232,0.1263255033846111,0.4035869937871819,-0.00610109129017386,-0.0016615067778520953,0,4,0
2026092818,maest,ambient_balanced,1.0,temperature,94,232,0.1343102382123113,0.42493368295786954,0.0018836435375263472,0.006323228049848112,0,4,0
2026092818,maest,ambient_balanced,1.0,platt,94,232,0.1279870101624632,0.4091360988262853,-0.004439584512321765,0.0,0,4,0
2026092818,maest,ambient_balanced,1.0,beta,94,232,0.1298169897281355,0.4111111207933693,-0.0026096049466494686,0.0018299795656722961,0,4,1
2026092818,maest,ambient_balanced,1.0,isotonic,94,232,0.12875613612467177,0.4715842434118532,-0.0036704585501131926,0.0007691259622085722,0,4,0
2026092818,maest,ambient_balanced,1.0,ridge_platt,94,232,0.12636074796290578,0.40308990089593766,-0.00606584671187918,-0.0016262621995574156,0,4,0
2026092818,maest,unweighted,0.25,raw,24,62,0.12496107708455753,0.3981376502127121,0.0,-0.018363488120234972,0,4,0
2026092818,maest,unweighted,0.25,prior_offset,24,62,0.12496107708455753,0.3981376502127121,0.0,-0.018363488120234972,0,4,0
2026092818,maest,unweighted,0.25,temperature,24,62,0.13718218289353004,0.4358060675995138,0.01222110580897251,-0.006142382311262462,0,4,0
2026092818,maest,unweighted,0.25,platt,24,62,0.1433245652047925,0.44855441102450666,0.018363488120234972,0.0,0,4,0
2026092818,maest,unweighted,0.25,beta,24,62,0.14182276005674058,0.4452314266060764,0.016861682972183045,-0.0015018051480519268,0,4,3
2026092818,maest,unweighted,0.25,isotonic,24,62,0.14719088898425506,1.0475120049903957,0.022229811899697527,0.003866323779462555,0,4,0
2026092818,maest,unweighted,0.25,ridge_platt,24,62,0.13168432161012733,0.4205705789052171,0.006723244525569799,-0.011640243594665173,0,4,0
2026092818,maest,unweighted,0.5,raw,47,120,0.12496107708455753,0.3981376502127121,0.0,-0.006907920242463256,0,4,0
2026092818,maest,unweighted,0.5,prior_offset,47,120,0.12496107708455753,0.3981376502127121,0.0,-0.006907920242463256,0,4,0
2026092818,maest,unweighted,0.5,temperature,47,120,0.13083674431367154,0.4186363877617781,0.005875667229114007,-0.0010322530133492491,0,4,0
2026092818,maest,unweighted,0.5,platt,47,120,0.1318689973270208,0.41913095266660383,0.006907920242463256,0.0,0,4,0
2026092818,maest,unweighted,0.5,beta,47,120,0.13327411623309934,0.4193023756751011,0.008313039148541812,0.0014051189060785563,0,4,2
2026092818,maest,unweighted,0.5,isotonic,47,120,0.13547690349229036,0.48608585179318853,0.010515826407732826,0.00360790616526957,0,4,0
2026092818,maest,unweighted,0.5,ridge_platt,47,120,0.12484146983981632,0.3978723071948026,-0.00011960724474120721,-0.007027527487204463,0,4,0
2026092818,maest,unweighted,1.0,raw,94,232,0.12496107708455753,0.3981376502127121,0.0,-0.002454061166868887,0,4,0
2026092818,maest,unweighted,1.0,prior_offset,94,232,0.12496107708455753,0.3981376502127121,0.0,-0.002454061166868887,0,4,0
2026092818,maest,unweighted,1.0,temperature,94,232,0.1267766304817016,0.4063765445121357,0.0018155533971440652,-0.000638507769724822,0,4,0
2026092818,maest,unweighted,1.0,platt,94,232,0.12741513825142642,0.40764738730130656,0.002454061166868887,0.0,0,4,0
2026092818,maest,unweighted,1.0,beta,94,232,0.12839085795698263,0.4076129828219073,0.0034297808724250978,0.0009757197055562106,0,4,1
2026092818,maest,unweighted,1.0,isotonic,94,232,0.12922078377680443,0.47181872803049396,0.004259706692246901,0.0018056455253780135,0,4,0
2026092818,maest,unweighted,1.0,ridge_platt,94,232,0.12556283117170317,0.40089723729714904,0.0006017540871456339,-0.0018523070797232533,0,4,0
2026092818,mert_v0,ambient_balanced,0.25,raw,24,62,0.15630134283231867,0.47897186519340956,0.0,-0.0032813474854200275,0,4,0
2026092818,mert_v0,ambient_balanced,0.25,prior_offset,24,62,0.14443305014473,0.4507357797009966,-0.011868292687588655,-0.015149640173008683,0,4,0
2026092818,mert_v0,ambient_balanced,0.25,temperature,24,62,0.1594419682009064,0.48965625144632396,0.003140625368587724,-0.00014072211683230362,0,4,0
2026092818,mert_v0,ambient_balanced,0.25,platt,24,62,0.1595826903177387,0.4897277130871346,0.0032813474854200275,0.0,0,4,0
2026092818,mert_v0,ambient_balanced,0.25,beta,24,62,0.15650462864114684,0.4822234408747812,0.0002032858088281686,-0.003078061676591859,0,4,2
2026092818,mert_v0,ambient_balanced,0.25,isotonic,24,62,0.15652791367927857,0.6711296903081758,0.00022657084695990037,-0.003054776638460127,0,4,0
2026092818,mert_v0,ambient_balanced,0.25,ridge_platt,24,62,0.15630134283231867,0.47897186519340956,0.0,-0.0032813474854200275,0,4,0
2026092818,mert_v0,ambient_balanced,0.5,raw,47,120,0.15630134283231867,0.47897186519340956,0.0,0.0062883196579401335,0,4,0
2026092818,mert_v0,ambient_balanced,0.5,prior_offset,47,120,0.14443305014473,0.4507357797009966,-0.011868292687588655,-0.005579973029648522,0,4,0
2026092818,mert_v0,ambient_balanced,0.5,temperature,47,120,0.15718810085375437,0.4815832430988165,0.0008867580214357018,0.007175077679375835,0,4,0
2026092818,mert_v0,ambient_balanced,0.5,platt,47,120,0.15001302317437853,0.4659678922942213,-0.0062883196579401335,0.0,0,4,0
2026092818,mert_v0,ambient_balanced,0.5,beta,47,120,0.14870638903325628,0.4608027549562652,-0.007594953799062387,-0.0013066341411222537,0,4,2
2026092818,mert_v0,ambient_balanced,0.5,isotonic,47,120,0.15273509332136778,0.6663181122794247,-0.0035662495109508863,0.002722070146989247,0,4,0
2026092818,mert_v0,ambient_balanced,0.5,ridge_platt,47,120,0.15630134283231867,0.47897186519340956,0.0,0.0062883196579401335,0,4,0
2026092818,mert_v0,ambient_balanced,1.0,raw,94,232,0.15630134283231867,0.47897186519340956,0.0,0.014188719156111446,0,4,0
2026092818,mert_v0,ambient_balanced,1.0,prior_offset,94,232,0.14443305014473,0.4507357797009966,-0.011868292687588655,0.0023204264685227904,0,4,0
2026092818,mert_v0,ambient_balanced,1.0,temperature,94,232,0.15633596431399652,0.4801848283076125,3.462148167784895e-05,0.014223340637789295,0,4,0
2026092818,mert_v0,ambient_balanced,1.0,platt,94,232,0.14211262367620722,0.4489749954728224,-0.014188719156111446,0.0,0,4,0
2026092818,mert_v0,ambient_balanced,1.0,beta,94,232,0.14252825076248465,0.4453938581049606,-0.013773092069834014,0.0004156270862774314,0,4,3
2026092818,mert_v0,ambient_balanced,1.0,isotonic,94,232,0.14582945203942888,0.6199051826969127,-0.010471890792889793,0.0037168283632216526,0,4,0
2026092818,mert_v0,ambient_balanced,1.0,ridge_platt,94,232,0.1422700918570141,0.4498140207570181,-0.014031250975304554,0.00015746818080689118,0,4,0
2026092818,mert_v0,unweighted,0.25,raw,24,62,0.14383312528452857,0.4490031779814187,0.0,-0.015815030063741187,0,4,0
2026092818,mert_v0,unweighted,0.25,prior_offset,24,62,0.14383312528452857,0.4490031779814187,0.0,-0.015815030063741187,0,4,0
2026092818,mert_v0,unweighted,0.25,temperature,24,62,0.156495691298195,0.484394331953087,0.012662566013666415,-0.0031524640500747714,0,4,0
2026092818,mert_v0,unweighted,0.25,platt,24,62,0.15964815534826976,0.49005448979683774,0.015815030063741187,0.0,0,4,0
2026092818,mert_v0,unweighted,0.25,beta,24,62,0.15681138519725557,0.4838260172332539,0.012978259912726997,-0.0028367701510141896,0,4,2
2026092818,mert_v0,unweighted,0.25,isotonic,24,62,0.15569815692519165,0.6700876255621697,0.011865031640663076,-0.0039499984230781104,0,4,0
2026092818,mert_v0,unweighted,0.25,ridge_platt,24,62,0.14897614154978406,0.46454895082027003,0.0051430162652554845,-0.010672013798485702,0,4,0
2026092818,mert_v0,unweighted,0.5,raw,47,120,0.14383312528452857,0.4490031779814187,0.0,-0.005975215398416417,0,4,0
2026092818,mert_v0,unweighted,0.5,prior_offset,47,120,0.14383312528452857,0.4490031779814187,0.0,-0.005975215398416417,0,4,0
2026092818,mert_v0,unweighted,0.5,temperature,47,120,0.1485158666904753,0.46410926896268323,0.004682741405946739,-0.0012924739924696782,0,4,0
2026092818,mert_v0,unweighted,0.5,platt,47,120,0.149808340682945,0.465812132214419,0.005975215398416417,0.0,0,4,0
2026092818,mert_v0,unweighted,0.5,beta,47,120,0.1486299195353428,0.4607257620487217,0.004796794250814224,-0.0011784211476021933,0,4,2
2026092818,mert_v0,unweighted,0.5,isotonic,47,120,0.1517097224523271,0.6982392037736322,0.007876597167798538,0.0019013817693821211,0,4,0
2026092818,mert_v0,unweighted,0.5,ridge_platt,47,120,0.14383312528452857,0.4490031779814187,0.0,-0.005975215398416417,0,4,0
2026092818,mert_v0,unweighted,1.0,raw,94,232,0.14383312528452857,0.4490031779814187,0.0,0.0019785402940689645,0,4,0
2026092818,mert_v0,unweighted,1.0,prior_offset,94,232,0.14383312528452857,0.4490031779814187,0.0,0.0019785402940689645,0,4,0
2026092818,mert_v0,unweighted,1.0,temperature,94,232,0.1440235724112455,0.4515646435805833,0.00019044712671692499,0.0021689874207858895,0,4,0
2026092818,mert_v0,unweighted,1.0,platt,94,232,0.1418545849904596,0.4487724083375168,-0.0019785402940689645,0.0,0,4,0
2026092818,mert_v0,unweighted,1.0,beta,94,232,0.1421398774857332,0.4450930274868775,-0.001693247798795372,0.00028529249527359246,0,4,3
2026092818,mert_v0,unweighted,1.0,isotonic,94,232,0.14576846736694066,0.6207012529298094,0.0019353420824120837,0.003913882376481048,0,4,0
2026092818,mert_v0,unweighted,1.0,ridge_platt,94,232,0.14138326833186193,0.4481580517654409,-0.0024498569526666403,-0.0004713166585976758,0,4,0
2026092818,mert_v1,ambient_balanced,0.25,raw,24,62,0.15782969449920206,0.4826748373272127,0.0,0.001739832392987195,0,4,0
2026092818,mert_v1,ambient_balanced,0.25,prior_offset,24,62,0.1460964969214961,0.45322027778799356,-0.011733197577705967,-0.009993365184718772,0,4,0
2026092818,mert_v1,ambient_balanced,0.25,temperature,24,62,0.15998973954177897,0.48997529979563037,0.0021600450425769135,0.0038998774355641086,0,4,0
2026092818,mert_v1,ambient_balanced,0.25,platt,24,62,0.15608986210621487,0.4806903316835846,-0.001739832392987195,0.0,0,4,0
2026092818,mert_v1,ambient_balanced,0.25,beta,24,62,0.15801663016810813,0.4872755616901736,0.0001869356689060686,0.0019267680618932637,0,4,4
2026092818,mert_v1,ambient_balanced,0.25,isotonic,24,62,0.159235421369228,0.9077228607610047,0.0014057268700259362,0.0031455592630131313,0,4,0
2026092818,mert_v1,ambient_balanced,0.25,ridge_platt,24,62,0.15782969449920206,0.4826748373272127,0.0,0.001739832392987195,0,4,0
2026092818,mert_v1,ambient_balanced,0.5,raw,47,120,0.15782969449920206,0.4826748373272127,0.0,0.005078675511911435,0,4,0
2026092818,mert_v1,ambient_balanced,0.5,prior_offset,47,120,0.1460964969214961,0.45322027778799356,-0.011733197577705967,-0.0066545220657945325,0,4,0
2026092818,mert_v1,ambient_balanced,0.5,temperature,47,120,0.16042012067076325,0.49024811059810947,0.0025904261715611887,0.007669101683472623,0,4,0
2026092818,mert_v1,ambient_balanced,0.5,platt,47,120,0.15275101898729063,0.47272095675950315,-0.005078675511911435,0.0,0,4,0
2026092818,mert_v1,ambient_balanced,0.5,beta,47,120,0.15377224603838593,0.47609501378489616,-0.0040574484608161265,0.001021227051095308,0,4,0
2026092818,mert_v1,ambient_balanced,0.5,isotonic,47,120,0.16082262691737811,1.018986165166782,0.002992932418176053,0.008071607930087488,0,4,0
2026092818,mert_v1,ambient_balanced,0.5,ridge_platt,47,120,0.15668669896465243,0.4811157920762499,-0.0011429955345496345,0.0039356799773618,0,4,0
2026092818,mert_v1,ambient_balanced,1.0,raw,94,232,0.15782969449920206,0.4826748373272127,0.0,0.012598562264832358,0,4,0
2026092818,mert_v1,ambient_balanced,1.0,prior_offset,94,232,0.1460964969214961,0.45322027778799356,-0.011733197577705967,0.0008653646871263909,0,4,0
2026092818,mert_v1,ambient_balanced,1.0,temperature,94,232,0.15846865449103426,0.4855132908583174,0.0006389599918321942,0.013237522256664552,0,4,0
2026092818,mert_v1,ambient_balanced,1.0,platt,94,232,0.1452311322343697,0.456258225527671,-0.012598562264832358,0.0,0,4,0
2026092818,mert_v1,ambient_balanced,1.0,beta,94,232,0.14532941731723448,0.4543163592526855,-0.012500277181967584,9.828508286477411e-05,0,4,1
2026092818,mert_v1,ambient_balanced,1.0,isotonic,94,232,0.15121184857428493,0.8294184224083243,-0.006617845924917126,0.005980716339915232,0,4,0
2026092818,mert_v1,ambient_balanced,1.0,ridge_platt,94,232,0.14533753045616812,0.45456082160889655,-0.012492164043033938,0.00010639822179842051,0,4,0
2026092818,mert_v1,unweighted,0.25,raw,24,62,0.14561095456332607,0.4521780377046617,0.0,-0.010947222784783522,0,4,0
2026092818,mert_v1,unweighted,0.25,prior_offset,24,62,0.14561095456332607,0.4521780377046617,0.0,-0.010947222784783522,0,4,0
2026092818,mert_v1,unweighted,0.25,temperature,24,62,0.1580847634087003,0.48744034170977324,0.012473808845374246,0.0015265860605907233,0,4,0
2026092818,mert_v1,unweighted,0.25,platt,24,62,0.1565581773481096,0.48241283142336666,0.010947222784783522,0.0,0,4,0
2026092818,mert_v1,unweighted,0.25,beta,24,62,0.15889228676023698,0.490991500971963,0.013281332196910911,0.0023341094121273886,0,4,4
2026092818,mert_v1,unweighted,0.25,isotonic,24,62,0.1594683748090264,0.9730198619468708,0.01385742024570033,0.002910197460916808,0,4,0
2026092818,mert_v1,unweighted,0.25,ridge_platt,24,62,0.1501235054577542,0.46666085756574327,0.004512550894428147,-0.006434671890355376,0,4,0
2026092818,mert_v1,unweighted,0.5,raw,47,120,0.14561095456332607,0.4521780377046617,0.0,-0.00689888604747349,0,4,0
2026092818,mert_v1,unweighted,0.5,prior_offset,47,120,0.14561095456332607,0.4521780377046617,0.0,-0.00689888604747349,0,4,0
2026092818,mert_v1,unweighted,0.5,temperature,47,120,0.15125486058667992,0.4711630869072988,0.005643906023353851,-0.0012549800241196396,0,4,0
2026092818,mert_v1,unweighted,0.5,platt,47,120,0.15250984061079956,0.47264617068533393,0.00689888604747349,0.0,0,4,0
2026092818,mert_v1,unweighted,0.5,beta,47,120,0.1529978192326927,0.47316860738870237,0.0073868646693666384,0.0004879786218931481,0,4,0
2026092818,mert_v1,unweighted,0.5,isotonic,47,120,0.1612742297278189,1.083513769502658,0.01566327516449284,0.00876438911701935,0,4,0
2026092818,mert_v1,unweighted,0.5,ridge_platt,47,120,0.1444679590287764,0.45061899245369885,-0.0011429955345496623,-0.008041881582023153,0,4,0
2026092818,mert_v1,unweighted,1.0,raw,94,232,0.14561095456332607,0.4521780377046617,0.0,0.000665030182231019,0,4,0
2026092818,mert_v1,unweighted,1.0,prior_offset,94,232,0.14561095456332607,0.4521780377046617,0.0,0.000665030182231019,0,4,0
2026092818,mert_v1,unweighted,1.0,temperature,94,232,0.14627789128283536,0.45650579828851856,0.0006669367195092923,0.0013319669017403113,0,4,0
2026092818,mert_v1,unweighted,1.0,platt,94,232,0.14494592438109505,0.4560952252600471,-0.000665030182231019,0.0,0,4,0
2026092818,mert_v1,unweighted,1.0,beta,94,232,0.14530508517882798,0.45485686534823194,-0.00030586938449808643,0.0003591607977329325,0,4,2
2026092818,mert_v1,unweighted,1.0,isotonic,94,232,0.1508590223016094,0.829899420341592,0.005248067738283346,0.005913097920514365,0,4,0
2026092818,mert_v1,unweighted,1.0,ridge_platt,94,232,0.14451983845907293,0.45296919988046713,-0.001091116104253137,-0.00042608592202211804,0,4,0
2026092819,maest,ambient_balanced,0.25,raw,24,63,0.14691881726478126,0.4554579534240617,0.0,-0.0006848245215561322,0,4,0
2026092819,maest,ambient_balanced,0.25,prior_offset,24,63,0.14312353402871858,0.4436471185961853,-0.00379528323606268,-0.004480107757618812,0,4,0
2026092819,maest,ambient_balanced,0.25,temperature,24,63,0.15067431525755742,0.48501834992253645,0.0037554979927761634,0.003070673471220031,0,4,0
2026092819,maest,ambient_balanced,0.25,platt,24,63,0.1476036417863374,0.48044098503062577,0.0006848245215561322,0.0,0,4,0
2026092819,maest,ambient_balanced,0.25,beta,24,63,0.15141464494230222,0.4867185199612285,0.004495827677520964,0.0038110031559648316,0,4,2
2026092819,maest,ambient_balanced,0.25,isotonic,24,63,0.17059449746676367,2.1848352857019235,0.023675680201982408,0.022990855680426275,0,4,0
2026092819,maest,ambient_balanced,0.25,ridge_platt,24,63,0.1475903474872695,0.45978353913663506,0.0006715302224882536,-1.3294299067878601e-05,0,4,0
2026092819,maest,ambient_balanced,0.5,raw,47,126,0.14691881726478126,0.4554579534240617,0.0,-0.0009172680894243557,0,4,0
2026092819,maest,ambient_balanced,0.5,prior_offset,47,126,0.14312353402871858,0.4436471185961853,-0.00379528323606268,-0.0047125513254870355,0,4,0
2026092819,maest,ambient_balanced,0.5,temperature,47,126,0.15090588121433143,0.4860228630095337,0.003987063949550174,0.003069795860125818,0,4,0
2026092819,maest,ambient_balanced,0.5,platt,47,126,0.14783608535420562,0.4732325794427119,0.0009172680894243557,0.0,0,4,0
2026092819,maest,ambient_balanced,0.5,beta,47,126,0.14960115442907668,0.4833770949390555,0.0026823371642954175,0.0017650690748710618,0,4,2
2026092819,maest,ambient_balanced,0.5,isotonic,47,126,0.15619418640606456,1.3908009457319297,0.009275369141283296,0.00835810105185894,0,4,0
2026092819,maest,ambient_balanced,0.5,ridge_platt,47,126,0.14586118558837033,0.4639404286573656,-0.0010576316764109306,-0.0019748997658352863,0,4,0
2026092819,maest,ambient_balanced,1.0,raw,94,234,0.14691881726478126,0.4554579534240617,0.0,0.0015941053670125993,0,4,0
2026092819,maest,ambient_balanced,1.0,prior_offset,94,234,0.14312353402871858,0.4436471185961853,-0.00379528323606268,-0.0022011778690500805,0,4,0
2026092819,maest,ambient_balanced,1.0,temperature,94,234,0.14819338242049562,0.4623063694038537,0.0012745651557143634,0.0028686705227269627,0,4,0
2026092819,maest,ambient_balanced,1.0,platt,94,234,0.14532471189776866,0.45224482280827905,-0.0015941053670125993,0.0,0,4,0
2026092819,maest,ambient_balanced,1.0,beta,94,234,0.14653534586725636,0.45905566898536576,-0.00038347139752489823,0.001210633969487701,0,4,0
2026092819,maest,ambient_balanced,1.0,isotonic,94,234,0.15256250055720338,0.8539929696979145,0.005643683292422125,0.007237788659434724,0,4,0
2026092819,maest,ambient_balanced,1.0,ridge_platt,94,234,0.14347065670422435,0.44731608540961865,-0.003448160560556912,-0.0018540551935443128,0,4,0
2026092819,maest,unweighted,0.25,raw,24,63,0.1419148237461504,0.4400306833366228,0.0,-0.0058921133699861294,0,4,0
2026092819,maest,unweighted,0.25,prior_offset,24,63,0.1419148237461504,0.4400306833366228,0.0,-0.0058921133699861294,0,4,0
2026092819,maest,unweighted,0.25,temperature,24,63,0.1457616046650242,0.47395817399264795,0.0038467809188738045,-0.002045332451112325,0,4,0
2026092819,maest,unweighted,0.25,platt,24,63,0.14780693711613652,0.48061843816577365,0.0058921133699861294,0.0,0,4,0
2026092819,maest,unweighted,0.25,beta,24,63,0.15282358637978308,0.49554483078607753,0.01090876263363269,0.005016649263646561,0,4,2
2026092819,maest,unweighted,0.25,isotonic,24,63,0.16845047580102598,2.2754491191821593,0.026535652054875597,0.020643538684889468,0,4,0
2026092819,maest,unweighted,0.25,ridge_platt,24,63,0.14258635396863864,0.4443562690491962,0.0006715302224882536,-0.005220583147497876,0,4,0
2026092819,maest,unweighted,0.5,raw,47,126,0.1419148237461504,0.4400306833366228,0.0,-0.005857864424957726,0,4,0
2026092819,maest,unweighted,0.5,prior_offset,47,126,0.1419148237461504,0.4400306833366228,0.0,-0.005857864424957726,0,4,0
2026092819,maest,unweighted,0.5,temperature,47,126,0.1441300793053884,0.46741214566853007,0.0022152555592380163,-0.0036426088657197098,0,4,0
2026092819,maest,unweighted,0.5,platt,47,126,0.1477726881711081,0.47292503253194146,0.005857864424957726,0.0,0,4,0
2026092819,maest,unweighted,0.5,beta,47,126,0.14962183514071067,0.4832831630921025,0.007707011394560287,0.0018491469696025609,0,4,2
2026092819,maest,unweighted,0.5,isotonic,47,126,0.1552881498615255,1.3557387974737656,0.013373326115375117,0.007515461690417391,0,4,0
2026092819,maest,unweighted,0.5,ridge_platt,47,126,0.14580938152921244,0.46361286084376085,0.0038945577830620526,-0.0019633066418956735,0,4,0
2026092819,maest,unweighted,1.0,raw,94,234,0.1419148237461504,0.4400306833366228,0.0,-0.0033403374886937787,0,4,0
2026092819,maest,unweighted,1.0,prior_offset,94,234,0.1419148237461504,0.4400306833366228,0.0,-0.0033403374886937787,0,4,0
2026092819,maest,unweighted,1.0,temperature,94,234,0.14192027807307747,0.4433583341413576,5.454326927084585e-06,-0.003334883161766694,0,4,0
2026092819,maest,unweighted,1.0,platt,94,234,0.14525516123484417,0.4519180097230811,0.0033403374886937787,0.0,0,4,0
2026092819,maest,unweighted,1.0,beta,94,234,0.1465392416780796,0.45896495647340213,0.00462441793192922,0.0012840804432354413,0,4,0
2026092819,maest,unweighted,1.0,isotonic,94,234,0.15184554854431326,0.8516969839171388,0.009930724798162871,0.006590387309469092,0,4,0
2026092819,maest,unweighted,1.0,ridge_platt,94,234,0.1437951067058103,0.44757702376503483,0.001880282959659918,-0.0014600545290338607,0,4,0
2026092819,mert_v0,ambient_balanced,0.25,raw,24,63,0.16010162615838908,0.4901589565346102,0.0,0.00602363345178103,0,4,0
2026092819,mert_v0,ambient_balanced,0.25,prior_offset,24,63,0.15170958053430864,0.46755681261485443,-0.00839204562408044,-0.002368412172299411,0,4,0
2026092819,mert_v0,ambient_balanced,0.25,temperature,24,63,0.1616044920402125,0.5037894682691827,0.001502865881823412,0.007526499333604442,0,4,0
2026092819,mert_v0,ambient_balanced,0.25,platt,24,63,0.15407799270660805,0.48489145766767194,-0.00602363345178103,0.0,0,4,0
2026092819,mert_v0,ambient_balanced,0.25,beta,24,63,0.15687869680911526,0.49005300701054705,-0.0032229293492738176,0.002800704102507212,0,4,2
2026092819,mert_v0,ambient_balanced,0.25,isotonic,24,63,0.1721541203716749,1.5564193802677502,0.01205249421328583,0.01807612766506686,0,4,0
2026092819,mert_v0,ambient_balanced,0.25,ridge_platt,24,63,0.16032193137816272,0.4932689064489603,0.0002203052197736477,0.006243938671554677,0,4,0
2026092819,mert_v0,ambient_balanced,0.5,raw,47,126,0.16010162615838908,0.4901589565346102,0.0,0.0057564318967852635,0,4,0
2026092819,mert_v0,ambient_balanced,0.5,prior_offset,47,126,0.15170958053430864,0.46755681261485443,-0.00839204562408044,-0.0026356137272951774,0,4,0
2026092819,mert_v0,ambient_balanced,0.5,temperature,47,126,0.1632707096950256,0.5198548417786373,0.00316908353663653,0.008925515433421793,0,4,0
2026092819,mert_v0,ambient_balanced,0.5,platt,47,126,0.1543451942616038,0.49145800660689143,-0.0057564318967852635,0.0,0,4,0
2026092819,mert_v0,ambient_balanced,0.5,beta,47,126,0.1557935080866386,0.4946444282298875,-0.004308118071750466,0.0014483138250347971,0,4,1
2026092819,mert_v0,ambient_balanced,0.5,isotonic,47,126,0.1583597554510841,0.97683143487416,-0.001741870707304971,0.004014561189480292,0,4,0
2026092819,mert_v0,ambient_balanced,0.5,ridge_platt,47,126,0.1529374543631898,0.484370177289694,-0.0071641717951992645,-0.001407739898414001,0,4,0
2026092819,mert_v0,ambient_balanced,1.0,raw,94,234,0.16010162615838908,0.4901589565346102,0.0,0.007755849390800845,0,4,0
2026092819,mert_v0,ambient_balanced,1.0,prior_offset,94,234,0.15170958053430864,0.46755681261485443,-0.00839204562408044,-0.0006361962332795956,0,4,0
2026092819,mert_v0,ambient_balanced,1.0,temperature,94,234,0.16084145741856443,0.4969690575985481,0.0007398312601753498,0.008495680650976195,0,4,0
2026092819,mert_v0,ambient_balanced,1.0,platt,94,234,0.15234577676758823,0.47406767573893016,-0.007755849390800845,0.0,0,4,0
2026092819,mert_v0,ambient_balanced,1.0,beta,94,234,0.15290263837182544,0.4748284626479983,-0.007198987786563638,0.0005568616042372077,0,4,0
2026092819,mert_v0,ambient_balanced,1.0,isotonic,94,234,0.15586969242729723,0.8984275873875208,-0.004231933731091847,0.0035239156597089982,0,4,0
2026092819,mert_v0,ambient_balanced,1.0,ridge_platt,94,234,0.15167069809229075,0.47139807428802016,-0.008430928066098325,-0.0006750786752974802,0,4,0
2026092819,mert_v0,unweighted,0.25,raw,24,63,0.15097986452970058,0.4663225851807355,0.0,-0.003718595337070474,0,4,0
2026092819,mert_v0,unweighted,0.25,prior_offset,24,63,0.15097986452970058,0.4663225851807355,0.0,-0.003718595337070474,0,4,0
2026092819,mert_v0,unweighted,0.25,temperature,24,63,0.15301889478004327,0.48433914895125607,0.0020390302503426883,-0.0016795650867277856,0,4,0
2026092819,mert_v0,unweighted,0.25,platt,24,63,0.15469845986677105,0.4864383140174233,0.003718595337070474,0.0,0,4,0
2026092819,mert_v0,unweighted,0.25,beta,24,63,0.15816632698470248,0.49517885753231405,0.007186462455001902,0.003467867117931428,0,4,2
2026092819,mert_v0,unweighted,0.25,isotonic,24,63,0.17385804824204007,1.5621878165062808,0.02287818371233949,0.019159588375269015,0,4,0
2026092819,mert_v0,unweighted,0.25,ridge_platt,24,63,0.15120016974947426,0.46943253509508565,0.00022030521977367545,-0.0034982901172967984,0,4,0
2026092819,mert_v0,unweighted,0.5,raw,47,126,0.15097986452970058,0.4663225851807355,0.0,-0.0033496697259298713,0,4,0
2026092819,mert_v0,unweighted,0.5,prior_offset,47,126,0.15097986452970058,0.4663225851807355,0.0,-0.0033496697259298713,0,4,0
2026092819,mert_v0,unweighted,0.5,temperature,47,126,0.1535528075421518,0.4951051976091596,0.0025729430124512287,-0.0007767267134786426,0,4,0
2026092819,mert_v0,unweighted,0.5,platt,47,126,0.15432953425563045,0.49164905919515167,0.0033496697259298713,0.0,0,4,0
2026092819,mert_v0,unweighted,0.5,beta,47,126,0.1553567969734428,0.49356246552405364,0.00437693244374221,0.0010272627178123384,0,4,1
2026092819,mert_v0,unweighted,0.5,isotonic,47,126,0.15861786203604086,0.9778354787088053,0.007637997506340283,0.004288327780410411,0,4,0
2026092819,mert_v0,unweighted,0.5,ridge_platt,47,126,0.15291413169750934,0.48343263641690926,0.0019342671678087564,-0.001415402558121115,0,4,0
2026092819,mert_v0,unweighted,1.0,raw,94,234,0.15097986452970058,0.4663225851807355,0.0,-0.0012379157042928801,0,4,0
2026092819,mert_v0,unweighted,1.0,prior_offset,94,234,0.15097986452970058,0.4663225851807355,0.0,-0.0012379157042928801,0,4,0
2026092819,mert_v0,unweighted,1.0,temperature,94,234,0.15194035884670704,0.47335177400984996,0.000960494317006455,-0.00027742138728642507,0,4,0
2026092819,mert_v0,unweighted,1.0,platt,94,234,0.15221778023399346,0.4739587901487101,0.0012379157042928801,0.0,0,4,0
2026092819,mert_v0,unweighted,1.0,beta,94,234,0.15240515549557238,0.4733787708033961,0.001425290965871795,0.00018737526157891482,0,4,0
2026092819,mert_v0,unweighted,1.0,isotonic,94,234,0.15603613063794455,0.8999365352792679,0.005056266108243973,0.003818350403951093,0,4,0
2026092819,mert_v0,unweighted,1.0,ridge_platt,94,234,0.15123744386873364,0.4699876735375669,0.0002575793390330594,-0.0009803363652598207,0,4,0
2026092819,mert_v1,ambient_balanced,0.25,raw,24,63,0.15993734824362543,0.4900943652172248,0.0,0.0063199414342006155,0,4,0
2026092819,mert_v1,ambient_balanced,0.25,prior_offset,24,63,0.15250044786485306,0.4694950539477474,-0.007436900378772371,-0.0011169589445717554,0,4,0
2026092819,mert_v1,ambient_balanced,0.25,temperature,24,63,0.1610381751527281,0.5016224642833924,0.0011008269091026812,0.007420768343303297,0,4,0
2026092819,mert_v1,ambient_balanced,0.25,platt,24,63,0.15361740680942482,0.4811379514475842,-0.0063199414342006155,0.0,0,4,0
2026092819,mert_v1,ambient_balanced,0.25,beta,24,63,0.1562615283434106,0.48547276963078895,-0.003675819900214844,0.0026441215339857715,0,4,2
2026092819,mert_v1,ambient_balanced,0.25,isotonic,24,63,0.1649951646170971,1.1249789816731175,0.005057816373471663,0.011377757807672279,0,4,0
2026092819,mert_v1,ambient_balanced,0.25,ridge_platt,24,63,0.16013178495720692,0.49320585574314646,0.00019443671358149173,0.006514378147782107,0,4,0
2026092819,mert_v1,ambient_balanced,0.5,raw,47,126,0.15993734824362543,0.4900943652172248,0.0,0.0046426197211322795,0,4,0
2026092819,mert_v1,ambient_balanced,0.5,prior_offset,47,126,0.15250044786485306,0.4694950539477474,-0.007436900378772371,-0.0027942806576400914,0,4,0
2026092819,mert_v1,ambient_balanced,0.5,temperature,47,126,0.1632399109877766,0.5208311992154502,0.0033025627441511662,0.007945182465283446,0,4,0
2026092819,mert_v1,ambient_balanced,0.5,platt,47,126,0.15529472852249315,0.49055166374070747,-0.0046426197211322795,0.0,0,4,0
2026092819,mert_v1,ambient_balanced,0.5,beta,47,126,0.15494698440668073,0.48796266438831754,-0.004990363836944706,-0.00034774411581242615,0,4,0
2026092819,mert_v1,ambient_balanced,0.5,isotonic,47,126,0.15833496384036622,0.8787650822271185,-0.001602384403259216,0.0030402353178730634,0,4,0
2026092819,mert_v1,ambient_balanced,0.5,ridge_platt,47,126,0.1546842879771309,0.4887965437826865,-0.005253060266494525,-0.0006104405453622452,0,4,0
2026092819,mert_v1,ambient_balanced,1.0,raw,94,234,0.15993734824362543,0.4900943652172248,0.0,0.005870697587242457,0,4,0
2026092819,mert_v1,ambient_balanced,1.0,prior_offset,94,234,0.15250044786485306,0.4694950539477474,-0.007436900378772371,-0.0015662027915299137,0,4,0
2026092819,mert_v1,ambient_balanced,1.0,temperature,94,234,0.1613973067071267,0.4991626287762063,0.0014599584635012763,0.0073306560507437335,0,4,0
2026092819,mert_v1,ambient_balanced,1.0,platt,94,234,0.15406665065638298,0.478109500655528,-0.005870697587242457,0.0,0,4,0
2026092819,mert_v1,ambient_balanced,1.0,beta,94,234,0.1536169480926019,0.47557986869043567,-0.006320400151023531,-0.00044970256378107365,0,4,0
2026092819,mert_v1,ambient_balanced,1.0,isotonic,94,234,0.15432744974141852,0.7637464767412132,-0.005609898502206917,0.00026079908503554017,0,4,0
2026092819,mert_v1,ambient_balanced,1.0,ridge_platt,94,234,0.15300989300502144,0.47515537518099216,-0.006927455238603997,-0.0010567576513615395,0,4,0
2026092819,mert_v1,unweighted,0.25,raw,24,63,0.15199761726229316,0.46868533651389743,0.0,-0.002632482503428679,0,4,0
2026092819,mert_v1,unweighted,0.25,prior_offset,24,63,0.15199761726229316,0.46868533651389743,0.0,-0.002632482503428679,0,4,0
2026092819,mert_v1,unweighted,0.25,temperature,24,63,0.15331218564194649,0.48334377076318147,0.0013145683796533247,-0.0013179141237753544,0,4,0
2026092819,mert_v1,unweighted,0.25,platt,24,63,0.15463009976572184,0.483384712116447,0.002632482503428679,0.0,0,4,0
2026092819,mert_v1,unweighted,0.25,beta,24,63,0.1584894029970872,0.4957365676086301,0.006491785734794031,0.003859303231365352,0,4,2
2026092819,mert_v1,unweighted,0.25,isotonic,24,63,0.16820724559827963,1.3653592103871857,0.016209628335986465,0.013577145832557785,0,4,0
2026092819,mert_v1,unweighted,0.25,ridge_platt,24,63,0.1521920539758746,0.47179682703981907,0.00019443671358143622,-0.002438045789847243,0,4,0
2026092819,mert_v1,unweighted,0.5,raw,47,126,0.15199761726229316,0.46868533651389743,0.0,-0.003399430434627315,0,4,0
2026092819,mert_v1,unweighted,0.5,prior_offset,47,126,0.15199761726229316,0.46868533651389743,0.0,-0.003399430434627315,0,4,0
2026092819,mert_v1,unweighted,0.5,temperature,47,126,0.15411564011988754,0.49704562219671855,0.0021180228575943816,-0.0012814075770329336,0,4,0
2026092819,mert_v1,unweighted,0.5,platt,47,126,0.15539704769692048,0.49092481647535846,0.003399430434627315,0.0,0,4,0
2026092819,mert_v1,unweighted,0.5,beta,47,126,0.1545275750768836,0.4867994568210112,0.00252995781459045,-0.0008694726200368652,0,4,0
2026092819,mert_v1,unweighted,0.5,isotonic,47,126,0.15807270429273107,0.8788088871197347,0.006075087030437909,0.002675656595810594,0,4,0
2026092819,mert_v1,unweighted,0.5,ridge_platt,47,126,0.15466971531941526,0.4877720341002042,0.0026720980571220965,-0.0007273323775052187,0,4,0
2026092819,mert_v1,unweighted,1.0,raw,94,234,0.15199761726229316,0.46868533651389743,0.0,-0.0020404392187381437,0,4,0
2026092819,mert_v1,unweighted,1.0,prior_offset,94,234,0.15199761726229316,0.46868533651389743,0.0,-0.0020404392187381437,0,4,0
2026092819,mert_v1,unweighted,1.0,temperature,94,234,0.1531917461841459,0.47689229382023735,0.0011941289218527495,-0.0008463102968853942,0,4,0
2026092819,mert_v1,unweighted,1.0,platt,94,234,0.1540380564810313,0.4782116756562412,0.0020404392187381437,0.0,0,4,0
2026092819,mert_v1,unweighted,1.0,beta,94,234,0.1531797998892263,0.47437774049068737,0.0011821826269331481,-0.0008582565918049956,0,4,1
2026092819,mert_v1,unweighted,1.0,isotonic,94,234,0.1537646796908127,0.7631742028403032,0.001767062428519539,-0.0002733767902186046,0,4,0
2026092819,mert_v1,unweighted,1.0,ridge_platt,94,234,0.15243875135733967,0.4733340184712944,0.00044113409504650813,-0.0015993051236916356,0,4,0
