seed,representation,weighting,fraction,method,calibration_artists,calibration_tracks,macro_brier,macro_log_loss,delta_raw,delta_platt,fallback_labels,successful_labels,bound_hit_labels
2026092800,maest,ambient_balanced,0.25,raw,24,74,0.14753987455486467,0.4537584942644891,0.0,0.0008607854211507004,0,4,0
2026092800,maest,ambient_balanced,0.25,prior_offset,24,74,0.14468779119274477,0.4515654451586505,-0.002852083362119895,-0.0019912979409691944,0,4,0
2026092800,maest,ambient_balanced,0.25,temperature,24,74,0.1515506130296243,0.4721828677123681,0.004010738474759634,0.004871523895910335,0,4,0
2026092800,maest,ambient_balanced,0.25,platt,24,74,0.14667908913371397,0.4595412591017918,-0.0008607854211507004,0.0,0,4,0
2026092800,maest,ambient_balanced,0.25,beta,24,74,0.14715874103312324,0.46527680686275796,-0.00038113352174143356,0.0004796518994092669,0,4,3
2026092800,maest,ambient_balanced,0.25,isotonic,24,74,0.16267165981520568,1.9299677526139853,0.015131785260341007,0.015992570681491708,0,4,0
2026092800,maest,ambient_balanced,0.25,ridge_platt,24,74,0.14474830847608697,0.4478729543750468,-0.002791566078777702,-0.0019307806576270015,0,4,0
2026092800,maest,ambient_balanced,0.5,raw,47,126,0.14753987455486467,0.4537584942644891,0.0,0.0018481327027234096,0,4,0
2026092800,maest,ambient_balanced,0.5,prior_offset,47,126,0.14468779119274477,0.4515654451586505,-0.002852083362119895,-0.0010039506593964853,0,4,0
2026092800,maest,ambient_balanced,0.5,temperature,47,126,0.14842992338157723,0.4621960251574366,0.0008900488267125639,0.0027381815294359735,0,4,0
2026092800,maest,ambient_balanced,0.5,platt,47,126,0.14569174185214126,0.45891358909516056,-0.0018481327027234096,0.0,0,4,0
2026092800,maest,ambient_balanced,0.5,beta,47,126,0.14476590134114378,0.46297764206101616,-0.0027739732137208872,-0.0009258405109974777,0,4,1
2026092800,maest,ambient_balanced,0.5,isotonic,47,126,0.15306217670587408,1.1499734749611634,0.005522302151009406,0.007370434853732816,0,4,0
2026092800,maest,ambient_balanced,0.5,ridge_platt,47,126,0.1440266877715231,0.447575690233529,-0.0035131867833415598,-0.0016650540806181502,0,4,0
2026092800,maest,ambient_balanced,1.0,raw,94,235,0.14753987455486467,0.4537584942644891,0.0,0.0016060692820305256,0,4,0
2026092800,maest,ambient_balanced,1.0,prior_offset,94,235,0.14468779119274477,0.4515654451586505,-0.002852083362119895,-0.0012460140800893693,0,4,0
2026092800,maest,ambient_balanced,1.0,temperature,94,235,0.14796834077502743,0.45778385313936626,0.00042846622016276537,0.002034535502193291,0,4,0
2026092800,maest,ambient_balanced,1.0,platt,94,235,0.14593380527283414,0.4564103764774825,-0.0016060692820305256,0.0,0,4,0
2026092800,maest,ambient_balanced,1.0,beta,94,235,0.14555315499346227,0.4562598970503412,-0.0019867195614023947,-0.0003806502793718691,0,4,1
2026092800,maest,ambient_balanced,1.0,isotonic,94,235,0.14676256544269434,0.8006439693029255,-0.0007773091121703324,0.0008287601698601932,0,4,0
2026092800,maest,ambient_balanced,1.0,ridge_platt,94,235,0.1431231333251569,0.44606645258628463,-0.004416741229707782,-0.002810671947677257,0,4,0
2026092800,maest,unweighted,0.25,raw,24,74,0.14328937017679433,0.44417670807515314,0.0,-0.0030746913903906825,0,4,0
2026092800,maest,unweighted,0.25,prior_offset,24,74,0.14328937017679433,0.44417670807515314,0.0,-0.0030746913903906825,0,4,0
2026092800,maest,unweighted,0.25,temperature,24,74,0.14663654150599834,0.45858264319196973,0.0033471713292040073,0.0002724799388133248,0,4,0
2026092800,maest,unweighted,0.25,platt,24,74,0.146364061567185,0.45840097588928974,0.0030746913903906825,0.0,0,4,0
2026092800,maest,unweighted,0.25,beta,24,74,0.14706912813771447,0.4607515769353612,0.0037797579609201437,0.0007050665705294612,0,4,3
2026092800,maest,unweighted,0.25,isotonic,24,74,0.16147766514925557,1.9573157680926787,0.018188294972461244,0.015113603582070562,0,4,0
2026092800,maest,unweighted,0.25,ridge_platt,24,74,0.14329772274905012,0.445110406091312,8.35257225578756e-06,-0.003066338818134895,0,4,0
2026092800,maest,unweighted,0.5,raw,47,126,0.14328937017679433,0.44417670807515314,0.0,-0.002147992588197728,0,4,0
2026092800,maest,unweighted,0.5,prior_offset,47,126,0.14328937017679433,0.44417670807515314,0.0,-0.002147992588197728,0,4,0
2026092800,maest,unweighted,0.5,temperature,47,126,0.14455221593366865,0.45444551743727857,0.0012628457568743257,-0.0008851468313234023,0,4,0
2026092800,maest,unweighted,0.5,platt,47,126,0.14543736276499206,0.45812884182615166,0.002147992588197728,0.0,0,4,0
2026092800,maest,unweighted,0.5,beta,47,126,0.14476431015707714,0.45886939000766663,0.0014749399802828078,-0.0006730526079149202,0,4,1
2026092800,maest,unweighted,0.5,isotonic,47,126,0.1526601833315668,1.07968947424092,0.009370813154772478,0.00722282056657475,0,4,0
2026092800,maest,unweighted,0.5,ridge_platt,47,126,0.1430702488494825,0.4435872551219885,-0.0002191213273118331,-0.002367113915509561,0,4,0
2026092800,maest,unweighted,1.0,raw,94,235,0.14328937017679433,0.44417670807515314,0.0,-0.0024238843342643257,0,4,0
2026092800,maest,unweighted,1.0,prior_offset,94,235,0.14328937017679433,0.44417670807515314,0.0,-0.0024238843342643257,0,4,0
2026092800,maest,unweighted,1.0,temperature,94,235,0.1443813745287648,0.4518051244625297,0.0010920043519704603,-0.0013318799822938654,0,4,0
2026092800,maest,unweighted,1.0,platt,94,235,0.14571325451105865,0.45581484630727254,0.0024238843342643257,0.0,0,4,0
2026092800,maest,unweighted,1.0,beta,94,235,0.14554928477231374,0.4549476656337775,0.0022599145955194133,-0.00016396973874491239,0,4,1
2026092800,maest,unweighted,1.0,isotonic,94,235,0.14685091818093746,0.7988140674404796,0.003561548004143128,0.0011376636698788023,0,4,0
2026092800,maest,unweighted,1.0,ridge_platt,94,235,0.14229107558560067,0.4424301357122019,-0.0009982945911936603,-0.003422178925457986,0,4,0
2026092800,mert_v0,ambient_balanced,0.25,raw,24,74,0.15956869067123747,0.4910191116885066,0.0,0.0020565477611529936,0,4,0
2026092800,mert_v0,ambient_balanced,0.25,prior_offset,24,74,0.15393219681933437,0.47960557128370407,-0.005636493851903096,-0.0035799460907501024,0,4,0
2026092800,mert_v0,ambient_balanced,0.25,temperature,24,74,0.1617243979684969,0.49853491928268256,0.002155707297259446,0.00421225505841244,0,4,0
2026092800,mert_v0,ambient_balanced,0.25,platt,24,74,0.15751214291008447,0.4886761619785485,-0.0020565477611529936,0.0,0,4,0
2026092800,mert_v0,ambient_balanced,0.25,beta,24,74,0.15863144597416703,0.4933217164929492,-0.0009372446970704329,0.0011193030640825608,0,4,2
2026092800,mert_v0,ambient_balanced,0.25,isotonic,24,74,0.17191256893395923,1.6381735364974432,0.012343878262721764,0.014400426023874757,0,4,0
2026092800,mert_v0,ambient_balanced,0.25,ridge_platt,24,74,0.1555160651832664,0.48222917664268433,-0.004052625487971057,-0.001996077726818063,0,4,0
2026092800,mert_v0,ambient_balanced,0.5,raw,47,126,0.15956869067123747,0.4910191116885066,0.0,0.0038444232057665007,0,4,0
2026092800,mert_v0,ambient_balanced,0.5,prior_offset,47,126,0.15393219681933437,0.47960557128370407,-0.005636493851903096,-0.0017920706461365954,0,4,0
2026092800,mert_v0,ambient_balanced,0.5,temperature,47,126,0.16046556019969457,0.4967932842027693,0.000896869528457106,0.004741292734223607,0,4,0
2026092800,mert_v0,ambient_balanced,0.5,platt,47,126,0.15572426746547097,0.4870694906958795,-0.0038444232057665007,0.0,0,4,0
2026092800,mert_v0,ambient_balanced,0.5,beta,47,126,0.15635485902683832,0.490416722127464,-0.0032138316443991455,0.0006305915613673552,0,4,2
2026092800,mert_v0,ambient_balanced,0.5,isotonic,47,126,0.16621325665487902,1.1817188656780035,0.006644565983641548,0.010488989189408049,0,4,0
2026092800,mert_v0,ambient_balanced,0.5,ridge_platt,47,126,0.15267008725412654,0.4745773452786585,-0.006898603417110932,-0.0030541802113444316,0,4,0
2026092800,mert_v0,ambient_balanced,1.0,raw,94,235,0.15956869067123747,0.4910191116885066,0.0,0.000578156363880894,0,4,0
2026092800,mert_v0,ambient_balanced,1.0,prior_offset,94,235,0.15393219681933437,0.47960557128370407,-0.005636493851903096,-0.005058337488022202,0,4,0
2026092800,mert_v0,ambient_balanced,1.0,temperature,94,235,0.1598690682055308,0.4926210482204737,0.00030037753429332237,0.0008785338981742163,0,4,0
2026092800,mert_v0,ambient_balanced,1.0,platt,94,235,0.15899053430735657,0.49419425455447313,-0.000578156363880894,0.0,0,4,0
2026092800,mert_v0,ambient_balanced,1.0,beta,94,235,0.15938373788111565,0.4967825849161847,-0.0001849527901218173,0.00039320357375907666,0,4,1
2026092800,mert_v0,ambient_balanced,1.0,isotonic,94,235,0.16076580540551466,0.8767129273304985,0.0011971147342771937,0.0017752710981580877,0,4,0
2026092800,mert_v0,ambient_balanced,1.0,ridge_platt,94,235,0.15751253789563222,0.4888735013445461,-0.0020561527756052522,-0.0014779964117243582,0,4,0
2026092800,mert_v0,unweighted,0.25,raw,24,74,0.1535723607035177,0.4775646815229083,0.0,-0.00428004400901183,0,4,0
2026092800,mert_v0,unweighted,0.25,prior_offset,24,74,0.1535723607035177,0.4775646815229083,0.0,-0.00428004400901183,0,4,0
2026092800,mert_v0,unweighted,0.25,temperature,24,74,0.15604193965114188,0.48617973775052764,0.0024695789476241736,-0.001810465061387656,0,4,0
2026092800,mert_v0,unweighted,0.25,platt,24,74,0.15785240471252954,0.48982406746148843,0.00428004400901183,0.0,0,4,0
2026092800,mert_v0,unweighted,0.25,beta,24,74,0.1591553773901549,0.49306301584968243,0.005583016686637188,0.001302972677625358,0,4,2
2026092800,mert_v0,unweighted,0.25,isotonic,24,74,0.1735230836075904,1.7045864499226686,0.019950722904072682,0.015670678895060852,0,4,0
2026092800,mert_v0,unweighted,0.25,ridge_platt,24,74,0.15529660931325387,0.48313064725680166,0.001724248609736162,-0.0025557953992756677,0,4,0
2026092800,mert_v0,unweighted,0.5,raw,47,126,0.1535723607035177,0.4775646815229083,0.0,-0.0026104948849283716,0,4,0
2026092800,mert_v0,unweighted,0.5,prior_offset,47,126,0.1535723607035177,0.4775646815229083,0.0,-0.0026104948849283716,0,4,0
2026092800,mert_v0,unweighted,0.5,temperature,47,126,0.15415042750038363,0.48228138397093284,0.0005780667968659225,-0.002032428088062449,0,4,0
2026092800,mert_v0,unweighted,0.5,platt,47,126,0.15618285558844608,0.48853703097013707,0.0026104948849283716,0.0,0,4,0
2026092800,mert_v0,unweighted,0.5,beta,47,126,0.1569558927683093,0.4903913128027936,0.0033835320647915834,0.0007730371798632119,0,4,2
2026092800,mert_v0,unweighted,0.5,isotonic,47,126,0.16813653898803343,1.2487023318601689,0.014564178284515727,0.011953683399587356,0,4,0
2026092800,mert_v0,unweighted,0.5,ridge_platt,47,126,0.15343426800533994,0.4774193889825692,-0.00013809269817777192,-0.0027485875831061435,0,4,0
2026092800,mert_v0,unweighted,1.0,raw,94,235,0.1535723607035177,0.4775646815229083,0.0,-0.005920298905557675,0,4,0
2026092800,mert_v0,unweighted,1.0,prior_offset,94,235,0.1535723607035177,0.4775646815229083,0.0,-0.005920298905557675,0,4,0
2026092800,mert_v0,unweighted,1.0,temperature,94,235,0.15452773561030686,0.48176942281908025,0.0009553749067891526,-0.004964923998768522,0,4,0
2026092800,mert_v0,unweighted,1.0,platt,94,235,0.15949265960907538,0.49591403677019213,0.005920298905557675,0.0,0,4,0
2026092800,mert_v0,unweighted,1.0,beta,94,235,0.1601134128131953,0.4983997954805422,0.006541052109677592,0.0006207532041199171,0,4,1
2026092800,mert_v0,unweighted,1.0,isotonic,94,235,0.16255129838433938,0.8841301579834318,0.00897893768082167,0.0030586387752639943,0,4,0
2026092800,mert_v0,unweighted,1.0,ridge_platt,94,235,0.15778981410399162,0.4899889932764222,0.004217453400473914,-0.001702845505083761,0,4,0
2026092800,mert_v1,ambient_balanced,0.25,raw,24,74,0.16217091479814208,0.4984824660653908,0.0,0.006745943410877753,0,4,0
2026092800,mert_v1,ambient_balanced,0.25,prior_offset,24,74,0.15434960786794724,0.4834503744013605,-0.007821306930194838,-0.0010753635193170852,0,4,0
2026092800,mert_v1,ambient_balanced,0.25,temperature,24,74,0.16478707030086773,0.5077001266400849,0.002616155502725648,0.0093620989136034,0,4,0
2026092800,mert_v1,ambient_balanced,0.25,platt,24,74,0.15542497138726433,0.4868741830024323,-0.006745943410877753,0.0,0,4,0
2026092800,mert_v1,ambient_balanced,0.25,beta,24,74,0.1575657243840274,0.4983912645560534,-0.004605190414114668,0.0021407529967630845,0,4,3
2026092800,mert_v1,ambient_balanced,0.25,isotonic,24,74,0.1624928185839664,1.3309187971703733,0.0003219037858243068,0.0070678471967020595,0,4,0
2026092800,mert_v1,ambient_balanced,0.25,ridge_platt,24,74,0.15600578949364427,0.48476184314872717,-0.006165125304497809,0.0005808181063799434,0,4,0
2026092800,mert_v1,ambient_balanced,0.5,raw,47,126,0.16217091479814208,0.4984824660653908,0.0,0.0051993150092511375,0,4,0
2026092800,mert_v1,ambient_balanced,0.5,prior_offset,47,126,0.15434960786794724,0.4834503744013605,-0.007821306930194838,-0.0026219919209437004,0,4,0
2026092800,mert_v1,ambient_balanced,0.5,temperature,47,126,0.1631753402307774,0.503802074508975,0.0010044254326353197,0.006203740441886457,0,4,0
2026092800,mert_v1,ambient_balanced,0.5,platt,47,126,0.15697159978889094,0.4917768684821093,-0.0051993150092511375,0.0,0,4,0
2026092800,mert_v1,ambient_balanced,0.5,beta,47,126,0.15830027250485645,0.501284740108566,-0.0038706422932856255,0.001328672715965512,0,4,2
2026092800,mert_v1,ambient_balanced,0.5,isotonic,47,126,0.1641655037574455,1.3358357254371696,0.001994588959303434,0.007193903968554571,0,4,0
2026092800,mert_v1,ambient_balanced,0.5,ridge_platt,47,126,0.1537864982634736,0.4799178073105774,-0.008384416534668482,-0.0031851015254173443,0,4,0
2026092800,mert_v1,ambient_balanced,1.0,raw,94,235,0.16217091479814208,0.4984824660653908,0.0,0.003960879696647407,0,4,0
2026092800,mert_v1,ambient_balanced,1.0,prior_offset,94,235,0.15434960786794724,0.4834503744013605,-0.007821306930194838,-0.003860427233547431,0,4,0
2026092800,mert_v1,ambient_balanced,1.0,temperature,94,235,0.16297443528380937,0.5015843105850002,0.0008035204856672862,0.004764400182314693,0,4,0
2026092800,mert_v1,ambient_balanced,1.0,platt,94,235,0.15821003510149467,0.49438725252448645,-0.003960879696647407,0.0,0,4,0
2026092800,mert_v1,ambient_balanced,1.0,beta,94,235,0.15858548536465966,0.5013303615399536,-0.0035854294334824177,0.0003754502631649892,0,4,2
2026092800,mert_v1,ambient_balanced,1.0,isotonic,94,235,0.16025316854456148,0.9055897458995933,-0.001917746253580599,0.002043133443066808,0,4,0
2026092800,mert_v1,ambient_balanced,1.0,ridge_platt,94,235,0.15399258262958446,0.4810018566052612,-0.008178332168557623,-0.004217452471910216,0,4,0
2026092800,mert_v1,unweighted,0.25,raw,24,74,0.1540445140347341,0.48101462728536737,0.0,-0.0017672474569877528,0,4,0
2026092800,mert_v1,unweighted,0.25,prior_offset,24,74,0.1540445140347341,0.48101462728536737,0.0,-0.0017672474569877528,0,4,0
2026092800,mert_v1,unweighted,0.25,temperature,24,74,0.15703424583278278,0.4912979554617979,0.002989731798048678,0.0012224843410609254,0,4,0
2026092800,mert_v1,unweighted,0.25,platt,24,74,0.15581176149172185,0.4880763988333866,0.0017672474569877528,0.0,0,4,0
2026092800,mert_v1,unweighted,0.25,beta,24,74,0.1579160845551712,0.4949851571173971,0.003871570520437101,0.002104323063449348,0,4,3
2026092800,mert_v1,unweighted,0.25,isotonic,24,74,0.1631044848731314,1.3946905094348465,0.009059970838397297,0.007292723381409544,0,4,0
2026092800,mert_v1,unweighted,0.25,ridge_platt,24,74,0.15471915883359896,0.48319115694777715,0.0006746447988648652,-0.0010926026581228876,0,4,0
2026092800,mert_v1,unweighted,0.5,raw,47,126,0.1540445140347341,0.48101462728536737,0.0,-0.003441286670160637,0,4,0
2026092800,mert_v1,unweighted,0.5,prior_offset,47,126,0.1540445140347341,0.48101462728536737,0.0,-0.003441286670160637,0,4,0
2026092800,mert_v1,unweighted,0.5,temperature,47,126,0.1551367082509106,0.48686550768186315,0.001092194216176512,-0.002349092453984125,0,4,0
2026092800,mert_v1,unweighted,0.5,platt,47,126,0.15748580070489474,0.49343827238956073,0.003441286670160637,0.0,0,4,0
2026092800,mert_v1,unweighted,0.5,beta,47,126,0.15875180242749642,0.49819603637768123,0.004707288392762327,0.0012660017226016895,0,4,2
2026092800,mert_v1,unweighted,0.5,isotonic,47,126,0.1648853528390012,1.3993382171669677,0.010840838804267089,0.007399552134106452,0,4,0
2026092800,mert_v1,unweighted,0.5,ridge_platt,47,126,0.1540445140347341,0.48101462728536737,0.0,-0.003441286670160637,0,4,0
2026092800,mert_v1,unweighted,1.0,raw,94,235,0.1540445140347341,0.48101462728536737,0.0,-0.004732539805085811,0,4,0
2026092800,mert_v1,unweighted,1.0,prior_offset,94,235,0.1540445140347341,0.48101462728536737,0.0,-0.004732539805085811,0,4,0
2026092800,mert_v1,unweighted,1.0,temperature,94,235,0.15556818713860632,0.48703395345030764,0.0015236731038722195,-0.003208866701213592,0,4,0
2026092800,mert_v1,unweighted,1.0,platt,94,235,0.1587770538398199,0.496399769032213,0.004732539805085811,0.0,0,4,0
2026092800,mert_v1,unweighted,1.0,beta,94,235,0.1592976382565976,0.49987926267023497,0.005253124221863498,0.0005205844167776863,0,4,2
2026092800,mert_v1,unweighted,1.0,isotonic,94,235,0.160223874857718,0.9365497006258368,0.006179360822983898,0.0014468210178980867,0,4,0
2026092800,mert_v1,unweighted,1.0,ridge_platt,94,235,0.15392285760106547,0.4804530837481944,-0.00012165643366862655,-0.004854196238754438,0,4,0
2026092801,maest,ambient_balanced,0.25,raw,24,49,0.14087464866478902,0.4400203687483843,0.0,-0.00347205036133838,0,4,0
2026092801,maest,ambient_balanced,0.25,prior_offset,24,49,0.13705235481483088,0.4315623251089945,-0.003822293849958136,-0.007294344211296516,0,4,0
2026092801,maest,ambient_balanced,0.25,temperature,24,49,0.14182969679847193,0.4485626914593204,0.000955048133682912,-0.002517002227655468,0,4,0
2026092801,maest,ambient_balanced,0.25,platt,24,49,0.1443466990261274,0.47578307887732507,0.00347205036133838,0.0,0,4,0
2026092801,maest,ambient_balanced,0.25,beta,24,49,0.14627291068805326,0.5082955659516146,0.005398262023264239,0.0019262116619258585,0,4,1
2026092801,maest,ambient_balanced,0.25,isotonic,24,49,0.15382842383282033,2.0226931722364485,0.012953775168031312,0.009481724806692932,0,4,0
2026092801,maest,ambient_balanced,0.25,ridge_platt,24,49,0.14397188242051395,0.4683776868496675,0.003097233755724932,-0.0003748166056134483,0,4,0
2026092801,maest,ambient_balanced,0.5,raw,47,115,0.14087464866478902,0.4400203687483843,0.0,0.00031713735854718705,0,4,0
2026092801,maest,ambient_balanced,0.5,prior_offset,47,115,0.13705235481483088,0.4315623251089945,-0.003822293849958136,-0.003505156491410949,0,4,0
2026092801,maest,ambient_balanced,0.5,temperature,47,115,0.1412897555297254,0.442368161287771,0.00041510686493637095,0.000732244223483558,0,4,0
2026092801,maest,ambient_balanced,0.5,platt,47,115,0.14055751130624183,0.4383791078561658,-0.00031713735854718705,0.0,0,4,0
2026092801,maest,ambient_balanced,0.5,beta,47,115,0.1395842479685097,0.43790532468847093,-0.001290400696279309,-0.000973263337732122,0,4,1
2026092801,maest,ambient_balanced,0.5,isotonic,47,115,0.14283922122797185,0.9284596405002472,0.0019645725631828315,0.0022817099217300185,0,4,0
2026092801,maest,ambient_balanced,0.5,ridge_platt,47,115,0.13839899794189917,0.43197930148612357,-0.002475650722889855,-0.002158513364342668,0,4,0
2026092801,maest,ambient_balanced,1.0,raw,94,245,0.14087464866478902,0.4400203687483843,0.0,0.0018166221135043625,0,4,0
2026092801,maest,ambient_balanced,1.0,prior_offset,94,245,0.13705235481483088,0.4315623251089945,-0.003822293849958136,-0.0020056717364537735,0,4,0
2026092801,maest,ambient_balanced,1.0,temperature,94,245,0.1422971785723639,0.44444295978428994,0.001422529907574882,0.0032391520210792446,0,4,0
2026092801,maest,ambient_balanced,1.0,platt,94,245,0.13905802655128466,0.4353523365490602,-0.0018166221135043625,0.0,0,4,0
2026092801,maest,ambient_balanced,1.0,beta,94,245,0.1383721142615329,0.43362189394536904,-0.0025025344032561236,-0.0006859122897517611,0,4,0
2026092801,maest,ambient_balanced,1.0,isotonic,94,245,0.14329159789618676,0.700011557986282,0.002416949231397736,0.004233571344902098,0,4,0
2026092801,maest,ambient_balanced,1.0,ridge_platt,94,245,0.13820860360252543,0.43140330832061974,-0.002666045062263589,-0.0008494229487592264,0,4,0
2026092801,maest,unweighted,0.25,raw,24,49,0.13632919707376343,0.4280312800946799,0.0,-0.00804624540335333,0,4,0
2026092801,maest,unweighted,0.25,prior_offset,24,49,0.13632919707376343,0.4280312800946799,0.0,-0.00804624540335333,0,4,0
2026092801,maest,unweighted,0.25,temperature,24,49,0.1406028885809661,0.46196089896880277,0.004273691507202665,-0.0037725538961506655,0,4,0
2026092801,maest,unweighted,0.25,platt,24,49,0.14437544247711676,0.475399077818899,0.00804624540335333,0.0,0,4,0
2026092801,maest,unweighted,0.25,beta,24,49,0.14647952043225038,0.49453764076757845,0.010150323358486951,0.002104077955133621,0,4,1
2026092801,maest,unweighted,0.25,isotonic,24,49,0.15461191795482315,1.9958883629240134,0.018282720881059727,0.010236475477706397,0,4,0
2026092801,maest,unweighted,0.25,ridge_platt,24,49,0.14355502924111707,0.4658572121424249,0.007225832167353646,-0.0008204132359996841,0,4,0
2026092801,maest,unweighted,0.5,raw,47,115,0.13632919707376343,0.4280312800946799,0.0,-0.004329427699668792,0,4,0
2026092801,maest,unweighted,0.5,prior_offset,47,115,0.13632919707376343,0.4280312800946799,0.0,-0.004329427699668792,0,4,0
2026092801,maest,unweighted,0.5,temperature,47,115,0.13635326720725696,0.4294403736201078,2.4070133493536705e-05,-0.004305357566175255,0,4,0
2026092801,maest,unweighted,0.5,platt,47,115,0.14065862477343222,0.4387939549718609,0.004329427699668792,0.0,0,4,0
2026092801,maest,unweighted,0.5,beta,47,115,0.13978461717146426,0.43875717098887246,0.0034554200977008342,-0.0008740076019679577,0,4,1
2026092801,maest,unweighted,0.5,isotonic,47,115,0.1428055995708506,0.9278560369010787,0.006476402497087169,0.0021469747974183773,0,4,0
2026092801,maest,unweighted,0.5,ridge_platt,47,115,0.13752897585752755,0.43016536186482973,0.0011997787837641216,-0.0031296489159046703,0,4,0
2026092801,maest,unweighted,1.0,raw,94,245,0.13632919707376343,0.4280312800946799,0.0,-0.0027924076903271533,0,4,0
2026092801,maest,unweighted,1.0,prior_offset,94,245,0.13632919707376343,0.4280312800946799,0.0,-0.0027924076903271533,0,4,0
2026092801,maest,unweighted,1.0,temperature,94,245,0.13717166818012627,0.43093477293936067,0.0008424711063628465,-0.0019499365839643068,0,4,0
2026092801,maest,unweighted,1.0,platt,94,245,0.13912160476409058,0.43569073122791846,0.0027924076903271533,0.0,0,4,0
2026092801,maest,unweighted,1.0,beta,94,245,0.1384138775737364,0.43391662078929993,0.002084680499972985,-0.0007077271903541682,0,4,0
2026092801,maest,unweighted,1.0,isotonic,94,245,0.14330397550478505,0.7005766496973016,0.006974778431021622,0.004182370740694469,0,4,0
2026092801,maest,unweighted,1.0,ridge_platt,94,245,0.13746280829161875,0.4298981971633129,0.0011336112178553237,-0.0016587964724718296,0,4,0
2026092801,mert_v0,ambient_balanced,0.25,raw,24,49,0.15051014390799677,0.4677833703574909,0.0,0.004467645396179748,0,4,0
2026092801,mert_v0,ambient_balanced,0.25,prior_offset,24,49,0.14303230578538784,0.447144746841506,-0.007477838122608937,-0.0030101927264291894,0,4,0
2026092801,mert_v0,ambient_balanced,0.25,temperature,24,49,0.15214268200320202,0.4873716845595613,0.0016325380952052493,0.006100183491384997,0,4,0
2026092801,mert_v0,ambient_balanced,0.25,platt,24,49,0.14604249851181703,0.48682914960519846,-0.004467645396179748,0.0,0,4,0
2026092801,mert_v0,ambient_balanced,0.25,beta,24,49,0.14650953690445664,0.4867663457976379,-0.00400060700354013,0.0004670383926396182,0,4,3
2026092801,mert_v0,ambient_balanced,0.25,isotonic,24,49,0.15441866225017917,1.9875014681341256,0.003908518342182393,0.008376163738362141,0,4,0
2026092801,mert_v0,ambient_balanced,0.25,ridge_platt,24,49,0.14453613306180657,0.4728752967397583,-0.005974010846190203,-0.001506365450010455,0,4,0
2026092801,mert_v0,ambient_balanced,0.5,raw,47,115,0.15051014390799677,0.4677833703574909,0.0,0.004672962578460393,0,4,0
2026092801,mert_v0,ambient_balanced,0.5,prior_offset,47,115,0.14303230578538784,0.447144746841506,-0.007477838122608937,-0.002804875544148544,0,4,0
2026092801,mert_v0,ambient_balanced,0.5,temperature,47,115,0.1527602865151494,0.47677320663230255,0.0022501426071526165,0.00692310518561301,0,4,0
2026092801,mert_v0,ambient_balanced,0.5,platt,47,115,0.14583718132953638,0.4606875139973373,-0.004672962578460393,0.0,0,4,0
2026092801,mert_v0,ambient_balanced,0.5,beta,47,115,0.14799714680752996,0.4694022134528611,-0.0025129971004668183,0.002159965477993575,0,4,3
2026092801,mert_v0,ambient_balanced,0.5,isotonic,47,115,0.1578452763361936,1.2844122867855616,0.007335132428196833,0.012008095006657227,0,4,0
2026092801,mert_v0,ambient_balanced,0.5,ridge_platt,47,115,0.14668393364778332,0.45754363983449486,-0.0038262102602134584,0.000846752318246935,0,4,0
2026092801,mert_v0,ambient_balanced,1.0,raw,94,245,0.15051014390799677,0.4677833703574909,0.0,0.0076540555814375855,0,4,0
2026092801,mert_v0,ambient_balanced,1.0,prior_offset,94,245,0.14303230578538784,0.447144746841506,-0.007477838122608937,0.00017621745882864803,0,4,0
2026092801,mert_v0,ambient_balanced,1.0,temperature,94,245,0.15092046897497816,0.46945295673704074,0.0004103250669813818,0.008064380648418967,0,4,0
2026092801,mert_v0,ambient_balanced,1.0,platt,94,245,0.1428560883265592,0.4492042938112186,-0.0076540555814375855,0.0,0,4,0
2026092801,mert_v0,ambient_balanced,1.0,beta,94,245,0.14386919646414098,0.4537785768397777,-0.006640947443855794,0.0010131081375817919,0,4,2
2026092801,mert_v0,ambient_balanced,1.0,isotonic,94,245,0.14840332846561594,0.5690326877490668,-0.0021068154423808383,0.005547240139056747,0,4,0
2026092801,mert_v0,ambient_balanced,1.0,ridge_platt,94,245,0.14248573265988704,0.446874230973373,-0.008024411248109736,-0.0003703556666721508,0,4,0
2026092801,mert_v0,unweighted,0.25,raw,24,49,0.1428696856333354,0.4471996742190184,0.0,-0.0033752484465661425,0,4,0
2026092801,mert_v0,unweighted,0.25,prior_offset,24,49,0.1428696856333354,0.4471996742190184,0.0,-0.0033752484465661425,0,4,0
2026092801,mert_v0,unweighted,0.25,temperature,24,49,0.14627106354868966,0.4750894792998973,0.003401377915354248,2.6129468788105292e-05,0,4,0
2026092801,mert_v0,unweighted,0.25,platt,24,49,0.14624493407990155,0.4881800002340715,0.0033752484465661425,0.0,0,4,0
2026092801,mert_v0,unweighted,0.25,beta,24,49,0.14725268396405725,0.48691463805946034,0.004382998330721838,0.0010077498841556953,0,4,3
2026092801,mert_v0,unweighted,0.25,isotonic,24,49,0.15472286380025607,1.9243411411052902,0.011853178166920664,0.008477929720354521,0,4,0
2026092801,mert_v0,unweighted,0.25,ridge_platt,24,49,0.14372247371088803,0.4714496988933178,0.0008527880775526242,-0.0025224603690135183,0,4,0
2026092801,mert_v0,unweighted,0.5,raw,47,115,0.1428696856333354,0.4471996742190184,0.0,-0.0030308195844180874,0,4,0
2026092801,mert_v0,unweighted,0.5,prior_offset,47,115,0.1428696856333354,0.4471996742190184,0.0,-0.0030308195844180874,0,4,0
2026092801,mert_v0,unweighted,0.5,temperature,47,115,0.14487724303170507,0.4553518627037251,0.0020075573983696637,-0.0010232621860484237,0,4,0
2026092801,mert_v0,unweighted,0.5,platt,47,115,0.1459005052177535,0.4612053853907835,0.0030308195844180874,0.0,0,4,0
2026092801,mert_v0,unweighted,0.5,beta,47,115,0.14831364032191385,0.47098314569580113,0.005443954688578445,0.0024131351041603577,0,4,3
2026092801,mert_v0,unweighted,0.5,isotonic,47,115,0.15746469047994677,1.2841147779239632,0.014595004846611359,0.011564185262193272,0,4,0
2026092801,mert_v0,unweighted,0.5,ridge_platt,47,115,0.14581402293362217,0.4555589125554435,0.002944337300286759,-8.648228413132841e-05,0,4,0
2026092801,mert_v0,unweighted,1.0,raw,94,245,0.1428696856333354,0.4471996742190184,0.0,-1.9407798529935683e-05,0,4,0
2026092801,mert_v0,unweighted,1.0,prior_offset,94,245,0.1428696856333354,0.4471996742190184,0.0,-1.9407798529935683e-05,0,4,0
2026092801,mert_v0,unweighted,1.0,temperature,94,245,0.14325007927136635,0.44863170063654956,0.0003803936380309403,0.0003609858395010046,0,4,0
2026092801,mert_v0,unweighted,1.0,platt,94,245,0.14288909343186534,0.44966465631050645,1.9407798529935683e-05,0.0,0,4,0
2026092801,mert_v0,unweighted,1.0,beta,94,245,0.14385216272687973,0.45403316054312104,0.0009824770935443206,0.0009630692950143849,0,4,2
2026092801,mert_v0,unweighted,1.0,isotonic,94,245,0.14909979926751538,0.571666318976845,0.006230113634179968,0.006210705835650032,0,4,0
2026092801,mert_v0,unweighted,1.0,ridge_platt,94,245,0.1430729703009727,0.44866003552170175,0.00020328466763730457,0.0001838768691073689,0,4,0
2026092801,mert_v1,ambient_balanced,0.25,raw,24,49,0.1502984637653613,0.46540872035604314,0.0,0.003676325478727982,0,4,0
2026092801,mert_v1,ambient_balanced,0.25,prior_offset,24,49,0.14362897451727738,0.4461932849021436,-0.006669489248083915,-0.002993163769355933,0,4,0
2026092801,mert_v1,ambient_balanced,0.25,temperature,24,49,0.1512315164283249,0.482526787910452,0.0009330526629636182,0.0046093781416916,0,4,0
2026092801,mert_v1,ambient_balanced,0.25,platt,24,49,0.1466221382866333,0.4873797785194862,-0.003676325478727982,0.0,0,4,0
2026092801,mert_v1,ambient_balanced,0.25,beta,24,49,0.14734221025196742,0.49302127984691857,-0.002956253513393875,0.000720071965334107,0,4,2
2026092801,mert_v1,ambient_balanced,0.25,isotonic,24,49,0.15528016585294627,1.6559843938699976,0.004981702087584972,0.008658027566312954,0,4,0
2026092801,mert_v1,ambient_balanced,0.25,ridge_platt,24,49,0.14409152281555046,0.4727482513149564,-0.006206940949810835,-0.0025306154710828532,0,4,0
2026092801,mert_v1,ambient_balanced,0.5,raw,47,115,0.1502984637653613,0.46540872035604314,0.0,0.003369169850536091,0,4,0
2026092801,mert_v1,ambient_balanced,0.5,prior_offset,47,115,0.14362897451727738,0.4461932849021436,-0.006669489248083915,-0.003300319397547824,0,4,0
2026092801,mert_v1,ambient_balanced,0.5,temperature,47,115,0.15212022316403237,0.4731487540327488,0.0018217593986710745,0.005190929249207166,0,4,0
2026092801,mert_v1,ambient_balanced,0.5,platt,47,115,0.1469292939148252,0.4594902292215435,-0.003369169850536091,0.0,0,4,0
2026092801,mert_v1,ambient_balanced,0.5,beta,47,115,0.1491773822171947,0.4678012220247577,-0.0011210815481665914,0.0022480883023694997,0,4,2
2026092801,mert_v1,ambient_balanced,0.5,isotonic,47,115,0.15175833922471993,1.058641155642383,0.0014598754593586338,0.004829045309894725,0,4,0
2026092801,mert_v1,ambient_balanced,0.5,ridge_platt,47,115,0.14492645630491277,0.44975003451480194,-0.005372007460448525,-0.0020028376099124334,0,4,0
2026092801,mert_v1,ambient_balanced,1.0,raw,94,245,0.1502984637653613,0.46540872035604314,0.0,0.005790729029503255,0,4,0
2026092801,mert_v1,ambient_balanced,1.0,prior_offset,94,245,0.14362897451727738,0.4461932849021436,-0.006669489248083915,-0.0008787602185806598,0,4,0
2026092801,mert_v1,ambient_balanced,1.0,temperature,94,245,0.15110927081481526,0.46863738399034827,0.0008108070494539654,0.006601536078957221,0,4,0
2026092801,mert_v1,ambient_balanced,1.0,platt,94,245,0.14450773473585804,0.4502783360848649,-0.005790729029503255,0.0,0,4,0
2026092801,mert_v1,ambient_balanced,1.0,beta,94,245,0.1454902618549967,0.4532694008788181,-0.004808201910364601,0.0009825271191386542,0,4,2
2026092801,mert_v1,ambient_balanced,1.0,isotonic,94,245,0.1476737051057278,0.5894525062611179,-0.0026247586596334915,0.003165970369869764,0,4,0
2026092801,mert_v1,ambient_balanced,1.0,ridge_platt,94,245,0.14385961444202477,0.44654586580090344,-0.006438849323336521,-0.0006481202938332653,0,4,0
2026092801,mert_v1,unweighted,0.25,raw,24,49,0.14376883892936246,0.446972330762616,0.0,-0.003160223095047071,0,4,0
2026092801,mert_v1,unweighted,0.25,prior_offset,24,49,0.14376883892936246,0.446972330762616,0.0,-0.003160223095047071,0,4,0
2026092801,mert_v1,unweighted,0.25,temperature,24,49,0.14819471264779244,0.47910594449408983,0.004425873718429979,0.001265650623382908,0,4,0
2026092801,mert_v1,unweighted,0.25,platt,24,49,0.14692906202440953,0.48865785302526626,0.003160223095047071,0.0,0,4,0
2026092801,mert_v1,unweighted,0.25,beta,24,49,0.14827872495713806,0.4939247808283347,0.004509886027775606,0.0013496629327285348,0,4,2
2026092801,mert_v1,unweighted,0.25,isotonic,24,49,0.15618906556401776,1.7254296010957622,0.012420226634655307,0.009260003539608236,0,4,0
2026092801,mert_v1,unweighted,0.25,ridge_platt,24,49,0.1442727039262187,0.4736044843083422,0.0005038649968562292,-0.002656358098190842,0,4,0
2026092801,mert_v1,unweighted,0.5,raw,47,115,0.14376883892936246,0.446972330762616,0.0,-0.0035041770999355293,0,4,0
2026092801,mert_v1,unweighted,0.5,prior_offset,47,115,0.14376883892936246,0.446972330762616,0.0,-0.0035041770999355293,0,4,0
2026092801,mert_v1,unweighted,0.5,temperature,47,115,0.14653019767521003,0.4573219473250822,0.0027613587458475697,-0.0007428183540879596,0,4,0
2026092801,mert_v1,unweighted,0.5,platt,47,115,0.147273016029298,0.4608289918642362,0.0035041770999355293,0.0,0,4,0
2026092801,mert_v1,unweighted,0.5,beta,47,115,0.14965067718664998,0.46962683054880827,0.005881838257287525,0.0023776611573519957,0,4,2
2026092801,mert_v1,unweighted,0.5,isotonic,47,115,0.15113807238369187,1.0242465012222308,0.00736923345432941,0.003865056354393881,0,4,0
2026092801,mert_v1,unweighted,0.5,ridge_platt,47,115,0.14548040926699246,0.451473935132978,0.0017115703376300029,-0.0017926067623055264,0,4,0
2026092801,mert_v1,unweighted,1.0,raw,94,245,0.14376883892936246,0.446972330762616,0.0,-0.0010362622729645221,0,4,0
2026092801,mert_v1,unweighted,1.0,prior_offset,94,245,0.14376883892936246,0.446972330762616,0.0,-0.0010362622729645221,0,4,0
2026092801,mert_v1,unweighted,1.0,temperature,94,245,0.14516620990604648,0.451710743422648,0.0013973709766840203,0.0003611087037194982,0,4,0
2026092801,mert_v1,unweighted,1.0,platt,94,245,0.14480510120232698,0.4514692712892455,0.0010362622729645221,0.0,0,4,0
2026092801,mert_v1,unweighted,1.0,beta,94,245,0.14563242109360383,0.453852029733086,0.001863582164241373,0.0008273198912768509,0,4,2
2026092801,mert_v1,unweighted,1.0,isotonic,94,245,0.14749607811778864,0.5886078374397195,0.0037272391884261846,0.0026909769154616625,0,4,0
2026092801,mert_v1,unweighted,1.0,ridge_platt,94,245,0.1438013539738104,0.44656040722235246,3.25150444479283e-05,-0.0010037472285165938,0,4,0
2026092802,maest,ambient_balanced,0.25,raw,24,69,0.1456326092484287,0.4517998306419461,0.0,0.0052895656981781225,0,4,0
2026092802,maest,ambient_balanced,0.25,prior_offset,24,69,0.139208916163456,0.4327375000350251,-0.006423693084972704,-0.0011341273867945811,0,4,0
2026092802,maest,ambient_balanced,0.25,temperature,24,69,0.1474782611946191,0.4580429733957311,0.0018456519461904075,0.00713521764436853,0,4,0
2026092802,maest,ambient_balanced,0.25,platt,24,69,0.14034304355025057,0.43551548521435757,-0.0052895656981781225,0.0,0,4,0
2026092802,maest,ambient_balanced,0.25,beta,24,69,0.13878087212063972,0.43110452541373256,-0.0068517371277889705,-0.001562171429610848,0,4,1
2026092802,maest,ambient_balanced,0.25,isotonic,24,69,0.14150216731755738,0.7843935163722303,-0.004130441930871309,0.0011591237673068133,0,4,0
2026092802,maest,ambient_balanced,0.25,ridge_platt,24,69,0.13881013602057407,0.4320994869995118,-0.00682247322785462,-0.0015329075296764971,0,4,0
2026092802,maest,ambient_balanced,0.5,raw,47,129,0.1456326092484287,0.4517998306419461,0.0,0.005895486228339131,0,4,0
2026092802,maest,ambient_balanced,0.5,prior_offset,47,129,0.139208916163456,0.4327375000350251,-0.006423693084972704,-0.0005282068566335729,0,4,0
2026092802,maest,ambient_balanced,0.5,temperature,47,129,0.14636734460350703,0.4541034806722026,0.000734735355078342,0.006630221583417473,0,4,0
2026092802,maest,ambient_balanced,0.5,platt,47,129,0.13973712302008956,0.43590283412517467,-0.005895486228339131,0.0,0,4,0
2026092802,maest,ambient_balanced,0.5,beta,47,129,0.13961008759526936,0.43565407303327075,-0.006022521653159335,-0.00012703542482020436,0,4,0
2026092802,maest,ambient_balanced,0.5,isotonic,47,129,0.14390017803990424,0.6625979429259784,-0.0017324312085244542,0.0041630550198146765,0,4,0
2026092802,maest,ambient_balanced,0.5,ridge_platt,47,129,0.1394653040557968,0.43446719560229186,-0.0061673051926318945,-0.00027181896429276375,0,4,0
2026092802,maest,ambient_balanced,1.0,raw,94,254,0.1456326092484287,0.4517998306419461,0.0,0.006995234184157012,0,4,0
2026092802,maest,ambient_balanced,1.0,prior_offset,94,254,0.139208916163456,0.4327375000350251,-0.006423693084972704,0.0005715410991843084,0,4,0
2026092802,maest,ambient_balanced,1.0,temperature,94,254,0.1461529986489155,0.4526060430463351,0.0005203894004868204,0.007515623584643832,0,4,0
2026092802,maest,ambient_balanced,1.0,platt,94,254,0.13863737506427168,0.4320462971261548,-0.006995234184157012,0.0,0,4,0
2026092802,maest,ambient_balanced,1.0,beta,94,254,0.14005055408909126,0.43514141308995546,-0.005582055159337435,0.0014131790248195775,0,4,0
2026092802,maest,ambient_balanced,1.0,isotonic,94,254,0.1437084830640937,0.6321163699265525,-0.00192412618433499,0.005071107999822022,0,4,0
2026092802,maest,ambient_balanced,1.0,ridge_platt,94,254,0.13830970891121364,0.4323733360623318,-0.007322900337215055,-0.0003276661530580427,0,4,0
2026092802,maest,unweighted,0.25,raw,24,69,0.13853088378137282,0.4310148122106033,0.0,-0.002073221788631452,0,4,0
2026092802,maest,unweighted,0.25,prior_offset,24,69,0.13853088378137282,0.4310148122106033,0.0,-0.002073221788631452,0,4,0
2026092802,maest,unweighted,0.25,temperature,24,69,0.1388140016555375,0.4322353412340171,0.0002831178741646845,-0.0017901039144667674,0,4,0
2026092802,maest,unweighted,0.25,platt,24,69,0.14060410557000427,0.4358879745312911,0.002073221788631452,0.0,0,4,0
2026092802,maest,unweighted,0.25,beta,24,69,0.13903300579122604,0.43174710886785106,0.0005021220098532231,-0.0015710997787782288,0,4,1
2026092802,maest,unweighted,0.25,isotonic,24,69,0.14093439792997287,0.7831480561988997,0.0024035141486000444,0.0003302923599685925,0,4,0
2026092802,maest,unweighted,0.25,ridge_platt,24,69,0.13853088378137282,0.4310148122106033,0.0,-0.002073221788631452,0,4,0
2026092802,maest,unweighted,0.5,raw,47,129,0.13853088378137282,0.4310148122106033,0.0,-0.0012203261998362802,0,4,0
2026092802,maest,unweighted,0.5,prior_offset,47,129,0.13853088378137282,0.4310148122106033,0.0,-0.0012203261998362802,0,4,0
2026092802,maest,unweighted,0.5,temperature,47,129,0.13913061075864283,0.4348251084408493,0.0005997269772700098,-0.0006205992225662704,0,4,0
2026092802,maest,unweighted,0.5,platt,47,129,0.1397512099812091,0.43572389400667705,0.0012203261998362802,0.0,0,4,0
2026092802,maest,unweighted,0.5,beta,47,129,0.1395234444980889,0.43501016176983165,0.0009925607167160788,-0.0002277654831202014,0,4,0
2026092802,maest,unweighted,0.5,isotonic,47,129,0.14440834648172293,0.6636495281579625,0.005877462700350111,0.004657136500513831,0,4,0
2026092802,maest,unweighted,0.5,ridge_platt,47,129,0.139178066164532,0.43285172694095375,0.0006471823831591672,-0.000573143816677113,0,4,0
2026092802,maest,unweighted,1.0,raw,94,254,0.13853088378137282,0.4310148122106033,0.0,-6.712824379764837e-05,0,4,0
2026092802,maest,unweighted,1.0,prior_offset,94,254,0.13853088378137282,0.4310148122106033,0.0,-6.712824379764837e-05,0,4,0
2026092802,maest,unweighted,1.0,temperature,94,254,0.1388805858913027,0.43250785287068816,0.00034970210992987805,0.0002825738661322297,0,4,0
2026092802,maest,unweighted,1.0,platt,94,254,0.13859801202517047,0.4316995239378601,6.712824379764837e-05,0.0,0,4,0
2026092802,maest,unweighted,1.0,beta,94,254,0.13997797240373533,0.43464407281690365,0.001447088622362508,0.0013799603785648595,0,4,0
2026092802,maest,unweighted,1.0,isotonic,94,254,0.14394454881501415,0.6322738307407495,0.005413665033641324,0.0053465367898436755,0,4,0
2026092802,maest,unweighted,1.0,ridge_platt,94,254,0.13853088378137282,0.4310148122106033,0.0,-6.712824379764837e-05,0,4,0
2026092802,mert_v0,ambient_balanced,0.25,raw,24,69,0.15953899953676634,0.4922514032781119,0.0,0.013270663817871758,0,4,0
2026092802,mert_v0,ambient_balanced,0.25,prior_offset,24,69,0.14775021880744588,0.45989953611630235,-0.011788780729320464,0.0014818830885512946,0,4,0
2026092802,mert_v0,ambient_balanced,0.25,temperature,24,69,0.16011322697854044,0.49982155869375255,0.0005742274417741,0.013844891259645858,0,4,0
2026092802,mert_v0,ambient_balanced,0.25,platt,24,69,0.14626833571889458,0.4648568773109141,-0.013270663817871758,0.0,0,4,0
2026092802,mert_v0,ambient_balanced,0.25,beta,24,69,0.14672128557046887,0.468825439673766,-0.012817713966297467,0.00045294985157429135,0,4,4
2026092802,mert_v0,ambient_balanced,0.25,isotonic,24,69,0.15547444075425446,1.2201926440518538,-0.0040645587825118845,0.009206105035359874,0,4,0
2026092802,mert_v0,ambient_balanced,0.25,ridge_platt,24,69,0.1475147368866,0.45968434980631273,-0.012024262650166345,0.0012464011677054132,0,4,0
2026092802,mert_v0,ambient_balanced,0.5,raw,47,129,0.15953899953676634,0.4922514032781119,0.0,0.013780504111978148,0,4,0
2026092802,mert_v0,ambient_balanced,0.5,prior_offset,47,129,0.14775021880744588,0.45989953611630235,-0.011788780729320464,0.001991723382657684,0,4,0
2026092802,mert_v0,ambient_balanced,0.5,temperature,47,129,0.15929321588497755,0.4949520423044155,-0.000245783651788789,0.013534720460189359,0,4,0
2026092802,mert_v0,ambient_balanced,0.5,platt,47,129,0.1457584954247882,0.4639104563068399,-0.013780504111978148,0.0,0,4,0
2026092802,mert_v0,ambient_balanced,0.5,beta,47,129,0.14603570283256195,0.4646989582125893,-0.013503296704204387,0.00027720740777376074,0,4,1
2026092802,mert_v0,ambient_balanced,0.5,isotonic,47,129,0.15408644408452604,0.8018800392508834,-0.005452555452240299,0.00832794865973785,0,4,0
2026092802,mert_v0,ambient_balanced,0.5,ridge_platt,47,129,0.14620171453807143,0.46134816299832904,-0.01333728499869491,0.0004432191132832386,0,4,0
2026092802,mert_v0,ambient_balanced,1.0,raw,94,254,0.15953899953676634,0.4922514032781119,0.0,0.014195403885205765,0,4,0
2026092802,mert_v0,ambient_balanced,1.0,prior_offset,94,254,0.14775021880744588,0.45989953611630235,-0.011788780729320464,0.0024066231558853013,0,4,0
2026092802,mert_v0,ambient_balanced,1.0,temperature,94,254,0.15909105624613812,0.4933437152791443,-0.00044794329062822213,0.013747460594577543,0,4,0
2026092802,mert_v0,ambient_balanced,1.0,platt,94,254,0.14534359565156058,0.461288920624769,-0.014195403885205765,0.0,0,4,0
2026092802,mert_v0,ambient_balanced,1.0,beta,94,254,0.14578355343482924,0.460389690168957,-0.013755446101937102,0.00043995778326866297,0,4,1
2026092802,mert_v0,ambient_balanced,1.0,isotonic,94,254,0.1496165125390121,0.600801051393792,-0.009922486997754248,0.004272916887451517,0,4,0
2026092802,mert_v0,ambient_balanced,1.0,ridge_platt,94,254,0.14560899919601192,0.4616553838737141,-0.013930000340754423,0.0002654035444513425,0,4,0
2026092802,mert_v0,unweighted,0.25,raw,24,69,0.14755728741939353,0.4602925148268813,0.0,0.0011547131695253954,0,4,0
2026092802,mert_v0,unweighted,0.25,prior_offset,24,69,0.14755728741939353,0.4602925148268813,0.0,0.0011547131695253954,0,4,0
2026092802,mert_v0,unweighted,0.25,temperature,24,69,0.1469702359642277,0.4621393068496511,-0.0005870514551658268,0.0005676617143595686,0,4,0
2026092802,mert_v0,unweighted,0.25,platt,24,69,0.14640257424986813,0.4659996118390747,-0.0011547131695253954,0.0,0,4,0
2026092802,mert_v0,unweighted,0.25,beta,24,69,0.14725335368513146,0.4712953622379763,-0.00030393373426207404,0.0008507794352633213,0,4,4
2026092802,mert_v0,unweighted,0.25,isotonic,24,69,0.1553667748633861,1.1883812784929728,0.007809487443992569,0.008964200613517964,0,4,0
2026092802,mert_v0,unweighted,0.25,ridge_platt,24,69,0.14745124022800984,0.46010011416469865,-0.00010604719138368468,0.0010486659781417107,0,4,0
2026092802,mert_v0,unweighted,0.5,raw,47,129,0.14755728741939353,0.4602925148268813,0.0,0.0015524611307350111,0,4,0
2026092802,mert_v0,unweighted,0.5,prior_offset,47,129,0.14755728741939353,0.4602925148268813,0.0,0.0015524611307350111,0,4,0
2026092802,mert_v0,unweighted,0.5,temperature,47,129,0.14708142422378093,0.4634868405214037,-0.0004758631956126025,0.0010765979351224086,0,4,0
2026092802,mert_v0,unweighted,0.5,platt,47,129,0.14600482628865852,0.46480434863679615,-0.0015524611307350111,0.0,0,4,0
2026092802,mert_v0,unweighted,0.5,beta,47,129,0.14672930426119762,0.46681793096928803,-0.0008279831581959052,0.000724477972539106,0,4,1
2026092802,mert_v0,unweighted,0.5,isotonic,47,129,0.15394164042854114,0.8004662662797981,0.006384353009147609,0.00793681413988262,0,4,0
2026092802,mert_v0,unweighted,0.5,ridge_platt,47,129,0.1460385836030411,0.4607560078769787,-0.0015187038163524402,3.37573143825709e-05,0,4,0
2026092802,mert_v0,unweighted,1.0,raw,94,254,0.14755728741939353,0.4602925148268813,0.0,0.0019736181594310065,0,4,0
2026092802,mert_v0,unweighted,1.0,prior_offset,94,254,0.14755728741939353,0.4602925148268813,0.0,0.0019736181594310065,0,4,0
2026092802,mert_v0,unweighted,1.0,temperature,94,254,0.14692403339042948,0.46192090787751827,-0.0006332540289640531,0.0013403641304669534,0,4,0
2026092802,mert_v0,unweighted,1.0,platt,94,254,0.14558366925996252,0.46220335757253883,-0.0019736181594310065,0.0,0,4,0
2026092802,mert_v0,unweighted,1.0,beta,94,254,0.14634568644285398,0.46213153387936484,-0.0012116009765395508,0.0007620171828914557,0,4,1
2026092802,mert_v0,unweighted,1.0,isotonic,94,254,0.1494309024980206,0.6013449693342964,0.0018736150786270722,0.0038472332380580787,0,4,0
2026092802,mert_v0,unweighted,1.0,ridge_platt,94,254,0.14601007165968408,0.4615627074481279,-0.0015472157597094527,0.0004264023997215538,0,4,0
2026092802,mert_v1,ambient_balanced,0.25,raw,24,69,0.15875818756792415,0.4877153970435938,0.0,0.013031281594131638,0,4,0
2026092802,mert_v1,ambient_balanced,0.25,prior_offset,24,69,0.14666807436712298,0.45566475854495536,-0.012090113200801167,0.0009411683933304715,0,4,0
2026092802,mert_v1,ambient_balanced,0.25,temperature,24,69,0.15953498780700745,0.49157800381274985,0.0007768002390833029,0.013808081833214941,0,4,0
2026092802,mert_v1,ambient_balanced,0.25,platt,24,69,0.1457269059737925,0.45630847074803615,-0.013031281594131638,0.0,0,4,0
2026092802,mert_v1,ambient_balanced,0.25,beta,24,69,0.1452025461921188,0.4538045128138695,-0.013555641375805338,-0.0005243597816737,0,4,1
2026092802,mert_v1,ambient_balanced,0.25,isotonic,24,69,0.1518790176020856,0.7246076734986083,-0.006879169965838539,0.0061521116282931,0,4,0
2026092802,mert_v1,ambient_balanced,0.25,ridge_platt,24,69,0.14614183137371925,0.4552268761764049,-0.012616356194204897,0.00041492539992674105,0,4,0
2026092802,mert_v1,ambient_balanced,0.5,raw,47,129,0.15875818756792415,0.4877153970435938,0.0,0.012966388395435458,0,4,0
2026092802,mert_v1,ambient_balanced,0.5,prior_offset,47,129,0.14666807436712298,0.45566475854495536,-0.012090113200801167,0.0008762751946342906,0,4,0
2026092802,mert_v1,ambient_balanced,0.5,temperature,47,129,0.15899179909673716,0.4894629830360366,0.00023361152881301583,0.013199999924248473,0,4,0
2026092802,mert_v1,ambient_balanced,0.5,platt,47,129,0.1457917991724887,0.45707906559425515,-0.012966388395435458,0.0,0,4,0
2026092802,mert_v1,ambient_balanced,0.5,beta,47,129,0.14564530697950862,0.4588062254458557,-0.013112880588415532,-0.00014649219298007443,0,4,1
2026092802,mert_v1,ambient_balanced,0.5,isotonic,47,129,0.15414116627441046,0.8985977691140686,-0.0046170212935136845,0.008349367101921773,0,4,0
2026092802,mert_v1,ambient_balanced,0.5,ridge_platt,47,129,0.14610472956205942,0.45511160447490573,-0.012653458005864732,0.00031293038957072583,0,4,0
2026092802,mert_v1,ambient_balanced,1.0,raw,94,254,0.15875818756792415,0.4877153970435938,0.0,0.013691506065964476,0,4,0
2026092802,mert_v1,ambient_balanced,1.0,prior_offset,94,254,0.14666807436712298,0.45566475854495536,-0.012090113200801167,0.0016013928651633091,0,4,0
2026092802,mert_v1,ambient_balanced,1.0,temperature,94,254,0.15841875535365424,0.4876368790188158,-0.000339432214269908,0.013352073851694568,0,4,0
2026092802,mert_v1,ambient_balanced,1.0,platt,94,254,0.14506668150195967,0.4554907278011996,-0.013691506065964476,0.0,0,4,0
2026092802,mert_v1,ambient_balanced,1.0,beta,94,254,0.14537579929612487,0.4569461509335673,-0.013382388271799273,0.00030911779416520346,0,4,2
2026092802,mert_v1,ambient_balanced,1.0,isotonic,94,254,0.15158012656822964,0.7632133169550981,-0.007178060999694508,0.006513445066269968,0,4,0
2026092802,mert_v1,ambient_balanced,1.0,ridge_platt,94,254,0.14508750228721679,0.4559326389305953,-0.013670685280707362,2.082078525711406e-05,0,4,0
2026092802,mert_v1,unweighted,0.25,raw,24,69,0.14667321446965095,0.45662428468031874,0.0,0.00040142783026084206,0,4,0
2026092802,mert_v1,unweighted,0.25,prior_offset,24,69,0.14667321446965095,0.45662428468031874,0.0,0.00040142783026084206,0,4,0
2026092802,mert_v1,unweighted,0.25,temperature,24,69,0.14657971520610646,0.4574856482476501,-9.349926354448868e-05,0.0003079285667163534,0,4,0
2026092802,mert_v1,unweighted,0.25,platt,24,69,0.1462717866393901,0.4583914187030994,-0.00040142783026084206,0.0,0,4,0
2026092802,mert_v1,unweighted,0.25,beta,24,69,0.14578108690664704,0.456648394546093,-0.0008921275630039138,-0.0004906997327430718,0,4,1
2026092802,mert_v1,unweighted,0.25,isotonic,24,69,0.15261044624273107,0.7283287086792173,0.005937231773080115,0.006338659603340957,0,4,0
2026092802,mert_v1,unweighted,0.25,ridge_platt,24,69,0.14659611638225253,0.45640002905047156,-7.70980873984195e-05,0.00032432974286242255,0,4,0
2026092802,mert_v1,unweighted,0.5,raw,47,129,0.14667321446965095,0.45662428468031874,0.0,0.0005472965754681203,0,4,0
2026092802,mert_v1,unweighted,0.5,prior_offset,47,129,0.14667321446965095,0.45662428468031874,0.0,0.0005472965754681203,0,4,0
2026092802,mert_v1,unweighted,0.5,temperature,47,129,0.14673212622479373,0.45887234976796254,5.891175514277647e-05,0.0006062083306108967,0,4,0
2026092802,mert_v1,unweighted,0.5,platt,47,129,0.14612591789418283,0.4585733421230061,-0.0005472965754681203,0.0,0,4,0
2026092802,mert_v1,unweighted,0.5,beta,47,129,0.1466480341841098,0.46206044567610344,-2.5180285541159808e-05,0.0005221162899269605,0,4,1
2026092802,mert_v1,unweighted,0.5,isotonic,47,129,0.15269947553808488,0.8646503959751795,0.00602626106843393,0.0065735576439020504,0,4,0
2026092802,mert_v1,unweighted,0.5,ridge_platt,47,129,0.14609303055389058,0.4548309884924834,-0.0005801839157603683,-3.2887340292248046e-05,0,4,0
2026092802,mert_v1,unweighted,1.0,raw,94,254,0.14667321446965095,0.45662428468031874,0.0,0.0012600470789196627,0,4,0
2026092802,mert_v1,unweighted,1.0,prior_offset,94,254,0.14667321446965095,0.45662428468031874,0.0,0.0012600470789196627,0,4,0
2026092802,mert_v1,unweighted,1.0,temperature,94,254,0.14621124885766967,0.45692521485663923,-0.00046196561198127983,0.0007980814669383829,0,4,0
2026092802,mert_v1,unweighted,1.0,platt,94,254,0.1454131673907313,0.4568000159284744,-0.0012600470789196627,0.0,0,4,0
2026092802,mert_v1,unweighted,1.0,beta,94,254,0.1461202856679411,0.45919264763162626,-0.0005529288017098455,0.0007071182772098172,0,4,2
2026092802,mert_v1,unweighted,1.0,isotonic,94,254,0.1502699456234822,0.6276611237587414,0.003596731153831245,0.004856778232750908,0,4,0
2026092802,mert_v1,unweighted,1.0,ridge_platt,94,254,0.14546443441759602,0.45627571192608407,-0.0012087800520549363,5.1267026864726395e-05,0,4,0
2026092803,maest,ambient_balanced,0.25,raw,24,68,0.124434260672849,0.39399314676185865,0.0,0.0008677612463889456,0,4,0
2026092803,maest,ambient_balanced,0.25,prior_offset,24,68,0.11258449205573612,0.3644785427423835,-0.011849768617112885,-0.01098200737072394,0,4,0
2026092803,maest,ambient_balanced,0.25,temperature,24,68,0.13256573210377406,0.42591890614754363,0.00813147143092506,0.008999232677314006,0,4,0
2026092803,maest,ambient_balanced,0.25,platt,24,68,0.12356649942646006,0.40633863567033296,-0.0008677612463889456,0.0,0,4,0
2026092803,maest,ambient_balanced,0.25,beta,24,68,0.12315346151336427,0.42395959064546385,-0.0012807991594847301,-0.0004130379130957845,0,4,3
2026092803,maest,ambient_balanced,0.25,isotonic,24,68,0.12443759737778845,1.3061180184866754,3.3367049394467108e-06,0.0008710979513283923,0,4,0
2026092803,maest,ambient_balanced,0.25,ridge_platt,24,68,0.11856028761471249,0.38480016076060863,-0.005873973058136514,-0.0050062118117475685,0,4,0
2026092803,maest,ambient_balanced,0.5,raw,47,126,0.124434260672849,0.39399314676185865,0.0,0.005589026413304887,0,4,0
2026092803,maest,ambient_balanced,0.5,prior_offset,47,126,0.11258449205573612,0.3644785427423835,-0.011849768617112885,-0.006260742203807998,0,4,0
2026092803,maest,ambient_balanced,0.5,temperature,47,126,0.12679790176340489,0.40707421619279405,0.002363641090555882,0.00795266750386077,0,4,0
2026092803,maest,ambient_balanced,0.5,platt,47,126,0.11884523425954412,0.39411750522321787,-0.005589026413304887,0.0,0,4,0
2026092803,maest,ambient_balanced,0.5,beta,47,126,0.11854073850963986,0.4116869029498238,-0.005893522163209139,-0.00030449574990425166,0,4,1
2026092803,maest,ambient_balanced,0.5,isotonic,47,126,0.11647069935508109,1.086824284813708,-0.007963561317767917,-0.00237453490446303,0,4,0
2026092803,maest,ambient_balanced,0.5,ridge_platt,47,126,0.11278508822541256,0.3671478658076043,-0.011649172447436448,-0.006060146034131561,0,4,0
2026092803,maest,ambient_balanced,1.0,raw,94,245,0.124434260672849,0.39399314676185865,0.0,0.007424130306276991,0,4,0
2026092803,maest,ambient_balanced,1.0,prior_offset,94,245,0.11258449205573612,0.3644785427423835,-0.011849768617112885,-0.004425638310835894,0,4,0
2026092803,maest,ambient_balanced,1.0,temperature,94,245,0.12718757070454095,0.40445833553902055,0.0027533100316919495,0.01017744033796894,0,4,0
2026092803,maest,ambient_balanced,1.0,platt,94,245,0.11701013036657201,0.3788615960286591,-0.007424130306276991,0.0,0,4,0
2026092803,maest,ambient_balanced,1.0,beta,94,245,0.11612312629249869,0.3774102246604299,-0.008311134380350318,-0.0008870040740733276,0,4,0
2026092803,maest,ambient_balanced,1.0,isotonic,94,245,0.11429910210342561,0.4346634729294947,-0.010135158569423389,-0.0027110282631463978,0,4,0
2026092803,maest,ambient_balanced,1.0,ridge_platt,94,245,0.11478009786887014,0.37182587745757173,-0.009654162803978864,-0.0022300324977018726,0,4,0
2026092803,maest,unweighted,0.25,raw,24,68,0.11288072965618777,0.36469424392890576,0.0,-0.010893974591480712,0,4,0
2026092803,maest,unweighted,0.25,prior_offset,24,68,0.11288072965618777,0.36469424392890576,0.0,-0.010893974591480712,0,4,0
2026092803,maest,unweighted,0.25,temperature,24,68,0.1216934034095345,0.4040885343952557,0.008812673753346725,-0.002081300838133987,0,4,0
2026092803,maest,unweighted,0.25,platt,24,68,0.12377470424766848,0.4073786926989741,0.010893974591480712,0.0,0,4,0
2026092803,maest,unweighted,0.25,beta,24,68,0.12325861593368427,0.4175439029560072,0.0103778862774965,-0.0005160883139842115,0,4,3
2026092803,maest,unweighted,0.25,isotonic,24,68,0.12509859420605302,1.3394378084617973,0.012217864549865246,0.0013238899583845332,0,4,0
2026092803,maest,unweighted,0.25,ridge_platt,24,68,0.11769134500172013,0.38047969059356357,0.004810615345532357,-0.006083359245948355,0,4,0
2026092803,maest,unweighted,0.5,raw,47,126,0.11288072965618777,0.36469424392890576,0.0,-0.0061734909580014735,0,4,0
2026092803,maest,unweighted,0.5,prior_offset,47,126,0.11288072965618777,0.36469424392890576,0.0,-0.0061734909580014735,0,4,0
2026092803,maest,unweighted,0.5,temperature,47,126,0.11719907231019569,0.3920152989645458,0.00431834265400792,-0.0018551483039935535,0,4,0
2026092803,maest,unweighted,0.5,platt,47,126,0.11905422061418924,0.39537226158842786,0.0061734909580014735,0.0,0,4,0
2026092803,maest,unweighted,0.5,beta,47,126,0.11861188328840458,0.40438957271068376,0.005731153632216809,-0.0004423373257846641,0,4,1
2026092803,maest,unweighted,0.5,isotonic,47,126,0.11759966101544453,1.1239329932541877,0.004718931359256759,-0.0014545595987447146,0,4,0
2026092803,maest,unweighted,0.5,ridge_platt,47,126,0.1128500793007853,0.366163525218933,-3.0650355402464524e-05,-0.006204141313403938,0,4,0
2026092803,maest,unweighted,1.0,raw,94,245,0.11288072965618777,0.36469424392890576,0.0,-0.004192580455929282,0,4,0
2026092803,maest,unweighted,1.0,prior_offset,94,245,0.11288072965618777,0.36469424392890576,0.0,-0.004192580455929282,0,4,0
2026092803,maest,unweighted,1.0,temperature,94,245,0.11579194142551981,0.37569399942501736,0.0029112117693320394,-0.0012813686865972423,0,4,0
2026092803,maest,unweighted,1.0,platt,94,245,0.11707331011211705,0.37880992022857624,0.004192580455929282,0.0,0,4,0
2026092803,maest,unweighted,1.0,beta,94,245,0.11606377941808198,0.3769462075275189,0.0031830497618942077,-0.001009530694035074,0,4,1
2026092803,maest,unweighted,1.0,isotonic,94,245,0.11494131159637626,0.43571260077877083,0.0020605819401884884,-0.0021319985157407934,0,4,0
2026092803,maest,unweighted,1.0,ridge_platt,94,245,0.11527238941590581,0.3722178144286532,0.002391659759718043,-0.001800920696211239,0,4,0
2026092803,mert_v0,ambient_balanced,0.25,raw,24,68,0.14691824428496825,0.45360188421954667,0.0,0.005249094308398622,0,4,0
2026092803,mert_v0,ambient_balanced,0.25,prior_offset,24,68,0.12944663597339134,0.4091953656181782,-0.017471608311576903,-0.01222251400317828,0,4,0
2026092803,mert_v0,ambient_balanced,0.25,temperature,24,68,0.15697651697946077,0.49437197858028,0.010058272694492526,0.015307367002891148,0,4,0
2026092803,mert_v0,ambient_balanced,0.25,platt,24,68,0.14166914997656962,0.4476741139358969,-0.005249094308398622,0.0,0,4,0
2026092803,mert_v0,ambient_balanced,0.25,beta,24,68,0.14107423017374404,0.4517402125413787,-0.005844014111224205,-0.0005949198028255831,0,4,3
2026092803,mert_v0,ambient_balanced,0.25,isotonic,24,68,0.14037586196661064,1.0195036646782956,-0.0065423823183576035,-0.0012932880099589816,0,4,0
2026092803,mert_v0,ambient_balanced,0.25,ridge_platt,24,68,0.13348878007159665,0.4200644205605112,-0.0134294642133716,-0.008180369904972978,0,4,0
2026092803,mert_v0,ambient_balanced,0.5,raw,47,126,0.14691824428496825,0.45360188421954667,0.0,0.009611621571709222,0,4,0
2026092803,mert_v0,ambient_balanced,0.5,prior_offset,47,126,0.12944663597339134,0.4091953656181782,-0.017471608311576903,-0.00785998673986768,0,4,0
2026092803,mert_v0,ambient_balanced,0.5,temperature,47,126,0.1499132655028868,0.46456411306129664,0.0029950212179185587,0.012606642789627781,0,4,0
2026092803,mert_v0,ambient_balanced,0.5,platt,47,126,0.13730662271325902,0.43758003453980854,-0.009611621571709222,0.0,0,4,0
2026092803,mert_v0,ambient_balanced,0.5,beta,47,126,0.1335643737021998,0.4356910841295629,-0.013353870582768435,-0.003742249011059212,0,4,2
2026092803,mert_v0,ambient_balanced,0.5,isotonic,47,126,0.13602524719463524,1.039943973539337,-0.010892997090333006,-0.001281375518623784,0,4,0
2026092803,mert_v0,ambient_balanced,0.5,ridge_platt,47,126,0.13128446821309842,0.41361906928424463,-0.01563377607186983,-0.006022154500160609,0,4,0
2026092803,mert_v0,ambient_balanced,1.0,raw,94,245,0.14691824428496825,0.45360188421954667,0.0,0.012368730435391329,0,4,0
2026092803,mert_v0,ambient_balanced,1.0,prior_offset,94,245,0.12944663597339134,0.4091953656181782,-0.017471608311576903,-0.005102877876185574,0,4,0
2026092803,mert_v0,ambient_balanced,1.0,temperature,94,245,0.14907131327963746,0.4617305530862815,0.002153068994669216,0.014521799430060545,0,4,0
2026092803,mert_v0,ambient_balanced,1.0,platt,94,245,0.13454951384957692,0.4214186657193303,-0.012368730435391329,0.0,0,4,0
2026092803,mert_v0,ambient_balanced,1.0,beta,94,245,0.1298745573392485,0.4122411869445605,-0.017043686945719755,-0.004674956510328426,0,4,2
2026092803,mert_v0,ambient_balanced,1.0,isotonic,94,245,0.13325061636626487,0.6784409078807154,-0.013667627918703379,-0.0012988974833120503,0,4,0
2026092803,mert_v0,ambient_balanced,1.0,ridge_platt,94,245,0.1314557862978708,0.4134741457865432,-0.015462457987097444,-0.003093727551706116,0,4,0
2026092803,mert_v0,unweighted,0.25,raw,24,68,0.12933054939480385,0.409590863135765,0.0,-0.01148058851528222,0,4,0
2026092803,mert_v0,unweighted,0.25,prior_offset,24,68,0.12933054939480385,0.409590863135765,0.0,-0.01148058851528222,0,4,0
2026092803,mert_v0,unweighted,0.25,temperature,24,68,0.13685308708363805,0.43794360217728273,0.007522537688834208,-0.003958050826448012,0,4,0
2026092803,mert_v0,unweighted,0.25,platt,24,68,0.14081113791008606,0.4450461334541437,0.01148058851528222,0.0,0,4,0
2026092803,mert_v0,unweighted,0.25,beta,24,68,0.140970508420503,0.44996295178422346,0.011639959025699143,0.00015937051041692296,0,4,3
2026092803,mert_v0,unweighted,0.25,isotonic,24,68,0.14061483855621695,1.0821349359068129,0.011284289161413108,-0.00019629935386911157,0,4,0
2026092803,mert_v0,unweighted,0.25,ridge_platt,24,68,0.13062712593324746,0.41327607735907673,0.0012965765384436168,-0.010184011976838603,0,4,0
2026092803,mert_v0,unweighted,0.5,raw,47,126,0.12933054939480385,0.409590863135765,0.0,-0.0075976026524870455,0,4,0
2026092803,mert_v0,unweighted,0.5,prior_offset,47,126,0.12933054939480385,0.409590863135765,0.0,-0.0075976026524870455,0,4,0
2026092803,mert_v0,unweighted,0.5,temperature,47,126,0.13307315772694758,0.427372406523423,0.0037426083321437376,-0.003854994320343308,0,4,0
2026092803,mert_v0,unweighted,0.5,platt,47,126,0.1369281520472909,0.4366125096681144,0.0075976026524870455,0.0,0,4,0
2026092803,mert_v0,unweighted,0.5,beta,47,126,0.13388140980087537,0.4339009384777796,0.004550860406071527,-0.003046742246415518,0,4,2
2026092803,mert_v0,unweighted,0.5,isotonic,47,126,0.1354257538345602,1.038420192812624,0.006095204439756363,-0.0015023982127306823,0,4,0
2026092803,mert_v0,unweighted,0.5,ridge_platt,47,126,0.13008596544374978,0.4101712904132934,0.0007554160489459394,-0.006842186603541106,0,4,0
2026092803,mert_v0,unweighted,1.0,raw,94,245,0.12933054939480385,0.409590863135765,0.0,-0.0048265710176783605,0,4,0
2026092803,mert_v0,unweighted,1.0,prior_offset,94,245,0.12933054939480385,0.409590863135765,0.0,-0.0048265710176783605,0,4,0
2026092803,mert_v0,unweighted,1.0,temperature,94,245,0.1297397645912158,0.4099068748046649,0.0004092151964119606,-0.0044173558212664,0,4,0
2026092803,mert_v0,unweighted,1.0,platt,94,245,0.1341571204124822,0.42052190669858797,0.0048265710176783605,0.0,0,4,0
2026092803,mert_v0,unweighted,1.0,beta,94,245,0.13010832975127076,0.41315625484203206,0.0007777803564669172,-0.004048790661211443,0,4,2
2026092803,mert_v0,unweighted,1.0,isotonic,94,245,0.13310862119924335,0.6482519731754908,0.003778071804439509,-0.0010484992132388515,0,4,0
2026092803,mert_v0,unweighted,1.0,ridge_platt,94,245,0.12933054939480385,0.409590863135765,0.0,-0.0048265710176783605,0,4,0
2026092803,mert_v1,ambient_balanced,0.25,raw,24,68,0.14695349173948147,0.4538749130100957,0.0,0.011207638866155806,0,4,0
2026092803,mert_v1,ambient_balanced,0.25,prior_offset,24,68,0.12962511926914322,0.41077610098979406,-0.01732837247033825,-0.006120733604182443,0,4,0
2026092803,mert_v1,ambient_balanced,0.25,temperature,24,68,0.153307717185193,0.4767546575639763,0.006354225445711542,0.017561864311867348,0,4,0
2026092803,mert_v1,ambient_balanced,0.25,platt,24,68,0.13574585287332566,0.42959624272994745,-0.011207638866155806,0.0,0,4,0
2026092803,mert_v1,ambient_balanced,0.25,beta,24,68,0.13427444348259773,0.43268433007685553,-0.012679048256883735,-0.001471409390727929,0,4,3
2026092803,mert_v1,ambient_balanced,0.25,isotonic,24,68,0.13700716306516453,1.2383885731372997,-0.00994632867431694,0.0012613101918388658,0,4,0
2026092803,mert_v1,ambient_balanced,0.25,ridge_platt,24,68,0.1310715101155217,0.4161705951753422,-0.015881981623959762,-0.0046743427578039565,0,4,0
2026092803,mert_v1,ambient_balanced,0.5,raw,47,126,0.14695349173948147,0.4538749130100957,0.0,0.012659616799924722,0,4,0
2026092803,mert_v1,ambient_balanced,0.5,prior_offset,47,126,0.12962511926914322,0.41077610098979406,-0.01732837247033825,-0.004668755670413527,0,4,0
2026092803,mert_v1,ambient_balanced,0.5,temperature,47,126,0.14845021336108516,0.45864791009724915,0.0014967216216036916,0.014156338421528414,0,4,0
2026092803,mert_v1,ambient_balanced,0.5,platt,47,126,0.13429387493955675,0.42704090453779725,-0.012659616799924722,0.0,0,4,0
2026092803,mert_v1,ambient_balanced,0.5,beta,47,126,0.13225594354619302,0.42943894600058163,-0.014697548193288446,-0.0020379313933637233,0,4,3
2026092803,mert_v1,ambient_balanced,0.5,isotonic,47,126,0.135329308299456,1.2021253156039717,-0.01162418344002547,0.0010354333598992516,0,4,0
2026092803,mert_v1,ambient_balanced,0.5,ridge_platt,47,126,0.13053210938393484,0.41284088867910623,-0.016421382355546632,-0.00376176555562191,0,4,0
2026092803,mert_v1,ambient_balanced,1.0,raw,94,245,0.14695349173948147,0.4538749130100957,0.0,0.01518265003836125,0,4,0
2026092803,mert_v1,ambient_balanced,1.0,prior_offset,94,245,0.12962511926914322,0.41077610098979406,-0.01732837247033825,-0.0021457224319769985,0,4,0
2026092803,mert_v1,ambient_balanced,1.0,temperature,94,245,0.1481152456400836,0.4571397700698062,0.001161753900602136,0.016344403938963387,0,4,0
2026092803,mert_v1,ambient_balanced,1.0,platt,94,245,0.13177084170112022,0.4154732060841717,-0.01518265003836125,0.0,0,4,0
2026092803,mert_v1,ambient_balanced,1.0,beta,94,245,0.12852881238916433,0.4101343081093818,-0.018424679350317136,-0.003242029311955885,0,4,2
2026092803,mert_v1,ambient_balanced,1.0,isotonic,94,245,0.13093862647572868,0.64491556462435,-0.016014865263752787,-0.000832215225391536,0,4,0
2026092803,mert_v1,ambient_balanced,1.0,ridge_platt,94,245,0.13076681846608745,0.41320626339876915,-0.016186673273394014,-0.0010040232350327638,0,4,0
2026092803,mert_v1,unweighted,0.25,raw,24,68,0.1295933305116433,0.4113582586552061,0.0,-0.0055743866530551245,0,4,0
2026092803,mert_v1,unweighted,0.25,prior_offset,24,68,0.1295933305116433,0.4113582586552061,0.0,-0.0055743866530551245,0,4,0
2026092803,mert_v1,unweighted,0.25,temperature,24,68,0.13432064729560306,0.42881756363997037,0.004727316783959767,-0.0008470698690953571,0,4,0
2026092803,mert_v1,unweighted,0.25,platt,24,68,0.13516771716469841,0.428010571078029,0.0055743866530551245,0.0,0,4,0
2026092803,mert_v1,unweighted,0.25,beta,24,68,0.13401722316423859,0.4306919687426301,0.004423892652595296,-0.0011504940004598285,0,4,3
2026092803,mert_v1,unweighted,0.25,isotonic,24,68,0.13427586820582527,1.0665755351676665,0.004682537694181976,-0.0008918489588731482,0,4,0
2026092803,mert_v1,unweighted,0.25,ridge_platt,24,68,0.13025673170082752,0.4146604278831044,0.0006634011891842317,-0.004910985463870893,0,4,0
2026092803,mert_v1,unweighted,0.5,raw,47,126,0.1295933305116433,0.4113582586552061,0.0,-0.004176347638528394,0,4,0
2026092803,mert_v1,unweighted,0.5,prior_offset,47,126,0.1295933305116433,0.4113582586552061,0.0,-0.004176347638528394,0,4,0
2026092803,mert_v1,unweighted,0.5,temperature,47,126,0.13189011875127643,0.42212916678230095,0.0022967882396331407,-0.001879559398895253,0,4,0
2026092803,mert_v1,unweighted,0.5,platt,47,126,0.13376967815017168,0.42532139391419826,0.004176347638528394,0.0,0,4,0
2026092803,mert_v1,unweighted,0.5,beta,47,126,0.1320874277463962,0.4261720928604956,0.0024940972347529122,-0.0016822504037754815,0,4,3
2026092803,mert_v1,unweighted,0.5,isotonic,47,126,0.1339006059068747,1.0341465544177901,0.0043072753952314025,0.0001309277567030087,0,4,0
2026092803,mert_v1,unweighted,0.5,ridge_platt,47,126,0.13004943515542058,0.41146880533937946,0.0004561046437772942,-0.0037202429947510995,0,4,0
2026092803,mert_v1,unweighted,1.0,raw,94,245,0.1295933305116433,0.4113582586552061,0.0,-0.0018560379818385597,0,4,0
2026092803,mert_v1,unweighted,1.0,prior_offset,94,245,0.1295933305116433,0.4113582586552061,0.0,-0.0018560379818385597,0,4,0
2026092803,mert_v1,unweighted,1.0,temperature,94,245,0.12949766690865022,0.4100363451993928,-9.566360299306798e-05,-0.0019517015848316277,0,4,0
2026092803,mert_v1,unweighted,1.0,platt,94,245,0.13144936849348185,0.41482360832738685,0.0018560379818385597,0.0,0,4,0
2026092803,mert_v1,unweighted,1.0,beta,94,245,0.12819235037666066,0.40949106542686564,-0.0014009801349826323,-0.003257018116821192,0,4,2
2026092803,mert_v1,unweighted,1.0,isotonic,94,245,0.1317104325645504,0.6475256505628073,0.002117102052907105,0.00026106407106854523,0,4,0
2026092803,mert_v1,unweighted,1.0,ridge_platt,94,245,0.1295933305116433,0.4113582586552061,0.0,-0.0018560379818385597,0,4,0
2026092804,maest,ambient_balanced,0.25,raw,24,66,0.12982456722227476,0.4087990745037928,0.0,0.005999518505735421,0,4,0
2026092804,maest,ambient_balanced,0.25,prior_offset,24,66,0.11722908374430613,0.377840707279851,-0.012595483477968628,-0.0065959649722332064,0,4,0
2026092804,maest,ambient_balanced,0.25,temperature,24,66,0.13277409249598163,0.42179236301896533,0.002949525273706871,0.008949043779442292,0,4,0
2026092804,maest,ambient_balanced,0.25,platt,24,66,0.12382504871653933,0.3997800168672724,-0.005999518505735421,0.0,0,4,0
2026092804,maest,ambient_balanced,0.25,beta,24,66,0.12384672282987733,0.3986391414672491,-0.00597784439239743,2.1674113337991074e-05,0,4,3
2026092804,maest,ambient_balanced,0.25,isotonic,24,66,0.1292680830876001,0.8240677859822662,-0.0005564841346746563,0.005443034371060765,0,4,0
2026092804,maest,ambient_balanced,0.25,ridge_platt,24,66,0.11722158269440364,0.3782370593862658,-0.01260298452787112,-0.006603466022135698,0,4,0
2026092804,maest,ambient_balanced,0.5,raw,47,131,0.12982456722227476,0.4087990745037928,0.0,0.008472943860839008,0,4,0
2026092804,maest,ambient_balanced,0.5,prior_offset,47,131,0.11722908374430613,0.377840707279851,-0.012595483477968628,-0.00412253961712962,0,4,0
2026092804,maest,ambient_balanced,0.5,temperature,47,131,0.1303577285337158,0.41239700900592613,0.0005331613114410438,0.009006105172280052,0,4,0
2026092804,maest,ambient_balanced,0.5,platt,47,131,0.12135162336143575,0.38944138443192927,-0.008472943860839008,0.0,0,4,0
2026092804,maest,ambient_balanced,0.5,beta,47,131,0.12117064600601543,0.39070834731489523,-0.008653921216259325,-0.000180977355420317,0,4,0
2026092804,maest,ambient_balanced,0.5,isotonic,47,131,0.12588171031228093,0.6869984130904451,-0.003942856909993825,0.004530086950845183,0,4,0
2026092804,maest,ambient_balanced,0.5,ridge_platt,47,131,0.11687226576012673,0.37614509349594744,-0.012952301462148028,-0.00447935760130902,0,4,0
2026092804,maest,ambient_balanced,1.0,raw,94,249,0.12982456722227476,0.4087990745037928,0.0,0.009539855145260345,0,4,0
2026092804,maest,ambient_balanced,1.0,prior_offset,94,249,0.11722908374430613,0.377840707279851,-0.012595483477968628,-0.0030556283327082823,0,4,0
2026092804,maest,ambient_balanced,1.0,temperature,94,249,0.1319122557881571,0.4163469945438475,0.002087688565882345,0.01162754371114269,0,4,0
2026092804,maest,ambient_balanced,1.0,platt,94,249,0.12028471207701441,0.38621992386925796,-0.009539855145260345,0.0,0,4,0
2026092804,maest,ambient_balanced,1.0,beta,94,249,0.11931633383071306,0.38470015195826546,-0.010508233391561692,-0.0009683782463013463,0,4,0
2026092804,maest,ambient_balanced,1.0,isotonic,94,249,0.12429477255705539,0.5854083348487418,-0.00552979466521937,0.004010060480040975,0,4,0
2026092804,maest,ambient_balanced,1.0,ridge_platt,94,249,0.11806923102292811,0.37942340297170396,-0.011755336199346642,-0.0022154810540862963,0,4,0
2026092804,maest,unweighted,0.25,raw,24,66,0.11715325477584673,0.37712758806695235,0.0,-0.006732705091549551,0,4,0
2026092804,maest,unweighted,0.25,prior_offset,24,66,0.11715325477584673,0.37712758806695235,0.0,-0.006732705091549551,0,4,0
2026092804,maest,unweighted,0.25,temperature,24,66,0.12084914624502918,0.3930146812470872,0.0036958914691824496,-0.0030368136223671016,0,4,0
2026092804,maest,unweighted,0.25,platt,24,66,0.12388595986739628,0.3999930168737461,0.006732705091549551,0.0,0,4,0
2026092804,maest,unweighted,0.25,beta,24,66,0.12419891870608687,0.3997565489121052,0.0070456639302401425,0.00031295883869059127,0,4,3
2026092804,maest,unweighted,0.25,isotonic,24,66,0.1274083517232268,0.819954789996907,0.010255096947380055,0.0035223918558305034,0,4,0
2026092804,maest,unweighted,0.25,ridge_platt,24,66,0.11731911205902934,0.37816200759765844,0.00016585728318260773,-0.0065668478083669435,0,4,0
2026092804,maest,unweighted,0.5,raw,47,131,0.11715325477584673,0.37712758806695235,0.0,-0.004230012712471282,0,4,0
2026092804,maest,unweighted,0.5,prior_offset,47,131,0.11715325477584673,0.37712758806695235,0.0,-0.004230012712471282,0,4,0
2026092804,maest,unweighted,0.5,temperature,47,131,0.11800809307379626,0.3817696381504676,0.0008548382979495228,-0.003375174414521759,0,4,0
2026092804,maest,unweighted,0.5,platt,47,131,0.12138326748831801,0.3894661636597921,0.004230012712471282,0.0,0,4,0
2026092804,maest,unweighted,0.5,beta,47,131,0.12136874782254715,0.39038183498774276,0.004215493046700422,-1.4519665770859613e-05,0,4,0
2026092804,maest,unweighted,0.5,isotonic,47,131,0.12573216967692416,0.688401201311185,0.008578914901077428,0.004348902188606146,0,4,0
2026092804,maest,unweighted,0.5,ridge_platt,47,131,0.11708925796334928,0.3764538324343578,-6.399681249745492e-05,-0.0042940095249687366,0,4,0
2026092804,maest,unweighted,1.0,raw,94,249,0.11715325477584673,0.37712758806695235,0.0,-0.0031825159161121275,0,4,0
2026092804,maest,unweighted,1.0,prior_offset,94,249,0.11715325477584673,0.37712758806695235,0.0,-0.0031825159161121275,0,4,0
2026092804,maest,unweighted,1.0,temperature,94,249,0.11863130694571584,0.3824610050148225,0.0014780521698691124,-0.0017044637462430151,0,4,0
2026092804,maest,unweighted,1.0,platt,94,249,0.12033577069195886,0.38616928341095463,0.0031825159161121275,0.0,0,4,0
2026092804,maest,unweighted,1.0,beta,94,249,0.11952689678682786,0.38464453401861176,0.002373642010981128,-0.0008088739051309995,0,4,0
2026092804,maest,unweighted,1.0,isotonic,94,249,0.12368360013438277,0.5845257692560606,0.006530345358536041,0.0033478294424239136,0,4,0
2026092804,maest,unweighted,1.0,ridge_platt,94,249,0.11788786624735724,0.37885554593477416,0.0007346114715105073,-0.00244790444460162,0,4,0
2026092804,mert_v0,ambient_balanced,0.25,raw,24,66,0.15055759335394164,0.4656444208204277,0.0,0.006161302755491621,0,4,0
2026092804,mert_v0,ambient_balanced,0.25,prior_offset,24,66,0.13566816038920854,0.429695780745022,-0.014889432964733107,-0.008728130209241486,0,4,0
2026092804,mert_v0,ambient_balanced,0.25,temperature,24,66,0.15359914372033961,0.47681961864943034,0.0030415503663979715,0.009202853121889593,0,4,0
2026092804,mert_v0,ambient_balanced,0.25,platt,24,66,0.14439629059845002,0.4632792460282192,-0.006161302755491621,0.0,0,4,0
2026092804,mert_v0,ambient_balanced,0.25,beta,24,66,0.1432397090720941,0.4617200475438729,-0.007317884281847542,-0.001156581526355921,0,4,2
2026092804,mert_v0,ambient_balanced,0.25,isotonic,24,66,0.1510173669944071,1.0519156252176332,0.0004597736404654551,0.006621076395957076,0,4,0
2026092804,mert_v0,ambient_balanced,0.25,ridge_platt,24,66,0.13857481051452375,0.4369835903848777,-0.011982782839417894,-0.005821480083926273,0,4,0
2026092804,mert_v0,ambient_balanced,0.5,raw,47,131,0.15055759335394164,0.4656444208204277,0.0,0.013969927280513772,0,4,0
2026092804,mert_v0,ambient_balanced,0.5,prior_offset,47,131,0.13566816038920854,0.429695780745022,-0.014889432964733107,-0.000919505684219335,0,4,0
2026092804,mert_v0,ambient_balanced,0.5,temperature,47,131,0.15155868647996748,0.4689474710262444,0.0010010931260258371,0.014971020406539609,0,4,0
2026092804,mert_v0,ambient_balanced,0.5,platt,47,131,0.13658766607342787,0.4324006363058588,-0.013969927280513772,0.0,0,4,0
2026092804,mert_v0,ambient_balanced,0.5,beta,47,131,0.13640429720999536,0.4338063121551356,-0.014153296143946281,-0.00018336886343250924,0,4,3
2026092804,mert_v0,ambient_balanced,0.5,isotonic,47,131,0.1425118474285699,0.7720279093040806,-0.008045745925371744,0.0059241813551420275,0,4,0
2026092804,mert_v0,ambient_balanced,0.5,ridge_platt,47,131,0.1355336070540875,0.4277786980070982,-0.01502398629985413,-0.0010540590193403587,0,4,0
2026092804,mert_v0,ambient_balanced,1.0,raw,94,249,0.15055759335394164,0.4656444208204277,0.0,0.014782381805964917,0,4,0
2026092804,mert_v0,ambient_balanced,1.0,prior_offset,94,249,0.13566816038920854,0.429695780745022,-0.014889432964733107,-0.00010705115876818994,0,4,0
2026092804,mert_v0,ambient_balanced,1.0,temperature,94,249,0.15139870099624952,0.4690658906080509,0.0008411076423078812,0.015623489448272798,0,4,0
2026092804,mert_v0,ambient_balanced,1.0,platt,94,249,0.13577521154797673,0.4295424440709019,-0.014782381805964917,0.0,0,4,0
2026092804,mert_v0,ambient_balanced,1.0,beta,94,249,0.13534970261780704,0.42984179537111195,-0.0152078907361346,-0.0004255089301696824,0,4,2
2026092804,mert_v0,ambient_balanced,1.0,isotonic,94,249,0.14005184170451085,0.7024771351403135,-0.010505751649430795,0.0042766301565341225,0,4,0
2026092804,mert_v0,ambient_balanced,1.0,ridge_platt,94,249,0.13599444664175853,0.429610365824667,-0.014563146712183117,0.00021923509378179995,0,4,0
2026092804,mert_v0,unweighted,0.25,raw,24,66,0.1356309210831636,0.4297915281227217,0.0,-0.008749057323935439,0,4,0
2026092804,mert_v0,unweighted,0.25,prior_offset,24,66,0.1356309210831636,0.4297915281227217,0.0,-0.008749057323935439,0,4,0
2026092804,mert_v0,unweighted,0.25,temperature,24,66,0.14067563001738442,0.452039687654227,0.005044708934220821,-0.003704348389714618,0,4,0
2026092804,mert_v0,unweighted,0.25,platt,24,66,0.14437997840709904,0.4633936063044086,0.008749057323935439,0.0,0,4,0
2026092804,mert_v0,unweighted,0.25,beta,24,66,0.14446459669999,0.46300382268302154,0.008833675616826409,8.461829289097e-05,0,4,2
2026092804,mert_v0,unweighted,0.25,isotonic,24,66,0.15096406414158164,1.0190551134457317,0.015333143058418042,0.006584085734482603,0,4,0
2026092804,mert_v0,unweighted,0.25,ridge_platt,24,66,0.13583320068012164,0.430828451098699,0.0002022795969580382,-0.0085467777269774,0,4,0
2026092804,mert_v0,unweighted,0.5,raw,47,131,0.1356309210831636,0.4297915281227217,0.0,-0.0012227666273409432,0,4,0
2026092804,mert_v0,unweighted,0.5,prior_offset,47,131,0.1356309210831636,0.4297915281227217,0.0,-0.0012227666273409432,0,4,0
2026092804,mert_v0,unweighted,0.5,temperature,47,131,0.1364737746865941,0.4321826384362504,0.0008428536034305045,-0.0003799130239104387,0,4,0
2026092804,mert_v0,unweighted,0.5,platt,47,131,0.13685368771050455,0.43340624025138313,0.0012227666273409432,0.0,0,4,0
2026092804,mert_v0,unweighted,0.5,beta,47,131,0.13672296610237042,0.4347297454429854,0.0010920450192068165,-0.0001307216081341267,0,4,3
2026092804,mert_v0,unweighted,0.5,isotonic,47,131,0.1440233761028609,0.9081833742532569,0.008392455019697292,0.007169688392356349,0,4,0
2026092804,mert_v0,unweighted,0.5,ridge_platt,47,131,0.13528955703915801,0.4275909850942133,-0.0003413640440055876,-0.0015641306713465308,0,4,0
2026092804,mert_v0,unweighted,1.0,raw,94,249,0.1356309210831636,0.4297915281227217,0.0,-0.0003598432917823746,0,4,0
2026092804,mert_v0,unweighted,1.0,prior_offset,94,249,0.1356309210831636,0.4297915281227217,0.0,-0.0003598432917823746,0,4,0
2026092804,mert_v0,unweighted,1.0,temperature,94,249,0.1356853380243868,0.429810164513693,5.44169412231843e-05,-0.0003054263505591903,0,4,0
2026092804,mert_v0,unweighted,1.0,platt,94,249,0.13599076437494598,0.4303000278243537,0.0003598432917823746,0.0,0,4,0
2026092804,mert_v0,unweighted,1.0,beta,94,249,0.13591637104369314,0.43124254296772296,0.00028544996052953797,-7.439333125283665e-05,0,4,2
2026092804,mert_v0,unweighted,1.0,isotonic,94,249,0.14075525174666118,0.642220398176359,0.005124330663497573,0.004764487371715198,0,4,0
2026092804,mert_v0,unweighted,1.0,ridge_platt,94,249,0.13541781598013508,0.4287234399201614,-0.00021310510302852137,-0.000572948394810896,0,4,0
2026092804,mert_v1,ambient_balanced,0.25,raw,24,66,0.15023672996528997,0.4646267235461427,0.0,0.00777527557378932,0,4,0
2026092804,mert_v1,ambient_balanced,0.25,prior_offset,24,66,0.13476444257693737,0.42698702586425785,-0.015472287388352601,-0.0076970118145632815,0,4,0
2026092804,mert_v1,ambient_balanced,0.25,temperature,24,66,0.15347494441271012,0.4758785112421762,0.0032382144474201457,0.011013490021209466,0,4,0
2026092804,mert_v1,ambient_balanced,0.25,platt,24,66,0.14246145439150065,0.45298047499929983,-0.00777527557378932,0.0,0,4,0
2026092804,mert_v1,ambient_balanced,0.25,beta,24,66,0.14211493110006448,0.45195530391861155,-0.008121798865225488,-0.0003465232914361682,0,4,3
2026092804,mert_v1,ambient_balanced,0.25,isotonic,24,66,0.1461322159633474,0.9094185175976237,-0.004104514001942561,0.003670761571846759,0,4,0
2026092804,mert_v1,ambient_balanced,0.25,ridge_platt,24,66,0.13729637758857413,0.4338058789653437,-0.012940352376715841,-0.0051650768029265215,0,4,0
2026092804,mert_v1,ambient_balanced,0.5,raw,47,131,0.15023672996528997,0.4646267235461427,0.0,0.014587626164408868,0,4,0
2026092804,mert_v1,ambient_balanced,0.5,prior_offset,47,131,0.13476444257693737,0.42698702586425785,-0.015472287388352601,-0.0008846612239437335,0,4,0
2026092804,mert_v1,ambient_balanced,0.5,temperature,47,131,0.15095846739330046,0.46721340859200644,0.0007217374280104882,0.015309363592419356,0,4,0
2026092804,mert_v1,ambient_balanced,0.5,platt,47,131,0.1356491038008811,0.4300217458893592,-0.014587626164408868,0.0,0,4,0
2026092804,mert_v1,ambient_balanced,0.5,beta,47,131,0.13565110484583065,0.43154242225845063,-0.014585625119459322,2.0010449495455607e-06,0,4,3
2026092804,mert_v1,ambient_balanced,0.5,isotonic,47,131,0.1411598434210779,0.8008583468625428,-0.00907688654421207,0.005510739620196797,0,4,0
2026092804,mert_v1,ambient_balanced,0.5,ridge_platt,47,131,0.13424998528360346,0.42473285362098445,-0.01598674468168651,-0.0013991185172776421,0,4,0
2026092804,mert_v1,ambient_balanced,1.0,raw,94,249,0.15023672996528997,0.4646267235461427,0.0,0.015238636648818638,0,4,0
2026092804,mert_v1,ambient_balanced,1.0,prior_offset,94,249,0.13476444257693737,0.42698702586425785,-0.015472287388352601,-0.00023365073953396376,0,4,0
2026092804,mert_v1,ambient_balanced,1.0,temperature,94,249,0.15140968727647316,0.4691761328852848,0.0011729573111831926,0.01641159396000183,0,4,0
2026092804,mert_v1,ambient_balanced,1.0,platt,94,249,0.13499809331647133,0.4276071680375361,-0.015238636648818638,0.0,0,4,0
2026092804,mert_v1,ambient_balanced,1.0,beta,94,249,0.13421136012126064,0.42700066124460995,-0.01602536984402933,-0.0007867331952106926,0,4,1
2026092804,mert_v1,ambient_balanced,1.0,isotonic,94,249,0.13794620443160904,0.7277992633486701,-0.01229052553368093,0.002948111115137708,0,4,0
2026092804,mert_v1,ambient_balanced,1.0,ridge_platt,94,249,0.13523600183066273,0.42724481552005983,-0.015000728134627245,0.0002379085141913928,0,4,0
2026092804,mert_v1,unweighted,0.25,raw,24,66,0.1346037947981594,0.4267934767914455,0.0,-0.007956906113448153,0,4,0
2026092804,mert_v1,unweighted,0.25,prior_offset,24,66,0.1346037947981594,0.4267934767914455,0.0,-0.007956906113448153,0,4,0
2026092804,mert_v1,unweighted,0.25,temperature,24,66,0.13945117437306928,0.44495934681216254,0.0048473795749098825,-0.003109526538538271,0,4,0
2026092804,mert_v1,unweighted,0.25,platt,24,66,0.14256070091160755,0.4537392597128531,0.007956906113448153,0.0,0,4,0
2026092804,mert_v1,unweighted,0.25,beta,24,66,0.1435924673152049,0.4569912700767931,0.008988672517045493,0.0010317664035973395,0,4,3
2026092804,mert_v1,unweighted,0.25,isotonic,24,66,0.14723142322042954,0.9462920738370351,0.012627628422270137,0.004670722308821984,0,4,0
2026092804,mert_v1,unweighted,0.25,ridge_platt,24,66,0.1348684151623,0.42794079636130217,0.00026462036414059975,-0.007692285749307554,0,4,0
2026092804,mert_v1,unweighted,0.5,raw,47,131,0.1346037947981594,0.4267934767914455,0.0,-0.0011408588329823166,0,4,0
2026092804,mert_v1,unweighted,0.5,prior_offset,47,131,0.1346037947981594,0.4267934767914455,0.0,-0.0011408588329823166,0,4,0
2026092804,mert_v1,unweighted,0.5,temperature,47,131,0.13539534757412303,0.4292911913879611,0.0007915527759636276,-0.000349306057018689,0,4,0
2026092804,mert_v1,unweighted,0.5,platt,47,131,0.13574465363114172,0.43045535674388447,0.0011408588329823166,0.0,0,4,0
2026092804,mert_v1,unweighted,0.5,beta,47,131,0.13607480706172057,0.4324079103558104,0.0014710122635611667,0.00033015343057885005,0,4,2
2026092804,mert_v1,unweighted,0.5,isotonic,47,131,0.14118959843908013,0.8357140414100666,0.006585803640920734,0.005444944807938418,0,4,0
2026092804,mert_v1,unweighted,0.5,ridge_platt,47,131,0.1341306997598802,0.4247020082082638,-0.0004730950382791921,-0.0016139538712615087,0,4,0
2026092804,mert_v1,unweighted,1.0,raw,94,249,0.1346037947981594,0.4267934767914455,0.0,-0.00046795083405121174,0,4,0
2026092804,mert_v1,unweighted,1.0,prior_offset,94,249,0.1346037947981594,0.4267934767914455,0.0,-0.00046795083405121174,0,4,0
2026092804,mert_v1,unweighted,1.0,temperature,94,249,0.13493634043110572,0.42766028221284724,0.0003325456329463239,-0.00013540520110488785,0,4,0
2026092804,mert_v1,unweighted,1.0,platt,94,249,0.1350717456322106,0.42790964416764754,0.00046795083405121174,0.0,0,4,0
2026092804,mert_v1,unweighted,1.0,beta,94,249,0.1350513655724226,0.4285013142397838,0.0004475707742631896,-2.0380059788022153e-05,0,4,1
2026092804,mert_v1,unweighted,1.0,isotonic,94,249,0.13842054729210465,0.7294423900212268,0.0038167524939452524,0.0033488016598940407,0,4,0
2026092804,mert_v1,unweighted,1.0,ridge_platt,94,249,0.13435172681273863,0.4255910303382249,-0.00025206798542076747,-0.0007200188194719792,0,4,0
2026092805,maest,ambient_balanced,0.25,raw,24,54,0.1375502497542258,0.4290565507411769,0.0,0.010034999736432959,0,4,0
2026092805,maest,ambient_balanced,0.25,prior_offset,24,54,0.12568615950206385,0.4020903249483847,-0.011864090252161952,-0.0018290905157289927,0,4,0
2026092805,maest,ambient_balanced,0.25,temperature,24,54,0.13718860801929567,0.4368396726906419,-0.0003616417349301404,0.009673358001502819,0,4,0
2026092805,maest,ambient_balanced,0.25,platt,24,54,0.12751525001779285,0.42502442689361947,-0.010034999736432959,0.0,0,4,1
2026092805,maest,ambient_balanced,0.25,beta,24,54,0.12916226436919145,0.43859696200720855,-0.008387985385034352,0.0016470143513986069,0,4,2
2026092805,maest,ambient_balanced,0.25,isotonic,24,54,0.13321311465054222,1.5678707595535653,-0.0043371351036835815,0.005697864632749378,0,4,0
2026092805,maest,ambient_balanced,0.25,ridge_platt,24,54,0.12989475578569265,0.419162742437048,-0.007655493968533156,0.0023795057678998033,0,4,1
2026092805,maest,ambient_balanced,0.5,raw,47,112,0.1375502497542258,0.4290565507411769,0.0,0.009633594448295396,0,4,0
2026092805,maest,ambient_balanced,0.5,prior_offset,47,112,0.12568615950206385,0.4020903249483847,-0.011864090252161952,-0.0022304958038665557,0,4,0
2026092805,maest,ambient_balanced,0.5,temperature,47,112,0.1389147261662122,0.43487158392206154,0.0013644764119863928,0.010998070860281789,0,4,0
2026092805,maest,ambient_balanced,0.5,platt,47,112,0.1279166553059304,0.40951278784270395,-0.009633594448295396,0.0,0,4,0
2026092805,maest,ambient_balanced,0.5,beta,47,112,0.1302944014989302,0.42500597987207167,-0.007255848255295599,0.0023777461929997967,0,4,1
2026092805,maest,ambient_balanced,0.5,isotonic,47,112,0.13443845613422437,0.9270796608693586,-0.0031117936200014407,0.0065218008282939555,0,4,0
2026092805,maest,ambient_balanced,0.5,ridge_platt,47,112,0.12625722255121735,0.40325500502451783,-0.011293027203008454,-0.0016594327547130583,0,4,0
2026092805,maest,ambient_balanced,1.0,raw,94,246,0.1375502497542258,0.4290565507411769,0.0,0.013454313421531791,0,4,0
2026092805,maest,ambient_balanced,1.0,prior_offset,94,246,0.12568615950206385,0.4020903249483847,-0.011864090252161952,0.0015902231693698393,0,4,0
2026092805,maest,ambient_balanced,1.0,temperature,94,246,0.13758428203053324,0.42993606652085387,3.403227630743855e-05,0.01348834569783923,0,4,0
2026092805,maest,ambient_balanced,1.0,platt,94,246,0.12409593633269402,0.3979226442754376,-0.013454313421531791,0.0,0,4,0
2026092805,maest,ambient_balanced,1.0,beta,94,246,0.1250475741515741,0.40020436770117973,-0.012502675602651697,0.0009516378188800939,0,4,0
2026092805,maest,ambient_balanced,1.0,isotonic,94,246,0.13237803288658812,0.8532580187359883,-0.005172216867637691,0.0082820965538941,0,4,0
2026092805,maest,ambient_balanced,1.0,ridge_platt,94,246,0.1256323128640202,0.4012938266629782,-0.011917936890205594,0.0015363765313261973,0,4,0
2026092805,maest,unweighted,0.25,raw,24,54,0.12557030058051044,0.40060447059149085,0.0,-0.0017561194665359214,0,4,0
2026092805,maest,unweighted,0.25,prior_offset,24,54,0.12557030058051044,0.40060447059149085,0.0,-0.0017561194665359214,0,4,0
2026092805,maest,unweighted,0.25,temperature,24,54,0.12588207993055084,0.410290470824424,0.0003117793500403976,-0.0014443401164955239,0,4,0
2026092805,maest,unweighted,0.25,platt,24,54,0.12732642004704636,0.42473288222500394,0.0017561194665359214,0.0,0,4,1
2026092805,maest,unweighted,0.25,beta,24,54,0.1286797814590435,0.43708770175830125,0.0031094808785330497,0.0013533614119971282,0,4,2
2026092805,maest,unweighted,0.25,isotonic,24,54,0.13260788197027903,1.6641408505482478,0.0070375813897685935,0.005281461923232672,0,4,0
2026092805,maest,unweighted,0.25,ridge_platt,24,54,0.12723599093154242,0.41277446936684725,0.0016656903510319787,-9.042911550394273e-05,0,4,1
2026092805,maest,unweighted,0.5,raw,47,112,0.12557030058051044,0.40060447059149085,0.0,-0.002081810267526518,0,4,0
2026092805,maest,unweighted,0.5,prior_offset,47,112,0.12557030058051044,0.40060447059149085,0.0,-0.002081810267526518,0,4,0
2026092805,maest,unweighted,0.5,temperature,47,112,0.1274319769174811,0.4068826491918898,0.0018616763369706524,-0.00022013393055586583,0,4,0
2026092805,maest,unweighted,0.5,platt,47,112,0.12765211084803696,0.40871171192234024,0.002081810267526518,0.0,0,4,0
2026092805,maest,unweighted,0.5,beta,47,112,0.12972583207909755,0.42392347564360594,0.004155531498587106,0.002073721231060588,0,4,1
2026092805,maest,unweighted,0.5,isotonic,47,112,0.1339160045783753,0.9271226824256341,0.008345703997864856,0.006263893730338338,0,4,0
2026092805,maest,unweighted,0.5,ridge_platt,47,112,0.12602875121759838,0.4025987351649585,0.0004584506370879371,-0.0016233596304385811,0,4,0
2026092805,maest,unweighted,1.0,raw,94,246,0.12557030058051044,0.40060447059149085,0.0,0.0015870393087279722,0,4,0
2026092805,maest,unweighted,1.0,prior_offset,94,246,0.12557030058051044,0.40060447059149085,0.0,0.0015870393087279722,0,4,0
2026092805,maest,unweighted,1.0,temperature,94,246,0.12607576381969907,0.40208108398981274,0.0005054632391886249,0.002092502547916597,0,4,0
2026092805,maest,unweighted,1.0,platt,94,246,0.12398326127178247,0.39746725115913845,-0.0015870393087279722,0.0,0,4,0
2026092805,maest,unweighted,1.0,beta,94,246,0.12462314626475407,0.3992293711481559,-0.0009471543157563711,0.0006398849929716011,0,4,1
2026092805,maest,unweighted,1.0,isotonic,94,246,0.1321010727046372,0.8523899512651368,0.006530772124126755,0.008117811432854727,0,4,0
2026092805,maest,unweighted,1.0,ridge_platt,94,246,0.12557030058051044,0.40060447059149085,0.0,0.0015870393087279722,0,4,0
2026092805,mert_v0,ambient_balanced,0.25,raw,24,54,0.14953139624315873,0.4653164563837856,0.0,0.010456564384810157,0,4,0
2026092805,mert_v0,ambient_balanced,0.25,prior_offset,24,54,0.13779748912036688,0.43684174971590006,-0.011733907122791848,-0.0012773427379816904,0,4,0
2026092805,mert_v0,ambient_balanced,0.25,temperature,24,54,0.14794190361732168,0.46124769099898183,-0.0015894926258370468,0.00886707175897311,0,4,0
2026092805,mert_v0,ambient_balanced,0.25,platt,24,54,0.13907483185834857,0.4476763836306706,-0.010456564384810157,0.0,0,4,1
2026092805,mert_v0,ambient_balanced,0.25,beta,24,54,0.13984832518023835,0.4520642783252782,-0.009683071062920379,0.0007734933218897788,0,4,3
2026092805,mert_v0,ambient_balanced,0.25,isotonic,24,54,0.14231148083360448,1.2982352503170547,-0.007219915409554245,0.0032366489752559124,0,4,0
2026092805,mert_v0,ambient_balanced,0.25,ridge_platt,24,54,0.14105123668904862,0.4520787652123785,-0.008480159554110106,0.0019764048307000515,0,4,1
2026092805,mert_v0,ambient_balanced,0.5,raw,47,112,0.14953139624315873,0.4653164563837856,0.0,0.01036938054672601,0,4,0
2026092805,mert_v0,ambient_balanced,0.5,prior_offset,47,112,0.13779748912036688,0.43684174971590006,-0.011733907122791848,-0.0013645265760658387,0,4,0
2026092805,mert_v0,ambient_balanced,0.5,temperature,47,112,0.15169921712488432,0.47190185995518236,0.002167820881725596,0.012537201428451605,0,4,0
2026092805,mert_v0,ambient_balanced,0.5,platt,47,112,0.13916201569643272,0.44358912740425716,-0.01036938054672601,0.0,0,4,0
2026092805,mert_v0,ambient_balanced,0.5,beta,47,112,0.13877682107045056,0.44191666833698856,-0.01075457517270817,-0.00038519462598216037,0,4,2
2026092805,mert_v0,ambient_balanced,0.5,isotonic,47,112,0.14468810909220686,0.7220369141389722,-0.004843287150951864,0.005526093395774145,0,4,0
2026092805,mert_v0,ambient_balanced,0.5,ridge_platt,47,112,0.13878915024025879,0.4402583056922346,-0.010742246002899941,-0.00037286545617393196,0,4,0
2026092805,mert_v0,ambient_balanced,1.0,raw,94,246,0.14953139624315873,0.4653164563837856,0.0,0.01412127738477309,0,4,0
2026092805,mert_v0,ambient_balanced,1.0,prior_offset,94,246,0.13779748912036688,0.43684174971590006,-0.011733907122791848,0.002387370261981242,0,4,0
2026092805,mert_v0,ambient_balanced,1.0,temperature,94,246,0.14931249805197558,0.4653255589715998,-0.0002188981911831478,0.013902379193589942,0,4,0
2026092805,mert_v0,ambient_balanced,1.0,platt,94,246,0.13541011885838564,0.43283167484478546,-0.01412127738477309,0.0,0,4,0
2026092805,mert_v0,ambient_balanced,1.0,beta,94,246,0.13483377870845542,0.4285977610113417,-0.014697617534703306,-0.0005763401499302157,0,4,1
2026092805,mert_v0,ambient_balanced,1.0,isotonic,94,246,0.14131464730241733,0.6139470835612478,-0.008216748940741397,0.0059045284440316925,0,4,0
2026092805,mert_v0,ambient_balanced,1.0,ridge_platt,94,246,0.1363545939528998,0.43396764329808646,-0.013176802290258915,0.0009444750945141744,0,4,0
2026092805,mert_v0,unweighted,0.25,raw,24,54,0.13750022823253882,0.4360753614384143,0.0,-0.001489158634215615,0,4,0
2026092805,mert_v0,unweighted,0.25,prior_offset,24,54,0.13750022823253882,0.4360753614384143,0.0,-0.001489158634215615,0,4,0
2026092805,mert_v0,unweighted,0.25,temperature,24,54,0.13643384944325396,0.43387385252463495,-0.0010663787892848664,-0.0025555374235004813,0,4,0
2026092805,mert_v0,unweighted,0.25,platt,24,54,0.13898938686675444,0.4475013018974309,0.001489158634215615,0.0,0,4,1
2026092805,mert_v0,unweighted,0.25,beta,24,54,0.13985177707277624,0.4514060233903259,0.0023515488402374163,0.0008623902060218014,0,4,3
2026092805,mert_v0,unweighted,0.25,isotonic,24,54,0.14161389006636155,1.1968410658132411,0.004113661833822724,0.002624503199607109,0,4,0
2026092805,mert_v0,unweighted,0.25,ridge_platt,24,54,0.1408284752705537,0.45148096348210376,0.0033282470380148754,0.0018390884037992605,0,4,1
2026092805,mert_v0,unweighted,0.5,raw,47,112,0.13750022823253882,0.4360753614384143,0.0,-0.001566258704854162,0,4,0
2026092805,mert_v0,unweighted,0.5,prior_offset,47,112,0.13750022823253882,0.4360753614384143,0.0,-0.001566258704854162,0,4,0
2026092805,mert_v0,unweighted,0.5,temperature,47,112,0.14048239893963807,0.4458448170275716,0.0029821707070992465,0.0014159120022450844,0,4,0
2026092805,mert_v0,unweighted,0.5,platt,47,112,0.13906648693739299,0.44342273749223726,0.001566258704854162,0.0,0,4,0
2026092805,mert_v0,unweighted,0.5,beta,47,112,0.13881424013879692,0.4421231278173737,0.0013140119062581002,-0.0002522467985960619,0,4,2
2026092805,mert_v0,unweighted,0.5,isotonic,47,112,0.1440909226075393,0.7186454487821754,0.006590694375000483,0.005024435670146321,0,4,0
2026092805,mert_v0,unweighted,0.5,ridge_platt,47,112,0.13790166223329478,0.43746794535764905,0.0004014340007559569,-0.0011648247040982052,0,4,0
2026092805,mert_v0,unweighted,1.0,raw,94,246,0.13750022823253882,0.4360753614384143,0.0,0.002189378345480858,0,4,0
2026092805,mert_v0,unweighted,1.0,prior_offset,94,246,0.13750022823253882,0.4360753614384143,0.0,0.002189378345480858,0,4,0
2026092805,mert_v0,unweighted,1.0,temperature,94,246,0.1373663243062007,0.43670433115272644,-0.00013390392633813586,0.002055474419142722,0,4,0
2026092805,mert_v0,unweighted,1.0,platt,94,246,0.13531084988705797,0.4327472100988463,-0.002189378345480858,0.0,0,4,0
2026092805,mert_v0,unweighted,1.0,beta,94,246,0.13476527673988786,0.4287808290687447,-0.002734951492650961,-0.0005455731471701031,0,4,1
2026092805,mert_v0,unweighted,1.0,isotonic,94,246,0.14120149557965422,0.6123214338291807,0.0037012673471154,0.005890645692596258,0,4,0
2026092805,mert_v0,unweighted,1.0,ridge_platt,94,246,0.13613019203879637,0.43322529727761977,-0.0013700361937424577,0.0008193421517384003,0,4,0
2026092805,mert_v1,ambient_balanced,0.25,raw,24,54,0.153554436357627,0.47616719170996746,0.0,0.014146606655767002,0,4,0
2026092805,mert_v1,ambient_balanced,0.25,prior_offset,24,54,0.14007252499040007,0.4437200848023254,-0.013481911367226929,0.0006646952885400736,0,4,0
2026092805,mert_v1,ambient_balanced,0.25,temperature,24,54,0.15295148700632838,0.476766810627261,-0.0006029493512986206,0.013543657304468382,0,4,0
2026092805,mert_v1,ambient_balanced,0.25,platt,24,54,0.13940782970186,0.44976338284070005,-0.014146606655767002,0.0,0,4,1
2026092805,mert_v1,ambient_balanced,0.25,beta,24,54,0.14057480621287238,0.45428998043269575,-0.012979630144754617,0.0011669765110123853,0,4,3
2026092805,mert_v1,ambient_balanced,0.25,isotonic,24,54,0.145307323173751,1.6394420143648931,-0.008247113183875998,0.005899493471891004,0,4,0
2026092805,mert_v1,ambient_balanced,0.25,ridge_platt,24,54,0.14120448621788584,0.4535305889718462,-0.012349950139741162,0.0017966565160258408,0,4,1
2026092805,mert_v1,ambient_balanced,0.5,raw,47,112,0.153554436357627,0.47616719170996746,0.0,0.012698565713176735,0,4,0
2026092805,mert_v1,ambient_balanced,0.5,prior_offset,47,112,0.14007252499040007,0.4437200848023254,-0.013481911367226929,-0.0007833456540501937,0,4,0
2026092805,mert_v1,ambient_balanced,0.5,temperature,47,112,0.1544507384697143,0.4791068272311218,0.0008963021120872994,0.013594867825264034,0,4,0
2026092805,mert_v1,ambient_balanced,0.5,platt,47,112,0.14085587064445027,0.44760139821631484,-0.012698565713176735,0.0,0,4,0
2026092805,mert_v1,ambient_balanced,0.5,beta,47,112,0.1395366829213195,0.4435828201580887,-0.014017753436307512,-0.001319187723130777,0,4,2
2026092805,mert_v1,ambient_balanced,0.5,isotonic,47,112,0.14412855696702948,0.6206206781585996,-0.009425879390597525,0.00327268632257921,0,4,0
2026092805,mert_v1,ambient_balanced,0.5,ridge_platt,47,112,0.1406907950373577,0.44605174620765026,-0.012863641320269292,-0.00016507560709255742,0,4,0
2026092805,mert_v1,ambient_balanced,1.0,raw,94,246,0.153554436357627,0.47616719170996746,0.0,0.01576079628432367,0,4,0
2026092805,mert_v1,ambient_balanced,1.0,prior_offset,94,246,0.14007252499040007,0.4437200848023254,-0.013481911367226929,0.0022788849170967407,0,4,0
2026092805,mert_v1,ambient_balanced,1.0,temperature,94,246,0.15271288327325083,0.47498223423662583,-0.0008415530843761676,0.014919243199947502,0,4,0
2026092805,mert_v1,ambient_balanced,1.0,platt,94,246,0.13779364007330333,0.4407587796765446,-0.01576079628432367,0.0,0,4,0
2026092805,mert_v1,ambient_balanced,1.0,beta,94,246,0.13719013125088517,0.4373348737913263,-0.016364305106741833,-0.000603508822418164,0,4,1
2026092805,mert_v1,ambient_balanced,1.0,isotonic,94,246,0.13868393333969264,0.5382615812415285,-0.014870503017934356,0.0008902932663893137,0,4,0
2026092805,mert_v1,ambient_balanced,1.0,ridge_platt,94,246,0.13839074315560998,0.4412658069980864,-0.01516369320201702,0.0005971030823066492,0,4,0
2026092805,mert_v1,unweighted,0.25,raw,24,54,0.14004205696705144,0.4439861751124907,0.0,0.0005885979304715849,0,4,0
2026092805,mert_v1,unweighted,0.25,prior_offset,24,54,0.14004205696705144,0.4439861751124907,0.0,0.0005885979304715849,0,4,0
2026092805,mert_v1,unweighted,0.25,temperature,24,54,0.1398917092286515,0.4464471518088025,-0.00015034773839994742,0.0004382501920716375,0,4,0
2026092805,mert_v1,unweighted,0.25,platt,24,54,0.13945345903657985,0.45027118814414185,-0.0005885979304715849,0.0,0,4,1
2026092805,mert_v1,unweighted,0.25,beta,24,54,0.14066820744932976,0.45442189509764064,0.0006261504822783204,0.0012147484127499053,0,4,3
2026092805,mert_v1,unweighted,0.25,isotonic,24,54,0.14484148384112716,1.5388192349977947,0.004799426874075724,0.005388024804547309,0,4,0
2026092805,mert_v1,unweighted,0.25,ridge_platt,24,54,0.14121126877177403,0.45384569249904433,0.0011692118047225974,0.0017578097351941824,0,4,1
2026092805,mert_v1,unweighted,0.5,raw,47,112,0.14004205696705144,0.4439861751124907,0.0,-0.0008641883312318355,0,4,0
2026092805,mert_v1,unweighted,0.5,prior_offset,47,112,0.14004205696705144,0.4439861751124907,0.0,-0.0008641883312318355,0,4,0
2026092805,mert_v1,unweighted,0.5,temperature,47,112,0.14147086065934356,0.44958362388453416,0.0014288036922921188,0.0005646153610602833,0,4,0
2026092805,mert_v1,unweighted,0.5,platt,47,112,0.14090624529828327,0.44821105877500894,0.0008641883312318355,0.0,0,4,0
2026092805,mert_v1,unweighted,0.5,beta,47,112,0.1396308490263633,0.44420804800480235,-0.00041120794068813527,-0.0012753962719199707,0,4,2
2026092805,mert_v1,unweighted,0.5,isotonic,47,112,0.14353930322405192,0.6188716643204691,0.003497246257000486,0.0026330579257686504,0,4,0
2026092805,mert_v1,unweighted,0.5,ridge_platt,47,112,0.14029919941881328,0.4449737585304048,0.00025714245176183814,-0.0006070458794699973,0,4,0
2026092805,mert_v1,unweighted,1.0,raw,94,246,0.14004205696705144,0.4439861751124907,0.0,0.0021723260707690317,0,4,0
2026092805,mert_v1,unweighted,1.0,prior_offset,94,246,0.14004205696705144,0.4439861751124907,0.0,0.0021723260707690317,0,4,0
2026092805,mert_v1,unweighted,1.0,temperature,94,246,0.13935266104525895,0.44355356321089123,-0.000689395921792485,0.0014829301489765467,0,4,0
2026092805,mert_v1,unweighted,1.0,platt,94,246,0.1378697308962824,0.44133531427193146,-0.0021723260707690317,0.0,0,4,0
2026092805,mert_v1,unweighted,1.0,beta,94,246,0.13720464090689483,0.4379696100724184,-0.002837416060156611,-0.0006650899893875795,0,4,1
2026092805,mert_v1,unweighted,1.0,isotonic,94,246,0.13862446354777858,0.5391878996500471,-0.0014175934192728612,0.0007547326514961705,0,4,0
2026092805,mert_v1,unweighted,1.0,ridge_platt,94,246,0.1381094739978678,0.4406887736116639,-0.0019325829691836383,0.00023974310158539347,0,4,0
2026092806,maest,ambient_balanced,0.25,raw,24,63,0.14652010209922944,0.44904625989442204,0.0,-0.0025065636329603402,0,4,0
2026092806,maest,ambient_balanced,0.25,prior_offset,24,63,0.13973631199661932,0.4325189616727665,-0.006783790102610127,-0.009290353735570467,0,4,0
2026092806,maest,ambient_balanced,0.25,temperature,24,63,0.15122187275728827,0.47433903274722383,0.004701770658058824,0.0021952070250984834,0,4,0
2026092806,maest,ambient_balanced,0.25,platt,24,63,0.14902666573218978,0.46897107335102683,0.0025065636329603402,0.0,0,4,0
2026092806,maest,ambient_balanced,0.25,beta,24,63,0.14885122790381033,0.4823653808107776,0.0023311258045808914,-0.00017543782837944888,0,4,3
2026092806,maest,ambient_balanced,0.25,isotonic,24,63,0.15152787156640757,1.8615783439385125,0.005007769467178125,0.0025012058342177845,0,4,0
2026092806,maest,ambient_balanced,0.25,ridge_platt,24,63,0.14478410876272624,0.44240058272537003,-0.0017359933365032054,-0.004242556969463546,0,4,0
2026092806,maest,ambient_balanced,0.5,raw,47,112,0.14652010209922944,0.44904625989442204,0.0,0.00529940236703158,0,4,0
2026092806,maest,ambient_balanced,0.5,prior_offset,47,112,0.13973631199661932,0.4325189616727665,-0.006783790102610127,-0.0014843877355785462,0,4,0
2026092806,maest,ambient_balanced,0.5,temperature,47,112,0.14723470953693174,0.44881641159625596,0.0007146074377022971,0.0060140098047338775,0,4,0
2026092806,maest,ambient_balanced,0.5,platt,47,112,0.14122069973219786,0.43592212259561125,-0.00529940236703158,0.0,0,4,0
2026092806,maest,ambient_balanced,0.5,beta,47,112,0.14151496830472515,0.4415353823986204,-0.005005133794504291,0.0002942685725272898,0,4,1
2026092806,maest,ambient_balanced,0.5,isotonic,47,112,0.14703125793982913,1.0653896536054845,0.0005111558405996863,0.005810558207631267,0,4,0
2026092806,maest,ambient_balanced,0.5,ridge_platt,47,112,0.1406982548456767,0.43334439830723004,-0.005821847253552753,-0.0005224448865211728,0,4,0
2026092806,maest,ambient_balanced,1.0,raw,94,240,0.14652010209922944,0.44904625989442204,0.0,0.007327882429814192,0,4,0
2026092806,maest,ambient_balanced,1.0,prior_offset,94,240,0.13973631199661932,0.4325189616727665,-0.006783790102610127,0.0005440923272040654,0,4,0
2026092806,maest,ambient_balanced,1.0,temperature,94,240,0.14695389633848424,0.4492554776268377,0.00043379423925479776,0.00776167666906899,0,4,0
2026092806,maest,ambient_balanced,1.0,platt,94,240,0.13919221966941525,0.4300380513323576,-0.007327882429814192,0.0,0,4,0
2026092806,maest,ambient_balanced,1.0,beta,94,240,0.14045180347148345,0.43630251821390065,-0.006068298627745994,0.0012595838020681982,0,4,1
2026092806,maest,ambient_balanced,1.0,isotonic,94,240,0.1436876138408733,0.819104396229174,-0.002832488258356136,0.004495394171458056,0,4,0
2026092806,maest,ambient_balanced,1.0,ridge_platt,94,240,0.1392356548648506,0.4302152834862032,-0.007284447234378849,4.343519543534291e-05,0,4,0
2026092806,maest,unweighted,0.25,raw,24,63,0.13888474434293424,0.4299907971948971,0.0,-0.009656414256419277,0,4,0
2026092806,maest,unweighted,0.25,prior_offset,24,63,0.13888474434293424,0.4299907971948971,0.0,-0.009656414256419277,0,4,0
2026092806,maest,unweighted,0.25,temperature,24,63,0.1405453381993739,0.44413658633781744,0.0016605938564396572,-0.00799582039997962,0,4,0
2026092806,maest,unweighted,0.25,platt,24,63,0.14854115859935352,0.46873115706811497,0.009656414256419277,0.0,0,4,0
2026092806,maest,unweighted,0.25,beta,24,63,0.14848693451157968,0.48339811603515903,0.009602190168645441,-5.422408777383536e-05,0,4,3
2026092806,maest,unweighted,0.25,isotonic,24,63,0.1519495489125151,1.931714171117208,0.013064804569580868,0.003408390313161591,0,4,0
2026092806,maest,unweighted,0.25,ridge_platt,24,63,0.14208661884757942,0.4362504685285916,0.00320187450464518,-0.0064545397517740966,0,4,0
2026092806,maest,unweighted,0.5,raw,47,112,0.13888474434293424,0.4299907971948971,0.0,-0.00230734206316327,0,4,0
2026092806,maest,unweighted,0.5,prior_offset,47,112,0.13888474434293424,0.4299907971948971,0.0,-0.00230734206316327,0,4,0
2026092806,maest,unweighted,0.5,temperature,47,112,0.13934230713081067,0.4299545997009521,0.00045756278787642546,-0.0018497792752868447,0,4,0
2026092806,maest,unweighted,0.5,platt,47,112,0.1411920864060975,0.4369150056058639,0.00230734206316327,0.0,0,4,0
2026092806,maest,unweighted,0.5,beta,47,112,0.1417136994984295,0.4432975881789394,0.0028289551554952497,0.0005216130923319795,0,4,2
2026092806,maest,unweighted,0.5,isotonic,47,112,0.14604073862973754,1.1639116015440423,0.007155994286803302,0.004848652223640032,0,4,0
2026092806,maest,unweighted,0.5,ridge_platt,47,112,0.13888474434293424,0.4299907971948971,0.0,-0.00230734206316327,0,4,0
2026092806,maest,unweighted,1.0,raw,94,240,0.13888474434293424,0.4299907971948971,0.0,-0.00013169429528742116,0,4,0
2026092806,maest,unweighted,1.0,prior_offset,94,240,0.13888474434293424,0.4299907971948971,0.0,-0.00013169429528742116,0,4,0
2026092806,maest,unweighted,1.0,temperature,94,240,0.1392527986448505,0.43021282014436807,0.00036805430191624855,0.0002363600066288274,0,4,0
2026092806,maest,unweighted,1.0,platt,94,240,0.13901643863822166,0.42996468139914223,0.00013169429528742116,0.0,0,4,0
2026092806,maest,unweighted,1.0,beta,94,240,0.1403317413822658,0.4363615513324056,0.0014469970393315712,0.00131530274404415,0,4,1
2026092806,maest,unweighted,1.0,isotonic,94,240,0.1424124053116593,0.8160504523796143,0.0035276609687250604,0.0033959666734376392,0,4,0
2026092806,maest,unweighted,1.0,ridge_platt,94,240,0.13888474434293424,0.4299907971948971,0.0,-0.00013169429528742116,0,4,0
2026092806,mert_v0,ambient_balanced,0.25,raw,24,63,0.16133243001353373,0.49218086252502385,0.0,0.013474370004609382,0,4,0
2026092806,mert_v0,ambient_balanced,0.25,prior_offset,24,63,0.14729359684462,0.4578521446009264,-0.014038833168913717,-0.0005644631643043352,0,4,0
2026092806,mert_v0,ambient_balanced,0.25,temperature,24,63,0.160578665645495,0.49186538433649396,-0.0007537643680387285,0.012720605636570653,0,4,0
2026092806,mert_v0,ambient_balanced,0.25,platt,24,63,0.14785806000892435,0.46135957591946697,-0.013474370004609382,0.0,0,4,0
2026092806,mert_v0,ambient_balanced,0.25,beta,24,63,0.1472425861598914,0.4612007546016391,-0.014089843853642342,-0.0006154738490329603,0,4,1
2026092806,mert_v0,ambient_balanced,0.25,isotonic,24,63,0.15375483620532074,1.0415031357794469,-0.00757759380821299,0.005896776196396392,0,4,0
2026092806,mert_v0,ambient_balanced,0.25,ridge_platt,24,63,0.15251748121466221,0.4738530427914537,-0.008814948798871514,0.004659421205737868,0,4,0
2026092806,mert_v0,ambient_balanced,0.5,raw,47,112,0.16133243001353373,0.49218086252502385,0.0,0.015683352937856693,0,4,0
2026092806,mert_v0,ambient_balanced,0.5,prior_offset,47,112,0.14729359684462,0.4578521446009264,-0.014038833168913717,0.0016445197689429758,0,4,0
2026092806,mert_v0,ambient_balanced,0.5,temperature,47,112,0.15952018386979996,0.48461636771418104,-0.0018122461437337645,0.013871106794122928,0,4,0
2026092806,mert_v0,ambient_balanced,0.5,platt,47,112,0.14564907707567704,0.4514170235330721,-0.015683352937856693,0.0,0,4,0
2026092806,mert_v0,ambient_balanced,0.5,beta,47,112,0.14595469268689917,0.45697910177551715,-0.015377737326634555,0.00030561561122213754,0,4,2
2026092806,mert_v0,ambient_balanced,0.5,isotonic,47,112,0.152252376341612,0.8072356066090448,-0.009080053671921717,0.006603299265934975,0,4,0
2026092806,mert_v0,ambient_balanced,0.5,ridge_platt,47,112,0.14769548700659677,0.45890368605673953,-0.013636943006936963,0.0020464099309197292,0,4,0
2026092806,mert_v0,ambient_balanced,1.0,raw,94,240,0.16133243001353373,0.49218086252502385,0.0,0.015645222931493424,0,4,0
2026092806,mert_v0,ambient_balanced,1.0,prior_offset,94,240,0.14729359684462,0.4578521446009264,-0.014038833168913717,0.0016063897625797074,0,4,0
2026092806,mert_v0,ambient_balanced,1.0,temperature,94,240,0.15984693007332254,0.4859891745304315,-0.001485499940211188,0.014159722991282236,0,4,0
2026092806,mert_v0,ambient_balanced,1.0,platt,94,240,0.1456872070820403,0.45127885380741684,-0.015645222931493424,0.0,0,4,0
2026092806,mert_v0,ambient_balanced,1.0,beta,94,240,0.1461805051792853,0.45355800663740864,-0.015151924834248431,0.000493298097244993,0,4,1
2026092806,mert_v0,ambient_balanced,1.0,isotonic,94,240,0.14922759761506016,0.594577192941585,-0.01210483239847357,0.003540390533019855,0,4,0
2026092806,mert_v0,ambient_balanced,1.0,ridge_platt,94,240,0.14647789208385048,0.4540789889028736,-0.014854537929683248,0.0007906850018101763,0,4,0
2026092806,mert_v0,unweighted,0.25,raw,24,63,0.14754257592309517,0.4588845448405627,0.0,-0.0005272897573162516,0,4,0
2026092806,mert_v0,unweighted,0.25,prior_offset,24,63,0.14754257592309517,0.4588845448405627,0.0,-0.0005272897573162516,0,4,0
2026092806,mert_v0,unweighted,0.25,temperature,24,63,0.14693899255438292,0.4590605361601135,-0.000603583368712246,-0.0011308731260284977,0,4,0
2026092806,mert_v0,unweighted,0.25,platt,24,63,0.14806986568041142,0.46209654041311415,0.0005272897573162516,0.0,0,4,0
2026092806,mert_v0,unweighted,0.25,beta,24,63,0.14759648209620416,0.46158437040825473,5.390617310899182e-05,-0.0004733835842072598,0,4,2
2026092806,mert_v0,unweighted,0.25,isotonic,24,63,0.15293762077776651,0.8658115426979265,0.005395044854671349,0.004867755097355098,0,4,0
2026092806,mert_v0,unweighted,0.25,ridge_platt,24,63,0.14714254858062323,0.4605827316372577,-0.00040002734247193694,-0.0009273170997881885,0,4,0
2026092806,mert_v0,unweighted,0.5,raw,47,112,0.14754257592309517,0.4588845448405627,0.0,0.001531567200167977,0,4,0
2026092806,mert_v0,unweighted,0.5,prior_offset,47,112,0.14754257592309517,0.4588845448405627,0.0,0.001531567200167977,0,4,0
2026092806,mert_v0,unweighted,0.5,temperature,47,112,0.1460109590189466,0.4522835865806285,-0.001531616904148575,-4.970398059800374e-08,0,4,0
2026092806,mert_v0,unweighted,0.5,platt,47,112,0.1460110087229272,0.4528946308481942,-0.001531567200167977,0.0,0,4,0
2026092806,mert_v0,unweighted,0.5,beta,47,112,0.14649045295579594,0.4561277782462615,-0.0010521229672992294,0.0004794442328687476,0,4,2
2026092806,mert_v0,unweighted,0.5,isotonic,47,112,0.15000427077309106,0.6276114200079913,0.0024616948499958935,0.0039932620501638705,0,4,0
2026092806,mert_v0,unweighted,0.5,ridge_platt,47,112,0.14754257592309517,0.4588845448405627,0.0,0.001531567200167977,0,4,0
2026092806,mert_v0,unweighted,1.0,raw,94,240,0.14754257592309517,0.4588845448405627,0.0,0.0015535473565357893,0,4,0
2026092806,mert_v0,unweighted,1.0,prior_offset,94,240,0.14754257592309517,0.4588845448405627,0.0,0.0015535473565357893,0,4,0
2026092806,mert_v0,unweighted,1.0,temperature,94,240,0.14625989111018423,0.4533106186901588,-0.0012826848129109392,0.0002708625436248502,0,4,0
2026092806,mert_v0,unweighted,1.0,platt,94,240,0.14598902856655938,0.4524907351574923,-0.0015535473565357893,0.0,0,4,0
2026092806,mert_v0,unweighted,1.0,beta,94,240,0.14658628967068174,0.45459112366652676,-0.0009562862524134241,0.0005972611041223652,0,4,2
2026092806,mert_v0,unweighted,1.0,isotonic,94,240,0.14914724357044784,0.5611197879101771,0.0016046676473526755,0.003158215003888465,0,4,0
2026092806,mert_v0,unweighted,1.0,ridge_platt,94,240,0.14672469825941387,0.4549056856970583,-0.000817877663681299,0.0007356696928544904,0,4,0
2026092806,mert_v1,ambient_balanced,0.25,raw,24,63,0.15896379194405869,0.4873524191002782,0.0,0.01275521797383486,0,4,0
2026092806,mert_v1,ambient_balanced,0.25,prior_offset,24,63,0.145750796985318,0.45399717891067715,-0.013212994958740676,-0.00045777698490581664,0,4,0
2026092806,mert_v1,ambient_balanced,0.25,temperature,24,63,0.15783560206770492,0.48314931454944066,-0.001128189876353769,0.01162702809748109,0,4,0
2026092806,mert_v1,ambient_balanced,0.25,platt,24,63,0.14620857397022383,0.4542387021716014,-0.01275521797383486,0.0,0,4,0
2026092806,mert_v1,ambient_balanced,0.25,beta,24,63,0.14608908916664373,0.456388396638936,-0.012874702777414954,-0.00011948480358009439,0,4,2
2026092806,mert_v1,ambient_balanced,0.25,isotonic,24,63,0.1611792391105489,1.16732030645212,0.0022154471664902198,0.014970665140325079,0,4,0
2026092806,mert_v1,ambient_balanced,0.25,ridge_platt,24,63,0.1502414710203237,0.46436070636911864,-0.008722320923734983,0.004032897050099876,0,4,0
2026092806,mert_v1,ambient_balanced,0.5,raw,47,112,0.15896379194405869,0.4873524191002782,0.0,0.014342683582338478,0,4,0
2026092806,mert_v1,ambient_balanced,0.5,prior_offset,47,112,0.145750796985318,0.45399717891067715,-0.013212994958740676,0.001129688623597802,0,4,0
2026092806,mert_v1,ambient_balanced,0.5,temperature,47,112,0.1571456029822077,0.47843854438710964,-0.001818188961850986,0.012524494620487492,0,4,0
2026092806,mert_v1,ambient_balanced,0.5,platt,47,112,0.1446211083617202,0.44669767781142045,-0.014342683582338478,0.0,0,4,0
2026092806,mert_v1,ambient_balanced,0.5,beta,47,112,0.14447117735900442,0.4513033332887913,-0.01449261458505427,-0.00014993100271579185,0,4,2
2026092806,mert_v1,ambient_balanced,0.5,isotonic,47,112,0.15002389374555242,0.6617140388955786,-0.008939898198506269,0.005402785383832209,0,4,0
2026092806,mert_v1,ambient_balanced,0.5,ridge_platt,47,112,0.14576736993863404,0.45179826817961405,-0.013196422005424646,0.0011462615769138318,0,4,0
2026092806,mert_v1,ambient_balanced,1.0,raw,94,240,0.15896379194405869,0.4873524191002782,0.0,0.014816619075093379,0,4,0
2026092806,mert_v1,ambient_balanced,1.0,prior_offset,94,240,0.145750796985318,0.45399717891067715,-0.013212994958740676,0.0016036241163527032,0,4,0
2026092806,mert_v1,ambient_balanced,1.0,temperature,94,240,0.15760698897679704,0.4802890037781372,-0.00135680296726165,0.013459816107831729,0,4,0
2026092806,mert_v1,ambient_balanced,1.0,platt,94,240,0.1441471728689653,0.44677577432182797,-0.014816619075093379,0.0,0,4,0
2026092806,mert_v1,ambient_balanced,1.0,beta,94,240,0.14396607038363524,0.44673222019074316,-0.01499772156042345,-0.00018110248533007023,0,4,1
2026092806,mert_v1,ambient_balanced,1.0,isotonic,94,240,0.14924216209824565,0.5633066833318005,-0.00972162984581304,0.005094989229280339,0,4,0
2026092806,mert_v1,ambient_balanced,1.0,ridge_platt,94,240,0.14452576920604257,0.4495533971127154,-0.014438022738016115,0.0003785963370772638,0,4,0
2026092806,mert_v1,unweighted,0.25,raw,24,63,0.14587236722350486,0.4549246716496688,0.0,-0.00021013126300295504,0,4,0
2026092806,mert_v1,unweighted,0.25,prior_offset,24,63,0.14587236722350486,0.4549246716496688,0.0,-0.00021013126300295504,0,4,0
2026092806,mert_v1,unweighted,0.25,temperature,24,63,0.1449873976548868,0.4515168341549065,-0.0008849695686180548,-0.0010951008316210098,0,4,0
2026092806,mert_v1,unweighted,0.25,platt,24,63,0.1460824984865078,0.4540868322336094,0.00021013126300295504,0.0,0,4,0
2026092806,mert_v1,unweighted,0.25,beta,24,63,0.14603264286838583,0.4563260422743353,0.00016027564488096946,-4.985561812198558e-05,0,4,2
2026092806,mert_v1,unweighted,0.25,isotonic,24,63,0.1632250930344658,1.207369614166448,0.01735272581096095,0.017142594547957996,0,4,0
2026092806,mert_v1,unweighted,0.25,ridge_platt,24,63,0.145573020272237,0.45267325198976543,-0.00029934695126784816,-0.0005094782142708032,0,4,0
2026092806,mert_v1,unweighted,0.5,raw,47,112,0.14587236722350486,0.4549246716496688,0.0,0.001254038556461029,0,4,0
2026092806,mert_v1,unweighted,0.5,prior_offset,47,112,0.14587236722350486,0.4549246716496688,0.0,0.001254038556461029,0,4,0
2026092806,mert_v1,unweighted,0.5,temperature,47,112,0.14456616985284315,0.44714554141682816,-0.0013061973706617047,-5.2158814200675696e-05,0,4,0
2026092806,mert_v1,unweighted,0.5,platt,47,112,0.14461832866704383,0.44696655917756856,-0.001254038556461029,0.0,0,4,0
2026092806,mert_v1,unweighted,0.5,beta,47,112,0.1448074650389212,0.4498172149112937,-0.0010649021845836604,0.00018913637187736865,0,4,2
2026092806,mert_v1,unweighted,0.5,isotonic,47,112,0.15007082145240408,0.659988648309113,0.004198454228899223,0.005452492785360252,0,4,0
2026092806,mert_v1,unweighted,0.5,ridge_platt,47,112,0.14552247621372588,0.452460072313324,-0.00034989100977897425,0.0009041475466820548,0,4,0
2026092806,mert_v1,unweighted,1.0,raw,94,240,0.14587236722350486,0.4549246716496688,0.0,0.0015345247614964308,0,4,0
2026092806,mert_v1,unweighted,1.0,prior_offset,94,240,0.14587236722350486,0.4549246716496688,0.0,0.0015345247614964308,0,4,0
2026092806,mert_v1,unweighted,1.0,temperature,94,240,0.1448623557536744,0.4484852574903734,-0.0010100114698304574,0.0005245132916659734,0,4,0
2026092806,mert_v1,unweighted,1.0,platt,94,240,0.14433784246200843,0.4476855332061121,-0.0015345247614964308,0.0,0,4,0
2026092806,mert_v1,unweighted,1.0,beta,94,240,0.14436872516620544,0.44777176991958373,-0.0015036420572994147,3.088270419701611e-05,0,4,2
2026092806,mert_v1,unweighted,1.0,isotonic,94,240,0.14897625042743273,0.5614388161593435,0.0031038832039278763,0.004638407965424307,0,4,0
2026092806,mert_v1,unweighted,1.0,ridge_platt,94,240,0.1446559708300279,0.4504840156057056,-0.001216396393476954,0.00031812836801947686,0,4,0
2026092807,maest,ambient_balanced,0.25,raw,24,64,0.15233946365332104,0.4739996500140511,0.0,0.0015130868215567361,0,4,0
2026092807,maest,ambient_balanced,0.25,prior_offset,24,64,0.14713798908091638,0.4611419729691334,-0.005201474572404663,-0.003688387750847927,0,4,0
2026092807,maest,ambient_balanced,0.25,temperature,24,64,0.15459608727617,0.49072963991931634,0.0022566236228489522,0.0037697104444056884,0,4,0
2026092807,maest,ambient_balanced,0.25,platt,24,64,0.1508263768317643,0.4762348803016624,-0.0015130868215567361,0.0,0,4,0
2026092807,maest,ambient_balanced,0.25,beta,24,64,0.15132109569427402,0.48626311586466464,-0.0010183679590470285,0.0004947188625097076,0,4,2
2026092807,maest,ambient_balanced,0.25,isotonic,24,64,0.16158084968379174,1.611107709533734,0.0092413860304707,0.010754472852027436,0,4,0
2026092807,maest,ambient_balanced,0.25,ridge_platt,24,64,0.149403947711657,0.46893778673213515,-0.002935515941664052,-0.0014224291201073158,0,4,0
2026092807,maest,ambient_balanced,0.5,raw,47,130,0.15233946365332104,0.4739996500140511,0.0,0.004306272748340861,0,4,0
2026092807,maest,ambient_balanced,0.5,prior_offset,47,130,0.14713798908091638,0.4611419729691334,-0.005201474572404663,-0.0008952018240638016,0,4,0
2026092807,maest,ambient_balanced,0.5,temperature,47,130,0.15295458282781205,0.47788993199040575,0.0006151191744910023,0.004921391922831864,0,4,0
2026092807,maest,ambient_balanced,0.5,platt,47,130,0.14803319090498018,0.46899455302271476,-0.004306272748340861,0.0,0,4,0
2026092807,maest,ambient_balanced,0.5,beta,47,130,0.1472930161225461,0.4746703846518038,-0.0050464475307749335,-0.0007401747824340721,0,4,0
2026092807,maest,ambient_balanced,0.5,isotonic,47,130,0.1549342729319306,1.7606711160752737,0.0025948092786095556,0.006901082026950417,0,4,0
2026092807,maest,ambient_balanced,0.5,ridge_platt,47,130,0.14706736853616625,0.46085391450761637,-0.00527209511715479,-0.0009658223688139289,0,4,0
2026092807,maest,ambient_balanced,1.0,raw,94,249,0.15233946365332104,0.4739996500140511,0.0,0.00814365032176384,0,4,0
2026092807,maest,ambient_balanced,1.0,prior_offset,94,249,0.14713798908091638,0.4611419729691334,-0.005201474572404663,0.002942175749359177,0,4,0
2026092807,maest,ambient_balanced,1.0,temperature,94,249,0.15118490572713592,0.4688659616033404,-0.001154557926185129,0.006989092395578711,0,4,0
2026092807,maest,ambient_balanced,1.0,platt,94,249,0.1441958133315572,0.45039741525674964,-0.00814365032176384,0.0,0,4,0
2026092807,maest,ambient_balanced,1.0,beta,94,249,0.14457456442963743,0.46080947297394004,-0.007764899223683619,0.0003787510980802211,0,4,1
2026092807,maest,ambient_balanced,1.0,isotonic,94,249,0.14798280174659548,1.099998289137984,-0.004356661906725567,0.0037869884150382727,0,4,0
2026092807,maest,ambient_balanced,1.0,ridge_platt,94,249,0.14377346252687342,0.4470612082368606,-0.00856600112644762,-0.00042235080468377983,0,4,0
2026092807,maest,unweighted,0.25,raw,24,64,0.14622046114657145,0.45676379106848264,0.0,-0.0042101129746543176,0,4,0
2026092807,maest,unweighted,0.25,prior_offset,24,64,0.14622046114657145,0.45676379106848264,0.0,-0.0042101129746543176,0,4,0
2026092807,maest,unweighted,0.25,temperature,24,64,0.1457927205835391,0.4552460161213812,-0.00042774056303235275,-0.00463785353768667,0,4,0
2026092807,maest,unweighted,0.25,platt,24,64,0.15043057412122576,0.4737610754360312,0.0042101129746543176,0.0,0,4,0
2026092807,maest,unweighted,0.25,beta,24,64,0.15155422698922708,0.482714238735767,0.00533376584265563,0.0011236528680013125,0,4,2
2026092807,maest,unweighted,0.25,isotonic,24,64,0.1592891419753981,1.6059429541042793,0.013068680828826645,0.008858567854172328,0,4,0
2026092807,maest,unweighted,0.25,ridge_platt,24,64,0.1491541493062196,0.4686625130203582,0.0029336881596481457,-0.0012764248150061719,0,4,0
2026092807,maest,unweighted,0.5,raw,47,130,0.14622046114657145,0.45676379106848264,0.0,-0.0016259129276419704,0,4,0
2026092807,maest,unweighted,0.5,prior_offset,47,130,0.14622046114657145,0.45676379106848264,0.0,-0.0016259129276419704,0,4,0
2026092807,maest,unweighted,0.5,temperature,47,130,0.14704460819798865,0.4610925716247193,0.0008241470514172011,-0.0008017658762247692,0,4,0
2026092807,maest,unweighted,0.5,platt,47,130,0.14784637407421342,0.4679292726281452,0.0016259129276419704,0.0,0,4,0
2026092807,maest,unweighted,0.5,beta,47,130,0.14719483907854108,0.47287453713706634,0.0009743779319696388,-0.0006515349956723315,0,4,1
2026092807,maest,unweighted,0.5,isotonic,47,130,0.15475794183715627,1.7607644522487296,0.008537480690584826,0.006911567762942855,0,4,0
2026092807,maest,unweighted,0.5,ridge_platt,47,130,0.14631859814728798,0.4578040879969977,9.813700071653608e-05,-0.0015277759269254343,0,4,0
2026092807,maest,unweighted,1.0,raw,94,249,0.14622046114657145,0.45676379106848264,0.0,0.0021753011913104026,0,4,0
2026092807,maest,unweighted,1.0,prior_offset,94,249,0.14622046114657145,0.45676379106848264,0.0,0.0021753011913104026,0,4,0
2026092807,maest,unweighted,1.0,temperature,94,249,0.14491499468058625,0.4511945883322729,-0.0013054664659852,0.0008698347253252026,0,4,0
2026092807,maest,unweighted,1.0,platt,94,249,0.14404515995526104,0.4497158650040296,-0.0021753011913104026,0.0,0,4,0
2026092807,maest,unweighted,1.0,beta,94,249,0.14448198564623144,0.46015113844857547,-0.0017384755003400088,0.0004368256909703938,0,4,2
2026092807,maest,unweighted,1.0,isotonic,94,249,0.1478755334909993,1.0990976749657682,0.0016550723444278548,0.0038303735357382573,0,4,0
2026092807,maest,unweighted,1.0,ridge_platt,94,249,0.14407585048850496,0.44791908605688324,-0.0021446106580664814,3.0690533243921125e-05,0,4,0
2026092807,mert_v0,ambient_balanced,0.25,raw,24,64,0.16479825088136343,0.5015137543230958,0.0,0.0033009718264135346,0,4,0
2026092807,mert_v0,ambient_balanced,0.25,prior_offset,24,64,0.15728155836526705,0.48562720455172026,-0.007516692516096379,-0.004215720689682845,0,4,0
2026092807,mert_v0,ambient_balanced,0.25,temperature,24,64,0.16878267366618283,0.5139216974531606,0.003984422784819391,0.007285394611232926,0,4,0
2026092807,mert_v0,ambient_balanced,0.25,platt,24,64,0.1614972790549499,0.5008310864372717,-0.0033009718264135346,0.0,0,4,0
2026092807,mert_v0,ambient_balanced,0.25,beta,24,64,0.16058443027365019,0.5063227399485315,-0.004213820607713248,-0.0009128487812997133,0,4,4
2026092807,mert_v0,ambient_balanced,0.25,isotonic,24,64,0.17225547479758346,1.651140255138333,0.007457223916220029,0.010758195742633564,0,4,0
2026092807,mert_v0,ambient_balanced,0.25,ridge_platt,24,64,0.15843977497156606,0.4894264032140634,-0.006358475909797379,-0.003057504083383844,0,4,0
2026092807,mert_v0,ambient_balanced,0.5,raw,47,130,0.16479825088136343,0.5015137543230958,0.0,0.006599903181437217,0,4,0
2026092807,mert_v0,ambient_balanced,0.5,prior_offset,47,130,0.15728155836526705,0.48562720455172026,-0.007516692516096379,-0.0009167893346591627,0,4,0
2026092807,mert_v0,ambient_balanced,0.5,temperature,47,130,0.16730806940199616,0.5135631940421285,0.0025098185206327284,0.009109721702069945,0,4,0
2026092807,mert_v0,ambient_balanced,0.5,platt,47,130,0.15819834769992622,0.502458034088176,-0.006599903181437217,0.0,0,4,0
2026092807,mert_v0,ambient_balanced,0.5,beta,47,130,0.15814175675936618,0.5057305444433206,-0.006656494121997258,-5.659094056004177e-05,0,4,1
2026092807,mert_v0,ambient_balanced,0.5,isotonic,47,130,0.16329344687553324,1.2184717311005522,-0.001504804005830196,0.005095099175607021,0,4,0
2026092807,mert_v0,ambient_balanced,0.5,ridge_platt,47,130,0.1590162000148142,0.4960712852453214,-0.005782050866549232,0.0008178523148879846,0,4,0
2026092807,mert_v0,ambient_balanced,1.0,raw,94,249,0.16479825088136343,0.5015137543230958,0.0,0.006809035791735807,0,4,0
2026092807,mert_v0,ambient_balanced,1.0,prior_offset,94,249,0.15728155836526705,0.48562720455172026,-0.007516692516096379,-0.0007076567243605725,0,4,0
2026092807,mert_v0,ambient_balanced,1.0,temperature,94,249,0.1668944211782151,0.509132688547403,0.0020961702968516627,0.00890520608858747,0,4,0
2026092807,mert_v0,ambient_balanced,1.0,platt,94,249,0.15798921508962763,0.4917530066708918,-0.006809035791735807,0.0,0,4,0
2026092807,mert_v0,ambient_balanced,1.0,beta,94,249,0.15717617130580563,0.4913604954810065,-0.0076220795755578,-0.0008130437838219928,0,4,1
2026092807,mert_v0,ambient_balanced,1.0,isotonic,94,249,0.16095421727832712,0.8216741940232235,-0.003844033603036312,0.002965002188699495,0,4,0
2026092807,mert_v0,ambient_balanced,1.0,ridge_platt,94,249,0.1572728991260004,0.48491755616709614,-0.007525351755363036,-0.0007163159636272287,0,4,0
2026092807,mert_v0,unweighted,0.25,raw,24,64,0.15673593402893407,0.4832868909918918,0.0,-0.004546031490890695,0,4,0
2026092807,mert_v0,unweighted,0.25,prior_offset,24,64,0.15673593402893407,0.4832868909918918,0.0,-0.004546031490890695,0,4,0
2026092807,mert_v0,unweighted,0.25,temperature,24,64,0.1602433899472011,0.4951674890368759,0.0035074559182670384,-0.0010385755726236567,0,4,0
2026092807,mert_v0,unweighted,0.25,platt,24,64,0.16128196551982477,0.5000448337014088,0.004546031490890695,0.0,0,4,0
2026092807,mert_v0,unweighted,0.25,beta,24,64,0.16035756142247837,0.5021541432756977,0.0036216273935442966,-0.0009244040973463985,0,4,4
2026092807,mert_v0,unweighted,0.25,isotonic,24,64,0.17233241212013978,1.5229040890493093,0.015596478091205707,0.011050446600315011,0,4,0
2026092807,mert_v0,unweighted,0.25,ridge_platt,24,64,0.15742945982694664,0.48545191497682827,0.0006935257980125731,-0.003852505692878122,0,4,0
2026092807,mert_v0,unweighted,0.5,raw,47,130,0.15673593402893407,0.4832868909918918,0.0,-0.0012764704157491313,0,4,0
2026092807,mert_v0,unweighted,0.5,prior_offset,47,130,0.15673593402893407,0.4832868909918918,0.0,-0.0012764704157491313,0,4,0
2026092807,mert_v0,unweighted,0.5,temperature,47,130,0.15956264343231807,0.4993687892104361,0.0028267094033840034,0.0015502389876348721,0,4,0
2026092807,mert_v0,unweighted,0.5,platt,47,130,0.1580124044446832,0.5020859185590216,0.0012764704157491313,0.0,0,4,0
2026092807,mert_v0,unweighted,0.5,beta,47,130,0.15796732870414307,0.5032015533379629,0.0012313946752089966,-4.5075740540134746e-05,0,4,2
2026092807,mert_v0,unweighted,0.5,isotonic,47,130,0.1630649753386696,1.1525381496188254,0.0063290413097355225,0.005052570893986391,0,4,0
2026092807,mert_v0,unweighted,0.5,ridge_platt,47,130,0.15845054109568227,0.4931388180062699,0.0017146070667481972,0.00043813665099906585,0,4,0
2026092807,mert_v0,unweighted,1.0,raw,94,249,0.15673593402893407,0.4832868909918918,0.0,-0.0011105943891649706,0,4,0
2026092807,mert_v0,unweighted,1.0,prior_offset,94,249,0.15673593402893407,0.4832868909918918,0.0,-0.0011105943891649706,0,4,0
2026092807,mert_v0,unweighted,1.0,temperature,94,249,0.1587851171782852,0.49136297228504855,0.0020491831493511248,0.0009385887601861542,0,4,0
2026092807,mert_v0,unweighted,1.0,platt,94,249,0.15784652841809904,0.4915591691504531,0.0011105943891649706,0.0,0,4,0
2026092807,mert_v0,unweighted,1.0,beta,94,249,0.15703242927158317,0.4910122994533147,0.000296495242649103,-0.0008140991465158676,0,4,1
2026092807,mert_v0,unweighted,1.0,isotonic,94,249,0.15885107353808692,0.8155391163503147,0.002115139509152847,0.0010045451199878763,0,4,0
2026092807,mert_v0,unweighted,1.0,ridge_platt,94,249,0.15719502676680208,0.48501114252050853,0.00045909273786801097,-0.0006515016512969596,0,4,0
2026092807,mert_v1,ambient_balanced,0.25,raw,24,64,0.16641340735760976,0.5052919392191318,0.0,0.0021165150611863193,0,4,0
2026092807,mert_v1,ambient_balanced,0.25,prior_offset,24,64,0.15961478622843733,0.490591618559554,-0.0067986211291724274,-0.004682106067986108,0,4,0
2026092807,mert_v1,ambient_balanced,0.25,temperature,24,64,0.17073071889529576,0.5197907471815773,0.004317311537685997,0.0064338265988723164,0,4,0
2026092807,mert_v1,ambient_balanced,0.25,platt,24,64,0.16429689229642344,0.5069593236175878,-0.0021165150611863193,0.0,0,4,0
2026092807,mert_v1,ambient_balanced,0.25,beta,24,64,0.1626416369646678,0.5065351741515575,-0.0037717703929419644,-0.001655255331755645,0,4,2
2026092807,mert_v1,ambient_balanced,0.25,isotonic,24,64,0.17389181107839405,1.624895446416295,0.007478403720784288,0.009594918781970607,0,4,0
2026092807,mert_v1,ambient_balanced,0.25,ridge_platt,24,64,0.160320124049371,0.4924227830314243,-0.006093283308238773,-0.0039767682470524535,0,4,0
2026092807,mert_v1,ambient_balanced,0.5,raw,47,130,0.16641340735760976,0.5052919392191318,0.0,0.005371911387912209,0,4,0
2026092807,mert_v1,ambient_balanced,0.5,prior_offset,47,130,0.15961478622843733,0.490591618559554,-0.0067986211291724274,-0.001426709741260218,0,4,0
2026092807,mert_v1,ambient_balanced,0.5,temperature,47,130,0.16916503420950058,0.5165595507843049,0.002751626851890815,0.008123538239803024,0,4,0
2026092807,mert_v1,ambient_balanced,0.5,platt,47,130,0.16104149596969755,0.5057818093299246,-0.005371911387912209,0.0,0,4,0
2026092807,mert_v1,ambient_balanced,0.5,beta,47,130,0.16126547889731685,0.5076379305188611,-0.005147928460292911,0.0002239829276192984,0,4,0
2026092807,mert_v1,ambient_balanced,0.5,isotonic,47,130,0.16780133681252543,1.5083453005743137,0.0013879294549156707,0.00675984084282788,0,4,0
2026092807,mert_v1,ambient_balanced,0.5,ridge_platt,47,130,0.16234964784312178,0.5045694805831675,-0.00406375951448798,0.0013081518734242292,0,4,0
2026092807,mert_v1,ambient_balanced,1.0,raw,94,249,0.16641340735760976,0.5052919392191318,0.0,0.005729068656180197,0,4,0
2026092807,mert_v1,ambient_balanced,1.0,prior_offset,94,249,0.15961478622843733,0.490591618559554,-0.0067986211291724274,-0.00106955247299223,0,4,0
2026092807,mert_v1,ambient_balanced,1.0,temperature,94,249,0.168988640009344,0.5142062534565717,0.0025752326517342328,0.00830430130791443,0,4,0
2026092807,mert_v1,ambient_balanced,1.0,platt,94,249,0.16068433870142956,0.49678191559289214,-0.005729068656180197,0.0,0,4,0
2026092807,mert_v1,ambient_balanced,1.0,beta,94,249,0.1599464385839286,0.49415910648054195,-0.006466968773681164,-0.000737900117500967,0,4,1
2026092807,mert_v1,ambient_balanced,1.0,isotonic,94,249,0.165378730986059,0.7974685403724873,-0.0010346763715507468,0.004694392284629451,0,4,0
2026092807,mert_v1,ambient_balanced,1.0,ridge_platt,94,249,0.15932613720998157,0.48871054994367963,-0.007087270147628194,-0.0013582014914479967,0,4,0
2026092807,mert_v1,unweighted,0.25,raw,24,64,0.15886962641359884,0.48778440952554386,0.0,-0.005141701169125462,0,4,0
2026092807,mert_v1,unweighted,0.25,prior_offset,24,64,0.15886962641359884,0.48778440952554386,0.0,-0.005141701169125462,0,4,0
2026092807,mert_v1,unweighted,0.25,temperature,24,64,0.16318432623132792,0.5028749442662761,0.004314699817729084,-0.0008270013513963781,0,4,0
2026092807,mert_v1,unweighted,0.25,platt,24,64,0.1640113275827243,0.5067690093453545,0.005141701169125462,0.0,0,4,0
2026092807,mert_v1,unweighted,0.25,beta,24,64,0.16236083613334223,0.506062309505907,0.003491209719743399,-0.0016504914493820633,0,4,3
2026092807,mert_v1,unweighted,0.25,isotonic,24,64,0.1735759710488732,1.6238242178989537,0.014706344635274371,0.009564643466148909,0,4,0
2026092807,mert_v1,unweighted,0.25,ridge_platt,24,64,0.15952994668907358,0.48984205692372174,0.0006603202754747461,-0.004481380893650716,0,4,0
2026092807,mert_v1,unweighted,0.5,raw,47,130,0.15886962641359884,0.48778440952554386,0.0,-0.0019200427971340361,0,4,0
2026092807,mert_v1,unweighted,0.5,prior_offset,47,130,0.15886962641359884,0.48778440952554386,0.0,-0.0019200427971340361,0,4,0
2026092807,mert_v1,unweighted,0.5,temperature,47,130,0.16222717985990753,0.5030444477011269,0.0033575534463086976,0.0014375106491746614,0,4,0
2026092807,mert_v1,unweighted,0.5,platt,47,130,0.16078966921073287,0.5055534877810862,0.0019200427971340361,0.0,0,4,0
2026092807,mert_v1,unweighted,0.5,beta,47,130,0.16110319425980918,0.5074077539652512,0.0022335678462103437,0.0003135250490763075,0,4,0
2026092807,mert_v1,unweighted,0.5,isotonic,47,130,0.16691480695157834,1.4742213051344497,0.008045180537979507,0.006125137740845471,0,4,0
2026092807,mert_v1,unweighted,0.5,ridge_platt,47,130,0.161245180541809,0.4995591474774034,0.0023755541282101666,0.0004555113310761305,0,4,0
2026092807,mert_v1,unweighted,1.0,raw,94,249,0.15886962641359884,0.48778440952554386,0.0,-0.0015870835569878061,0,4,0
2026092807,mert_v1,unweighted,1.0,prior_offset,94,249,0.15886962641359884,0.48778440952554386,0.0,-0.0015870835569878061,0,4,0
2026092807,mert_v1,unweighted,1.0,temperature,94,249,0.16146209552375113,0.49688844026503504,0.00259246911015229,0.001005385553164484,0,4,0
2026092807,mert_v1,unweighted,1.0,platt,94,249,0.16045670997058664,0.49641749286940284,0.0015870835569878061,0.0,0,4,0
2026092807,mert_v1,unweighted,1.0,beta,94,249,0.15989350627911642,0.49417026075296305,0.0010238798655175796,-0.0005632036914702265,0,4,1
2026092807,mert_v1,unweighted,1.0,isotonic,94,249,0.1649575652451949,0.7968966460649832,0.006087938831596057,0.004500855274608251,0,4,0
2026092807,mert_v1,unweighted,1.0,ridge_platt,94,249,0.1592822273349607,0.4891776043269775,0.0004126009213618609,-0.0011744826356259452,0,4,0
2026092808,maest,ambient_balanced,0.25,raw,24,59,0.1577617197600129,0.48982818596201455,0.0,0.0015646926085606805,0,4,0
2026092808,maest,ambient_balanced,0.25,prior_offset,24,59,0.14930965166924096,0.4709200854558397,-0.008452068090771953,-0.006887375482211272,0,4,0
2026092808,maest,ambient_balanced,0.25,temperature,24,59,0.16010218700066095,0.5079690881567336,0.002340467240648042,0.0039051598492087225,0,4,0
2026092808,maest,ambient_balanced,0.25,platt,24,59,0.15619702715145223,0.4983190247615196,-0.0015646926085606805,0.0,0,4,0
2026092808,maest,ambient_balanced,0.25,beta,24,59,0.1564158594539042,0.5041612646854111,-0.0013458603061086982,0.00021883230245198226,0,4,1
2026092808,maest,ambient_balanced,0.25,isotonic,24,59,0.1658276317760063,1.5408375527764706,0.008065912015993382,0.009630604624554062,0,4,0
2026092808,maest,ambient_balanced,0.25,ridge_platt,24,59,0.15854942045172998,0.4943449202787403,0.0007877006917170748,0.0023523933002777553,0,4,0
2026092808,maest,ambient_balanced,0.5,raw,47,133,0.1577617197600129,0.48982818596201455,0.0,0.007940138844530792,0,4,0
2026092808,maest,ambient_balanced,0.5,prior_offset,47,133,0.14930965166924096,0.4709200854558397,-0.008452068090771953,-0.0005119292462411607,0,4,0
2026092808,maest,ambient_balanced,0.5,temperature,47,133,0.1576168075352178,0.49137783780432215,-0.00014491222479509624,0.007795226619735696,0,4,0
2026092808,maest,ambient_balanced,0.5,platt,47,133,0.14982158091548212,0.47188213049758054,-0.007940138844530792,0.0,0,4,0
2026092808,maest,ambient_balanced,0.5,beta,47,133,0.15065247152305003,0.476663295806731,-0.0071092482369628784,0.0008308906075679134,0,4,1
2026092808,maest,ambient_balanced,0.5,isotonic,47,133,0.15879949687867748,1.319359329309837,0.001037777118664568,0.00897791596319536,0,4,0
2026092808,maest,ambient_balanced,0.5,ridge_platt,47,133,0.14813510004452454,0.4639756505387913,-0.009626619715488366,-0.001686480870957574,0,4,0
2026092808,maest,ambient_balanced,1.0,raw,94,231,0.1577617197600129,0.48982818596201455,0.0,0.00811341743632632,0,4,0
2026092808,maest,ambient_balanced,1.0,prior_offset,94,231,0.14930965166924096,0.4709200854558397,-0.008452068090771953,-0.00033865065444563247,0,4,0
2026092808,maest,ambient_balanced,1.0,temperature,94,231,0.1578298568574436,0.4910342331999362,6.813709743069829e-05,0.008181554533757018,0,4,0
2026092808,maest,ambient_balanced,1.0,platt,94,231,0.1496483023236866,0.4699608563155444,-0.00811341743632632,0.0,0,4,0
2026092808,maest,ambient_balanced,1.0,beta,94,231,0.1487069491446373,0.46733398899868905,-0.009054770615375601,-0.0009413531790492813,0,4,0
2026092808,maest,ambient_balanced,1.0,isotonic,94,231,0.15455387263470202,0.9202305887207332,-0.0032078471253108864,0.004905570311015434,0,4,0
2026092808,maest,ambient_balanced,1.0,ridge_platt,94,231,0.14907419168524258,0.4664845822041735,-0.008687528074770329,-0.0005741106384440087,0,4,0
2026092808,maest,unweighted,0.25,raw,24,59,0.1486282310047211,0.466010943487274,0.0,-0.007200687255998123,0,4,0
2026092808,maest,unweighted,0.25,prior_offset,24,59,0.1486282310047211,0.466010943487274,0.0,-0.007200687255998123,0,4,0
2026092808,maest,unweighted,0.25,temperature,24,59,0.15097415051931756,0.4847700771703838,0.0023459195145964507,-0.004854767741401672,0,4,0
2026092808,maest,unweighted,0.25,platt,24,59,0.15582891826071923,0.4974539147659307,0.007200687255998123,0.0,0,4,0
2026092808,maest,unweighted,0.25,beta,24,59,0.15577013185167002,0.5024183713171282,0.0071419008469489065,-5.878640904921628e-05,0,4,1
2026092808,maest,unweighted,0.25,isotonic,24,59,0.1637068626062478,1.5875766534428437,0.015078631601526699,0.007877944345528576,0,4,0
2026092808,maest,unweighted,0.25,ridge_platt,24,59,0.15013096470900492,0.47284500752062447,0.001502733704283804,-0.005697953551714319,0,4,0
2026092808,maest,unweighted,0.5,raw,47,133,0.1486282310047211,0.466010943487274,0.0,-0.0008615152924930092,0,4,0
2026092808,maest,unweighted,0.5,prior_offset,47,133,0.1486282310047211,0.466010943487274,0.0,-0.0008615152924930092,0,4,0
2026092808,maest,unweighted,0.5,temperature,47,133,0.14867614821180894,0.46861600613222604,4.791720708782754e-05,-0.0008135980854051816,0,4,0
2026092808,maest,unweighted,0.5,platt,47,133,0.14948974629721412,0.4707570514537357,0.0008615152924930092,0.0,0,4,0
2026092808,maest,unweighted,0.5,beta,47,133,0.15013265534339595,0.47516046614081353,0.0015044243386748424,0.0006429090461818332,0,4,1
2026092808,maest,unweighted,0.5,isotonic,47,133,0.1576343701988652,1.2845801789407654,0.009006139194144086,0.008144623901651077,0,4,0
2026092808,maest,unweighted,0.5,ridge_platt,47,133,0.1486282310047211,0.466010943487274,0.0,-0.0008615152924930092,0,4,0
2026092808,maest,unweighted,1.0,raw,94,231,0.1486282310047211,0.466010943487274,0.0,-0.0006860971506742752,0,4,0
2026092808,maest,unweighted,1.0,prior_offset,94,231,0.1486282310047211,0.466010943487274,0.0,-0.0006860971506742752,0,4,0
2026092808,maest,unweighted,1.0,temperature,94,231,0.14875294288051613,0.46755958006826126,0.0001247118757950194,-0.0005613852748792558,0,4,0
2026092808,maest,unweighted,1.0,platt,94,231,0.1493143281553954,0.468759802904442,0.0006860971506742752,0.0,0,4,0
2026092808,maest,unweighted,1.0,beta,94,231,0.14831524754015427,0.4657118655413313,-0.0003129834645668461,-0.0009990806152411214,0,4,0
2026092808,maest,unweighted,1.0,isotonic,94,231,0.15313404794029786,0.8533354223427415,0.004505816935576751,0.0038197197849024755,0,4,0
2026092808,maest,unweighted,1.0,ridge_platt,94,231,0.1486282310047211,0.466010943487274,0.0,-0.0006860971506742752,0,4,0
2026092808,mert_v0,ambient_balanced,0.25,raw,24,59,0.17127790398020662,0.5242949720196433,0.0,0.003927924691851298,0,4,0
2026092808,mert_v0,ambient_balanced,0.25,prior_offset,24,59,0.15929369951766387,0.495189509462236,-0.011984204462542752,-0.008056279770691455,0,4,0
2026092808,mert_v0,ambient_balanced,0.25,temperature,24,59,0.17719646107780573,0.55885335753529,0.005918557097599114,0.009846481789450412,0,4,0
2026092808,mert_v0,ambient_balanced,0.25,platt,24,59,0.16734997928835532,0.5385442911003047,-0.003927924691851298,0.0,0,4,0
2026092808,mert_v0,ambient_balanced,0.25,beta,24,59,0.16557802024266688,0.5272827746391124,-0.00569988373753974,-0.0017719590456884426,0,4,3
2026092808,mert_v0,ambient_balanced,0.25,isotonic,24,59,0.17404667988853098,1.3033372693958136,0.0027687759083243613,0.006696700600175659,0,4,0
2026092808,mert_v0,ambient_balanced,0.25,ridge_platt,24,59,0.17025511989032607,0.5412095391498868,-0.0010227840898805463,0.0029051406019707515,0,4,0
2026092808,mert_v0,ambient_balanced,0.5,raw,47,133,0.17127790398020662,0.5242949720196433,0.0,0.011853951925418965,0,4,0
2026092808,mert_v0,ambient_balanced,0.5,prior_offset,47,133,0.15929369951766387,0.495189509462236,-0.011984204462542752,-0.00013025253712378726,0,4,0
2026092808,mert_v0,ambient_balanced,0.5,temperature,47,133,0.17195501839389093,0.5345132608618609,0.0006771144136843155,0.01253106633910328,0,4,0
2026092808,mert_v0,ambient_balanced,0.5,platt,47,133,0.15942395205478765,0.5057869027283557,-0.011853951925418965,0.0,0,4,0
2026092808,mert_v0,ambient_balanced,0.5,beta,47,133,0.15839244049363047,0.499202928278495,-0.012885463486576154,-0.001031511561157189,0,4,2
2026092808,mert_v0,ambient_balanced,0.5,isotonic,47,133,0.16552326255612865,1.0587449398597872,-0.005754641424077972,0.006099310501340993,0,4,0
2026092808,mert_v0,ambient_balanced,0.5,ridge_platt,47,133,0.15991357174595425,0.49787733309562854,-0.011364332234252372,0.0004896196911665929,0,4,0
2026092808,mert_v0,ambient_balanced,1.0,raw,94,231,0.17127790398020662,0.5242949720196433,0.0,0.011070412859762208,0,4,0
2026092808,mert_v0,ambient_balanced,1.0,prior_offset,94,231,0.15929369951766387,0.495189509462236,-0.011984204462542752,-0.0009137916027805448,0,4,0
2026092808,mert_v0,ambient_balanced,1.0,temperature,94,231,0.17214644974416327,0.5310560725408444,0.0008685457639566463,0.011938958623718854,0,4,0
2026092808,mert_v0,ambient_balanced,1.0,platt,94,231,0.1602074911204444,0.5038416477352731,-0.011070412859762208,0.0,0,4,0
2026092808,mert_v0,ambient_balanced,1.0,beta,94,231,0.15831745135340988,0.4963477956432402,-0.012960452626796737,-0.0018900397670345293,0,4,0
2026092808,mert_v0,ambient_balanced,1.0,isotonic,94,231,0.16170116639176657,0.8690368612809958,-0.009576737588440049,0.001493675271322159,0,4,0
2026092808,mert_v0,ambient_balanced,1.0,ridge_platt,94,231,0.16027173139512524,0.5023274644578355,-0.01100617258508138,6.424027468082683e-05,0,4,0
2026092808,mert_v0,unweighted,0.25,raw,24,59,0.158988165340716,0.49424514393006996,0.0,-0.008586520667472286,0,4,0
2026092808,mert_v0,unweighted,0.25,prior_offset,24,59,0.158988165340716,0.49424514393006996,0.0,-0.008586520667472286,0,4,0
2026092808,mert_v0,unweighted,0.25,temperature,24,59,0.16348210339735023,0.5231188044140974,0.004493938056634228,-0.004092582610838058,0,4,0
2026092808,mert_v0,unweighted,0.25,platt,24,59,0.16757468600818828,0.5398361931063744,0.008586520667472286,0.0,0,4,0
2026092808,mert_v0,unweighted,0.25,beta,24,59,0.16661530848316194,0.5299103988374227,0.007627143142445947,-0.0009593775250263392,0,4,3
2026092808,mert_v0,unweighted,0.25,isotonic,24,59,0.17365445923457873,1.3331528136021535,0.01466629389386273,0.006079773226390445,0,4,0
2026092808,mert_v0,unweighted,0.25,ridge_platt,24,59,0.16296937930618569,0.5241137230961137,0.003981213965469688,-0.004605306702002598,0,4,0
2026092808,mert_v0,unweighted,0.5,raw,47,133,0.158988165340716,0.49424514393006996,0.0,-0.0005549443118127717,0,4,0
2026092808,mert_v0,unweighted,0.5,prior_offset,47,133,0.158988165340716,0.49424514393006996,0.0,-0.0005549443118127717,0,4,0
2026092808,mert_v0,unweighted,0.5,temperature,47,133,0.15936240090077228,0.503218682087748,0.00037423556005627967,-0.00018070875175649204,0,4,0
2026092808,mert_v0,unweighted,0.5,platt,47,133,0.15954310965252877,0.5064207293093725,0.0005549443118127717,0.0,0,4,0
2026092808,mert_v0,unweighted,0.5,beta,47,133,0.15897420931868894,0.5004514865087472,-1.3956022027056258e-05,-0.000568900333839828,0,4,2
2026092808,mert_v0,unweighted,0.5,isotonic,47,133,0.16596998730585913,1.0907767119630243,0.006981821965143131,0.0064268776533303595,0,4,0
2026092808,mert_v0,unweighted,0.5,ridge_platt,47,133,0.1589275357419705,0.4963229144697793,-6.062959874550411e-05,-0.0006155739105582758,0,4,0
2026092808,mert_v0,unweighted,1.0,raw,94,231,0.158988165340716,0.49424514393006996,0.0,-0.0014017781043616506,0,4,0
2026092808,mert_v0,unweighted,1.0,prior_offset,94,231,0.158988165340716,0.49424514393006996,0.0,-0.0014017781043616506,0,4,0
2026092808,mert_v0,unweighted,1.0,temperature,94,231,0.15932590576652056,0.4986740174115578,0.0003377404258045613,-0.0010640376785570893,0,4,0
2026092808,mert_v0,unweighted,1.0,platt,94,231,0.16038994344507765,0.504777164181527,0.0014017781043616506,0.0,0,4,0
2026092808,mert_v0,unweighted,1.0,beta,94,231,0.15913321551056728,0.497893312257536,0.0001450501698512796,-0.001256727934510371,0,4,1
2026092808,mert_v0,unweighted,1.0,isotonic,94,231,0.1631155509443032,0.9041204921426125,0.004127385603587191,0.002725607499225541,0,4,0
2026092808,mert_v0,unweighted,1.0,ridge_platt,94,231,0.1585065846117932,0.4989290866138328,-0.00048158072892279247,-0.001883358833284443,0,4,0
2026092808,mert_v1,ambient_balanced,0.25,raw,24,59,0.16900320294303134,0.5170621618140456,0.0,0.00014833913978573587,0,4,0
2026092808,mert_v1,ambient_balanced,0.25,prior_offset,24,59,0.1573124816029678,0.4880706694763595,-0.011690721340063548,-0.011542382200277812,0,4,0
2026092808,mert_v1,ambient_balanced,0.25,temperature,24,59,0.1742916926338318,0.5484239841918355,0.005288489690800452,0.005436828830586188,0,4,0
2026092808,mert_v1,ambient_balanced,0.25,platt,24,59,0.1688548638032456,0.5324656045446996,-0.00014833913978573587,0.0,0,4,0
2026092808,mert_v1,ambient_balanced,0.25,beta,24,59,0.17246019353087402,0.5485244232648955,0.0034569905878426843,0.00360532972762842,0,4,2
2026092808,mert_v1,ambient_balanced,0.25,isotonic,24,59,0.18447175836015425,2.1355240118905687,0.015468555417122914,0.01561689455690865,0,4,0
2026092808,mert_v1,ambient_balanced,0.25,ridge_platt,24,59,0.1667154499431539,0.5141742130122181,-0.002287752999877435,-0.002139413860091699,0,4,0
2026092808,mert_v1,ambient_balanced,0.5,raw,47,133,0.16900320294303134,0.5170621618140456,0.0,0.010161570473882359,0,4,0
2026092808,mert_v1,ambient_balanced,0.5,prior_offset,47,133,0.1573124816029678,0.4880706694763595,-0.011690721340063548,-0.0015291508661811892,0,4,0
2026092808,mert_v1,ambient_balanced,0.5,temperature,47,133,0.16947782842239986,0.5236929640469995,0.0004746254793685234,0.010636195953250882,0,4,0
2026092808,mert_v1,ambient_balanced,0.5,platt,47,133,0.15884163246914898,0.49669017536243754,-0.010161570473882359,0.0,0,4,0
2026092808,mert_v1,ambient_balanced,0.5,beta,47,133,0.15891767406754118,0.4949624205021955,-0.010085528875490163,7.604159839219582e-05,0,4,0
2026092808,mert_v1,ambient_balanced,0.5,isotonic,47,133,0.16258403430007823,1.174805763572809,-0.00641916864295311,0.0037424018309292484,0,4,0
2026092808,mert_v1,ambient_balanced,0.5,ridge_platt,47,133,0.1582842622501318,0.4898855219729511,-0.010718940692899526,-0.000557370219017167,0,4,0
2026092808,mert_v1,ambient_balanced,1.0,raw,94,231,0.16900320294303134,0.5170621618140456,0.0,0.009684704476023182,0,4,0
2026092808,mert_v1,ambient_balanced,1.0,prior_offset,94,231,0.1573124816029678,0.4880706694763595,-0.011690721340063548,-0.0020060168640403664,0,4,0
2026092808,mert_v1,ambient_balanced,1.0,temperature,94,231,0.16931528875967572,0.5211742982186394,0.00031208581664438073,0.009996790292667562,0,4,0
2026092808,mert_v1,ambient_balanced,1.0,platt,94,231,0.15931849846700816,0.4980484716698711,-0.009684704476023182,0.0,0,4,0
2026092808,mert_v1,ambient_balanced,1.0,beta,94,231,0.15820629834149585,0.49287654051321816,-0.010796904601535484,-0.0011122001255123026,0,4,0
2026092808,mert_v1,ambient_balanced,1.0,isotonic,94,231,0.16255921963911932,0.9324668332773577,-0.006443983303912021,0.0032407211721111606,0,4,0
2026092808,mert_v1,ambient_balanced,1.0,ridge_platt,94,231,0.1592075936612633,0.49461513906043125,-0.009795609281768036,-0.00011090480574485473,0,4,0
2026092808,mert_v1,unweighted,0.25,raw,24,59,0.15684000169192164,0.4867639286231629,0.0,-0.010783391629665712,0,4,0
2026092808,mert_v1,unweighted,0.25,prior_offset,24,59,0.15684000169192164,0.4867639286231629,0.0,-0.010783391629665712,0,4,0
2026092808,mert_v1,unweighted,0.25,temperature,24,59,0.15997441924439568,0.5062074695160815,0.003134417552474039,-0.0076489740771916725,0,4,0
2026092808,mert_v1,unweighted,0.25,platt,24,59,0.16762339332158735,0.5293395657365675,0.010783391629665712,0.0,0,4,0
2026092808,mert_v1,unweighted,0.25,beta,24,59,0.1696698729851076,0.5361251763213882,0.012829871293185968,0.0020464796635202565,0,4,1
2026092808,mert_v1,unweighted,0.25,isotonic,24,59,0.1794880983985947,1.8144500365700584,0.02264809670667306,0.011864705077007348,0,4,0
2026092808,mert_v1,unweighted,0.25,ridge_platt,24,59,0.16150344643878595,0.5007406275063206,0.004663444746864309,-0.0061199468828014025,0,4,0
2026092808,mert_v1,unweighted,0.5,raw,47,133,0.15684000169192164,0.4867639286231629,0.0,-0.0017882076921708623,0,4,0
2026092808,mert_v1,unweighted,0.5,prior_offset,47,133,0.15684000169192164,0.4867639286231629,0.0,-0.0017882076921708623,0,4,0
2026092808,mert_v1,unweighted,0.5,temperature,47,133,0.15698140846307845,0.4911121572707664,0.00014140677115681566,-0.0016468009210140466,0,4,0
2026092808,mert_v1,unweighted,0.5,platt,47,133,0.1586282093840925,0.49624436038813735,0.0017882076921708623,0.0,0,4,0
2026092808,mert_v1,unweighted,0.5,beta,47,133,0.15879401205824611,0.4945806584662715,0.0019540103663244768,0.0001658026741536145,0,4,0
2026092808,mert_v1,unweighted,0.5,isotonic,47,133,0.16485370317546014,1.3685291659981975,0.008013701483538499,0.006225493791367637,0,4,0
2026092808,mert_v1,unweighted,0.5,ridge_platt,47,133,0.156807546644618,0.48680811004921953,-3.245504730364779e-05,-0.00182066273947451,0,4,0
2026092808,mert_v1,unweighted,1.0,raw,94,231,0.15684000169192164,0.4867639286231629,0.0,-0.0025245636839794916,0,4,0
2026092808,mert_v1,unweighted,1.0,prior_offset,94,231,0.15684000169192164,0.4867639286231629,0.0,-0.0025245636839794916,0,4,0
2026092808,mert_v1,unweighted,1.0,temperature,94,231,0.15712370309904766,0.4898091408101074,0.00028370140712602465,-0.002240862276853467,0,4,0
2026092808,mert_v1,unweighted,1.0,platt,94,231,0.15936456537590113,0.49827125907120573,0.0025245636839794916,0.0,0,4,0
2026092808,mert_v1,unweighted,1.0,beta,94,231,0.15850987567497438,0.49291880317674497,0.0016698739830527387,-0.0008546897009267529,0,4,1
2026092808,mert_v1,unweighted,1.0,isotonic,94,231,0.1632691583509269,0.9650513662304843,0.0064291566590052585,0.003904592975025767,0,4,0
2026092808,mert_v1,unweighted,1.0,ridge_platt,94,231,0.15788054581102473,0.4918499476177436,0.0010405441191030929,-0.0014840195648763987,0,4,0
2026092809,maest,ambient_balanced,0.25,raw,24,66,0.11973691190601769,0.3874322232751393,0.0,-0.006819822498142267,0,4,0
2026092809,maest,ambient_balanced,0.25,prior_offset,24,66,0.11048371630904573,0.3625698853711836,-0.009253195596971964,-0.01607301809511423,0,4,0
2026092809,maest,ambient_balanced,0.25,temperature,24,66,0.11861593253043627,0.38399526765562975,-0.0011209793755814212,-0.007940801873723688,0,4,0
2026092809,maest,ambient_balanced,0.25,platt,24,66,0.12655673440415996,0.4167380909764317,0.006819822498142267,0.0,0,4,0
2026092809,maest,ambient_balanced,0.25,beta,24,66,0.12410195853897904,0.4110551041547343,0.004365046632961347,-0.0024547758651809193,0,4,2
2026092809,maest,ambient_balanced,0.25,isotonic,24,66,0.1260923271322582,1.272053357453617,0.006355415226240516,-0.00046440727190175113,0,4,0
2026092809,maest,ambient_balanced,0.25,ridge_platt,24,66,0.12403531685829765,0.408866206462721,0.004298404952279955,-0.0025214175458623117,0,4,0
2026092809,maest,ambient_balanced,0.5,raw,47,116,0.11973691190601769,0.3874322232751393,0.0,0.003937974571626993,0,4,0
2026092809,maest,ambient_balanced,0.5,prior_offset,47,116,0.11048371630904573,0.3625698853711836,-0.009253195596971964,-0.005315221025344971,0,4,0
2026092809,maest,ambient_balanced,0.5,temperature,47,116,0.1213193595975052,0.3931609391396404,0.0015824476914875069,0.0055204222631144995,0,4,0
2026092809,maest,ambient_balanced,0.5,platt,47,116,0.1157989373343907,0.37771889980749845,-0.003937974571626993,0.0,0,4,0
2026092809,maest,ambient_balanced,0.5,beta,47,116,0.11699643742484352,0.3828042618954277,-0.0027404744811741766,0.001197500090452816,0,4,2
2026092809,maest,ambient_balanced,0.5,isotonic,47,116,0.11858743783888356,0.8128455969278308,-0.0011494740671341291,0.0027885005044928635,0,4,0
2026092809,maest,ambient_balanced,0.5,ridge_platt,47,116,0.11278850913342299,0.36805548323496756,-0.006948402772594703,-0.0030104282009677102,0,4,0
2026092809,maest,ambient_balanced,1.0,raw,94,231,0.11973691190601769,0.3874322232751393,0.0,0.007182897214989076,0,4,0
2026092809,maest,ambient_balanced,1.0,prior_offset,94,231,0.11048371630904573,0.3625698853711836,-0.009253195596971964,-0.002070298381982888,0,4,0
2026092809,maest,ambient_balanced,1.0,temperature,94,231,0.12059722282865058,0.39103225150457044,0.0008603109226328898,0.008043208137621966,0,4,0
2026092809,maest,ambient_balanced,1.0,platt,94,231,0.11255401469102862,0.36925190115657697,-0.007182897214989076,0.0,0,4,0
2026092809,maest,ambient_balanced,1.0,beta,94,231,0.11178810582740199,0.36928832580618043,-0.0079488060786157,-0.0007659088636266242,0,4,1
2026092809,maest,ambient_balanced,1.0,isotonic,94,231,0.11295885354768417,0.617023101874162,-0.006778058358333519,0.00040483885665555663,0,4,0
2026092809,maest,ambient_balanced,1.0,ridge_platt,94,231,0.11230040880298854,0.36912172060713466,-0.007436503103029152,-0.000253605888040076,0,4,0
2026092809,maest,unweighted,0.25,raw,24,66,0.1096672953056513,0.3603403847094508,0.0,-0.016227208917324307,0,4,0
2026092809,maest,unweighted,0.25,prior_offset,24,66,0.1096672953056513,0.3603403847094508,0.0,-0.016227208917324307,0,4,0
2026092809,maest,unweighted,0.25,temperature,24,66,0.10948412934243723,0.3624532000452344,-0.0001831659632140631,-0.01641037488053837,0,4,0
2026092809,maest,unweighted,0.25,platt,24,66,0.1258945042229756,0.415365908809786,0.016227208917324307,0.0,0,4,0
2026092809,maest,unweighted,0.25,beta,24,66,0.12387408771873976,0.40788227620568557,0.014206792413088462,-0.0020204165042358446,0,4,2
2026092809,maest,unweighted,0.25,isotonic,24,66,0.12545581512561424,1.2702469234595961,0.015788519819962946,-0.0004386890973613611,0,4,0
2026092809,maest,unweighted,0.25,ridge_platt,24,66,0.12371345189485226,0.4092651502896808,0.01404615658920097,-0.002181052328123337,0,4,0
2026092809,maest,unweighted,0.5,raw,47,116,0.1096672953056513,0.3603403847094508,0.0,-0.005664097051692116,0,4,0
2026092809,maest,unweighted,0.5,prior_offset,47,116,0.1096672953056513,0.3603403847094508,0.0,-0.005664097051692116,0,4,0
2026092809,maest,unweighted,0.5,temperature,47,116,0.11113034646612607,0.36619922348745965,0.0014630511604747792,-0.0042010458912173365,0,4,0
2026092809,maest,unweighted,0.5,platt,47,116,0.11533139235734341,0.3764836763912423,0.005664097051692116,0.0,0,4,0
2026092809,maest,unweighted,0.5,beta,47,116,0.11638203369982993,0.3810723930671188,0.006714738394178632,0.0010506413424865163,0,4,2
2026092809,maest,unweighted,0.5,isotonic,47,116,0.11787431510504273,0.8105487343869806,0.008207019799391438,0.002542922747699322,0,4,0
2026092809,maest,unweighted,0.5,ridge_platt,47,116,0.11232096415637571,0.3668202598187114,0.0026536688507244194,-0.0030104282009676964,0,4,0
2026092809,maest,unweighted,1.0,raw,94,231,0.1096672953056513,0.3603403847094508,0.0,-0.0022486605102464696,0,4,0
2026092809,maest,unweighted,1.0,prior_offset,94,231,0.1096672953056513,0.3603403847094508,0.0,-0.0022486605102464696,0,4,0
2026092809,maest,unweighted,1.0,temperature,94,231,0.11054660155143313,0.36413305283369996,0.0008793062457818357,-0.001369354264464634,0,4,0
2026092809,maest,unweighted,1.0,platt,94,231,0.11191595581589776,0.3676657070106024,0.0022486605102464696,0.0,0,4,0
2026092809,maest,unweighted,1.0,beta,94,231,0.111254854265784,0.36703255762275866,0.0015875589601327122,-0.0006611015501137574,0,4,1
2026092809,maest,unweighted,1.0,isotonic,94,231,0.11321339337177155,0.6173665751584787,0.0035460980661202596,0.00129743755587379,0,4,0
2026092809,maest,unweighted,1.0,ridge_platt,94,231,0.11179151382776227,0.36787628037758074,0.0021242185221109766,-0.000124441988135493,0,4,0
2026092809,mert_v0,ambient_balanced,0.25,raw,24,66,0.1405743602262434,0.4407907257844385,0.0,0.001703709406725179,0,4,0
2026092809,mert_v0,ambient_balanced,0.25,prior_offset,24,66,0.1256838693887702,0.4035797394586888,-0.014890490837473208,-0.013186781430748029,0,4,0
2026092809,mert_v0,ambient_balanced,0.25,temperature,24,66,0.1376578045601944,0.4312630209383622,-0.002916555666048981,-0.001212846259323802,0,4,0
2026092809,mert_v0,ambient_balanced,0.25,platt,24,66,0.13887065081951822,0.45099090794403535,-0.001703709406725179,0.0,0,4,1
2026092809,mert_v0,ambient_balanced,0.25,beta,24,66,0.13922567887342033,0.45383122398652176,-0.0013486813528230668,0.00035502805390211223,0,4,2
2026092809,mert_v0,ambient_balanced,0.25,isotonic,24,66,0.143583606282688,1.2632382351692262,0.003009246056444592,0.004712955463169771,0,4,0
2026092809,mert_v0,ambient_balanced,0.25,ridge_platt,24,66,0.13704131228169794,0.4435137144023589,-0.0035330479445454532,-0.0018293385378202742,0,4,1
2026092809,mert_v0,ambient_balanced,0.5,raw,47,116,0.1405743602262434,0.4407907257844385,0.0,0.011888236984202771,0,4,0
2026092809,mert_v0,ambient_balanced,0.5,prior_offset,47,116,0.1256838693887702,0.4035797394586888,-0.014890490837473208,-0.003002253853270437,0,4,0
2026092809,mert_v0,ambient_balanced,0.5,temperature,47,116,0.13882062872563164,0.4352862446345702,-0.0017537315006117549,0.010134505483591016,0,4,0
2026092809,mert_v0,ambient_balanced,0.5,platt,47,116,0.12868612324204062,0.4134324549411284,-0.011888236984202771,0.0,0,4,0
2026092809,mert_v0,ambient_balanced,0.5,beta,47,116,0.12636067946736276,0.40562082782383085,-0.014213680758880631,-0.00232544377467786,0,4,2
2026092809,mert_v0,ambient_balanced,0.5,isotonic,47,116,0.13029655130776352,0.7559489339121449,-0.010277808918479875,0.0016104280657228964,0,4,0
2026092809,mert_v0,ambient_balanced,0.5,ridge_platt,47,116,0.12637920617731724,0.40501777997054916,-0.014195154048926156,-0.002306917064723385,0,4,0
2026092809,mert_v0,ambient_balanced,1.0,raw,94,231,0.1405743602262434,0.4407907257844385,0.0,0.01663407606028916,0,4,0
2026092809,mert_v0,ambient_balanced,1.0,prior_offset,94,231,0.1256838693887702,0.4035797394586888,-0.014890490837473208,0.001743585222815952,0,4,0
2026092809,mert_v0,ambient_balanced,1.0,temperature,94,231,0.13864430686142462,0.43357723007491594,-0.0019300533648187734,0.014704022695470387,0,4,0
2026092809,mert_v0,ambient_balanced,1.0,platt,94,231,0.12394028416595423,0.39836474957104145,-0.01663407606028916,0.0,0,4,0
2026092809,mert_v0,ambient_balanced,1.0,beta,94,231,0.1217929091157526,0.3910689160851202,-0.018781451110490788,-0.0021473750502016276,0,4,2
2026092809,mert_v0,ambient_balanced,1.0,isotonic,94,231,0.1261200316723747,0.7142834849314077,-0.01445432855386869,0.0021797475064204708,0,4,0
2026092809,mert_v0,ambient_balanced,1.0,ridge_platt,94,231,0.12311412590274183,0.3958810405341004,-0.017460234323501564,-0.0008261582632124037,0,4,0
2026092809,mert_v0,unweighted,0.25,raw,24,66,0.12553800572208726,0.403919500791097,0.0,-0.012727078349602738,0,4,0
2026092809,mert_v0,unweighted,0.25,prior_offset,24,66,0.12553800572208726,0.403919500791097,0.0,-0.012727078349602738,0,4,0
2026092809,mert_v0,unweighted,0.25,temperature,24,66,0.12424833723755045,0.4016464680790449,-0.0012896684845368073,-0.014016746834139546,0,4,0
2026092809,mert_v0,unweighted,0.25,platt,24,66,0.13826508407169,0.44934841262824904,0.012727078349602738,0.0,0,4,1
2026092809,mert_v0,unweighted,0.25,beta,24,66,0.1388168417188242,0.4518439064882096,0.013278835996736932,0.0005517576471341934,0,4,2
2026092809,mert_v0,unweighted,0.25,isotonic,24,66,0.14278728338716218,1.2887438362040804,0.01724927766507492,0.004522199315472181,0,4,0
2026092809,mert_v0,unweighted,0.25,ridge_platt,24,66,0.13671683907017573,0.4432361883422708,0.011178833348088474,-0.0015482450015142646,0,4,1
2026092809,mert_v0,unweighted,0.5,raw,47,116,0.12553800572208726,0.403919500791097,0.0,-0.003101475260455483,0,4,0
2026092809,mert_v0,unweighted,0.5,prior_offset,47,116,0.12553800572208726,0.403919500791097,0.0,-0.003101475260455483,0,4,0
2026092809,mert_v0,unweighted,0.5,temperature,47,116,0.12352561220372697,0.3969433628498278,-0.0020123935183602865,-0.005113868778815769,0,4,0
2026092809,mert_v0,unweighted,0.5,platt,47,116,0.12863948098254274,0.413333189786739,0.003101475260455483,0.0,0,4,0
2026092809,mert_v0,unweighted,0.5,beta,47,116,0.1266213062652668,0.40684568342485583,0.0010833005431795384,-0.0020181747172759446,0,4,2
2026092809,mert_v0,unweighted,0.5,isotonic,47,116,0.13002565260258223,0.7861944324590432,0.0044876468804949665,0.0013861716200394836,0,4,0
2026092809,mert_v0,unweighted,0.5,ridge_platt,47,116,0.12577980967260377,0.40303316955277463,0.0002418039505165115,-0.0028596713099389715,0,4,0
2026092809,mert_v0,unweighted,1.0,raw,94,231,0.12553800572208726,0.403919500791097,0.0,0.001865730915284275,0,4,0
2026092809,mert_v0,unweighted,1.0,prior_offset,94,231,0.12553800572208726,0.403919500791097,0.0,0.001865730915284275,0,4,0
2026092809,mert_v0,unweighted,1.0,temperature,94,231,0.12342837261987652,0.3958510986475096,-0.0021096331022107395,-0.0002439021869264646,0,4,0
2026092809,mert_v0,unweighted,1.0,platt,94,231,0.12367227480680298,0.39779087800675006,-0.001865730915284275,0.0,0,4,0
2026092809,mert_v0,unweighted,1.0,beta,94,231,0.12156057710442085,0.39079254073877034,-0.003977428617666409,-0.0021116977023821343,0,4,2
2026092809,mert_v0,unweighted,1.0,isotonic,94,231,0.12483658200719287,0.7111788899740176,-0.0007014237148943864,0.0011643072003898886,0,4,0
2026092809,mert_v0,unweighted,1.0,ridge_platt,94,231,0.12293391736360136,0.3958321031231826,-0.002604088358485898,-0.0007383574432016232,0,4,0
2026092809,mert_v1,ambient_balanced,0.25,raw,24,66,0.13925989836481698,0.4355131750495851,0.0,-0.0016343416950698186,0,4,0
2026092809,mert_v1,ambient_balanced,0.25,prior_offset,24,66,0.12361187777124769,0.39621529310071774,-0.01564802059356929,-0.017282362288639108,0,4,0
2026092809,mert_v1,ambient_balanced,0.25,temperature,24,66,0.13886500440549862,0.43163058235142865,-0.00039489395931835425,-0.002029235654388173,0,4,0
2026092809,mert_v1,ambient_balanced,0.25,platt,24,66,0.1408942400598868,0.44925517632061307,0.0016343416950698186,0.0,0,4,1
2026092809,mert_v1,ambient_balanced,0.25,beta,24,66,0.14105930540382533,0.4518678307460199,0.001799407039008355,0.00016506534393853634,0,4,3
2026092809,mert_v1,ambient_balanced,0.25,isotonic,24,66,0.14919900422547727,1.088264105860183,0.009939105860660297,0.008304764165590478,0,4,0
2026092809,mert_v1,ambient_balanced,0.25,ridge_platt,24,66,0.13747976134522788,0.4360309729701484,-0.0017801370195890953,-0.003414478714658914,0,4,1
2026092809,mert_v1,ambient_balanced,0.5,raw,47,116,0.13925989836481698,0.4355131750495851,0.0,0.009355667450685307,0,4,0
2026092809,mert_v1,ambient_balanced,0.5,prior_offset,47,116,0.12361187777124769,0.39621529310071774,-0.01564802059356929,-0.006292353142883983,0,4,0
2026092809,mert_v1,ambient_balanced,0.5,temperature,47,116,0.13906108634502723,0.4333509574566874,-0.00019881201978974583,0.00915685543089556,0,4,0
2026092809,mert_v1,ambient_balanced,0.5,platt,47,116,0.12990423091413167,0.4108147013511401,-0.009355667450685307,0.0,0,4,0
2026092809,mert_v1,ambient_balanced,0.5,beta,47,116,0.12892260157531202,0.4086423472800397,-0.010337296789504957,-0.0009816293388196506,0,4,3
2026092809,mert_v1,ambient_balanced,0.5,isotonic,47,116,0.12913271536693083,0.6800271990530268,-0.010127182997886147,-0.0007715155472008406,0,4,0
2026092809,mert_v1,ambient_balanced,0.5,ridge_platt,47,116,0.1251475886671632,0.39750008586293745,-0.014112309697653785,-0.004756642246968479,0,4,0
2026092809,mert_v1,ambient_balanced,1.0,raw,94,231,0.13925989836481698,0.4355131750495851,0.0,0.01353603807304335,0,4,0
2026092809,mert_v1,ambient_balanced,1.0,prior_offset,94,231,0.12361187777124769,0.39621529310071774,-0.01564802059356929,-0.00211198252052594,0,4,0
2026092809,mert_v1,ambient_balanced,1.0,temperature,94,231,0.13960624983766814,0.4344319508404905,0.00034635147285116963,0.013882389545894519,0,4,0
2026092809,mert_v1,ambient_balanced,1.0,platt,94,231,0.12572386029177363,0.3997162333399997,-0.01353603807304335,0.0,0,4,0
2026092809,mert_v1,ambient_balanced,1.0,beta,94,231,0.1246566208133789,0.3967877497198138,-0.014603277551438074,-0.0010672394783947242,0,4,2
2026092809,mert_v1,ambient_balanced,1.0,isotonic,94,231,0.1278606483057085,0.5878666993400923,-0.011399250059108468,0.0021367880139348816,0,4,0
2026092809,mert_v1,ambient_balanced,1.0,ridge_platt,94,231,0.12577561011072697,0.40134396269790035,-0.01348428825409001,5.174981895333941e-05,0,4,0
2026092809,mert_v1,unweighted,0.25,raw,24,66,0.12376648729096548,0.39732906148392777,0.0,-0.017011628647884997,0,4,0
2026092809,mert_v1,unweighted,0.25,prior_offset,24,66,0.12376648729096548,0.39732906148392777,0.0,-0.017011628647884997,0,4,0
2026092809,mert_v1,unweighted,0.25,temperature,24,66,0.12495668663526538,0.40102318951714544,0.001190199344299897,-0.0158214293035851,0,4,0
2026092809,mert_v1,unweighted,0.25,platt,24,66,0.14077811593885048,0.4491966385155128,0.017011628647884997,0.0,0,4,1
2026092809,mert_v1,unweighted,0.25,beta,24,66,0.1411511072961784,0.45071357178806626,0.01738462000521293,0.0003729913573279342,0,4,3
2026092809,mert_v1,unweighted,0.25,isotonic,24,66,0.14881211430472646,1.0870760582745929,0.02504562701376098,0.008033998365875983,0,4,0
2026092809,mert_v1,unweighted,0.25,ridge_platt,24,66,0.13699190822601365,0.4346838887499069,0.013225420935048166,-0.003786207712836831,0,4,1
2026092809,mert_v1,unweighted,0.5,raw,47,116,0.12376648729096548,0.39732906148392777,0.0,-0.006279670209142274,0,4,0
2026092809,mert_v1,unweighted,0.5,prior_offset,47,116,0.12376648729096548,0.39732906148392777,0.0,-0.006279670209142274,0,4,0
2026092809,mert_v1,unweighted,0.5,temperature,47,116,0.1234394356901553,0.39412790370963025,-0.00032705160081018814,-0.006606721809952462,0,4,0
2026092809,mert_v1,unweighted,0.5,platt,47,116,0.13004615750010776,0.4113990998756694,0.006279670209142274,0.0,0,4,0
2026092809,mert_v1,unweighted,0.5,beta,47,116,0.12914397731634833,0.40978795930901324,0.005377490025382847,-0.0009021801837594268,0,4,3
2026092809,mert_v1,unweighted,0.5,isotonic,47,116,0.129692770719734,0.650767857596729,0.005926283428768525,-0.00035338678037374893,0,4,0
2026092809,mert_v1,unweighted,0.5,ridge_platt,47,116,0.12509689014443895,0.3974223405805128,0.0013304028534734669,-0.004949267355668807,0,4,0
2026092809,mert_v1,unweighted,1.0,raw,94,231,0.12376648729096548,0.39732906148392777,0.0,-0.0019997464053810587,0,4,0
2026092809,mert_v1,unweighted,1.0,prior_offset,94,231,0.12376648729096548,0.39732906148392777,0.0,-0.0019997464053810587,0,4,0
2026092809,mert_v1,unweighted,1.0,temperature,94,231,0.12332182631261596,0.39356617671147626,-0.0004446609783495259,-0.0024444073837305846,0,4,0
2026092809,mert_v1,unweighted,1.0,platt,94,231,0.12576623369634654,0.39996748340340005,0.0019997464053810587,0.0,0,4,0
2026092809,mert_v1,unweighted,1.0,beta,94,231,0.12470366030437141,0.3970637998554681,0.0009371730134059286,-0.0010625733919751301,0,4,2
2026092809,mert_v1,unweighted,1.0,isotonic,94,231,0.1275256591159748,0.5554741812999126,0.0037591718250093165,0.0017594254196282577,0,4,0
2026092809,mert_v1,unweighted,1.0,ridge_platt,94,231,0.12572372672506701,0.4020277133316862,0.001957239434101532,-4.250697127952674e-05,0,4,0
2026092810,maest,ambient_balanced,0.25,raw,24,66,0.15779665233543383,0.47986003293384055,0.0,0.0007290122102044938,0,4,0
2026092810,maest,ambient_balanced,0.25,prior_offset,24,66,0.14781097550240607,0.4520582887776671,-0.009985676833027757,-0.009256664622823263,0,4,0
2026092810,maest,ambient_balanced,0.25,temperature,24,66,0.1625105168025721,0.516141249096557,0.0047138644671382846,0.005442876677342778,0,4,0
2026092810,maest,ambient_balanced,0.25,platt,24,66,0.15706764012522934,0.5000256831722005,-0.0007290122102044938,0.0,0,4,0
2026092810,maest,ambient_balanced,0.25,beta,24,66,0.15932963485944737,0.5416148815765653,0.001532982524013543,0.002261994734218037,0,4,2
2026092810,maest,ambient_balanced,0.25,isotonic,24,66,0.16835796692287053,2.10468162125771,0.010561314587436699,0.011290326797641193,0,4,0
2026092810,maest,ambient_balanced,0.25,ridge_platt,24,66,0.15779665233543383,0.47986003293384055,0.0,0.0007290122102044938,0,4,0
2026092810,maest,ambient_balanced,0.5,raw,47,120,0.15779665233543383,0.47986003293384055,0.0,0.005964390918565515,0,4,0
2026092810,maest,ambient_balanced,0.5,prior_offset,47,120,0.14781097550240607,0.4520582887776671,-0.009985676833027757,-0.0040212859144622415,0,4,0
2026092810,maest,ambient_balanced,0.5,temperature,47,120,0.16045343685861208,0.49677289417658305,0.002656784523178246,0.008621175441743761,0,4,0
2026092810,maest,ambient_balanced,0.5,platt,47,120,0.1518322614168683,0.47393363422849955,-0.005964390918565515,0.0,0,4,0
2026092810,maest,ambient_balanced,0.5,beta,47,120,0.15176223539069378,0.4783082438454886,-0.006034416944740051,-7.002602617453557e-05,0,4,0
2026092810,maest,ambient_balanced,0.5,isotonic,47,120,0.15659043608675047,0.8442753694753378,-0.0012062162486833616,0.004758174669882154,0,4,0
2026092810,maest,ambient_balanced,0.5,ridge_platt,47,120,0.15259723693784022,0.46626328234488074,-0.00519941539759361,0.0007649755209719056,0,4,0
2026092810,maest,ambient_balanced,1.0,raw,94,247,0.15779665233543383,0.47986003293384055,0.0,0.009411561777133648,0,4,0
2026092810,maest,ambient_balanced,1.0,prior_offset,94,247,0.14781097550240607,0.4520582887776671,-0.009985676833027757,-0.0005741150558941088,0,4,0
2026092810,maest,ambient_balanced,1.0,temperature,94,247,0.15740308628165872,0.4784251031954521,-0.00039356605377510734,0.00901799572335854,0,4,0
2026092810,maest,ambient_balanced,1.0,platt,94,247,0.14838509055830018,0.45379900211908164,-0.009411561777133648,0.0,0,4,0
2026092810,maest,ambient_balanced,1.0,beta,94,247,0.14836070613078,0.4549559655882061,-0.009435946204653822,-2.4384427520174334e-05,0,4,0
2026092810,maest,ambient_balanced,1.0,isotonic,94,247,0.1544006703868843,0.5704117377183963,-0.003395981948549537,0.006015579828584111,0,4,0
2026092810,maest,ambient_balanced,1.0,ridge_platt,94,247,0.147611218672223,0.452862773501847,-0.010185433663210841,-0.0007738718860771931,0,4,0
2026092810,maest,unweighted,0.25,raw,24,66,0.14778931222594177,0.4528394677721708,0.0,-0.009819863199158785,0,4,0
2026092810,maest,unweighted,0.25,prior_offset,24,66,0.14778931222594177,0.4528394677721708,0.0,-0.009819863199158785,0,4,0
2026092810,maest,unweighted,0.25,temperature,24,66,0.1519946170425995,0.48772644882236754,0.0042053048166577345,-0.00561455838250105,0,4,0
2026092810,maest,unweighted,0.25,platt,24,66,0.15760917542510056,0.5018616009993333,0.009819863199158785,0.0,0,4,0
2026092810,maest,unweighted,0.25,beta,24,66,0.15952460142920605,0.5406283902493652,0.011735289203264276,0.0019154260041054916,0,4,2
2026092810,maest,unweighted,0.25,isotonic,24,66,0.16959406875416133,2.1079322503402316,0.02180475652821956,0.011984893329060775,0,4,0
2026092810,maest,unweighted,0.25,ridge_platt,24,66,0.14778931222594177,0.4528394677721708,0.0,-0.009819863199158785,0,4,0
2026092810,maest,unweighted,0.5,raw,47,120,0.14778931222594177,0.4528394677721708,0.0,-0.0044199497090039175,0,4,0
2026092810,maest,unweighted,0.5,prior_offset,47,120,0.14778931222594177,0.4528394677721708,0.0,-0.0044199497090039175,0,4,0
2026092810,maest,unweighted,0.5,temperature,47,120,0.15031566553861772,0.4694424546199997,0.0025263533126759496,-0.0018935963963279678,0,4,0
2026092810,maest,unweighted,0.5,platt,47,120,0.1522092619349457,0.4751314774632158,0.0044199497090039175,0.0,0,4,0
2026092810,maest,unweighted,0.5,beta,47,120,0.152044395104536,0.47921844134251906,0.0042550828785942185,-0.00016486683040969896,0,4,0
2026092810,maest,unweighted,0.5,isotonic,47,120,0.15708727026439476,0.8461430389303191,0.009297958038452986,0.004878008329449068,0,4,0
2026092810,maest,unweighted,0.5,ridge_platt,47,120,0.14771216756836003,0.4531265538592576,-7.714465758174027e-05,-0.004497094366585658,0,4,0
2026092810,maest,unweighted,1.0,raw,94,247,0.14778931222594177,0.4528394677721708,0.0,-0.0008531292010344194,0,4,0
2026092810,maest,unweighted,1.0,prior_offset,94,247,0.14778931222594177,0.4528394677721708,0.0,-0.0008531292010344194,0,4,0
2026092810,maest,unweighted,1.0,temperature,94,247,0.14739175886397002,0.4519695095897153,-0.00039755336197175306,-0.0012506825630061724,0,4,0
2026092810,maest,unweighted,1.0,platt,94,247,0.1486424414269762,0.4544974036968676,0.0008531292010344194,0.0,0,4,0
2026092810,maest,unweighted,1.0,beta,94,247,0.14860589123208492,0.4557126222428679,0.0008165790061431533,-3.65501948912661e-05,0,4,0
2026092810,maest,unweighted,1.0,isotonic,94,247,0.15398621079956842,0.5692655468680168,0.006196898573626652,0.005343769372592233,0,4,0
2026092810,maest,unweighted,1.0,ridge_platt,94,247,0.14780112906815568,0.45319288796070706,1.1816842213907552e-05,-0.0008413123588205118,0,4,0
2026092810,mert_v0,ambient_balanced,0.25,raw,24,66,0.16577851642060823,0.5019798098520084,0.0,-0.003175921842453494,0,4,0
2026092810,mert_v0,ambient_balanced,0.25,prior_offset,24,66,0.15275066742423007,0.46808064436669977,-0.013027848996378155,-0.01620377083883165,0,4,0
2026092810,mert_v0,ambient_balanced,0.25,temperature,24,66,0.16812741032513862,0.5124028061200606,0.002348893904530386,-0.0008270279379231082,0,4,0
2026092810,mert_v0,ambient_balanced,0.25,platt,24,66,0.16895443826306172,0.5228239536548632,0.003175921842453494,0.0,0,4,0
2026092810,mert_v0,ambient_balanced,0.25,beta,24,66,0.16972326951577066,0.5243528333089141,0.003944753095162429,0.0007688312527089347,0,4,3
2026092810,mert_v0,ambient_balanced,0.25,isotonic,24,66,0.17884123315214262,1.6932599027945177,0.01306271673153439,0.009886794889080897,0,4,0
2026092810,mert_v0,ambient_balanced,0.25,ridge_platt,24,66,0.16231735717920612,0.49142255486025366,-0.003461159241402112,-0.006637081083855606,0,4,0
2026092810,mert_v0,ambient_balanced,0.5,raw,47,120,0.16577851642060823,0.5019798098520084,0.0,0.004158252013548053,0,4,0
2026092810,mert_v0,ambient_balanced,0.5,prior_offset,47,120,0.15275066742423007,0.46808064436669977,-0.013027848996378155,-0.008869596982830102,0,4,0
2026092810,mert_v0,ambient_balanced,0.5,temperature,47,120,0.1685022270498903,0.5134818700622499,0.002723710629282061,0.006881962642830114,0,4,0
2026092810,mert_v0,ambient_balanced,0.5,platt,47,120,0.16162026440706018,0.49818615965892415,-0.004158252013548053,0.0,0,4,0
2026092810,mert_v0,ambient_balanced,0.5,beta,47,120,0.16202167366163273,0.49938668035524536,-0.003756842758975504,0.00040140925457254895,0,4,2
2026092810,mert_v0,ambient_balanced,0.5,isotonic,47,120,0.1692818006980979,1.1727619059418983,0.0035032842774896655,0.007661536291037718,0,4,0
2026092810,mert_v0,ambient_balanced,0.5,ridge_platt,47,120,0.15980600867301142,0.48593261430463863,-0.005972507747596806,-0.001814255734048753,0,4,0
2026092810,mert_v0,ambient_balanced,1.0,raw,94,247,0.16577851642060823,0.5019798098520084,0.0,0.009008470511905203,0,4,0
2026092810,mert_v0,ambient_balanced,1.0,prior_offset,94,247,0.15275066742423007,0.46808064436669977,-0.013027848996378155,-0.004019378484472952,0,4,0
2026092810,mert_v0,ambient_balanced,1.0,temperature,94,247,0.16530634213343462,0.5008883000142258,-0.0004721742871736101,0.008536296224731593,0,4,0
2026092810,mert_v0,ambient_balanced,1.0,platt,94,247,0.15677004590870303,0.47870722863826076,-0.009008470511905203,0.0,0,4,0
2026092810,mert_v0,ambient_balanced,1.0,beta,94,247,0.1569699871218025,0.478064040346756,-0.00880852929880574,0.00019994121309946378,0,4,1
2026092810,mert_v0,ambient_balanced,1.0,isotonic,94,247,0.16318926868560915,0.823522746412778,-0.0025892477349990783,0.006419222776906125,0,4,0
2026092810,mert_v0,ambient_balanced,1.0,ridge_platt,94,247,0.15671741601206648,0.47839396458683237,-0.009061100408541745,-5.2629896636541273e-05,0,4,0
2026092810,mert_v0,unweighted,0.25,raw,24,66,0.15296825163079442,0.46955895807851616,0.0,-0.01669649551827196,0,4,0
2026092810,mert_v0,unweighted,0.25,prior_offset,24,66,0.15296825163079442,0.46955895807851616,0.0,-0.01669649551827196,0,4,0
2026092810,mert_v0,unweighted,0.25,temperature,24,66,0.1552786149315649,0.48056170245200736,0.002310363300770474,-0.014386132217501485,0,4,0
2026092810,mert_v0,unweighted,0.25,platt,24,66,0.16966474714906637,0.5261192141835869,0.01669649551827196,0.0,0,4,0
2026092810,mert_v0,unweighted,0.25,beta,24,66,0.17027416645865054,0.527754880284937,0.017305914827856123,0.0006094193095841638,0,4,3
2026092810,mert_v0,unweighted,0.25,isotonic,24,66,0.17910219861215448,1.7962164223328247,0.026133946981360068,0.009437451463088109,0,4,0
2026092810,mert_v0,unweighted,0.25,ridge_platt,24,66,0.15997929393585292,0.4850019862347829,0.007011042305058501,-0.009685453213213457,0,4,0
2026092810,mert_v0,unweighted,0.5,raw,47,120,0.15296825163079442,0.46955895807851616,0.0,-0.009080268623966048,0,4,0
2026092810,mert_v0,unweighted,0.5,prior_offset,47,120,0.15296825163079442,0.46955895807851616,0.0,-0.009080268623966048,0,4,0
2026092810,mert_v0,unweighted,0.5,temperature,47,120,0.15544545690287967,0.48020979323242735,0.0024772052720852533,-0.006603063351880795,0,4,0
2026092810,mert_v0,unweighted,0.5,platt,47,120,0.16204852025476046,0.5003775505173176,0.009080268623966048,0.0,0,4,0
2026092810,mert_v0,unweighted,0.5,beta,47,120,0.16236445344070022,0.5017829504637491,0.009396201809905802,0.00031593318593975406,0,4,2
2026092810,mert_v0,unweighted,0.5,isotonic,47,120,0.1693719187321701,1.207295859295789,0.016403667101375696,0.007323398477409648,0,4,0
2026092810,mert_v0,unweighted,0.5,ridge_platt,47,120,0.15561793845189353,0.4754724771074138,0.0026496868210991176,-0.00643058180286693,0,4,0
2026092810,mert_v0,unweighted,1.0,raw,94,247,0.15296825163079442,0.46955895807851616,0.0,-0.0040799392772645215,0,4,0
2026092810,mert_v0,unweighted,1.0,prior_offset,94,247,0.15296825163079442,0.46955895807851616,0.0,-0.0040799392772645215,0,4,0
2026092810,mert_v0,unweighted,1.0,temperature,94,247,0.15315048942694054,0.47030781448125364,0.000182237796146123,-0.0038977014811183985,0,4,0
2026092810,mert_v0,unweighted,1.0,platt,94,247,0.15704819090805894,0.47984037152991343,0.0040799392772645215,0.0,0,4,0
2026092810,mert_v0,unweighted,1.0,beta,94,247,0.15707900134782074,0.4794048728119237,0.004110749717026324,3.081043976180253e-05,0,4,1
2026092810,mert_v0,unweighted,1.0,isotonic,94,247,0.1629664828244295,0.8233346898032875,0.009998231193635077,0.005918291916370555,0,4,0
2026092810,mert_v0,unweighted,1.0,ridge_platt,94,247,0.15716510473397674,0.48035476009233924,0.004196853103182324,0.00011691382591780264,0,4,0
2026092810,mert_v1,ambient_balanced,0.25,raw,24,66,0.16527803053097506,0.5021194589789888,0.0,-0.002866120141202577,0,4,0
2026092810,mert_v1,ambient_balanced,0.25,prior_offset,24,66,0.15122857458351746,0.46765812530363826,-0.0140494559474576,-0.016915576088660178,0,4,0
2026092810,mert_v1,ambient_balanced,0.25,temperature,24,66,0.17071837533829526,0.5334873420412509,0.0054403448073201965,0.0025742246661176194,0,4,0
2026092810,mert_v1,ambient_balanced,0.25,platt,24,66,0.16814415067217764,0.5446023594262182,0.002866120141202577,0.0,0,4,0
2026092810,mert_v1,ambient_balanced,0.25,beta,24,66,0.16961068633843868,0.5589783330356507,0.0043326558074636146,0.0014665356662610374,0,4,3
2026092810,mert_v1,ambient_balanced,0.25,isotonic,24,66,0.18121504416246756,1.8719767525272726,0.015937013631492497,0.01307089349028992,0,4,0
2026092810,mert_v1,ambient_balanced,0.25,ridge_platt,24,66,0.16218876952583,0.49444215556376675,-0.003089261005145061,-0.005955381146347638,0,4,0
2026092810,mert_v1,ambient_balanced,0.5,raw,47,120,0.16527803053097506,0.5021194589789888,0.0,0.0017209451485692973,0,4,0
2026092810,mert_v1,ambient_balanced,0.5,prior_offset,47,120,0.15122857458351746,0.46765812530363826,-0.0140494559474576,-0.012328510798888304,0,4,0
2026092810,mert_v1,ambient_balanced,0.5,temperature,47,120,0.17091733676389023,0.5323047088797084,0.00563930623291517,0.007360251381484467,0,4,0
2026092810,mert_v1,ambient_balanced,0.5,platt,47,120,0.16355708538240576,0.5279860561268935,-0.0017209451485692973,0.0,0,4,0
2026092810,mert_v1,ambient_balanced,0.5,beta,47,120,0.1647265252386058,0.5234586698335614,-0.0005515052923692754,0.0011694398562000219,0,4,1
2026092810,mert_v1,ambient_balanced,0.5,isotonic,47,120,0.17278351211117776,1.1569170531816857,0.0075054815802027,0.009226426728771997,0,4,0
2026092810,mert_v1,ambient_balanced,0.5,ridge_platt,47,120,0.15809479308595364,0.4859897654708916,-0.007183237445021418,-0.00546229229645212,0,4,0
2026092810,mert_v1,ambient_balanced,1.0,raw,94,247,0.16527803053097506,0.5021194589789888,0.0,0.010765589580861212,0,4,0
2026092810,mert_v1,ambient_balanced,1.0,prior_offset,94,247,0.15122857458351746,0.46765812530363826,-0.0140494559474576,-0.0032838663665963885,0,4,0
2026092810,mert_v1,ambient_balanced,1.0,temperature,94,247,0.16521207821931727,0.5044144604213545,-6.595231165779092e-05,0.010699637269203421,0,4,0
2026092810,mert_v1,ambient_balanced,1.0,platt,94,247,0.15451244095011385,0.48148710671339456,-0.010765589580861212,0.0,0,4,0
2026092810,mert_v1,ambient_balanced,1.0,beta,94,247,0.1553745081559448,0.48216829443175,-0.009903522375030255,0.0008620672058309575,0,4,1
2026092810,mert_v1,ambient_balanced,1.0,isotonic,94,247,0.15754623281832345,0.9429775852760351,-0.007731797712651617,0.0030337918682095955,0,4,0
2026092810,mert_v1,ambient_balanced,1.0,ridge_platt,94,247,0.15410973783435553,0.4790258551134175,-0.011168292696619536,-0.00040270311575832385,0,4,0
2026092810,mert_v1,unweighted,0.25,raw,24,66,0.1513192786074931,0.4687578952047514,0.0,-0.017342539777457144,0,4,0
2026092810,mert_v1,unweighted,0.25,prior_offset,24,66,0.1513192786074931,0.4687578952047514,0.0,-0.017342539777457144,0,4,0
2026092810,mert_v1,unweighted,0.25,temperature,24,66,0.15593176298919967,0.4984608111006237,0.004612484381706555,-0.012730055395750589,0,4,0
2026092810,mert_v1,unweighted,0.25,platt,24,66,0.16866181838495026,0.5475180066168948,0.017342539777457144,0.0,0,4,0
2026092810,mert_v1,unweighted,0.25,beta,24,66,0.17006389162132374,0.5621803396153362,0.018744613013830624,0.00140207323637348,0,4,3
2026092810,mert_v1,unweighted,0.25,isotonic,24,66,0.1817083672209899,1.9395731996079641,0.03038908861349679,0.013046548836039645,0,4,0
2026092810,mert_v1,unweighted,0.25,ridge_platt,24,66,0.16007060589137825,0.4905652143736092,0.00875132728388514,-0.008591212493572004,0,4,0
2026092810,mert_v1,unweighted,0.5,raw,47,120,0.1513192786074931,0.4687578952047514,0.0,-0.012431810621012007,0,4,0
2026092810,mert_v1,unweighted,0.5,prior_offset,47,120,0.1513192786074931,0.4687578952047514,0.0,-0.012431810621012007,0,4,0
2026092810,mert_v1,unweighted,0.5,temperature,47,120,0.15516384370040312,0.4936238083433363,0.0038445650929100073,-0.008587245528102,0,4,0
2026092810,mert_v1,unweighted,0.5,platt,47,120,0.16375108922850512,0.5298825042757732,0.012431810621012007,0.0,0,4,0
2026092810,mert_v1,unweighted,0.5,beta,47,120,0.16472962057768048,0.5248693362062147,0.013410341970187367,0.00097853134917536,0,4,1
2026092810,mert_v1,unweighted,0.5,isotonic,47,120,0.17172024807253894,1.2529469412438774,0.020400969465045826,0.007969158844033819,0,4,0
2026092810,mert_v1,unweighted,0.5,ridge_platt,47,120,0.15237135951647965,0.473011033656948,0.0010520809089865357,-0.011379729712025471,0,4,0
2026092810,mert_v1,unweighted,1.0,raw,94,247,0.1513192786074931,0.4687578952047514,0.0,-0.003191386686610953,0,4,0
2026092810,mert_v1,unweighted,1.0,prior_offset,94,247,0.1513192786074931,0.4687578952047514,0.0,-0.003191386686610953,0,4,0
2026092810,mert_v1,unweighted,1.0,temperature,94,247,0.15148939027472696,0.47214450921994516,0.00017011166723385207,-0.003021275019377101,0,4,0
2026092810,mert_v1,unweighted,1.0,platt,94,247,0.15451066529410407,0.48210201941002173,0.003191386686610953,0.0,0,4,0
2026092810,mert_v1,unweighted,1.0,beta,94,247,0.15510207669547732,0.4825978041372879,0.003782798087984207,0.0005914114013732541,0,4,1
2026092810,mert_v1,unweighted,1.0,isotonic,94,247,0.15797889174614135,0.9465503967640202,0.0066596131386482404,0.0034682264520372874,0,4,0
2026092810,mert_v1,unweighted,1.0,ridge_platt,94,247,0.15398817704636308,0.47919209482770064,0.002668898438869971,-0.000522488247740982,0,4,0
2026092811,maest,ambient_balanced,0.25,raw,24,60,0.1387816513182546,0.4284445113519589,0.0,-0.002211862417587085,0,4,0
2026092811,maest,ambient_balanced,0.25,prior_offset,24,60,0.13373369504244959,0.4203786523445702,-0.00504795627580501,-0.007259818693392095,0,4,0
2026092811,maest,ambient_balanced,0.25,temperature,24,60,0.14013258003385928,0.4330021995115074,0.0013509287156046879,-0.000860933701982397,0,4,0
2026092811,maest,ambient_balanced,0.25,platt,24,60,0.14099351373584168,0.4404931765704992,0.002211862417587085,0.0,0,4,0
2026092811,maest,ambient_balanced,0.25,beta,24,60,0.14206739476814423,0.4615054435093911,0.003285743449889633,0.0010738810323025483,0,4,2
2026092811,maest,ambient_balanced,0.25,isotonic,24,60,0.15207531464635682,1.5438307090861603,0.013293663328102223,0.011081800910515138,0,4,0
2026092811,maest,ambient_balanced,0.25,ridge_platt,24,60,0.1336956064075267,0.42115111849032044,-0.005086044910727894,-0.007297907328314979,0,4,0
2026092811,maest,ambient_balanced,0.5,raw,47,120,0.1387816513182546,0.4284445113519589,0.0,0.0032780219625712648,0,4,0
2026092811,maest,ambient_balanced,0.5,prior_offset,47,120,0.13373369504244959,0.4203786523445702,-0.00504795627580501,-0.0017699343132337453,0,4,0
2026092811,maest,ambient_balanced,0.5,temperature,47,120,0.13971613571565683,0.4325202222262967,0.0009344843974022354,0.0042125063599735,0,4,0
2026092811,maest,ambient_balanced,0.5,platt,47,120,0.13550362935568333,0.42805187757403945,-0.0032780219625712648,0.0,0,4,0
2026092811,maest,ambient_balanced,0.5,beta,47,120,0.13567017947515267,0.4273244631146067,-0.003111471843101926,0.00016655011946933862,0,4,2
2026092811,maest,ambient_balanced,0.5,isotonic,47,120,0.14334435630418454,0.652117789665224,0.0045627049859299496,0.007840726948501214,0,4,0
2026092811,maest,ambient_balanced,0.5,ridge_platt,47,120,0.13473626603892536,0.42340956241744304,-0.004045385279329239,-0.0007673633167579741,0,4,0
2026092811,maest,ambient_balanced,1.0,raw,94,247,0.1387816513182546,0.4284445113519589,0.0,0.005774100997824688,0,4,0
2026092811,maest,ambient_balanced,1.0,prior_offset,94,247,0.13373369504244959,0.4203786523445702,-0.00504795627580501,0.0007261447220196782,0,4,0
2026092811,maest,ambient_balanced,1.0,temperature,94,247,0.139282085959868,0.4312679273549267,0.0005004346416133953,0.006274535639438084,0,4,0
2026092811,maest,ambient_balanced,1.0,platt,94,247,0.1330075503204299,0.41829365689563774,-0.005774100997824688,0.0,0,4,0
2026092811,maest,ambient_balanced,1.0,beta,94,247,0.13338729782678865,0.41797250066798275,-0.005394353491465942,0.0003797475063587463,0,4,0
2026092811,maest,ambient_balanced,1.0,isotonic,94,247,0.13958525661219953,0.5353450227452671,0.0008036052939449367,0.006577706291769625,0,4,0
2026092811,maest,ambient_balanced,1.0,ridge_platt,94,247,0.13260609778211782,0.4155906720470461,-0.006175553536136774,-0.00040145253831208594,0,4,0
2026092811,maest,unweighted,0.25,raw,24,60,0.13279826042198192,0.41574751252498265,0.0,-0.00824057447849405,0,4,0
2026092811,maest,unweighted,0.25,prior_offset,24,60,0.13279826042198192,0.41574751252498265,0.0,-0.00824057447849405,0,4,0
2026092811,maest,unweighted,0.25,temperature,24,60,0.13339151129389437,0.4159879142773104,0.0005932508719124485,-0.007647323606581602,0,4,0
2026092811,maest,unweighted,0.25,platt,24,60,0.14103883490047597,0.4405171921733781,0.00824057447849405,0.0,0,4,0
2026092811,maest,unweighted,0.25,beta,24,60,0.14207281868999141,0.4618850818761379,0.009274558268009492,0.0010339837895154413,0,4,2
2026092811,maest,unweighted,0.25,isotonic,24,60,0.15262192627954665,1.5469110552666514,0.019823665857564732,0.011583091379070681,0,4,0
2026092811,maest,unweighted,0.25,ridge_platt,24,60,0.13321811523653188,0.4195133021207623,0.00041985481454995255,-0.007820719663944098,0,4,0
2026092811,maest,unweighted,0.5,raw,47,120,0.13279826042198192,0.41574751252498265,0.0,-0.0026186103585728315,0,4,0
2026092811,maest,unweighted,0.5,prior_offset,47,120,0.13279826042198192,0.41574751252498265,0.0,-0.0026186103585728315,0,4,0
2026092811,maest,unweighted,0.5,temperature,47,120,0.13271215667642453,0.41459341292243795,-8.610374555739764e-05,-0.002704714104130229,0,4,0
2026092811,maest,unweighted,0.5,platt,47,120,0.13541687078055475,0.42773610961217,0.0026186103585728315,0.0,0,4,0
2026092811,maest,unweighted,0.5,beta,47,120,0.1354564993040186,0.42705576696924485,0.002658238882036673,3.96285234638416e-05,0,4,2
2026092811,maest,unweighted,0.5,isotonic,47,120,0.14162102034933283,0.6466421563044891,0.008822759927350904,0.006204149568778072,0,4,0
2026092811,maest,unweighted,0.5,ridge_platt,47,120,0.1346495074637968,0.42309379445557366,0.0018512470418148852,-0.0007673633167579463,0,4,0
2026092811,maest,unweighted,1.0,raw,94,247,0.13279826042198192,0.41574751252498265,0.0,-3.647880738913423e-05,0,4,0
2026092811,maest,unweighted,1.0,prior_offset,94,247,0.13279826042198192,0.41574751252498265,0.0,-3.647880738913423e-05,0,4,0
2026092811,maest,unweighted,1.0,temperature,94,247,0.13290140053586116,0.41617490399033447,0.00010314011387924094,6.666130649010671e-05,0,4,0
2026092811,maest,unweighted,1.0,platt,94,247,0.13283473922937106,0.41771499646278604,3.647880738913423e-05,0.0,0,4,0
2026092811,maest,unweighted,1.0,beta,94,247,0.13319468280529087,0.4174606313875642,0.0003964223833089475,0.0003599435759198133,0,4,1
2026092811,maest,unweighted,1.0,isotonic,94,247,0.13734910353020235,0.5286321645076958,0.0045508431082204315,0.004514364300831297,0,4,0
2026092811,maest,unweighted,1.0,ridge_platt,94,247,0.13279826042198192,0.41574751252498265,0.0,-3.647880738913423e-05,0,4,0
2026092811,mert_v0,ambient_balanced,0.25,raw,24,60,0.15894291833625246,0.4847342259975982,0.0,0.0026900791099457866,0,4,0
2026092811,mert_v0,ambient_balanced,0.25,prior_offset,24,60,0.14956661441926777,0.46374362487211385,-0.009376303916984685,-0.0066862248070388985,0,4,0
2026092811,mert_v0,ambient_balanced,0.25,temperature,24,60,0.15978186946287354,0.4873424464001588,0.0008389511266210792,0.0035290302365668658,0,4,0
2026092811,mert_v0,ambient_balanced,0.25,platt,24,60,0.15625283922630667,0.48845799594856093,-0.0026900791099457866,0.0,0,4,1
2026092811,mert_v0,ambient_balanced,0.25,beta,24,60,0.15527827878938824,0.5071322591543141,-0.003664639546864218,-0.0009745604369184313,0,4,4
2026092811,mert_v0,ambient_balanced,0.25,isotonic,24,60,0.16265389144807316,1.4111556122117175,0.003710973111820698,0.0064010522217664845,0,4,0
2026092811,mert_v0,ambient_balanced,0.25,ridge_platt,24,60,0.15529459367916565,0.48328853277851036,-0.00364832465708681,-0.0009582455471410234,0,4,0
2026092811,mert_v0,ambient_balanced,0.5,raw,47,120,0.15894291833625246,0.4847342259975982,0.0,0.01052802551944923,0,4,0
2026092811,mert_v0,ambient_balanced,0.5,prior_offset,47,120,0.14956661441926777,0.46374362487211385,-0.009376303916984685,0.001151721602464545,0,4,0
2026092811,mert_v0,ambient_balanced,0.5,temperature,47,120,0.15880964318332658,0.4840954340500751,-0.00013327515292588243,0.010394750366523348,0,4,0
2026092811,mert_v0,ambient_balanced,0.5,platt,47,120,0.14841489281680323,0.46182058434102263,-0.01052802551944923,0.0,0,4,0
2026092811,mert_v0,ambient_balanced,0.5,beta,47,120,0.14799791276693866,0.45973477129394036,-0.010945005569313798,-0.00041698004986456816,0,4,3
2026092811,mert_v0,ambient_balanced,0.5,isotonic,47,120,0.15273593090320922,0.6730156017335761,-0.006206987433043237,0.004321038086405993,0,4,0
2026092811,mert_v0,ambient_balanced,0.5,ridge_platt,47,120,0.1480796437626515,0.460629966636297,-0.01086327457360095,-0.00033524905415172057,0,4,0
2026092811,mert_v0,ambient_balanced,1.0,raw,94,247,0.15894291833625246,0.4847342259975982,0.0,0.012611407928366791,0,4,0
2026092811,mert_v0,ambient_balanced,1.0,prior_offset,94,247,0.14956661441926777,0.46374362487211385,-0.009376303916984685,0.003235104011382106,0,4,0
2026092811,mert_v0,ambient_balanced,1.0,temperature,94,247,0.15826808757428046,0.4825186268135966,-0.0006748307619720006,0.01193657716639479,0,4,0
2026092811,mert_v0,ambient_balanced,1.0,platt,94,247,0.14633151040788567,0.4554100515145303,-0.012611407928366791,0.0,0,4,0
2026092811,mert_v0,ambient_balanced,1.0,beta,94,247,0.14550285488999887,0.453313184545757,-0.013440063446253592,-0.0008286555178868005,0,4,2
2026092811,mert_v0,ambient_balanced,1.0,isotonic,94,247,0.1502135807549373,0.6304766340106586,-0.008729337581315166,0.003882070347051625,0,4,0
2026092811,mert_v0,ambient_balanced,1.0,ridge_platt,94,247,0.1470857414197308,0.45729229972848523,-0.011857176916521661,0.0007542310118451301,0,4,0
2026092811,mert_v0,unweighted,0.25,raw,24,60,0.14901259510664683,0.4615100093290929,0.0,-0.00730681024536739,0,4,0
2026092811,mert_v0,unweighted,0.25,prior_offset,24,60,0.14901259510664683,0.4615100093290929,0.0,-0.00730681024536739,0,4,0
2026092811,mert_v0,unweighted,0.25,temperature,24,60,0.1489290444091324,0.46095489891190583,-8.35506975144229e-05,-0.007390360942881813,0,4,0
2026092811,mert_v0,unweighted,0.25,platt,24,60,0.15631940535201422,0.4885766275489802,0.00730681024536739,0.0,0,4,1
2026092811,mert_v0,unweighted,0.25,beta,24,60,0.15536146424509042,0.5075321139183653,0.006348869138443597,-0.0009579411069237931,0,4,4
2026092811,mert_v0,unweighted,0.25,isotonic,24,60,0.16423212033601922,1.4191673708789356,0.015219525229372394,0.007912714984005004,0,4,0
2026092811,mert_v0,unweighted,0.25,ridge_platt,24,60,0.15431932410585225,0.48065364675691713,0.005306728999205423,-0.0020000812461619666,0,4,0
2026092811,mert_v0,unweighted,0.5,raw,47,120,0.14901259510664683,0.4615100093290929,0.0,0.0006519218251651027,0,4,0
2026092811,mert_v0,unweighted,0.5,prior_offset,47,120,0.14901259510664683,0.4615100093290929,0.0,0.0006519218251651027,0,4,0
2026092811,mert_v0,unweighted,0.5,temperature,47,120,0.1484382559434729,0.45931110745756903,-0.0005743391631739259,7.75826619911768e-05,0,4,0
2026092811,mert_v0,unweighted,0.5,platt,47,120,0.14836067328148173,0.461625350991224,-0.0006519218251651027,0.0,0,4,0
2026092811,mert_v0,unweighted,0.5,beta,47,120,0.14794829156781616,0.46002039803358696,-0.0010643035388306632,-0.00041238171366556053,0,4,3
2026092811,mert_v0,unweighted,0.5,isotonic,47,120,0.15360093490439927,0.6785575106071914,0.004588339797752444,0.005240261622917547,0,4,0
2026092811,mert_v0,unweighted,0.5,ridge_platt,47,120,0.14805854124987772,0.4606007889045452,-0.0009540538567691104,-0.0003021320316040077,0,4,0
2026092811,mert_v0,unweighted,1.0,raw,94,247,0.14901259510664683,0.4615100093290929,0.0,0.002781330318634062,0,4,0
2026092811,mert_v0,unweighted,1.0,prior_offset,94,247,0.14901259510664683,0.4615100093290929,0.0,0.002781330318634062,0,4,0
2026092811,mert_v0,unweighted,1.0,temperature,94,247,0.14829778394517001,0.4589257511799606,-0.0007148111614768138,0.0020665191571572483,0,4,0
2026092811,mert_v0,unweighted,1.0,platt,94,247,0.14623126478801277,0.4551381134961617,-0.002781330318634062,0.0,0,4,0
2026092811,mert_v0,unweighted,1.0,beta,94,247,0.14542061918237653,0.45314043008043137,-0.0035919759242702964,-0.0008106456056362343,0,4,2
2026092811,mert_v0,unweighted,1.0,isotonic,94,247,0.15116979418478968,0.6333902436570559,0.002157199078142852,0.004938529396776914,0,4,0
2026092811,mert_v0,unweighted,1.0,ridge_platt,94,247,0.147206510857813,0.45741376850014026,-0.001806084248833828,0.0009752460698002341,0,4,0
2026092811,mert_v1,ambient_balanced,0.25,raw,24,60,0.15659990268076412,0.4788354154079728,0.0,0.0015970924472967496,0,4,0
2026092811,mert_v1,ambient_balanced,0.25,prior_offset,24,60,0.147071276519735,0.45667720677349133,-0.009528626161029119,-0.00793153371373237,0,4,0
2026092811,mert_v1,ambient_balanced,0.25,temperature,24,60,0.15773084990932887,0.48089962436221767,0.0011309472285647437,0.0027280396758614933,0,4,0
2026092811,mert_v1,ambient_balanced,0.25,platt,24,60,0.15500281023346738,0.48232791402494424,-0.0015970924472967496,0.0,0,4,0
2026092811,mert_v1,ambient_balanced,0.25,beta,24,60,0.15173015601643305,0.48254782198763035,-0.0048697466643310705,-0.003272654217034321,0,4,3
2026092811,mert_v1,ambient_balanced,0.25,isotonic,24,60,0.16012711116293624,1.0386039041584594,0.0035272084821721117,0.005124300929468861,0,4,0
2026092811,mert_v1,ambient_balanced,0.25,ridge_platt,24,60,0.14946226619935998,0.4652211799244366,-0.0071376364814041415,-0.005540544034107392,0,4,0
2026092811,mert_v1,ambient_balanced,0.5,raw,47,120,0.15659990268076412,0.4788354154079728,0.0,0.010945272139508189,0,4,0
2026092811,mert_v1,ambient_balanced,0.5,prior_offset,47,120,0.147071276519735,0.45667720677349133,-0.009528626161029119,0.0014166459784790697,0,4,0
2026092811,mert_v1,ambient_balanced,0.5,temperature,47,120,0.15650345307546523,0.4768864338102302,-9.644960529889279e-05,0.010848822534209296,0,4,0
2026092811,mert_v1,ambient_balanced,0.5,platt,47,120,0.14565463054125594,0.45295007885191596,-0.010945272139508189,0.0,0,4,0
2026092811,mert_v1,ambient_balanced,0.5,beta,47,120,0.1450407718990841,0.44869559609375403,-0.011559130781680027,-0.0006138586421718384,0,4,3
2026092811,mert_v1,ambient_balanced,0.5,isotonic,47,120,0.15290971481797513,0.8082104579421413,-0.0036901878627889906,0.007255084276719198,0,4,0
2026092811,mert_v1,ambient_balanced,0.5,ridge_platt,47,120,0.145254422861519,0.4515616878668294,-0.011345479819245136,-0.00040020767973694693,0,4,0
2026092811,mert_v1,ambient_balanced,1.0,raw,94,247,0.15659990268076412,0.4788354154079728,0.0,0.013230490539437367,0,4,0
2026092811,mert_v1,ambient_balanced,1.0,prior_offset,94,247,0.147071276519735,0.45667720677349133,-0.009528626161029119,0.0037018643784082483,0,4,0
2026092811,mert_v1,ambient_balanced,1.0,temperature,94,247,0.1558476054155349,0.47508307349360757,-0.0007522972652292126,0.012478193274208155,0,4,0
2026092811,mert_v1,ambient_balanced,1.0,platt,94,247,0.14336941214132676,0.4466655513241773,-0.013230490539437367,0.0,0,4,0
2026092811,mert_v1,ambient_balanced,1.0,beta,94,247,0.1427438197660704,0.44300531838048535,-0.01385608291469373,-0.0006255923752563619,0,4,2
2026092811,mert_v1,ambient_balanced,1.0,isotonic,94,247,0.14717600298512018,0.6251097190300468,-0.009423899695643945,0.0038065908437934226,0,4,0
2026092811,mert_v1,ambient_balanced,1.0,ridge_platt,94,247,0.1428568036022983,0.44431955394466105,-0.013743099078465826,-0.0005126085390284585,0,4,0
2026092811,mert_v1,unweighted,0.25,raw,24,60,0.14644131152620574,0.45443059228546234,0.0,-0.008615164114312096,0,4,0
2026092811,mert_v1,unweighted,0.25,prior_offset,24,60,0.14644131152620574,0.45443059228546234,0.0,-0.008615164114312096,0,4,0
2026092811,mert_v1,unweighted,0.25,temperature,24,60,0.14667627472385747,0.4536490208707258,0.000234963197651733,-0.008380200916660363,0,4,0
2026092811,mert_v1,unweighted,0.25,platt,24,60,0.15505647564051783,0.4824829682497609,0.008615164114312096,0.0,0,4,0
2026092811,mert_v1,unweighted,0.25,beta,24,60,0.15189608882030878,0.48331751545431534,0.0054547772941030415,-0.0031603868202090546,0,4,3
2026092811,mert_v1,unweighted,0.25,isotonic,24,60,0.16092238227695901,1.04379220117554,0.014481070750753278,0.005865906636441182,0,4,0
2026092811,mert_v1,unweighted,0.25,ridge_platt,24,60,0.14879458359493442,0.46301334758115703,0.002353272068728679,-0.006261892045583417,0,4,0
2026092811,mert_v1,unweighted,0.5,raw,47,120,0.14644131152620574,0.45443059228546234,0.0,0.0008508887423129552,0,4,0
2026092811,mert_v1,unweighted,0.5,prior_offset,47,120,0.14644131152620574,0.45443059228546234,0.0,0.0008508887423129552,0,4,0
2026092811,mert_v1,unweighted,0.5,temperature,47,120,0.14598128991839368,0.4512071400725929,-0.0004600216078120556,0.0003908671345008996,0,4,0
2026092811,mert_v1,unweighted,0.5,platt,47,120,0.14559042278389278,0.4527460120176908,-0.0008508887423129552,0.0,0,4,0
2026092811,mert_v1,unweighted,0.5,beta,47,120,0.14504040521304398,0.44900294563631926,-0.0014009063131617538,-0.0005500175708487987,0,4,3
2026092811,mert_v1,unweighted,0.5,isotonic,47,120,0.15337750703021755,0.8107628797833,0.006936195504011811,0.007787084246324766,0,4,0
2026092811,mert_v1,unweighted,0.5,ridge_platt,47,120,0.14519021510415583,0.45135762103260424,-0.0012510964220499021,-0.00040020767973694693,0,4,0
2026092811,mert_v1,unweighted,1.0,raw,94,247,0.14644131152620574,0.45443059228546234,0.0,0.00326530933159605,0,4,0
2026092811,mert_v1,unweighted,1.0,prior_offset,94,247,0.14644131152620574,0.45443059228546234,0.0,0.00326530933159605,0,4,0
2026092811,mert_v1,unweighted,1.0,temperature,94,247,0.14560687277615786,0.45038531082460187,-0.0008344387500478778,0.0024308705815481724,0,4,0
2026092811,mert_v1,unweighted,1.0,platt,94,247,0.1431760021946097,0.44614833356026096,-0.00326530933159605,0.0,0,4,0
2026092811,mert_v1,unweighted,1.0,beta,94,247,0.1425673748557078,0.4426482481329919,-0.0038739366704979294,-0.0006086273389018793,0,4,3
2026092811,mert_v1,unweighted,1.0,isotonic,94,247,0.1471424040327402,0.6253648142423487,0.0007010925065344675,0.003966401838130518,0,4,0
2026092811,mert_v1,unweighted,1.0,ridge_platt,94,247,0.14279386385287499,0.4439384240462012,-0.0036474476733307504,-0.0003821383417347002,0,4,0
2026092812,maest,ambient_balanced,0.25,raw,24,68,0.1437021464174832,0.4450674608891519,0.0,-0.0007872317627448389,0,4,0
2026092812,maest,ambient_balanced,0.25,prior_offset,24,68,0.13241893127695004,0.4215660013014773,-0.011283215140533154,-0.012070446903277993,0,4,0
2026092812,maest,ambient_balanced,0.25,temperature,24,68,0.15198751280559206,0.47224961425461576,0.008285366388108867,0.007498134625364028,0,4,0
2026092812,maest,ambient_balanced,0.25,platt,24,68,0.14448937818022803,0.45466371225404895,0.0007872317627448389,0.0,0,4,0
2026092812,maest,ambient_balanced,0.25,beta,24,68,0.14569349653586622,0.4652180278750888,0.0019913501183830284,0.0012041183556381896,0,4,2
2026092812,maest,ambient_balanced,0.25,isotonic,24,68,0.15032497718448568,1.2066734002528277,0.0066228307670024855,0.005835599004257647,0,4,0
2026092812,maest,ambient_balanced,0.25,ridge_platt,24,68,0.14322699756702667,0.4432139218692628,-0.00047514885045651933,-0.0012623806132013582,0,4,0
2026092812,maest,ambient_balanced,0.5,raw,47,114,0.1437021464174832,0.4450674608891519,0.0,0.00991772622148393,0,4,0
2026092812,maest,ambient_balanced,0.5,prior_offset,47,114,0.13241893127695004,0.4215660013014773,-0.011283215140533154,-0.0013654889190492236,0,4,0
2026092812,maest,ambient_balanced,0.5,temperature,47,114,0.14548467588365752,0.4510576808512776,0.0017825294661743263,0.011700255687658256,0,4,0
2026092812,maest,ambient_balanced,0.5,platt,47,114,0.13378442019599926,0.42317652852088233,-0.00991772622148393,0.0,0,4,0
2026092812,maest,ambient_balanced,0.5,beta,47,114,0.13798914941325544,0.4417833969323069,-0.0057129970042277545,0.004204729217256176,0,4,2
2026092812,maest,ambient_balanced,0.5,isotonic,47,114,0.1418222099549514,1.0562252720462015,-0.0018799364625317894,0.00803778975895214,0,4,0
2026092812,maest,ambient_balanced,0.5,ridge_platt,47,114,0.134473607505593,0.4238149823566476,-0.009228538911890183,0.0006891873095937473,0,4,0
2026092812,maest,ambient_balanced,1.0,raw,94,246,0.1437021464174832,0.4450674608891519,0.0,0.011328785576865175,0,4,0
2026092812,maest,ambient_balanced,1.0,prior_offset,94,246,0.13241893127695004,0.4215660013014773,-0.011283215140533154,4.557043633202085e-05,0,4,0
2026092812,maest,ambient_balanced,1.0,temperature,94,246,0.14436653909654676,0.446017814045001,0.000664392679063569,0.011993178255928744,0,4,0
2026092812,maest,ambient_balanced,1.0,platt,94,246,0.13237336084061802,0.42025945332680337,-0.011328785576865175,0.0,0,4,0
2026092812,maest,ambient_balanced,1.0,beta,94,246,0.13564441178125758,0.43712120807676014,-0.00805773463622561,0.003271050940639564,0,4,0
2026092812,maest,ambient_balanced,1.0,isotonic,94,246,0.1406071355596169,0.988497392097373,-0.003095010857866287,0.008233774718998887,0,4,0
2026092812,maest,ambient_balanced,1.0,ridge_platt,94,246,0.1328015075197124,0.4215501059453637,-0.010900638897770792,0.0004281466790943822,0,4,0
2026092812,maest,unweighted,0.25,raw,24,68,0.13238431257675407,0.4197813590021194,0.0,-0.011977355505810028,0,4,0
2026092812,maest,unweighted,0.25,prior_offset,24,68,0.13238431257675407,0.4197813590021194,0.0,-0.011977355505810028,0,4,0
2026092812,maest,unweighted,0.25,temperature,24,68,0.14035772590459042,0.44590224959355096,0.007973413327836354,-0.004003942177973674,0,4,0
2026092812,maest,unweighted,0.25,platt,24,68,0.1443616680825641,0.45458308259413993,0.011977355505810028,0.0,0,4,0
2026092812,maest,unweighted,0.25,beta,24,68,0.14523003114788516,0.4656712212840355,0.012845718571131093,0.000868363065321065,0,4,1
2026092812,maest,unweighted,0.25,isotonic,24,68,0.15122580123870338,1.3065342952987797,0.018841488661949318,0.00686413315613929,0,4,0
2026092812,maest,unweighted,0.25,ridge_platt,24,68,0.13358721232172727,0.4212405431241839,0.0012028997449732015,-0.010774455760836826,0,4,0
2026092812,maest,unweighted,0.5,raw,47,114,0.13238431257675407,0.4197813590021194,0.0,-0.0013844154383558516,0,4,0
2026092812,maest,unweighted,0.5,prior_offset,47,114,0.13238431257675407,0.4197813590021194,0.0,-0.0013844154383558516,0,4,0
2026092812,maest,unweighted,0.5,temperature,47,114,0.13371351517840868,0.42443594454422573,0.0013292026016546166,-5.5212836701235e-05,0,4,0
2026092812,maest,unweighted,0.5,platt,47,114,0.13376872801510992,0.42328236703500544,0.0013844154383558516,0.0,0,4,0
2026092812,maest,unweighted,0.5,beta,47,114,0.1380903527847937,0.44294472428132065,0.005706040208039637,0.004321624769683785,0,4,1
2026092812,maest,unweighted,0.5,isotonic,47,114,0.1430457420181209,1.156614172309052,0.010661429441366832,0.00927701400301098,0,4,0
2026092812,maest,unweighted,0.5,ridge_platt,47,114,0.13238431257675407,0.4197813590021194,0.0,-0.0013844154383558516,0,4,0
2026092812,maest,unweighted,1.0,raw,94,246,0.13238431257675407,0.4197813590021194,0.0,1.936955691289599e-05,0,4,0
2026092812,maest,unweighted,1.0,prior_offset,94,246,0.13238431257675407,0.4197813590021194,0.0,1.936955691289599e-05,0,4,0
2026092812,maest,unweighted,1.0,temperature,94,246,0.13272450900891047,0.4206426983061821,0.0003401964321564088,0.0003595659890693048,0,4,0
2026092812,maest,unweighted,1.0,platt,94,246,0.13236494301984117,0.4203272379207893,-1.936955691289599e-05,0.0,0,4,0
2026092812,maest,unweighted,1.0,beta,94,246,0.13562986556767656,0.43711384900325506,0.0032455529909224956,0.0032649225478353916,0,4,0
2026092812,maest,unweighted,1.0,isotonic,94,246,0.14093765198842134,0.9571050023169885,0.008553339411667277,0.008572708968580173,0,4,0
2026092812,maest,unweighted,1.0,ridge_platt,94,246,0.13244850752259413,0.4203435151217213,6.419494584006258e-05,8.356450275295857e-05,0,4,0
2026092812,mert_v0,ambient_balanced,0.25,raw,24,68,0.15210292198823103,0.469879900902534,0.0,-0.0004576564036265218,0,4,0
2026092812,mert_v0,ambient_balanced,0.25,prior_offset,24,68,0.13700452802137003,0.4350864221922159,-0.015098393966860996,-0.015556050370487517,0,4,0
2026092812,mert_v0,ambient_balanced,0.25,temperature,24,68,0.1615325214794211,0.498641267230703,0.009429599491190072,0.00897194308756355,0,4,0
2026092812,mert_v0,ambient_balanced,0.25,platt,24,68,0.15256057839185755,0.47703396813766163,0.0004576564036265218,0.0,0,4,0
2026092812,mert_v0,ambient_balanced,0.25,beta,24,68,0.14909441638696064,0.46909731956215983,-0.0030085056012703892,-0.003466162004896911,0,4,3
2026092812,mert_v0,ambient_balanced,0.25,isotonic,24,68,0.15312000009196786,0.6342492862047406,0.0010170781037368293,0.0005594217001103075,0,4,0
2026092812,mert_v0,ambient_balanced,0.25,ridge_platt,24,68,0.1482053173028267,0.4609883473205833,-0.0038976046854043156,-0.004355261089030837,0,4,0
2026092812,mert_v0,ambient_balanced,0.5,raw,47,114,0.15210292198823103,0.469879900902534,0.0,0.014149223796653815,0,4,0
2026092812,mert_v0,ambient_balanced,0.5,prior_offset,47,114,0.13700452802137003,0.4350864221922159,-0.015098393966860996,-0.0009491701702071809,0,4,0
2026092812,mert_v0,ambient_balanced,0.5,temperature,47,114,0.15379308817220377,0.47443372884252416,0.0016901661839727466,0.01583938998062656,0,4,0
2026092812,mert_v0,ambient_balanced,0.5,platt,47,114,0.1379536981915772,0.4383094208655676,-0.014149223796653815,0.0,0,4,0
2026092812,mert_v0,ambient_balanced,0.5,beta,47,114,0.13817098228150615,0.4392549099405126,-0.013931939706724877,0.00021728408992893744,0,4,3
2026092812,mert_v0,ambient_balanced,0.5,isotonic,47,114,0.14016388564931148,0.5988146860726097,-0.011939036338919545,0.0022101874577342695,0,4,0
2026092812,mert_v0,ambient_balanced,0.5,ridge_platt,47,114,0.13912413041811306,0.43924496902161564,-0.01297879157011797,0.0011704322265358447,0,4,0
2026092812,mert_v0,ambient_balanced,1.0,raw,94,246,0.15210292198823103,0.469879900902534,0.0,0.017028897592582193,0,4,0
2026092812,mert_v0,ambient_balanced,1.0,prior_offset,94,246,0.13700452802137003,0.4350864221922159,-0.015098393966860996,0.0019305036257211972,0,4,0
2026092812,mert_v0,ambient_balanced,1.0,temperature,94,246,0.1518540259213684,0.46829513864641914,-0.000248896066862625,0.016780001525719568,0,4,0
2026092812,mert_v0,ambient_balanced,1.0,platt,94,246,0.13507402439564883,0.431567013695413,-0.017028897592582193,0.0,0,4,0
2026092812,mert_v0,ambient_balanced,1.0,beta,94,246,0.13521498265648424,0.43198883182525394,-0.016887939331746787,0.0001409582608354054,0,4,1
2026092812,mert_v0,ambient_balanced,1.0,isotonic,94,246,0.13908951685810783,0.6301828778642603,-0.013013405130123196,0.004015492462458997,0,4,0
2026092812,mert_v0,ambient_balanced,1.0,ridge_platt,94,246,0.13539821412565295,0.43290185098306516,-0.016704707862578078,0.0003241897300041152,0,4,0
2026092812,mert_v0,unweighted,0.25,raw,24,68,0.13698629832185902,0.434784327617118,0.0,-0.015766038820021866,0,4,0
2026092812,mert_v0,unweighted,0.25,prior_offset,24,68,0.13698629832185902,0.434784327617118,0.0,-0.015766038820021866,0,4,0
2026092812,mert_v0,unweighted,0.25,temperature,24,68,0.14624795298786447,0.4645382674200528,0.009261654666005453,-0.006504384154016413,0,4,0
2026092812,mert_v0,unweighted,0.25,platt,24,68,0.15275233714188088,0.4774567546748304,0.015766038820021866,0.0,0,4,0
2026092812,mert_v0,unweighted,0.25,beta,24,68,0.14923879643417112,0.46952081413489977,0.012252498112312105,-0.0035135407077097613,0,4,4
2026092812,mert_v0,unweighted,0.25,isotonic,24,68,0.1535343082894655,0.6987569938324226,0.01654800996760647,0.0007819711475846036,0,4,0
2026092812,mert_v0,unweighted,0.25,ridge_platt,24,68,0.14264869624062007,0.4481170429750176,0.005662397918761053,-0.010103640901260813,0,4,0
2026092812,mert_v0,unweighted,0.5,raw,47,114,0.13698629832185902,0.434784327617118,0.0,-0.0013120833307029012,0,4,0
2026092812,mert_v0,unweighted,0.5,prior_offset,47,114,0.13698629832185902,0.434784327617118,0.0,-0.0013120833307029012,0,4,0
2026092812,mert_v0,unweighted,0.5,temperature,47,114,0.13766038258277066,0.43723162132196397,0.0006740842609116449,-0.0006379990697912563,0,4,0
2026092812,mert_v0,unweighted,0.5,platt,47,114,0.13829838165256192,0.43884055598137667,0.0013120833307029012,0.0,0,4,0
2026092812,mert_v0,unweighted,0.5,beta,47,114,0.13848116132068783,0.43966783741892485,0.001494862998828811,0.00018277966812590973,0,4,3
2026092812,mert_v0,unweighted,0.5,isotonic,47,114,0.1404974024332625,0.6628619574508978,0.0035111041114034847,0.0021990207807005835,0,4,0
2026092812,mert_v0,unweighted,0.5,ridge_platt,47,114,0.13698629832185902,0.434784327617118,0.0,-0.0013120833307029012,0,4,0
2026092812,mert_v0,unweighted,1.0,raw,94,246,0.13698629832185902,0.434784327617118,0.0,0.001730180228417505,0,4,0
2026092812,mert_v0,unweighted,1.0,prior_offset,94,246,0.13698629832185902,0.434784327617118,0.0,0.001730180228417505,0,4,0
2026092812,mert_v0,unweighted,1.0,temperature,94,246,0.13667385564246493,0.43415842298510443,-0.00031244267939409265,0.0014177375490234123,0,4,0
2026092812,mert_v0,unweighted,1.0,platt,94,246,0.1352561180934415,0.43180705894475474,-0.001730180228417505,0.0,0,4,0
2026092812,mert_v0,unweighted,1.0,beta,94,246,0.13537294320727045,0.43226553355148184,-0.0016133551145885716,0.00011682511382893335,0,4,2
2026092812,mert_v0,unweighted,1.0,isotonic,94,246,0.13935966664398539,0.629868426670818,0.002373368322126368,0.004103548550543873,0,4,0
2026092812,mert_v0,unweighted,1.0,ridge_platt,94,246,0.13528666654834415,0.4323477125876985,-0.0016996317735148703,3.054845490263469e-05,0,4,0
2026092812,mert_v1,ambient_balanced,0.25,raw,24,68,0.15609270599515065,0.4783579747116902,0.0,-0.0009949692124498755,0,4,0
2026092812,mert_v1,ambient_balanced,0.25,prior_offset,24,68,0.1395726554230801,0.44262768222390036,-0.016520050572070566,-0.01751501978452044,0,4,0
2026092812,mert_v1,ambient_balanced,0.25,temperature,24,68,0.16658901389311218,0.5105541086089649,0.010496307897961521,0.009501338685511646,0,4,0
2026092812,mert_v1,ambient_balanced,0.25,platt,24,68,0.15708767520760053,0.48904172587863065,0.0009949692124498755,0.0,0,4,0
2026092812,mert_v1,ambient_balanced,0.25,beta,24,68,0.1536914148282935,0.4829812097732669,-0.002401291166857167,-0.0033962603793070423,0,4,3
2026092812,mert_v1,ambient_balanced,0.25,isotonic,24,68,0.1603081086383799,0.8780476932313569,0.004215402643229255,0.003220433430779379,0,4,0
2026092812,mert_v1,ambient_balanced,0.25,ridge_platt,24,68,0.15217732635106326,0.4701637252286156,-0.003915379644087391,-0.004910348856537267,0,4,0
2026092812,mert_v1,ambient_balanced,0.5,raw,47,114,0.15609270599515065,0.4783579747116902,0.0,0.01478793730145378,0,4,0
2026092812,mert_v1,ambient_balanced,0.5,prior_offset,47,114,0.1395726554230801,0.44262768222390036,-0.016520050572070566,-0.0017321132706167863,0,4,0
2026092812,mert_v1,ambient_balanced,0.5,temperature,47,114,0.158416999566473,0.4859659752853105,0.0023242935713223556,0.017112230872776135,0,4,0
2026092812,mert_v1,ambient_balanced,0.5,platt,47,114,0.14130476869369687,0.44787599280853535,-0.01478793730145378,0.0,0,4,0
2026092812,mert_v1,ambient_balanced,0.5,beta,47,114,0.1407888120883357,0.4483597466742145,-0.015303893906814942,-0.000515956605361162,0,4,2
2026092812,mert_v1,ambient_balanced,0.5,isotonic,47,114,0.1424367653616854,0.5133629802769453,-0.013655940633465258,0.0011319966679885218,0,4,0
2026092812,mert_v1,ambient_balanced,0.5,ridge_platt,47,114,0.14170433968452933,0.446428785039864,-0.01438836631062132,0.0003995709908324596,0,4,0
2026092812,mert_v1,ambient_balanced,1.0,raw,94,246,0.15609270599515065,0.4783579747116902,0.0,0.018045334249995715,0,4,0
2026092812,mert_v1,ambient_balanced,1.0,prior_offset,94,246,0.1395726554230801,0.44262768222390036,-0.016520050572070566,0.0015252836779251489,0,4,0
2026092812,mert_v1,ambient_balanced,1.0,temperature,94,246,0.15598616462024903,0.4779041192706192,-0.0001065413749016253,0.01793879287509409,0,4,0
2026092812,mert_v1,ambient_balanced,1.0,platt,94,246,0.13804737174515494,0.4400719295752514,-0.018045334249995715,0.0,0,4,0
2026092812,mert_v1,ambient_balanced,1.0,beta,94,246,0.13773240419209812,0.4402426655946172,-0.018360301803052537,-0.0003149675530568219,0,4,0
2026092812,mert_v1,ambient_balanced,1.0,isotonic,94,246,0.14070798141296564,0.5419157271234466,-0.015384724582185011,0.002660609667810704,0,4,0
2026092812,mert_v1,ambient_balanced,1.0,ridge_platt,94,246,0.1379266996436977,0.43987519890430277,-0.018166006351452962,-0.0001206721014572476,0,4,0
2026092812,mert_v1,unweighted,0.25,raw,24,68,0.13929383309610371,0.44130967383564135,0.0,-0.018072230229338737,0,4,0
2026092812,mert_v1,unweighted,0.25,prior_offset,24,68,0.13929383309610371,0.44130967383564135,0.0,-0.018072230229338737,0,4,0
2026092812,mert_v1,unweighted,0.25,temperature,24,68,0.1496696262235725,0.47342831834259946,0.01037579312746878,-0.007696437101869957,0,4,0
2026092812,mert_v1,unweighted,0.25,platt,24,68,0.15736606332544245,0.4896810578219068,0.018072230229338737,0.0,0,4,0
2026092812,mert_v1,unweighted,0.25,beta,24,68,0.15444573548093216,0.4858534042961278,0.015151902384828442,-0.0029203278445102954,0,4,3
2026092812,mert_v1,unweighted,0.25,isotonic,24,68,0.15914777253519025,0.7177006487252927,0.019853939439086532,0.001781709209747795,0,4,0
2026092812,mert_v1,unweighted,0.25,ridge_platt,24,68,0.145919746635068,0.45638052598570694,0.006625913538964273,-0.011446316690374464,0,4,0
2026092812,mert_v1,unweighted,0.5,raw,47,114,0.13929383309610371,0.44130967383564135,0.0,-0.0021852231319170468,0,4,0
2026092812,mert_v1,unweighted,0.5,prior_offset,47,114,0.13929383309610371,0.44130967383564135,0.0,-0.0021852231319170468,0,4,0
2026092812,mert_v1,unweighted,0.5,temperature,47,114,0.1406296640428383,0.4465854298680447,0.0013358309467345897,-0.0008493921851824571,0,4,0
2026092812,mert_v1,unweighted,0.5,platt,47,114,0.14147905622802076,0.44822717497581027,0.0021852231319170468,0.0,0,4,0
2026092812,mert_v1,unweighted,0.5,beta,47,114,0.14097643631053763,0.44857620503159357,0.0016826032144339198,-0.000502619917483127,0,4,3
2026092812,mert_v1,unweighted,0.5,isotonic,47,114,0.14262127829375038,0.514064474796456,0.0033274451976466612,0.0011422220657296145,0,4,0
2026092812,mert_v1,unweighted,0.5,ridge_platt,47,114,0.13929383309610371,0.44130967383564135,0.0,-0.0021852231319170468,0,4,0
2026092812,mert_v1,unweighted,1.0,raw,94,246,0.13929383309610371,0.44130967383564135,0.0,0.0014089754585899228,0,4,0
2026092812,mert_v1,unweighted,1.0,prior_offset,94,246,0.13929383309610371,0.44130967383564135,0.0,0.0014089754585899228,0,4,0
2026092812,mert_v1,unweighted,1.0,temperature,94,246,0.13900169395021053,0.4417548307026888,-0.00029213914589318324,0.0011168363126967396,0,4,0
2026092812,mert_v1,unweighted,1.0,platt,94,246,0.1378848576375138,0.43970702799588285,-0.0014089754585899228,0.0,0,4,0
2026092812,mert_v1,unweighted,1.0,beta,94,246,0.13765525753746383,0.4400437046546932,-0.0016385755586398876,-0.00022960010004996478,0,4,1
2026092812,mert_v1,unweighted,1.0,isotonic,94,246,0.14022048192564562,0.5414391969690715,0.0009266488295419095,0.0023356242881318323,0,4,0
2026092812,mert_v1,unweighted,1.0,ridge_platt,94,246,0.13740749675417857,0.43801737691703146,-0.0018863363419251433,-0.00047736088333522053,0,4,0
2026092813,maest,ambient_balanced,0.25,raw,24,68,0.1345848879384436,0.41547716315812133,0.0,-0.00203358723740088,0,4,0
2026092813,maest,ambient_balanced,0.25,prior_offset,24,68,0.12885757678820622,0.4022929223550341,-0.005727311150237363,-0.007760898387638243,0,4,0
2026092813,maest,ambient_balanced,0.25,temperature,24,68,0.13667716029587093,0.4269507154878074,0.002092272357427344,5.8685120026463755e-05,0,4,0
2026092813,maest,ambient_balanced,0.25,platt,24,68,0.13661847517584447,0.42476134368596863,0.00203358723740088,0.0,0,4,0
2026092813,maest,ambient_balanced,0.25,beta,24,68,0.13926873037634166,0.4360082594941645,0.0046838424378980725,0.0026502552004971924,0,4,0
2026092813,maest,ambient_balanced,0.25,isotonic,24,68,0.14372993985362173,0.6369340367464379,0.009145051915178143,0.007111464677777263,0,4,0
2026092813,maest,ambient_balanced,0.25,ridge_platt,24,68,0.1326445170247516,0.4117265254920685,-0.00194037091369198,-0.00397395815109286,0,4,0
2026092813,maest,ambient_balanced,0.5,raw,47,125,0.1345848879384436,0.41547716315812133,0.0,0.0032791641674114747,0,4,0
2026092813,maest,ambient_balanced,0.5,prior_offset,47,125,0.12885757678820622,0.4022929223550341,-0.005727311150237363,-0.0024481469828258884,0,4,0
2026092813,maest,ambient_balanced,0.5,temperature,47,125,0.1364422676385455,0.4244802172035106,0.0018573797001019132,0.005136543867513388,0,4,0
2026092813,maest,ambient_balanced,0.5,platt,47,125,0.1313057237710321,0.41178677420878723,-0.0032791641674114747,0.0,0,4,0
2026092813,maest,ambient_balanced,0.5,beta,47,125,0.13139560526481875,0.412906634022709,-0.003189282673624838,8.988149378663657e-05,0,4,1
2026092813,maest,ambient_balanced,0.5,isotonic,47,125,0.13786622001712134,0.6212556701053364,0.0032813320786777567,0.006560496246089231,0,4,0
2026092813,maest,ambient_balanced,0.5,ridge_platt,47,125,0.128048992698626,0.39907427033158904,-0.006535895239817596,-0.0032567310724061216,0,4,0
2026092813,maest,ambient_balanced,1.0,raw,94,238,0.1345848879384436,0.41547716315812133,0.0,0.004310620607830884,0,4,0
2026092813,maest,ambient_balanced,1.0,prior_offset,94,238,0.12885757678820622,0.4022929223550341,-0.005727311150237363,-0.001416690542406479,0,4,0
2026092813,maest,ambient_balanced,1.0,temperature,94,238,0.13528989111340745,0.41890974806582126,0.0007050031749638586,0.0050156237827947425,0,4,0
2026092813,maest,ambient_balanced,1.0,platt,94,238,0.1302742673306127,0.40660493605854786,-0.004310620607830884,0.0,0,4,0
2026092813,maest,ambient_balanced,1.0,beta,94,238,0.13005266825863623,0.4103351747872567,-0.004532219679807353,-0.00022159907197646933,0,4,0
2026092813,maest,ambient_balanced,1.0,isotonic,94,238,0.1329165969481504,0.5740659491304632,-0.0016682909902931975,0.0026423296175376865,0,4,0
2026092813,maest,ambient_balanced,1.0,ridge_platt,94,238,0.12824210957073923,0.39851676545530923,-0.00634277836770436,-0.0020321577598734764,0,4,0
2026092813,maest,unweighted,0.25,raw,24,68,0.12854084073893268,0.4001428460956493,0.0,-0.009088102730249542,0,4,0
2026092813,maest,unweighted,0.25,prior_offset,24,68,0.12854084073893268,0.4001428460956493,0.0,-0.009088102730249542,0,4,0
2026092813,maest,unweighted,0.25,temperature,24,68,0.12904494123537405,0.4007222341981066,0.0005041004964413676,-0.008584002233808175,0,4,0
2026092813,maest,unweighted,0.25,platt,24,68,0.13762894346918222,0.4274711412463661,0.009088102730249542,0.0,0,4,0
2026092813,maest,unweighted,0.25,beta,24,68,0.14042480004596655,0.4387313068382224,0.01188395930703387,0.002795856576784328,0,4,0
2026092813,maest,unweighted,0.25,isotonic,24,68,0.14592645259819445,0.6431627283030277,0.017385611859261768,0.008297509129012226,0,4,0
2026092813,maest,unweighted,0.25,ridge_platt,24,68,0.13225788848227674,0.41325844583912696,0.003717047743344054,-0.005371054986905488,0,4,0
2026092813,maest,unweighted,0.5,raw,47,125,0.12854084073893268,0.4001428460956493,0.0,-0.0031255809828636683,0,4,0
2026092813,maest,unweighted,0.5,prior_offset,47,125,0.12854084073893268,0.4001428460956493,0.0,-0.0031255809828636683,0,4,0
2026092813,maest,unweighted,0.5,temperature,47,125,0.13067953644668973,0.4106928877059599,0.0021386957077570434,-0.0009868852751066248,0,4,0
2026092813,maest,unweighted,0.5,platt,47,125,0.13166642172179635,0.4126556302597508,0.0031255809828636683,0.0,0,4,0
2026092813,maest,unweighted,0.5,beta,47,125,0.13198327928083056,0.4138788918155841,0.00344243854189788,0.00031685755903421153,0,4,1
2026092813,maest,unweighted,0.5,isotonic,47,125,0.13868225843506637,0.6234169928140707,0.010141417696133692,0.007015836713270024,0,4,0
2026092813,maest,unweighted,0.5,ridge_platt,47,125,0.12836423764322927,0.3999853058715346,-0.00017660309570341481,-0.003302184078567083,0,4,0
2026092813,maest,unweighted,1.0,raw,94,238,0.12854084073893268,0.4001428460956493,0.0,-0.002184108219198233,0,4,0
2026092813,maest,unweighted,1.0,prior_offset,94,238,0.12854084073893268,0.4001428460956493,0.0,-0.002184108219198233,0,4,0
2026092813,maest,unweighted,1.0,temperature,94,238,0.12966804168919657,0.4056781115686616,0.0011272009502638902,-0.0010569072689343428,0,4,0
2026092813,maest,unweighted,1.0,platt,94,238,0.13072494895813092,0.40782951397953215,0.002184108219198233,0.0,0,4,0
2026092813,maest,unweighted,1.0,beta,94,238,0.13062798917887336,0.41008520114139596,0.002087148439940678,-9.695977925755495e-05,0,4,1
2026092813,maest,unweighted,1.0,isotonic,94,238,0.13439306323942615,0.5780191774571188,0.00585222250049347,0.003668114281295237,0,4,0
2026092813,maest,unweighted,1.0,ridge_platt,94,238,0.12862165159435524,0.39929532009613466,8.081085542255284e-05,-0.0021032973637756802,0,4,0
2026092813,mert_v0,ambient_balanced,0.25,raw,24,68,0.15518814696658698,0.47369080935259456,0.0,0.005955666072395338,0,4,0
2026092813,mert_v0,ambient_balanced,0.25,prior_offset,24,68,0.14416281790778213,0.44515393380020696,-0.01102532905880485,-0.005069662986409512,0,4,0
2026092813,mert_v0,ambient_balanced,0.25,temperature,24,68,0.1589808079990187,0.48727811870448234,0.0037926610324317267,0.009748327104827065,0,4,0
2026092813,mert_v0,ambient_balanced,0.25,platt,24,68,0.14923248089419164,0.45767202863177625,-0.005955666072395338,0.0,0,4,0
2026092813,mert_v0,ambient_balanced,0.25,beta,24,68,0.14941059000494458,0.45837158479961143,-0.005777556961642394,0.00017810911075294422,0,4,1
2026092813,mert_v0,ambient_balanced,0.25,isotonic,24,68,0.15403689876763768,1.0824129483116942,-0.001151248198949295,0.004804417873446043,0,4,0
2026092813,mert_v0,ambient_balanced,0.25,ridge_platt,24,68,0.14869470638936322,0.4564895561537925,-0.006493440577223758,-0.0005377745048284199,0,4,0
2026092813,mert_v0,ambient_balanced,0.5,raw,47,125,0.15518814696658698,0.47369080935259456,0.0,0.011757835861220006,0,4,0
2026092813,mert_v0,ambient_balanced,0.5,prior_offset,47,125,0.14416281790778213,0.44515393380020696,-0.01102532905880485,0.000732506802415156,0,4,0
2026092813,mert_v0,ambient_balanced,0.5,temperature,47,125,0.15577917323444346,0.47639184603148504,0.0005910262678564815,0.012348862129076488,0,4,0
2026092813,mert_v0,ambient_balanced,0.5,platt,47,125,0.14343031110536697,0.44388549976116287,-0.011757835861220006,0.0,0,4,0
2026092813,mert_v0,ambient_balanced,0.5,beta,47,125,0.14332871870231323,0.4440681706147924,-0.011859428264273747,-0.00010159240305374073,0,4,2
2026092813,mert_v0,ambient_balanced,0.5,isotonic,47,125,0.14626210215786936,0.5552361519654658,-0.008926044808717615,0.0028317910525023915,0,4,0
2026092813,mert_v0,ambient_balanced,0.5,ridge_platt,47,125,0.1427798872023899,0.44023156575020667,-0.012408259764197072,-0.0006504239029770653,0,4,0
2026092813,mert_v0,ambient_balanced,1.0,raw,94,238,0.15518814696658698,0.47369080935259456,0.0,0.01117925015271351,0,4,0
2026092813,mert_v0,ambient_balanced,1.0,prior_offset,94,238,0.14416281790778213,0.44515393380020696,-0.01102532905880485,0.00015392109390865993,0,4,0
2026092813,mert_v0,ambient_balanced,1.0,temperature,94,238,0.15509197254393536,0.473893271392384,-9.617442265161258e-05,0.011083075730061898,0,4,0
2026092813,mert_v0,ambient_balanced,1.0,platt,94,238,0.14400889681387347,0.4443800513100741,-0.01117925015271351,0.0,0,4,0
2026092813,mert_v0,ambient_balanced,1.0,beta,94,238,0.14334308893686792,0.4442651703012326,-0.011845058029719052,-0.000665807877005542,0,4,2
2026092813,mert_v0,ambient_balanced,1.0,isotonic,94,238,0.14360709991450804,0.5112505653691581,-0.011581047052078935,-0.0004017968993654253,0,4,0
2026092813,mert_v0,ambient_balanced,1.0,ridge_platt,94,238,0.14275366263252184,0.44010738244302305,-0.012434484334065132,-0.0012552341813516221,0,4,0
2026092813,mert_v0,unweighted,0.25,raw,24,68,0.1441094315387052,0.44550817542454946,0.0,-0.005786856908047644,0,4,0
2026092813,mert_v0,unweighted,0.25,prior_offset,24,68,0.1441094315387052,0.44550817542454946,0.0,-0.005786856908047644,0,4,0
2026092813,mert_v0,unweighted,0.25,temperature,24,68,0.1462841186172222,0.45066412358085606,0.002174687078517007,-0.003612169829530637,0,4,0
2026092813,mert_v0,unweighted,0.25,platt,24,68,0.14989628844675285,0.4591240619065142,0.005786856908047644,0.0,0,4,0
2026092813,mert_v0,unweighted,0.25,beta,24,68,0.15046795296032547,0.4606446090552644,0.006358521421620272,0.0005716645135726284,0,4,2
2026092813,mert_v0,unweighted,0.25,isotonic,24,68,0.15489926013748445,0.9484850795201943,0.01078982859877925,0.005002971690731606,0,4,0
2026092813,mert_v0,unweighted,0.25,ridge_platt,24,68,0.14589377938940917,0.44927573958048844,0.0017843478507039712,-0.004002509057343673,0,4,0
2026092813,mert_v0,unweighted,0.5,raw,47,125,0.1441094315387052,0.44550817542454946,0.0,0.00043820116921647334,0,4,0
2026092813,mert_v0,unweighted,0.5,prior_offset,47,125,0.1441094315387052,0.44550817542454946,0.0,0.00043820116921647334,0,4,0
2026092813,mert_v0,unweighted,0.5,temperature,47,125,0.14519809174893797,0.4492516830914601,0.001088660210232767,0.0015268613794492403,0,4,0
2026092813,mert_v0,unweighted,0.5,platt,47,125,0.14367123036948873,0.4448216928464042,-0.00043820116921647334,0.0,0,4,0
2026092813,mert_v0,unweighted,0.5,beta,47,125,0.1437818546050981,0.4453643834388113,-0.0003275769336071044,0.00011062423560936896,0,4,2
2026092813,mert_v0,unweighted,0.5,isotonic,47,125,0.1468412444168685,0.5568619121857211,0.002731812878163292,0.0031700140473797656,0,4,0
2026092813,mert_v0,unweighted,0.5,ridge_platt,47,125,0.14293305571654202,0.4409251855484288,-0.0011763758221631782,-0.0007381746529467048,0,4,0
2026092813,mert_v0,unweighted,1.0,raw,94,238,0.1441094315387052,0.44550817542454946,0.0,-0.000112251392135998,0,4,0
2026092813,mert_v0,unweighted,1.0,prior_offset,94,238,0.1441094315387052,0.44550817542454946,0.0,-0.000112251392135998,0,4,0
2026092813,mert_v0,unweighted,1.0,temperature,94,238,0.1445674054495955,0.4467800949612468,0.00045797391089030803,0.00034572251875431004,0,4,0
2026092813,mert_v0,unweighted,1.0,platt,94,238,0.1442216829308412,0.44526266981823515,0.000112251392135998,0.0,0,4,0
2026092813,mert_v0,unweighted,1.0,beta,94,238,0.14388940479285262,0.4454290033727608,-0.0002200267458525862,-0.0003322781379885842,0,4,2
2026092813,mert_v0,unweighted,1.0,isotonic,94,238,0.14449690442913124,0.5138022649729069,0.0003874728904260383,0.0002752214982900403,0,4,0
2026092813,mert_v0,unweighted,1.0,ridge_platt,94,238,0.1429510083102916,0.4410960342117073,-0.0011584232284136131,-0.0012706746205496111,0,4,0
2026092813,mert_v1,ambient_balanced,0.25,raw,24,68,0.15663290282879977,0.4788640595489023,0.0,0.004703520636914704,0,4,0
2026092813,mert_v1,ambient_balanced,0.25,prior_offset,24,68,0.14528669294624855,0.44967962146021895,-0.011346209882551223,-0.006642689245636518,0,4,0
2026092813,mert_v1,ambient_balanced,0.25,temperature,24,68,0.16118650921859892,0.5035243311599761,0.004553606389799153,0.009257127026713857,0,4,0
2026092813,mert_v1,ambient_balanced,0.25,platt,24,68,0.15192938219188507,0.47281531130321286,-0.004703520636914704,0.0,0,4,0
2026092813,mert_v1,ambient_balanced,0.25,beta,24,68,0.15143385244421148,0.47287074009164887,-0.0051990503845882885,-0.0004955297476735843,0,4,3
2026092813,mert_v1,ambient_balanced,0.25,isotonic,24,68,0.1592664940063668,1.6942502320974235,0.002633591177567035,0.007337111814481739,0,4,0
2026092813,mert_v1,ambient_balanced,0.25,ridge_platt,24,68,0.15155942577668247,0.4663879787118557,-0.005073477052117303,-0.00036995641520259914,0,4,0
2026092813,mert_v1,ambient_balanced,0.5,raw,47,125,0.15663290282879977,0.4788640595489023,0.0,0.01222640879351955,0,4,0
2026092813,mert_v1,ambient_balanced,0.5,prior_offset,47,125,0.14528669294624855,0.44967962146021895,-0.011346209882551223,0.0008801989109683273,0,4,0
2026092813,mert_v1,ambient_balanced,0.5,temperature,47,125,0.15716317575377176,0.48153192739942124,0.0005302729249719862,0.012756681718491536,0,4,0
2026092813,mert_v1,ambient_balanced,0.5,platt,47,125,0.14440649403528022,0.44775054297844197,-0.01222640879351955,0.0,0,4,0
2026092813,mert_v1,ambient_balanced,0.5,beta,47,125,0.14417672247103203,0.4484103049377123,-0.012456180357767743,-0.00022977156424819345,0,4,3
2026092813,mert_v1,ambient_balanced,0.5,isotonic,47,125,0.1484006230846671,0.6185651163092633,-0.008232279744132681,0.003994129049386869,0,4,0
2026092813,mert_v1,ambient_balanced,0.5,ridge_platt,47,125,0.1442029970745722,0.4458747621932819,-0.01242990575422756,-0.0002034969607080106,0,4,0
2026092813,mert_v1,ambient_balanced,1.0,raw,94,238,0.15663290282879977,0.4788640595489023,0.0,0.011674375122443126,0,4,0
2026092813,mert_v1,ambient_balanced,1.0,prior_offset,94,238,0.14528669294624855,0.44967962146021895,-0.011346209882551223,0.00032816523989190327,0,4,0
2026092813,mert_v1,ambient_balanced,1.0,temperature,94,238,0.1564682381796068,0.4793304424468244,-0.0001646646491929582,0.011509710473250168,0,4,0
2026092813,mert_v1,ambient_balanced,1.0,platt,94,238,0.14495852770635664,0.4484792410232984,-0.011674375122443126,0.0,0,4,0
2026092813,mert_v1,ambient_balanced,1.0,beta,94,238,0.1437029535726702,0.4481093637582042,-0.012929949256129558,-0.0012555741336864323,0,4,1
2026092813,mert_v1,ambient_balanced,1.0,isotonic,94,238,0.14747674833609006,0.5528046124251147,-0.009156154492709706,0.0025182206297334198,0,4,0
2026092813,mert_v1,ambient_balanced,1.0,ridge_platt,94,238,0.14443045043456185,0.4466206407680534,-0.012202452394237923,-0.0005280772717947968,0,4,0
2026092813,mert_v1,unweighted,0.25,raw,24,68,0.14511233706385407,0.4494974785161379,0.0,-0.007457805372755505,0,4,0
2026092813,mert_v1,unweighted,0.25,prior_offset,24,68,0.14511233706385407,0.4494974785161379,0.0,-0.007457805372755505,0,4,0
2026092813,mert_v1,unweighted,0.25,temperature,24,68,0.14682355199294986,0.4553842930966504,0.001711214929095789,-0.005746590443659716,0,4,0
2026092813,mert_v1,unweighted,0.25,platt,24,68,0.15257014243660957,0.4729952910528793,0.007457805372755505,0.0,0,4,0
2026092813,mert_v1,unweighted,0.25,beta,24,68,0.15293935069261314,0.4740050014400059,0.007827013628759066,0.00036920825600356144,0,4,3
2026092813,mert_v1,unweighted,0.25,isotonic,24,68,0.16057162698515887,1.6630441966082579,0.015459289921304797,0.008001484548549292,0,4,0
2026092813,mert_v1,unweighted,0.25,ridge_platt,24,68,0.14748112907344985,0.4550891050372792,0.002368792009595777,-0.005089013363159728,0,4,0
2026092813,mert_v1,unweighted,0.5,raw,47,125,0.14511233706385407,0.4494974785161379,0.0,0.0006320693903516528,0,4,0
2026092813,mert_v1,unweighted,0.5,prior_offset,47,125,0.14511233706385407,0.4494974785161379,0.0,0.0006320693903516528,0,4,0
2026092813,mert_v1,unweighted,0.5,temperature,47,125,0.14623321272378054,0.45310837927980735,0.001120875659926468,0.0017529450502781208,0,4,0
2026092813,mert_v1,unweighted,0.5,platt,47,125,0.14448026767350242,0.448010958003955,-0.0006320693903516528,0.0,0,4,0
2026092813,mert_v1,unweighted,0.5,beta,47,125,0.1446962694856266,0.4488395061044484,-0.0004160675782274581,0.00021600181212419467,0,4,3
2026092813,mert_v1,unweighted,0.5,isotonic,47,125,0.14805438348285013,0.6177538975823906,0.002942046418996064,0.0035741158093477166,0,4,0
2026092813,mert_v1,unweighted,0.5,ridge_platt,47,125,0.14423950649120396,0.446180595628088,-0.0008728305726501129,-0.0002407611822984601,0,4,0
2026092813,mert_v1,unweighted,1.0,raw,94,238,0.14511233706385407,0.4494974785161379,0.0,8.800820363771833e-05,0,4,0
2026092813,mert_v1,unweighted,1.0,prior_offset,94,238,0.14511233706385407,0.4494974785161379,0.0,8.800820363771833e-05,0,4,0
2026092813,mert_v1,unweighted,1.0,temperature,94,238,0.14552450575630316,0.4503796183256648,0.0004121686924490886,0.0005001768960868069,0,4,0
2026092813,mert_v1,unweighted,1.0,platt,94,238,0.14502432886021635,0.44856343803951004,-8.800820363771833e-05,0.0,0,4,0
2026092813,mert_v1,unweighted,1.0,beta,94,238,0.1444100476365408,0.4479905240357479,-0.0007022894273132629,-0.0006142812236755446,0,4,1
2026092813,mert_v1,unweighted,1.0,isotonic,94,238,0.14750820313408508,0.5529439254499541,0.002395866070231012,0.0024838742738687303,0,4,0
2026092813,mert_v1,unweighted,1.0,ridge_platt,94,238,0.14423540583626998,0.44645613428291725,-0.0008769312275840879,-0.0007889230239463696,0,4,0
2026092814,maest,ambient_balanced,0.25,raw,24,59,0.13974561418700465,0.4389878775444871,0.0,-0.008190027888216656,0,4,0
2026092814,maest,ambient_balanced,0.25,prior_offset,24,59,0.1333679043812847,0.4266393795818239,-0.006377709805719944,-0.0145677376939366,0,4,0
2026092814,maest,ambient_balanced,0.25,temperature,24,59,0.15362367941650032,0.5855450151102153,0.013878065229495667,0.005688037341279012,0,4,0
2026092814,maest,ambient_balanced,0.25,platt,24,59,0.1479356420752213,0.5544952027489021,0.008190027888216656,0.0,0,4,0
2026092814,maest,ambient_balanced,0.25,beta,24,59,0.1509459669836667,0.5610674602436969,0.011200352796662039,0.003010324908445383,0,4,2
2026092814,maest,ambient_balanced,0.25,isotonic,24,59,0.16279621387214763,3.068129092291848,0.023050599685142975,0.01486057179692632,0,4,0
2026092814,maest,ambient_balanced,0.25,ridge_platt,24,59,0.14426320847976087,0.4993013831966619,0.004517594292756222,-0.0036724335954604337,0,4,0
2026092814,maest,ambient_balanced,0.5,raw,47,106,0.13974561418700465,0.4389878775444871,0.0,0.0007264020985848774,0,4,0
2026092814,maest,ambient_balanced,0.5,prior_offset,47,106,0.1333679043812847,0.4266393795818239,-0.006377709805719944,-0.005651307707135067,0,4,0
2026092814,maest,ambient_balanced,0.5,temperature,47,106,0.14704501400930275,0.49329906827031234,0.007299399822298103,0.00802580192088298,0,4,0
2026092814,maest,ambient_balanced,0.5,platt,47,106,0.13901921208841977,0.47677346887796135,-0.0007264020985848774,0.0,0,4,0
2026092814,maest,ambient_balanced,0.5,beta,47,106,0.1416237372719178,0.4848536495768546,0.0018781230849131414,0.0026045251834980188,0,4,2
2026092814,maest,ambient_balanced,0.5,isotonic,47,106,0.14730150498351874,1.445534015577717,0.0075558907965140865,0.008282292895098964,0,4,0
2026092814,maest,ambient_balanced,0.5,ridge_platt,47,106,0.13394568897224535,0.4337721062794443,-0.005799925214759305,-0.005073523116174428,0,4,0
2026092814,maest,ambient_balanced,1.0,raw,94,228,0.13974561418700465,0.4389878775444871,0.0,0.00596560884153971,0,4,0
2026092814,maest,ambient_balanced,1.0,prior_offset,94,228,0.1333679043812847,0.4266393795818239,-0.006377709805719944,-0.00041210096418023423,0,4,0
2026092814,maest,ambient_balanced,1.0,temperature,94,228,0.14054447849292895,0.4406328456979334,0.0007988643059242961,0.006764473147464006,0,4,0
2026092814,maest,ambient_balanced,1.0,platt,94,228,0.13378000534546494,0.4240809419263004,-0.00596560884153971,0.0,0,4,0
2026092814,maest,ambient_balanced,1.0,beta,94,228,0.13467428928115496,0.42416908213807814,-0.005071324905849689,0.0008942839356900212,0,4,1
2026092814,maest,ambient_balanced,1.0,isotonic,94,228,0.13894941384142917,0.6553566383623509,-0.0007962003455754818,0.005169408495964228,0,4,0
2026092814,maest,ambient_balanced,1.0,ridge_platt,94,228,0.1331890547451143,0.4247186725697003,-0.006556559441890347,-0.0005909506003506371,0,4,0
2026092814,maest,unweighted,0.25,raw,24,59,0.13218612426642556,0.42130880503584334,0.0,-0.01495144740268653,0,4,0
2026092814,maest,unweighted,0.25,prior_offset,24,59,0.13218612426642556,0.42130880503584334,0.0,-0.01495144740268653,0,4,0
2026092814,maest,unweighted,0.25,temperature,24,59,0.14259649319628276,0.5486026584697501,0.010410368929857194,-0.004541078472829335,0,4,0
2026092814,maest,unweighted,0.25,platt,24,59,0.1471375716691121,0.5510809180929193,0.01495144740268653,0.0,0,4,0
2026092814,maest,unweighted,0.25,beta,24,59,0.1502725753060815,0.5609622955643869,0.01808645103965595,0.003135003636969419,0,4,2
2026092814,maest,unweighted,0.25,isotonic,24,59,0.15661895818184948,2.66868691641867,0.024432833915423918,0.009481386512737389,0,4,0
2026092814,maest,unweighted,0.25,ridge_platt,24,59,0.1423822029318496,0.4919930439935948,0.010196078665424047,-0.004755368737262483,0,4,0
2026092814,maest,unweighted,0.5,raw,47,106,0.13218612426642556,0.42130880503584334,0.0,-0.006124747450807544,0,4,0
2026092814,maest,unweighted,0.5,prior_offset,47,106,0.13218612426642556,0.42130880503584334,0.0,-0.006124747450807544,0,4,0
2026092814,maest,unweighted,0.5,temperature,47,106,0.13882362230684056,0.4770359661554413,0.006637498040414996,0.0005127505896074525,0,4,0
2026092814,maest,unweighted,0.5,platt,47,106,0.1383108717172331,0.47266489413481716,0.006124747450807544,0.0,0,4,0
2026092814,maest,unweighted,0.5,beta,47,106,0.14155304020016538,0.48429091442360583,0.009366915933739811,0.0032421684829322672,0,4,2
2026092814,maest,unweighted,0.5,isotonic,47,106,0.1468206939434812,1.4409257296240312,0.014634569677055648,0.008509822226248104,0,4,0
2026092814,maest,unweighted,0.5,ridge_platt,47,106,0.13301554819526787,0.4290248478748767,0.0008294239288423044,-0.0052953235219652395,0,4,0
2026092814,maest,unweighted,1.0,raw,94,228,0.13218612426642556,0.42130880503584334,0.0,-0.0010200277996563756,0,4,0
2026092814,maest,unweighted,1.0,prior_offset,94,228,0.13218612426642556,0.42130880503584334,0.0,-0.0010200277996563756,0,4,0
2026092814,maest,unweighted,1.0,temperature,94,228,0.1326610835250036,0.42248336003492065,0.0004749592585780449,-0.0005450685410783307,0,4,0
2026092814,maest,unweighted,1.0,platt,94,228,0.13320615206608194,0.4222082752062861,0.0010200277996563756,0.0,0,4,0
2026092814,maest,unweighted,1.0,beta,94,228,0.1340748541218609,0.4223500820269334,0.0018887298554353393,0.0008687020557789638,0,4,2
2026092814,maest,unweighted,1.0,isotonic,94,228,0.13806002643180781,0.6833748224210685,0.00587390216538225,0.004853874365725874,0,4,0
2026092814,maest,unweighted,1.0,ridge_platt,94,228,0.1323018508430466,0.42185897257316973,0.00011572657662103913,-0.0009043012230353364,0,4,0
2026092814,mert_v0,ambient_balanced,0.25,raw,24,59,0.15304029132990937,0.4760717979277569,0.0,-0.012067382946855276,0,4,0
2026092814,mert_v0,ambient_balanced,0.25,prior_offset,24,59,0.14295774954868998,0.45173060481181504,-0.010082541781219395,-0.02214992472807467,0,4,0
2026092814,mert_v0,ambient_balanced,0.25,temperature,24,59,0.16084788768862368,0.5695176252356816,0.007807596358714308,-0.004259786588140968,0,4,0
2026092814,mert_v0,ambient_balanced,0.25,platt,24,59,0.16510767427676465,0.5930169798234962,0.012067382946855276,0.0,0,4,0
2026092814,mert_v0,ambient_balanced,0.25,beta,24,59,0.16539280185734156,0.5809932836586945,0.012352510527432192,0.000285127580576916,0,4,2
2026092814,mert_v0,ambient_balanced,0.25,isotonic,24,59,0.1769474543466697,2.9553766897091553,0.023907163016760324,0.011839780069905048,0,4,0
2026092814,mert_v0,ambient_balanced,0.25,ridge_platt,24,59,0.16262260695132008,0.5621013209907959,0.009582315621410709,-0.0024850673254445677,0,4,0
2026092814,mert_v0,ambient_balanced,0.5,raw,47,106,0.15304029132990937,0.4760717979277569,0.0,0.004096935094765719,0,4,0
2026092814,mert_v0,ambient_balanced,0.5,prior_offset,47,106,0.14295774954868998,0.45173060481181504,-0.010082541781219395,-0.005985606686453676,0,4,0
2026092814,mert_v0,ambient_balanced,0.5,temperature,47,106,0.1565268431386001,0.50923122699622,0.00348655180869073,0.007583486903456449,0,4,0
2026092814,mert_v0,ambient_balanced,0.5,platt,47,106,0.14894335623514365,0.4956921291348094,-0.004096935094765719,0.0,0,4,0
2026092814,mert_v0,ambient_balanced,0.5,beta,47,106,0.1489030923473055,0.4911495230793869,-0.004137198982603868,-4.026388783814894e-05,0,4,1
2026092814,mert_v0,ambient_balanced,0.5,isotonic,47,106,0.15084219274210725,1.2969394178107354,-0.002198098587802122,0.001898836506963597,0,4,0
2026092814,mert_v0,ambient_balanced,0.5,ridge_platt,47,106,0.14334473226682937,0.45413671155922436,-0.009695559063080006,-0.005598623968314287,0,4,0
2026092814,mert_v0,ambient_balanced,1.0,raw,94,228,0.15304029132990937,0.4760717979277569,0.0,0.011169775676067306,0,4,0
2026092814,mert_v0,ambient_balanced,1.0,prior_offset,94,228,0.14295774954868998,0.45173060481181504,-0.010082541781219395,0.001087233894847911,0,4,0
2026092814,mert_v0,ambient_balanced,1.0,temperature,94,228,0.1524400637522535,0.4734862628386838,-0.0006002275776558763,0.01056954809841143,0,4,0
2026092814,mert_v0,ambient_balanced,1.0,platt,94,228,0.14187051565384207,0.4461576216014701,-0.011169775676067306,0.0,0,4,0
2026092814,mert_v0,ambient_balanced,1.0,beta,94,228,0.14298644470464494,0.44931114150254736,-0.010053846625264429,0.0011159290508028774,0,4,4
2026092814,mert_v0,ambient_balanced,1.0,isotonic,94,228,0.1454048004268595,0.827493445113414,-0.00763549090304988,0.0035342847730174265,0,4,0
2026092814,mert_v0,ambient_balanced,1.0,ridge_platt,94,228,0.14285196550148607,0.45095751084376146,-0.0101883258284233,0.0009814498476440059,0,4,0
2026092814,mert_v0,unweighted,0.25,raw,24,59,0.14268372009235006,0.45086701997917894,0.0,-0.023269754585621666,0,4,0
2026092814,mert_v0,unweighted,0.25,prior_offset,24,59,0.14268372009235006,0.45086701997917894,0.0,-0.023269754585621666,0,4,0
2026092814,mert_v0,unweighted,0.25,temperature,24,59,0.14883227308987634,0.5370673534641092,0.006148552997526285,-0.01712120158809538,0,4,0
2026092814,mert_v0,unweighted,0.25,platt,24,59,0.16595347467797172,0.5955207163044405,0.023269754585621666,0.0,0,4,0
2026092814,mert_v0,unweighted,0.25,beta,24,59,0.16876481032272914,0.5942442563162484,0.026081090230379078,0.0028113356447574123,0,4,2
2026092814,mert_v0,unweighted,0.25,isotonic,24,59,0.1674952562919904,2.325362071152288,0.024811536199640355,0.001541781614018689,0,4,0
2026092814,mert_v0,unweighted,0.25,ridge_platt,24,59,0.16185436647897147,0.5597680024962035,0.019170646386621415,-0.004099108199000251,0,4,0
2026092814,mert_v0,unweighted,0.5,raw,47,106,0.14268372009235006,0.45086701997917894,0.0,-0.006200601983227916,0,4,0
2026092814,mert_v0,unweighted,0.5,prior_offset,47,106,0.14268372009235006,0.45086701997917894,0.0,-0.006200601983227916,0,4,0
2026092814,mert_v0,unweighted,0.5,temperature,47,106,0.1472408980813989,0.49153880421741564,0.004557177989048838,-0.0016434239941790774,0,4,0
2026092814,mert_v0,unweighted,0.5,platt,47,106,0.14888432207557797,0.49609060001640976,0.006200601983227916,0.0,0,4,0
2026092814,mert_v0,unweighted,0.5,beta,47,106,0.14889209133815268,0.4920307022323686,0.0062083712458026186,7.769262574702784e-06,0,4,2
2026092814,mert_v0,unweighted,0.5,isotonic,47,106,0.1513084591467266,1.328590119062432,0.008624739054376551,0.0024241370711486354,0,4,0
2026092814,mert_v0,unweighted,0.5,ridge_platt,47,106,0.14337794753726715,0.45434868415973756,0.0006942274449170949,-0.005506374538310821,0,4,0
2026092814,mert_v0,unweighted,1.0,raw,94,228,0.14268372009235006,0.45086701997917894,0.0,0.0007421281212728059,0,4,0
2026092814,mert_v0,unweighted,1.0,prior_offset,94,228,0.14268372009235006,0.45086701997917894,0.0,0.0007421281212728059,0,4,0
2026092814,mert_v0,unweighted,1.0,temperature,94,228,0.14196115805889797,0.4481239327242591,-0.0007225620334520844,1.9566087820721556e-05,0,4,0
2026092814,mert_v0,unweighted,1.0,platt,94,228,0.14194159197107725,0.4463565437413093,-0.0007421281212728059,0.0,0,4,0
2026092814,mert_v0,unweighted,1.0,beta,94,228,0.14308218376620815,0.4491603363788106,0.000398463673858096,0.001140591795130902,0,4,4
2026092814,mert_v0,unweighted,1.0,isotonic,94,228,0.14508071040072779,0.7962477787026706,0.0023969903083777278,0.0031391184296505337,0,4,0
2026092814,mert_v0,unweighted,1.0,ridge_platt,94,228,0.14252215617346478,0.4504042811284981,-0.00016156391888527688,0.000580564202387529,0,4,0
2026092814,mert_v1,ambient_balanced,0.25,raw,24,59,0.15444483102040105,0.47892877218728663,0.0,-0.0076201224564367565,0,4,0
2026092814,mert_v1,ambient_balanced,0.25,prior_offset,24,59,0.14293520550543143,0.45123395475745176,-0.011509625514969618,-0.019129747971406375,0,4,0
2026092814,mert_v1,ambient_balanced,0.25,temperature,24,59,0.16335956945891278,0.569307532674644,0.008914738438511732,0.0012946159820749759,0,4,0
2026092814,mert_v1,ambient_balanced,0.25,platt,24,59,0.1620649534768378,0.5502181118708558,0.0076201224564367565,0.0,0,4,0
2026092814,mert_v1,ambient_balanced,0.25,beta,24,59,0.16043441872079062,0.5414103170619664,0.00598958770038957,-0.0016305347560471861,0,4,3
2026092814,mert_v1,ambient_balanced,0.25,isotonic,24,59,0.16234631502480712,1.9167928947891546,0.007901484004406073,0.00028136154796931656,0,4,0
2026092814,mert_v1,ambient_balanced,0.25,ridge_platt,24,59,0.15282110258739523,0.5199776727947734,-0.0016237284330058166,-0.009243850889442573,0,4,0
2026092814,mert_v1,ambient_balanced,0.5,raw,47,106,0.15444483102040105,0.47892877218728663,0.0,0.005494633410432381,0,4,0
2026092814,mert_v1,ambient_balanced,0.5,prior_offset,47,106,0.14293520550543143,0.45123395475745176,-0.011509625514969618,-0.006014992104537237,0,4,0
2026092814,mert_v1,ambient_balanced,0.5,temperature,47,106,0.1591680608176138,0.5159256910443548,0.0047232297972127635,0.010217863207645145,0,4,0
2026092814,mert_v1,ambient_balanced,0.5,platt,47,106,0.14895019760996867,0.4947585084324397,-0.005494633410432381,0.0,0,4,0
2026092814,mert_v1,ambient_balanced,0.5,beta,47,106,0.14950580308347355,0.4904479085369821,-0.0049390279369274925,0.0005556054735048888,0,4,1
2026092814,mert_v1,ambient_balanced,0.5,isotonic,47,106,0.1526182989734448,1.2387870483359167,-0.0018265320469562363,0.003668101363476145,0,4,0
2026092814,mert_v1,ambient_balanced,0.5,ridge_platt,47,106,0.14426893586501116,0.4579350327120187,-0.010175895155389886,-0.0046812617449575045,0,4,0
2026092814,mert_v1,ambient_balanced,1.0,raw,94,228,0.15444483102040105,0.47892877218728663,0.0,0.012592913057614535,0,4,0
2026092814,mert_v1,ambient_balanced,1.0,prior_offset,94,228,0.14293520550543143,0.45123395475745176,-0.011509625514969618,0.0010832875426449173,0,4,0
2026092814,mert_v1,ambient_balanced,1.0,temperature,94,228,0.1538734700829823,0.4764624664473082,-0.0005713609374187467,0.012021552120195789,0,4,0
2026092814,mert_v1,ambient_balanced,1.0,platt,94,228,0.1418519179627865,0.44710450714222505,-0.012592913057614535,0.0,0,4,0
2026092814,mert_v1,ambient_balanced,1.0,beta,94,228,0.14316543877854135,0.45047960763385336,-0.011279392241859698,0.0013135208157548373,0,4,3
2026092814,mert_v1,ambient_balanced,1.0,isotonic,94,228,0.14706101691525336,0.7133138364871637,-0.007383814105147685,0.005209098952466851,0,4,0
2026092814,mert_v1,ambient_balanced,1.0,ridge_platt,94,228,0.14284360611958244,0.45079893835235013,-0.011601224900818607,0.000991688156795928,0,4,0
2026092814,mert_v1,unweighted,0.25,raw,24,59,0.1428715350259768,0.45126522002572406,0.0,-0.01872236482724976,0,4,0
2026092814,mert_v1,unweighted,0.25,prior_offset,24,59,0.1428715350259768,0.45126522002572406,0.0,-0.01872236482724976,0,4,0
2026092814,mert_v1,unweighted,0.25,temperature,24,59,0.15079171634202668,0.5396140517856676,0.007920181316049879,-0.010802183511199881,0,4,0
2026092814,mert_v1,unweighted,0.25,platt,24,59,0.16159389985322656,0.5497086296784415,0.01872236482724976,0.0,0,4,0
2026092814,mert_v1,unweighted,0.25,beta,24,59,0.16066367630144618,0.5420518481570857,0.01779214127546938,-0.0009302235517803792,0,4,2
2026092814,mert_v1,unweighted,0.25,isotonic,24,59,0.16218946798757744,1.9145822403047972,0.019317932961600642,0.0005955681343508823,0,4,0
2026092814,mert_v1,unweighted,0.25,ridge_platt,24,59,0.1526282054445834,0.5195111708454712,0.009756670418606589,-0.008965694408643171,0,4,0
2026092814,mert_v1,unweighted,0.5,raw,47,106,0.1428715350259768,0.45126522002572406,0.0,-0.0060285190520775744,0,4,0
2026092814,mert_v1,unweighted,0.5,prior_offset,47,106,0.1428715350259768,0.45126522002572406,0.0,-0.0060285190520775744,0,4,0
2026092814,mert_v1,unweighted,0.5,temperature,47,106,0.1481666528009221,0.4944746872064441,0.0052951177749452905,-0.000733401277132284,0,4,0
2026092814,mert_v1,unweighted,0.5,platt,47,106,0.14890005407805437,0.4955752350006179,0.0060285190520775744,0.0,0,4,0
2026092814,mert_v1,unweighted,0.5,beta,47,106,0.14965431417610184,0.4916534142083483,0.00678277915012504,0.0007542600980474656,0,4,2
2026092814,mert_v1,unweighted,0.5,isotonic,47,106,0.1518496882841081,1.2368566502434157,0.00897815325813131,0.002949634206053736,0,4,0
2026092814,mert_v1,unweighted,0.5,ridge_platt,47,106,0.14339220942812936,0.45375805328537505,0.00052067440215256,-0.0055078446499250144,0,4,0
2026092814,mert_v1,unweighted,1.0,raw,94,228,0.1428715350259768,0.45126522002572406,0.0,0.000898276342201132,0,4,0
2026092814,mert_v1,unweighted,1.0,prior_offset,94,228,0.1428715350259768,0.45126522002572406,0.0,0.000898276342201132,0,4,0
2026092814,mert_v1,unweighted,1.0,temperature,94,228,0.14257941445958466,0.4508009716854285,-0.00029212056639213446,0.0006061557758089975,0,4,0
2026092814,mert_v1,unweighted,1.0,platt,94,228,0.14197325868377567,0.44773173543736544,-0.000898276342201132,0.0,0,4,0
2026092814,mert_v1,unweighted,1.0,beta,94,228,0.14317338547986863,0.45061238504625156,0.0003018504538918332,0.0012001267960929651,0,4,3
2026092814,mert_v1,unweighted,1.0,isotonic,94,228,0.14593643109353646,0.7390336094430136,0.0030648960675596637,0.003963172409760796,0,4,0
2026092814,mert_v1,unweighted,1.0,ridge_platt,94,228,0.14270020863823574,0.4507641287820427,-0.0001713263877410609,0.000726949954460071,0,4,0
2026092815,maest,ambient_balanced,0.25,raw,24,60,0.13947986336280593,0.4362476899184021,0.0,-0.0011691018504546014,0,4,0
2026092815,maest,ambient_balanced,0.25,prior_offset,24,60,0.1327892949110702,0.41776132042347686,-0.00669056845173574,-0.007859670302190341,0,4,0
2026092815,maest,ambient_balanced,0.25,temperature,24,60,0.14167046353032087,0.446886376340021,0.0021906001675149334,0.001021498317060332,0,4,0
2026092815,maest,ambient_balanced,0.25,platt,24,60,0.14064896521326054,0.441974958434221,0.0011691018504546014,0.0,0,4,0
2026092815,maest,ambient_balanced,0.25,beta,24,60,0.14459929439531924,0.4789983166636177,0.005119431032513305,0.003950329182058704,0,4,2
2026092815,maest,ambient_balanced,0.25,isotonic,24,60,0.1441449533515225,1.4537446950214652,0.004665089988716564,0.003495988138261963,0,4,0
2026092815,maest,ambient_balanced,0.25,ridge_platt,24,60,0.1402342539527858,0.4379485533921246,0.0007543905899798642,-0.00041471126047473716,0,4,0
2026092815,maest,ambient_balanced,0.5,raw,47,115,0.13947986336280593,0.4362476899184021,0.0,0.002994685789392465,0,4,0
2026092815,maest,ambient_balanced,0.5,prior_offset,47,115,0.1327892949110702,0.41776132042347686,-0.00669056845173574,-0.003695882662343275,0,4,0
2026092815,maest,ambient_balanced,0.5,temperature,47,115,0.1411814766103828,0.4427153043847179,0.0017016132475768664,0.004696299036969331,0,4,0
2026092815,maest,ambient_balanced,0.5,platt,47,115,0.13648517757341347,0.43110581797071607,-0.002994685789392465,0.0,0,4,0
2026092815,maest,ambient_balanced,0.5,beta,47,115,0.1388247879962357,0.44639438730229264,-0.0006550753665702236,0.0023396104228222414,0,4,1
2026092815,maest,ambient_balanced,0.5,isotonic,47,115,0.146050501097925,1.530313166088472,0.006570637735119067,0.009565323524511532,0,4,0
2026092815,maest,ambient_balanced,0.5,ridge_platt,47,115,0.13378738024894354,0.4205417974522251,-0.00569248311386239,-0.002697797324469925,0,4,0
2026092815,maest,ambient_balanced,1.0,raw,94,246,0.13947986336280593,0.4362476899184021,0.0,0.007933125762480925,0,4,0
2026092815,maest,ambient_balanced,1.0,prior_offset,94,246,0.1327892949110702,0.41776132042347686,-0.00669056845173574,0.0012425573107451848,0,4,0
2026092815,maest,ambient_balanced,1.0,temperature,94,246,0.14033420631021562,0.43776500571904997,0.0008543429474096864,0.008787468709890611,0,4,0
2026092815,maest,ambient_balanced,1.0,platt,94,246,0.131546737600325,0.41344155538937766,-0.007933125762480925,0.0,0,4,0
2026092815,maest,ambient_balanced,1.0,beta,94,246,0.13005036961896646,0.410706250540662,-0.009429493743839473,-0.0014963679813585484,0,4,0
2026092815,maest,ambient_balanced,1.0,isotonic,94,246,0.13426640777611992,0.696883194200517,-0.005213455586686011,0.0027196701757949138,0,4,0
2026092815,maest,ambient_balanced,1.0,ridge_platt,94,246,0.13051796883433142,0.4104744364924847,-0.008961894528474512,-0.0010287687659935874,0,4,0
2026092815,maest,unweighted,0.25,raw,24,60,0.13262526651039602,0.4161419312800613,0.0,-0.008988170710556381,0,4,0
2026092815,maest,unweighted,0.25,prior_offset,24,60,0.13262526651039602,0.4161419312800613,0.0,-0.008988170710556381,0,4,0
2026092815,maest,unweighted,0.25,temperature,24,60,0.13368951658739736,0.4206560086941721,0.0010642500770013386,-0.007923920633555043,0,4,0
2026092815,maest,unweighted,0.25,platt,24,60,0.1416134372209524,0.4453227404426671,0.008988170710556381,0.0,0,4,0
2026092815,maest,unweighted,0.25,beta,24,60,0.14557881236075781,0.4825916140277677,0.012953545850361792,0.0039653751398054105,0,4,2
2026092815,maest,unweighted,0.25,isotonic,24,60,0.14606163750856127,1.493690604579955,0.013436370998165248,0.004448200287608867,0,4,0
2026092815,maest,unweighted,0.25,ridge_platt,24,60,0.13800509629772403,0.4315097011580875,0.005379829787328011,-0.0036083409232283703,0,4,0
2026092815,maest,unweighted,0.5,raw,47,115,0.13262526651039602,0.4161419312800613,0.0,-0.004686642145239117,0,4,0
2026092815,maest,unweighted,0.5,prior_offset,47,115,0.13262526651039602,0.4161419312800613,0.0,-0.004686642145239117,0,4,0
2026092815,maest,unweighted,0.5,temperature,47,115,0.13507752880746887,0.4248609159227172,0.002452262297072849,-0.002234379848166268,0,4,0
2026092815,maest,unweighted,0.5,platt,47,115,0.13731190865563514,0.4343437007388418,0.004686642145239117,0.0,0,4,0
2026092815,maest,unweighted,0.5,beta,47,115,0.13967642660907975,0.45021914633911886,0.007051160098683729,0.0023645179534446115,0,4,1
2026092815,maest,unweighted,0.5,isotonic,47,115,0.14628883003033843,1.5302125928152521,0.013663563519942412,0.008976921374703295,0,4,0
2026092815,maest,unweighted,0.5,ridge_platt,47,115,0.13288241612365104,0.41654806202774786,0.0002571496132550144,-0.004429492531984103,0,4,0
2026092815,maest,unweighted,1.0,raw,94,246,0.13262526651039602,0.4161419312800613,0.0,0.0005964375492451823,0,4,0
2026092815,maest,unweighted,1.0,prior_offset,94,246,0.13262526651039602,0.4161419312800613,0.0,0.0005964375492451823,0,4,0
2026092815,maest,unweighted,1.0,temperature,94,246,0.13294685760587385,0.4164138789111853,0.00032159109547783005,0.0009180286447230124,0,4,0
2026092815,maest,unweighted,1.0,platt,94,246,0.13202882896115084,0.41478399590341475,-0.0005964375492451823,0.0,0,4,0
2026092815,maest,unweighted,1.0,beta,94,246,0.13101183649842935,0.4131111765471744,-0.0016134300119666767,-0.0010169924627214944,0,4,1
2026092815,maest,unweighted,1.0,isotonic,94,246,0.13533611901186426,0.7348543603828429,0.0027108525014682416,0.003307290050713424,0,4,0
2026092815,maest,unweighted,1.0,ridge_platt,94,246,0.1325007058064657,0.4156962846825222,-0.00012456070393032648,0.00047187684531485585,0,4,0
2026092815,mert_v0,ambient_balanced,0.25,raw,24,60,0.15131156963259348,0.4680527276164599,0.0,-0.005526438879391554,0,4,0
2026092815,mert_v0,ambient_balanced,0.25,prior_offset,24,60,0.14046994193904958,0.44086678173668065,-0.01084162769354391,-0.016368066572935464,0,4,0
2026092815,mert_v0,ambient_balanced,0.25,temperature,24,60,0.15333302389369693,0.47584113726378346,0.0020214542611034503,-0.003504984618288104,0,4,0
2026092815,mert_v0,ambient_balanced,0.25,platt,24,60,0.15683800851198504,0.4784673860748458,0.005526438879391554,0.0,0,4,0
2026092815,mert_v0,ambient_balanced,0.25,beta,24,60,0.15475414127031484,0.48559561300095333,0.0034425716377213533,-0.002083867241670201,0,4,3
2026092815,mert_v0,ambient_balanced,0.25,isotonic,24,60,0.16213381511075636,1.5483271406530128,0.010822245478162879,0.005295806598771324,0,4,0
2026092815,mert_v0,ambient_balanced,0.25,ridge_platt,24,60,0.1489704216765229,0.4592144522225714,-0.0023411479560705717,-0.007867586835462126,0,4,0
2026092815,mert_v0,ambient_balanced,0.5,raw,47,115,0.15131156963259348,0.4680527276164599,0.0,0.00802264956642379,0,4,0
2026092815,mert_v0,ambient_balanced,0.5,prior_offset,47,115,0.14046994193904958,0.44086678173668065,-0.01084162769354391,-0.0028189781271201197,0,4,0
2026092815,mert_v0,ambient_balanced,0.5,temperature,47,115,0.15070655195653848,0.46394517945457037,-0.000605017676055003,0.0074176318903687866,0,4,0
2026092815,mert_v0,ambient_balanced,0.5,platt,47,115,0.1432889200661697,0.44650371076999884,-0.00802264956642379,0.0,0,4,0
2026092815,mert_v0,ambient_balanced,0.5,beta,47,115,0.1426173144964622,0.45875518934832665,-0.008694255136131285,-0.0006716055697074952,0,4,3
2026092815,mert_v0,ambient_balanced,0.5,isotonic,47,115,0.1463603621377457,1.1439749789546243,-0.004951207494847787,0.0030714420715760027,0,4,0
2026092815,mert_v0,ambient_balanced,0.5,ridge_platt,47,115,0.14141789378506414,0.44101400430175325,-0.009893675847529343,-0.0018710262811055534,0,4,0
2026092815,mert_v0,ambient_balanced,1.0,raw,94,246,0.15131156963259348,0.4680527276164599,0.0,0.012358601660886842,0,4,0
2026092815,mert_v0,ambient_balanced,1.0,prior_offset,94,246,0.14046994193904958,0.44086678173668065,-0.01084162769354391,0.0015169739673429328,0,4,0
2026092815,mert_v0,ambient_balanced,1.0,temperature,94,246,0.15082634798489275,0.4641654866649005,-0.0004852216477007343,0.011873380013186108,0,4,0
2026092815,mert_v0,ambient_balanced,1.0,platt,94,246,0.13895296797170664,0.4348323522323915,-0.012358601660886842,0.0,0,4,0
2026092815,mert_v0,ambient_balanced,1.0,beta,94,246,0.13875225879350897,0.44337624792856856,-0.012559310839084514,-0.0002007091781976722,0,4,2
2026092815,mert_v0,ambient_balanced,1.0,isotonic,94,246,0.13895187063827663,0.6751315071584891,-0.012359698994316853,-1.0973334300112825e-06,0,4,0
2026092815,mert_v0,ambient_balanced,1.0,ridge_platt,94,246,0.1391110178072875,0.4357030892370027,-0.012200551825305994,0.00015804983558084795,0,4,0
2026092815,mert_v0,unweighted,0.25,raw,24,60,0.14081247359482388,0.441951107082338,0.0,-0.01674244558074975,0,4,0
2026092815,mert_v0,unweighted,0.25,prior_offset,24,60,0.14081247359482388,0.441951107082338,0.0,-0.01674244558074975,0,4,0
2026092815,mert_v0,unweighted,0.25,temperature,24,60,0.13935443110433626,0.4347039909318814,-0.0014580424904876155,-0.018200488071237364,0,4,0
2026092815,mert_v0,unweighted,0.25,platt,24,60,0.15755491917557363,0.4819332341760348,0.01674244558074975,0.0,0,4,0
2026092815,mert_v0,unweighted,0.25,beta,24,60,0.15601667720939374,0.49099834466077363,0.015204203614569867,-0.0015382419661798818,0,4,3
2026092815,mert_v0,unweighted,0.25,isotonic,24,60,0.16245131281243624,1.476962156845866,0.021638839217612366,0.004896393636862617,0,4,0
2026092815,mert_v0,unweighted,0.25,ridge_platt,24,60,0.14603683092839864,0.4516357580163076,0.005224357333574764,-0.011518088247174985,0,4,0
2026092815,mert_v0,unweighted,0.5,raw,47,115,0.14081247359482388,0.441951107082338,0.0,-0.0033947957477180324,0,4,0
2026092815,mert_v0,unweighted,0.5,prior_offset,47,115,0.14081247359482388,0.441951107082338,0.0,-0.0033947957477180324,0,4,0
2026092815,mert_v0,unweighted,0.5,temperature,47,115,0.14045475080301764,0.43900687778664566,-0.00035772279180623645,-0.003752518539524269,0,4,0
2026092815,mert_v0,unweighted,0.5,platt,47,115,0.1442072693425419,0.4499351412249229,0.0033947957477180324,0.0,0,4,0
2026092815,mert_v0,unweighted,0.5,beta,47,115,0.14436850030117948,0.4640969040531997,0.003556026706355603,0.00016123095863757042,0,4,3
2026092815,mert_v0,unweighted,0.5,isotonic,47,115,0.14989983781631683,1.1214104126514246,0.00908736422149295,0.005692568473774917,0,4,0
2026092815,mert_v0,unweighted,0.5,ridge_platt,47,115,0.14013740923521384,0.4391791317535715,-0.0006750643596100392,-0.004069860107328072,0,4,0
2026092815,mert_v0,unweighted,1.0,raw,94,246,0.14081247359482388,0.441951107082338,0.0,0.00141208646413013,0,4,0
2026092815,mert_v0,unweighted,1.0,prior_offset,94,246,0.14081247359482388,0.441951107082338,0.0,0.00141208646413013,0,4,0
2026092815,mert_v0,unweighted,1.0,temperature,94,246,0.14013004238776033,0.43761171276116323,-0.0006824312070635441,0.000729655257066586,0,4,0
2026092815,mert_v0,unweighted,1.0,platt,94,246,0.13940038713069375,0.4365545977898901,-0.00141208646413013,0.0,0,4,0
2026092815,mert_v0,unweighted,1.0,beta,94,246,0.1396376238239651,0.4464111988227051,-0.0011748497708587713,0.00023723669327135877,0,4,2
2026092815,mert_v0,unweighted,1.0,isotonic,94,246,0.13959688054591834,0.6445969864613545,-0.0012155930489055333,0.00019649341522459673,0,4,0
2026092815,mert_v0,unweighted,1.0,ridge_platt,94,246,0.14005653050475736,0.4383643040950517,-0.0007559430900665187,0.0006561433740636113,0,4,0
2026092815,mert_v1,ambient_balanced,0.25,raw,24,60,0.1506441676537454,0.4682289107946979,0.0,0.0011604434022488286,0,4,0
2026092815,mert_v1,ambient_balanced,0.25,prior_offset,24,60,0.1394611373821961,0.4393559126525431,-0.011183030271549294,-0.010022586869300465,0,4,0
2026092815,mert_v1,ambient_balanced,0.25,temperature,24,60,0.15059780884590213,0.4687386693759908,-4.635880784326085e-05,0.0011140845944055677,0,4,0
2026092815,mert_v1,ambient_balanced,0.25,platt,24,60,0.14948372425149656,0.46175466859939296,-0.0011604434022488286,0.0,0,4,0
2026092815,mert_v1,ambient_balanced,0.25,beta,24,60,0.14915142735751422,0.46633919655305406,-0.0014927402962311709,-0.0003322968939823423,0,4,2
2026092815,mert_v1,ambient_balanced,0.25,isotonic,24,60,0.1634996609834059,1.863136892985544,0.012855493329660517,0.014015936731909345,0,4,0
2026092815,mert_v1,ambient_balanced,0.25,ridge_platt,24,60,0.14510445708779104,0.45057066572903254,-0.005539710565954342,-0.004379267163705514,0,4,0
2026092815,mert_v1,ambient_balanced,0.5,raw,47,115,0.1506441676537454,0.4682289107946979,0.0,0.010421324432418472,0,4,0
2026092815,mert_v1,ambient_balanced,0.5,prior_offset,47,115,0.1394611373821961,0.4393559126525431,-0.011183030271549294,-0.0007617058391308218,0,4,0
2026092815,mert_v1,ambient_balanced,0.5,temperature,47,115,0.1495433180494381,0.46344723977340374,-0.0011008496043072857,0.009320474828111186,0,4,0
2026092815,mert_v1,ambient_balanced,0.5,platt,47,115,0.14022284322132691,0.4392264996827957,-0.010421324432418472,0.0,0,4,0
2026092815,mert_v1,ambient_balanced,0.5,beta,47,115,0.13999801013713906,0.4454800985369946,-0.01064615751660633,-0.00022483308418785874,0,4,1
2026092815,mert_v1,ambient_balanced,0.5,isotonic,47,115,0.15313941725045452,1.3442167302826284,0.0024952495967091315,0.012916574029127603,0,4,0
2026092815,mert_v1,ambient_balanced,0.5,ridge_platt,47,115,0.14082421358846622,0.44146308983765764,-0.009819954065279163,0.0006013703671393089,0,4,0
2026092815,mert_v1,ambient_balanced,1.0,raw,94,246,0.1506441676537454,0.4682289107946979,0.0,0.013504636350466698,0,4,0
2026092815,mert_v1,ambient_balanced,1.0,prior_offset,94,246,0.1394611373821961,0.4393559126525431,-0.011183030271549294,0.0023216060789174042,0,4,0
2026092815,mert_v1,ambient_balanced,1.0,temperature,94,246,0.1493679548369871,0.46229118532673286,-0.0012762128167582987,0.012228423533708399,0,4,0
2026092815,mert_v1,ambient_balanced,1.0,platt,94,246,0.1371395313032787,0.43153985245755666,-0.013504636350466698,0.0,0,4,0
2026092815,mert_v1,ambient_balanced,1.0,beta,94,246,0.13641913900812094,0.4332271071004286,-0.014225028645624443,-0.0007203922951577457,0,4,2
2026092815,mert_v1,ambient_balanced,1.0,isotonic,94,246,0.14249109932222684,0.8600598523291794,-0.008153068331518548,0.00535156801894815,0,4,0
2026092815,mert_v1,ambient_balanced,1.0,ridge_platt,94,246,0.13794799337907826,0.43494631107943765,-0.012696174274667127,0.0008084620757995709,0,4,0
2026092815,mert_v1,unweighted,0.25,raw,24,60,0.13974253334924108,0.4406328008105079,0.0,-0.010910421378100721,0,4,0
2026092815,mert_v1,unweighted,0.25,prior_offset,24,60,0.13974253334924108,0.4406328008105079,0.0,-0.010910421378100721,0,4,0
2026092815,mert_v1,unweighted,0.25,temperature,24,60,0.13780848213890695,0.43344332720079937,-0.0019340512103341312,-0.012844472588434852,0,4,0
2026092815,mert_v1,unweighted,0.25,platt,24,60,0.1506529547273418,0.46595883368428714,0.010910421378100721,0.0,0,4,0
2026092815,mert_v1,unweighted,0.25,beta,24,60,0.15113201215804054,0.4738996125178737,0.011389478808799453,0.00047905743069873163,0,4,2
2026092815,mert_v1,unweighted,0.25,isotonic,24,60,0.16649897133996144,2.0503590032280368,0.02675643799072036,0.01584601661261964,0,4,0
2026092815,mert_v1,unweighted,0.25,ridge_platt,24,60,0.1458636405214676,0.45354592956095724,0.006121107172226525,-0.0047893142058741955,0,4,0
2026092815,mert_v1,unweighted,0.5,raw,47,115,0.13974253334924108,0.4406328008105079,0.0,-0.001445187619242172,0,4,0
2026092815,mert_v1,unweighted,0.5,prior_offset,47,115,0.13974253334924108,0.4406328008105079,0.0,-0.001445187619242172,0,4,0
2026092815,mert_v1,unweighted,0.5,temperature,47,115,0.13899172924222167,0.4368667372521149,-0.0007508041070194149,-0.002195991726261587,0,4,0
2026092815,mert_v1,unweighted,0.5,platt,47,115,0.14118772096848325,0.4429164124151787,0.001445187619242172,0.0,0,4,0
2026092815,mert_v1,unweighted,0.5,beta,47,115,0.14177224333672844,0.4512465598367311,0.0020297099874873603,0.0005845223682451883,0,4,1
2026092815,mert_v1,unweighted,0.5,isotonic,47,115,0.15390538431291453,1.3476077520933258,0.014162850963673451,0.01271766334443128,0,4,0
2026092815,mert_v1,unweighted,0.5,ridge_platt,47,115,0.13955957953669082,0.43990138327924166,-0.00018295381255026277,-0.0016281414317924348,0,4,0
2026092815,mert_v1,unweighted,1.0,raw,94,246,0.13974253334924108,0.4406328008105079,0.0,0.002130466278197962,0,4,0
2026092815,mert_v1,unweighted,1.0,prior_offset,94,246,0.13974253334924108,0.4406328008105079,0.0,0.002130466278197962,0,4,0
2026092815,mert_v1,unweighted,1.0,temperature,94,246,0.13837628723688344,0.4346558467868473,-0.0013662461123576386,0.0007642201658403236,0,4,0
2026092815,mert_v1,unweighted,1.0,platt,94,246,0.13761206707104312,0.43321443691617095,-0.002130466278197962,0.0,0,4,0
2026092815,mert_v1,unweighted,1.0,beta,94,246,0.13734157530878702,0.4363543571612097,-0.0024009580404540654,-0.00027049176225610316,0,4,2
2026092815,mert_v1,unweighted,1.0,isotonic,94,246,0.14314034862372824,0.7930768705891481,0.0033978152744871537,0.005528281552685116,0,4,0
2026092815,mert_v1,unweighted,1.0,ridge_platt,94,246,0.13900087155280028,0.4374980997438112,-0.0007416617964408068,0.0013888044817571554,0,4,0
2026092816,maest,ambient_balanced,0.25,raw,24,41,0.13927856474249856,0.43255662564990943,0.0,0.004948907212562165,0,4,0
2026092816,maest,ambient_balanced,0.25,prior_offset,24,41,0.12565009907011096,0.3989970574934786,-0.013628465672387596,-0.008679558459825432,0,4,0
2026092816,maest,ambient_balanced,0.25,temperature,24,41,0.14155377153282908,0.44226156832447094,0.002275206790330525,0.00722411400289269,0,4,0
2026092816,maest,ambient_balanced,0.25,platt,24,41,0.1343296575299364,0.4238354985185135,-0.004948907212562165,0.0,0,4,0
2026092816,maest,ambient_balanced,0.25,beta,24,41,0.13342929277203214,0.42146010847433046,-0.005849271970466419,-0.000900364757904254,0,4,2
2026092816,maest,ambient_balanced,0.25,isotonic,24,41,0.13784271317120098,1.1978846037278956,-0.0014358515712975806,0.003513055641264584,0,4,0
2026092816,maest,ambient_balanced,0.25,ridge_platt,24,41,0.12831288447700553,0.4062826186395592,-0.010965680265493022,-0.006016773052930857,0,4,0
2026092816,maest,ambient_balanced,0.5,raw,47,101,0.13927856474249856,0.43255662564990943,0.0,0.004422674782147973,0,4,0
2026092816,maest,ambient_balanced,0.5,prior_offset,47,101,0.12565009907011096,0.3989970574934786,-0.013628465672387596,-0.009205790890239623,0,4,0
2026092816,maest,ambient_balanced,0.5,temperature,47,101,0.14182394747843108,0.4399790527699631,0.002545382735932522,0.006968057518080495,0,4,0
2026092816,maest,ambient_balanced,0.5,platt,47,101,0.13485588996035058,0.42570285107633743,-0.004422674782147973,0.0,0,4,0
2026092816,maest,ambient_balanced,0.5,beta,47,101,0.13587238703402277,0.42667027809543506,-0.0034061777084757883,0.0010164970736721846,0,4,3
2026092816,maest,ambient_balanced,0.5,isotonic,47,101,0.13990619325709855,0.8651293270392002,0.0006276285145999927,0.0050503032967479655,0,4,0
2026092816,maest,ambient_balanced,0.5,ridge_platt,47,101,0.12956777612633552,0.41133518579858735,-0.009710788616163035,-0.005288113834015062,0,4,0
2026092816,maest,ambient_balanced,1.0,raw,94,234,0.13927856474249856,0.43255662564990943,0.0,0.012095460649829332,0,4,0
2026092816,maest,ambient_balanced,1.0,prior_offset,94,234,0.12565009907011096,0.3989970574934786,-0.013628465672387596,-0.0015330050225582648,0,4,0
2026092816,maest,ambient_balanced,1.0,temperature,94,234,0.14052182704684568,0.43567399094755116,0.0012432623043471258,0.013338722954176457,0,4,0
2026092816,maest,ambient_balanced,1.0,platt,94,234,0.12718310409266922,0.4022749884608412,-0.012095460649829332,0.0,0,4,0
2026092816,maest,ambient_balanced,1.0,beta,94,234,0.1275775181099054,0.40354088393422793,-0.011701046632593165,0.00039441401723616654,0,4,1
2026092816,maest,ambient_balanced,1.0,isotonic,94,234,0.12969128090415527,0.5605609472190736,-0.009587283838343286,0.002508176811486046,0,4,0
2026092816,maest,ambient_balanced,1.0,ridge_platt,94,234,0.12546982065645584,0.39735249237405024,-0.013808744086042712,-0.0017132834362133809,0,4,0
2026092816,maest,unweighted,0.25,raw,24,41,0.12577019503101403,0.3986440379056687,0.0,-0.008219137271020527,0,4,0
2026092816,maest,unweighted,0.25,prior_offset,24,41,0.12577019503101403,0.3986440379056687,0.0,-0.008219137271020527,0,4,0
2026092816,maest,unweighted,0.25,temperature,24,41,0.12850660955847656,0.4101208827314611,0.0027364145274625384,-0.005482722743557988,0,4,0
2026092816,maest,unweighted,0.25,platt,24,41,0.13398933230203455,0.42272756272986006,0.008219137271020527,0.0,0,4,0
2026092816,maest,unweighted,0.25,beta,24,41,0.13358844475932352,0.42181558099942096,0.007818249728309495,-0.00040088754271103144,0,4,2
2026092816,maest,unweighted,0.25,isotonic,24,41,0.1388180556280023,1.2316299858192103,0.013047860596988287,0.00482872332596776,0,4,0
2026092816,maest,unweighted,0.25,ridge_platt,24,41,0.12577019503101403,0.3986440379056687,0.0,-0.008219137271020527,0,4,0
2026092816,maest,unweighted,0.5,raw,47,101,0.12577019503101403,0.3986440379056687,0.0,-0.00895317908332438,0,4,0
2026092816,maest,unweighted,0.5,prior_offset,47,101,0.12577019503101403,0.3986440379056687,0.0,-0.00895317908332438,0,4,0
2026092816,maest,unweighted,0.5,temperature,47,101,0.12906463595444675,0.40968054639996365,0.0032944409234327288,-0.005658738159891652,0,4,0
2026092816,maest,unweighted,0.5,platt,47,101,0.1347233741143384,0.4253148531306573,0.00895317908332438,0.0,0,4,0
2026092816,maest,unweighted,0.5,beta,47,101,0.13586132060738249,0.42637167643722007,0.01009112557636846,0.0011379464930440786,0,4,3
2026092816,maest,unweighted,0.5,isotonic,47,101,0.13949949721403956,0.8615145784572864,0.013729302183025538,0.004776123099701157,0,4,0
2026092816,maest,unweighted,0.5,ridge_platt,47,101,0.12975189612447763,0.41235254041477404,0.003981701093463602,-0.004971477989860779,0,4,0
2026092816,maest,unweighted,1.0,raw,94,234,0.12577019503101403,0.3986440379056687,0.0,-0.0012848457468924435,0,4,0
2026092816,maest,unweighted,1.0,prior_offset,94,234,0.12577019503101403,0.3986440379056687,0.0,-0.0012848457468924435,0,4,0
2026092816,maest,unweighted,1.0,temperature,94,234,0.12742303448547282,0.4033578680233795,0.0016528394544587932,0.00036799370756634975,0,4,0
2026092816,maest,unweighted,1.0,platt,94,234,0.12705504077790647,0.4018778508938736,0.0012848457468924435,0.0,0,4,0
2026092816,maest,unweighted,1.0,beta,94,234,0.12740733017651748,0.40220677386109394,0.0016371351455034544,0.00035228939861101094,0,4,1
2026092816,maest,unweighted,1.0,isotonic,94,234,0.1291251696835843,0.5591537972715716,0.003354974652570286,0.0020701289056778427,0,4,0
2026092816,maest,unweighted,1.0,ridge_platt,94,234,0.1251811307060392,0.39636244020660766,-0.0005890643249748251,-0.0018739100718672685,0,4,0
2026092816,mert_v0,ambient_balanced,0.25,raw,24,41,0.15600803366124588,0.4790004666718601,0.0,0.004031495843120042,0,4,0
2026092816,mert_v0,ambient_balanced,0.25,prior_offset,24,41,0.14124854766754816,0.44141211058158675,-0.014759485993697724,-0.010727990150577682,0,4,0
2026092816,mert_v0,ambient_balanced,0.25,temperature,24,41,0.16533399582619734,0.5062135668055757,0.009325962164951462,0.013357458008071504,0,4,0
2026092816,mert_v0,ambient_balanced,0.25,platt,24,41,0.15197653781812584,0.4790628118864151,-0.004031495843120042,0.0,0,4,0
2026092816,mert_v0,ambient_balanced,0.25,beta,24,41,0.14917382288398223,0.4724621500988115,-0.0068342107772636496,-0.0028027149341436075,0,4,3
2026092816,mert_v0,ambient_balanced,0.25,isotonic,24,41,0.1490014347425698,1.0190220640922578,-0.007006598918676082,-0.0029751030755560404,0,4,0
2026092816,mert_v0,ambient_balanced,0.25,ridge_platt,24,41,0.14442226872652394,0.4577898828111656,-0.011585764934721937,-0.007554269091601895,0,4,0
2026092816,mert_v0,ambient_balanced,0.5,raw,47,101,0.15600803366124588,0.4790004666718601,0.0,0.008610031575490229,0,4,0
2026092816,mert_v0,ambient_balanced,0.5,prior_offset,47,101,0.14124854766754816,0.44141211058158675,-0.014759485993697724,-0.006149454418207495,0,4,0
2026092816,mert_v0,ambient_balanced,0.5,temperature,47,101,0.16053934328385128,0.4917173199217773,0.004531309622605395,0.013141341198095624,0,4,0
2026092816,mert_v0,ambient_balanced,0.5,platt,47,101,0.14739800208575565,0.46611975096990166,-0.008610031575490229,0.0,0,4,0
2026092816,mert_v0,ambient_balanced,0.5,beta,47,101,0.14567993893929465,0.46646592317796265,-0.010328094721951231,-0.0017180631464610019,0,4,2
2026092816,mert_v0,ambient_balanced,0.5,isotonic,47,101,0.1471753944353228,0.9620797765936422,-0.008832639225923089,-0.00022260765043286002,0,4,0
2026092816,mert_v0,ambient_balanced,0.5,ridge_platt,47,101,0.14465985578026264,0.45749703248468476,-0.011348177880983246,-0.0027381463054930166,0,4,0
2026092816,mert_v0,ambient_balanced,1.0,raw,94,234,0.15600803366124588,0.4790004666718601,0.0,0.015193884097958271,0,4,0
2026092816,mert_v0,ambient_balanced,1.0,prior_offset,94,234,0.14124854766754816,0.44141211058158675,-0.014759485993697724,0.00043439810426054715,0,4,0
2026092816,mert_v0,ambient_balanced,1.0,temperature,94,234,0.15829475607500165,0.4837285428470771,0.0022867224137557707,0.017480606511714042,0,4,0
2026092816,mert_v0,ambient_balanced,1.0,platt,94,234,0.1408141495632876,0.44121206781877786,-0.015193884097958271,0.0,0,4,0
2026092816,mert_v0,ambient_balanced,1.0,beta,94,234,0.14040247372351938,0.43897516982611645,-0.015605559937726499,-0.0004116758397682274,0,4,1
2026092816,mert_v0,ambient_balanced,1.0,isotonic,94,234,0.14093682413320663,0.6557715632761185,-0.015071209528039253,0.00012267456991901793,0,4,0
2026092816,mert_v0,ambient_balanced,1.0,ridge_platt,94,234,0.14100448467674057,0.44053865884128135,-0.015003548984505316,0.00019033511345295517,0,4,0
2026092816,mert_v0,unweighted,0.25,raw,24,41,0.14077913473767262,0.44036738635640194,0.0,-0.011105718806814019,0,4,0
2026092816,mert_v0,unweighted,0.25,prior_offset,24,41,0.14077913473767262,0.44036738635640194,0.0,-0.011105718806814019,0,4,0
2026092816,mert_v0,unweighted,0.25,temperature,24,41,0.14942986366713915,0.4666343776747718,0.008650728929466528,-0.002454989877347491,0,4,0
2026092816,mert_v0,unweighted,0.25,platt,24,41,0.15188485354448664,0.4786241741755055,0.011105718806814019,0.0,0,4,0
2026092816,mert_v0,unweighted,0.25,beta,24,41,0.14976743389472136,0.4751339515403782,0.00898829915704874,-0.0021174196497652786,0,4,3
2026092816,mert_v0,unweighted,0.25,isotonic,24,41,0.14893376691976662,1.0505126703530605,0.008154632182094002,-0.0029510866247200174,0,4,0
2026092816,mert_v0,unweighted,0.25,ridge_platt,24,41,0.14433058445288474,0.45735124510025604,0.003551449715212124,-0.007554269091601895,0,4,0
2026092816,mert_v0,unweighted,0.5,raw,47,101,0.14077913473767262,0.44036738635640194,0.0,-0.006592899420384407,0,4,0
2026092816,mert_v0,unweighted,0.5,prior_offset,47,101,0.14077913473767262,0.44036738635640194,0.0,-0.006592899420384407,0,4,0
2026092816,mert_v0,unweighted,0.5,temperature,47,101,0.14667583136825482,0.4591055402499431,0.005896696630582204,-0.0006962027898022027,0,4,0
2026092816,mert_v0,unweighted,0.5,platt,47,101,0.14737203415805702,0.466201366154317,0.006592899420384407,0.0,0,4,0
2026092816,mert_v0,unweighted,0.5,beta,47,101,0.14601814769581745,0.46770873889871645,0.005239012958144829,-0.0013538864622395785,0,4,2
2026092816,mert_v0,unweighted,0.5,isotonic,47,101,0.14743699276603833,0.9951802890689417,0.006657858028365715,6.495860798130804e-05,0,4,0
2026092816,mert_v0,unweighted,0.5,ridge_platt,47,101,0.14491956856378313,0.45913940468144077,0.004140433826110512,-0.002452465594273895,0,4,0
2026092816,mert_v0,unweighted,1.0,raw,94,234,0.14077913473767262,0.44036738635640194,0.0,0.0001522875234521992,0,4,0
2026092816,mert_v0,unweighted,1.0,prior_offset,94,234,0.14077913473767262,0.44036738635640194,0.0,0.0001522875234521992,0,4,0
2026092816,mert_v0,unweighted,1.0,temperature,94,234,0.14259653625096863,0.44471544306551375,0.001817401513296013,0.0019696890367482123,0,4,0
2026092816,mert_v0,unweighted,1.0,platt,94,234,0.14062684721422042,0.4407928512817339,-0.0001522875234521992,0.0,0,4,0
2026092816,mert_v0,unweighted,1.0,beta,94,234,0.14054217155758955,0.4394613564732737,-0.00023696318008306627,-8.467565663086707e-05,0,4,1
2026092816,mert_v0,unweighted,1.0,isotonic,94,234,0.14041925421163448,0.6537808481392697,-0.0003598805260381366,-0.00020759300258593738,0,4,0
2026092816,mert_v0,unweighted,1.0,ridge_platt,94,234,0.14146741317790587,0.4406126196202567,0.0006882784402332531,0.0008405659636854523,0,4,0
2026092816,mert_v1,ambient_balanced,0.25,raw,24,41,0.1576919361103717,0.48347753907259383,0.0,0.004945503666782647,0,4,0
2026092816,mert_v1,ambient_balanced,0.25,prior_offset,24,41,0.1406499290159976,0.43923156988079765,-0.01704200709437409,-0.012096503427591443,0,4,0
2026092816,mert_v1,ambient_balanced,0.25,temperature,24,41,0.16541388039120872,0.505480665137914,0.007721944280837029,0.012667447947619676,0,4,0
2026092816,mert_v1,ambient_balanced,0.25,platt,24,41,0.15274643244358904,0.47981315586064266,-0.004945503666782647,0.0,0,4,0
2026092816,mert_v1,ambient_balanced,0.25,beta,24,41,0.14977257951725503,0.4713750783707361,-0.007919356593116655,-0.0029738529263340086,0,4,3
2026092816,mert_v1,ambient_balanced,0.25,isotonic,24,41,0.15192403744218577,0.8980107811130678,-0.005767898668185917,-0.0008223950014032699,0,4,0
2026092816,mert_v1,ambient_balanced,0.25,ridge_platt,24,41,0.14277600986488076,0.4506772218265803,-0.01491592624549093,-0.009970422578708282,0,4,0
2026092816,mert_v1,ambient_balanced,0.5,raw,47,101,0.1576919361103717,0.48347753907259383,0.0,0.011986232279702913,0,4,0
2026092816,mert_v1,ambient_balanced,0.5,prior_offset,47,101,0.1406499290159976,0.43923156988079765,-0.01704200709437409,-0.005055774814671177,0,4,0
2026092816,mert_v1,ambient_balanced,0.5,temperature,47,101,0.16090994056358177,0.49091748636648935,0.003218004453210077,0.01520423673291299,0,4,0
2026092816,mert_v1,ambient_balanced,0.5,platt,47,101,0.14570570383066878,0.4594760099256918,-0.011986232279702913,0.0,0,4,0
2026092816,mert_v1,ambient_balanced,0.5,beta,47,101,0.14405396705859205,0.4567220136819873,-0.013637969051779636,-0.0016517367720767229,0,4,3
2026092816,mert_v1,ambient_balanced,0.5,isotonic,47,101,0.1444928484896751,0.6996108623394057,-0.013199087620696576,-0.0012128553409936627,0,4,0
2026092816,mert_v1,ambient_balanced,0.5,ridge_platt,47,101,0.1409909170542924,0.441634518213044,-0.01670101905607929,-0.0047147867763763784,0,4,0
2026092816,mert_v1,ambient_balanced,1.0,raw,94,234,0.1576919361103717,0.48347753907259383,0.0,0.017635208241563588,0,4,0
2026092816,mert_v1,ambient_balanced,1.0,prior_offset,94,234,0.1406499290159976,0.43923156988079765,-0.01704200709437409,0.0005932011471894982,0,4,0
2026092816,mert_v1,ambient_balanced,1.0,temperature,94,234,0.15953467393985005,0.4858673015717814,0.001842737829478358,0.019477946071041946,0,4,0
2026092816,mert_v1,ambient_balanced,1.0,platt,94,234,0.1400567278688081,0.4385783158171085,-0.017635208241563588,0.0,0,4,0
2026092816,mert_v1,ambient_balanced,1.0,beta,94,234,0.13910465143681078,0.43633375030501903,-0.01858728467356091,-0.000952076431997323,0,4,2
2026092816,mert_v1,ambient_balanced,1.0,isotonic,94,234,0.13617671371312548,0.5808532146700237,-0.02151522239724621,-0.0038800141556826206,0,4,0
2026092816,mert_v1,ambient_balanced,1.0,ridge_platt,94,234,0.14005568487704778,0.4373790024517603,-0.017636251233323907,-1.0429917603194117e-06,0,4,0
2026092816,mert_v1,unweighted,0.25,raw,24,41,0.14035444762834862,0.4389497653531667,0.0,-0.012467593030166174,0,4,0
2026092816,mert_v1,unweighted,0.25,prior_offset,24,41,0.14035444762834862,0.4389497653531667,0.0,-0.012467593030166174,0,4,0
2026092816,mert_v1,unweighted,0.25,temperature,24,41,0.14854951746411957,0.46281318698371693,0.008195069835770952,-0.0042725231943952224,0,4,0
2026092816,mert_v1,unweighted,0.25,platt,24,41,0.1528220406585148,0.480174363207253,0.012467593030166174,0.0,0,4,0
2026092816,mert_v1,unweighted,0.25,beta,24,41,0.15054841496561974,0.47463039490960374,0.010193967337271126,-0.0022736256928950482,0,4,3
2026092816,mert_v1,unweighted,0.25,isotonic,24,41,0.15124166025245872,0.8955127220303908,0.010887212624110104,-0.00158038040605607,0,4,0
2026092816,mert_v1,unweighted,0.25,ridge_platt,24,41,0.1428516180798065,0.4510384291731907,0.002497170451457892,-0.009970422578708282,0,4,0
2026092816,mert_v1,unweighted,0.5,raw,47,101,0.14035444762834862,0.4389497653531667,0.0,-0.005330666212013058,0,4,0
2026092816,mert_v1,unweighted,0.5,prior_offset,47,101,0.14035444762834862,0.4389497653531667,0.0,-0.005330666212013058,0,4,0
2026092816,mert_v1,unweighted,0.5,temperature,47,101,0.14622697423990497,0.45595375912372316,0.00587252661155635,0.0005418603995432925,0,4,0
2026092816,mert_v1,unweighted,0.5,platt,47,101,0.14568511384036167,0.4596038299750408,0.005330666212013058,0.0,0,4,0
2026092816,mert_v1,unweighted,0.5,beta,47,101,0.14438816113882505,0.45780924583736615,0.004033713510476433,-0.0012969527015366245,0,4,3
2026092816,mert_v1,unweighted,0.5,isotonic,47,101,0.1440791087731571,0.6979931773567712,0.0037246611448084888,-0.001606005067204569,0,4,0
2026092816,mert_v1,unweighted,0.5,ridge_platt,47,101,0.14279286370988506,0.4502868145751459,0.002438416081536443,-0.0028922501304766146,0,4,0
2026092816,mert_v1,unweighted,1.0,raw,94,234,0.14035444762834862,0.4389497653531667,0.0,0.00047741410884047375,0,4,0
2026092816,mert_v1,unweighted,1.0,prior_offset,94,234,0.14035444762834862,0.4389497653531667,0.0,0.00047741410884047375,0,4,0
2026092816,mert_v1,unweighted,1.0,temperature,94,234,0.14234463799078936,0.4433121950672978,0.001990190362440747,0.0024676044712812206,0,4,0
2026092816,mert_v1,unweighted,1.0,platt,94,234,0.13987703351950814,0.438305356434306,-0.00047741410884047375,0.0,0,4,0
2026092816,mert_v1,unweighted,1.0,beta,94,234,0.13933579027983267,0.4369703115808046,-0.0010186573485159445,-0.0005412432396754707,0,4,2
2026092816,mert_v1,unweighted,1.0,isotonic,94,234,0.13593279461086102,0.579640002576383,-0.004421653017487592,-0.003944238908647119,0,4,0
2026092816,mert_v1,unweighted,1.0,ridge_platt,94,234,0.14077792522870602,0.4379511398677687,0.0004234776003574081,0.0009008917091978819,0,4,0
2026092817,maest,ambient_balanced,0.25,raw,24,68,0.13394550768491897,0.419875662478343,0.0,-0.000710185158987825,0,4,0
2026092817,maest,ambient_balanced,0.25,prior_offset,24,68,0.12777693576979715,0.4055852474871383,-0.006168571915121823,-0.006878757074109648,0,4,0
2026092817,maest,ambient_balanced,0.25,temperature,24,68,0.13811336829414364,0.4346025309673664,0.004167860609224666,0.003457675450236841,0,4,0
2026092817,maest,ambient_balanced,0.25,platt,24,68,0.1346556928439068,0.4259645620206558,0.000710185158987825,0.0,0,4,0
2026092817,maest,ambient_balanced,0.25,beta,24,68,0.13608357836168755,0.4407052586756025,0.0021380706767685775,0.0014278855177807526,0,4,0
2026092817,maest,ambient_balanced,0.25,isotonic,24,68,0.13791524003091823,0.852415910202847,0.003969732345999261,0.0032595471870114356,0,4,0
2026092817,maest,ambient_balanced,0.25,ridge_platt,24,68,0.13048068684813416,0.4122986405031259,-0.0034648208367848154,-0.00417500599577264,0,4,0
2026092817,maest,ambient_balanced,0.5,raw,47,147,0.13394550768491897,0.419875662478343,0.0,0.0028626920455905314,0,4,0
2026092817,maest,ambient_balanced,0.5,prior_offset,47,147,0.12777693576979715,0.4055852474871383,-0.006168571915121823,-0.003305879869531292,0,4,0
2026092817,maest,ambient_balanced,0.5,temperature,47,147,0.13551498548288549,0.42677937545544176,0.001569477797966512,0.004432169843557043,0,4,0
2026092817,maest,ambient_balanced,0.5,platt,47,147,0.13108281563932844,0.41607727235801034,-0.0028626920455905314,0.0,0,4,0
2026092817,maest,ambient_balanced,0.5,beta,47,147,0.1321387406996002,0.4206383215625859,-0.0018067669853187862,0.0010559250602717452,0,4,0
2026092817,maest,ambient_balanced,0.5,isotonic,47,147,0.13305589782220878,0.7749506548389155,-0.0008896098627101945,0.001973082182880337,0,4,0
2026092817,maest,ambient_balanced,0.5,ridge_platt,47,147,0.12987583975959244,0.41074896198371463,-0.004069667925326537,-0.0012069758797360053,0,4,0
2026092817,maest,ambient_balanced,1.0,raw,94,239,0.13394550768491897,0.419875662478343,0.0,0.004369777542473002,0,4,0
2026092817,maest,ambient_balanced,1.0,prior_offset,94,239,0.12777693576979715,0.4055852474871383,-0.006168571915121823,-0.001798794372648821,0,4,0
2026092817,maest,ambient_balanced,1.0,temperature,94,239,0.13425993693248425,0.42153911840260183,0.0003144292475652788,0.004684206790038281,0,4,0
2026092817,maest,ambient_balanced,1.0,platt,94,239,0.12957573014244597,0.4100272318685634,-0.004369777542473002,0.0,0,4,0
2026092817,maest,ambient_balanced,1.0,beta,94,239,0.13118131029690855,0.41770357815126224,-0.0027641973880104254,0.001605580154462577,0,4,0
2026092817,maest,ambient_balanced,1.0,isotonic,94,239,0.1312868926326263,0.7378450950983874,-0.0026586150522926733,0.001711162490180329,0,4,0
2026092817,maest,ambient_balanced,1.0,ridge_platt,94,239,0.12911477551682193,0.4082288445036821,-0.0048307321680970405,-0.0004609546256240382,0,4,0
2026092817,maest,unweighted,0.25,raw,24,68,0.12707403624674107,0.4031252942070308,0.0,-0.00718343615300765,0,4,0
2026092817,maest,unweighted,0.25,prior_offset,24,68,0.12707403624674107,0.4031252942070308,0.0,-0.00718343615300765,0,4,0
2026092817,maest,unweighted,0.25,temperature,24,68,0.1282438820400441,0.40820883240302464,0.001169845793303037,-0.0060135903597046125,0,4,0
2026092817,maest,unweighted,0.25,platt,24,68,0.13425747239974872,0.4249918467566453,0.00718343615300765,0.0,0,4,0
2026092817,maest,unweighted,0.25,beta,24,68,0.1361308892197385,0.44035644782914785,0.009056852972997437,0.0018734168199897872,0,4,0
2026092817,maest,unweighted,0.25,isotonic,24,68,0.13721930811230326,0.8828089662834053,0.010145271865562189,0.002961835712554539,0,4,0
2026092817,maest,unweighted,0.25,ridge_platt,24,68,0.12707403624674107,0.4031252942070308,0.0,-0.00718343615300765,0,4,0
2026092817,maest,unweighted,0.5,raw,47,147,0.12707403624674107,0.4031252942070308,0.0,-0.0035973320133015074,0,4,0
2026092817,maest,unweighted,0.5,prior_offset,47,147,0.12707403624674107,0.4031252942070308,0.0,-0.0035973320133015074,0,4,0
2026092817,maest,unweighted,0.5,temperature,47,147,0.12813664837348077,0.40802695053853366,0.0010626121267396926,-0.002534719886561815,0,4,0
2026092817,maest,unweighted,0.5,platt,47,147,0.13067136826004258,0.41508364468607406,0.0035973320133015074,0.0,0,4,0
2026092817,maest,unweighted,0.5,beta,47,147,0.13204997364270188,0.42023351598182956,0.0049759373959608055,0.001378605382659298,0,4,1
2026092817,maest,unweighted,0.5,isotonic,47,147,0.13200675960126965,0.8040684438329251,0.004932723354528573,0.0013353913412270657,0,4,0
2026092817,maest,unweighted,0.5,ridge_platt,47,147,0.12946439238030658,0.4097553343117783,0.002390356133565502,-0.0012069758797360053,0,4,0
2026092817,maest,unweighted,1.0,raw,94,239,0.12707403624674107,0.4031252942070308,0.0,-0.00218963079789683,0,4,0
2026092817,maest,unweighted,1.0,prior_offset,94,239,0.12707403624674107,0.4031252942070308,0.0,-0.00218963079789683,0,4,0
2026092817,maest,unweighted,1.0,temperature,94,239,0.12732535186984248,0.40429033976643514,0.00025131562310140576,-0.0019383151747954241,0,4,0
2026092817,maest,unweighted,1.0,platt,94,239,0.1292636670446379,0.40931684037348376,0.00218963079789683,0.0,0,4,0
2026092817,maest,unweighted,1.0,beta,94,239,0.13068067735540556,0.41657982693270623,0.003606641108664488,0.001417010310767658,0,4,1
2026092817,maest,unweighted,1.0,isotonic,94,239,0.13066670043185083,0.7361588179917424,0.0035926641851097563,0.0014030333872129264,0,4,0
2026092817,maest,unweighted,1.0,ridge_platt,94,239,0.12880271241901387,0.40751845300860245,0.0017286761722727917,-0.0004609546256240382,0,4,0
2026092817,mert_v0,ambient_balanced,0.25,raw,24,68,0.15155504154096103,0.4704871467250034,0.0,0.007989603909120568,0,4,0
2026092817,mert_v0,ambient_balanced,0.25,prior_offset,24,68,0.14296235789761982,0.4486066931506926,-0.008592683643341203,-0.0006030797342206351,0,4,0
2026092817,mert_v0,ambient_balanced,0.25,temperature,24,68,0.15587105744412982,0.4832059445500194,0.004316015903168796,0.012305619812289365,0,4,0
2026092817,mert_v0,ambient_balanced,0.25,platt,24,68,0.14356543763184046,0.45163012308613315,-0.007989603909120568,0.0,0,4,0
2026092817,mert_v0,ambient_balanced,0.25,beta,24,68,0.14517639821629214,0.4554075564657616,-0.006378643324668892,0.0016109605844516761,0,4,2
2026092817,mert_v0,ambient_balanced,0.25,isotonic,24,68,0.14829915570584945,0.9167643085069128,-0.003255885835111577,0.004733718074008991,0,4,0
2026092817,mert_v0,ambient_balanced,0.25,ridge_platt,24,68,0.1431610574578389,0.4492775897296691,-0.008393984083122141,-0.0004043801740015729,0,4,0
2026092817,mert_v0,ambient_balanced,0.5,raw,47,147,0.15155504154096103,0.4704871467250034,0.0,0.008579725530545729,0,4,0
2026092817,mert_v0,ambient_balanced,0.5,prior_offset,47,147,0.14296235789761982,0.4486066931506926,-0.008592683643341203,-1.2958112795474763e-05,0,4,0
2026092817,mert_v0,ambient_balanced,0.5,temperature,47,147,0.1523913382727393,0.47278021399801606,0.0008362967317782632,0.009416022262323992,0,4,0
2026092817,mert_v0,ambient_balanced,0.5,platt,47,147,0.1429753160104153,0.4483935167009491,-0.008579725530545729,0.0,0,4,0
2026092817,mert_v0,ambient_balanced,0.5,beta,47,147,0.1433614951396894,0.44986314028434915,-0.008193546401271623,0.0003861791292741057,0,4,2
2026092817,mert_v0,ambient_balanced,0.5,isotonic,47,147,0.14412328792245305,0.6438929619993392,-0.00743175361850798,0.0011479719120377485,0,4,0
2026092817,mert_v0,ambient_balanced,0.5,ridge_platt,47,147,0.1427599182803095,0.44836713015269986,-0.008795123260651516,-0.00021539773010578744,0,4,0
2026092817,mert_v0,ambient_balanced,1.0,raw,94,239,0.15155504154096103,0.4704871467250034,0.0,0.009434764403193435,0,4,0
2026092817,mert_v0,ambient_balanced,1.0,prior_offset,94,239,0.14296235789761982,0.4486066931506926,-0.008592683643341203,0.0008420807598522317,0,4,0
2026092817,mert_v0,ambient_balanced,1.0,temperature,94,239,0.15077541504734332,0.4682646192377161,-0.0007796264936177077,0.008655137909575727,0,4,0
2026092817,mert_v0,ambient_balanced,1.0,platt,94,239,0.1421202771377676,0.4455374811151625,-0.009434764403193435,0.0,0,4,0
2026092817,mert_v0,ambient_balanced,1.0,beta,94,239,0.14197206225650535,0.4451358730684388,-0.009582979284455673,-0.00014821488126223747,0,4,2
2026092817,mert_v0,ambient_balanced,1.0,isotonic,94,239,0.14499059221884494,0.6144183792733355,-0.006564449322116084,0.0028703150810773514,0,4,0
2026092817,mert_v0,ambient_balanced,1.0,ridge_platt,94,239,0.14334124597901543,0.4491475463857406,-0.008213795561945597,0.0012209688412478381,0,4,0
2026092817,mert_v0,unweighted,0.25,raw,24,68,0.1424506894068714,0.4470462966699809,0.0,-0.0008522116588554063,0,4,0
2026092817,mert_v0,unweighted,0.25,prior_offset,24,68,0.1424506894068714,0.4470462966699809,0.0,-0.0008522116588554063,0,4,0
2026092817,mert_v0,unweighted,0.25,temperature,24,68,0.14265574460972288,0.4498285525091473,0.00020505520285149514,-0.0006471564560039111,0,4,0
2026092817,mert_v0,unweighted,0.25,platt,24,68,0.1433029010657268,0.45107150581622724,0.0008522116588554063,0.0,0,4,0
2026092817,mert_v0,unweighted,0.25,beta,24,68,0.14489055362606484,0.4547556377980869,0.002439864219193455,0.0015876525603380487,0,4,2
2026092817,mert_v0,unweighted,0.25,isotonic,24,68,0.14810361554027496,0.8832975008855499,0.0056529261334035685,0.004800714474548162,0,4,0
2026092817,mert_v0,unweighted,0.25,ridge_platt,24,68,0.14251925577192126,0.4473890504127687,6.856636504987135e-05,-0.0007836452938055349,0,4,0
2026092817,mert_v0,unweighted,0.5,raw,47,147,0.1424506894068714,0.4470462966699809,0.0,-0.00026829826433344417,0,4,0
2026092817,mert_v0,unweighted,0.5,prior_offset,47,147,0.1424506894068714,0.4470462966699809,0.0,-0.00026829826433344417,0,4,0
2026092817,mert_v0,unweighted,0.5,temperature,47,147,0.14203889940902678,0.44636064909419243,-0.00041178999784460824,-0.0006800882621780524,0,4,0
2026092817,mert_v0,unweighted,0.5,platt,47,147,0.14271898767120483,0.4478071803851271,0.00026829826433344417,0.0,0,4,0
2026092817,mert_v0,unweighted,0.5,beta,47,147,0.14298477396146286,0.44914708177558804,0.0005340845545914741,0.0002657862902580299,0,4,2
2026092817,mert_v0,unweighted,0.5,isotonic,47,147,0.14400227400015816,0.6754000556106419,0.0015515845932867756,0.0012832863289533314,0,4,0
2026092817,mert_v0,unweighted,0.5,ridge_platt,47,147,0.1419400045685395,0.44588276268048205,-0.0005106848383318874,-0.0007789831026653316,0,4,0
2026092817,mert_v0,unweighted,1.0,raw,94,239,0.1424506894068714,0.4470462966699809,0.0,0.0006236292328463955,0,4,0
2026092817,mert_v0,unweighted,1.0,prior_offset,94,239,0.1424506894068714,0.4470462966699809,0.0,0.0006236292328463955,0,4,0
2026092817,mert_v0,unweighted,1.0,temperature,94,239,0.14191184211081814,0.4454120776712367,-0.0005388472960532464,8.478193679314905e-05,0,4,0
2026092817,mert_v0,unweighted,1.0,platt,94,239,0.141827060174025,0.44477972980970165,-0.0006236292328463955,0.0,0,4,0
2026092817,mert_v0,unweighted,1.0,beta,94,239,0.1415245538186513,0.4439259948978356,-0.0009261355882200784,-0.00030250635537368287,0,4,2
2026092817,mert_v0,unweighted,1.0,isotonic,94,239,0.14469231811375105,0.6447291227240044,0.0022416287068796614,0.002865257939726057,0,4,0
2026092817,mert_v0,unweighted,1.0,ridge_platt,94,239,0.1424506894068714,0.4470462966699809,0.0,0.0006236292328463955,0,4,0
2026092817,mert_v1,ambient_balanced,0.25,raw,24,68,0.15439091452007545,0.47508873932729256,0.0,0.007855633349661328,0,4,0
2026092817,mert_v1,ambient_balanced,0.25,prior_offset,24,68,0.14387173035595094,0.45016962619977086,-0.010519184164124507,-0.002663550814463178,0,4,0
2026092817,mert_v1,ambient_balanced,0.25,temperature,24,68,0.15898456761684793,0.4884710152827417,0.004593653096772482,0.01244928644643381,0,4,0
2026092817,mert_v1,ambient_balanced,0.25,platt,24,68,0.14653528117041412,0.45731733356596005,-0.007855633349661328,0.0,0,4,0
2026092817,mert_v1,ambient_balanced,0.25,beta,24,68,0.14723421377315965,0.46205042715628597,-0.007156700746915795,0.0006989326027455334,0,4,2
2026092817,mert_v1,ambient_balanced,0.25,isotonic,24,68,0.15457570113035973,1.131875001507094,0.00018478661028428767,0.008040419959945616,0,4,0
2026092817,mert_v1,ambient_balanced,0.25,ridge_platt,24,68,0.14446283509905644,0.4514507215492212,-0.009928079421019004,-0.0020724460713576753,0,4,0
2026092817,mert_v1,ambient_balanced,0.5,raw,47,147,0.15439091452007545,0.47508873932729256,0.0,0.009120972260158094,0,4,0
2026092817,mert_v1,ambient_balanced,0.5,prior_offset,47,147,0.14387173035595094,0.45016962619977086,-0.010519184164124507,-0.001398211903966412,0,4,0
2026092817,mert_v1,ambient_balanced,0.5,temperature,47,147,0.1555202174314956,0.4779266354944037,0.0011293029114201603,0.010250275171578255,0,4,0
2026092817,mert_v1,ambient_balanced,0.5,platt,47,147,0.14526994225991735,0.4524776832123151,-0.009120972260158094,0.0,0,4,0
2026092817,mert_v1,ambient_balanced,0.5,beta,47,147,0.14546155108001374,0.45446799069639576,-0.008929363440061705,0.00019160882009638946,0,4,0
2026092817,mert_v1,ambient_balanced,0.5,isotonic,47,147,0.14792832679821694,0.6529984440910737,-0.006462587721858509,0.002658384538299585,0,4,0
2026092817,mert_v1,ambient_balanced,0.5,ridge_platt,47,147,0.14460887726824975,0.4519917237118895,-0.009782037251825693,-0.0006610649916675981,0,4,0
2026092817,mert_v1,ambient_balanced,1.0,raw,94,239,0.15439091452007545,0.47508873932729256,0.0,0.010778142565491339,0,4,0
2026092817,mert_v1,ambient_balanced,1.0,prior_offset,94,239,0.14387173035595094,0.45016962619977086,-0.010519184164124507,0.00025895840136683224,0,4,0
2026092817,mert_v1,ambient_balanced,1.0,temperature,94,239,0.15400394192838313,0.47349637115989746,-0.00038697259169231946,0.01039116997379902,0,4,0
2026092817,mert_v1,ambient_balanced,1.0,platt,94,239,0.1436127719545841,0.4479608814284723,-0.010778142565491339,0.0,0,4,0
2026092817,mert_v1,ambient_balanced,1.0,beta,94,239,0.14406128006693877,0.44927483095965126,-0.010329634453136671,0.0004485081123546675,0,4,1
2026092817,mert_v1,ambient_balanced,1.0,isotonic,94,239,0.14558435169916434,0.6112757819996297,-0.008806562820911107,0.001971579744580232,0,4,0
2026092817,mert_v1,ambient_balanced,1.0,ridge_platt,94,239,0.14452920230918173,0.45122867258241134,-0.009861712210893714,0.0009164303545976249,0,4,0
2026092817,mert_v1,unweighted,0.25,raw,24,68,0.14356237262777938,0.44924570573844685,0.0,-0.0029436633836879833,0,4,0
2026092817,mert_v1,unweighted,0.25,prior_offset,24,68,0.14356237262777938,0.44924570573844685,0.0,-0.0029436633836879833,0,4,0
2026092817,mert_v1,unweighted,0.25,temperature,24,68,0.14412043469989877,0.45259562655903135,0.0005580620721193918,-0.0023856013115685915,0,4,0
2026092817,mert_v1,unweighted,0.25,platt,24,68,0.14650603601146736,0.4574836499193401,0.0029436633836879833,0.0,0,4,0
2026092817,mert_v1,unweighted,0.25,beta,24,68,0.14717172139100457,0.46212384269776635,0.0036093487632251897,0.0006656853795372064,0,4,2
2026092817,mert_v1,unweighted,0.25,isotonic,24,68,0.15470352507209914,1.1342700953911296,0.011141152444319763,0.00819748906063178,0,4,0
2026092817,mert_v1,unweighted,0.25,ridge_platt,24,68,0.14374260086605606,0.4495882204704187,0.00018022823827668066,-0.0027634351454113026,0,4,0
2026092817,mert_v1,unweighted,0.5,raw,47,147,0.14356237262777938,0.44924570573844685,0.0,-0.0016664478966829654,0,4,0
2026092817,mert_v1,unweighted,0.5,prior_offset,47,147,0.14356237262777938,0.44924570573844685,0.0,-0.0016664478966829654,0,4,0
2026092817,mert_v1,unweighted,0.5,temperature,47,147,0.14343177217528344,0.4487646577639835,-0.0001306004524959381,-0.0017970483491789035,0,4,0
2026092817,mert_v1,unweighted,0.5,platt,47,147,0.14522882052446234,0.45254049381198985,0.0016664478966829654,0.0,0,4,0
2026092817,mert_v1,unweighted,0.5,beta,47,147,0.14505445890538748,0.4539447303931826,0.0014920862776081067,-0.0001743616190748587,0,4,0
2026092817,mert_v1,unweighted,0.5,isotonic,47,147,0.14768280391264976,0.7186662456847084,0.004120431284870385,0.0024539833881874196,0,4,0
2026092817,mert_v1,unweighted,0.5,ridge_platt,47,147,0.14356237262777938,0.44924570573844685,0.0,-0.0016664478966829654,0,4,0
2026092817,mert_v1,unweighted,1.0,raw,94,239,0.14356237262777938,0.44924570573844685,0.0,6.730155171111307e-05,0,4,0
2026092817,mert_v1,unweighted,1.0,prior_offset,94,239,0.14356237262777938,0.44924570573844685,0.0,6.730155171111307e-05,0,4,0
2026092817,mert_v1,unweighted,1.0,temperature,94,239,0.14313412075648507,0.44754833336024014,-0.0004282518712943051,-0.000360950319583192,0,4,0
2026092817,mert_v1,unweighted,1.0,platt,94,239,0.14349507107606826,0.447895716266207,-6.730155171111307e-05,0.0,0,4,0
2026092817,mert_v1,unweighted,1.0,beta,94,239,0.14363470072209264,0.4484336864599461,7.232809431326204e-05,0.0001396296460243751,0,4,1
2026092817,mert_v1,unweighted,1.0,isotonic,94,239,0.1453306806875912,0.676538478068554,0.0017683080598118184,0.0018356096115229315,0,4,0
2026092817,mert_v1,unweighted,1.0,ridge_platt,94,239,0.1443388742214569,0.4509980398945146,0.0007765015936775088,0.0008438031453886219,0,4,0
2026092818,maest,ambient_balanced,0.25,raw,24,59,0.13242659467478496,0.4161373649241842,0.0,-0.0003774273797618466,0,4,0
2026092818,maest,ambient_balanced,0.25,prior_offset,24,59,0.1263255033846111,0.4035869937871819,-0.00610109129017386,-0.006478518669935707,0,4,0
2026092818,maest,ambient_balanced,0.25,temperature,24,59,0.13305855297810018,0.423037272370183,0.0006319583033152221,0.0002545309235533755,0,4,0
2026092818,maest,ambient_balanced,0.25,platt,24,59,0.1328040220545468,0.42460541146843084,0.0003774273797618466,0.0,0,4,0
2026092818,maest,ambient_balanced,0.25,beta,24,59,0.13320797717958174,0.4236649028796067,0.0007813825047967848,0.00040395512503493824,0,4,1
2026092818,maest,ambient_balanced,0.25,isotonic,24,59,0.1349898720127459,0.532487108549049,0.0025632773379609397,0.002185849958199093,0,4,0
2026092818,maest,ambient_balanced,0.25,ridge_platt,24,59,0.12996707503302563,0.4111885978417748,-0.0024595196417593335,-0.00283694702152118,0,4,0
2026092818,maest,ambient_balanced,0.5,raw,47,102,0.13242659467478496,0.4161373649241842,0.0,0.004469914580229717,0,4,0
2026092818,maest,ambient_balanced,0.5,prior_offset,47,102,0.1263255033846111,0.4035869937871819,-0.00610109129017386,-0.0016311767099441432,0,4,0
2026092818,maest,ambient_balanced,0.5,temperature,47,102,0.13344067954989342,0.4233386004319655,0.0010140848751084564,0.005483999455338173,0,4,0
2026092818,maest,ambient_balanced,0.5,platt,47,102,0.12795668009455524,0.40908175029446725,-0.004469914580229717,0.0,0,4,0
2026092818,maest,ambient_balanced,0.5,beta,47,102,0.13045214408195385,0.41181192678283896,-0.0019744505928311062,0.0024954639873986106,0,4,1
2026092818,maest,ambient_balanced,0.5,isotonic,47,102,0.13227027519994866,0.5179173636536895,-0.00015631947483629727,0.00431359510539342,0,4,0
2026092818,maest,ambient_balanced,0.5,ridge_platt,47,102,0.12856763004403585,0.4102128794127111,-0.003858964630749112,0.0006109499494806048,0,4,0
2026092818,maest,ambient_balanced,1.0,raw,94,232,0.13242659467478496,0.4161373649241842,0.0,0.004439584512321765,0,4,0
2026092818,maest,ambient_balanced,1.0,prior_offset,94,232,0.1263255033846111,0.4035869937871819,-0.00610109129017386,-0.0016615067778520953,0,4,0
2026092818,maest,ambient_balanced,1.0,temperature,94,232,0.1343102382123113,0.42493368295786954,0.0018836435375263472,0.006323228049848112,0,4,0
2026092818,maest,ambient_balanced,1.0,platt,94,232,0.1279870101624632,0.4091360988262853,-0.004439584512321765,0.0,0,4,0
2026092818,maest,ambient_balanced,1.0,beta,94,232,0.1298169897281355,0.4111111207933693,-0.0026096049466494686,0.0018299795656722961,0,4,1
2026092818,maest,ambient_balanced,1.0,isotonic,94,232,0.12875613612467177,0.4715842434118532,-0.0036704585501131926,0.0007691259622085722,0,4,0
2026092818,maest,ambient_balanced,1.0,ridge_platt,94,232,0.12636074796290578,0.40308990089593766,-0.00606584671187918,-0.0016262621995574156,0,4,0
2026092818,maest,unweighted,0.25,raw,24,59,0.12496107708455753,0.3981376502127121,0.0,-0.007227117988944515,0,4,0
2026092818,maest,unweighted,0.25,prior_offset,24,59,0.12496107708455753,0.3981376502127121,0.0,-0.007227117988944515,0,4,0
2026092818,maest,unweighted,0.25,temperature,24,59,0.12605650649127015,0.4067330529845102,0.001095429406712617,-0.006131688582231898,0,4,0
2026092818,maest,unweighted,0.25,platt,24,59,0.13218819507350205,0.4230746096958877,0.007227117988944515,0.0,0,4,0
2026092818,maest,unweighted,0.25,beta,24,59,0.13273437857266568,0.4221844277499656,0.0077733014881081475,0.0005461834991636327,0,4,2
2026092818,maest,unweighted,0.25,isotonic,24,59,0.1359858044171145,0.5021227460357007,0.011024727332556966,0.0037976093436124514,0,4,0
2026092818,maest,unweighted,0.25,ridge_platt,24,59,0.12646078078193257,0.4021802073110468,0.0014997036973750377,-0.005727414291569477,0,4,0
2026092818,maest,unweighted,0.5,raw,47,102,0.12496107708455753,0.3981376502127121,0.0,-0.0025001083997903406,0,4,0
2026092818,maest,unweighted,0.5,prior_offset,47,102,0.12496107708455753,0.3981376502127121,0.0,-0.0025001083997903406,0,4,0
2026092818,maest,unweighted,0.5,temperature,47,102,0.12583396541115557,0.40444575678498434,0.0008728883265980425,-0.0016272200731922981,0,4,0
2026092818,maest,unweighted,0.5,platt,47,102,0.12746118548434787,0.4077342235108947,0.0025001083997903406,0.0,0,4,0
2026092818,maest,unweighted,0.5,beta,47,102,0.12917909689599674,0.40845270282117196,0.004218019811439211,0.0017179114116488703,0,4,1
2026092818,maest,unweighted,0.5,isotonic,47,102,0.13205476577036007,0.5164241165419899,0.0070936886858025405,0.0045935802860122,0,4,0
2026092818,maest,unweighted,0.5,ridge_platt,47,102,0.12598037938685663,0.4032042504540255,0.0010193023022991021,-0.0014808060974912385,0,4,0
2026092818,maest,unweighted,1.0,raw,94,232,0.12496107708455753,0.3981376502127121,0.0,-0.002454061166868887,0,4,0
2026092818,maest,unweighted,1.0,prior_offset,94,232,0.12496107708455753,0.3981376502127121,0.0,-0.002454061166868887,0,4,0
2026092818,maest,unweighted,1.0,temperature,94,232,0.1267766304817016,0.4063765445121357,0.0018155533971440652,-0.000638507769724822,0,4,0
2026092818,maest,unweighted,1.0,platt,94,232,0.12741513825142642,0.40764738730130656,0.002454061166868887,0.0,0,4,0
2026092818,maest,unweighted,1.0,beta,94,232,0.12839085795698263,0.4076129828219073,0.0034297808724250978,0.0009757197055562106,0,4,1
2026092818,maest,unweighted,1.0,isotonic,94,232,0.12922078377680443,0.47181872803049396,0.004259706692246901,0.0018056455253780135,0,4,0
2026092818,maest,unweighted,1.0,ridge_platt,94,232,0.12556283117170317,0.40089723729714904,0.0006017540871456339,-0.0018523070797232533,0,4,0
2026092818,mert_v0,ambient_balanced,0.25,raw,24,59,0.15630134283231867,0.47897186519340956,0.0,0.009298450929008828,0,4,0
2026092818,mert_v0,ambient_balanced,0.25,prior_offset,24,59,0.14443305014473,0.4507357797009966,-0.011868292687588655,-0.0025698417585798272,0,4,0
2026092818,mert_v0,ambient_balanced,0.25,temperature,24,59,0.15694147464317537,0.48178867289414906,0.0006401318108567033,0.009938582739865531,0,4,0
2026092818,mert_v0,ambient_balanced,0.25,platt,24,59,0.14700289190330984,0.46458006047086947,-0.009298450929008828,0.0,0,4,0
2026092818,mert_v0,ambient_balanced,0.25,beta,24,59,0.14703465099310586,0.4658386509594511,-0.009266691839212804,3.175908979602404e-05,0,4,4
2026092818,mert_v0,ambient_balanced,0.25,isotonic,24,59,0.1510463478829798,0.9318041223255447,-0.00525499494933887,0.004043455979669958,0,4,0
2026092818,mert_v0,ambient_balanced,0.25,ridge_platt,24,59,0.14846427570297333,0.4600749229231789,-0.007837067129345343,0.0014613837996634849,0,4,0
2026092818,mert_v0,ambient_balanced,0.5,raw,47,102,0.15630134283231867,0.47897186519340956,0.0,0.014114859398233787,0,4,0
2026092818,mert_v0,ambient_balanced,0.5,prior_offset,47,102,0.14443305014473,0.4507357797009966,-0.011868292687588655,0.0022465667106451315,0,4,0
2026092818,mert_v0,ambient_balanced,0.5,temperature,47,102,0.15679415882049055,0.482531737610324,0.0004928159881718852,0.014607675386405672,0,4,0
2026092818,mert_v0,ambient_balanced,0.5,platt,47,102,0.14218648343408488,0.45122347865789453,-0.014114859398233787,0.0,0,4,0
2026092818,mert_v0,ambient_balanced,0.5,beta,47,102,0.14306023613287577,0.44877879305474944,-0.013241106699442895,0.0008737526987908917,0,4,3
2026092818,mert_v0,ambient_balanced,0.5,isotonic,47,102,0.14929448170444137,0.6662226803707975,-0.007006861127877295,0.0071079982703564915,0,4,0
2026092818,mert_v0,ambient_balanced,0.5,ridge_platt,47,102,0.14505258464882517,0.4601897513904418,-0.011248758183493496,0.002866101214740291,0,4,0
2026092818,mert_v0,ambient_balanced,1.0,raw,94,232,0.15630134283231867,0.47897186519340956,0.0,0.014188719156111446,0,4,0
2026092818,mert_v0,ambient_balanced,1.0,prior_offset,94,232,0.14443305014473,0.4507357797009966,-0.011868292687588655,0.0023204264685227904,0,4,0
2026092818,mert_v0,ambient_balanced,1.0,temperature,94,232,0.15633596431399652,0.4801848283076125,3.462148167784895e-05,0.014223340637789295,0,4,0
2026092818,mert_v0,ambient_balanced,1.0,platt,94,232,0.14211262367620722,0.4489749954728224,-0.014188719156111446,0.0,0,4,0
2026092818,mert_v0,ambient_balanced,1.0,beta,94,232,0.14252825076248465,0.4453938581049606,-0.013773092069834014,0.0004156270862774314,0,4,3
2026092818,mert_v0,ambient_balanced,1.0,isotonic,94,232,0.14582945203942888,0.6199051826969127,-0.010471890792889793,0.0037168283632216526,0,4,0
2026092818,mert_v0,ambient_balanced,1.0,ridge_platt,94,232,0.1422700918570141,0.4498140207570181,-0.014031250975304554,0.00015746818080689118,0,4,0
2026092818,mert_v0,unweighted,0.25,raw,24,59,0.14383312528452857,0.4490031779814187,0.0,-0.002956336642599089,0,4,0
2026092818,mert_v0,unweighted,0.25,prior_offset,24,59,0.14383312528452857,0.4490031779814187,0.0,-0.002956336642599089,0,4,0
2026092818,mert_v0,unweighted,0.25,temperature,24,59,0.14454340778522456,0.45280773560304555,0.0007102825006959912,-0.0022460541419030977,0,4,0
2026092818,mert_v0,unweighted,0.25,platt,24,59,0.14678946192712766,0.46458568007324447,0.002956336642599089,0.0,0,4,0
2026092818,mert_v0,unweighted,0.25,beta,24,59,0.14650310788986914,0.4648526359980266,0.0026699826053405706,-0.00028635403725851827,0,4,3
2026092818,mert_v0,unweighted,0.25,isotonic,24,59,0.1514807449138546,0.96716818591342,0.00764761962932603,0.004691282986726941,0,4,0
2026092818,mert_v0,unweighted,0.25,ridge_platt,24,59,0.14369865000915255,0.4483307961352392,-0.00013447527537602255,-0.0030908119179751115,0,4,0
2026092818,mert_v0,unweighted,0.5,raw,47,102,0.14383312528452857,0.4490031779814187,0.0,0.0017744168023751672,0,4,0
2026092818,mert_v0,unweighted,0.5,prior_offset,47,102,0.14383312528452857,0.4490031779814187,0.0,0.0017744168023751672,0,4,0
2026092818,mert_v0,unweighted,0.5,temperature,47,102,0.1441772537662942,0.45268860535514055,0.0003441284817656265,0.0021185452841407937,0,4,0
2026092818,mert_v0,unweighted,0.5,platt,47,102,0.1420587084821534,0.4514654944187945,-0.0017744168023751672,0.0,0,4,0
2026092818,mert_v0,unweighted,0.5,beta,47,102,0.14297415289002716,0.4487626705829745,-0.0008589723945014172,0.00091544440787375,0,4,3
2026092818,mert_v0,unweighted,0.5,isotonic,47,102,0.14934722729738348,0.700148505525682,0.0055141020128549045,0.007288518815230072,0,4,0
2026092818,mert_v0,unweighted,0.5,ridge_platt,47,102,0.14110848471758167,0.45021911520658014,-0.0027246405669469065,-0.0009502237645717393,0,4,0
2026092818,mert_v0,unweighted,1.0,raw,94,232,0.14383312528452857,0.4490031779814187,0.0,0.0019785402940689645,0,4,0
2026092818,mert_v0,unweighted,1.0,prior_offset,94,232,0.14383312528452857,0.4490031779814187,0.0,0.0019785402940689645,0,4,0
2026092818,mert_v0,unweighted,1.0,temperature,94,232,0.1440235724112455,0.4515646435805833,0.00019044712671692499,0.0021689874207858895,0,4,0
2026092818,mert_v0,unweighted,1.0,platt,94,232,0.1418545849904596,0.4487724083375168,-0.0019785402940689645,0.0,0,4,0
2026092818,mert_v0,unweighted,1.0,beta,94,232,0.1421398774857332,0.4450930274868775,-0.001693247798795372,0.00028529249527359246,0,4,3
2026092818,mert_v0,unweighted,1.0,isotonic,94,232,0.14576846736694066,0.6207012529298094,0.0019353420824120837,0.003913882376481048,0,4,0
2026092818,mert_v0,unweighted,1.0,ridge_platt,94,232,0.14138326833186193,0.4481580517654409,-0.0024498569526666403,-0.0004713166585976758,0,4,0
2026092818,mert_v1,ambient_balanced,0.25,raw,24,59,0.15782969449920206,0.4826748373272127,0.0,0.004685992051180282,0,4,0
2026092818,mert_v1,ambient_balanced,0.25,prior_offset,24,59,0.1460964969214961,0.45322027778799356,-0.011733197577705967,-0.007047205526525685,0,4,0
2026092818,mert_v1,ambient_balanced,0.25,temperature,24,59,0.1603551951837097,0.4912005062807224,0.002525500684507631,0.007211492735687913,0,4,0
2026092818,mert_v1,ambient_balanced,0.25,platt,24,59,0.15314370244802178,0.4812103587748253,-0.004685992051180282,0.0,0,4,0
2026092818,mert_v1,ambient_balanced,0.25,beta,24,59,0.1551008508504954,0.4939223521756745,-0.0027288436487066525,0.0019571484024736296,0,4,3
2026092818,mert_v1,ambient_balanced,0.25,isotonic,24,59,0.16919525365673777,1.284965361070649,0.011365559157535704,0.016051551208715986,0,4,0
2026092818,mert_v1,ambient_balanced,0.25,ridge_platt,24,59,0.15082599795253096,0.4637510165213343,-0.007003696546671101,-0.002317704495490819,0,4,0
2026092818,mert_v1,ambient_balanced,0.5,raw,47,102,0.15782969449920206,0.4826748373272127,0.0,0.01113371832804591,0,4,0
2026092818,mert_v1,ambient_balanced,0.5,prior_offset,47,102,0.1460964969214961,0.45322027778799356,-0.011733197577705967,-0.0005994792496600565,0,4,0
2026092818,mert_v1,ambient_balanced,0.5,temperature,47,102,0.16030138188713014,0.4940208875448604,0.0024716873879280787,0.01360540571597399,0,4,0
2026092818,mert_v1,ambient_balanced,0.5,platt,47,102,0.14669597617115615,0.4664750938064931,-0.01113371832804591,0.0,0,4,0
2026092818,mert_v1,ambient_balanced,0.5,beta,47,102,0.14770493553884664,0.46577738654023915,-0.010124758960355418,0.0010089593676904929,0,4,1
2026092818,mert_v1,ambient_balanced,0.5,isotonic,47,102,0.1571159648044913,0.9896299735780656,-0.0007137296947107574,0.010419988633335153,0,4,0
2026092818,mert_v1,ambient_balanced,0.5,ridge_platt,47,102,0.14882969426380113,0.46984486442680395,-0.009000000235400929,0.0021337180926449817,0,4,0
2026092818,mert_v1,ambient_balanced,1.0,raw,94,232,0.15782969449920206,0.4826748373272127,0.0,0.012598562264832358,0,4,0
2026092818,mert_v1,ambient_balanced,1.0,prior_offset,94,232,0.1460964969214961,0.45322027778799356,-0.011733197577705967,0.0008653646871263909,0,4,0
2026092818,mert_v1,ambient_balanced,1.0,temperature,94,232,0.15846865449103426,0.4855132908583174,0.0006389599918321942,0.013237522256664552,0,4,0
2026092818,mert_v1,ambient_balanced,1.0,platt,94,232,0.1452311322343697,0.456258225527671,-0.012598562264832358,0.0,0,4,0
2026092818,mert_v1,ambient_balanced,1.0,beta,94,232,0.14532941731723448,0.4543163592526855,-0.012500277181967584,9.828508286477411e-05,0,4,1
2026092818,mert_v1,ambient_balanced,1.0,isotonic,94,232,0.15121184857428493,0.8294184224083243,-0.006617845924917126,0.005980716339915232,0,4,0
2026092818,mert_v1,ambient_balanced,1.0,ridge_platt,94,232,0.14533753045616812,0.45456082160889655,-0.012492164043033938,0.00010639822179842051,0,4,0
2026092818,mert_v1,unweighted,0.25,raw,24,59,0.14561095456332607,0.4521780377046617,0.0,-0.007070260941215489,0,4,0
2026092818,mert_v1,unweighted,0.25,prior_offset,24,59,0.14561095456332607,0.4521780377046617,0.0,-0.007070260941215489,0,4,0
2026092818,mert_v1,unweighted,0.25,temperature,24,59,0.14792040417135796,0.4615014107489678,0.002309449608031894,-0.0047608113331835955,0,4,0
2026092818,mert_v1,unweighted,0.25,platt,24,59,0.15268121550454156,0.48060009799916015,0.007070260941215489,0.0,0,4,0
2026092818,mert_v1,unweighted,0.25,beta,24,59,0.1541940387205565,0.49224473252209,0.008583084157230442,0.0015128232160149524,0,4,2
2026092818,mert_v1,unweighted,0.25,isotonic,24,59,0.1638718128242615,1.3361291855685966,0.01826085826093543,0.011190597319719942,0,4,0
2026092818,mert_v1,unweighted,0.25,ridge_platt,24,59,0.1455044145906408,0.45075706111052083,-0.0001065399726852545,-0.007176800913900744,0,4,0
2026092818,mert_v1,unweighted,0.5,raw,47,102,0.14561095456332607,0.4521780377046617,0.0,-0.0007719767978548453,0,4,0
2026092818,mert_v1,unweighted,0.5,prior_offset,47,102,0.14561095456332607,0.4521780377046617,0.0,-0.0007719767978548453,0,4,0
2026092818,mert_v1,unweighted,0.5,temperature,47,102,0.1480433938972369,0.46473785757123887,0.002432439333910824,0.0016604625360559788,0,4,0
2026092818,mert_v1,unweighted,0.5,platt,47,102,0.1463829313611809,0.46641875605174954,0.0007719767978548453,0.0,0,4,0
2026092818,mert_v1,unweighted,0.5,beta,47,102,0.14652715325485002,0.46319307113971964,0.0009161986915239562,0.00014422189366911087,0,4,1
2026092818,mert_v1,unweighted,0.5,isotonic,47,102,0.1569822019862158,1.0554367230444779,0.011371247422889724,0.010599270625034879,0,4,0
2026092818,mert_v1,unweighted,0.5,ridge_platt,47,102,0.14446467234888669,0.4588635075273735,-0.0011462822144393814,-0.0019182590122942267,0,4,0
2026092818,mert_v1,unweighted,1.0,raw,94,232,0.14561095456332607,0.4521780377046617,0.0,0.000665030182231019,0,4,0
2026092818,mert_v1,unweighted,1.0,prior_offset,94,232,0.14561095456332607,0.4521780377046617,0.0,0.000665030182231019,0,4,0
2026092818,mert_v1,unweighted,1.0,temperature,94,232,0.14627789128283536,0.45650579828851856,0.0006669367195092923,0.0013319669017403113,0,4,0
2026092818,mert_v1,unweighted,1.0,platt,94,232,0.14494592438109505,0.4560952252600471,-0.000665030182231019,0.0,0,4,0
2026092818,mert_v1,unweighted,1.0,beta,94,232,0.14530508517882798,0.45485686534823194,-0.00030586938449808643,0.0003591607977329325,0,4,2
2026092818,mert_v1,unweighted,1.0,isotonic,94,232,0.1508590223016094,0.829899420341592,0.005248067738283346,0.005913097920514365,0,4,0
2026092818,mert_v1,unweighted,1.0,ridge_platt,94,232,0.14451983845907293,0.45296919988046713,-0.001091116104253137,-0.00042608592202211804,0,4,0
2026092819,maest,ambient_balanced,0.25,raw,24,52,0.14691881726478126,0.4554579534240617,0.0,-0.004772705306345576,0,4,0
2026092819,maest,ambient_balanced,0.25,prior_offset,24,52,0.14312353402871858,0.4436471185961853,-0.00379528323606268,-0.008567988542408256,0,4,0
2026092819,maest,ambient_balanced,0.25,temperature,24,52,0.14838820913284903,0.4655952582729402,0.0014693918680677709,-0.003303313438277805,0,4,0
2026092819,maest,ambient_balanced,0.25,platt,24,52,0.15169152257112684,0.4821189530620815,0.004772705306345576,0.0,0,4,0
2026092819,maest,ambient_balanced,0.25,beta,24,52,0.15282471549740767,0.4852757679575902,0.005905898232626411,0.001133192926280835,0,4,2
2026092819,maest,ambient_balanced,0.25,isotonic,24,52,0.16055614546428093,1.0018340347792145,0.013637328199499671,0.008864622893154095,0,4,0
2026092819,maest,ambient_balanced,0.25,ridge_platt,24,52,0.14372865679661684,0.4519704138680212,-0.0031901604681644213,-0.007962865774509997,0,4,0
2026092819,maest,ambient_balanced,0.5,raw,47,105,0.14691881726478126,0.4554579534240617,0.0,-0.0027852775328856827,0,4,0
2026092819,maest,ambient_balanced,0.5,prior_offset,47,105,0.14312353402871858,0.4436471185961853,-0.00379528323606268,-0.0065805607689483625,0,4,0
2026092819,maest,ambient_balanced,0.5,temperature,47,105,0.1493292612390117,0.4691767750391829,0.0024104439742304307,-0.00037483355865525203,0,4,0
2026092819,maest,ambient_balanced,0.5,platt,47,105,0.14970409479766694,0.46916534269838445,0.0027852775328856827,0.0,0,4,0
2026092819,maest,ambient_balanced,0.5,beta,47,105,0.15006145434903967,0.4762158967629436,0.0031426370842584095,0.0003573595513727268,0,4,2
2026092819,maest,ambient_balanced,0.5,isotonic,47,105,0.15328506859655272,1.0465620821908301,0.006366251331771461,0.003580973798885778,0,4,0
2026092819,maest,ambient_balanced,0.5,ridge_platt,47,105,0.14729100587429853,0.4588358875487726,0.0003721886095172655,-0.002413088923368417,0,4,0
2026092819,maest,ambient_balanced,1.0,raw,94,234,0.14691881726478126,0.4554579534240617,0.0,0.0015941053670125993,0,4,0
2026092819,maest,ambient_balanced,1.0,prior_offset,94,234,0.14312353402871858,0.4436471185961853,-0.00379528323606268,-0.0022011778690500805,0,4,0
2026092819,maest,ambient_balanced,1.0,temperature,94,234,0.14819338242049562,0.4623063694038537,0.0012745651557143634,0.0028686705227269627,0,4,0
2026092819,maest,ambient_balanced,1.0,platt,94,234,0.14532471189776866,0.45224482280827905,-0.0015941053670125993,0.0,0,4,0
2026092819,maest,ambient_balanced,1.0,beta,94,234,0.14653534586725636,0.45905566898536576,-0.00038347139752489823,0.001210633969487701,0,4,0
2026092819,maest,ambient_balanced,1.0,isotonic,94,234,0.15256250055720338,0.8539929696979145,0.005643683292422125,0.007237788659434724,0,4,0
2026092819,maest,ambient_balanced,1.0,ridge_platt,94,234,0.14347065670422435,0.44731608540961865,-0.003448160560556912,-0.0018540551935443128,0,4,0
2026092819,maest,unweighted,0.25,raw,24,52,0.1419148237461504,0.4400306833366228,0.0,-0.009483873726299857,0,4,0
2026092819,maest,unweighted,0.25,prior_offset,24,52,0.1419148237461504,0.4400306833366228,0.0,-0.009483873726299857,0,4,0
2026092819,maest,unweighted,0.25,temperature,24,52,0.14274099036457125,0.4495346498222911,0.0008261666184208594,-0.008657707107878998,0,4,0
2026092819,maest,unweighted,0.25,platt,24,52,0.15139869747245024,0.4810606313044275,0.009483873726299857,0.0,0,4,0
2026092819,maest,unweighted,0.25,beta,24,52,0.15243778920787238,0.4835469868483282,0.01052296546172199,0.0010390917354221318,0,4,3
2026092819,maest,unweighted,0.25,isotonic,24,52,0.16063686664889693,1.004553042607618,0.01872204290274654,0.009238169176446681,0,4,0
2026092819,maest,unweighted,0.25,ridge_platt,24,52,0.1442116105125492,0.4511893164790467,0.0022967867663988006,-0.007187086959901057,0,4,0
2026092819,maest,unweighted,0.5,raw,47,105,0.1419148237461504,0.4400306833366228,0.0,-0.007421461040946098,0,4,0
2026092819,maest,unweighted,0.5,prior_offset,47,105,0.1419148237461504,0.4400306833366228,0.0,-0.007421461040946098,0,4,0
2026092819,maest,unweighted,0.5,temperature,47,105,0.14233788550851978,0.4487114171566451,0.0004230617623693922,-0.006998399278576706,0,4,0
2026092819,maest,unweighted,0.5,platt,47,105,0.14933628478709648,0.4678847819148568,0.007421461040946098,0.0,0,4,0
2026092819,maest,unweighted,0.5,beta,47,105,0.14950730176998245,0.47445372758992643,0.007592478023832061,0.00017101698288596312,0,4,3
2026092819,maest,unweighted,0.5,isotonic,47,105,0.15313320425167443,1.0464972497052993,0.01121838050552404,0.0037969194645779414,0,4,0
2026092819,maest,unweighted,0.5,ridge_platt,47,105,0.14692319586372807,0.4575553267652449,0.005008372117577681,-0.002413088923368417,0,4,0
2026092819,maest,unweighted,1.0,raw,94,234,0.1419148237461504,0.4400306833366228,0.0,-0.0033403374886937787,0,4,0
2026092819,maest,unweighted,1.0,prior_offset,94,234,0.1419148237461504,0.4400306833366228,0.0,-0.0033403374886937787,0,4,0
2026092819,maest,unweighted,1.0,temperature,94,234,0.14192027807307747,0.4433583341413576,5.454326927084585e-06,-0.003334883161766694,0,4,0
2026092819,maest,unweighted,1.0,platt,94,234,0.14525516123484417,0.4519180097230811,0.0033403374886937787,0.0,0,4,0
2026092819,maest,unweighted,1.0,beta,94,234,0.1465392416780796,0.45896495647340213,0.00462441793192922,0.0012840804432354413,0,4,0
2026092819,maest,unweighted,1.0,isotonic,94,234,0.15184554854431326,0.8516969839171388,0.009930724798162871,0.006590387309469092,0,4,0
2026092819,maest,unweighted,1.0,ridge_platt,94,234,0.1437951067058103,0.44757702376503483,0.001880282959659918,-0.0014600545290338607,0,4,0
2026092819,mert_v0,ambient_balanced,0.25,raw,24,52,0.16010162615838908,0.4901589565346102,0.0,0.006369145693241679,0,4,0
2026092819,mert_v0,ambient_balanced,0.25,prior_offset,24,52,0.15170958053430864,0.46755681261485443,-0.00839204562408044,-0.002022899930838762,0,4,0
2026092819,mert_v0,ambient_balanced,0.25,temperature,24,52,0.16457834359782836,0.5248487706973867,0.004476717439439282,0.01084586313268096,0,4,0
2026092819,mert_v0,ambient_balanced,0.25,platt,24,52,0.1537324804651474,0.4926894939915023,-0.006369145693241679,0.0,0,4,0
2026092819,mert_v0,ambient_balanced,0.25,beta,24,52,0.15640571753889776,0.494397302428475,-0.003695908619491317,0.002673237073750362,0,4,2
2026092819,mert_v0,ambient_balanced,0.25,isotonic,24,52,0.16805582513827544,1.42470387187475,0.007954198979886362,0.014323344673128041,0,4,0
2026092819,mert_v0,ambient_balanced,0.25,ridge_platt,24,52,0.15333880430709118,0.48454834783183626,-0.0067628218512978955,-0.0003936761580562165,0,4,0
2026092819,mert_v0,ambient_balanced,0.5,raw,47,105,0.16010162615838908,0.4901589565346102,0.0,0.0062906444039253495,0,4,0
2026092819,mert_v0,ambient_balanced,0.5,prior_offset,47,105,0.15170958053430864,0.46755681261485443,-0.00839204562408044,-0.0021014012201550913,0,4,0
2026092819,mert_v0,ambient_balanced,0.5,temperature,47,105,0.16154013235534262,0.5035568020609124,0.0014385061969535429,0.007729150600878892,0,4,0
2026092819,mert_v0,ambient_balanced,0.5,platt,47,105,0.15381098175446373,0.48302780724162064,-0.0062906444039253495,0.0,0,4,0
2026092819,mert_v0,ambient_balanced,0.5,beta,47,105,0.15576381425135896,0.4888036766854989,-0.004337811907030115,0.0019528324968952349,0,4,3
2026092819,mert_v0,ambient_balanced,0.5,isotonic,47,105,0.15791527166195288,0.9737523196466058,-0.002186354496436199,0.00410428990748915,0,4,0
2026092819,mert_v0,ambient_balanced,0.5,ridge_platt,47,105,0.15354128021805363,0.47631718770205805,-0.006560345940335444,-0.0002697015364100941,0,4,0
2026092819,mert_v0,ambient_balanced,1.0,raw,94,234,0.16010162615838908,0.4901589565346102,0.0,0.007755849390800845,0,4,0
2026092819,mert_v0,ambient_balanced,1.0,prior_offset,94,234,0.15170958053430864,0.46755681261485443,-0.00839204562408044,-0.0006361962332795956,0,4,0
2026092819,mert_v0,ambient_balanced,1.0,temperature,94,234,0.16084145741856443,0.4969690575985481,0.0007398312601753498,0.008495680650976195,0,4,0
2026092819,mert_v0,ambient_balanced,1.0,platt,94,234,0.15234577676758823,0.47406767573893016,-0.007755849390800845,0.0,0,4,0
2026092819,mert_v0,ambient_balanced,1.0,beta,94,234,0.15290263837182544,0.4748284626479983,-0.007198987786563638,0.0005568616042372077,0,4,0
2026092819,mert_v0,ambient_balanced,1.0,isotonic,94,234,0.15586969242729723,0.8984275873875208,-0.004231933731091847,0.0035239156597089982,0,4,0
2026092819,mert_v0,ambient_balanced,1.0,ridge_platt,94,234,0.15167069809229075,0.47139807428802016,-0.008430928066098325,-0.0006750786752974802,0,4,0
2026092819,mert_v0,unweighted,0.25,raw,24,52,0.15097986452970058,0.4663225851807355,0.0,-0.0028726635892296626,0,4,0
2026092819,mert_v0,unweighted,0.25,prior_offset,24,52,0.15097986452970058,0.4663225851807355,0.0,-0.0028726635892296626,0,4,0
2026092819,mert_v0,unweighted,0.25,temperature,24,52,0.15432837292060742,0.4966029123876771,0.0033485083909068347,0.00047584480167717214,0,4,0
2026092819,mert_v0,unweighted,0.25,platt,24,52,0.15385252811893024,0.4933326554097832,0.0028726635892296626,0.0,0,4,0
2026092819,mert_v0,unweighted,0.25,beta,24,52,0.1573717875213641,0.49824804818579704,0.006391922991663523,0.003519259402433861,0,4,1
2026092819,mert_v0,unweighted,0.25,isotonic,24,52,0.16915813982822162,1.4913127242221629,0.018178275298521035,0.015305611709291372,0,4,0
2026092819,mert_v0,unweighted,0.25,ridge_platt,24,52,0.15300958294766032,0.4847625055438225,0.002029718417959736,-0.0008429451712699265,0,4,0
2026092819,mert_v0,unweighted,0.5,raw,47,105,0.15097986452970058,0.4663225851807355,0.0,-0.002588423380082139,0,4,0
2026092819,mert_v0,unweighted,0.5,prior_offset,47,105,0.15097986452970058,0.4663225851807355,0.0,-0.002588423380082139,0,4,0
2026092819,mert_v0,unweighted,0.5,temperature,47,105,0.15308416556783921,0.48115060116941405,0.002104301038138634,-0.0004841223419435048,0,4,0
2026092819,mert_v0,unweighted,0.5,platt,47,105,0.15356828790978272,0.4825576705419171,0.002588423380082139,0.0,0,4,0
2026092819,mert_v0,unweighted,0.5,beta,47,105,0.15608151489964284,0.49022153387432954,0.005101650369942257,0.002513226989860118,0,4,3
2026092819,mert_v0,unweighted,0.5,isotonic,47,105,0.156839049336716,0.9708795300211259,0.005859184807015416,0.0032707614269332774,0,4,0
2026092819,mert_v0,unweighted,0.5,ridge_platt,47,105,0.15138031404285118,0.469943809527718,0.0004004495131506025,-0.0021879738669315363,0,4,0
2026092819,mert_v0,unweighted,1.0,raw,94,234,0.15097986452970058,0.4663225851807355,0.0,-0.0012379157042928801,0,4,0
2026092819,mert_v0,unweighted,1.0,prior_offset,94,234,0.15097986452970058,0.4663225851807355,0.0,-0.0012379157042928801,0,4,0
2026092819,mert_v0,unweighted,1.0,temperature,94,234,0.15194035884670704,0.47335177400984996,0.000960494317006455,-0.00027742138728642507,0,4,0
2026092819,mert_v0,unweighted,1.0,platt,94,234,0.15221778023399346,0.4739587901487101,0.0012379157042928801,0.0,0,4,0
2026092819,mert_v0,unweighted,1.0,beta,94,234,0.15240515549557238,0.4733787708033961,0.001425290965871795,0.00018737526157891482,0,4,0
2026092819,mert_v0,unweighted,1.0,isotonic,94,234,0.15603613063794455,0.8999365352792679,0.005056266108243973,0.003818350403951093,0,4,0
2026092819,mert_v0,unweighted,1.0,ridge_platt,94,234,0.15123744386873364,0.4699876735375669,0.0002575793390330594,-0.0009803363652598207,0,4,0
2026092819,mert_v1,ambient_balanced,0.25,raw,24,52,0.15993734824362543,0.4900943652172248,0.0,0.00371817949976333,0,4,0
2026092819,mert_v1,ambient_balanced,0.25,prior_offset,24,52,0.15250044786485306,0.4694950539477474,-0.007436900378772371,-0.003718720879009041,0,4,0
2026092819,mert_v1,ambient_balanced,0.25,temperature,24,52,0.16365170764132042,0.5184584957512312,0.0037143593976949885,0.007432538897458318,0,4,0
2026092819,mert_v1,ambient_balanced,0.25,platt,24,52,0.1562191687438621,0.4915841172199596,-0.00371817949976333,0.0,0,4,0
2026092819,mert_v1,ambient_balanced,0.25,beta,24,52,0.15727945676348315,0.4931231582139897,-0.0026578914801422826,0.0010602880196210474,0,4,2
2026092819,mert_v1,ambient_balanced,0.25,isotonic,24,52,0.17374282024948837,2.032056461164375,0.013805472005862934,0.017523651505626264,0,4,0
2026092819,mert_v1,ambient_balanced,0.25,ridge_platt,24,52,0.1537484742831713,0.4834020079084867,-0.006188873960454144,-0.0024706944606908143,0,4,0
2026092819,mert_v1,ambient_balanced,0.5,raw,47,105,0.15993734824362543,0.4900943652172248,0.0,0.003935083227639469,0,4,0
2026092819,mert_v1,ambient_balanced,0.5,prior_offset,47,105,0.15250044786485306,0.4694950539477474,-0.007436900378772371,-0.003501817151132902,0,4,0
2026092819,mert_v1,ambient_balanced,0.5,temperature,47,105,0.16212495434392507,0.5059371573788769,0.0021876061002996383,0.006122689327939107,0,4,0
2026092819,mert_v1,ambient_balanced,0.5,platt,47,105,0.15600226501598596,0.48703932049659204,-0.003935083227639469,0.0,0,4,0
2026092819,mert_v1,ambient_balanced,0.5,beta,47,105,0.15690307736335746,0.49125817050763243,-0.003034270880267975,0.0009008123473714935,0,4,1
2026092819,mert_v1,ambient_balanced,0.5,isotonic,47,105,0.1595601529301382,1.3930465543247725,-0.000377195313487233,0.0035578879141522357,0,4,0
2026092819,mert_v1,ambient_balanced,0.5,ridge_platt,47,105,0.1531005952634958,0.47443278748295603,-0.006836752980129646,-0.002901669752490177,0,4,0
2026092819,mert_v1,ambient_balanced,1.0,raw,94,234,0.15993734824362543,0.4900943652172248,0.0,0.005870697587242457,0,4,0
2026092819,mert_v1,ambient_balanced,1.0,prior_offset,94,234,0.15250044786485306,0.4694950539477474,-0.007436900378772371,-0.0015662027915299137,0,4,0
2026092819,mert_v1,ambient_balanced,1.0,temperature,94,234,0.1613973067071267,0.4991626287762063,0.0014599584635012763,0.0073306560507437335,0,4,0
2026092819,mert_v1,ambient_balanced,1.0,platt,94,234,0.15406665065638298,0.478109500655528,-0.005870697587242457,0.0,0,4,0
2026092819,mert_v1,ambient_balanced,1.0,beta,94,234,0.1536169480926019,0.47557986869043567,-0.006320400151023531,-0.00044970256378107365,0,4,0
2026092819,mert_v1,ambient_balanced,1.0,isotonic,94,234,0.15432744974141852,0.7637464767412132,-0.005609898502206917,0.00026079908503554017,0,4,0
2026092819,mert_v1,ambient_balanced,1.0,ridge_platt,94,234,0.15300989300502144,0.47515537518099216,-0.006927455238603997,-0.0010567576513615395,0,4,0
2026092819,mert_v1,unweighted,0.25,raw,24,52,0.15199761726229316,0.46868533651389743,0.0,-0.004560686695173233,0,4,0
2026092819,mert_v1,unweighted,0.25,prior_offset,24,52,0.15199761726229316,0.46868533651389743,0.0,-0.004560686695173233,0,4,0
2026092819,mert_v1,unweighted,0.25,temperature,24,52,0.1553103421861652,0.4940596286957438,0.0033127249238720513,-0.0012479617713011815,0,4,0
2026092819,mert_v1,unweighted,0.25,platt,24,52,0.1565583039574664,0.49272850505603194,0.004560686695173233,0.0,0,4,0
2026092819,mert_v1,unweighted,0.25,beta,24,52,0.15897491297369323,0.5008397773116335,0.006977295711400072,0.0024166090162268394,0,4,2
2026092819,mert_v1,unweighted,0.25,isotonic,24,52,0.16848304498618974,1.5896262767819156,0.01648542772389658,0.011924741028723346,0,4,0
2026092819,mert_v1,unweighted,0.25,ridge_platt,24,52,0.1539744370444202,0.484579081956945,0.0019768197821270483,-0.0025838669130461844,0,4,0
2026092819,mert_v1,unweighted,0.5,raw,47,105,0.15199761726229316,0.46868533651389743,0.0,-0.0039180979271404015,0,4,0
2026092819,mert_v1,unweighted,0.5,prior_offset,47,105,0.15199761726229316,0.46868533651389743,0.0,-0.0039180979271404015,0,4,0
2026092819,mert_v1,unweighted,0.5,temperature,47,105,0.15486063692532648,0.4862403544760225,0.002863019663033317,-0.0010550782641070844,0,4,0
2026092819,mert_v1,unweighted,0.5,platt,47,105,0.15591571518943356,0.4869927341077727,0.0039180979271404015,0.0,0,4,0
2026092819,mert_v1,unweighted,0.5,beta,47,105,0.15649186538880505,0.48981185941435257,0.0044942481265118905,0.000576150199371489,0,4,0
2026092819,mert_v1,unweighted,0.5,isotonic,47,105,0.16141037622513968,1.4021641507423004,0.009412758962846518,0.0054946610357061165,0,4,0
2026092819,mert_v1,unweighted,0.5,ridge_platt,47,105,0.15222465325839662,0.4719666941075673,0.00022703599610346403,-0.0036910619310369375,0,4,0
2026092819,mert_v1,unweighted,1.0,raw,94,234,0.15199761726229316,0.46868533651389743,0.0,-0.0020404392187381437,0,4,0
2026092819,mert_v1,unweighted,1.0,prior_offset,94,234,0.15199761726229316,0.46868533651389743,0.0,-0.0020404392187381437,0,4,0
2026092819,mert_v1,unweighted,1.0,temperature,94,234,0.1531917461841459,0.47689229382023735,0.0011941289218527495,-0.0008463102968853942,0,4,0
2026092819,mert_v1,unweighted,1.0,platt,94,234,0.1540380564810313,0.4782116756562412,0.0020404392187381437,0.0,0,4,0
2026092819,mert_v1,unweighted,1.0,beta,94,234,0.1531797998892263,0.47437774049068737,0.0011821826269331481,-0.0008582565918049956,0,4,1
2026092819,mert_v1,unweighted,1.0,isotonic,94,234,0.1537646796908127,0.7631742028403032,0.001767062428519539,-0.0002733767902186046,0,4,0
2026092819,mert_v1,unweighted,1.0,ridge_platt,94,234,0.15243875135733967,0.4733340184712944,0.00044113409504650813,-0.0015993051236916356,0,4,0
