draw,seed,representation,weighting,fraction,label,selected_penalty,inner_fallback_count,selected_inner_fallback_count,final_fit_fallback
0,2026092800,maest,ambient_balanced,0.25,electronic,identity,0,0,False
0,2026092800,maest,ambient_balanced,0.25,pop,identity,0,0,False
0,2026092800,maest,ambient_balanced,0.25,ambient,identity,0,0,False
0,2026092800,maest,ambient_balanced,0.25,rock,identity,0,0,False
0,2026092800,maest,ambient_balanced,0.5,electronic,0.1,0,0,False
0,2026092800,maest,ambient_balanced,0.5,pop,identity,0,0,False
0,2026092800,maest,ambient_balanced,0.5,ambient,0.01,0,0,False
0,2026092800,maest,ambient_balanced,0.5,rock,0.1,0,0,False
0,2026092800,maest,ambient_balanced,1.0,electronic,identity,0,0,False
0,2026092800,maest,ambient_balanced,1.0,pop,identity,0,0,False
0,2026092800,maest,ambient_balanced,1.0,ambient,0.01,0,0,False
0,2026092800,maest,ambient_balanced,1.0,rock,0.0,0,0,False
0,2026092800,maest,unweighted,0.25,electronic,identity,0,0,False
0,2026092800,maest,unweighted,0.25,pop,identity,0,0,False
0,2026092800,maest,unweighted,0.25,ambient,identity,0,0,False
0,2026092800,maest,unweighted,0.25,rock,identity,0,0,False
0,2026092800,maest,unweighted,0.5,electronic,0.1,0,0,False
0,2026092800,maest,unweighted,0.5,pop,identity,0,0,False
0,2026092800,maest,unweighted,0.5,ambient,identity,0,0,False
0,2026092800,maest,unweighted,0.5,rock,0.1,0,0,False
0,2026092800,maest,unweighted,1.0,electronic,identity,0,0,False
0,2026092800,maest,unweighted,1.0,pop,identity,0,0,False
0,2026092800,maest,unweighted,1.0,ambient,identity,0,0,False
0,2026092800,maest,unweighted,1.0,rock,0.0,0,0,False
0,2026092800,mert_v0,ambient_balanced,0.25,electronic,0.1,0,0,False
0,2026092800,mert_v0,ambient_balanced,0.25,pop,identity,0,0,False
0,2026092800,mert_v0,ambient_balanced,0.25,ambient,identity,0,0,False
0,2026092800,mert_v0,ambient_balanced,0.25,rock,identity,0,0,False
0,2026092800,mert_v0,ambient_balanced,0.5,electronic,identity,0,0,False
0,2026092800,mert_v0,ambient_balanced,0.5,pop,0.001,0,0,False
0,2026092800,mert_v0,ambient_balanced,0.5,ambient,0.01,0,0,False
0,2026092800,mert_v0,ambient_balanced,0.5,rock,0.1,0,0,False
0,2026092800,mert_v0,ambient_balanced,1.0,electronic,identity,0,0,False
0,2026092800,mert_v0,ambient_balanced,1.0,pop,0.001,0,0,False
0,2026092800,mert_v0,ambient_balanced,1.0,ambient,0.01,0,0,False
0,2026092800,mert_v0,ambient_balanced,1.0,rock,1.0,0,0,False
0,2026092800,mert_v0,unweighted,0.25,electronic,0.1,0,0,False
0,2026092800,mert_v0,unweighted,0.25,pop,identity,0,0,False
0,2026092800,mert_v0,unweighted,0.25,ambient,identity,0,0,False
0,2026092800,mert_v0,unweighted,0.25,rock,identity,0,0,False
0,2026092800,mert_v0,unweighted,0.5,electronic,identity,0,0,False
0,2026092800,mert_v0,unweighted,0.5,pop,0.001,0,0,False
0,2026092800,mert_v0,unweighted,0.5,ambient,1.0,0,0,False
0,2026092800,mert_v0,unweighted,0.5,rock,0.1,0,0,False
0,2026092800,mert_v0,unweighted,1.0,electronic,identity,0,0,False
0,2026092800,mert_v0,unweighted,1.0,pop,0.001,0,0,False
0,2026092800,mert_v0,unweighted,1.0,ambient,identity,0,0,False
0,2026092800,mert_v0,unweighted,1.0,rock,1.0,0,0,False
0,2026092800,mert_v1,ambient_balanced,0.25,electronic,1.0,0,0,False
0,2026092800,mert_v1,ambient_balanced,0.25,pop,identity,0,0,False
0,2026092800,mert_v1,ambient_balanced,0.25,ambient,identity,0,0,False
0,2026092800,mert_v1,ambient_balanced,0.25,rock,identity,0,0,False
0,2026092800,mert_v1,ambient_balanced,0.5,electronic,identity,0,0,False
0,2026092800,mert_v1,ambient_balanced,0.5,pop,identity,0,0,False
0,2026092800,mert_v1,ambient_balanced,0.5,ambient,0.1,0,0,False
0,2026092800,mert_v1,ambient_balanced,0.5,rock,0.1,0,0,False
0,2026092800,mert_v1,ambient_balanced,1.0,electronic,1.0,0,0,False
0,2026092800,mert_v1,ambient_balanced,1.0,pop,identity,0,0,False
0,2026092800,mert_v1,ambient_balanced,1.0,ambient,0.01,0,0,False
0,2026092800,mert_v1,ambient_balanced,1.0,rock,1.0,0,0,False
0,2026092800,mert_v1,unweighted,0.25,electronic,1.0,0,0,False
0,2026092800,mert_v1,unweighted,0.25,pop,identity,0,0,False
0,2026092800,mert_v1,unweighted,0.25,ambient,identity,0,0,False
0,2026092800,mert_v1,unweighted,0.25,rock,identity,0,0,False
0,2026092800,mert_v1,unweighted,0.5,electronic,identity,0,0,False
0,2026092800,mert_v1,unweighted,0.5,pop,identity,0,0,False
0,2026092800,mert_v1,unweighted,0.5,ambient,1.0,0,0,False
0,2026092800,mert_v1,unweighted,0.5,rock,0.1,0,0,False
0,2026092800,mert_v1,unweighted,1.0,electronic,1.0,0,0,False
0,2026092800,mert_v1,unweighted,1.0,pop,identity,0,0,False
0,2026092800,mert_v1,unweighted,1.0,ambient,identity,0,0,False
0,2026092800,mert_v1,unweighted,1.0,rock,1.0,0,0,False
0,2026092801,maest,ambient_balanced,0.25,electronic,identity,0,0,False
0,2026092801,maest,ambient_balanced,0.25,pop,identity,0,0,False
0,2026092801,maest,ambient_balanced,0.25,ambient,identity,0,0,False
0,2026092801,maest,ambient_balanced,0.25,rock,0.0,0,0,False
0,2026092801,maest,ambient_balanced,0.5,electronic,identity,0,0,False
0,2026092801,maest,ambient_balanced,0.5,pop,identity,0,0,False
0,2026092801,maest,ambient_balanced,0.5,ambient,0.01,0,0,False
0,2026092801,maest,ambient_balanced,0.5,rock,0.1,0,0,False
0,2026092801,maest,ambient_balanced,1.0,electronic,identity,0,0,False
0,2026092801,maest,ambient_balanced,1.0,pop,identity,0,0,False
0,2026092801,maest,ambient_balanced,1.0,ambient,0.001,0,0,False
0,2026092801,maest,ambient_balanced,1.0,rock,identity,0,0,False
0,2026092801,maest,unweighted,0.25,electronic,identity,0,0,False
0,2026092801,maest,unweighted,0.25,pop,identity,0,0,False
0,2026092801,maest,unweighted,0.25,ambient,identity,0,0,False
0,2026092801,maest,unweighted,0.25,rock,0.0,0,0,False
0,2026092801,maest,unweighted,0.5,electronic,identity,0,0,False
0,2026092801,maest,unweighted,0.5,pop,identity,0,0,False
0,2026092801,maest,unweighted,0.5,ambient,identity,0,0,False
0,2026092801,maest,unweighted,0.5,rock,0.1,0,0,False
0,2026092801,maest,unweighted,1.0,electronic,identity,0,0,False
0,2026092801,maest,unweighted,1.0,pop,identity,0,0,False
0,2026092801,maest,unweighted,1.0,ambient,0.01,0,0,False
0,2026092801,maest,unweighted,1.0,rock,identity,0,0,False
0,2026092801,mert_v0,ambient_balanced,0.25,electronic,identity,0,0,False
0,2026092801,mert_v0,ambient_balanced,0.25,pop,identity,0,0,False
0,2026092801,mert_v0,ambient_balanced,0.25,ambient,0.1,0,0,False
0,2026092801,mert_v0,ambient_balanced,0.25,rock,0.0,0,0,False
0,2026092801,mert_v0,ambient_balanced,0.5,electronic,identity,0,0,False
0,2026092801,mert_v0,ambient_balanced,0.5,pop,identity,0,0,False
0,2026092801,mert_v0,ambient_balanced,0.5,ambient,0.01,0,0,False
0,2026092801,mert_v0,ambient_balanced,0.5,rock,1.0,0,0,False
0,2026092801,mert_v0,ambient_balanced,1.0,electronic,identity,0,0,False
0,2026092801,mert_v0,ambient_balanced,1.0,pop,identity,0,0,False
0,2026092801,mert_v0,ambient_balanced,1.0,ambient,0.01,0,0,False
0,2026092801,mert_v0,ambient_balanced,1.0,rock,0.001,0,0,False
0,2026092801,mert_v0,unweighted,0.25,electronic,identity,0,0,False
0,2026092801,mert_v0,unweighted,0.25,pop,identity,0,0,False
0,2026092801,mert_v0,unweighted,0.25,ambient,identity,0,0,False
0,2026092801,mert_v0,unweighted,0.25,rock,0.0,0,0,False
0,2026092801,mert_v0,unweighted,0.5,electronic,identity,0,0,False
0,2026092801,mert_v0,unweighted,0.5,pop,identity,0,0,False
0,2026092801,mert_v0,unweighted,0.5,ambient,identity,0,0,False
0,2026092801,mert_v0,unweighted,0.5,rock,1.0,0,0,False
0,2026092801,mert_v0,unweighted,1.0,electronic,identity,0,0,False
0,2026092801,mert_v0,unweighted,1.0,pop,identity,0,0,False
0,2026092801,mert_v0,unweighted,1.0,ambient,0.01,0,0,False
0,2026092801,mert_v0,unweighted,1.0,rock,0.001,0,0,False
0,2026092801,mert_v1,ambient_balanced,0.25,electronic,identity,0,0,False
0,2026092801,mert_v1,ambient_balanced,0.25,pop,identity,0,0,False
0,2026092801,mert_v1,ambient_balanced,0.25,ambient,0.1,0,0,False
0,2026092801,mert_v1,ambient_balanced,0.25,rock,0.1,0,0,False
0,2026092801,mert_v1,ambient_balanced,0.5,electronic,identity,0,0,False
0,2026092801,mert_v1,ambient_balanced,0.5,pop,identity,0,0,False
0,2026092801,mert_v1,ambient_balanced,0.5,ambient,0.01,0,0,False
0,2026092801,mert_v1,ambient_balanced,0.5,rock,0.1,1,0,False
0,2026092801,mert_v1,ambient_balanced,1.0,electronic,0.1,0,0,False
0,2026092801,mert_v1,ambient_balanced,1.0,pop,identity,0,0,False
0,2026092801,mert_v1,ambient_balanced,1.0,ambient,0.01,0,0,False
0,2026092801,mert_v1,ambient_balanced,1.0,rock,0.1,0,0,False
0,2026092801,mert_v1,unweighted,0.25,electronic,identity,0,0,False
0,2026092801,mert_v1,unweighted,0.25,pop,identity,0,0,False
0,2026092801,mert_v1,unweighted,0.25,ambient,0.01,0,0,False
0,2026092801,mert_v1,unweighted,0.25,rock,0.1,0,0,False
0,2026092801,mert_v1,unweighted,0.5,electronic,identity,0,0,False
0,2026092801,mert_v1,unweighted,0.5,pop,identity,0,0,False
0,2026092801,mert_v1,unweighted,0.5,ambient,identity,0,0,False
0,2026092801,mert_v1,unweighted,0.5,rock,0.1,1,0,False
0,2026092801,mert_v1,unweighted,1.0,electronic,0.1,0,0,False
0,2026092801,mert_v1,unweighted,1.0,pop,identity,0,0,False
0,2026092801,mert_v1,unweighted,1.0,ambient,1.0,0,0,False
0,2026092801,mert_v1,unweighted,1.0,rock,0.1,0,0,False
0,2026092802,maest,ambient_balanced,0.25,electronic,identity,0,0,False
0,2026092802,maest,ambient_balanced,0.25,pop,identity,0,0,False
0,2026092802,maest,ambient_balanced,0.25,ambient,0.01,0,0,False
0,2026092802,maest,ambient_balanced,0.25,rock,identity,0,0,False
0,2026092802,maest,ambient_balanced,0.5,electronic,identity,0,0,False
0,2026092802,maest,ambient_balanced,0.5,pop,identity,0,0,False
0,2026092802,maest,ambient_balanced,0.5,ambient,0.001,0,0,False
0,2026092802,maest,ambient_balanced,0.5,rock,identity,0,0,False
0,2026092802,maest,ambient_balanced,1.0,electronic,identity,0,0,False
0,2026092802,maest,ambient_balanced,1.0,pop,identity,0,0,False
0,2026092802,maest,ambient_balanced,1.0,ambient,0.01,0,0,False
0,2026092802,maest,ambient_balanced,1.0,rock,identity,0,0,False
0,2026092802,maest,unweighted,0.25,electronic,identity,0,0,False
0,2026092802,maest,unweighted,0.25,pop,identity,0,0,False
0,2026092802,maest,unweighted,0.25,ambient,0.1,0,0,False
0,2026092802,maest,unweighted,0.25,rock,identity,0,0,False
0,2026092802,maest,unweighted,0.5,electronic,identity,0,0,False
0,2026092802,maest,unweighted,0.5,pop,identity,0,0,False
0,2026092802,maest,unweighted,0.5,ambient,0.01,0,0,False
0,2026092802,maest,unweighted,0.5,rock,identity,0,0,False
0,2026092802,maest,unweighted,1.0,electronic,identity,0,0,False
0,2026092802,maest,unweighted,1.0,pop,identity,0,0,False
0,2026092802,maest,unweighted,1.0,ambient,identity,0,0,False
0,2026092802,maest,unweighted,1.0,rock,identity,0,0,False
0,2026092802,mert_v0,ambient_balanced,0.25,electronic,identity,0,0,False
0,2026092802,mert_v0,ambient_balanced,0.25,pop,identity,0,0,False
0,2026092802,mert_v0,ambient_balanced,0.25,ambient,0.01,0,0,False
0,2026092802,mert_v0,ambient_balanced,0.25,rock,identity,0,0,False
0,2026092802,mert_v0,ambient_balanced,0.5,electronic,identity,0,0,False
0,2026092802,mert_v0,ambient_balanced,0.5,pop,identity,0,0,False
0,2026092802,mert_v0,ambient_balanced,0.5,ambient,0.001,0,0,False
0,2026092802,mert_v0,ambient_balanced,0.5,rock,0.01,0,0,False
0,2026092802,mert_v0,ambient_balanced,1.0,electronic,identity,0,0,False
0,2026092802,mert_v0,ambient_balanced,1.0,pop,identity,0,0,False
0,2026092802,mert_v0,ambient_balanced,1.0,ambient,0.01,0,0,False
0,2026092802,mert_v0,ambient_balanced,1.0,rock,0.001,0,0,False
0,2026092802,mert_v0,unweighted,0.25,electronic,identity,0,0,False
0,2026092802,mert_v0,unweighted,0.25,pop,identity,0,0,False
0,2026092802,mert_v0,unweighted,0.25,ambient,1.0,0,0,False
0,2026092802,mert_v0,unweighted,0.25,rock,identity,0,0,False
0,2026092802,mert_v0,unweighted,0.5,electronic,identity,0,0,False
0,2026092802,mert_v0,unweighted,0.5,pop,identity,0,0,False
0,2026092802,mert_v0,unweighted,0.5,ambient,identity,0,0,False
0,2026092802,mert_v0,unweighted,0.5,rock,0.01,0,0,False
0,2026092802,mert_v0,unweighted,1.0,electronic,identity,0,0,False
0,2026092802,mert_v0,unweighted,1.0,pop,identity,0,0,False
0,2026092802,mert_v0,unweighted,1.0,ambient,identity,0,0,False
0,2026092802,mert_v0,unweighted,1.0,rock,0.001,0,0,False
0,2026092802,mert_v1,ambient_balanced,0.25,electronic,identity,0,0,False
0,2026092802,mert_v1,ambient_balanced,0.25,pop,identity,0,0,False
0,2026092802,mert_v1,ambient_balanced,0.25,ambient,0.01,0,0,False
0,2026092802,mert_v1,ambient_balanced,0.25,rock,identity,0,0,False
0,2026092802,mert_v1,ambient_balanced,0.5,electronic,identity,0,0,False
0,2026092802,mert_v1,ambient_balanced,0.5,pop,identity,0,0,False
0,2026092802,mert_v1,ambient_balanced,0.5,ambient,0.001,0,0,False
0,2026092802,mert_v1,ambient_balanced,0.5,rock,0.01,0,0,False
0,2026092802,mert_v1,ambient_balanced,1.0,electronic,0.1,0,0,False
0,2026092802,mert_v1,ambient_balanced,1.0,pop,identity,0,0,False
0,2026092802,mert_v1,ambient_balanced,1.0,ambient,0.01,0,0,False
0,2026092802,mert_v1,ambient_balanced,1.0,rock,0.0,0,0,False
0,2026092802,mert_v1,unweighted,0.25,electronic,identity,0,0,False
0,2026092802,mert_v1,unweighted,0.25,pop,identity,0,0,False
0,2026092802,mert_v1,unweighted,0.25,ambient,0.1,0,0,False
0,2026092802,mert_v1,unweighted,0.25,rock,identity,0,0,False
0,2026092802,mert_v1,unweighted,0.5,electronic,identity,0,0,False
0,2026092802,mert_v1,unweighted,0.5,pop,identity,0,0,False
0,2026092802,mert_v1,unweighted,0.5,ambient,identity,0,0,False
0,2026092802,mert_v1,unweighted,0.5,rock,0.01,0,0,False
0,2026092802,mert_v1,unweighted,1.0,electronic,0.1,0,0,False
0,2026092802,mert_v1,unweighted,1.0,pop,identity,0,0,False
0,2026092802,mert_v1,unweighted,1.0,ambient,identity,0,0,False
0,2026092802,mert_v1,unweighted,1.0,rock,0.0,0,0,False
0,2026092803,maest,ambient_balanced,0.25,electronic,0.1,0,0,False
0,2026092803,maest,ambient_balanced,0.25,pop,0.0,0,0,False
0,2026092803,maest,ambient_balanced,0.25,ambient,0.1,0,0,False
0,2026092803,maest,ambient_balanced,0.25,rock,identity,0,0,False
0,2026092803,maest,ambient_balanced,0.5,electronic,identity,0,0,False
0,2026092803,maest,ambient_balanced,0.5,pop,identity,0,0,False
0,2026092803,maest,ambient_balanced,0.5,ambient,0.001,0,0,False
0,2026092803,maest,ambient_balanced,0.5,rock,identity,0,0,False
0,2026092803,maest,ambient_balanced,1.0,electronic,identity,0,0,False
0,2026092803,maest,ambient_balanced,1.0,pop,0.01,0,0,False
0,2026092803,maest,ambient_balanced,1.0,ambient,0.01,0,0,False
0,2026092803,maest,ambient_balanced,1.0,rock,identity,0,0,False
0,2026092803,maest,unweighted,0.25,electronic,0.1,0,0,False
0,2026092803,maest,unweighted,0.25,pop,0.0,0,0,False
0,2026092803,maest,unweighted,0.25,ambient,identity,0,0,False
0,2026092803,maest,unweighted,0.25,rock,identity,0,0,False
0,2026092803,maest,unweighted,0.5,electronic,identity,0,0,False
0,2026092803,maest,unweighted,0.5,pop,identity,0,0,False
0,2026092803,maest,unweighted,0.5,ambient,identity,0,0,False
0,2026092803,maest,unweighted,0.5,rock,identity,0,0,False
0,2026092803,maest,unweighted,1.0,electronic,identity,0,0,False
0,2026092803,maest,unweighted,1.0,pop,0.01,0,0,False
0,2026092803,maest,unweighted,1.0,ambient,identity,0,0,False
0,2026092803,maest,unweighted,1.0,rock,identity,0,0,False
0,2026092803,mert_v0,ambient_balanced,0.25,electronic,identity,0,0,False
0,2026092803,mert_v0,ambient_balanced,0.25,pop,identity,0,0,False
0,2026092803,mert_v0,ambient_balanced,0.25,ambient,0.1,1,0,False
0,2026092803,mert_v0,ambient_balanced,0.25,rock,identity,0,0,False
0,2026092803,mert_v0,ambient_balanced,0.5,electronic,identity,0,0,False
0,2026092803,mert_v0,ambient_balanced,0.5,pop,identity,0,0,False
0,2026092803,mert_v0,ambient_balanced,0.5,ambient,0.01,0,0,False
0,2026092803,mert_v0,ambient_balanced,0.5,rock,0.001,0,0,False
0,2026092803,mert_v0,ambient_balanced,1.0,electronic,identity,0,0,False
0,2026092803,mert_v0,ambient_balanced,1.0,pop,identity,0,0,False
0,2026092803,mert_v0,ambient_balanced,1.0,ambient,0.01,0,0,False
0,2026092803,mert_v0,ambient_balanced,1.0,rock,identity,0,0,False
0,2026092803,mert_v0,unweighted,0.25,electronic,identity,0,0,False
0,2026092803,mert_v0,unweighted,0.25,pop,identity,0,0,False
0,2026092803,mert_v0,unweighted,0.25,ambient,identity,0,0,False
0,2026092803,mert_v0,unweighted,0.25,rock,identity,0,0,False
0,2026092803,mert_v0,unweighted,0.5,electronic,identity,0,0,False
0,2026092803,mert_v0,unweighted,0.5,pop,identity,0,0,False
0,2026092803,mert_v0,unweighted,0.5,ambient,1.0,0,0,False
0,2026092803,mert_v0,unweighted,0.5,rock,0.001,0,0,False
0,2026092803,mert_v0,unweighted,1.0,electronic,identity,0,0,False
0,2026092803,mert_v0,unweighted,1.0,pop,identity,0,0,False
0,2026092803,mert_v0,unweighted,1.0,ambient,identity,0,0,False
0,2026092803,mert_v0,unweighted,1.0,rock,identity,0,0,False
0,2026092803,mert_v1,ambient_balanced,0.25,electronic,0.1,0,0,False
0,2026092803,mert_v1,ambient_balanced,0.25,pop,identity,0,0,False
0,2026092803,mert_v1,ambient_balanced,0.25,ambient,0.1,0,0,False
0,2026092803,mert_v1,ambient_balanced,0.25,rock,identity,0,0,False
0,2026092803,mert_v1,ambient_balanced,0.5,electronic,identity,0,0,False
0,2026092803,mert_v1,ambient_balanced,0.5,pop,identity,0,0,False
0,2026092803,mert_v1,ambient_balanced,0.5,ambient,0.01,0,0,False
0,2026092803,mert_v1,ambient_balanced,0.5,rock,0.001,0,0,False
0,2026092803,mert_v1,ambient_balanced,1.0,electronic,identity,0,0,False
0,2026092803,mert_v1,ambient_balanced,1.0,pop,identity,0,0,False
0,2026092803,mert_v1,ambient_balanced,1.0,ambient,0.01,0,0,False
0,2026092803,mert_v1,ambient_balanced,1.0,rock,identity,0,0,False
0,2026092803,mert_v1,unweighted,0.25,electronic,0.1,0,0,False
0,2026092803,mert_v1,unweighted,0.25,pop,identity,0,0,False
0,2026092803,mert_v1,unweighted,0.25,ambient,identity,0,0,False
0,2026092803,mert_v1,unweighted,0.25,rock,identity,0,0,False
0,2026092803,mert_v1,unweighted,0.5,electronic,identity,0,0,False
0,2026092803,mert_v1,unweighted,0.5,pop,identity,0,0,False
0,2026092803,mert_v1,unweighted,0.5,ambient,1.0,0,0,False
0,2026092803,mert_v1,unweighted,0.5,rock,0.001,0,0,False
0,2026092803,mert_v1,unweighted,1.0,electronic,identity,0,0,False
0,2026092803,mert_v1,unweighted,1.0,pop,identity,0,0,False
0,2026092803,mert_v1,unweighted,1.0,ambient,identity,0,0,False
0,2026092803,mert_v1,unweighted,1.0,rock,identity,0,0,False
0,2026092804,maest,ambient_balanced,0.25,electronic,identity,0,0,False
0,2026092804,maest,ambient_balanced,0.25,pop,identity,0,0,False
0,2026092804,maest,ambient_balanced,0.25,ambient,0.01,0,0,False
0,2026092804,maest,ambient_balanced,0.25,rock,0.01,0,0,False
0,2026092804,maest,ambient_balanced,0.5,electronic,identity,0,0,False
0,2026092804,maest,ambient_balanced,0.5,pop,identity,0,0,False
0,2026092804,maest,ambient_balanced,0.5,ambient,0.1,0,0,False
0,2026092804,maest,ambient_balanced,0.5,rock,identity,0,0,False
0,2026092804,maest,ambient_balanced,1.0,electronic,0.1,0,0,False
0,2026092804,maest,ambient_balanced,1.0,pop,identity,0,0,False
0,2026092804,maest,ambient_balanced,1.0,ambient,0.0,0,0,False
0,2026092804,maest,ambient_balanced,1.0,rock,0.01,0,0,False
0,2026092804,maest,unweighted,0.25,electronic,identity,0,0,False
0,2026092804,maest,unweighted,0.25,pop,identity,0,0,False
0,2026092804,maest,unweighted,0.25,ambient,0.1,0,0,False
0,2026092804,maest,unweighted,0.25,rock,0.01,0,0,False
0,2026092804,maest,unweighted,0.5,electronic,identity,0,0,False
0,2026092804,maest,unweighted,0.5,pop,identity,0,0,False
0,2026092804,maest,unweighted,0.5,ambient,identity,0,0,False
0,2026092804,maest,unweighted,0.5,rock,identity,0,0,False
0,2026092804,maest,unweighted,1.0,electronic,0.1,0,0,False
0,2026092804,maest,unweighted,1.0,pop,identity,0,0,False
0,2026092804,maest,unweighted,1.0,ambient,identity,0,0,False
0,2026092804,maest,unweighted,1.0,rock,0.01,0,0,False
0,2026092804,mert_v0,ambient_balanced,0.25,electronic,identity,0,0,False
0,2026092804,mert_v0,ambient_balanced,0.25,pop,0.0,0,0,False
0,2026092804,mert_v0,ambient_balanced,0.25,ambient,0.0,0,0,False
0,2026092804,mert_v0,ambient_balanced,0.25,rock,0.1,0,0,False
0,2026092804,mert_v0,ambient_balanced,0.5,electronic,identity,0,0,False
0,2026092804,mert_v0,ambient_balanced,0.5,pop,identity,0,0,False
0,2026092804,mert_v0,ambient_balanced,0.5,ambient,0.01,0,0,False
0,2026092804,mert_v0,ambient_balanced,0.5,rock,0.1,0,0,False
0,2026092804,mert_v0,ambient_balanced,1.0,electronic,1.0,0,0,False
0,2026092804,mert_v0,ambient_balanced,1.0,pop,identity,0,0,False
0,2026092804,mert_v0,ambient_balanced,1.0,ambient,0.001,0,0,False
0,2026092804,mert_v0,ambient_balanced,1.0,rock,0.1,0,0,False
0,2026092804,mert_v0,unweighted,0.25,electronic,identity,0,0,False
0,2026092804,mert_v0,unweighted,0.25,pop,0.0,0,0,False
0,2026092804,mert_v0,unweighted,0.25,ambient,0.0,0,0,False
0,2026092804,mert_v0,unweighted,0.25,rock,0.1,0,0,False
0,2026092804,mert_v0,unweighted,0.5,electronic,identity,0,0,False
0,2026092804,mert_v0,unweighted,0.5,pop,identity,0,0,False
0,2026092804,mert_v0,unweighted,0.5,ambient,identity,0,0,False
0,2026092804,mert_v0,unweighted,0.5,rock,0.1,0,0,False
0,2026092804,mert_v0,unweighted,1.0,electronic,1.0,0,0,False
0,2026092804,mert_v0,unweighted,1.0,pop,identity,0,0,False
0,2026092804,mert_v0,unweighted,1.0,ambient,identity,0,0,False
0,2026092804,mert_v0,unweighted,1.0,rock,0.1,0,0,False
0,2026092804,mert_v1,ambient_balanced,0.25,electronic,identity,0,0,False
0,2026092804,mert_v1,ambient_balanced,0.25,pop,identity,0,0,False
0,2026092804,mert_v1,ambient_balanced,0.25,ambient,0.01,0,0,False
0,2026092804,mert_v1,ambient_balanced,0.25,rock,0.001,0,0,False
0,2026092804,mert_v1,ambient_balanced,0.5,electronic,identity,0,0,False
0,2026092804,mert_v1,ambient_balanced,0.5,pop,identity,0,0,False
0,2026092804,mert_v1,ambient_balanced,0.5,ambient,0.01,0,0,False
0,2026092804,mert_v1,ambient_balanced,0.5,rock,0.1,0,0,False
0,2026092804,mert_v1,ambient_balanced,1.0,electronic,identity,0,0,False
0,2026092804,mert_v1,ambient_balanced,1.0,pop,identity,0,0,False
0,2026092804,mert_v1,ambient_balanced,1.0,ambient,0.001,0,0,False
0,2026092804,mert_v1,ambient_balanced,1.0,rock,0.1,0,0,False
0,2026092804,mert_v1,unweighted,0.25,electronic,identity,0,0,False
0,2026092804,mert_v1,unweighted,0.25,pop,identity,0,0,False
0,2026092804,mert_v1,unweighted,0.25,ambient,0.01,0,0,False
0,2026092804,mert_v1,unweighted,0.25,rock,0.001,0,0,False
0,2026092804,mert_v1,unweighted,0.5,electronic,identity,0,0,False
0,2026092804,mert_v1,unweighted,0.5,pop,identity,0,0,False
0,2026092804,mert_v1,unweighted,0.5,ambient,identity,0,0,False
0,2026092804,mert_v1,unweighted,0.5,rock,0.1,0,0,False
0,2026092804,mert_v1,unweighted,1.0,electronic,identity,0,0,False
0,2026092804,mert_v1,unweighted,1.0,pop,identity,0,0,False
0,2026092804,mert_v1,unweighted,1.0,ambient,1.0,0,0,False
0,2026092804,mert_v1,unweighted,1.0,rock,0.1,0,0,False
0,2026092805,maest,ambient_balanced,0.25,electronic,1.0,0,0,False
0,2026092805,maest,ambient_balanced,0.25,pop,identity,0,0,False
0,2026092805,maest,ambient_balanced,0.25,ambient,0.1,0,0,False
0,2026092805,maest,ambient_balanced,0.25,rock,identity,0,0,False
0,2026092805,maest,ambient_balanced,0.5,electronic,identity,0,0,False
0,2026092805,maest,ambient_balanced,0.5,pop,identity,0,0,False
0,2026092805,maest,ambient_balanced,0.5,ambient,0.01,0,0,False
0,2026092805,maest,ambient_balanced,0.5,rock,identity,0,0,False
0,2026092805,maest,ambient_balanced,1.0,electronic,identity,0,0,False
0,2026092805,maest,ambient_balanced,1.0,pop,identity,0,0,False
0,2026092805,maest,ambient_balanced,1.0,ambient,0.01,0,0,False
0,2026092805,maest,ambient_balanced,1.0,rock,identity,0,0,False
0,2026092805,maest,unweighted,0.25,electronic,1.0,0,0,False
0,2026092805,maest,unweighted,0.25,pop,identity,0,0,False
0,2026092805,maest,unweighted,0.25,ambient,identity,0,0,False
0,2026092805,maest,unweighted,0.25,rock,identity,0,0,False
0,2026092805,maest,unweighted,0.5,electronic,identity,0,0,False
0,2026092805,maest,unweighted,0.5,pop,identity,0,0,False
0,2026092805,maest,unweighted,0.5,ambient,identity,0,0,False
0,2026092805,maest,unweighted,0.5,rock,identity,0,0,False
0,2026092805,maest,unweighted,1.0,electronic,identity,0,0,False
0,2026092805,maest,unweighted,1.0,pop,identity,0,0,False
0,2026092805,maest,unweighted,1.0,ambient,identity,0,0,False
0,2026092805,maest,unweighted,1.0,rock,identity,0,0,False
0,2026092805,mert_v0,ambient_balanced,0.25,electronic,1.0,0,0,False
0,2026092805,mert_v0,ambient_balanced,0.25,pop,identity,0,0,False
0,2026092805,mert_v0,ambient_balanced,0.25,ambient,0.1,0,0,False
0,2026092805,mert_v0,ambient_balanced,0.25,rock,identity,0,0,False
0,2026092805,mert_v0,ambient_balanced,0.5,electronic,identity,0,0,False
0,2026092805,mert_v0,ambient_balanced,0.5,pop,identity,0,0,False
0,2026092805,mert_v0,ambient_balanced,0.5,ambient,0.01,0,0,False
0,2026092805,mert_v0,ambient_balanced,0.5,rock,0.1,0,0,False
0,2026092805,mert_v0,ambient_balanced,1.0,electronic,1.0,0,0,False
0,2026092805,mert_v0,ambient_balanced,1.0,pop,identity,0,0,False
0,2026092805,mert_v0,ambient_balanced,1.0,ambient,0.01,0,0,False
0,2026092805,mert_v0,ambient_balanced,1.0,rock,0.01,0,0,False
0,2026092805,mert_v0,unweighted,0.25,electronic,1.0,0,0,False
0,2026092805,mert_v0,unweighted,0.25,pop,identity,0,0,False
0,2026092805,mert_v0,unweighted,0.25,ambient,identity,0,0,False
0,2026092805,mert_v0,unweighted,0.25,rock,identity,0,0,False
0,2026092805,mert_v0,unweighted,0.5,electronic,identity,0,0,False
0,2026092805,mert_v0,unweighted,0.5,pop,identity,0,0,False
0,2026092805,mert_v0,unweighted,0.5,ambient,identity,0,0,False
0,2026092805,mert_v0,unweighted,0.5,rock,0.1,0,0,False
0,2026092805,mert_v0,unweighted,1.0,electronic,1.0,0,0,False
0,2026092805,mert_v0,unweighted,1.0,pop,identity,0,0,False
0,2026092805,mert_v0,unweighted,1.0,ambient,identity,0,0,False
0,2026092805,mert_v0,unweighted,1.0,rock,0.01,0,0,False
0,2026092805,mert_v1,ambient_balanced,0.25,electronic,1.0,0,0,False
0,2026092805,mert_v1,ambient_balanced,0.25,pop,identity,0,0,False
0,2026092805,mert_v1,ambient_balanced,0.25,ambient,0.1,0,0,False
0,2026092805,mert_v1,ambient_balanced,0.25,rock,identity,0,0,False
0,2026092805,mert_v1,ambient_balanced,0.5,electronic,identity,0,0,False
0,2026092805,mert_v1,ambient_balanced,0.5,pop,identity,0,0,False
0,2026092805,mert_v1,ambient_balanced,0.5,ambient,0.01,0,0,False
0,2026092805,mert_v1,ambient_balanced,0.5,rock,1.0,0,0,False
0,2026092805,mert_v1,ambient_balanced,1.0,electronic,0.01,0,0,False
0,2026092805,mert_v1,ambient_balanced,1.0,pop,identity,0,0,False
0,2026092805,mert_v1,ambient_balanced,1.0,ambient,0.01,0,0,False
0,2026092805,mert_v1,ambient_balanced,1.0,rock,0.01,0,0,False
0,2026092805,mert_v1,unweighted,0.25,electronic,1.0,0,0,False
0,2026092805,mert_v1,unweighted,0.25,pop,identity,0,0,False
0,2026092805,mert_v1,unweighted,0.25,ambient,identity,0,0,False
0,2026092805,mert_v1,unweighted,0.25,rock,identity,0,0,False
0,2026092805,mert_v1,unweighted,0.5,electronic,identity,0,0,False
0,2026092805,mert_v1,unweighted,0.5,pop,identity,0,0,False
0,2026092805,mert_v1,unweighted,0.5,ambient,identity,0,0,False
0,2026092805,mert_v1,unweighted,0.5,rock,1.0,0,0,False
0,2026092805,mert_v1,unweighted,1.0,electronic,0.01,0,0,False
0,2026092805,mert_v1,unweighted,1.0,pop,identity,0,0,False
0,2026092805,mert_v1,unweighted,1.0,ambient,identity,0,0,False
0,2026092805,mert_v1,unweighted,1.0,rock,0.01,0,0,False
0,2026092806,maest,ambient_balanced,0.25,electronic,identity,0,0,False
0,2026092806,maest,ambient_balanced,0.25,pop,identity,0,0,False
0,2026092806,maest,ambient_balanced,0.25,ambient,1.0,0,0,False
0,2026092806,maest,ambient_balanced,0.25,rock,identity,0,0,False
0,2026092806,maest,ambient_balanced,0.5,electronic,identity,0,0,False
0,2026092806,maest,ambient_balanced,0.5,pop,identity,0,0,False
0,2026092806,maest,ambient_balanced,0.5,ambient,0.01,0,0,False
0,2026092806,maest,ambient_balanced,0.5,rock,identity,0,0,False
0,2026092806,maest,ambient_balanced,1.0,electronic,identity,0,0,False
0,2026092806,maest,ambient_balanced,1.0,pop,identity,0,0,False
0,2026092806,maest,ambient_balanced,1.0,ambient,0.01,0,0,False
0,2026092806,maest,ambient_balanced,1.0,rock,identity,0,0,False
0,2026092806,maest,unweighted,0.25,electronic,identity,0,0,False
0,2026092806,maest,unweighted,0.25,pop,identity,0,0,False
0,2026092806,maest,unweighted,0.25,ambient,identity,0,0,False
0,2026092806,maest,unweighted,0.25,rock,identity,0,0,False
0,2026092806,maest,unweighted,0.5,electronic,identity,0,0,False
0,2026092806,maest,unweighted,0.5,pop,identity,0,0,False
0,2026092806,maest,unweighted,0.5,ambient,identity,0,0,False
0,2026092806,maest,unweighted,0.5,rock,identity,0,0,False
0,2026092806,maest,unweighted,1.0,electronic,identity,0,0,False
0,2026092806,maest,unweighted,1.0,pop,identity,0,0,False
0,2026092806,maest,unweighted,1.0,ambient,identity,0,0,False
0,2026092806,maest,unweighted,1.0,rock,identity,0,0,False
0,2026092806,mert_v0,ambient_balanced,0.25,electronic,identity,0,0,False
0,2026092806,mert_v0,ambient_balanced,0.25,pop,identity,0,0,False
0,2026092806,mert_v0,ambient_balanced,0.25,ambient,0.1,0,0,False
0,2026092806,mert_v0,ambient_balanced,0.25,rock,0.001,0,0,False
0,2026092806,mert_v0,ambient_balanced,0.5,electronic,identity,0,0,False
0,2026092806,mert_v0,ambient_balanced,0.5,pop,0.0,0,0,False
0,2026092806,mert_v0,ambient_balanced,0.5,ambient,0.01,0,0,False
0,2026092806,mert_v0,ambient_balanced,0.5,rock,0.01,0,0,False
0,2026092806,mert_v0,ambient_balanced,1.0,electronic,identity,0,0,False
0,2026092806,mert_v0,ambient_balanced,1.0,pop,identity,0,0,False
0,2026092806,mert_v0,ambient_balanced,1.0,ambient,0.001,0,0,False
0,2026092806,mert_v0,ambient_balanced,1.0,rock,0.001,0,0,False
0,2026092806,mert_v0,unweighted,0.25,electronic,identity,0,0,False
0,2026092806,mert_v0,unweighted,0.25,pop,identity,0,0,False
0,2026092806,mert_v0,unweighted,0.25,ambient,identity,0,0,False
0,2026092806,mert_v0,unweighted,0.25,rock,0.001,0,0,False
0,2026092806,mert_v0,unweighted,0.5,electronic,identity,0,0,False
0,2026092806,mert_v0,unweighted,0.5,pop,0.0,0,0,False
0,2026092806,mert_v0,unweighted,0.5,ambient,identity,0,0,False
0,2026092806,mert_v0,unweighted,0.5,rock,0.01,0,0,False
0,2026092806,mert_v0,unweighted,1.0,electronic,identity,0,0,False
0,2026092806,mert_v0,unweighted,1.0,pop,identity,0,0,False
0,2026092806,mert_v0,unweighted,1.0,ambient,0.1,0,0,False
0,2026092806,mert_v0,unweighted,1.0,rock,0.001,0,0,False
0,2026092806,mert_v1,ambient_balanced,0.25,electronic,identity,0,0,False
0,2026092806,mert_v1,ambient_balanced,0.25,pop,identity,0,0,False
0,2026092806,mert_v1,ambient_balanced,0.25,ambient,0.1,0,0,False
0,2026092806,mert_v1,ambient_balanced,0.25,rock,0.0,0,0,False
0,2026092806,mert_v1,ambient_balanced,0.5,electronic,0.01,0,0,False
0,2026092806,mert_v1,ambient_balanced,0.5,pop,0.0,0,0,False
0,2026092806,mert_v1,ambient_balanced,0.5,ambient,0.01,0,0,False
0,2026092806,mert_v1,ambient_balanced,0.5,rock,identity,0,0,False
0,2026092806,mert_v1,ambient_balanced,1.0,electronic,identity,0,0,False
0,2026092806,mert_v1,ambient_balanced,1.0,pop,identity,0,0,False
0,2026092806,mert_v1,ambient_balanced,1.0,ambient,0.001,0,0,False
0,2026092806,mert_v1,ambient_balanced,1.0,rock,0.0,0,0,False
0,2026092806,mert_v1,unweighted,0.25,electronic,identity,0,0,False
0,2026092806,mert_v1,unweighted,0.25,pop,identity,0,0,False
0,2026092806,mert_v1,unweighted,0.25,ambient,identity,0,0,False
0,2026092806,mert_v1,unweighted,0.25,rock,0.0,0,0,False
0,2026092806,mert_v1,unweighted,0.5,electronic,0.01,0,0,False
0,2026092806,mert_v1,unweighted,0.5,pop,0.0,0,0,False
0,2026092806,mert_v1,unweighted,0.5,ambient,identity,0,0,False
0,2026092806,mert_v1,unweighted,0.5,rock,identity,0,0,False
0,2026092806,mert_v1,unweighted,1.0,electronic,identity,0,0,False
0,2026092806,mert_v1,unweighted,1.0,pop,identity,0,0,False
0,2026092806,mert_v1,unweighted,1.0,ambient,0.1,0,0,False
0,2026092806,mert_v1,unweighted,1.0,rock,0.0,0,0,False
0,2026092807,maest,ambient_balanced,0.25,electronic,identity,0,0,False
0,2026092807,maest,ambient_balanced,0.25,pop,0.1,0,0,False
0,2026092807,maest,ambient_balanced,0.25,ambient,identity,0,0,False
0,2026092807,maest,ambient_balanced,0.25,rock,0.1,0,0,False
0,2026092807,maest,ambient_balanced,0.5,electronic,1.0,0,0,False
0,2026092807,maest,ambient_balanced,0.5,pop,1.0,0,0,False
0,2026092807,maest,ambient_balanced,0.5,ambient,0.01,0,0,False
0,2026092807,maest,ambient_balanced,0.5,rock,identity,0,0,False
0,2026092807,maest,ambient_balanced,1.0,electronic,identity,0,0,False
0,2026092807,maest,ambient_balanced,1.0,pop,0.001,0,0,False
0,2026092807,maest,ambient_balanced,1.0,ambient,0.01,0,0,False
0,2026092807,maest,ambient_balanced,1.0,rock,identity,0,0,False
0,2026092807,maest,unweighted,0.25,electronic,identity,0,0,False
0,2026092807,maest,unweighted,0.25,pop,0.1,0,0,False
0,2026092807,maest,unweighted,0.25,ambient,identity,0,0,False
0,2026092807,maest,unweighted,0.25,rock,0.1,0,0,False
0,2026092807,maest,unweighted,0.5,electronic,1.0,0,0,False
0,2026092807,maest,unweighted,0.5,pop,1.0,0,0,False
0,2026092807,maest,unweighted,0.5,ambient,identity,0,0,False
0,2026092807,maest,unweighted,0.5,rock,identity,0,0,False
0,2026092807,maest,unweighted,1.0,electronic,identity,0,0,False
0,2026092807,maest,unweighted,1.0,pop,0.001,0,0,False
0,2026092807,maest,unweighted,1.0,ambient,identity,0,0,False
0,2026092807,maest,unweighted,1.0,rock,identity,0,0,False
0,2026092807,mert_v0,ambient_balanced,0.25,electronic,identity,0,0,False
0,2026092807,mert_v0,ambient_balanced,0.25,pop,0.1,0,0,False
0,2026092807,mert_v0,ambient_balanced,0.25,ambient,0.1,0,0,False
0,2026092807,mert_v0,ambient_balanced,0.25,rock,0.1,0,0,False
0,2026092807,mert_v0,ambient_balanced,0.5,electronic,identity,0,0,False
0,2026092807,mert_v0,ambient_balanced,0.5,pop,identity,0,0,False
0,2026092807,mert_v0,ambient_balanced,0.5,ambient,0.01,0,0,False
0,2026092807,mert_v0,ambient_balanced,0.5,rock,identity,0,0,False
0,2026092807,mert_v0,ambient_balanced,1.0,electronic,0.1,0,0,False
0,2026092807,mert_v0,ambient_balanced,1.0,pop,0.01,0,0,False
0,2026092807,mert_v0,ambient_balanced,1.0,ambient,0.01,0,0,False
0,2026092807,mert_v0,ambient_balanced,1.0,rock,1.0,0,0,False
0,2026092807,mert_v0,unweighted,0.25,electronic,identity,0,0,False
0,2026092807,mert_v0,unweighted,0.25,pop,0.1,0,0,False
0,2026092807,mert_v0,unweighted,0.25,ambient,identity,0,0,False
0,2026092807,mert_v0,unweighted,0.25,rock,0.1,0,0,False
0,2026092807,mert_v0,unweighted,0.5,electronic,identity,0,0,False
0,2026092807,mert_v0,unweighted,0.5,pop,identity,0,0,False
0,2026092807,mert_v0,unweighted,0.5,ambient,identity,0,0,False
0,2026092807,mert_v0,unweighted,0.5,rock,identity,0,0,False
0,2026092807,mert_v0,unweighted,1.0,electronic,0.1,0,0,False
0,2026092807,mert_v0,unweighted,1.0,pop,0.01,0,0,False
0,2026092807,mert_v0,unweighted,1.0,ambient,identity,0,0,False
0,2026092807,mert_v0,unweighted,1.0,rock,1.0,0,0,False
0,2026092807,mert_v1,ambient_balanced,0.25,electronic,0.0,0,0,False
0,2026092807,mert_v1,ambient_balanced,0.25,pop,0.1,0,0,False
0,2026092807,mert_v1,ambient_balanced,0.25,ambient,0.1,0,0,False
0,2026092807,mert_v1,ambient_balanced,0.25,rock,0.1,0,0,False
0,2026092807,mert_v1,ambient_balanced,0.5,electronic,1.0,0,0,False
0,2026092807,mert_v1,ambient_balanced,0.5,pop,identity,0,0,False
0,2026092807,mert_v1,ambient_balanced,0.5,ambient,0.01,0,0,False
0,2026092807,mert_v1,ambient_balanced,0.5,rock,identity,0,0,False
0,2026092807,mert_v1,ambient_balanced,1.0,electronic,0.1,0,0,False
0,2026092807,mert_v1,ambient_balanced,1.0,pop,0.1,0,0,False
0,2026092807,mert_v1,ambient_balanced,1.0,ambient,0.01,0,0,False
0,2026092807,mert_v1,ambient_balanced,1.0,rock,identity,0,0,False
0,2026092807,mert_v1,unweighted,0.25,electronic,0.0,0,0,False
0,2026092807,mert_v1,unweighted,0.25,pop,0.1,0,0,False
0,2026092807,mert_v1,unweighted,0.25,ambient,identity,0,0,False
0,2026092807,mert_v1,unweighted,0.25,rock,0.1,0,0,False
0,2026092807,mert_v1,unweighted,0.5,electronic,1.0,0,0,False
0,2026092807,mert_v1,unweighted,0.5,pop,identity,0,0,False
0,2026092807,mert_v1,unweighted,0.5,ambient,identity,0,0,False
0,2026092807,mert_v1,unweighted,0.5,rock,identity,0,0,False
0,2026092807,mert_v1,unweighted,1.0,electronic,0.1,0,0,False
0,2026092807,mert_v1,unweighted,1.0,pop,0.1,0,0,False
0,2026092807,mert_v1,unweighted,1.0,ambient,identity,0,0,False
0,2026092807,mert_v1,unweighted,1.0,rock,identity,0,0,False
0,2026092808,maest,ambient_balanced,0.25,electronic,identity,0,0,False
0,2026092808,maest,ambient_balanced,0.25,pop,0.1,0,0,False
0,2026092808,maest,ambient_balanced,0.25,ambient,0.01,0,0,False
0,2026092808,maest,ambient_balanced,0.25,rock,identity,0,0,False
0,2026092808,maest,ambient_balanced,0.5,electronic,identity,0,0,False
0,2026092808,maest,ambient_balanced,0.5,pop,identity,0,0,False
0,2026092808,maest,ambient_balanced,0.5,ambient,0.0,0,0,False
0,2026092808,maest,ambient_balanced,0.5,rock,identity,0,0,False
0,2026092808,maest,ambient_balanced,1.0,electronic,identity,0,0,False
0,2026092808,maest,ambient_balanced,1.0,pop,identity,0,0,False
0,2026092808,maest,ambient_balanced,1.0,ambient,0.01,0,0,False
0,2026092808,maest,ambient_balanced,1.0,rock,identity,0,0,False
0,2026092808,maest,unweighted,0.25,electronic,identity,0,0,False
0,2026092808,maest,unweighted,0.25,pop,0.1,0,0,False
0,2026092808,maest,unweighted,0.25,ambient,0.1,0,0,False
0,2026092808,maest,unweighted,0.25,rock,identity,0,0,False
0,2026092808,maest,unweighted,0.5,electronic,identity,0,0,False
0,2026092808,maest,unweighted,0.5,pop,identity,0,0,False
0,2026092808,maest,unweighted,0.5,ambient,0.01,0,0,False
0,2026092808,maest,unweighted,0.5,rock,identity,0,0,False
0,2026092808,maest,unweighted,1.0,electronic,identity,0,0,False
0,2026092808,maest,unweighted,1.0,pop,identity,0,0,False
0,2026092808,maest,unweighted,1.0,ambient,identity,0,0,False
0,2026092808,maest,unweighted,1.0,rock,identity,0,0,False
0,2026092808,mert_v0,ambient_balanced,0.25,electronic,identity,0,0,False
0,2026092808,mert_v0,ambient_balanced,0.25,pop,0.001,0,0,False
0,2026092808,mert_v0,ambient_balanced,0.25,ambient,0.001,0,0,False
0,2026092808,mert_v0,ambient_balanced,0.25,rock,1.0,0,0,False
0,2026092808,mert_v0,ambient_balanced,0.5,electronic,identity,0,0,False
0,2026092808,mert_v0,ambient_balanced,0.5,pop,identity,0,0,False
0,2026092808,mert_v0,ambient_balanced,0.5,ambient,0.0,0,0,False
0,2026092808,mert_v0,ambient_balanced,0.5,rock,1.0,0,0,False
0,2026092808,mert_v0,ambient_balanced,1.0,electronic,identity,0,0,False
0,2026092808,mert_v0,ambient_balanced,1.0,pop,0.001,0,0,False
0,2026092808,mert_v0,ambient_balanced,1.0,ambient,0.01,0,0,False
0,2026092808,mert_v0,ambient_balanced,1.0,rock,0.001,0,0,False
0,2026092808,mert_v0,unweighted,0.25,electronic,identity,0,0,False
0,2026092808,mert_v0,unweighted,0.25,pop,0.001,0,0,False
0,2026092808,mert_v0,unweighted,0.25,ambient,0.1,0,0,False
0,2026092808,mert_v0,unweighted,0.25,rock,1.0,0,0,False
0,2026092808,mert_v0,unweighted,0.5,electronic,identity,0,0,False
0,2026092808,mert_v0,unweighted,0.5,pop,identity,0,0,False
0,2026092808,mert_v0,unweighted,0.5,ambient,identity,0,0,False
0,2026092808,mert_v0,unweighted,0.5,rock,1.0,0,0,False
0,2026092808,mert_v0,unweighted,1.0,electronic,identity,0,0,False
0,2026092808,mert_v0,unweighted,1.0,pop,0.001,0,0,False
0,2026092808,mert_v0,unweighted,1.0,ambient,identity,0,0,False
0,2026092808,mert_v0,unweighted,1.0,rock,0.001,0,0,False
0,2026092808,mert_v1,ambient_balanced,0.25,electronic,identity,0,0,False
0,2026092808,mert_v1,ambient_balanced,0.25,pop,0.001,0,0,False
0,2026092808,mert_v1,ambient_balanced,0.25,ambient,0.001,0,0,False
0,2026092808,mert_v1,ambient_balanced,0.25,rock,identity,0,0,False
0,2026092808,mert_v1,ambient_balanced,0.5,electronic,identity,0,0,False
0,2026092808,mert_v1,ambient_balanced,0.5,pop,0.0,0,0,False
0,2026092808,mert_v1,ambient_balanced,0.5,ambient,0.01,0,0,False
0,2026092808,mert_v1,ambient_balanced,0.5,rock,identity,0,0,False
0,2026092808,mert_v1,ambient_balanced,1.0,electronic,identity,0,0,False
0,2026092808,mert_v1,ambient_balanced,1.0,pop,0.001,0,0,False
0,2026092808,mert_v1,ambient_balanced,1.0,ambient,0.01,0,0,False
0,2026092808,mert_v1,ambient_balanced,1.0,rock,identity,0,0,False
0,2026092808,mert_v1,unweighted,0.25,electronic,identity,0,0,False
0,2026092808,mert_v1,unweighted,0.25,pop,0.001,0,0,False
0,2026092808,mert_v1,unweighted,0.25,ambient,0.1,0,0,False
0,2026092808,mert_v1,unweighted,0.25,rock,identity,0,0,False
0,2026092808,mert_v1,unweighted,0.5,electronic,identity,0,0,False
0,2026092808,mert_v1,unweighted,0.5,pop,0.0,0,0,False
0,2026092808,mert_v1,unweighted,0.5,ambient,identity,0,0,False
0,2026092808,mert_v1,unweighted,0.5,rock,identity,0,0,False
0,2026092808,mert_v1,unweighted,1.0,electronic,identity,0,0,False
0,2026092808,mert_v1,unweighted,1.0,pop,0.001,0,0,False
0,2026092808,mert_v1,unweighted,1.0,ambient,identity,0,0,False
0,2026092808,mert_v1,unweighted,1.0,rock,identity,0,0,False
0,2026092809,maest,ambient_balanced,0.25,electronic,identity,0,0,False
0,2026092809,maest,ambient_balanced,0.25,pop,identity,0,0,False
0,2026092809,maest,ambient_balanced,0.25,ambient,0.001,0,0,False
0,2026092809,maest,ambient_balanced,0.25,rock,0.01,0,0,False
0,2026092809,maest,ambient_balanced,0.5,electronic,identity,0,0,False
0,2026092809,maest,ambient_balanced,0.5,pop,identity,0,0,False
0,2026092809,maest,ambient_balanced,0.5,ambient,0.01,0,0,False
0,2026092809,maest,ambient_balanced,0.5,rock,identity,0,0,False
0,2026092809,maest,ambient_balanced,1.0,electronic,identity,0,0,False
0,2026092809,maest,ambient_balanced,1.0,pop,0.01,0,0,False
0,2026092809,maest,ambient_balanced,1.0,ambient,0.01,0,0,False
0,2026092809,maest,ambient_balanced,1.0,rock,identity,0,0,False
0,2026092809,maest,unweighted,0.25,electronic,identity,0,0,False
0,2026092809,maest,unweighted,0.25,pop,identity,0,0,False
0,2026092809,maest,unweighted,0.25,ambient,0.0,0,0,False
0,2026092809,maest,unweighted,0.25,rock,0.01,0,0,False
0,2026092809,maest,unweighted,0.5,electronic,identity,0,0,False
0,2026092809,maest,unweighted,0.5,pop,identity,0,0,False
0,2026092809,maest,unweighted,0.5,ambient,0.0,0,0,False
0,2026092809,maest,unweighted,0.5,rock,identity,0,0,False
0,2026092809,maest,unweighted,1.0,electronic,identity,0,0,False
0,2026092809,maest,unweighted,1.0,pop,0.01,0,0,False
0,2026092809,maest,unweighted,1.0,ambient,identity,0,0,False
0,2026092809,maest,unweighted,1.0,rock,identity,0,0,False
0,2026092809,mert_v0,ambient_balanced,0.25,electronic,identity,0,0,False
0,2026092809,mert_v0,ambient_balanced,0.25,pop,identity,0,0,False
0,2026092809,mert_v0,ambient_balanced,0.25,ambient,0.01,0,0,False
0,2026092809,mert_v0,ambient_balanced,0.25,rock,0.01,0,0,False
0,2026092809,mert_v0,ambient_balanced,0.5,electronic,0.1,0,0,False
0,2026092809,mert_v0,ambient_balanced,0.5,pop,identity,0,0,False
0,2026092809,mert_v0,ambient_balanced,0.5,ambient,0.01,0,0,False
0,2026092809,mert_v0,ambient_balanced,0.5,rock,0.01,0,0,False
0,2026092809,mert_v0,ambient_balanced,1.0,electronic,0.0,0,0,False
0,2026092809,mert_v0,ambient_balanced,1.0,pop,0.01,0,0,False
0,2026092809,mert_v0,ambient_balanced,1.0,ambient,0.001,0,0,False
0,2026092809,mert_v0,ambient_balanced,1.0,rock,0.0,0,0,False
0,2026092809,mert_v0,unweighted,0.25,electronic,identity,0,0,False
0,2026092809,mert_v0,unweighted,0.25,pop,identity,0,0,False
0,2026092809,mert_v0,unweighted,0.25,ambient,0.1,0,0,False
0,2026092809,mert_v0,unweighted,0.25,rock,0.01,0,0,False
0,2026092809,mert_v0,unweighted,0.5,electronic,0.1,0,0,False
0,2026092809,mert_v0,unweighted,0.5,pop,identity,0,0,False
0,2026092809,mert_v0,unweighted,0.5,ambient,0.1,0,0,False
0,2026092809,mert_v0,unweighted,0.5,rock,0.01,0,0,False
0,2026092809,mert_v0,unweighted,1.0,electronic,0.0,0,0,False
0,2026092809,mert_v0,unweighted,1.0,pop,0.01,0,0,False
0,2026092809,mert_v0,unweighted,1.0,ambient,identity,0,0,False
0,2026092809,mert_v0,unweighted,1.0,rock,0.0,0,0,False
0,2026092809,mert_v1,ambient_balanced,0.25,electronic,identity,0,0,False
0,2026092809,mert_v1,ambient_balanced,0.25,pop,identity,0,0,False
0,2026092809,mert_v1,ambient_balanced,0.25,ambient,0.001,0,0,False
0,2026092809,mert_v1,ambient_balanced,0.25,rock,0.01,0,0,False
0,2026092809,mert_v1,ambient_balanced,0.5,electronic,0.001,0,0,False
0,2026092809,mert_v1,ambient_balanced,0.5,pop,identity,0,0,False
0,2026092809,mert_v1,ambient_balanced,0.5,ambient,0.001,0,0,False
0,2026092809,mert_v1,ambient_balanced,0.5,rock,identity,0,0,False
0,2026092809,mert_v1,ambient_balanced,1.0,electronic,0.0,0,0,False
0,2026092809,mert_v1,ambient_balanced,1.0,pop,0.01,0,0,False
0,2026092809,mert_v1,ambient_balanced,1.0,ambient,0.01,0,0,False
0,2026092809,mert_v1,ambient_balanced,1.0,rock,identity,0,0,False
0,2026092809,mert_v1,unweighted,0.25,electronic,identity,0,0,False
0,2026092809,mert_v1,unweighted,0.25,pop,identity,0,0,False
0,2026092809,mert_v1,unweighted,0.25,ambient,0.01,0,0,False
0,2026092809,mert_v1,unweighted,0.25,rock,0.01,0,0,False
0,2026092809,mert_v1,unweighted,0.5,electronic,0.001,0,0,False
0,2026092809,mert_v1,unweighted,0.5,pop,identity,0,0,False
0,2026092809,mert_v1,unweighted,0.5,ambient,0.1,0,0,False
0,2026092809,mert_v1,unweighted,0.5,rock,identity,0,0,False
0,2026092809,mert_v1,unweighted,1.0,electronic,0.0,0,0,False
0,2026092809,mert_v1,unweighted,1.0,pop,0.01,0,0,False
0,2026092809,mert_v1,unweighted,1.0,ambient,identity,0,0,False
0,2026092809,mert_v1,unweighted,1.0,rock,identity,0,0,False
0,2026092810,maest,ambient_balanced,0.25,electronic,1.0,0,0,False
0,2026092810,maest,ambient_balanced,0.25,pop,0.001,0,0,False
0,2026092810,maest,ambient_balanced,0.25,ambient,0.1,0,0,False
0,2026092810,maest,ambient_balanced,0.25,rock,0.0,5,1,False
0,2026092810,maest,ambient_balanced,0.5,electronic,1.0,0,0,False
0,2026092810,maest,ambient_balanced,0.5,pop,1.0,0,0,False
0,2026092810,maest,ambient_balanced,0.5,ambient,0.1,0,0,False
0,2026092810,maest,ambient_balanced,0.5,rock,0.001,0,0,False
0,2026092810,maest,ambient_balanced,1.0,electronic,identity,0,0,False
0,2026092810,maest,ambient_balanced,1.0,pop,identity,0,0,False
0,2026092810,maest,ambient_balanced,1.0,ambient,0.001,0,0,False
0,2026092810,maest,ambient_balanced,1.0,rock,identity,0,0,False
0,2026092810,maest,unweighted,0.25,electronic,1.0,0,0,False
0,2026092810,maest,unweighted,0.25,pop,0.001,0,0,False
0,2026092810,maest,unweighted,0.25,ambient,0.01,0,0,False
0,2026092810,maest,unweighted,0.25,rock,0.0,5,1,False
0,2026092810,maest,unweighted,0.5,electronic,1.0,0,0,False
0,2026092810,maest,unweighted,0.5,pop,1.0,0,0,False
0,2026092810,maest,unweighted,0.5,ambient,identity,0,0,False
0,2026092810,maest,unweighted,0.5,rock,0.001,0,0,False
0,2026092810,maest,unweighted,1.0,electronic,identity,0,0,False
0,2026092810,maest,unweighted,1.0,pop,identity,0,0,False
0,2026092810,maest,unweighted,1.0,ambient,0.1,0,0,False
0,2026092810,maest,unweighted,1.0,rock,identity,0,0,False
0,2026092810,mert_v0,ambient_balanced,0.25,electronic,1.0,0,0,False
0,2026092810,mert_v0,ambient_balanced,0.25,pop,0.01,0,0,False
0,2026092810,mert_v0,ambient_balanced,0.25,ambient,0.1,0,0,False
0,2026092810,mert_v0,ambient_balanced,0.25,rock,0.1,5,1,False
0,2026092810,mert_v0,ambient_balanced,0.5,electronic,0.1,0,0,False
0,2026092810,mert_v0,ambient_balanced,0.5,pop,identity,0,0,False
0,2026092810,mert_v0,ambient_balanced,0.5,ambient,0.1,0,0,False
0,2026092810,mert_v0,ambient_balanced,0.5,rock,1.0,0,0,False
0,2026092810,mert_v0,ambient_balanced,1.0,electronic,identity,0,0,False
0,2026092810,mert_v0,ambient_balanced,1.0,pop,0.001,0,0,False
0,2026092810,mert_v0,ambient_balanced,1.0,ambient,0.001,0,0,False
0,2026092810,mert_v0,ambient_balanced,1.0,rock,0.001,0,0,False
0,2026092810,mert_v0,unweighted,0.25,electronic,1.0,0,0,False
0,2026092810,mert_v0,unweighted,0.25,pop,0.01,0,0,False
0,2026092810,mert_v0,unweighted,0.25,ambient,0.01,0,0,False
0,2026092810,mert_v0,unweighted,0.25,rock,0.1,5,1,False
0,2026092810,mert_v0,unweighted,0.5,electronic,0.1,0,0,False
0,2026092810,mert_v0,unweighted,0.5,pop,identity,0,0,False
0,2026092810,mert_v0,unweighted,0.5,ambient,identity,0,0,False
0,2026092810,mert_v0,unweighted,0.5,rock,1.0,0,0,False
0,2026092810,mert_v0,unweighted,1.0,electronic,identity,0,0,False
0,2026092810,mert_v0,unweighted,1.0,pop,0.001,0,0,False
0,2026092810,mert_v0,unweighted,1.0,ambient,identity,0,0,False
0,2026092810,mert_v0,unweighted,1.0,rock,0.001,0,0,False
0,2026092810,mert_v1,ambient_balanced,0.25,electronic,1.0,0,0,False
0,2026092810,mert_v1,ambient_balanced,0.25,pop,0.01,0,0,False
0,2026092810,mert_v1,ambient_balanced,0.25,ambient,0.01,0,0,False
0,2026092810,mert_v1,ambient_balanced,0.25,rock,0.01,5,1,False
0,2026092810,mert_v1,ambient_balanced,0.5,electronic,0.1,0,0,False
0,2026092810,mert_v1,ambient_balanced,0.5,pop,identity,0,0,False
0,2026092810,mert_v1,ambient_balanced,0.5,ambient,0.1,0,0,False
0,2026092810,mert_v1,ambient_balanced,0.5,rock,0.01,0,0,False
0,2026092810,mert_v1,ambient_balanced,1.0,electronic,identity,0,0,False
0,2026092810,mert_v1,ambient_balanced,1.0,pop,0.01,0,0,False
0,2026092810,mert_v1,ambient_balanced,1.0,ambient,0.01,0,0,False
0,2026092810,mert_v1,ambient_balanced,1.0,rock,0.001,0,0,False
0,2026092810,mert_v1,unweighted,0.25,electronic,1.0,0,0,False
0,2026092810,mert_v1,unweighted,0.25,pop,0.01,0,0,False
0,2026092810,mert_v1,unweighted,0.25,ambient,0.001,0,0,False
0,2026092810,mert_v1,unweighted,0.25,rock,0.01,5,1,False
0,2026092810,mert_v1,unweighted,0.5,electronic,0.1,0,0,False
0,2026092810,mert_v1,unweighted,0.5,pop,identity,0,0,False
0,2026092810,mert_v1,unweighted,0.5,ambient,identity,0,0,False
0,2026092810,mert_v1,unweighted,0.5,rock,0.01,0,0,False
0,2026092810,mert_v1,unweighted,1.0,electronic,identity,0,0,False
0,2026092810,mert_v1,unweighted,1.0,pop,0.01,0,0,False
0,2026092810,mert_v1,unweighted,1.0,ambient,identity,0,0,False
0,2026092810,mert_v1,unweighted,1.0,rock,0.001,0,0,False
0,2026092811,maest,ambient_balanced,0.25,electronic,0.1,0,0,False
0,2026092811,maest,ambient_balanced,0.25,pop,identity,0,0,False
0,2026092811,maest,ambient_balanced,0.25,ambient,0.1,0,0,False
0,2026092811,maest,ambient_balanced,0.25,rock,identity,0,0,False
0,2026092811,maest,ambient_balanced,0.5,electronic,identity,0,0,False
0,2026092811,maest,ambient_balanced,0.5,pop,identity,0,0,False
0,2026092811,maest,ambient_balanced,0.5,ambient,0.1,0,0,False
0,2026092811,maest,ambient_balanced,0.5,rock,identity,0,0,False
0,2026092811,maest,ambient_balanced,1.0,electronic,identity,0,0,False
0,2026092811,maest,ambient_balanced,1.0,pop,identity,0,0,False
0,2026092811,maest,ambient_balanced,1.0,ambient,0.01,0,0,False
0,2026092811,maest,ambient_balanced,1.0,rock,identity,0,0,False
0,2026092811,maest,unweighted,0.25,electronic,0.1,0,0,False
0,2026092811,maest,unweighted,0.25,pop,identity,0,0,False
0,2026092811,maest,unweighted,0.25,ambient,identity,0,0,False
0,2026092811,maest,unweighted,0.25,rock,identity,0,0,False
0,2026092811,maest,unweighted,0.5,electronic,identity,0,0,False
0,2026092811,maest,unweighted,0.5,pop,identity,0,0,False
0,2026092811,maest,unweighted,0.5,ambient,identity,0,0,False
0,2026092811,maest,unweighted,0.5,rock,identity,0,0,False
0,2026092811,maest,unweighted,1.0,electronic,identity,0,0,False
0,2026092811,maest,unweighted,1.0,pop,identity,0,0,False
0,2026092811,maest,unweighted,1.0,ambient,identity,0,0,False
0,2026092811,maest,unweighted,1.0,rock,identity,0,0,False
0,2026092811,mert_v0,ambient_balanced,0.25,electronic,0.1,0,0,False
0,2026092811,mert_v0,ambient_balanced,0.25,pop,identity,0,0,False
0,2026092811,mert_v0,ambient_balanced,0.25,ambient,0.01,0,0,False
0,2026092811,mert_v0,ambient_balanced,0.25,rock,0.01,0,0,False
0,2026092811,mert_v0,ambient_balanced,0.5,electronic,0.01,0,0,False
0,2026092811,mert_v0,ambient_balanced,0.5,pop,0.001,0,0,False
0,2026092811,mert_v0,ambient_balanced,0.5,ambient,0.01,0,0,False
0,2026092811,mert_v0,ambient_balanced,0.5,rock,identity,0,0,False
0,2026092811,mert_v0,ambient_balanced,1.0,electronic,0.0,0,0,False
0,2026092811,mert_v0,ambient_balanced,1.0,pop,identity,0,0,False
0,2026092811,mert_v0,ambient_balanced,1.0,ambient,0.01,0,0,False
0,2026092811,mert_v0,ambient_balanced,1.0,rock,0.01,0,0,False
0,2026092811,mert_v0,unweighted,0.25,electronic,0.1,0,0,False
0,2026092811,mert_v0,unweighted,0.25,pop,identity,0,0,False
0,2026092811,mert_v0,unweighted,0.25,ambient,1.0,0,0,False
0,2026092811,mert_v0,unweighted,0.25,rock,0.01,0,0,False
0,2026092811,mert_v0,unweighted,0.5,electronic,0.01,0,0,False
0,2026092811,mert_v0,unweighted,0.5,pop,0.001,0,0,False
0,2026092811,mert_v0,unweighted,0.5,ambient,identity,0,0,False
0,2026092811,mert_v0,unweighted,0.5,rock,identity,0,0,False
0,2026092811,mert_v0,unweighted,1.0,electronic,0.0,0,0,False
0,2026092811,mert_v0,unweighted,1.0,pop,identity,0,0,False
0,2026092811,mert_v0,unweighted,1.0,ambient,identity,0,0,False
0,2026092811,mert_v0,unweighted,1.0,rock,0.01,0,0,False
0,2026092811,mert_v1,ambient_balanced,0.25,electronic,0.1,0,0,False
0,2026092811,mert_v1,ambient_balanced,0.25,pop,identity,0,0,False
0,2026092811,mert_v1,ambient_balanced,0.25,ambient,0.01,0,0,False
0,2026092811,mert_v1,ambient_balanced,0.25,rock,0.01,0,0,False
0,2026092811,mert_v1,ambient_balanced,0.5,electronic,0.01,0,0,False
0,2026092811,mert_v1,ambient_balanced,0.5,pop,0.001,0,0,False
0,2026092811,mert_v1,ambient_balanced,0.5,ambient,0.01,0,0,False
0,2026092811,mert_v1,ambient_balanced,0.5,rock,identity,0,0,False
0,2026092811,mert_v1,ambient_balanced,1.0,electronic,0.01,0,0,False
0,2026092811,mert_v1,ambient_balanced,1.0,pop,identity,0,0,False
0,2026092811,mert_v1,ambient_balanced,1.0,ambient,0.01,0,0,False
0,2026092811,mert_v1,ambient_balanced,1.0,rock,0.001,0,0,False
0,2026092811,mert_v1,unweighted,0.25,electronic,0.1,0,0,False
0,2026092811,mert_v1,unweighted,0.25,pop,identity,0,0,False
0,2026092811,mert_v1,unweighted,0.25,ambient,identity,0,0,False
0,2026092811,mert_v1,unweighted,0.25,rock,0.01,0,0,False
0,2026092811,mert_v1,unweighted,0.5,electronic,0.01,0,0,False
0,2026092811,mert_v1,unweighted,0.5,pop,0.001,0,0,False
0,2026092811,mert_v1,unweighted,0.5,ambient,identity,0,0,False
0,2026092811,mert_v1,unweighted,0.5,rock,identity,0,0,False
0,2026092811,mert_v1,unweighted,1.0,electronic,0.01,0,0,False
0,2026092811,mert_v1,unweighted,1.0,pop,identity,0,0,False
0,2026092811,mert_v1,unweighted,1.0,ambient,identity,0,0,False
0,2026092811,mert_v1,unweighted,1.0,rock,0.001,0,0,False
0,2026092812,maest,ambient_balanced,0.25,electronic,identity,0,0,False
0,2026092812,maest,ambient_balanced,0.25,pop,identity,0,0,False
0,2026092812,maest,ambient_balanced,0.25,ambient,0.1,0,0,False
0,2026092812,maest,ambient_balanced,0.25,rock,1.0,0,0,False
0,2026092812,maest,ambient_balanced,0.5,electronic,1.0,0,0,False
0,2026092812,maest,ambient_balanced,0.5,pop,identity,0,0,False
0,2026092812,maest,ambient_balanced,0.5,ambient,0.1,0,0,False
0,2026092812,maest,ambient_balanced,0.5,rock,identity,0,0,False
0,2026092812,maest,ambient_balanced,1.0,electronic,identity,0,0,False
0,2026092812,maest,ambient_balanced,1.0,pop,identity,0,0,False
0,2026092812,maest,ambient_balanced,1.0,ambient,0.0,0,0,False
0,2026092812,maest,ambient_balanced,1.0,rock,1.0,0,0,False
0,2026092812,maest,unweighted,0.25,electronic,identity,0,0,False
0,2026092812,maest,unweighted,0.25,pop,identity,0,0,False
0,2026092812,maest,unweighted,0.25,ambient,0.01,0,0,False
0,2026092812,maest,unweighted,0.25,rock,1.0,0,0,False
0,2026092812,maest,unweighted,0.5,electronic,1.0,0,0,False
0,2026092812,maest,unweighted,0.5,pop,identity,0,0,False
0,2026092812,maest,unweighted,0.5,ambient,identity,0,0,False
0,2026092812,maest,unweighted,0.5,rock,identity,0,0,False
0,2026092812,maest,unweighted,1.0,electronic,identity,0,0,False
0,2026092812,maest,unweighted,1.0,pop,identity,0,0,False
0,2026092812,maest,unweighted,1.0,ambient,0.1,0,0,False
0,2026092812,maest,unweighted,1.0,rock,1.0,0,0,False
0,2026092812,mert_v0,ambient_balanced,0.25,electronic,identity,0,0,False
0,2026092812,mert_v0,ambient_balanced,0.25,pop,identity,0,0,False
0,2026092812,mert_v0,ambient_balanced,0.25,ambient,0.001,0,0,False
0,2026092812,mert_v0,ambient_balanced,0.25,rock,identity,0,0,False
0,2026092812,mert_v0,ambient_balanced,0.5,electronic,identity,0,0,False
0,2026092812,mert_v0,ambient_balanced,0.5,pop,identity,0,0,False
0,2026092812,mert_v0,ambient_balanced,0.5,ambient,0.1,0,0,False
0,2026092812,mert_v0,ambient_balanced,0.5,rock,identity,0,0,False
0,2026092812,mert_v0,ambient_balanced,1.0,electronic,identity,0,0,False
0,2026092812,mert_v0,ambient_balanced,1.0,pop,identity,0,0,False
0,2026092812,mert_v0,ambient_balanced,1.0,ambient,0.001,0,0,False
0,2026092812,mert_v0,ambient_balanced,1.0,rock,0.001,0,0,False
0,2026092812,mert_v0,unweighted,0.25,electronic,identity,0,0,False
0,2026092812,mert_v0,unweighted,0.25,pop,identity,0,0,False
0,2026092812,mert_v0,unweighted,0.25,ambient,0.0,0,0,False
0,2026092812,mert_v0,unweighted,0.25,rock,identity,0,0,False
0,2026092812,mert_v0,unweighted,0.5,electronic,identity,0,0,False
0,2026092812,mert_v0,unweighted,0.5,pop,identity,0,0,False
0,2026092812,mert_v0,unweighted,0.5,ambient,identity,0,0,False
0,2026092812,mert_v0,unweighted,0.5,rock,identity,0,0,False
0,2026092812,mert_v0,unweighted,1.0,electronic,identity,0,0,False
0,2026092812,mert_v0,unweighted,1.0,pop,identity,0,0,False
0,2026092812,mert_v0,unweighted,1.0,ambient,0.01,0,0,False
0,2026092812,mert_v0,unweighted,1.0,rock,0.001,0,0,False
0,2026092812,mert_v1,ambient_balanced,0.25,electronic,identity,0,0,False
0,2026092812,mert_v1,ambient_balanced,0.25,pop,identity,0,0,False
0,2026092812,mert_v1,ambient_balanced,0.25,ambient,0.001,0,0,False
0,2026092812,mert_v1,ambient_balanced,0.25,rock,0.0,0,0,False
0,2026092812,mert_v1,ambient_balanced,0.5,electronic,identity,0,0,False
0,2026092812,mert_v1,ambient_balanced,0.5,pop,identity,0,0,False
0,2026092812,mert_v1,ambient_balanced,0.5,ambient,0.1,0,0,False
0,2026092812,mert_v1,ambient_balanced,0.5,rock,identity,0,0,False
0,2026092812,mert_v1,ambient_balanced,1.0,electronic,identity,0,0,False
0,2026092812,mert_v1,ambient_balanced,1.0,pop,identity,0,0,False
0,2026092812,mert_v1,ambient_balanced,1.0,ambient,0.001,0,0,False
0,2026092812,mert_v1,ambient_balanced,1.0,rock,0.001,0,0,False
0,2026092812,mert_v1,unweighted,0.25,electronic,identity,0,0,False
0,2026092812,mert_v1,unweighted,0.25,pop,identity,0,0,False
0,2026092812,mert_v1,unweighted,0.25,ambient,0.001,0,0,False
0,2026092812,mert_v1,unweighted,0.25,rock,0.0,0,0,False
0,2026092812,mert_v1,unweighted,0.5,electronic,identity,0,0,False
0,2026092812,mert_v1,unweighted,0.5,pop,identity,0,0,False
0,2026092812,mert_v1,unweighted,0.5,ambient,identity,0,0,False
0,2026092812,mert_v1,unweighted,0.5,rock,identity,0,0,False
0,2026092812,mert_v1,unweighted,1.0,electronic,identity,0,0,False
0,2026092812,mert_v1,unweighted,1.0,pop,identity,0,0,False
0,2026092812,mert_v1,unweighted,1.0,ambient,0.1,0,0,False
0,2026092812,mert_v1,unweighted,1.0,rock,0.001,0,0,False
0,2026092813,maest,ambient_balanced,0.25,electronic,identity,0,0,False
0,2026092813,maest,ambient_balanced,0.25,pop,identity,0,0,False
0,2026092813,maest,ambient_balanced,0.25,ambient,0.01,0,0,False
0,2026092813,maest,ambient_balanced,0.25,rock,identity,0,0,False
0,2026092813,maest,ambient_balanced,0.5,electronic,identity,0,0,False
0,2026092813,maest,ambient_balanced,0.5,pop,identity,0,0,False
0,2026092813,maest,ambient_balanced,0.5,ambient,0.1,0,0,False
0,2026092813,maest,ambient_balanced,0.5,rock,1.0,0,0,False
0,2026092813,maest,ambient_balanced,1.0,electronic,identity,0,0,False
0,2026092813,maest,ambient_balanced,1.0,pop,1.0,0,0,False
0,2026092813,maest,ambient_balanced,1.0,ambient,0.01,0,0,False
0,2026092813,maest,ambient_balanced,1.0,rock,0.0,0,0,False
0,2026092813,maest,unweighted,0.25,electronic,identity,0,0,False
0,2026092813,maest,unweighted,0.25,pop,identity,0,0,False
0,2026092813,maest,unweighted,0.25,ambient,0.1,0,0,False
0,2026092813,maest,unweighted,0.25,rock,identity,0,0,False
0,2026092813,maest,unweighted,0.5,electronic,identity,0,0,False
0,2026092813,maest,unweighted,0.5,pop,identity,0,0,False
0,2026092813,maest,unweighted,0.5,ambient,identity,0,0,False
0,2026092813,maest,unweighted,0.5,rock,1.0,0,0,False
0,2026092813,maest,unweighted,1.0,electronic,identity,0,0,False
0,2026092813,maest,unweighted,1.0,pop,1.0,0,0,False
0,2026092813,maest,unweighted,1.0,ambient,identity,0,0,False
0,2026092813,maest,unweighted,1.0,rock,0.0,0,0,False
0,2026092813,mert_v0,ambient_balanced,0.25,electronic,identity,0,0,False
0,2026092813,mert_v0,ambient_balanced,0.25,pop,identity,0,0,False
0,2026092813,mert_v0,ambient_balanced,0.25,ambient,0.01,0,0,False
0,2026092813,mert_v0,ambient_balanced,0.25,rock,identity,0,0,False
0,2026092813,mert_v0,ambient_balanced,0.5,electronic,identity,0,0,False
0,2026092813,mert_v0,ambient_balanced,0.5,pop,identity,0,0,False
0,2026092813,mert_v0,ambient_balanced,0.5,ambient,0.1,0,0,False
0,2026092813,mert_v0,ambient_balanced,0.5,rock,0.0,0,0,False
0,2026092813,mert_v0,ambient_balanced,1.0,electronic,identity,0,0,False
0,2026092813,mert_v0,ambient_balanced,1.0,pop,identity,0,0,False
0,2026092813,mert_v0,ambient_balanced,1.0,ambient,0.01,0,0,False
0,2026092813,mert_v0,ambient_balanced,1.0,rock,0.0,0,0,False
0,2026092813,mert_v0,unweighted,0.25,electronic,identity,0,0,False
0,2026092813,mert_v0,unweighted,0.25,pop,identity,0,0,False
0,2026092813,mert_v0,unweighted,0.25,ambient,0.1,0,0,False
0,2026092813,mert_v0,unweighted,0.25,rock,identity,0,0,False
0,2026092813,mert_v0,unweighted,0.5,electronic,identity,0,0,False
0,2026092813,mert_v0,unweighted,0.5,pop,identity,0,0,False
0,2026092813,mert_v0,unweighted,0.5,ambient,identity,0,0,False
0,2026092813,mert_v0,unweighted,0.5,rock,0.0,0,0,False
0,2026092813,mert_v0,unweighted,1.0,electronic,identity,0,0,False
0,2026092813,mert_v0,unweighted,1.0,pop,identity,0,0,False
0,2026092813,mert_v0,unweighted,1.0,ambient,identity,1,0,False
0,2026092813,mert_v0,unweighted,1.0,rock,0.0,0,0,False
0,2026092813,mert_v1,ambient_balanced,0.25,electronic,identity,0,0,False
0,2026092813,mert_v1,ambient_balanced,0.25,pop,identity,0,0,False
0,2026092813,mert_v1,ambient_balanced,0.25,ambient,0.01,0,0,False
0,2026092813,mert_v1,ambient_balanced,0.25,rock,identity,0,0,False
0,2026092813,mert_v1,ambient_balanced,0.5,electronic,identity,0,0,False
0,2026092813,mert_v1,ambient_balanced,0.5,pop,identity,0,0,False
0,2026092813,mert_v1,ambient_balanced,0.5,ambient,0.1,0,0,False
0,2026092813,mert_v1,ambient_balanced,0.5,rock,0.0,0,0,False
0,2026092813,mert_v1,ambient_balanced,1.0,electronic,identity,0,0,False
0,2026092813,mert_v1,ambient_balanced,1.0,pop,identity,0,0,False
0,2026092813,mert_v1,ambient_balanced,1.0,ambient,0.01,0,0,False
0,2026092813,mert_v1,ambient_balanced,1.0,rock,0.0,0,0,False
0,2026092813,mert_v1,unweighted,0.25,electronic,identity,0,0,False
0,2026092813,mert_v1,unweighted,0.25,pop,identity,0,0,False
0,2026092813,mert_v1,unweighted,0.25,ambient,0.1,0,0,False
0,2026092813,mert_v1,unweighted,0.25,rock,identity,0,0,False
0,2026092813,mert_v1,unweighted,0.5,electronic,identity,0,0,False
0,2026092813,mert_v1,unweighted,0.5,pop,identity,0,0,False
0,2026092813,mert_v1,unweighted,0.5,ambient,identity,0,0,False
0,2026092813,mert_v1,unweighted,0.5,rock,0.0,0,0,False
0,2026092813,mert_v1,unweighted,1.0,electronic,identity,0,0,False
0,2026092813,mert_v1,unweighted,1.0,pop,identity,0,0,False
0,2026092813,mert_v1,unweighted,1.0,ambient,identity,0,0,False
0,2026092813,mert_v1,unweighted,1.0,rock,0.0,0,0,False
0,2026092814,maest,ambient_balanced,0.25,electronic,identity,0,0,False
0,2026092814,maest,ambient_balanced,0.25,pop,identity,0,0,False
0,2026092814,maest,ambient_balanced,0.25,ambient,0.01,0,0,False
0,2026092814,maest,ambient_balanced,0.25,rock,identity,0,0,False
0,2026092814,maest,ambient_balanced,0.5,electronic,identity,0,0,False
0,2026092814,maest,ambient_balanced,0.5,pop,identity,0,0,False
0,2026092814,maest,ambient_balanced,0.5,ambient,0.001,0,0,False
0,2026092814,maest,ambient_balanced,0.5,rock,0.1,0,0,False
0,2026092814,maest,ambient_balanced,1.0,electronic,0.1,0,0,False
0,2026092814,maest,ambient_balanced,1.0,pop,identity,0,0,False
0,2026092814,maest,ambient_balanced,1.0,ambient,0.01,0,0,False
0,2026092814,maest,ambient_balanced,1.0,rock,identity,0,0,False
0,2026092814,maest,unweighted,0.25,electronic,identity,0,0,False
0,2026092814,maest,unweighted,0.25,pop,identity,0,0,False
0,2026092814,maest,unweighted,0.25,ambient,1.0,0,0,False
0,2026092814,maest,unweighted,0.25,rock,identity,0,0,False
0,2026092814,maest,unweighted,0.5,electronic,identity,0,0,False
0,2026092814,maest,unweighted,0.5,pop,identity,0,0,False
0,2026092814,maest,unweighted,0.5,ambient,identity,0,0,False
0,2026092814,maest,unweighted,0.5,rock,0.1,0,0,False
0,2026092814,maest,unweighted,1.0,electronic,0.1,0,0,False
0,2026092814,maest,unweighted,1.0,pop,identity,0,0,False
0,2026092814,maest,unweighted,1.0,ambient,identity,0,0,False
0,2026092814,maest,unweighted,1.0,rock,identity,0,0,False
0,2026092814,mert_v0,ambient_balanced,0.25,electronic,1.0,0,0,False
0,2026092814,mert_v0,ambient_balanced,0.25,pop,identity,0,0,False
0,2026092814,mert_v0,ambient_balanced,0.25,ambient,0.01,0,0,False
0,2026092814,mert_v0,ambient_balanced,0.25,rock,identity,0,0,False
0,2026092814,mert_v0,ambient_balanced,0.5,electronic,0.1,0,0,False
0,2026092814,mert_v0,ambient_balanced,0.5,pop,identity,0,0,False
0,2026092814,mert_v0,ambient_balanced,0.5,ambient,0.001,0,0,False
0,2026092814,mert_v0,ambient_balanced,0.5,rock,identity,0,0,False
0,2026092814,mert_v0,ambient_balanced,1.0,electronic,1.0,0,0,False
0,2026092814,mert_v0,ambient_balanced,1.0,pop,identity,0,0,False
0,2026092814,mert_v0,ambient_balanced,1.0,ambient,0.01,0,0,False
0,2026092814,mert_v0,ambient_balanced,1.0,rock,identity,0,0,False
0,2026092814,mert_v0,unweighted,0.25,electronic,1.0,0,0,False
0,2026092814,mert_v0,unweighted,0.25,pop,identity,0,0,False
0,2026092814,mert_v0,unweighted,0.25,ambient,identity,0,0,False
0,2026092814,mert_v0,unweighted,0.25,rock,identity,0,0,False
0,2026092814,mert_v0,unweighted,0.5,electronic,0.1,0,0,False
0,2026092814,mert_v0,unweighted,0.5,pop,identity,0,0,False
0,2026092814,mert_v0,unweighted,0.5,ambient,1.0,0,0,False
0,2026092814,mert_v0,unweighted,0.5,rock,identity,0,0,False
0,2026092814,mert_v0,unweighted,1.0,electronic,1.0,0,0,False
0,2026092814,mert_v0,unweighted,1.0,pop,identity,0,0,False
0,2026092814,mert_v0,unweighted,1.0,ambient,identity,0,0,False
0,2026092814,mert_v0,unweighted,1.0,rock,identity,0,0,False
0,2026092814,mert_v1,ambient_balanced,0.25,electronic,0.1,0,0,False
0,2026092814,mert_v1,ambient_balanced,0.25,pop,identity,0,0,False
0,2026092814,mert_v1,ambient_balanced,0.25,ambient,0.01,0,0,False
0,2026092814,mert_v1,ambient_balanced,0.25,rock,identity,0,0,False
0,2026092814,mert_v1,ambient_balanced,0.5,electronic,identity,0,0,False
0,2026092814,mert_v1,ambient_balanced,0.5,pop,identity,0,0,False
0,2026092814,mert_v1,ambient_balanced,0.5,ambient,0.001,0,0,False
0,2026092814,mert_v1,ambient_balanced,0.5,rock,identity,0,0,False
0,2026092814,mert_v1,ambient_balanced,1.0,electronic,1.0,0,0,False
0,2026092814,mert_v1,ambient_balanced,1.0,pop,identity,0,0,False
0,2026092814,mert_v1,ambient_balanced,1.0,ambient,0.01,0,0,False
0,2026092814,mert_v1,ambient_balanced,1.0,rock,identity,0,0,False
0,2026092814,mert_v1,unweighted,0.25,electronic,0.1,0,0,False
0,2026092814,mert_v1,unweighted,0.25,pop,identity,0,0,False
0,2026092814,mert_v1,unweighted,0.25,ambient,identity,0,0,False
0,2026092814,mert_v1,unweighted,0.25,rock,identity,0,0,False
0,2026092814,mert_v1,unweighted,0.5,electronic,identity,0,0,False
0,2026092814,mert_v1,unweighted,0.5,pop,identity,0,0,False
0,2026092814,mert_v1,unweighted,0.5,ambient,0.1,0,0,False
0,2026092814,mert_v1,unweighted,0.5,rock,identity,0,0,False
0,2026092814,mert_v1,unweighted,1.0,electronic,1.0,0,0,False
0,2026092814,mert_v1,unweighted,1.0,pop,identity,0,0,False
0,2026092814,mert_v1,unweighted,1.0,ambient,identity,0,0,False
0,2026092814,mert_v1,unweighted,1.0,rock,identity,0,0,False
0,2026092815,maest,ambient_balanced,0.25,electronic,1.0,0,0,False
0,2026092815,maest,ambient_balanced,0.25,pop,identity,0,0,False
0,2026092815,maest,ambient_balanced,0.25,ambient,0.01,0,0,False
0,2026092815,maest,ambient_balanced,0.25,rock,0.001,0,0,False
0,2026092815,maest,ambient_balanced,0.5,electronic,identity,0,0,False
0,2026092815,maest,ambient_balanced,0.5,pop,identity,0,0,False
0,2026092815,maest,ambient_balanced,0.5,ambient,0.01,0,0,False
0,2026092815,maest,ambient_balanced,0.5,rock,identity,0,0,False
0,2026092815,maest,ambient_balanced,1.0,electronic,identity,0,0,False
0,2026092815,maest,ambient_balanced,1.0,pop,identity,0,0,False
0,2026092815,maest,ambient_balanced,1.0,ambient,0.0,0,0,False
0,2026092815,maest,ambient_balanced,1.0,rock,identity,0,0,False
0,2026092815,maest,unweighted,0.25,electronic,1.0,0,0,False
0,2026092815,maest,unweighted,0.25,pop,identity,0,0,False
0,2026092815,maest,unweighted,0.25,ambient,1.0,0,0,False
0,2026092815,maest,unweighted,0.25,rock,0.001,0,0,False
0,2026092815,maest,unweighted,0.5,electronic,identity,0,0,False
0,2026092815,maest,unweighted,0.5,pop,identity,0,0,False
0,2026092815,maest,unweighted,0.5,ambient,identity,0,0,False
0,2026092815,maest,unweighted,0.5,rock,identity,0,0,False
0,2026092815,maest,unweighted,1.0,electronic,identity,0,0,False
0,2026092815,maest,unweighted,1.0,pop,identity,0,0,False
0,2026092815,maest,unweighted,1.0,ambient,1.0,0,0,False
0,2026092815,maest,unweighted,1.0,rock,identity,0,0,False
0,2026092815,mert_v0,ambient_balanced,0.25,electronic,identity,0,0,False
0,2026092815,mert_v0,ambient_balanced,0.25,pop,identity,0,0,False
0,2026092815,mert_v0,ambient_balanced,0.25,ambient,0.01,0,0,False
0,2026092815,mert_v0,ambient_balanced,0.25,rock,identity,0,0,False
0,2026092815,mert_v0,ambient_balanced,0.5,electronic,identity,0,0,False
0,2026092815,mert_v0,ambient_balanced,0.5,pop,identity,0,0,False
0,2026092815,mert_v0,ambient_balanced,0.5,ambient,0.1,0,0,False
0,2026092815,mert_v0,ambient_balanced,0.5,rock,1.0,0,0,False
0,2026092815,mert_v0,ambient_balanced,1.0,electronic,identity,0,0,False
0,2026092815,mert_v0,ambient_balanced,1.0,pop,identity,0,0,False
0,2026092815,mert_v0,ambient_balanced,1.0,ambient,0.0,0,0,False
0,2026092815,mert_v0,ambient_balanced,1.0,rock,0.001,0,0,False
0,2026092815,mert_v0,unweighted,0.25,electronic,identity,0,0,False
0,2026092815,mert_v0,unweighted,0.25,pop,identity,0,0,False
0,2026092815,mert_v0,unweighted,0.25,ambient,1.0,0,0,False
0,2026092815,mert_v0,unweighted,0.25,rock,identity,0,0,False
0,2026092815,mert_v0,unweighted,0.5,electronic,identity,0,0,False
0,2026092815,mert_v0,unweighted,0.5,pop,identity,0,0,False
0,2026092815,mert_v0,unweighted,0.5,ambient,identity,0,0,False
0,2026092815,mert_v0,unweighted,0.5,rock,1.0,0,0,False
0,2026092815,mert_v0,unweighted,1.0,electronic,identity,0,0,False
0,2026092815,mert_v0,unweighted,1.0,pop,identity,0,0,False
0,2026092815,mert_v0,unweighted,1.0,ambient,identity,0,0,False
0,2026092815,mert_v0,unweighted,1.0,rock,0.001,0,0,False
0,2026092815,mert_v1,ambient_balanced,0.25,electronic,identity,0,0,False
0,2026092815,mert_v1,ambient_balanced,0.25,pop,0.001,0,0,False
0,2026092815,mert_v1,ambient_balanced,0.25,ambient,0.01,0,0,False
0,2026092815,mert_v1,ambient_balanced,0.25,rock,identity,0,0,False
0,2026092815,mert_v1,ambient_balanced,0.5,electronic,identity,0,0,False
0,2026092815,mert_v1,ambient_balanced,0.5,pop,identity,0,0,False
0,2026092815,mert_v1,ambient_balanced,0.5,ambient,0.1,0,0,False
0,2026092815,mert_v1,ambient_balanced,0.5,rock,1.0,0,0,False
0,2026092815,mert_v1,ambient_balanced,1.0,electronic,identity,0,0,False
0,2026092815,mert_v1,ambient_balanced,1.0,pop,identity,0,0,False
0,2026092815,mert_v1,ambient_balanced,1.0,ambient,0.0,0,0,False
0,2026092815,mert_v1,ambient_balanced,1.0,rock,0.0,0,0,False
0,2026092815,mert_v1,unweighted,0.25,electronic,identity,0,0,False
0,2026092815,mert_v1,unweighted,0.25,pop,0.001,0,0,False
0,2026092815,mert_v1,unweighted,0.25,ambient,1.0,0,0,False
0,2026092815,mert_v1,unweighted,0.25,rock,identity,0,0,False
0,2026092815,mert_v1,unweighted,0.5,electronic,identity,0,0,False
0,2026092815,mert_v1,unweighted,0.5,pop,identity,0,0,False
0,2026092815,mert_v1,unweighted,0.5,ambient,identity,0,0,False
0,2026092815,mert_v1,unweighted,0.5,rock,1.0,0,0,False
0,2026092815,mert_v1,unweighted,1.0,electronic,identity,0,0,False
0,2026092815,mert_v1,unweighted,1.0,pop,identity,0,0,False
0,2026092815,mert_v1,unweighted,1.0,ambient,identity,0,0,False
0,2026092815,mert_v1,unweighted,1.0,rock,0.0,0,0,False
0,2026092816,maest,ambient_balanced,0.25,electronic,identity,0,0,False
0,2026092816,maest,ambient_balanced,0.25,pop,identity,0,0,False
0,2026092816,maest,ambient_balanced,0.25,ambient,0.1,0,0,False
0,2026092816,maest,ambient_balanced,0.25,rock,0.001,0,0,False
0,2026092816,maest,ambient_balanced,0.5,electronic,identity,0,0,False
0,2026092816,maest,ambient_balanced,0.5,pop,identity,0,0,False
0,2026092816,maest,ambient_balanced,0.5,ambient,0.1,0,0,False
0,2026092816,maest,ambient_balanced,0.5,rock,0.001,0,0,False
0,2026092816,maest,ambient_balanced,1.0,electronic,0.1,0,0,False
0,2026092816,maest,ambient_balanced,1.0,pop,1.0,0,0,False
0,2026092816,maest,ambient_balanced,1.0,ambient,0.01,0,0,False
0,2026092816,maest,ambient_balanced,1.0,rock,identity,0,0,False
0,2026092816,maest,unweighted,0.25,electronic,identity,0,0,False
0,2026092816,maest,unweighted,0.25,pop,identity,0,0,False
0,2026092816,maest,unweighted,0.25,ambient,identity,0,0,False
0,2026092816,maest,unweighted,0.25,rock,0.001,0,0,False
0,2026092816,maest,unweighted,0.5,electronic,identity,0,0,False
0,2026092816,maest,unweighted,0.5,pop,identity,0,0,False
0,2026092816,maest,unweighted,0.5,ambient,identity,0,0,False
0,2026092816,maest,unweighted,0.5,rock,0.001,0,0,False
0,2026092816,maest,unweighted,1.0,electronic,0.1,0,0,False
0,2026092816,maest,unweighted,1.0,pop,1.0,0,0,False
0,2026092816,maest,unweighted,1.0,ambient,0.01,0,0,False
0,2026092816,maest,unweighted,1.0,rock,identity,0,0,False
0,2026092816,mert_v0,ambient_balanced,0.25,electronic,identity,0,0,False
0,2026092816,mert_v0,ambient_balanced,0.25,pop,identity,0,0,False
0,2026092816,mert_v0,ambient_balanced,0.25,ambient,0.1,0,0,False
0,2026092816,mert_v0,ambient_balanced,0.25,rock,identity,0,0,False
0,2026092816,mert_v0,ambient_balanced,0.5,electronic,identity,0,0,False
0,2026092816,mert_v0,ambient_balanced,0.5,pop,identity,0,0,False
0,2026092816,mert_v0,ambient_balanced,0.5,ambient,0.1,0,0,False
0,2026092816,mert_v0,ambient_balanced,0.5,rock,0.01,0,0,False
0,2026092816,mert_v0,ambient_balanced,1.0,electronic,0.001,0,0,False
0,2026092816,mert_v0,ambient_balanced,1.0,pop,identity,0,0,False
0,2026092816,mert_v0,ambient_balanced,1.0,ambient,0.01,0,0,False
0,2026092816,mert_v0,ambient_balanced,1.0,rock,identity,0,0,False
0,2026092816,mert_v0,unweighted,0.25,electronic,identity,0,0,False
0,2026092816,mert_v0,unweighted,0.25,pop,identity,0,0,False
0,2026092816,mert_v0,unweighted,0.25,ambient,identity,0,0,False
0,2026092816,mert_v0,unweighted,0.25,rock,identity,0,0,False
0,2026092816,mert_v0,unweighted,0.5,electronic,identity,0,0,False
0,2026092816,mert_v0,unweighted,0.5,pop,identity,0,0,False
0,2026092816,mert_v0,unweighted,0.5,ambient,identity,0,0,False
0,2026092816,mert_v0,unweighted,0.5,rock,0.01,0,0,False
0,2026092816,mert_v0,unweighted,1.0,electronic,0.001,0,0,False
0,2026092816,mert_v0,unweighted,1.0,pop,identity,0,0,False
0,2026092816,mert_v0,unweighted,1.0,ambient,identity,0,0,False
0,2026092816,mert_v0,unweighted,1.0,rock,identity,0,0,False
0,2026092816,mert_v1,ambient_balanced,0.25,electronic,identity,0,0,False
0,2026092816,mert_v1,ambient_balanced,0.25,pop,identity,0,0,False
0,2026092816,mert_v1,ambient_balanced,0.25,ambient,0.1,0,0,False
0,2026092816,mert_v1,ambient_balanced,0.25,rock,identity,0,0,False
0,2026092816,mert_v1,ambient_balanced,0.5,electronic,identity,0,0,False
0,2026092816,mert_v1,ambient_balanced,0.5,pop,identity,0,0,False
0,2026092816,mert_v1,ambient_balanced,0.5,ambient,0.1,0,0,False
0,2026092816,mert_v1,ambient_balanced,0.5,rock,0.001,0,0,False
0,2026092816,mert_v1,ambient_balanced,1.0,electronic,0.01,0,0,False
0,2026092816,mert_v1,ambient_balanced,1.0,pop,identity,0,0,False
0,2026092816,mert_v1,ambient_balanced,1.0,ambient,0.01,0,0,False
0,2026092816,mert_v1,ambient_balanced,1.0,rock,identity,0,0,False
0,2026092816,mert_v1,unweighted,0.25,electronic,identity,0,0,False
0,2026092816,mert_v1,unweighted,0.25,pop,identity,0,0,False
0,2026092816,mert_v1,unweighted,0.25,ambient,identity,0,0,False
0,2026092816,mert_v1,unweighted,0.25,rock,identity,0,0,False
0,2026092816,mert_v1,unweighted,0.5,electronic,identity,0,0,False
0,2026092816,mert_v1,unweighted,0.5,pop,identity,0,0,False
0,2026092816,mert_v1,unweighted,0.5,ambient,identity,0,0,False
0,2026092816,mert_v1,unweighted,0.5,rock,0.001,0,0,False
0,2026092816,mert_v1,unweighted,1.0,electronic,0.01,0,0,False
0,2026092816,mert_v1,unweighted,1.0,pop,identity,0,0,False
0,2026092816,mert_v1,unweighted,1.0,ambient,identity,0,0,False
0,2026092816,mert_v1,unweighted,1.0,rock,identity,0,0,False
0,2026092817,maest,ambient_balanced,0.25,electronic,identity,0,0,False
0,2026092817,maest,ambient_balanced,0.25,pop,identity,0,0,False
0,2026092817,maest,ambient_balanced,0.25,ambient,0.01,0,0,False
0,2026092817,maest,ambient_balanced,0.25,rock,identity,0,0,False
0,2026092817,maest,ambient_balanced,0.5,electronic,0.1,0,0,False
0,2026092817,maest,ambient_balanced,0.5,pop,0.01,0,0,False
0,2026092817,maest,ambient_balanced,0.5,ambient,0.0,0,0,False
0,2026092817,maest,ambient_balanced,0.5,rock,identity,0,0,False
0,2026092817,maest,ambient_balanced,1.0,electronic,identity,0,0,False
0,2026092817,maest,ambient_balanced,1.0,pop,identity,0,0,False
0,2026092817,maest,ambient_balanced,1.0,ambient,0.0,0,0,False
0,2026092817,maest,ambient_balanced,1.0,rock,identity,0,0,False
0,2026092817,maest,unweighted,0.25,electronic,identity,0,0,False
0,2026092817,maest,unweighted,0.25,pop,identity,0,0,False
0,2026092817,maest,unweighted,0.25,ambient,0.1,0,0,False
0,2026092817,maest,unweighted,0.25,rock,identity,0,0,False
0,2026092817,maest,unweighted,0.5,electronic,0.1,0,0,False
0,2026092817,maest,unweighted,0.5,pop,0.01,0,0,False
0,2026092817,maest,unweighted,0.5,ambient,0.0,0,0,False
0,2026092817,maest,unweighted,0.5,rock,identity,0,0,False
0,2026092817,maest,unweighted,1.0,electronic,identity,0,0,False
0,2026092817,maest,unweighted,1.0,pop,identity,0,0,False
0,2026092817,maest,unweighted,1.0,ambient,0.0,0,0,False
0,2026092817,maest,unweighted,1.0,rock,identity,0,0,False
0,2026092817,mert_v0,ambient_balanced,0.25,electronic,identity,0,0,False
0,2026092817,mert_v0,ambient_balanced,0.25,pop,identity,0,0,False
0,2026092817,mert_v0,ambient_balanced,0.25,ambient,0.01,0,0,False
0,2026092817,mert_v0,ambient_balanced,0.25,rock,0.001,0,0,False
0,2026092817,mert_v0,ambient_balanced,0.5,electronic,identity,0,0,False
0,2026092817,mert_v0,ambient_balanced,0.5,pop,identity,0,0,False
0,2026092817,mert_v0,ambient_balanced,0.5,ambient,0.0,0,0,False
0,2026092817,mert_v0,ambient_balanced,0.5,rock,identity,0,0,False
0,2026092817,mert_v0,ambient_balanced,1.0,electronic,identity,0,0,False
0,2026092817,mert_v0,ambient_balanced,1.0,pop,identity,0,0,False
0,2026092817,mert_v0,ambient_balanced,1.0,ambient,0.0,0,0,False
0,2026092817,mert_v0,ambient_balanced,1.0,rock,identity,0,0,False
0,2026092817,mert_v0,unweighted,0.25,electronic,identity,0,0,False
0,2026092817,mert_v0,unweighted,0.25,pop,identity,0,0,False
0,2026092817,mert_v0,unweighted,0.25,ambient,1.0,0,0,False
0,2026092817,mert_v0,unweighted,0.25,rock,0.001,0,0,False
0,2026092817,mert_v0,unweighted,0.5,electronic,identity,0,0,False
0,2026092817,mert_v0,unweighted,0.5,pop,identity,0,0,False
0,2026092817,mert_v0,unweighted,0.5,ambient,identity,0,0,False
0,2026092817,mert_v0,unweighted,0.5,rock,identity,0,0,False
0,2026092817,mert_v0,unweighted,1.0,electronic,identity,0,0,False
0,2026092817,mert_v0,unweighted,1.0,pop,identity,0,0,False
0,2026092817,mert_v0,unweighted,1.0,ambient,identity,0,0,False
0,2026092817,mert_v0,unweighted,1.0,rock,identity,0,0,False
0,2026092817,mert_v1,ambient_balanced,0.25,electronic,identity,0,0,False
0,2026092817,mert_v1,ambient_balanced,0.25,pop,identity,0,0,False
0,2026092817,mert_v1,ambient_balanced,0.25,ambient,0.01,0,0,False
0,2026092817,mert_v1,ambient_balanced,0.25,rock,0.001,0,0,False
0,2026092817,mert_v1,ambient_balanced,0.5,electronic,identity,0,0,False
0,2026092817,mert_v1,ambient_balanced,0.5,pop,identity,0,0,False
0,2026092817,mert_v1,ambient_balanced,0.5,ambient,0.0,0,0,False
0,2026092817,mert_v1,ambient_balanced,0.5,rock,identity,0,0,False
0,2026092817,mert_v1,ambient_balanced,1.0,electronic,identity,0,0,False
0,2026092817,mert_v1,ambient_balanced,1.0,pop,identity,0,0,False
0,2026092817,mert_v1,ambient_balanced,1.0,ambient,0.0,0,0,False
0,2026092817,mert_v1,ambient_balanced,1.0,rock,identity,0,0,False
0,2026092817,mert_v1,unweighted,0.25,electronic,identity,0,0,False
0,2026092817,mert_v1,unweighted,0.25,pop,identity,0,0,False
0,2026092817,mert_v1,unweighted,0.25,ambient,0.1,0,0,False
0,2026092817,mert_v1,unweighted,0.25,rock,0.001,0,0,False
0,2026092817,mert_v1,unweighted,0.5,electronic,identity,0,0,False
0,2026092817,mert_v1,unweighted,0.5,pop,identity,0,0,False
0,2026092817,mert_v1,unweighted,0.5,ambient,identity,0,0,False
0,2026092817,mert_v1,unweighted,0.5,rock,identity,0,0,False
0,2026092817,mert_v1,unweighted,1.0,electronic,identity,0,0,False
0,2026092817,mert_v1,unweighted,1.0,pop,identity,0,0,False
0,2026092817,mert_v1,unweighted,1.0,ambient,0.001,0,0,False
0,2026092817,mert_v1,unweighted,1.0,rock,identity,0,0,False
0,2026092818,maest,ambient_balanced,0.25,electronic,identity,0,0,False
0,2026092818,maest,ambient_balanced,0.25,pop,identity,0,0,False
0,2026092818,maest,ambient_balanced,0.25,ambient,identity,0,0,False
0,2026092818,maest,ambient_balanced,0.25,rock,1.0,0,0,False
0,2026092818,maest,ambient_balanced,0.5,electronic,1.0,0,0,False
0,2026092818,maest,ambient_balanced,0.5,pop,0.01,0,0,False
0,2026092818,maest,ambient_balanced,0.5,ambient,0.1,0,0,False
0,2026092818,maest,ambient_balanced,0.5,rock,0.1,0,0,False
0,2026092818,maest,ambient_balanced,1.0,electronic,identity,0,0,False
0,2026092818,maest,ambient_balanced,1.0,pop,0.001,0,0,False
0,2026092818,maest,ambient_balanced,1.0,ambient,0.01,0,0,False
0,2026092818,maest,ambient_balanced,1.0,rock,identity,0,0,False
0,2026092818,maest,unweighted,0.25,electronic,identity,0,0,False
0,2026092818,maest,unweighted,0.25,pop,identity,0,0,False
0,2026092818,maest,unweighted,0.25,ambient,0.0,0,0,False
0,2026092818,maest,unweighted,0.25,rock,1.0,0,0,False
0,2026092818,maest,unweighted,0.5,electronic,1.0,0,0,False
0,2026092818,maest,unweighted,0.5,pop,0.01,0,0,False
0,2026092818,maest,unweighted,0.5,ambient,0.0,0,0,False
0,2026092818,maest,unweighted,0.5,rock,0.1,0,0,False
0,2026092818,maest,unweighted,1.0,electronic,identity,0,0,False
0,2026092818,maest,unweighted,1.0,pop,0.001,0,0,False
0,2026092818,maest,unweighted,1.0,ambient,0.01,0,0,False
0,2026092818,maest,unweighted,1.0,rock,identity,0,0,False
0,2026092818,mert_v0,ambient_balanced,0.25,electronic,1.0,0,0,False
0,2026092818,mert_v0,ambient_balanced,0.25,pop,identity,0,0,False
0,2026092818,mert_v0,ambient_balanced,0.25,ambient,0.1,0,0,False
0,2026092818,mert_v0,ambient_balanced,0.25,rock,0.0,0,0,False
0,2026092818,mert_v0,ambient_balanced,0.5,electronic,1.0,0,0,False
0,2026092818,mert_v0,ambient_balanced,0.5,pop,identity,0,0,False
0,2026092818,mert_v0,ambient_balanced,0.5,ambient,0.1,0,0,False
0,2026092818,mert_v0,ambient_balanced,0.5,rock,0.01,0,0,False
0,2026092818,mert_v0,ambient_balanced,1.0,electronic,identity,0,0,False
0,2026092818,mert_v0,ambient_balanced,1.0,pop,0.01,0,0,False
0,2026092818,mert_v0,ambient_balanced,1.0,ambient,0.01,0,0,False
0,2026092818,mert_v0,ambient_balanced,1.0,rock,0.001,0,0,False
0,2026092818,mert_v0,unweighted,0.25,electronic,1.0,0,0,False
0,2026092818,mert_v0,unweighted,0.25,pop,identity,0,0,False
0,2026092818,mert_v0,unweighted,0.25,ambient,0.0,0,0,False
0,2026092818,mert_v0,unweighted,0.25,rock,0.0,0,0,False
0,2026092818,mert_v0,unweighted,0.5,electronic,1.0,0,0,False
0,2026092818,mert_v0,unweighted,0.5,pop,identity,0,0,False
0,2026092818,mert_v0,unweighted,0.5,ambient,0.001,0,0,False
0,2026092818,mert_v0,unweighted,0.5,rock,0.01,0,0,False
0,2026092818,mert_v0,unweighted,1.0,electronic,identity,0,0,False
0,2026092818,mert_v0,unweighted,1.0,pop,0.01,0,0,False
0,2026092818,mert_v0,unweighted,1.0,ambient,0.01,0,0,False
0,2026092818,mert_v0,unweighted,1.0,rock,0.001,0,0,False
0,2026092818,mert_v1,ambient_balanced,0.25,electronic,0.1,0,0,False
0,2026092818,mert_v1,ambient_balanced,0.25,pop,identity,0,0,False
0,2026092818,mert_v1,ambient_balanced,0.25,ambient,0.1,0,0,False
0,2026092818,mert_v1,ambient_balanced,0.25,rock,0.0,0,0,False
0,2026092818,mert_v1,ambient_balanced,0.5,electronic,1.0,0,0,False
0,2026092818,mert_v1,ambient_balanced,0.5,pop,identity,0,0,False
0,2026092818,mert_v1,ambient_balanced,0.5,ambient,0.1,0,0,False
0,2026092818,mert_v1,ambient_balanced,0.5,rock,0.01,0,0,False
0,2026092818,mert_v1,ambient_balanced,1.0,electronic,identity,0,0,False
0,2026092818,mert_v1,ambient_balanced,1.0,pop,0.01,0,0,False
0,2026092818,mert_v1,ambient_balanced,1.0,ambient,0.01,0,0,False
0,2026092818,mert_v1,ambient_balanced,1.0,rock,0.01,1,0,False
0,2026092818,mert_v1,unweighted,0.25,electronic,0.1,0,0,False
0,2026092818,mert_v1,unweighted,0.25,pop,identity,0,0,False
0,2026092818,mert_v1,unweighted,0.25,ambient,0.0,0,0,False
0,2026092818,mert_v1,unweighted,0.25,rock,0.0,0,0,False
0,2026092818,mert_v1,unweighted,0.5,electronic,1.0,0,0,False
0,2026092818,mert_v1,unweighted,0.5,pop,identity,0,0,False
0,2026092818,mert_v1,unweighted,0.5,ambient,0.001,0,0,False
0,2026092818,mert_v1,unweighted,0.5,rock,0.01,0,0,False
0,2026092818,mert_v1,unweighted,1.0,electronic,identity,0,0,False
0,2026092818,mert_v1,unweighted,1.0,pop,0.01,0,0,False
0,2026092818,mert_v1,unweighted,1.0,ambient,0.001,0,0,False
0,2026092818,mert_v1,unweighted,1.0,rock,0.01,1,0,False
0,2026092819,maest,ambient_balanced,0.25,electronic,identity,0,0,False
0,2026092819,maest,ambient_balanced,0.25,pop,0.1,0,0,False
0,2026092819,maest,ambient_balanced,0.25,ambient,0.01,0,0,False
0,2026092819,maest,ambient_balanced,0.25,rock,identity,0,0,False
0,2026092819,maest,ambient_balanced,0.5,electronic,identity,0,0,False
0,2026092819,maest,ambient_balanced,0.5,pop,0.1,0,0,False
0,2026092819,maest,ambient_balanced,0.5,ambient,0.0,0,0,False
0,2026092819,maest,ambient_balanced,0.5,rock,0.1,0,0,False
0,2026092819,maest,ambient_balanced,1.0,electronic,identity,0,0,False
0,2026092819,maest,ambient_balanced,1.0,pop,0.001,0,0,False
0,2026092819,maest,ambient_balanced,1.0,ambient,0.01,0,0,False
0,2026092819,maest,ambient_balanced,1.0,rock,0.1,0,0,False
0,2026092819,maest,unweighted,0.25,electronic,identity,0,0,False
0,2026092819,maest,unweighted,0.25,pop,0.1,0,0,False
0,2026092819,maest,unweighted,0.25,ambient,identity,0,0,False
0,2026092819,maest,unweighted,0.25,rock,identity,0,0,False
0,2026092819,maest,unweighted,0.5,electronic,identity,0,0,False
0,2026092819,maest,unweighted,0.5,pop,0.1,0,0,False
0,2026092819,maest,unweighted,0.5,ambient,0.0,0,0,False
0,2026092819,maest,unweighted,0.5,rock,0.1,0,0,False
0,2026092819,maest,unweighted,1.0,electronic,identity,0,0,False
0,2026092819,maest,unweighted,1.0,pop,0.001,0,0,False
0,2026092819,maest,unweighted,1.0,ambient,0.01,0,0,False
0,2026092819,maest,unweighted,1.0,rock,0.1,0,0,False
0,2026092819,mert_v0,ambient_balanced,0.25,electronic,identity,0,0,False
0,2026092819,mert_v0,ambient_balanced,0.25,pop,0.1,0,0,False
0,2026092819,mert_v0,ambient_balanced,0.25,ambient,0.01,0,0,False
0,2026092819,mert_v0,ambient_balanced,0.25,rock,identity,0,0,False
0,2026092819,mert_v0,ambient_balanced,0.5,electronic,identity,0,0,False
0,2026092819,mert_v0,ambient_balanced,0.5,pop,0.1,0,0,False
0,2026092819,mert_v0,ambient_balanced,0.5,ambient,0.0,0,0,False
0,2026092819,mert_v0,ambient_balanced,0.5,rock,1.0,0,0,False
0,2026092819,mert_v0,ambient_balanced,1.0,electronic,1.0,0,0,False
0,2026092819,mert_v0,ambient_balanced,1.0,pop,0.01,0,0,False
0,2026092819,mert_v0,ambient_balanced,1.0,ambient,0.01,0,0,False
0,2026092819,mert_v0,ambient_balanced,1.0,rock,0.1,0,0,False
0,2026092819,mert_v0,unweighted,0.25,electronic,identity,0,0,False
0,2026092819,mert_v0,unweighted,0.25,pop,0.1,0,0,False
0,2026092819,mert_v0,unweighted,0.25,ambient,identity,0,0,False
0,2026092819,mert_v0,unweighted,0.25,rock,identity,0,0,False
0,2026092819,mert_v0,unweighted,0.5,electronic,identity,0,0,False
0,2026092819,mert_v0,unweighted,0.5,pop,0.1,0,0,False
0,2026092819,mert_v0,unweighted,0.5,ambient,0.0,0,0,False
0,2026092819,mert_v0,unweighted,0.5,rock,1.0,0,0,False
0,2026092819,mert_v0,unweighted,1.0,electronic,1.0,0,0,False
0,2026092819,mert_v0,unweighted,1.0,pop,0.01,0,0,False
0,2026092819,mert_v0,unweighted,1.0,ambient,identity,0,0,False
0,2026092819,mert_v0,unweighted,1.0,rock,0.1,0,0,False
0,2026092819,mert_v1,ambient_balanced,0.25,electronic,identity,0,0,False
0,2026092819,mert_v1,ambient_balanced,0.25,pop,1.0,0,0,False
0,2026092819,mert_v1,ambient_balanced,0.25,ambient,0.01,0,0,False
0,2026092819,mert_v1,ambient_balanced,0.25,rock,identity,0,0,False
0,2026092819,mert_v1,ambient_balanced,0.5,electronic,identity,0,0,False
0,2026092819,mert_v1,ambient_balanced,0.5,pop,0.1,0,0,False
0,2026092819,mert_v1,ambient_balanced,0.5,ambient,0.001,0,0,False
0,2026092819,mert_v1,ambient_balanced,0.5,rock,1.0,0,0,False
0,2026092819,mert_v1,ambient_balanced,1.0,electronic,identity,0,0,False
0,2026092819,mert_v1,ambient_balanced,1.0,pop,0.01,0,0,False
0,2026092819,mert_v1,ambient_balanced,1.0,ambient,0.01,0,0,False
0,2026092819,mert_v1,ambient_balanced,1.0,rock,1.0,0,0,False
0,2026092819,mert_v1,unweighted,0.25,electronic,identity,0,0,False
0,2026092819,mert_v1,unweighted,0.25,pop,1.0,0,0,False
0,2026092819,mert_v1,unweighted,0.25,ambient,0.01,0,0,False
0,2026092819,mert_v1,unweighted,0.25,rock,identity,0,0,False
0,2026092819,mert_v1,unweighted,0.5,electronic,identity,0,0,False
0,2026092819,mert_v1,unweighted,0.5,pop,0.1,0,0,False
0,2026092819,mert_v1,unweighted,0.5,ambient,0.001,0,0,False
0,2026092819,mert_v1,unweighted,0.5,rock,1.0,0,0,False
0,2026092819,mert_v1,unweighted,1.0,electronic,identity,0,0,False
0,2026092819,mert_v1,unweighted,1.0,pop,0.01,0,0,False
0,2026092819,mert_v1,unweighted,1.0,ambient,identity,0,0,False
0,2026092819,mert_v1,unweighted,1.0,rock,1.0,0,0,False
1,2026092800,maest,ambient_balanced,0.25,electronic,0.1,0,0,False
1,2026092800,maest,ambient_balanced,0.25,pop,identity,0,0,False
1,2026092800,maest,ambient_balanced,0.25,ambient,0.1,0,0,False
1,2026092800,maest,ambient_balanced,0.25,rock,identity,0,0,False
1,2026092800,maest,ambient_balanced,0.5,electronic,identity,0,0,False
1,2026092800,maest,ambient_balanced,0.5,pop,identity,0,0,False
1,2026092800,maest,ambient_balanced,0.5,ambient,0.01,0,0,False
1,2026092800,maest,ambient_balanced,0.5,rock,1.0,0,0,False
1,2026092800,maest,ambient_balanced,1.0,electronic,identity,0,0,False
1,2026092800,maest,ambient_balanced,1.0,pop,identity,0,0,False
1,2026092800,maest,ambient_balanced,1.0,ambient,0.01,0,0,False
1,2026092800,maest,ambient_balanced,1.0,rock,0.0,0,0,False
1,2026092800,maest,unweighted,0.25,electronic,0.1,0,0,False
1,2026092800,maest,unweighted,0.25,pop,identity,0,0,False
1,2026092800,maest,unweighted,0.25,ambient,identity,0,0,False
1,2026092800,maest,unweighted,0.25,rock,identity,0,0,False
1,2026092800,maest,unweighted,0.5,electronic,identity,0,0,False
1,2026092800,maest,unweighted,0.5,pop,identity,0,0,False
1,2026092800,maest,unweighted,0.5,ambient,identity,0,0,False
1,2026092800,maest,unweighted,0.5,rock,1.0,0,0,False
1,2026092800,maest,unweighted,1.0,electronic,identity,0,0,False
1,2026092800,maest,unweighted,1.0,pop,identity,0,0,False
1,2026092800,maest,unweighted,1.0,ambient,identity,0,0,False
1,2026092800,maest,unweighted,1.0,rock,0.0,0,0,False
1,2026092800,mert_v0,ambient_balanced,0.25,electronic,1.0,0,0,False
1,2026092800,mert_v0,ambient_balanced,0.25,pop,identity,0,0,False
1,2026092800,mert_v0,ambient_balanced,0.25,ambient,0.1,0,0,False
1,2026092800,mert_v0,ambient_balanced,0.25,rock,identity,0,0,False
1,2026092800,mert_v0,ambient_balanced,0.5,electronic,identity,0,0,False
1,2026092800,mert_v0,ambient_balanced,0.5,pop,identity,0,0,False
1,2026092800,mert_v0,ambient_balanced,0.5,ambient,0.01,0,0,False
1,2026092800,mert_v0,ambient_balanced,0.5,rock,identity,0,0,False
1,2026092800,mert_v0,ambient_balanced,1.0,electronic,identity,0,0,False
1,2026092800,mert_v0,ambient_balanced,1.0,pop,0.001,0,0,False
1,2026092800,mert_v0,ambient_balanced,1.0,ambient,0.01,0,0,False
1,2026092800,mert_v0,ambient_balanced,1.0,rock,1.0,0,0,False
1,2026092800,mert_v0,unweighted,0.25,electronic,1.0,0,0,False
1,2026092800,mert_v0,unweighted,0.25,pop,identity,0,0,False
1,2026092800,mert_v0,unweighted,0.25,ambient,identity,0,0,False
1,2026092800,mert_v0,unweighted,0.25,rock,identity,0,0,False
1,2026092800,mert_v0,unweighted,0.5,electronic,identity,0,0,False
1,2026092800,mert_v0,unweighted,0.5,pop,identity,0,0,False
1,2026092800,mert_v0,unweighted,0.5,ambient,identity,0,0,False
1,2026092800,mert_v0,unweighted,0.5,rock,identity,0,0,False
1,2026092800,mert_v0,unweighted,1.0,electronic,identity,0,0,False
1,2026092800,mert_v0,unweighted,1.0,pop,0.001,0,0,False
1,2026092800,mert_v0,unweighted,1.0,ambient,identity,0,0,False
1,2026092800,mert_v0,unweighted,1.0,rock,1.0,0,0,False
1,2026092800,mert_v1,ambient_balanced,0.25,electronic,0.1,0,0,False
1,2026092800,mert_v1,ambient_balanced,0.25,pop,identity,0,0,False
1,2026092800,mert_v1,ambient_balanced,0.25,ambient,0.1,0,0,False
1,2026092800,mert_v1,ambient_balanced,0.25,rock,identity,0,0,False
1,2026092800,mert_v1,ambient_balanced,0.5,electronic,identity,0,0,False
1,2026092800,mert_v1,ambient_balanced,0.5,pop,identity,0,0,False
1,2026092800,mert_v1,ambient_balanced,0.5,ambient,0.01,0,0,False
1,2026092800,mert_v1,ambient_balanced,0.5,rock,identity,0,0,False
1,2026092800,mert_v1,ambient_balanced,1.0,electronic,1.0,0,0,False
1,2026092800,mert_v1,ambient_balanced,1.0,pop,identity,0,0,False
1,2026092800,mert_v1,ambient_balanced,1.0,ambient,0.01,0,0,False
1,2026092800,mert_v1,ambient_balanced,1.0,rock,1.0,0,0,False
1,2026092800,mert_v1,unweighted,0.25,electronic,0.1,0,0,False
1,2026092800,mert_v1,unweighted,0.25,pop,identity,0,0,False
1,2026092800,mert_v1,unweighted,0.25,ambient,identity,0,0,False
1,2026092800,mert_v1,unweighted,0.25,rock,identity,0,0,False
1,2026092800,mert_v1,unweighted,0.5,electronic,identity,0,0,False
1,2026092800,mert_v1,unweighted,0.5,pop,identity,0,0,False
1,2026092800,mert_v1,unweighted,0.5,ambient,identity,0,0,False
1,2026092800,mert_v1,unweighted,0.5,rock,identity,0,0,False
1,2026092800,mert_v1,unweighted,1.0,electronic,1.0,0,0,False
1,2026092800,mert_v1,unweighted,1.0,pop,identity,0,0,False
1,2026092800,mert_v1,unweighted,1.0,ambient,identity,0,0,False
1,2026092800,mert_v1,unweighted,1.0,rock,1.0,0,0,False
1,2026092801,maest,ambient_balanced,0.25,electronic,0.1,0,0,False
1,2026092801,maest,ambient_balanced,0.25,pop,0.1,0,0,False
1,2026092801,maest,ambient_balanced,0.25,ambient,0.01,0,0,False
1,2026092801,maest,ambient_balanced,0.25,rock,identity,0,0,False
1,2026092801,maest,ambient_balanced,0.5,electronic,1.0,0,0,False
1,2026092801,maest,ambient_balanced,0.5,pop,identity,0,0,False
1,2026092801,maest,ambient_balanced,0.5,ambient,0.001,0,0,False
1,2026092801,maest,ambient_balanced,0.5,rock,identity,0,0,False
1,2026092801,maest,ambient_balanced,1.0,electronic,identity,0,0,False
1,2026092801,maest,ambient_balanced,1.0,pop,identity,0,0,False
1,2026092801,maest,ambient_balanced,1.0,ambient,0.001,0,0,False
1,2026092801,maest,ambient_balanced,1.0,rock,identity,0,0,False
1,2026092801,maest,unweighted,0.25,electronic,0.1,0,0,False
1,2026092801,maest,unweighted,0.25,pop,0.1,0,0,False
1,2026092801,maest,unweighted,0.25,ambient,identity,0,0,False
1,2026092801,maest,unweighted,0.25,rock,identity,0,0,False
1,2026092801,maest,unweighted,0.5,electronic,1.0,0,0,False
1,2026092801,maest,unweighted,0.5,pop,identity,0,0,False
1,2026092801,maest,unweighted,0.5,ambient,0.01,0,0,False
1,2026092801,maest,unweighted,0.5,rock,identity,0,0,False
1,2026092801,maest,unweighted,1.0,electronic,identity,0,0,False
1,2026092801,maest,unweighted,1.0,pop,identity,0,0,False
1,2026092801,maest,unweighted,1.0,ambient,0.01,0,0,False
1,2026092801,maest,unweighted,1.0,rock,identity,0,0,False
1,2026092801,mert_v0,ambient_balanced,0.25,electronic,0.1,0,0,False
1,2026092801,mert_v0,ambient_balanced,0.25,pop,identity,0,0,False
1,2026092801,mert_v0,ambient_balanced,0.25,ambient,0.1,0,0,False
1,2026092801,mert_v0,ambient_balanced,0.25,rock,identity,0,0,False
1,2026092801,mert_v0,ambient_balanced,0.5,electronic,0.1,0,0,False
1,2026092801,mert_v0,ambient_balanced,0.5,pop,identity,0,0,False
1,2026092801,mert_v0,ambient_balanced,0.5,ambient,0.001,0,0,False
1,2026092801,mert_v0,ambient_balanced,0.5,rock,0.001,0,0,False
1,2026092801,mert_v0,ambient_balanced,1.0,electronic,identity,0,0,False
1,2026092801,mert_v0,ambient_balanced,1.0,pop,identity,0,0,False
1,2026092801,mert_v0,ambient_balanced,1.0,ambient,0.01,0,0,False
1,2026092801,mert_v0,ambient_balanced,1.0,rock,0.001,0,0,False
1,2026092801,mert_v0,unweighted,0.25,electronic,0.1,0,0,False
1,2026092801,mert_v0,unweighted,0.25,pop,identity,0,0,False
1,2026092801,mert_v0,unweighted,0.25,ambient,identity,0,0,False
1,2026092801,mert_v0,unweighted,0.25,rock,identity,0,0,False
1,2026092801,mert_v0,unweighted,0.5,electronic,0.1,0,0,False
1,2026092801,mert_v0,unweighted,0.5,pop,identity,0,0,False
1,2026092801,mert_v0,unweighted,0.5,ambient,0.0,0,0,False
1,2026092801,mert_v0,unweighted,0.5,rock,0.001,0,0,False
1,2026092801,mert_v0,unweighted,1.0,electronic,identity,0,0,False
1,2026092801,mert_v0,unweighted,1.0,pop,identity,0,0,False
1,2026092801,mert_v0,unweighted,1.0,ambient,0.01,0,0,False
1,2026092801,mert_v0,unweighted,1.0,rock,0.001,0,0,False
1,2026092801,mert_v1,ambient_balanced,0.25,electronic,0.1,0,0,False
1,2026092801,mert_v1,ambient_balanced,0.25,pop,identity,0,0,False
1,2026092801,mert_v1,ambient_balanced,0.25,ambient,0.1,0,0,False
1,2026092801,mert_v1,ambient_balanced,0.25,rock,0.01,0,0,False
1,2026092801,mert_v1,ambient_balanced,0.5,electronic,0.1,0,0,False
1,2026092801,mert_v1,ambient_balanced,0.5,pop,identity,0,0,False
1,2026092801,mert_v1,ambient_balanced,0.5,ambient,0.001,0,0,False
1,2026092801,mert_v1,ambient_balanced,0.5,rock,0.01,0,0,False
1,2026092801,mert_v1,ambient_balanced,1.0,electronic,0.1,0,0,False
1,2026092801,mert_v1,ambient_balanced,1.0,pop,identity,0,0,False
1,2026092801,mert_v1,ambient_balanced,1.0,ambient,0.01,0,0,False
1,2026092801,mert_v1,ambient_balanced,1.0,rock,0.1,0,0,False
1,2026092801,mert_v1,unweighted,0.25,electronic,0.1,0,0,False
1,2026092801,mert_v1,unweighted,0.25,pop,identity,0,0,False
1,2026092801,mert_v1,unweighted,0.25,ambient,identity,0,0,False
1,2026092801,mert_v1,unweighted,0.25,rock,0.01,0,0,False
1,2026092801,mert_v1,unweighted,0.5,electronic,0.1,0,0,False
1,2026092801,mert_v1,unweighted,0.5,pop,identity,0,0,False
1,2026092801,mert_v1,unweighted,0.5,ambient,identity,0,0,False
1,2026092801,mert_v1,unweighted,0.5,rock,0.01,0,0,False
1,2026092801,mert_v1,unweighted,1.0,electronic,0.1,0,0,False
1,2026092801,mert_v1,unweighted,1.0,pop,identity,0,0,False
1,2026092801,mert_v1,unweighted,1.0,ambient,1.0,0,0,False
1,2026092801,mert_v1,unweighted,1.0,rock,0.1,0,0,False
1,2026092802,maest,ambient_balanced,0.25,electronic,identity,0,0,False
1,2026092802,maest,ambient_balanced,0.25,pop,1.0,0,0,False
1,2026092802,maest,ambient_balanced,0.25,ambient,0.1,0,0,False
1,2026092802,maest,ambient_balanced,0.25,rock,0.01,0,0,False
1,2026092802,maest,ambient_balanced,0.5,electronic,1.0,0,0,False
1,2026092802,maest,ambient_balanced,0.5,pop,1.0,0,0,False
1,2026092802,maest,ambient_balanced,0.5,ambient,0.0,0,0,False
1,2026092802,maest,ambient_balanced,0.5,rock,0.01,0,0,False
1,2026092802,maest,ambient_balanced,1.0,electronic,identity,0,0,False
1,2026092802,maest,ambient_balanced,1.0,pop,identity,0,0,False
1,2026092802,maest,ambient_balanced,1.0,ambient,0.01,0,0,False
1,2026092802,maest,ambient_balanced,1.0,rock,identity,0,0,False
1,2026092802,maest,unweighted,0.25,electronic,identity,0,0,False
1,2026092802,maest,unweighted,0.25,pop,1.0,0,0,False
1,2026092802,maest,unweighted,0.25,ambient,identity,0,0,False
1,2026092802,maest,unweighted,0.25,rock,0.01,0,0,False
1,2026092802,maest,unweighted,0.5,electronic,1.0,0,0,False
1,2026092802,maest,unweighted,0.5,pop,1.0,0,0,False
1,2026092802,maest,unweighted,0.5,ambient,identity,0,0,False
1,2026092802,maest,unweighted,0.5,rock,0.01,0,0,False
1,2026092802,maest,unweighted,1.0,electronic,identity,0,0,False
1,2026092802,maest,unweighted,1.0,pop,identity,0,0,False
1,2026092802,maest,unweighted,1.0,ambient,identity,0,0,False
1,2026092802,maest,unweighted,1.0,rock,identity,0,0,False
1,2026092802,mert_v0,ambient_balanced,0.25,electronic,identity,0,0,False
1,2026092802,mert_v0,ambient_balanced,0.25,pop,1.0,0,0,False
1,2026092802,mert_v0,ambient_balanced,0.25,ambient,0.1,0,0,False
1,2026092802,mert_v0,ambient_balanced,0.25,rock,0.01,0,0,False
1,2026092802,mert_v0,ambient_balanced,0.5,electronic,0.01,0,0,False
1,2026092802,mert_v0,ambient_balanced,0.5,pop,identity,0,0,False
1,2026092802,mert_v0,ambient_balanced,0.5,ambient,0.0,0,0,False
1,2026092802,mert_v0,ambient_balanced,0.5,rock,0.001,0,0,False
1,2026092802,mert_v0,ambient_balanced,1.0,electronic,identity,0,0,False
1,2026092802,mert_v0,ambient_balanced,1.0,pop,identity,0,0,False
1,2026092802,mert_v0,ambient_balanced,1.0,ambient,0.01,0,0,False
1,2026092802,mert_v0,ambient_balanced,1.0,rock,0.001,0,0,False
1,2026092802,mert_v0,unweighted,0.25,electronic,identity,0,0,False
1,2026092802,mert_v0,unweighted,0.25,pop,1.0,0,0,False
1,2026092802,mert_v0,unweighted,0.25,ambient,identity,0,0,False
1,2026092802,mert_v0,unweighted,0.25,rock,0.01,0,0,False
1,2026092802,mert_v0,unweighted,0.5,electronic,0.01,0,0,False
1,2026092802,mert_v0,unweighted,0.5,pop,identity,0,0,False
1,2026092802,mert_v0,unweighted,0.5,ambient,identity,0,0,False
1,2026092802,mert_v0,unweighted,0.5,rock,0.001,0,0,False
1,2026092802,mert_v0,unweighted,1.0,electronic,identity,0,0,False
1,2026092802,mert_v0,unweighted,1.0,pop,identity,0,0,False
1,2026092802,mert_v0,unweighted,1.0,ambient,identity,0,0,False
1,2026092802,mert_v0,unweighted,1.0,rock,0.001,0,0,False
1,2026092802,mert_v1,ambient_balanced,0.25,electronic,identity,0,0,False
1,2026092802,mert_v1,ambient_balanced,0.25,pop,1.0,0,0,False
1,2026092802,mert_v1,ambient_balanced,0.25,ambient,0.1,0,0,False
1,2026092802,mert_v1,ambient_balanced,0.25,rock,0.01,0,0,False
1,2026092802,mert_v1,ambient_balanced,0.5,electronic,0.0,0,0,False
1,2026092802,mert_v1,ambient_balanced,0.5,pop,identity,0,0,False
1,2026092802,mert_v1,ambient_balanced,0.5,ambient,0.001,0,0,False
1,2026092802,mert_v1,ambient_balanced,0.5,rock,0.01,0,0,False
1,2026092802,mert_v1,ambient_balanced,1.0,electronic,0.1,0,0,False
1,2026092802,mert_v1,ambient_balanced,1.0,pop,identity,0,0,False
1,2026092802,mert_v1,ambient_balanced,1.0,ambient,0.01,0,0,False
1,2026092802,mert_v1,ambient_balanced,1.0,rock,0.0,0,0,False
1,2026092802,mert_v1,unweighted,0.25,electronic,identity,0,0,False
1,2026092802,mert_v1,unweighted,0.25,pop,1.0,0,0,False
1,2026092802,mert_v1,unweighted,0.25,ambient,identity,0,0,False
1,2026092802,mert_v1,unweighted,0.25,rock,0.01,0,0,False
1,2026092802,mert_v1,unweighted,0.5,electronic,0.0,0,0,False
1,2026092802,mert_v1,unweighted,0.5,pop,identity,0,0,False
1,2026092802,mert_v1,unweighted,0.5,ambient,identity,0,0,False
1,2026092802,mert_v1,unweighted,0.5,rock,0.01,0,0,False
1,2026092802,mert_v1,unweighted,1.0,electronic,0.1,0,0,False
1,2026092802,mert_v1,unweighted,1.0,pop,identity,0,0,False
1,2026092802,mert_v1,unweighted,1.0,ambient,identity,0,0,False
1,2026092802,mert_v1,unweighted,1.0,rock,0.0,0,0,False
1,2026092803,maest,ambient_balanced,0.25,electronic,identity,0,0,False
1,2026092803,maest,ambient_balanced,0.25,pop,identity,5,0,False
1,2026092803,maest,ambient_balanced,0.25,ambient,0.1,0,0,False
1,2026092803,maest,ambient_balanced,0.25,rock,identity,0,0,False
1,2026092803,maest,ambient_balanced,0.5,electronic,0.01,0,0,False
1,2026092803,maest,ambient_balanced,0.5,pop,0.001,0,0,False
1,2026092803,maest,ambient_balanced,0.5,ambient,0.01,0,0,False
1,2026092803,maest,ambient_balanced,0.5,rock,identity,0,0,False
1,2026092803,maest,ambient_balanced,1.0,electronic,identity,0,0,False
1,2026092803,maest,ambient_balanced,1.0,pop,0.01,0,0,False
1,2026092803,maest,ambient_balanced,1.0,ambient,0.01,0,0,False
1,2026092803,maest,ambient_balanced,1.0,rock,identity,0,0,False
1,2026092803,maest,unweighted,0.25,electronic,identity,0,0,False
1,2026092803,maest,unweighted,0.25,pop,identity,5,0,False
1,2026092803,maest,unweighted,0.25,ambient,identity,0,0,False
1,2026092803,maest,unweighted,0.25,rock,identity,0,0,False
1,2026092803,maest,unweighted,0.5,electronic,0.01,0,0,False
1,2026092803,maest,unweighted,0.5,pop,0.001,0,0,False
1,2026092803,maest,unweighted,0.5,ambient,identity,0,0,False
1,2026092803,maest,unweighted,0.5,rock,identity,0,0,False
1,2026092803,maest,unweighted,1.0,electronic,identity,0,0,False
1,2026092803,maest,unweighted,1.0,pop,0.01,0,0,False
1,2026092803,maest,unweighted,1.0,ambient,identity,0,0,False
1,2026092803,maest,unweighted,1.0,rock,identity,0,0,False
1,2026092803,mert_v0,ambient_balanced,0.25,electronic,identity,0,0,False
1,2026092803,mert_v0,ambient_balanced,0.25,pop,identity,5,0,False
1,2026092803,mert_v0,ambient_balanced,0.25,ambient,0.1,0,0,False
1,2026092803,mert_v0,ambient_balanced,0.25,rock,identity,0,0,False
1,2026092803,mert_v0,ambient_balanced,0.5,electronic,0.01,0,0,False
1,2026092803,mert_v0,ambient_balanced,0.5,pop,identity,0,0,False
1,2026092803,mert_v0,ambient_balanced,0.5,ambient,0.0,0,0,False
1,2026092803,mert_v0,ambient_balanced,0.5,rock,identity,0,0,False
1,2026092803,mert_v0,ambient_balanced,1.0,electronic,identity,0,0,False
1,2026092803,mert_v0,ambient_balanced,1.0,pop,identity,0,0,False
1,2026092803,mert_v0,ambient_balanced,1.0,ambient,0.01,0,0,False
1,2026092803,mert_v0,ambient_balanced,1.0,rock,identity,0,0,False
1,2026092803,mert_v0,unweighted,0.25,electronic,identity,0,0,False
1,2026092803,mert_v0,unweighted,0.25,pop,identity,5,0,False
1,2026092803,mert_v0,unweighted,0.25,ambient,identity,0,0,False
1,2026092803,mert_v0,unweighted,0.25,rock,identity,0,0,False
1,2026092803,mert_v0,unweighted,0.5,electronic,0.01,0,0,False
1,2026092803,mert_v0,unweighted,0.5,pop,identity,0,0,False
1,2026092803,mert_v0,unweighted,0.5,ambient,0.1,0,0,False
1,2026092803,mert_v0,unweighted,0.5,rock,identity,0,0,False
1,2026092803,mert_v0,unweighted,1.0,electronic,identity,0,0,False
1,2026092803,mert_v0,unweighted,1.0,pop,identity,0,0,False
1,2026092803,mert_v0,unweighted,1.0,ambient,identity,0,0,False
1,2026092803,mert_v0,unweighted,1.0,rock,identity,0,0,False
1,2026092803,mert_v1,ambient_balanced,0.25,electronic,identity,0,0,False
1,2026092803,mert_v1,ambient_balanced,0.25,pop,identity,5,0,False
1,2026092803,mert_v1,ambient_balanced,0.25,ambient,0.1,0,0,False
1,2026092803,mert_v1,ambient_balanced,0.25,rock,identity,0,0,False
1,2026092803,mert_v1,ambient_balanced,0.5,electronic,0.1,0,0,False
1,2026092803,mert_v1,ambient_balanced,0.5,pop,identity,0,0,False
1,2026092803,mert_v1,ambient_balanced,0.5,ambient,0.0,0,0,False
1,2026092803,mert_v1,ambient_balanced,0.5,rock,0.01,0,0,False
1,2026092803,mert_v1,ambient_balanced,1.0,electronic,identity,0,0,False
1,2026092803,mert_v1,ambient_balanced,1.0,pop,identity,0,0,False
1,2026092803,mert_v1,ambient_balanced,1.0,ambient,0.01,0,0,False
1,2026092803,mert_v1,ambient_balanced,1.0,rock,identity,0,0,False
1,2026092803,mert_v1,unweighted,0.25,electronic,identity,0,0,False
1,2026092803,mert_v1,unweighted,0.25,pop,identity,5,0,False
1,2026092803,mert_v1,unweighted,0.25,ambient,identity,0,0,False
1,2026092803,mert_v1,unweighted,0.25,rock,identity,0,0,False
1,2026092803,mert_v1,unweighted,0.5,electronic,0.1,0,0,False
1,2026092803,mert_v1,unweighted,0.5,pop,identity,0,0,False
1,2026092803,mert_v1,unweighted,0.5,ambient,0.1,0,0,False
1,2026092803,mert_v1,unweighted,0.5,rock,0.01,0,0,False
1,2026092803,mert_v1,unweighted,1.0,electronic,identity,0,0,False
1,2026092803,mert_v1,unweighted,1.0,pop,identity,0,0,False
1,2026092803,mert_v1,unweighted,1.0,ambient,identity,0,0,False
1,2026092803,mert_v1,unweighted,1.0,rock,identity,0,0,False
1,2026092804,maest,ambient_balanced,0.25,electronic,identity,0,0,False
1,2026092804,maest,ambient_balanced,0.25,pop,identity,0,0,False
1,2026092804,maest,ambient_balanced,0.25,ambient,0.1,0,0,False
1,2026092804,maest,ambient_balanced,0.25,rock,identity,0,0,False
1,2026092804,maest,ambient_balanced,0.5,electronic,identity,0,0,False
1,2026092804,maest,ambient_balanced,0.5,pop,identity,0,0,False
1,2026092804,maest,ambient_balanced,0.5,ambient,0.01,0,0,False
1,2026092804,maest,ambient_balanced,0.5,rock,0.1,0,0,False
1,2026092804,maest,ambient_balanced,1.0,electronic,0.1,0,0,False
1,2026092804,maest,ambient_balanced,1.0,pop,identity,0,0,False
1,2026092804,maest,ambient_balanced,1.0,ambient,0.0,0,0,False
1,2026092804,maest,ambient_balanced,1.0,rock,0.01,0,0,False
1,2026092804,maest,unweighted,0.25,electronic,identity,0,0,False
1,2026092804,maest,unweighted,0.25,pop,identity,0,0,False
1,2026092804,maest,unweighted,0.25,ambient,identity,0,0,False
1,2026092804,maest,unweighted,0.25,rock,identity,0,0,False
1,2026092804,maest,unweighted,0.5,electronic,identity,0,0,False
1,2026092804,maest,unweighted,0.5,pop,identity,0,0,False
1,2026092804,maest,unweighted,0.5,ambient,identity,0,0,False
1,2026092804,maest,unweighted,0.5,rock,0.1,0,0,False
1,2026092804,maest,unweighted,1.0,electronic,0.1,0,0,False
1,2026092804,maest,unweighted,1.0,pop,identity,0,0,False
1,2026092804,maest,unweighted,1.0,ambient,identity,0,0,False
1,2026092804,maest,unweighted,1.0,rock,0.01,0,0,False
1,2026092804,mert_v0,ambient_balanced,0.25,electronic,identity,0,0,False
1,2026092804,mert_v0,ambient_balanced,0.25,pop,identity,0,0,False
1,2026092804,mert_v0,ambient_balanced,0.25,ambient,0.1,0,0,False
1,2026092804,mert_v0,ambient_balanced,0.25,rock,identity,0,0,False
1,2026092804,mert_v0,ambient_balanced,0.5,electronic,identity,0,0,False
1,2026092804,mert_v0,ambient_balanced,0.5,pop,identity,0,0,False
1,2026092804,mert_v0,ambient_balanced,0.5,ambient,0.01,0,0,False
1,2026092804,mert_v0,ambient_balanced,0.5,rock,1.0,0,0,False
1,2026092804,mert_v0,ambient_balanced,1.0,electronic,1.0,0,0,False
1,2026092804,mert_v0,ambient_balanced,1.0,pop,identity,0,0,False
1,2026092804,mert_v0,ambient_balanced,1.0,ambient,0.001,0,0,False
1,2026092804,mert_v0,ambient_balanced,1.0,rock,0.1,0,0,False
1,2026092804,mert_v0,unweighted,0.25,electronic,identity,0,0,False
1,2026092804,mert_v0,unweighted,0.25,pop,identity,0,0,False
1,2026092804,mert_v0,unweighted,0.25,ambient,identity,0,0,False
1,2026092804,mert_v0,unweighted,0.25,rock,identity,0,0,False
1,2026092804,mert_v0,unweighted,0.5,electronic,identity,0,0,False
1,2026092804,mert_v0,unweighted,0.5,pop,identity,0,0,False
1,2026092804,mert_v0,unweighted,0.5,ambient,identity,0,0,False
1,2026092804,mert_v0,unweighted,0.5,rock,1.0,0,0,False
1,2026092804,mert_v0,unweighted,1.0,electronic,1.0,0,0,False
1,2026092804,mert_v0,unweighted,1.0,pop,identity,0,0,False
1,2026092804,mert_v0,unweighted,1.0,ambient,identity,0,0,False
1,2026092804,mert_v0,unweighted,1.0,rock,0.1,0,0,False
1,2026092804,mert_v1,ambient_balanced,0.25,electronic,identity,0,0,False
1,2026092804,mert_v1,ambient_balanced,0.25,pop,identity,0,0,False
1,2026092804,mert_v1,ambient_balanced,0.25,ambient,0.1,0,0,False
1,2026092804,mert_v1,ambient_balanced,0.25,rock,1.0,0,0,False
1,2026092804,mert_v1,ambient_balanced,0.5,electronic,identity,0,0,False
1,2026092804,mert_v1,ambient_balanced,0.5,pop,identity,0,0,False
1,2026092804,mert_v1,ambient_balanced,0.5,ambient,0.01,0,0,False
1,2026092804,mert_v1,ambient_balanced,0.5,rock,1.0,0,0,False
1,2026092804,mert_v1,ambient_balanced,1.0,electronic,identity,0,0,False
1,2026092804,mert_v1,ambient_balanced,1.0,pop,identity,0,0,False
1,2026092804,mert_v1,ambient_balanced,1.0,ambient,0.001,0,0,False
1,2026092804,mert_v1,ambient_balanced,1.0,rock,0.1,0,0,False
1,2026092804,mert_v1,unweighted,0.25,electronic,identity,0,0,False
1,2026092804,mert_v1,unweighted,0.25,pop,identity,0,0,False
1,2026092804,mert_v1,unweighted,0.25,ambient,identity,0,0,False
1,2026092804,mert_v1,unweighted,0.25,rock,1.0,0,0,False
1,2026092804,mert_v1,unweighted,0.5,electronic,identity,0,0,False
1,2026092804,mert_v1,unweighted,0.5,pop,identity,0,0,False
1,2026092804,mert_v1,unweighted,0.5,ambient,1.0,0,0,False
1,2026092804,mert_v1,unweighted,0.5,rock,1.0,0,0,False
1,2026092804,mert_v1,unweighted,1.0,electronic,identity,0,0,False
1,2026092804,mert_v1,unweighted,1.0,pop,identity,0,0,False
1,2026092804,mert_v1,unweighted,1.0,ambient,1.0,0,0,False
1,2026092804,mert_v1,unweighted,1.0,rock,0.1,0,0,False
1,2026092805,maest,ambient_balanced,0.25,electronic,identity,0,0,False
1,2026092805,maest,ambient_balanced,0.25,pop,identity,0,0,False
1,2026092805,maest,ambient_balanced,0.25,ambient,0.01,0,0,False
1,2026092805,maest,ambient_balanced,0.25,rock,identity,0,0,False
1,2026092805,maest,ambient_balanced,0.5,electronic,0.1,0,0,False
1,2026092805,maest,ambient_balanced,0.5,pop,identity,0,0,False
1,2026092805,maest,ambient_balanced,0.5,ambient,0.01,0,0,False
1,2026092805,maest,ambient_balanced,0.5,rock,identity,0,0,False
1,2026092805,maest,ambient_balanced,1.0,electronic,identity,0,0,False
1,2026092805,maest,ambient_balanced,1.0,pop,identity,0,0,False
1,2026092805,maest,ambient_balanced,1.0,ambient,0.01,0,0,False
1,2026092805,maest,ambient_balanced,1.0,rock,identity,0,0,False
1,2026092805,maest,unweighted,0.25,electronic,identity,0,0,False
1,2026092805,maest,unweighted,0.25,pop,identity,0,0,False
1,2026092805,maest,unweighted,0.25,ambient,identity,0,0,False
1,2026092805,maest,unweighted,0.25,rock,identity,0,0,False
1,2026092805,maest,unweighted,0.5,electronic,0.1,0,0,False
1,2026092805,maest,unweighted,0.5,pop,identity,0,0,False
1,2026092805,maest,unweighted,0.5,ambient,0.1,0,0,False
1,2026092805,maest,unweighted,0.5,rock,identity,0,0,False
1,2026092805,maest,unweighted,1.0,electronic,identity,0,0,False
1,2026092805,maest,unweighted,1.0,pop,identity,0,0,False
1,2026092805,maest,unweighted,1.0,ambient,identity,0,0,False
1,2026092805,maest,unweighted,1.0,rock,identity,0,0,False
1,2026092805,mert_v0,ambient_balanced,0.25,electronic,identity,0,0,False
1,2026092805,mert_v0,ambient_balanced,0.25,pop,identity,0,0,False
1,2026092805,mert_v0,ambient_balanced,0.25,ambient,0.1,0,0,False
1,2026092805,mert_v0,ambient_balanced,0.25,rock,identity,0,0,False
1,2026092805,mert_v0,ambient_balanced,0.5,electronic,0.01,1,0,False
1,2026092805,mert_v0,ambient_balanced,0.5,pop,identity,0,0,False
1,2026092805,mert_v0,ambient_balanced,0.5,ambient,0.01,0,0,False
1,2026092805,mert_v0,ambient_balanced,0.5,rock,identity,0,0,False
1,2026092805,mert_v0,ambient_balanced,1.0,electronic,1.0,0,0,False
1,2026092805,mert_v0,ambient_balanced,1.0,pop,identity,0,0,False
1,2026092805,mert_v0,ambient_balanced,1.0,ambient,0.01,0,0,False
1,2026092805,mert_v0,ambient_balanced,1.0,rock,0.01,0,0,False
1,2026092805,mert_v0,unweighted,0.25,electronic,identity,0,0,False
1,2026092805,mert_v0,unweighted,0.25,pop,identity,0,0,False
1,2026092805,mert_v0,unweighted,0.25,ambient,identity,0,0,False
1,2026092805,mert_v0,unweighted,0.25,rock,identity,0,0,False
1,2026092805,mert_v0,unweighted,0.5,electronic,0.01,1,0,False
1,2026092805,mert_v0,unweighted,0.5,pop,identity,0,0,False
1,2026092805,mert_v0,unweighted,0.5,ambient,identity,0,0,False
1,2026092805,mert_v0,unweighted,0.5,rock,identity,0,0,False
1,2026092805,mert_v0,unweighted,1.0,electronic,1.0,0,0,False
1,2026092805,mert_v0,unweighted,1.0,pop,identity,0,0,False
1,2026092805,mert_v0,unweighted,1.0,ambient,identity,0,0,False
1,2026092805,mert_v0,unweighted,1.0,rock,0.01,0,0,False
1,2026092805,mert_v1,ambient_balanced,0.25,electronic,identity,0,0,False
1,2026092805,mert_v1,ambient_balanced,0.25,pop,identity,0,0,False
1,2026092805,mert_v1,ambient_balanced,0.25,ambient,0.1,0,0,False
1,2026092805,mert_v1,ambient_balanced,0.25,rock,identity,0,0,False
1,2026092805,mert_v1,ambient_balanced,0.5,electronic,0.01,0,0,False
1,2026092805,mert_v1,ambient_balanced,0.5,pop,identity,0,0,False
1,2026092805,mert_v1,ambient_balanced,0.5,ambient,0.01,0,0,False
1,2026092805,mert_v1,ambient_balanced,0.5,rock,identity,0,0,False
1,2026092805,mert_v1,ambient_balanced,1.0,electronic,0.01,0,0,False
1,2026092805,mert_v1,ambient_balanced,1.0,pop,identity,0,0,False
1,2026092805,mert_v1,ambient_balanced,1.0,ambient,0.01,0,0,False
1,2026092805,mert_v1,ambient_balanced,1.0,rock,0.01,0,0,False
1,2026092805,mert_v1,unweighted,0.25,electronic,identity,0,0,False
1,2026092805,mert_v1,unweighted,0.25,pop,identity,0,0,False
1,2026092805,mert_v1,unweighted,0.25,ambient,identity,0,0,False
1,2026092805,mert_v1,unweighted,0.25,rock,identity,0,0,False
1,2026092805,mert_v1,unweighted,0.5,electronic,0.01,0,0,False
1,2026092805,mert_v1,unweighted,0.5,pop,identity,0,0,False
1,2026092805,mert_v1,unweighted,0.5,ambient,identity,0,0,False
1,2026092805,mert_v1,unweighted,0.5,rock,identity,0,0,False
1,2026092805,mert_v1,unweighted,1.0,electronic,0.01,0,0,False
1,2026092805,mert_v1,unweighted,1.0,pop,identity,0,0,False
1,2026092805,mert_v1,unweighted,1.0,ambient,identity,0,0,False
1,2026092805,mert_v1,unweighted,1.0,rock,0.01,0,0,False
1,2026092806,maest,ambient_balanced,0.25,electronic,0.1,0,0,False
1,2026092806,maest,ambient_balanced,0.25,pop,1.0,0,0,False
1,2026092806,maest,ambient_balanced,0.25,ambient,0.01,0,0,False
1,2026092806,maest,ambient_balanced,0.25,rock,identity,0,0,False
1,2026092806,maest,ambient_balanced,0.5,electronic,identity,0,0,False
1,2026092806,maest,ambient_balanced,0.5,pop,identity,0,0,False
1,2026092806,maest,ambient_balanced,0.5,ambient,0.01,0,0,False
1,2026092806,maest,ambient_balanced,0.5,rock,identity,0,0,False
1,2026092806,maest,ambient_balanced,1.0,electronic,identity,0,0,False
1,2026092806,maest,ambient_balanced,1.0,pop,identity,0,0,False
1,2026092806,maest,ambient_balanced,1.0,ambient,0.01,0,0,False
1,2026092806,maest,ambient_balanced,1.0,rock,identity,0,0,False
1,2026092806,maest,unweighted,0.25,electronic,0.1,0,0,False
1,2026092806,maest,unweighted,0.25,pop,1.0,0,0,False
1,2026092806,maest,unweighted,0.25,ambient,identity,0,0,False
1,2026092806,maest,unweighted,0.25,rock,identity,0,0,False
1,2026092806,maest,unweighted,0.5,electronic,identity,0,0,False
1,2026092806,maest,unweighted,0.5,pop,identity,0,0,False
1,2026092806,maest,unweighted,0.5,ambient,1.0,0,0,False
1,2026092806,maest,unweighted,0.5,rock,identity,0,0,False
1,2026092806,maest,unweighted,1.0,electronic,identity,0,0,False
1,2026092806,maest,unweighted,1.0,pop,identity,0,0,False
1,2026092806,maest,unweighted,1.0,ambient,identity,0,0,False
1,2026092806,maest,unweighted,1.0,rock,identity,0,0,False
1,2026092806,mert_v0,ambient_balanced,0.25,electronic,1.0,0,0,False
1,2026092806,mert_v0,ambient_balanced,0.25,pop,identity,0,0,False
1,2026092806,mert_v0,ambient_balanced,0.25,ambient,0.01,0,0,False
1,2026092806,mert_v0,ambient_balanced,0.25,rock,identity,0,0,False
1,2026092806,mert_v0,ambient_balanced,0.5,electronic,identity,0,0,False
1,2026092806,mert_v0,ambient_balanced,0.5,pop,identity,0,0,False
1,2026092806,mert_v0,ambient_balanced,0.5,ambient,0.01,0,0,False
1,2026092806,mert_v0,ambient_balanced,0.5,rock,identity,0,0,False
1,2026092806,mert_v0,ambient_balanced,1.0,electronic,identity,0,0,False
1,2026092806,mert_v0,ambient_balanced,1.0,pop,identity,0,0,False
1,2026092806,mert_v0,ambient_balanced,1.0,ambient,0.001,0,0,False
1,2026092806,mert_v0,ambient_balanced,1.0,rock,0.001,0,0,False
1,2026092806,mert_v0,unweighted,0.25,electronic,1.0,0,0,False
1,2026092806,mert_v0,unweighted,0.25,pop,identity,0,0,False
1,2026092806,mert_v0,unweighted,0.25,ambient,1.0,0,0,False
1,2026092806,mert_v0,unweighted,0.25,rock,identity,0,0,False
1,2026092806,mert_v0,unweighted,0.5,electronic,identity,0,0,False
1,2026092806,mert_v0,unweighted,0.5,pop,identity,0,0,False
1,2026092806,mert_v0,unweighted,0.5,ambient,0.1,0,0,False
1,2026092806,mert_v0,unweighted,0.5,rock,identity,0,0,False
1,2026092806,mert_v0,unweighted,1.0,electronic,identity,0,0,False
1,2026092806,mert_v0,unweighted,1.0,pop,identity,0,0,False
1,2026092806,mert_v0,unweighted,1.0,ambient,0.1,0,0,False
1,2026092806,mert_v0,unweighted,1.0,rock,0.001,0,0,False
1,2026092806,mert_v1,ambient_balanced,0.25,electronic,0.1,0,0,False
1,2026092806,mert_v1,ambient_balanced,0.25,pop,identity,0,0,False
1,2026092806,mert_v1,ambient_balanced,0.25,ambient,0.01,0,0,False
1,2026092806,mert_v1,ambient_balanced,0.25,rock,identity,0,0,False
1,2026092806,mert_v1,ambient_balanced,0.5,electronic,0.1,0,0,False
1,2026092806,mert_v1,ambient_balanced,0.5,pop,identity,0,0,False
1,2026092806,mert_v1,ambient_balanced,0.5,ambient,0.01,0,0,False
1,2026092806,mert_v1,ambient_balanced,0.5,rock,identity,0,0,False
1,2026092806,mert_v1,ambient_balanced,1.0,electronic,identity,0,0,False
1,2026092806,mert_v1,ambient_balanced,1.0,pop,identity,0,0,False
1,2026092806,mert_v1,ambient_balanced,1.0,ambient,0.001,0,0,False
1,2026092806,mert_v1,ambient_balanced,1.0,rock,0.0,0,0,False
1,2026092806,mert_v1,unweighted,0.25,electronic,0.1,0,0,False
1,2026092806,mert_v1,unweighted,0.25,pop,identity,0,0,False
1,2026092806,mert_v1,unweighted,0.25,ambient,1.0,0,0,False
1,2026092806,mert_v1,unweighted,0.25,rock,identity,0,0,False
1,2026092806,mert_v1,unweighted,0.5,electronic,0.1,0,0,False
1,2026092806,mert_v1,unweighted,0.5,pop,identity,0,0,False
1,2026092806,mert_v1,unweighted,0.5,ambient,0.1,0,0,False
1,2026092806,mert_v1,unweighted,0.5,rock,identity,0,0,False
1,2026092806,mert_v1,unweighted,1.0,electronic,identity,0,0,False
1,2026092806,mert_v1,unweighted,1.0,pop,identity,0,0,False
1,2026092806,mert_v1,unweighted,1.0,ambient,0.1,0,0,False
1,2026092806,mert_v1,unweighted,1.0,rock,0.0,0,0,False
1,2026092807,maest,ambient_balanced,0.25,electronic,0.1,0,0,False
1,2026092807,maest,ambient_balanced,0.25,pop,0.1,0,0,False
1,2026092807,maest,ambient_balanced,0.25,ambient,0.1,0,0,False
1,2026092807,maest,ambient_balanced,0.25,rock,0.0,0,0,False
1,2026092807,maest,ambient_balanced,0.5,electronic,0.01,0,0,False
1,2026092807,maest,ambient_balanced,0.5,pop,0.1,0,0,False
1,2026092807,maest,ambient_balanced,0.5,ambient,0.01,0,0,False
1,2026092807,maest,ambient_balanced,0.5,rock,identity,0,0,False
1,2026092807,maest,ambient_balanced,1.0,electronic,identity,0,0,False
1,2026092807,maest,ambient_balanced,1.0,pop,0.001,0,0,False
1,2026092807,maest,ambient_balanced,1.0,ambient,0.01,0,0,False
1,2026092807,maest,ambient_balanced,1.0,rock,identity,0,0,False
1,2026092807,maest,unweighted,0.25,electronic,0.1,0,0,False
1,2026092807,maest,unweighted,0.25,pop,0.1,0,0,False
1,2026092807,maest,unweighted,0.25,ambient,identity,0,0,False
1,2026092807,maest,unweighted,0.25,rock,0.0,0,0,False
1,2026092807,maest,unweighted,0.5,electronic,0.01,0,0,False
1,2026092807,maest,unweighted,0.5,pop,0.1,0,0,False
1,2026092807,maest,unweighted,0.5,ambient,identity,0,0,False
1,2026092807,maest,unweighted,0.5,rock,identity,0,0,False
1,2026092807,maest,unweighted,1.0,electronic,identity,0,0,False
1,2026092807,maest,unweighted,1.0,pop,0.001,0,0,False
1,2026092807,maest,unweighted,1.0,ambient,identity,0,0,False
1,2026092807,maest,unweighted,1.0,rock,identity,0,0,False
1,2026092807,mert_v0,ambient_balanced,0.25,electronic,identity,0,0,False
1,2026092807,mert_v0,ambient_balanced,0.25,pop,0.001,0,0,False
1,2026092807,mert_v0,ambient_balanced,0.25,ambient,0.1,0,0,False
1,2026092807,mert_v0,ambient_balanced,0.25,rock,identity,0,0,False
1,2026092807,mert_v0,ambient_balanced,0.5,electronic,0.1,0,0,False
1,2026092807,mert_v0,ambient_balanced,0.5,pop,0.1,0,0,False
1,2026092807,mert_v0,ambient_balanced,0.5,ambient,0.01,0,0,False
1,2026092807,mert_v0,ambient_balanced,0.5,rock,identity,0,0,False
1,2026092807,mert_v0,ambient_balanced,1.0,electronic,0.1,0,0,False
1,2026092807,mert_v0,ambient_balanced,1.0,pop,0.01,0,0,False
1,2026092807,mert_v0,ambient_balanced,1.0,ambient,0.01,0,0,False
1,2026092807,mert_v0,ambient_balanced,1.0,rock,1.0,0,0,False
1,2026092807,mert_v0,unweighted,0.25,electronic,identity,0,0,False
1,2026092807,mert_v0,unweighted,0.25,pop,0.001,0,0,False
1,2026092807,mert_v0,unweighted,0.25,ambient,identity,0,0,False
1,2026092807,mert_v0,unweighted,0.25,rock,identity,0,0,False
1,2026092807,mert_v0,unweighted,0.5,electronic,0.1,0,0,False
1,2026092807,mert_v0,unweighted,0.5,pop,0.1,0,0,False
1,2026092807,mert_v0,unweighted,0.5,ambient,identity,0,0,False
1,2026092807,mert_v0,unweighted,0.5,rock,identity,0,0,False
1,2026092807,mert_v0,unweighted,1.0,electronic,0.1,0,0,False
1,2026092807,mert_v0,unweighted,1.0,pop,0.01,0,0,False
1,2026092807,mert_v0,unweighted,1.0,ambient,identity,0,0,False
1,2026092807,mert_v0,unweighted,1.0,rock,1.0,0,0,False
1,2026092807,mert_v1,ambient_balanced,0.25,electronic,1.0,0,0,False
1,2026092807,mert_v1,ambient_balanced,0.25,pop,0.001,0,0,False
1,2026092807,mert_v1,ambient_balanced,0.25,ambient,0.1,0,0,False
1,2026092807,mert_v1,ambient_balanced,0.25,rock,identity,0,0,False
1,2026092807,mert_v1,ambient_balanced,0.5,electronic,0.1,0,0,False
1,2026092807,mert_v1,ambient_balanced,0.5,pop,0.1,0,0,False
1,2026092807,mert_v1,ambient_balanced,0.5,ambient,0.01,0,0,False
1,2026092807,mert_v1,ambient_balanced,0.5,rock,identity,0,0,False
1,2026092807,mert_v1,ambient_balanced,1.0,electronic,0.1,0,0,False
1,2026092807,mert_v1,ambient_balanced,1.0,pop,0.1,0,0,False
1,2026092807,mert_v1,ambient_balanced,1.0,ambient,0.01,0,0,False
1,2026092807,mert_v1,ambient_balanced,1.0,rock,identity,0,0,False
1,2026092807,mert_v1,unweighted,0.25,electronic,1.0,0,0,False
1,2026092807,mert_v1,unweighted,0.25,pop,0.001,0,0,False
1,2026092807,mert_v1,unweighted,0.25,ambient,identity,0,0,False
1,2026092807,mert_v1,unweighted,0.25,rock,identity,0,0,False
1,2026092807,mert_v1,unweighted,0.5,electronic,0.1,0,0,False
1,2026092807,mert_v1,unweighted,0.5,pop,0.1,0,0,False
1,2026092807,mert_v1,unweighted,0.5,ambient,1.0,0,0,False
1,2026092807,mert_v1,unweighted,0.5,rock,identity,0,0,False
1,2026092807,mert_v1,unweighted,1.0,electronic,0.1,0,0,False
1,2026092807,mert_v1,unweighted,1.0,pop,0.1,0,0,False
1,2026092807,mert_v1,unweighted,1.0,ambient,identity,0,0,False
1,2026092807,mert_v1,unweighted,1.0,rock,identity,0,0,False
1,2026092808,maest,ambient_balanced,0.25,electronic,0.1,0,0,False
1,2026092808,maest,ambient_balanced,0.25,pop,0.1,0,0,False
1,2026092808,maest,ambient_balanced,0.25,ambient,0.001,0,0,False
1,2026092808,maest,ambient_balanced,0.25,rock,identity,0,0,False
1,2026092808,maest,ambient_balanced,0.5,electronic,identity,0,0,False
1,2026092808,maest,ambient_balanced,0.5,pop,identity,0,0,False
1,2026092808,maest,ambient_balanced,0.5,ambient,0.01,0,0,False
1,2026092808,maest,ambient_balanced,0.5,rock,identity,0,0,False
1,2026092808,maest,ambient_balanced,1.0,electronic,identity,0,0,False
1,2026092808,maest,ambient_balanced,1.0,pop,identity,0,0,False
1,2026092808,maest,ambient_balanced,1.0,ambient,0.01,0,0,False
1,2026092808,maest,ambient_balanced,1.0,rock,identity,0,0,False
1,2026092808,maest,unweighted,0.25,electronic,0.1,0,0,False
1,2026092808,maest,unweighted,0.25,pop,0.1,0,0,False
1,2026092808,maest,unweighted,0.25,ambient,identity,0,0,False
1,2026092808,maest,unweighted,0.25,rock,identity,0,0,False
1,2026092808,maest,unweighted,0.5,electronic,identity,0,0,False
1,2026092808,maest,unweighted,0.5,pop,identity,0,0,False
1,2026092808,maest,unweighted,0.5,ambient,identity,0,0,False
1,2026092808,maest,unweighted,0.5,rock,identity,0,0,False
1,2026092808,maest,unweighted,1.0,electronic,identity,0,0,False
1,2026092808,maest,unweighted,1.0,pop,identity,0,0,False
1,2026092808,maest,unweighted,1.0,ambient,identity,0,0,False
1,2026092808,maest,unweighted,1.0,rock,identity,0,0,False
1,2026092808,mert_v0,ambient_balanced,0.25,electronic,0.0,0,0,False
1,2026092808,mert_v0,ambient_balanced,0.25,pop,0.1,0,0,False
1,2026092808,mert_v0,ambient_balanced,0.25,ambient,0.01,0,0,False
1,2026092808,mert_v0,ambient_balanced,0.25,rock,0.1,0,0,False
1,2026092808,mert_v0,ambient_balanced,0.5,electronic,identity,0,0,False
1,2026092808,mert_v0,ambient_balanced,0.5,pop,identity,0,0,False
1,2026092808,mert_v0,ambient_balanced,0.5,ambient,0.01,0,0,False
1,2026092808,mert_v0,ambient_balanced,0.5,rock,0.1,0,0,False
1,2026092808,mert_v0,ambient_balanced,1.0,electronic,identity,0,0,False
1,2026092808,mert_v0,ambient_balanced,1.0,pop,0.001,0,0,False
1,2026092808,mert_v0,ambient_balanced,1.0,ambient,0.01,0,0,False
1,2026092808,mert_v0,ambient_balanced,1.0,rock,0.001,0,0,False
1,2026092808,mert_v0,unweighted,0.25,electronic,0.0,0,0,False
1,2026092808,mert_v0,unweighted,0.25,pop,0.1,0,0,False
1,2026092808,mert_v0,unweighted,0.25,ambient,1.0,0,0,False
1,2026092808,mert_v0,unweighted,0.25,rock,0.1,0,0,False
1,2026092808,mert_v0,unweighted,0.5,electronic,identity,0,0,False
1,2026092808,mert_v0,unweighted,0.5,pop,identity,0,0,False
1,2026092808,mert_v0,unweighted,0.5,ambient,identity,0,0,False
1,2026092808,mert_v0,unweighted,0.5,rock,0.1,0,0,False
1,2026092808,mert_v0,unweighted,1.0,electronic,identity,0,0,False
1,2026092808,mert_v0,unweighted,1.0,pop,0.001,0,0,False
1,2026092808,mert_v0,unweighted,1.0,ambient,identity,0,0,False
1,2026092808,mert_v0,unweighted,1.0,rock,0.001,0,0,False
1,2026092808,mert_v1,ambient_balanced,0.25,electronic,0.01,0,0,False
1,2026092808,mert_v1,ambient_balanced,0.25,pop,0.1,0,0,False
1,2026092808,mert_v1,ambient_balanced,0.25,ambient,0.01,0,0,False
1,2026092808,mert_v1,ambient_balanced,0.25,rock,0.1,0,0,False
1,2026092808,mert_v1,ambient_balanced,0.5,electronic,identity,0,0,False
1,2026092808,mert_v1,ambient_balanced,0.5,pop,identity,0,0,False
1,2026092808,mert_v1,ambient_balanced,0.5,ambient,0.01,0,0,False
1,2026092808,mert_v1,ambient_balanced,0.5,rock,0.1,0,0,False
1,2026092808,mert_v1,ambient_balanced,1.0,electronic,identity,0,0,False
1,2026092808,mert_v1,ambient_balanced,1.0,pop,0.001,0,0,False
1,2026092808,mert_v1,ambient_balanced,1.0,ambient,0.01,0,0,False
1,2026092808,mert_v1,ambient_balanced,1.0,rock,identity,0,0,False
1,2026092808,mert_v1,unweighted,0.25,electronic,0.01,0,0,False
1,2026092808,mert_v1,unweighted,0.25,pop,0.1,0,0,False
1,2026092808,mert_v1,unweighted,0.25,ambient,1.0,0,0,False
1,2026092808,mert_v1,unweighted,0.25,rock,0.1,0,0,False
1,2026092808,mert_v1,unweighted,0.5,electronic,identity,0,0,False
1,2026092808,mert_v1,unweighted,0.5,pop,identity,0,0,False
1,2026092808,mert_v1,unweighted,0.5,ambient,identity,0,0,False
1,2026092808,mert_v1,unweighted,0.5,rock,0.1,0,0,False
1,2026092808,mert_v1,unweighted,1.0,electronic,identity,0,0,False
1,2026092808,mert_v1,unweighted,1.0,pop,0.001,0,0,False
1,2026092808,mert_v1,unweighted,1.0,ambient,identity,0,0,False
1,2026092808,mert_v1,unweighted,1.0,rock,identity,0,0,False
1,2026092809,maest,ambient_balanced,0.25,electronic,identity,0,0,False
1,2026092809,maest,ambient_balanced,0.25,pop,0.01,0,0,False
1,2026092809,maest,ambient_balanced,0.25,ambient,0.0,0,0,False
1,2026092809,maest,ambient_balanced,0.25,rock,identity,0,0,False
1,2026092809,maest,ambient_balanced,0.5,electronic,identity,0,0,False
1,2026092809,maest,ambient_balanced,0.5,pop,1.0,0,0,False
1,2026092809,maest,ambient_balanced,0.5,ambient,0.01,0,0,False
1,2026092809,maest,ambient_balanced,0.5,rock,identity,0,0,False
1,2026092809,maest,ambient_balanced,1.0,electronic,identity,0,0,False
1,2026092809,maest,ambient_balanced,1.0,pop,0.01,0,0,False
1,2026092809,maest,ambient_balanced,1.0,ambient,0.01,0,0,False
1,2026092809,maest,ambient_balanced,1.0,rock,identity,0,0,False
1,2026092809,maest,unweighted,0.25,electronic,identity,0,0,False
1,2026092809,maest,unweighted,0.25,pop,0.01,0,0,False
1,2026092809,maest,unweighted,0.25,ambient,identity,0,0,False
1,2026092809,maest,unweighted,0.25,rock,identity,0,0,False
1,2026092809,maest,unweighted,0.5,electronic,identity,0,0,False
1,2026092809,maest,unweighted,0.5,pop,1.0,0,0,False
1,2026092809,maest,unweighted,0.5,ambient,identity,0,0,False
1,2026092809,maest,unweighted,0.5,rock,identity,0,0,False
1,2026092809,maest,unweighted,1.0,electronic,identity,0,0,False
1,2026092809,maest,unweighted,1.0,pop,0.01,0,0,False
1,2026092809,maest,unweighted,1.0,ambient,identity,0,0,False
1,2026092809,maest,unweighted,1.0,rock,identity,0,0,False
1,2026092809,mert_v0,ambient_balanced,0.25,electronic,identity,0,0,False
1,2026092809,mert_v0,ambient_balanced,0.25,pop,0.01,0,0,False
1,2026092809,mert_v0,ambient_balanced,0.25,ambient,0.0,0,0,False
1,2026092809,mert_v0,ambient_balanced,0.25,rock,0.01,0,0,False
1,2026092809,mert_v0,ambient_balanced,0.5,electronic,identity,0,0,False
1,2026092809,mert_v0,ambient_balanced,0.5,pop,identity,0,0,False
1,2026092809,mert_v0,ambient_balanced,0.5,ambient,0.01,0,0,False
1,2026092809,mert_v0,ambient_balanced,0.5,rock,0.001,0,0,False
1,2026092809,mert_v0,ambient_balanced,1.0,electronic,0.0,0,0,False
1,2026092809,mert_v0,ambient_balanced,1.0,pop,0.01,0,0,False
1,2026092809,mert_v0,ambient_balanced,1.0,ambient,0.001,0,0,False
1,2026092809,mert_v0,ambient_balanced,1.0,rock,0.0,0,0,False
1,2026092809,mert_v0,unweighted,0.25,electronic,identity,0,0,False
1,2026092809,mert_v0,unweighted,0.25,pop,0.01,0,0,False
1,2026092809,mert_v0,unweighted,0.25,ambient,1.0,0,0,False
1,2026092809,mert_v0,unweighted,0.25,rock,0.01,0,0,False
1,2026092809,mert_v0,unweighted,0.5,electronic,identity,0,0,False
1,2026092809,mert_v0,unweighted,0.5,pop,identity,0,0,False
1,2026092809,mert_v0,unweighted,0.5,ambient,identity,0,0,False
1,2026092809,mert_v0,unweighted,0.5,rock,0.001,0,0,False
1,2026092809,mert_v0,unweighted,1.0,electronic,0.0,0,0,False
1,2026092809,mert_v0,unweighted,1.0,pop,0.01,0,0,False
1,2026092809,mert_v0,unweighted,1.0,ambient,identity,0,0,False
1,2026092809,mert_v0,unweighted,1.0,rock,0.0,0,0,False
1,2026092809,mert_v1,ambient_balanced,0.25,electronic,identity,0,0,False
1,2026092809,mert_v1,ambient_balanced,0.25,pop,0.01,0,0,False
1,2026092809,mert_v1,ambient_balanced,0.25,ambient,0.001,0,0,False
1,2026092809,mert_v1,ambient_balanced,0.25,rock,identity,0,0,False
1,2026092809,mert_v1,ambient_balanced,0.5,electronic,1.0,0,0,False
1,2026092809,mert_v1,ambient_balanced,0.5,pop,identity,0,0,False
1,2026092809,mert_v1,ambient_balanced,0.5,ambient,0.01,0,0,False
1,2026092809,mert_v1,ambient_balanced,0.5,rock,0.0,0,0,False
1,2026092809,mert_v1,ambient_balanced,1.0,electronic,0.0,0,0,False
1,2026092809,mert_v1,ambient_balanced,1.0,pop,0.01,0,0,False
1,2026092809,mert_v1,ambient_balanced,1.0,ambient,0.01,0,0,False
1,2026092809,mert_v1,ambient_balanced,1.0,rock,identity,0,0,False
1,2026092809,mert_v1,unweighted,0.25,electronic,identity,0,0,False
1,2026092809,mert_v1,unweighted,0.25,pop,0.01,0,0,False
1,2026092809,mert_v1,unweighted,0.25,ambient,1.0,0,0,False
1,2026092809,mert_v1,unweighted,0.25,rock,identity,0,0,False
1,2026092809,mert_v1,unweighted,0.5,electronic,1.0,0,0,False
1,2026092809,mert_v1,unweighted,0.5,pop,identity,0,0,False
1,2026092809,mert_v1,unweighted,0.5,ambient,identity,0,0,False
1,2026092809,mert_v1,unweighted,0.5,rock,0.0,0,0,False
1,2026092809,mert_v1,unweighted,1.0,electronic,0.0,0,0,False
1,2026092809,mert_v1,unweighted,1.0,pop,0.01,0,0,False
1,2026092809,mert_v1,unweighted,1.0,ambient,identity,0,0,False
1,2026092809,mert_v1,unweighted,1.0,rock,identity,0,0,False
1,2026092810,maest,ambient_balanced,0.25,electronic,0.01,0,0,False
1,2026092810,maest,ambient_balanced,0.25,pop,0.1,0,0,False
1,2026092810,maest,ambient_balanced,0.25,ambient,identity,0,0,False
1,2026092810,maest,ambient_balanced,0.25,rock,0.01,0,0,False
1,2026092810,maest,ambient_balanced,0.5,electronic,identity,0,0,False
1,2026092810,maest,ambient_balanced,0.5,pop,identity,0,0,False
1,2026092810,maest,ambient_balanced,0.5,ambient,0.01,0,0,False
1,2026092810,maest,ambient_balanced,0.5,rock,0.01,0,0,False
1,2026092810,maest,ambient_balanced,1.0,electronic,identity,0,0,False
1,2026092810,maest,ambient_balanced,1.0,pop,identity,0,0,False
1,2026092810,maest,ambient_balanced,1.0,ambient,0.001,0,0,False
1,2026092810,maest,ambient_balanced,1.0,rock,identity,0,0,False
1,2026092810,maest,unweighted,0.25,electronic,0.01,0,0,False
1,2026092810,maest,unweighted,0.25,pop,0.1,0,0,False
1,2026092810,maest,unweighted,0.25,ambient,0.1,0,0,False
1,2026092810,maest,unweighted,0.25,rock,0.01,0,0,False
1,2026092810,maest,unweighted,0.5,electronic,identity,0,0,False
1,2026092810,maest,unweighted,0.5,pop,identity,0,0,False
1,2026092810,maest,unweighted,0.5,ambient,1.0,0,0,False
1,2026092810,maest,unweighted,0.5,rock,0.01,0,0,False
1,2026092810,maest,unweighted,1.0,electronic,identity,0,0,False
1,2026092810,maest,unweighted,1.0,pop,identity,0,0,False
1,2026092810,maest,unweighted,1.0,ambient,0.1,0,0,False
1,2026092810,maest,unweighted,1.0,rock,identity,0,0,False
1,2026092810,mert_v0,ambient_balanced,0.25,electronic,0.1,0,0,False
1,2026092810,mert_v0,ambient_balanced,0.25,pop,0.001,0,0,False
1,2026092810,mert_v0,ambient_balanced,0.25,ambient,1.0,0,0,False
1,2026092810,mert_v0,ambient_balanced,0.25,rock,0.001,0,0,False
1,2026092810,mert_v0,ambient_balanced,0.5,electronic,identity,0,0,False
1,2026092810,mert_v0,ambient_balanced,0.5,pop,identity,0,0,False
1,2026092810,mert_v0,ambient_balanced,0.5,ambient,0.1,0,0,False
1,2026092810,mert_v0,ambient_balanced,0.5,rock,0.001,0,0,False
1,2026092810,mert_v0,ambient_balanced,1.0,electronic,identity,0,0,False
1,2026092810,mert_v0,ambient_balanced,1.0,pop,0.001,0,0,False
1,2026092810,mert_v0,ambient_balanced,1.0,ambient,0.001,0,0,False
1,2026092810,mert_v0,ambient_balanced,1.0,rock,0.001,0,0,False
1,2026092810,mert_v0,unweighted,0.25,electronic,0.1,0,0,False
1,2026092810,mert_v0,unweighted,0.25,pop,0.001,0,0,False
1,2026092810,mert_v0,unweighted,0.25,ambient,0.1,0,0,False
1,2026092810,mert_v0,unweighted,0.25,rock,0.001,0,0,False
1,2026092810,mert_v0,unweighted,0.5,electronic,identity,0,0,False
1,2026092810,mert_v0,unweighted,0.5,pop,identity,0,0,False
1,2026092810,mert_v0,unweighted,0.5,ambient,identity,0,0,False
1,2026092810,mert_v0,unweighted,0.5,rock,0.001,0,0,False
1,2026092810,mert_v0,unweighted,1.0,electronic,identity,0,0,False
1,2026092810,mert_v0,unweighted,1.0,pop,0.001,0,0,False
1,2026092810,mert_v0,unweighted,1.0,ambient,identity,0,0,False
1,2026092810,mert_v0,unweighted,1.0,rock,0.001,0,0,False
1,2026092810,mert_v1,ambient_balanced,0.25,electronic,1.0,0,0,False
1,2026092810,mert_v1,ambient_balanced,0.25,pop,0.1,0,0,False
1,2026092810,mert_v1,ambient_balanced,0.25,ambient,1.0,0,0,False
1,2026092810,mert_v1,ambient_balanced,0.25,rock,0.001,0,0,False
1,2026092810,mert_v1,ambient_balanced,0.5,electronic,identity,0,0,False
1,2026092810,mert_v1,ambient_balanced,0.5,pop,identity,0,0,False
1,2026092810,mert_v1,ambient_balanced,0.5,ambient,0.1,0,0,False
1,2026092810,mert_v1,ambient_balanced,0.5,rock,0.01,0,0,False
1,2026092810,mert_v1,ambient_balanced,1.0,electronic,identity,0,0,False
1,2026092810,mert_v1,ambient_balanced,1.0,pop,0.01,0,0,False
1,2026092810,mert_v1,ambient_balanced,1.0,ambient,0.01,0,0,False
1,2026092810,mert_v1,ambient_balanced,1.0,rock,0.001,0,0,False
1,2026092810,mert_v1,unweighted,0.25,electronic,1.0,0,0,False
1,2026092810,mert_v1,unweighted,0.25,pop,0.1,0,0,False
1,2026092810,mert_v1,unweighted,0.25,ambient,0.1,0,0,False
1,2026092810,mert_v1,unweighted,0.25,rock,0.001,0,0,False
1,2026092810,mert_v1,unweighted,0.5,electronic,identity,0,0,False
1,2026092810,mert_v1,unweighted,0.5,pop,identity,0,0,False
1,2026092810,mert_v1,unweighted,0.5,ambient,identity,0,0,False
1,2026092810,mert_v1,unweighted,0.5,rock,0.01,0,0,False
1,2026092810,mert_v1,unweighted,1.0,electronic,identity,0,0,False
1,2026092810,mert_v1,unweighted,1.0,pop,0.01,0,0,False
1,2026092810,mert_v1,unweighted,1.0,ambient,identity,0,0,False
1,2026092810,mert_v1,unweighted,1.0,rock,0.001,0,0,False
1,2026092811,maest,ambient_balanced,0.25,electronic,0.1,0,0,False
1,2026092811,maest,ambient_balanced,0.25,pop,identity,0,0,False
1,2026092811,maest,ambient_balanced,0.25,ambient,1.0,5,1,False
1,2026092811,maest,ambient_balanced,0.25,rock,identity,0,0,False
1,2026092811,maest,ambient_balanced,0.5,electronic,1.0,0,0,False
1,2026092811,maest,ambient_balanced,0.5,pop,identity,0,0,False
1,2026092811,maest,ambient_balanced,0.5,ambient,0.001,0,0,False
1,2026092811,maest,ambient_balanced,0.5,rock,identity,0,0,False
1,2026092811,maest,ambient_balanced,1.0,electronic,identity,0,0,False
1,2026092811,maest,ambient_balanced,1.0,pop,identity,0,0,False
1,2026092811,maest,ambient_balanced,1.0,ambient,0.01,0,0,False
1,2026092811,maest,ambient_balanced,1.0,rock,identity,0,0,False
1,2026092811,maest,unweighted,0.25,electronic,0.1,0,0,False
1,2026092811,maest,unweighted,0.25,pop,identity,0,0,False
1,2026092811,maest,unweighted,0.25,ambient,identity,5,0,False
1,2026092811,maest,unweighted,0.25,rock,identity,0,0,False
1,2026092811,maest,unweighted,0.5,electronic,1.0,0,0,False
1,2026092811,maest,unweighted,0.5,pop,identity,0,0,False
1,2026092811,maest,unweighted,0.5,ambient,identity,0,0,False
1,2026092811,maest,unweighted,0.5,rock,identity,0,0,False
1,2026092811,maest,unweighted,1.0,electronic,identity,0,0,False
1,2026092811,maest,unweighted,1.0,pop,identity,0,0,False
1,2026092811,maest,unweighted,1.0,ambient,identity,0,0,False
1,2026092811,maest,unweighted,1.0,rock,identity,0,0,False
1,2026092811,mert_v0,ambient_balanced,0.25,electronic,0.1,0,0,False
1,2026092811,mert_v0,ambient_balanced,0.25,pop,identity,0,0,False
1,2026092811,mert_v0,ambient_balanced,0.25,ambient,0.0,5,1,False
1,2026092811,mert_v0,ambient_balanced,0.25,rock,identity,0,0,False
1,2026092811,mert_v0,ambient_balanced,0.5,electronic,0.01,0,0,False
1,2026092811,mert_v0,ambient_balanced,0.5,pop,0.0,0,0,False
1,2026092811,mert_v0,ambient_balanced,0.5,ambient,0.0,0,0,False
1,2026092811,mert_v0,ambient_balanced,0.5,rock,0.0,0,0,False
1,2026092811,mert_v0,ambient_balanced,1.0,electronic,0.0,0,0,False
1,2026092811,mert_v0,ambient_balanced,1.0,pop,identity,0,0,False
1,2026092811,mert_v0,ambient_balanced,1.0,ambient,0.01,0,0,False
1,2026092811,mert_v0,ambient_balanced,1.0,rock,0.01,0,0,False
1,2026092811,mert_v0,unweighted,0.25,electronic,0.1,0,0,False
1,2026092811,mert_v0,unweighted,0.25,pop,identity,0,0,False
1,2026092811,mert_v0,unweighted,0.25,ambient,identity,5,0,False
1,2026092811,mert_v0,unweighted,0.25,rock,identity,0,0,False
1,2026092811,mert_v0,unweighted,0.5,electronic,0.01,0,0,False
1,2026092811,mert_v0,unweighted,0.5,pop,0.0,0,0,False
1,2026092811,mert_v0,unweighted,0.5,ambient,identity,0,0,False
1,2026092811,mert_v0,unweighted,0.5,rock,0.0,0,0,False
1,2026092811,mert_v0,unweighted,1.0,electronic,0.0,0,0,False
1,2026092811,mert_v0,unweighted,1.0,pop,identity,0,0,False
1,2026092811,mert_v0,unweighted,1.0,ambient,identity,0,0,False
1,2026092811,mert_v0,unweighted,1.0,rock,0.01,0,0,False
1,2026092811,mert_v1,ambient_balanced,0.25,electronic,0.1,0,0,False
1,2026092811,mert_v1,ambient_balanced,0.25,pop,1.0,0,0,False
1,2026092811,mert_v1,ambient_balanced,0.25,ambient,0.01,5,1,False
1,2026092811,mert_v1,ambient_balanced,0.25,rock,identity,0,0,False
1,2026092811,mert_v1,ambient_balanced,0.5,electronic,0.01,0,0,False
1,2026092811,mert_v1,ambient_balanced,0.5,pop,1.0,0,0,False
1,2026092811,mert_v1,ambient_balanced,0.5,ambient,0.001,0,0,False
1,2026092811,mert_v1,ambient_balanced,0.5,rock,0.0,0,0,False
1,2026092811,mert_v1,ambient_balanced,1.0,electronic,0.01,0,0,False
1,2026092811,mert_v1,ambient_balanced,1.0,pop,identity,0,0,False
1,2026092811,mert_v1,ambient_balanced,1.0,ambient,0.01,0,0,False
1,2026092811,mert_v1,ambient_balanced,1.0,rock,0.001,0,0,False
1,2026092811,mert_v1,unweighted,0.25,electronic,0.1,0,0,False
1,2026092811,mert_v1,unweighted,0.25,pop,1.0,0,0,False
1,2026092811,mert_v1,unweighted,0.25,ambient,identity,5,0,False
1,2026092811,mert_v1,unweighted,0.25,rock,identity,0,0,False
1,2026092811,mert_v1,unweighted,0.5,electronic,0.01,0,0,False
1,2026092811,mert_v1,unweighted,0.5,pop,1.0,0,0,False
1,2026092811,mert_v1,unweighted,0.5,ambient,identity,0,0,False
1,2026092811,mert_v1,unweighted,0.5,rock,0.0,0,0,False
1,2026092811,mert_v1,unweighted,1.0,electronic,0.01,0,0,False
1,2026092811,mert_v1,unweighted,1.0,pop,identity,0,0,False
1,2026092811,mert_v1,unweighted,1.0,ambient,identity,0,0,False
1,2026092811,mert_v1,unweighted,1.0,rock,0.001,0,0,False
1,2026092812,maest,ambient_balanced,0.25,electronic,1.0,0,0,False
1,2026092812,maest,ambient_balanced,0.25,pop,identity,0,0,False
1,2026092812,maest,ambient_balanced,0.25,ambient,0.01,0,0,False
1,2026092812,maest,ambient_balanced,0.25,rock,0.001,0,0,False
1,2026092812,maest,ambient_balanced,0.5,electronic,0.01,0,0,False
1,2026092812,maest,ambient_balanced,0.5,pop,identity,0,0,False
1,2026092812,maest,ambient_balanced,0.5,ambient,0.01,0,0,False
1,2026092812,maest,ambient_balanced,0.5,rock,identity,0,0,False
1,2026092812,maest,ambient_balanced,1.0,electronic,identity,0,0,False
1,2026092812,maest,ambient_balanced,1.0,pop,identity,0,0,False
1,2026092812,maest,ambient_balanced,1.0,ambient,0.0,0,0,False
1,2026092812,maest,ambient_balanced,1.0,rock,1.0,0,0,False
1,2026092812,maest,unweighted,0.25,electronic,1.0,0,0,False
1,2026092812,maest,unweighted,0.25,pop,identity,0,0,False
1,2026092812,maest,unweighted,0.25,ambient,identity,0,0,False
1,2026092812,maest,unweighted,0.25,rock,0.001,0,0,False
1,2026092812,maest,unweighted,0.5,electronic,0.01,0,0,False
1,2026092812,maest,unweighted,0.5,pop,identity,0,0,False
1,2026092812,maest,unweighted,0.5,ambient,identity,0,0,False
1,2026092812,maest,unweighted,0.5,rock,identity,0,0,False
1,2026092812,maest,unweighted,1.0,electronic,identity,0,0,False
1,2026092812,maest,unweighted,1.0,pop,identity,0,0,False
1,2026092812,maest,unweighted,1.0,ambient,0.1,0,0,False
1,2026092812,maest,unweighted,1.0,rock,1.0,0,0,False
1,2026092812,mert_v0,ambient_balanced,0.25,electronic,1.0,0,0,False
1,2026092812,mert_v0,ambient_balanced,0.25,pop,identity,0,0,False
1,2026092812,mert_v0,ambient_balanced,0.25,ambient,0.1,0,0,False
1,2026092812,mert_v0,ambient_balanced,0.25,rock,0.01,0,0,False
1,2026092812,mert_v0,ambient_balanced,0.5,electronic,0.01,0,0,False
1,2026092812,mert_v0,ambient_balanced,0.5,pop,identity,0,0,False
1,2026092812,mert_v0,ambient_balanced,0.5,ambient,0.01,0,0,False
1,2026092812,mert_v0,ambient_balanced,0.5,rock,identity,0,0,False
1,2026092812,mert_v0,ambient_balanced,1.0,electronic,identity,0,0,False
1,2026092812,mert_v0,ambient_balanced,1.0,pop,identity,0,0,False
1,2026092812,mert_v0,ambient_balanced,1.0,ambient,0.001,0,0,False
1,2026092812,mert_v0,ambient_balanced,1.0,rock,0.001,0,0,False
1,2026092812,mert_v0,unweighted,0.25,electronic,1.0,0,0,False
1,2026092812,mert_v0,unweighted,0.25,pop,identity,0,0,False
1,2026092812,mert_v0,unweighted,0.25,ambient,identity,0,0,False
1,2026092812,mert_v0,unweighted,0.25,rock,0.01,0,0,False
1,2026092812,mert_v0,unweighted,0.5,electronic,0.01,0,0,False
1,2026092812,mert_v0,unweighted,0.5,pop,identity,0,0,False
1,2026092812,mert_v0,unweighted,0.5,ambient,identity,0,0,False
1,2026092812,mert_v0,unweighted,0.5,rock,identity,0,0,False
1,2026092812,mert_v0,unweighted,1.0,electronic,identity,0,0,False
1,2026092812,mert_v0,unweighted,1.0,pop,identity,0,0,False
1,2026092812,mert_v0,unweighted,1.0,ambient,0.01,0,0,False
1,2026092812,mert_v0,unweighted,1.0,rock,0.001,0,0,False
1,2026092812,mert_v1,ambient_balanced,0.25,electronic,1.0,0,0,False
1,2026092812,mert_v1,ambient_balanced,0.25,pop,identity,0,0,False
1,2026092812,mert_v1,ambient_balanced,0.25,ambient,0.01,0,0,False
1,2026092812,mert_v1,ambient_balanced,0.25,rock,0.01,0,0,False
1,2026092812,mert_v1,ambient_balanced,0.5,electronic,0.1,0,0,False
1,2026092812,mert_v1,ambient_balanced,0.5,pop,identity,0,0,False
1,2026092812,mert_v1,ambient_balanced,0.5,ambient,0.01,0,0,False
1,2026092812,mert_v1,ambient_balanced,0.5,rock,identity,0,0,False
1,2026092812,mert_v1,ambient_balanced,1.0,electronic,identity,0,0,False
1,2026092812,mert_v1,ambient_balanced,1.0,pop,identity,0,0,False
1,2026092812,mert_v1,ambient_balanced,1.0,ambient,0.001,0,0,False
1,2026092812,mert_v1,ambient_balanced,1.0,rock,0.001,0,0,False
1,2026092812,mert_v1,unweighted,0.25,electronic,1.0,0,0,False
1,2026092812,mert_v1,unweighted,0.25,pop,identity,0,0,False
1,2026092812,mert_v1,unweighted,0.25,ambient,identity,0,0,False
1,2026092812,mert_v1,unweighted,0.25,rock,0.01,0,0,False
1,2026092812,mert_v1,unweighted,0.5,electronic,0.1,0,0,False
1,2026092812,mert_v1,unweighted,0.5,pop,identity,0,0,False
1,2026092812,mert_v1,unweighted,0.5,ambient,identity,0,0,False
1,2026092812,mert_v1,unweighted,0.5,rock,identity,0,0,False
1,2026092812,mert_v1,unweighted,1.0,electronic,identity,0,0,False
1,2026092812,mert_v1,unweighted,1.0,pop,identity,0,0,False
1,2026092812,mert_v1,unweighted,1.0,ambient,0.1,0,0,False
1,2026092812,mert_v1,unweighted,1.0,rock,0.001,0,0,False
1,2026092813,maest,ambient_balanced,0.25,electronic,identity,0,0,False
1,2026092813,maest,ambient_balanced,0.25,pop,identity,0,0,False
1,2026092813,maest,ambient_balanced,0.25,ambient,0.1,0,0,False
1,2026092813,maest,ambient_balanced,0.25,rock,identity,0,0,False
1,2026092813,maest,ambient_balanced,0.5,electronic,0.001,0,0,False
1,2026092813,maest,ambient_balanced,0.5,pop,identity,0,0,False
1,2026092813,maest,ambient_balanced,0.5,ambient,0.01,0,0,False
1,2026092813,maest,ambient_balanced,0.5,rock,identity,0,0,False
1,2026092813,maest,ambient_balanced,1.0,electronic,identity,0,0,False
1,2026092813,maest,ambient_balanced,1.0,pop,1.0,0,0,False
1,2026092813,maest,ambient_balanced,1.0,ambient,0.01,0,0,False
1,2026092813,maest,ambient_balanced,1.0,rock,0.0,0,0,False
1,2026092813,maest,unweighted,0.25,electronic,identity,0,0,False
1,2026092813,maest,unweighted,0.25,pop,identity,0,0,False
1,2026092813,maest,unweighted,0.25,ambient,identity,0,0,False
1,2026092813,maest,unweighted,0.25,rock,identity,0,0,False
1,2026092813,maest,unweighted,0.5,electronic,0.001,0,0,False
1,2026092813,maest,unweighted,0.5,pop,identity,0,0,False
1,2026092813,maest,unweighted,0.5,ambient,0.1,0,0,False
1,2026092813,maest,unweighted,0.5,rock,identity,0,0,False
1,2026092813,maest,unweighted,1.0,electronic,identity,0,0,False
1,2026092813,maest,unweighted,1.0,pop,1.0,0,0,False
1,2026092813,maest,unweighted,1.0,ambient,identity,0,0,False
1,2026092813,maest,unweighted,1.0,rock,0.0,0,0,False
1,2026092813,mert_v0,ambient_balanced,0.25,electronic,identity,0,0,False
1,2026092813,mert_v0,ambient_balanced,0.25,pop,identity,0,0,False
1,2026092813,mert_v0,ambient_balanced,0.25,ambient,0.001,0,0,False
1,2026092813,mert_v0,ambient_balanced,0.25,rock,identity,0,0,False
1,2026092813,mert_v0,ambient_balanced,0.5,electronic,identity,0,0,False
1,2026092813,mert_v0,ambient_balanced,0.5,pop,1.0,0,0,False
1,2026092813,mert_v0,ambient_balanced,0.5,ambient,0.001,1,0,False
1,2026092813,mert_v0,ambient_balanced,0.5,rock,identity,0,0,False
1,2026092813,mert_v0,ambient_balanced,1.0,electronic,identity,0,0,False
1,2026092813,mert_v0,ambient_balanced,1.0,pop,identity,0,0,False
1,2026092813,mert_v0,ambient_balanced,1.0,ambient,0.01,0,0,False
1,2026092813,mert_v0,ambient_balanced,1.0,rock,0.0,0,0,False
1,2026092813,mert_v0,unweighted,0.25,electronic,identity,0,0,False
1,2026092813,mert_v0,unweighted,0.25,pop,identity,0,0,False
1,2026092813,mert_v0,unweighted,0.25,ambient,identity,0,0,False
1,2026092813,mert_v0,unweighted,0.25,rock,identity,0,0,False
1,2026092813,mert_v0,unweighted,0.5,electronic,identity,0,0,False
1,2026092813,mert_v0,unweighted,0.5,pop,1.0,0,0,False
1,2026092813,mert_v0,unweighted,0.5,ambient,0.1,0,0,False
1,2026092813,mert_v0,unweighted,0.5,rock,identity,0,0,False
1,2026092813,mert_v0,unweighted,1.0,electronic,identity,0,0,False
1,2026092813,mert_v0,unweighted,1.0,pop,identity,0,0,False
1,2026092813,mert_v0,unweighted,1.0,ambient,identity,1,0,False
1,2026092813,mert_v0,unweighted,1.0,rock,0.0,0,0,False
1,2026092813,mert_v1,ambient_balanced,0.25,electronic,identity,0,0,False
1,2026092813,mert_v1,ambient_balanced,0.25,pop,identity,0,0,False
1,2026092813,mert_v1,ambient_balanced,0.25,ambient,0.01,0,0,False
1,2026092813,mert_v1,ambient_balanced,0.25,rock,identity,0,0,False
1,2026092813,mert_v1,ambient_balanced,0.5,electronic,identity,0,0,False
1,2026092813,mert_v1,ambient_balanced,0.5,pop,0.1,0,0,False
1,2026092813,mert_v1,ambient_balanced,0.5,ambient,0.01,0,0,False
1,2026092813,mert_v1,ambient_balanced,0.5,rock,0.0,0,0,False
1,2026092813,mert_v1,ambient_balanced,1.0,electronic,identity,0,0,False
1,2026092813,mert_v1,ambient_balanced,1.0,pop,identity,0,0,False
1,2026092813,mert_v1,ambient_balanced,1.0,ambient,0.01,0,0,False
1,2026092813,mert_v1,ambient_balanced,1.0,rock,0.0,0,0,False
1,2026092813,mert_v1,unweighted,0.25,electronic,identity,0,0,False
1,2026092813,mert_v1,unweighted,0.25,pop,identity,0,0,False
1,2026092813,mert_v1,unweighted,0.25,ambient,identity,0,0,False
1,2026092813,mert_v1,unweighted,0.25,rock,identity,0,0,False
1,2026092813,mert_v1,unweighted,0.5,electronic,identity,0,0,False
1,2026092813,mert_v1,unweighted,0.5,pop,0.1,0,0,False
1,2026092813,mert_v1,unweighted,0.5,ambient,0.1,0,0,False
1,2026092813,mert_v1,unweighted,0.5,rock,0.0,0,0,False
1,2026092813,mert_v1,unweighted,1.0,electronic,identity,0,0,False
1,2026092813,mert_v1,unweighted,1.0,pop,identity,0,0,False
1,2026092813,mert_v1,unweighted,1.0,ambient,identity,0,0,False
1,2026092813,mert_v1,unweighted,1.0,rock,0.0,0,0,False
1,2026092814,maest,ambient_balanced,0.25,electronic,identity,0,0,False
1,2026092814,maest,ambient_balanced,0.25,pop,identity,0,0,False
1,2026092814,maest,ambient_balanced,0.25,ambient,0.01,0,0,False
1,2026092814,maest,ambient_balanced,0.25,rock,0.01,0,0,False
1,2026092814,maest,ambient_balanced,0.5,electronic,identity,0,0,False
1,2026092814,maest,ambient_balanced,0.5,pop,0.01,0,0,False
1,2026092814,maest,ambient_balanced,0.5,ambient,0.01,0,0,False
1,2026092814,maest,ambient_balanced,0.5,rock,0.1,0,0,False
1,2026092814,maest,ambient_balanced,1.0,electronic,0.1,0,0,False
1,2026092814,maest,ambient_balanced,1.0,pop,identity,0,0,False
1,2026092814,maest,ambient_balanced,1.0,ambient,0.01,0,0,False
1,2026092814,maest,ambient_balanced,1.0,rock,identity,0,0,False
1,2026092814,maest,unweighted,0.25,electronic,identity,0,0,False
1,2026092814,maest,unweighted,0.25,pop,identity,0,0,False
1,2026092814,maest,unweighted,0.25,ambient,0.1,0,0,False
1,2026092814,maest,unweighted,0.25,rock,0.01,0,0,False
1,2026092814,maest,unweighted,0.5,electronic,identity,0,0,False
1,2026092814,maest,unweighted,0.5,pop,0.01,0,0,False
1,2026092814,maest,unweighted,0.5,ambient,identity,0,0,False
1,2026092814,maest,unweighted,0.5,rock,0.1,0,0,False
1,2026092814,maest,unweighted,1.0,electronic,0.1,0,0,False
1,2026092814,maest,unweighted,1.0,pop,identity,0,0,False
1,2026092814,maest,unweighted,1.0,ambient,identity,0,0,False
1,2026092814,maest,unweighted,1.0,rock,identity,0,0,False
1,2026092814,mert_v0,ambient_balanced,0.25,electronic,identity,0,0,False
1,2026092814,mert_v0,ambient_balanced,0.25,pop,identity,0,0,False
1,2026092814,mert_v0,ambient_balanced,0.25,ambient,0.0,0,0,False
1,2026092814,mert_v0,ambient_balanced,0.25,rock,0.01,0,0,False
1,2026092814,mert_v0,ambient_balanced,0.5,electronic,identity,0,0,False
1,2026092814,mert_v0,ambient_balanced,0.5,pop,identity,0,0,False
1,2026092814,mert_v0,ambient_balanced,0.5,ambient,0.01,0,0,False
1,2026092814,mert_v0,ambient_balanced,0.5,rock,0.1,0,0,False
1,2026092814,mert_v0,ambient_balanced,1.0,electronic,1.0,0,0,False
1,2026092814,mert_v0,ambient_balanced,1.0,pop,identity,0,0,False
1,2026092814,mert_v0,ambient_balanced,1.0,ambient,0.01,0,0,False
1,2026092814,mert_v0,ambient_balanced,1.0,rock,identity,0,0,False
1,2026092814,mert_v0,unweighted,0.25,electronic,identity,0,0,False
1,2026092814,mert_v0,unweighted,0.25,pop,identity,0,0,False
1,2026092814,mert_v0,unweighted,0.25,ambient,0.01,0,0,False
1,2026092814,mert_v0,unweighted,0.25,rock,0.01,0,0,False
1,2026092814,mert_v0,unweighted,0.5,electronic,identity,0,0,False
1,2026092814,mert_v0,unweighted,0.5,pop,identity,0,0,False
1,2026092814,mert_v0,unweighted,0.5,ambient,identity,0,0,False
1,2026092814,mert_v0,unweighted,0.5,rock,0.1,0,0,False
1,2026092814,mert_v0,unweighted,1.0,electronic,1.0,0,0,False
1,2026092814,mert_v0,unweighted,1.0,pop,identity,0,0,False
1,2026092814,mert_v0,unweighted,1.0,ambient,identity,0,0,False
1,2026092814,mert_v0,unweighted,1.0,rock,identity,0,0,False
1,2026092814,mert_v1,ambient_balanced,0.25,electronic,identity,0,0,False
1,2026092814,mert_v1,ambient_balanced,0.25,pop,identity,0,0,False
1,2026092814,mert_v1,ambient_balanced,0.25,ambient,0.001,0,0,False
1,2026092814,mert_v1,ambient_balanced,0.25,rock,0.001,0,0,False
1,2026092814,mert_v1,ambient_balanced,0.5,electronic,1.0,0,0,False
1,2026092814,mert_v1,ambient_balanced,0.5,pop,identity,0,0,False
1,2026092814,mert_v1,ambient_balanced,0.5,ambient,0.01,0,0,False
1,2026092814,mert_v1,ambient_balanced,0.5,rock,0.1,0,0,False
1,2026092814,mert_v1,ambient_balanced,1.0,electronic,1.0,0,0,False
1,2026092814,mert_v1,ambient_balanced,1.0,pop,identity,0,0,False
1,2026092814,mert_v1,ambient_balanced,1.0,ambient,0.01,0,0,False
1,2026092814,mert_v1,ambient_balanced,1.0,rock,identity,0,0,False
1,2026092814,mert_v1,unweighted,0.25,electronic,identity,0,0,False
1,2026092814,mert_v1,unweighted,0.25,pop,identity,0,0,False
1,2026092814,mert_v1,unweighted,0.25,ambient,0.1,0,0,False
1,2026092814,mert_v1,unweighted,0.25,rock,0.001,0,0,False
1,2026092814,mert_v1,unweighted,0.5,electronic,1.0,0,0,False
1,2026092814,mert_v1,unweighted,0.5,pop,identity,0,0,False
1,2026092814,mert_v1,unweighted,0.5,ambient,identity,0,0,False
1,2026092814,mert_v1,unweighted,0.5,rock,0.1,0,0,False
1,2026092814,mert_v1,unweighted,1.0,electronic,1.0,0,0,False
1,2026092814,mert_v1,unweighted,1.0,pop,identity,0,0,False
1,2026092814,mert_v1,unweighted,1.0,ambient,identity,0,0,False
1,2026092814,mert_v1,unweighted,1.0,rock,identity,0,0,False
1,2026092815,maest,ambient_balanced,0.25,electronic,identity,0,0,False
1,2026092815,maest,ambient_balanced,0.25,pop,identity,0,0,False
1,2026092815,maest,ambient_balanced,0.25,ambient,0.1,0,0,False
1,2026092815,maest,ambient_balanced,0.25,rock,identity,0,0,False
1,2026092815,maest,ambient_balanced,0.5,electronic,identity,0,0,False
1,2026092815,maest,ambient_balanced,0.5,pop,identity,0,0,False
1,2026092815,maest,ambient_balanced,0.5,ambient,0.1,0,0,False
1,2026092815,maest,ambient_balanced,0.5,rock,0.1,0,0,False
1,2026092815,maest,ambient_balanced,1.0,electronic,identity,0,0,False
1,2026092815,maest,ambient_balanced,1.0,pop,identity,0,0,False
1,2026092815,maest,ambient_balanced,1.0,ambient,0.0,0,0,False
1,2026092815,maest,ambient_balanced,1.0,rock,identity,0,0,False
1,2026092815,maest,unweighted,0.25,electronic,identity,0,0,False
1,2026092815,maest,unweighted,0.25,pop,identity,0,0,False
1,2026092815,maest,unweighted,0.25,ambient,1.0,0,0,False
1,2026092815,maest,unweighted,0.25,rock,identity,0,0,False
1,2026092815,maest,unweighted,0.5,electronic,identity,0,0,False
1,2026092815,maest,unweighted,0.5,pop,identity,0,0,False
1,2026092815,maest,unweighted,0.5,ambient,1.0,0,0,False
1,2026092815,maest,unweighted,0.5,rock,0.1,0,0,False
1,2026092815,maest,unweighted,1.0,electronic,identity,0,0,False
1,2026092815,maest,unweighted,1.0,pop,identity,0,0,False
1,2026092815,maest,unweighted,1.0,ambient,1.0,0,0,False
1,2026092815,maest,unweighted,1.0,rock,identity,0,0,False
1,2026092815,mert_v0,ambient_balanced,0.25,electronic,identity,0,0,False
1,2026092815,mert_v0,ambient_balanced,0.25,pop,identity,0,0,False
1,2026092815,mert_v0,ambient_balanced,0.25,ambient,0.1,0,0,False
1,2026092815,mert_v0,ambient_balanced,0.25,rock,1.0,0,0,False
1,2026092815,mert_v0,ambient_balanced,0.5,electronic,identity,0,0,False
1,2026092815,mert_v0,ambient_balanced,0.5,pop,identity,0,0,False
1,2026092815,mert_v0,ambient_balanced,0.5,ambient,0.1,0,0,False
1,2026092815,mert_v0,ambient_balanced,0.5,rock,0.1,0,0,False
1,2026092815,mert_v0,ambient_balanced,1.0,electronic,identity,0,0,False
1,2026092815,mert_v0,ambient_balanced,1.0,pop,identity,0,0,False
1,2026092815,mert_v0,ambient_balanced,1.0,ambient,0.0,0,0,False
1,2026092815,mert_v0,ambient_balanced,1.0,rock,0.001,0,0,False
1,2026092815,mert_v0,unweighted,0.25,electronic,identity,0,0,False
1,2026092815,mert_v0,unweighted,0.25,pop,identity,0,0,False
1,2026092815,mert_v0,unweighted,0.25,ambient,identity,0,0,False
1,2026092815,mert_v0,unweighted,0.25,rock,1.0,0,0,False
1,2026092815,mert_v0,unweighted,0.5,electronic,identity,0,0,False
1,2026092815,mert_v0,unweighted,0.5,pop,identity,0,0,False
1,2026092815,mert_v0,unweighted,0.5,ambient,1.0,0,0,False
1,2026092815,mert_v0,unweighted,0.5,rock,0.1,0,0,False
1,2026092815,mert_v0,unweighted,1.0,electronic,identity,0,0,False
1,2026092815,mert_v0,unweighted,1.0,pop,identity,0,0,False
1,2026092815,mert_v0,unweighted,1.0,ambient,identity,0,0,False
1,2026092815,mert_v0,unweighted,1.0,rock,0.001,0,0,False
1,2026092815,mert_v1,ambient_balanced,0.25,electronic,identity,0,0,False
1,2026092815,mert_v1,ambient_balanced,0.25,pop,identity,0,0,False
1,2026092815,mert_v1,ambient_balanced,0.25,ambient,0.1,0,0,False
1,2026092815,mert_v1,ambient_balanced,0.25,rock,identity,0,0,False
1,2026092815,mert_v1,ambient_balanced,0.5,electronic,identity,0,0,False
1,2026092815,mert_v1,ambient_balanced,0.5,pop,identity,0,0,False
1,2026092815,mert_v1,ambient_balanced,0.5,ambient,0.1,0,0,False
1,2026092815,mert_v1,ambient_balanced,0.5,rock,0.1,0,0,False
1,2026092815,mert_v1,ambient_balanced,1.0,electronic,identity,0,0,False
1,2026092815,mert_v1,ambient_balanced,1.0,pop,identity,0,0,False
1,2026092815,mert_v1,ambient_balanced,1.0,ambient,0.0,0,0,False
1,2026092815,mert_v1,ambient_balanced,1.0,rock,0.0,0,0,False
1,2026092815,mert_v1,unweighted,0.25,electronic,identity,0,0,False
1,2026092815,mert_v1,unweighted,0.25,pop,identity,0,0,False
1,2026092815,mert_v1,unweighted,0.25,ambient,identity,0,0,False
1,2026092815,mert_v1,unweighted,0.25,rock,identity,0,0,False
1,2026092815,mert_v1,unweighted,0.5,electronic,identity,0,0,False
1,2026092815,mert_v1,unweighted,0.5,pop,identity,0,0,False
1,2026092815,mert_v1,unweighted,0.5,ambient,1.0,0,0,False
1,2026092815,mert_v1,unweighted,0.5,rock,0.1,0,0,False
1,2026092815,mert_v1,unweighted,1.0,electronic,identity,0,0,False
1,2026092815,mert_v1,unweighted,1.0,pop,identity,0,0,False
1,2026092815,mert_v1,unweighted,1.0,ambient,identity,0,0,False
1,2026092815,mert_v1,unweighted,1.0,rock,0.0,0,0,False
1,2026092816,maest,ambient_balanced,0.25,electronic,identity,0,0,False
1,2026092816,maest,ambient_balanced,0.25,pop,identity,0,0,False
1,2026092816,maest,ambient_balanced,0.25,ambient,0.1,0,0,False
1,2026092816,maest,ambient_balanced,0.25,rock,0.01,0,0,False
1,2026092816,maest,ambient_balanced,0.5,electronic,identity,0,0,False
1,2026092816,maest,ambient_balanced,0.5,pop,identity,0,0,False
1,2026092816,maest,ambient_balanced,0.5,ambient,0.01,0,0,False
1,2026092816,maest,ambient_balanced,0.5,rock,1.0,0,0,False
1,2026092816,maest,ambient_balanced,1.0,electronic,0.1,0,0,False
1,2026092816,maest,ambient_balanced,1.0,pop,1.0,0,0,False
1,2026092816,maest,ambient_balanced,1.0,ambient,0.01,0,0,False
1,2026092816,maest,ambient_balanced,1.0,rock,identity,0,0,False
1,2026092816,maest,unweighted,0.25,electronic,identity,0,0,False
1,2026092816,maest,unweighted,0.25,pop,identity,0,0,False
1,2026092816,maest,unweighted,0.25,ambient,identity,0,0,False
1,2026092816,maest,unweighted,0.25,rock,0.01,0,0,False
1,2026092816,maest,unweighted,0.5,electronic,identity,0,0,False
1,2026092816,maest,unweighted,0.5,pop,identity,0,0,False
1,2026092816,maest,unweighted,0.5,ambient,identity,0,0,False
1,2026092816,maest,unweighted,0.5,rock,1.0,0,0,False
1,2026092816,maest,unweighted,1.0,electronic,0.1,0,0,False
1,2026092816,maest,unweighted,1.0,pop,1.0,0,0,False
1,2026092816,maest,unweighted,1.0,ambient,0.01,0,0,False
1,2026092816,maest,unweighted,1.0,rock,identity,0,0,False
1,2026092816,mert_v0,ambient_balanced,0.25,electronic,identity,0,0,False
1,2026092816,mert_v0,ambient_balanced,0.25,pop,identity,0,0,False
1,2026092816,mert_v0,ambient_balanced,0.25,ambient,0.1,0,0,False
1,2026092816,mert_v0,ambient_balanced,0.25,rock,0.1,0,0,False
1,2026092816,mert_v0,ambient_balanced,0.5,electronic,identity,0,0,False
1,2026092816,mert_v0,ambient_balanced,0.5,pop,identity,0,0,False
1,2026092816,mert_v0,ambient_balanced,0.5,ambient,0.01,0,0,False
1,2026092816,mert_v0,ambient_balanced,0.5,rock,identity,0,0,False
1,2026092816,mert_v0,ambient_balanced,1.0,electronic,0.001,0,0,False
1,2026092816,mert_v0,ambient_balanced,1.0,pop,identity,0,0,False
1,2026092816,mert_v0,ambient_balanced,1.0,ambient,0.01,0,0,False
1,2026092816,mert_v0,ambient_balanced,1.0,rock,identity,0,0,False
1,2026092816,mert_v0,unweighted,0.25,electronic,identity,0,0,False
1,2026092816,mert_v0,unweighted,0.25,pop,identity,0,0,False
1,2026092816,mert_v0,unweighted,0.25,ambient,identity,0,0,False
1,2026092816,mert_v0,unweighted,0.25,rock,0.1,0,0,False
1,2026092816,mert_v0,unweighted,0.5,electronic,identity,0,0,False
1,2026092816,mert_v0,unweighted,0.5,pop,identity,0,0,False
1,2026092816,mert_v0,unweighted,0.5,ambient,identity,0,0,False
1,2026092816,mert_v0,unweighted,0.5,rock,identity,0,0,False
1,2026092816,mert_v0,unweighted,1.0,electronic,0.001,0,0,False
1,2026092816,mert_v0,unweighted,1.0,pop,identity,0,0,False
1,2026092816,mert_v0,unweighted,1.0,ambient,identity,0,0,False
1,2026092816,mert_v0,unweighted,1.0,rock,identity,0,0,False
1,2026092816,mert_v1,ambient_balanced,0.25,electronic,identity,0,0,False
1,2026092816,mert_v1,ambient_balanced,0.25,pop,identity,0,0,False
1,2026092816,mert_v1,ambient_balanced,0.25,ambient,0.1,0,0,False
1,2026092816,mert_v1,ambient_balanced,0.25,rock,0.1,0,0,False
1,2026092816,mert_v1,ambient_balanced,0.5,electronic,0.1,0,0,False
1,2026092816,mert_v1,ambient_balanced,0.5,pop,identity,0,0,False
1,2026092816,mert_v1,ambient_balanced,0.5,ambient,0.01,0,0,False
1,2026092816,mert_v1,ambient_balanced,0.5,rock,identity,0,0,False
1,2026092816,mert_v1,ambient_balanced,1.0,electronic,0.01,0,0,False
1,2026092816,mert_v1,ambient_balanced,1.0,pop,identity,0,0,False
1,2026092816,mert_v1,ambient_balanced,1.0,ambient,0.01,0,0,False
1,2026092816,mert_v1,ambient_balanced,1.0,rock,identity,0,0,False
1,2026092816,mert_v1,unweighted,0.25,electronic,identity,0,0,False
1,2026092816,mert_v1,unweighted,0.25,pop,identity,0,0,False
1,2026092816,mert_v1,unweighted,0.25,ambient,1.0,0,0,False
1,2026092816,mert_v1,unweighted,0.25,rock,0.1,0,0,False
1,2026092816,mert_v1,unweighted,0.5,electronic,0.1,0,0,False
1,2026092816,mert_v1,unweighted,0.5,pop,identity,0,0,False
1,2026092816,mert_v1,unweighted,0.5,ambient,identity,0,0,False
1,2026092816,mert_v1,unweighted,0.5,rock,identity,0,0,False
1,2026092816,mert_v1,unweighted,1.0,electronic,0.01,0,0,False
1,2026092816,mert_v1,unweighted,1.0,pop,identity,0,0,False
1,2026092816,mert_v1,unweighted,1.0,ambient,identity,0,0,False
1,2026092816,mert_v1,unweighted,1.0,rock,identity,0,0,False
1,2026092817,maest,ambient_balanced,0.25,electronic,0.1,0,0,False
1,2026092817,maest,ambient_balanced,0.25,pop,0.001,5,1,False
1,2026092817,maest,ambient_balanced,0.25,ambient,0.01,0,0,False
1,2026092817,maest,ambient_balanced,0.25,rock,identity,0,0,False
1,2026092817,maest,ambient_balanced,0.5,electronic,0.1,0,0,False
1,2026092817,maest,ambient_balanced,0.5,pop,identity,0,0,False
1,2026092817,maest,ambient_balanced,0.5,ambient,0.01,0,0,False
1,2026092817,maest,ambient_balanced,0.5,rock,0.1,0,0,False
1,2026092817,maest,ambient_balanced,1.0,electronic,identity,0,0,False
1,2026092817,maest,ambient_balanced,1.0,pop,identity,0,0,False
1,2026092817,maest,ambient_balanced,1.0,ambient,0.0,0,0,False
1,2026092817,maest,ambient_balanced,1.0,rock,identity,0,0,False
1,2026092817,maest,unweighted,0.25,electronic,0.1,0,0,False
1,2026092817,maest,unweighted,0.25,pop,0.001,5,1,False
1,2026092817,maest,unweighted,0.25,ambient,identity,0,0,False
1,2026092817,maest,unweighted,0.25,rock,identity,0,0,False
1,2026092817,maest,unweighted,0.5,electronic,0.1,0,0,False
1,2026092817,maest,unweighted,0.5,pop,identity,0,0,False
1,2026092817,maest,unweighted,0.5,ambient,identity,0,0,False
1,2026092817,maest,unweighted,0.5,rock,0.1,0,0,False
1,2026092817,maest,unweighted,1.0,electronic,identity,0,0,False
1,2026092817,maest,unweighted,1.0,pop,identity,0,0,False
1,2026092817,maest,unweighted,1.0,ambient,0.0,0,0,False
1,2026092817,maest,unweighted,1.0,rock,identity,0,0,False
1,2026092817,mert_v0,ambient_balanced,0.25,electronic,1.0,0,0,False
1,2026092817,mert_v0,ambient_balanced,0.25,pop,0.0,5,1,False
1,2026092817,mert_v0,ambient_balanced,0.25,ambient,0.01,0,0,False
1,2026092817,mert_v0,ambient_balanced,0.25,rock,0.0,0,0,False
1,2026092817,mert_v0,ambient_balanced,0.5,electronic,0.1,0,0,False
1,2026092817,mert_v0,ambient_balanced,0.5,pop,identity,0,0,False
1,2026092817,mert_v0,ambient_balanced,0.5,ambient,0.01,0,0,False
1,2026092817,mert_v0,ambient_balanced,0.5,rock,0.0,0,0,False
1,2026092817,mert_v0,ambient_balanced,1.0,electronic,identity,0,0,False
1,2026092817,mert_v0,ambient_balanced,1.0,pop,identity,0,0,False
1,2026092817,mert_v0,ambient_balanced,1.0,ambient,0.0,0,0,False
1,2026092817,mert_v0,ambient_balanced,1.0,rock,identity,0,0,False
1,2026092817,mert_v0,unweighted,0.25,electronic,1.0,0,0,False
1,2026092817,mert_v0,unweighted,0.25,pop,0.0,5,1,False
1,2026092817,mert_v0,unweighted,0.25,ambient,identity,0,0,False
1,2026092817,mert_v0,unweighted,0.25,rock,0.0,0,0,False
1,2026092817,mert_v0,unweighted,0.5,electronic,0.1,0,0,False
1,2026092817,mert_v0,unweighted,0.5,pop,identity,0,0,False
1,2026092817,mert_v0,unweighted,0.5,ambient,identity,0,0,False
1,2026092817,mert_v0,unweighted,0.5,rock,0.0,0,0,False
1,2026092817,mert_v0,unweighted,1.0,electronic,identity,0,0,False
1,2026092817,mert_v0,unweighted,1.0,pop,identity,0,0,False
1,2026092817,mert_v0,unweighted,1.0,ambient,identity,0,0,False
1,2026092817,mert_v0,unweighted,1.0,rock,identity,0,0,False
1,2026092817,mert_v1,ambient_balanced,0.25,electronic,0.01,0,0,False
1,2026092817,mert_v1,ambient_balanced,0.25,pop,0.0,5,1,False
1,2026092817,mert_v1,ambient_balanced,0.25,ambient,0.01,0,0,False
1,2026092817,mert_v1,ambient_balanced,0.25,rock,identity,0,0,False
1,2026092817,mert_v1,ambient_balanced,0.5,electronic,0.01,0,0,False
1,2026092817,mert_v1,ambient_balanced,0.5,pop,identity,0,0,False
1,2026092817,mert_v1,ambient_balanced,0.5,ambient,0.01,0,0,False
1,2026092817,mert_v1,ambient_balanced,0.5,rock,0.0,0,0,False
1,2026092817,mert_v1,ambient_balanced,1.0,electronic,identity,0,0,False
1,2026092817,mert_v1,ambient_balanced,1.0,pop,identity,0,0,False
1,2026092817,mert_v1,ambient_balanced,1.0,ambient,0.0,0,0,False
1,2026092817,mert_v1,ambient_balanced,1.0,rock,identity,0,0,False
1,2026092817,mert_v1,unweighted,0.25,electronic,0.01,0,0,False
1,2026092817,mert_v1,unweighted,0.25,pop,0.0,5,1,False
1,2026092817,mert_v1,unweighted,0.25,ambient,identity,0,0,False
1,2026092817,mert_v1,unweighted,0.25,rock,identity,0,0,False
1,2026092817,mert_v1,unweighted,0.5,electronic,0.01,0,0,False
1,2026092817,mert_v1,unweighted,0.5,pop,identity,0,0,False
1,2026092817,mert_v1,unweighted,0.5,ambient,identity,0,0,False
1,2026092817,mert_v1,unweighted,0.5,rock,0.0,0,0,False
1,2026092817,mert_v1,unweighted,1.0,electronic,identity,0,0,False
1,2026092817,mert_v1,unweighted,1.0,pop,identity,0,0,False
1,2026092817,mert_v1,unweighted,1.0,ambient,0.001,0,0,False
1,2026092817,mert_v1,unweighted,1.0,rock,identity,0,0,False
1,2026092818,maest,ambient_balanced,0.25,electronic,identity,0,0,False
1,2026092818,maest,ambient_balanced,0.25,pop,identity,0,0,False
1,2026092818,maest,ambient_balanced,0.25,ambient,identity,0,0,False
1,2026092818,maest,ambient_balanced,0.25,rock,0.1,0,0,False
1,2026092818,maest,ambient_balanced,0.5,electronic,identity,0,0,False
1,2026092818,maest,ambient_balanced,0.5,pop,0.0,0,0,False
1,2026092818,maest,ambient_balanced,0.5,ambient,0.01,0,0,False
1,2026092818,maest,ambient_balanced,0.5,rock,0.1,0,0,False
1,2026092818,maest,ambient_balanced,1.0,electronic,identity,0,0,False
1,2026092818,maest,ambient_balanced,1.0,pop,0.001,0,0,False
1,2026092818,maest,ambient_balanced,1.0,ambient,0.01,0,0,False
1,2026092818,maest,ambient_balanced,1.0,rock,identity,0,0,False
1,2026092818,maest,unweighted,0.25,electronic,identity,0,0,False
1,2026092818,maest,unweighted,0.25,pop,identity,0,0,False
1,2026092818,maest,unweighted,0.25,ambient,1.0,0,0,False
1,2026092818,maest,unweighted,0.25,rock,0.1,0,0,False
1,2026092818,maest,unweighted,0.5,electronic,identity,0,0,False
1,2026092818,maest,unweighted,0.5,pop,0.0,0,0,False
1,2026092818,maest,unweighted,0.5,ambient,identity,0,0,False
1,2026092818,maest,unweighted,0.5,rock,0.1,0,0,False
1,2026092818,maest,unweighted,1.0,electronic,identity,0,0,False
1,2026092818,maest,unweighted,1.0,pop,0.001,0,0,False
1,2026092818,maest,unweighted,1.0,ambient,0.01,0,0,False
1,2026092818,maest,unweighted,1.0,rock,identity,0,0,False
1,2026092818,mert_v0,ambient_balanced,0.25,electronic,identity,0,0,False
1,2026092818,mert_v0,ambient_balanced,0.25,pop,identity,0,0,False
1,2026092818,mert_v0,ambient_balanced,0.25,ambient,identity,0,0,False
1,2026092818,mert_v0,ambient_balanced,0.25,rock,0.1,0,0,False
1,2026092818,mert_v0,ambient_balanced,0.5,electronic,0.1,0,0,False
1,2026092818,mert_v0,ambient_balanced,0.5,pop,0.001,0,0,False
1,2026092818,mert_v0,ambient_balanced,0.5,ambient,0.01,0,0,False
1,2026092818,mert_v0,ambient_balanced,0.5,rock,0.001,0,0,False
1,2026092818,mert_v0,ambient_balanced,1.0,electronic,identity,0,0,False
1,2026092818,mert_v0,ambient_balanced,1.0,pop,0.01,0,0,False
1,2026092818,mert_v0,ambient_balanced,1.0,ambient,0.01,0,0,False
1,2026092818,mert_v0,ambient_balanced,1.0,rock,0.001,0,0,False
1,2026092818,mert_v0,unweighted,0.25,electronic,identity,0,0,False
1,2026092818,mert_v0,unweighted,0.25,pop,identity,0,0,False
1,2026092818,mert_v0,unweighted,0.25,ambient,1.0,0,0,False
1,2026092818,mert_v0,unweighted,0.25,rock,0.1,0,0,False
1,2026092818,mert_v0,unweighted,0.5,electronic,0.1,0,0,False
1,2026092818,mert_v0,unweighted,0.5,pop,0.001,0,0,False
1,2026092818,mert_v0,unweighted,0.5,ambient,identity,0,0,False
1,2026092818,mert_v0,unweighted,0.5,rock,0.001,0,0,False
1,2026092818,mert_v0,unweighted,1.0,electronic,identity,0,0,False
1,2026092818,mert_v0,unweighted,1.0,pop,0.01,0,0,False
1,2026092818,mert_v0,unweighted,1.0,ambient,0.01,0,0,False
1,2026092818,mert_v0,unweighted,1.0,rock,0.001,0,0,False
1,2026092818,mert_v1,ambient_balanced,0.25,electronic,0.01,0,0,False
1,2026092818,mert_v1,ambient_balanced,0.25,pop,identity,0,0,False
1,2026092818,mert_v1,ambient_balanced,0.25,ambient,1.0,0,0,False
1,2026092818,mert_v1,ambient_balanced,0.25,rock,1.0,0,0,False
1,2026092818,mert_v1,ambient_balanced,0.5,electronic,0.01,0,0,False
1,2026092818,mert_v1,ambient_balanced,0.5,pop,0.001,0,0,False
1,2026092818,mert_v1,ambient_balanced,0.5,ambient,0.01,0,0,False
1,2026092818,mert_v1,ambient_balanced,0.5,rock,0.001,0,0,False
1,2026092818,mert_v1,ambient_balanced,1.0,electronic,identity,0,0,False
1,2026092818,mert_v1,ambient_balanced,1.0,pop,0.01,0,0,False
1,2026092818,mert_v1,ambient_balanced,1.0,ambient,0.01,0,0,False
1,2026092818,mert_v1,ambient_balanced,1.0,rock,0.01,1,0,False
1,2026092818,mert_v1,unweighted,0.25,electronic,0.01,0,0,False
1,2026092818,mert_v1,unweighted,0.25,pop,identity,0,0,False
1,2026092818,mert_v1,unweighted,0.25,ambient,1.0,0,0,False
1,2026092818,mert_v1,unweighted,0.25,rock,1.0,0,0,False
1,2026092818,mert_v1,unweighted,0.5,electronic,0.01,0,0,False
1,2026092818,mert_v1,unweighted,0.5,pop,0.001,0,0,False
1,2026092818,mert_v1,unweighted,0.5,ambient,identity,0,0,False
1,2026092818,mert_v1,unweighted,0.5,rock,0.001,0,0,False
1,2026092818,mert_v1,unweighted,1.0,electronic,identity,0,0,False
1,2026092818,mert_v1,unweighted,1.0,pop,0.01,0,0,False
1,2026092818,mert_v1,unweighted,1.0,ambient,0.001,0,0,False
1,2026092818,mert_v1,unweighted,1.0,rock,0.01,1,0,False
1,2026092819,maest,ambient_balanced,0.25,electronic,0.1,0,0,False
1,2026092819,maest,ambient_balanced,0.25,pop,identity,0,0,False
1,2026092819,maest,ambient_balanced,0.25,ambient,0.01,0,0,False
1,2026092819,maest,ambient_balanced,0.25,rock,identity,0,0,False
1,2026092819,maest,ambient_balanced,0.5,electronic,1.0,0,0,False
1,2026092819,maest,ambient_balanced,0.5,pop,0.01,0,0,False
1,2026092819,maest,ambient_balanced,0.5,ambient,0.01,0,0,False
1,2026092819,maest,ambient_balanced,0.5,rock,0.001,0,0,False
1,2026092819,maest,ambient_balanced,1.0,electronic,identity,0,0,False
1,2026092819,maest,ambient_balanced,1.0,pop,0.001,0,0,False
1,2026092819,maest,ambient_balanced,1.0,ambient,0.01,0,0,False
1,2026092819,maest,ambient_balanced,1.0,rock,0.1,0,0,False
1,2026092819,maest,unweighted,0.25,electronic,0.1,0,0,False
1,2026092819,maest,unweighted,0.25,pop,identity,0,0,False
1,2026092819,maest,unweighted,0.25,ambient,1.0,0,0,False
1,2026092819,maest,unweighted,0.25,rock,identity,0,0,False
1,2026092819,maest,unweighted,0.5,electronic,1.0,0,0,False
1,2026092819,maest,unweighted,0.5,pop,0.01,0,0,False
1,2026092819,maest,unweighted,0.5,ambient,0.1,0,0,False
1,2026092819,maest,unweighted,0.5,rock,0.001,0,0,False
1,2026092819,maest,unweighted,1.0,electronic,identity,0,0,False
1,2026092819,maest,unweighted,1.0,pop,0.001,0,0,False
1,2026092819,maest,unweighted,1.0,ambient,0.01,0,0,False
1,2026092819,maest,unweighted,1.0,rock,0.1,0,0,False
1,2026092819,mert_v0,ambient_balanced,0.25,electronic,identity,0,0,False
1,2026092819,mert_v0,ambient_balanced,0.25,pop,identity,0,0,False
1,2026092819,mert_v0,ambient_balanced,0.25,ambient,0.01,0,0,False
1,2026092819,mert_v0,ambient_balanced,0.25,rock,0.001,0,0,False
1,2026092819,mert_v0,ambient_balanced,0.5,electronic,0.1,0,0,False
1,2026092819,mert_v0,ambient_balanced,0.5,pop,0.1,0,0,False
1,2026092819,mert_v0,ambient_balanced,0.5,ambient,0.01,0,0,False
1,2026092819,mert_v0,ambient_balanced,0.5,rock,0.0,0,0,False
1,2026092819,mert_v0,ambient_balanced,1.0,electronic,1.0,0,0,False
1,2026092819,mert_v0,ambient_balanced,1.0,pop,0.01,0,0,False
1,2026092819,mert_v0,ambient_balanced,1.0,ambient,0.01,0,0,False
1,2026092819,mert_v0,ambient_balanced,1.0,rock,0.1,0,0,False
1,2026092819,mert_v0,unweighted,0.25,electronic,identity,0,0,False
1,2026092819,mert_v0,unweighted,0.25,pop,identity,0,0,False
1,2026092819,mert_v0,unweighted,0.25,ambient,identity,0,0,False
1,2026092819,mert_v0,unweighted,0.25,rock,0.001,0,0,False
1,2026092819,mert_v0,unweighted,0.5,electronic,0.1,0,0,False
1,2026092819,mert_v0,unweighted,0.5,pop,0.1,0,0,False
1,2026092819,mert_v0,unweighted,0.5,ambient,identity,0,0,False
1,2026092819,mert_v0,unweighted,0.5,rock,0.0,0,0,False
1,2026092819,mert_v0,unweighted,1.0,electronic,1.0,0,0,False
1,2026092819,mert_v0,unweighted,1.0,pop,0.01,0,0,False
1,2026092819,mert_v0,unweighted,1.0,ambient,identity,0,0,False
1,2026092819,mert_v0,unweighted,1.0,rock,0.1,0,0,False
1,2026092819,mert_v1,ambient_balanced,0.25,electronic,identity,0,0,False
1,2026092819,mert_v1,ambient_balanced,0.25,pop,identity,0,0,False
1,2026092819,mert_v1,ambient_balanced,0.25,ambient,0.01,0,0,False
1,2026092819,mert_v1,ambient_balanced,0.25,rock,0.001,0,0,False
1,2026092819,mert_v1,ambient_balanced,0.5,electronic,1.0,0,0,False
1,2026092819,mert_v1,ambient_balanced,0.5,pop,0.1,0,0,False
1,2026092819,mert_v1,ambient_balanced,0.5,ambient,0.01,0,0,False
1,2026092819,mert_v1,ambient_balanced,0.5,rock,0.0,0,0,False
1,2026092819,mert_v1,ambient_balanced,1.0,electronic,identity,0,0,False
1,2026092819,mert_v1,ambient_balanced,1.0,pop,0.01,0,0,False
1,2026092819,mert_v1,ambient_balanced,1.0,ambient,0.01,0,0,False
1,2026092819,mert_v1,ambient_balanced,1.0,rock,1.0,0,0,False
1,2026092819,mert_v1,unweighted,0.25,electronic,identity,0,0,False
1,2026092819,mert_v1,unweighted,0.25,pop,identity,0,0,False
1,2026092819,mert_v1,unweighted,0.25,ambient,identity,0,0,False
1,2026092819,mert_v1,unweighted,0.25,rock,0.001,0,0,False
1,2026092819,mert_v1,unweighted,0.5,electronic,1.0,0,0,False
1,2026092819,mert_v1,unweighted,0.5,pop,0.1,0,0,False
1,2026092819,mert_v1,unweighted,0.5,ambient,identity,0,0,False
1,2026092819,mert_v1,unweighted,0.5,rock,0.0,0,0,False
1,2026092819,mert_v1,unweighted,1.0,electronic,identity,0,0,False
1,2026092819,mert_v1,unweighted,1.0,pop,0.01,0,0,False
1,2026092819,mert_v1,unweighted,1.0,ambient,identity,0,0,False
1,2026092819,mert_v1,unweighted,1.0,rock,1.0,0,0,False
2,2026092800,maest,ambient_balanced,0.25,electronic,identity,0,0,False
2,2026092800,maest,ambient_balanced,0.25,pop,0.001,0,0,False
2,2026092800,maest,ambient_balanced,0.25,ambient,0.1,0,0,False
2,2026092800,maest,ambient_balanced,0.25,rock,1.0,0,0,False
2,2026092800,maest,ambient_balanced,0.5,electronic,identity,0,0,False
2,2026092800,maest,ambient_balanced,0.5,pop,identity,0,0,False
2,2026092800,maest,ambient_balanced,0.5,ambient,0.01,0,0,False
2,2026092800,maest,ambient_balanced,0.5,rock,0.1,0,0,False
2,2026092800,maest,ambient_balanced,1.0,electronic,identity,0,0,False
2,2026092800,maest,ambient_balanced,1.0,pop,identity,0,0,False
2,2026092800,maest,ambient_balanced,1.0,ambient,0.01,0,0,False
2,2026092800,maest,ambient_balanced,1.0,rock,0.0,0,0,False
2,2026092800,maest,unweighted,0.25,electronic,identity,0,0,False
2,2026092800,maest,unweighted,0.25,pop,0.001,0,0,False
2,2026092800,maest,unweighted,0.25,ambient,identity,0,0,False
2,2026092800,maest,unweighted,0.25,rock,1.0,0,0,False
2,2026092800,maest,unweighted,0.5,electronic,identity,0,0,False
2,2026092800,maest,unweighted,0.5,pop,identity,0,0,False
2,2026092800,maest,unweighted,0.5,ambient,identity,0,0,False
2,2026092800,maest,unweighted,0.5,rock,0.1,0,0,False
2,2026092800,maest,unweighted,1.0,electronic,identity,0,0,False
2,2026092800,maest,unweighted,1.0,pop,identity,0,0,False
2,2026092800,maest,unweighted,1.0,ambient,identity,0,0,False
2,2026092800,maest,unweighted,1.0,rock,0.0,0,0,False
2,2026092800,mert_v0,ambient_balanced,0.25,electronic,identity,0,0,False
2,2026092800,mert_v0,ambient_balanced,0.25,pop,0.001,0,0,False
2,2026092800,mert_v0,ambient_balanced,0.25,ambient,0.1,0,0,False
2,2026092800,mert_v0,ambient_balanced,0.25,rock,1.0,0,0,False
2,2026092800,mert_v0,ambient_balanced,0.5,electronic,1.0,0,0,False
2,2026092800,mert_v0,ambient_balanced,0.5,pop,identity,0,0,False
2,2026092800,mert_v0,ambient_balanced,0.5,ambient,0.01,0,0,False
2,2026092800,mert_v0,ambient_balanced,0.5,rock,1.0,0,0,False
2,2026092800,mert_v0,ambient_balanced,1.0,electronic,identity,0,0,False
2,2026092800,mert_v0,ambient_balanced,1.0,pop,0.001,0,0,False
2,2026092800,mert_v0,ambient_balanced,1.0,ambient,0.01,0,0,False
2,2026092800,mert_v0,ambient_balanced,1.0,rock,1.0,0,0,False
2,2026092800,mert_v0,unweighted,0.25,electronic,identity,0,0,False
2,2026092800,mert_v0,unweighted,0.25,pop,0.001,0,0,False
2,2026092800,mert_v0,unweighted,0.25,ambient,identity,0,0,False
2,2026092800,mert_v0,unweighted,0.25,rock,1.0,0,0,False
2,2026092800,mert_v0,unweighted,0.5,electronic,1.0,0,0,False
2,2026092800,mert_v0,unweighted,0.5,pop,identity,0,0,False
2,2026092800,mert_v0,unweighted,0.5,ambient,identity,0,0,False
2,2026092800,mert_v0,unweighted,0.5,rock,1.0,0,0,False
2,2026092800,mert_v0,unweighted,1.0,electronic,identity,0,0,False
2,2026092800,mert_v0,unweighted,1.0,pop,0.001,0,0,False
2,2026092800,mert_v0,unweighted,1.0,ambient,identity,0,0,False
2,2026092800,mert_v0,unweighted,1.0,rock,1.0,0,0,False
2,2026092800,mert_v1,ambient_balanced,0.25,electronic,identity,0,0,False
2,2026092800,mert_v1,ambient_balanced,0.25,pop,identity,0,0,False
2,2026092800,mert_v1,ambient_balanced,0.25,ambient,0.1,0,0,False
2,2026092800,mert_v1,ambient_balanced,0.25,rock,0.1,0,0,False
2,2026092800,mert_v1,ambient_balanced,0.5,electronic,0.1,0,0,False
2,2026092800,mert_v1,ambient_balanced,0.5,pop,identity,0,0,False
2,2026092800,mert_v1,ambient_balanced,0.5,ambient,0.01,0,0,False
2,2026092800,mert_v1,ambient_balanced,0.5,rock,1.0,0,0,False
2,2026092800,mert_v1,ambient_balanced,1.0,electronic,1.0,0,0,False
2,2026092800,mert_v1,ambient_balanced,1.0,pop,identity,0,0,False
2,2026092800,mert_v1,ambient_balanced,1.0,ambient,0.01,0,0,False
2,2026092800,mert_v1,ambient_balanced,1.0,rock,1.0,0,0,False
2,2026092800,mert_v1,unweighted,0.25,electronic,identity,0,0,False
2,2026092800,mert_v1,unweighted,0.25,pop,identity,0,0,False
2,2026092800,mert_v1,unweighted,0.25,ambient,identity,0,0,False
2,2026092800,mert_v1,unweighted,0.25,rock,0.1,0,0,False
2,2026092800,mert_v1,unweighted,0.5,electronic,0.1,0,0,False
2,2026092800,mert_v1,unweighted,0.5,pop,identity,0,0,False
2,2026092800,mert_v1,unweighted,0.5,ambient,identity,0,0,False
2,2026092800,mert_v1,unweighted,0.5,rock,1.0,0,0,False
2,2026092800,mert_v1,unweighted,1.0,electronic,1.0,0,0,False
2,2026092800,mert_v1,unweighted,1.0,pop,identity,0,0,False
2,2026092800,mert_v1,unweighted,1.0,ambient,identity,0,0,False
2,2026092800,mert_v1,unweighted,1.0,rock,1.0,0,0,False
2,2026092801,maest,ambient_balanced,0.25,electronic,identity,0,0,False
2,2026092801,maest,ambient_balanced,0.25,pop,identity,0,0,False
2,2026092801,maest,ambient_balanced,0.25,ambient,1.0,0,0,False
2,2026092801,maest,ambient_balanced,0.25,rock,1.0,0,0,False
2,2026092801,maest,ambient_balanced,0.5,electronic,identity,0,0,False
2,2026092801,maest,ambient_balanced,0.5,pop,0.01,0,0,False
2,2026092801,maest,ambient_balanced,0.5,ambient,0.0,0,0,False
2,2026092801,maest,ambient_balanced,0.5,rock,0.1,0,0,False
2,2026092801,maest,ambient_balanced,1.0,electronic,identity,0,0,False
2,2026092801,maest,ambient_balanced,1.0,pop,identity,0,0,False
2,2026092801,maest,ambient_balanced,1.0,ambient,0.001,0,0,False
2,2026092801,maest,ambient_balanced,1.0,rock,identity,0,0,False
2,2026092801,maest,unweighted,0.25,electronic,identity,0,0,False
2,2026092801,maest,unweighted,0.25,pop,identity,0,0,False
2,2026092801,maest,unweighted,0.25,ambient,identity,0,0,False
2,2026092801,maest,unweighted,0.25,rock,1.0,0,0,False
2,2026092801,maest,unweighted,0.5,electronic,identity,0,0,False
2,2026092801,maest,unweighted,0.5,pop,0.01,0,0,False
2,2026092801,maest,unweighted,0.5,ambient,identity,0,0,False
2,2026092801,maest,unweighted,0.5,rock,0.1,0,0,False
2,2026092801,maest,unweighted,1.0,electronic,identity,0,0,False
2,2026092801,maest,unweighted,1.0,pop,identity,0,0,False
2,2026092801,maest,unweighted,1.0,ambient,0.01,0,0,False
2,2026092801,maest,unweighted,1.0,rock,identity,0,0,False
2,2026092801,mert_v0,ambient_balanced,0.25,electronic,0.01,0,0,False
2,2026092801,mert_v0,ambient_balanced,0.25,pop,0.001,0,0,False
2,2026092801,mert_v0,ambient_balanced,0.25,ambient,1.0,0,0,False
2,2026092801,mert_v0,ambient_balanced,0.25,rock,0.01,0,0,False
2,2026092801,mert_v0,ambient_balanced,0.5,electronic,0.1,0,0,False
2,2026092801,mert_v0,ambient_balanced,0.5,pop,0.0,0,0,False
2,2026092801,mert_v0,ambient_balanced,0.5,ambient,0.0,0,0,False
2,2026092801,mert_v0,ambient_balanced,0.5,rock,0.01,0,0,False
2,2026092801,mert_v0,ambient_balanced,1.0,electronic,identity,0,0,False
2,2026092801,mert_v0,ambient_balanced,1.0,pop,identity,0,0,False
2,2026092801,mert_v0,ambient_balanced,1.0,ambient,0.01,0,0,False
2,2026092801,mert_v0,ambient_balanced,1.0,rock,0.001,0,0,False
2,2026092801,mert_v0,unweighted,0.25,electronic,0.01,0,0,False
2,2026092801,mert_v0,unweighted,0.25,pop,0.001,0,0,False
2,2026092801,mert_v0,unweighted,0.25,ambient,identity,0,0,False
2,2026092801,mert_v0,unweighted,0.25,rock,0.01,0,0,False
2,2026092801,mert_v0,unweighted,0.5,electronic,0.1,0,0,False
2,2026092801,mert_v0,unweighted,0.5,pop,0.0,0,0,False
2,2026092801,mert_v0,unweighted,0.5,ambient,identity,0,0,False
2,2026092801,mert_v0,unweighted,0.5,rock,0.01,0,0,False
2,2026092801,mert_v0,unweighted,1.0,electronic,identity,0,0,False
2,2026092801,mert_v0,unweighted,1.0,pop,identity,0,0,False
2,2026092801,mert_v0,unweighted,1.0,ambient,0.01,0,0,False
2,2026092801,mert_v0,unweighted,1.0,rock,0.001,0,0,False
2,2026092801,mert_v1,ambient_balanced,0.25,electronic,identity,0,0,False
2,2026092801,mert_v1,ambient_balanced,0.25,pop,0.001,0,0,False
2,2026092801,mert_v1,ambient_balanced,0.25,ambient,1.0,0,0,False
2,2026092801,mert_v1,ambient_balanced,0.25,rock,0.01,0,0,False
2,2026092801,mert_v1,ambient_balanced,0.5,electronic,0.1,0,0,False
2,2026092801,mert_v1,ambient_balanced,0.5,pop,0.01,0,0,False
2,2026092801,mert_v1,ambient_balanced,0.5,ambient,0.0,0,0,False
2,2026092801,mert_v1,ambient_balanced,0.5,rock,0.1,0,0,False
2,2026092801,mert_v1,ambient_balanced,1.0,electronic,0.1,0,0,False
2,2026092801,mert_v1,ambient_balanced,1.0,pop,identity,0,0,False
2,2026092801,mert_v1,ambient_balanced,1.0,ambient,0.01,0,0,False
2,2026092801,mert_v1,ambient_balanced,1.0,rock,0.1,0,0,False
2,2026092801,mert_v1,unweighted,0.25,electronic,identity,0,0,False
2,2026092801,mert_v1,unweighted,0.25,pop,0.001,0,0,False
2,2026092801,mert_v1,unweighted,0.25,ambient,identity,0,0,False
2,2026092801,mert_v1,unweighted,0.25,rock,0.01,0,0,False
2,2026092801,mert_v1,unweighted,0.5,electronic,0.1,0,0,False
2,2026092801,mert_v1,unweighted,0.5,pop,0.01,0,0,False
2,2026092801,mert_v1,unweighted,0.5,ambient,identity,0,0,False
2,2026092801,mert_v1,unweighted,0.5,rock,0.1,0,0,False
2,2026092801,mert_v1,unweighted,1.0,electronic,0.1,0,0,False
2,2026092801,mert_v1,unweighted,1.0,pop,identity,0,0,False
2,2026092801,mert_v1,unweighted,1.0,ambient,1.0,0,0,False
2,2026092801,mert_v1,unweighted,1.0,rock,0.1,0,0,False
2,2026092802,maest,ambient_balanced,0.25,electronic,0.1,0,0,False
2,2026092802,maest,ambient_balanced,0.25,pop,identity,0,0,False
2,2026092802,maest,ambient_balanced,0.25,ambient,0.001,0,0,False
2,2026092802,maest,ambient_balanced,0.25,rock,identity,0,0,False
2,2026092802,maest,ambient_balanced,0.5,electronic,identity,0,0,False
2,2026092802,maest,ambient_balanced,0.5,pop,0.1,0,0,False
2,2026092802,maest,ambient_balanced,0.5,ambient,0.0,0,0,False
2,2026092802,maest,ambient_balanced,0.5,rock,identity,0,0,False
2,2026092802,maest,ambient_balanced,1.0,electronic,identity,0,0,False
2,2026092802,maest,ambient_balanced,1.0,pop,identity,0,0,False
2,2026092802,maest,ambient_balanced,1.0,ambient,0.01,0,0,False
2,2026092802,maest,ambient_balanced,1.0,rock,identity,0,0,False
2,2026092802,maest,unweighted,0.25,electronic,0.1,0,0,False
2,2026092802,maest,unweighted,0.25,pop,identity,0,0,False
2,2026092802,maest,unweighted,0.25,ambient,0.01,0,0,False
2,2026092802,maest,unweighted,0.25,rock,identity,0,0,False
2,2026092802,maest,unweighted,0.5,electronic,identity,0,0,False
2,2026092802,maest,unweighted,0.5,pop,0.1,0,0,False
2,2026092802,maest,unweighted,0.5,ambient,0.0,0,0,False
2,2026092802,maest,unweighted,0.5,rock,identity,0,0,False
2,2026092802,maest,unweighted,1.0,electronic,identity,0,0,False
2,2026092802,maest,unweighted,1.0,pop,identity,0,0,False
2,2026092802,maest,unweighted,1.0,ambient,identity,0,0,False
2,2026092802,maest,unweighted,1.0,rock,identity,0,0,False
2,2026092802,mert_v0,ambient_balanced,0.25,electronic,identity,0,0,False
2,2026092802,mert_v0,ambient_balanced,0.25,pop,identity,0,0,False
2,2026092802,mert_v0,ambient_balanced,0.25,ambient,0.01,0,0,False
2,2026092802,mert_v0,ambient_balanced,0.25,rock,identity,0,0,False
2,2026092802,mert_v0,ambient_balanced,0.5,electronic,identity,0,0,False
2,2026092802,mert_v0,ambient_balanced,0.5,pop,0.1,0,0,False
2,2026092802,mert_v0,ambient_balanced,0.5,ambient,0.0,0,0,False
2,2026092802,mert_v0,ambient_balanced,0.5,rock,identity,0,0,False
2,2026092802,mert_v0,ambient_balanced,1.0,electronic,identity,0,0,False
2,2026092802,mert_v0,ambient_balanced,1.0,pop,identity,0,0,False
2,2026092802,mert_v0,ambient_balanced,1.0,ambient,0.01,0,0,False
2,2026092802,mert_v0,ambient_balanced,1.0,rock,0.001,0,0,False
2,2026092802,mert_v0,unweighted,0.25,electronic,identity,0,0,False
2,2026092802,mert_v0,unweighted,0.25,pop,identity,0,0,False
2,2026092802,mert_v0,unweighted,0.25,ambient,0.1,0,0,False
2,2026092802,mert_v0,unweighted,0.25,rock,identity,0,0,False
2,2026092802,mert_v0,unweighted,0.5,electronic,identity,0,0,False
2,2026092802,mert_v0,unweighted,0.5,pop,0.1,0,0,False
2,2026092802,mert_v0,unweighted,0.5,ambient,0.0,0,0,False
2,2026092802,mert_v0,unweighted,0.5,rock,identity,0,0,False
2,2026092802,mert_v0,unweighted,1.0,electronic,identity,0,0,False
2,2026092802,mert_v0,unweighted,1.0,pop,identity,0,0,False
2,2026092802,mert_v0,unweighted,1.0,ambient,identity,0,0,False
2,2026092802,mert_v0,unweighted,1.0,rock,0.001,0,0,False
2,2026092802,mert_v1,ambient_balanced,0.25,electronic,identity,0,0,False
2,2026092802,mert_v1,ambient_balanced,0.25,pop,identity,0,0,False
2,2026092802,mert_v1,ambient_balanced,0.25,ambient,0.01,0,0,False
2,2026092802,mert_v1,ambient_balanced,0.25,rock,identity,0,0,False
2,2026092802,mert_v1,ambient_balanced,0.5,electronic,identity,0,0,False
2,2026092802,mert_v1,ambient_balanced,0.5,pop,0.1,0,0,False
2,2026092802,mert_v1,ambient_balanced,0.5,ambient,0.0,0,0,False
2,2026092802,mert_v1,ambient_balanced,0.5,rock,identity,0,0,False
2,2026092802,mert_v1,ambient_balanced,1.0,electronic,0.1,0,0,False
2,2026092802,mert_v1,ambient_balanced,1.0,pop,identity,0,0,False
2,2026092802,mert_v1,ambient_balanced,1.0,ambient,0.01,0,0,False
2,2026092802,mert_v1,ambient_balanced,1.0,rock,0.0,0,0,False
2,2026092802,mert_v1,unweighted,0.25,electronic,identity,0,0,False
2,2026092802,mert_v1,unweighted,0.25,pop,identity,0,0,False
2,2026092802,mert_v1,unweighted,0.25,ambient,0.01,0,0,False
2,2026092802,mert_v1,unweighted,0.25,rock,identity,0,0,False
2,2026092802,mert_v1,unweighted,0.5,electronic,identity,0,0,False
2,2026092802,mert_v1,unweighted,0.5,pop,0.1,0,0,False
2,2026092802,mert_v1,unweighted,0.5,ambient,0.0,0,0,False
2,2026092802,mert_v1,unweighted,0.5,rock,identity,0,0,False
2,2026092802,mert_v1,unweighted,1.0,electronic,0.1,0,0,False
2,2026092802,mert_v1,unweighted,1.0,pop,identity,0,0,False
2,2026092802,mert_v1,unweighted,1.0,ambient,identity,0,0,False
2,2026092802,mert_v1,unweighted,1.0,rock,0.0,0,0,False
2,2026092803,maest,ambient_balanced,0.25,electronic,0.01,0,0,False
2,2026092803,maest,ambient_balanced,0.25,pop,identity,0,0,False
2,2026092803,maest,ambient_balanced,0.25,ambient,0.1,0,0,False
2,2026092803,maest,ambient_balanced,0.25,rock,identity,0,0,False
2,2026092803,maest,ambient_balanced,0.5,electronic,0.1,0,0,False
2,2026092803,maest,ambient_balanced,0.5,pop,identity,0,0,False
2,2026092803,maest,ambient_balanced,0.5,ambient,0.001,0,0,False
2,2026092803,maest,ambient_balanced,0.5,rock,0.1,0,0,False
2,2026092803,maest,ambient_balanced,1.0,electronic,identity,0,0,False
2,2026092803,maest,ambient_balanced,1.0,pop,0.01,0,0,False
2,2026092803,maest,ambient_balanced,1.0,ambient,0.01,0,0,False
2,2026092803,maest,ambient_balanced,1.0,rock,identity,0,0,False
2,2026092803,maest,unweighted,0.25,electronic,0.01,0,0,False
2,2026092803,maest,unweighted,0.25,pop,identity,0,0,False
2,2026092803,maest,unweighted,0.25,ambient,identity,0,0,False
2,2026092803,maest,unweighted,0.25,rock,identity,0,0,False
2,2026092803,maest,unweighted,0.5,electronic,0.1,0,0,False
2,2026092803,maest,unweighted,0.5,pop,identity,0,0,False
2,2026092803,maest,unweighted,0.5,ambient,0.001,0,0,False
2,2026092803,maest,unweighted,0.5,rock,0.1,0,0,False
2,2026092803,maest,unweighted,1.0,electronic,identity,0,0,False
2,2026092803,maest,unweighted,1.0,pop,0.01,0,0,False
2,2026092803,maest,unweighted,1.0,ambient,identity,0,0,False
2,2026092803,maest,unweighted,1.0,rock,identity,0,0,False
2,2026092803,mert_v0,ambient_balanced,0.25,electronic,0.1,0,0,False
2,2026092803,mert_v0,ambient_balanced,0.25,pop,identity,0,0,False
2,2026092803,mert_v0,ambient_balanced,0.25,ambient,0.1,0,0,False
2,2026092803,mert_v0,ambient_balanced,0.25,rock,identity,0,0,False
2,2026092803,mert_v0,ambient_balanced,0.5,electronic,0.01,0,0,False
2,2026092803,mert_v0,ambient_balanced,0.5,pop,identity,0,0,False
2,2026092803,mert_v0,ambient_balanced,0.5,ambient,0.01,0,0,False
2,2026092803,mert_v0,ambient_balanced,0.5,rock,0.1,0,0,False
2,2026092803,mert_v0,ambient_balanced,1.0,electronic,identity,0,0,False
2,2026092803,mert_v0,ambient_balanced,1.0,pop,identity,0,0,False
2,2026092803,mert_v0,ambient_balanced,1.0,ambient,0.01,0,0,False
2,2026092803,mert_v0,ambient_balanced,1.0,rock,identity,0,0,False
2,2026092803,mert_v0,unweighted,0.25,electronic,0.1,0,0,False
2,2026092803,mert_v0,unweighted,0.25,pop,identity,0,0,False
2,2026092803,mert_v0,unweighted,0.25,ambient,identity,0,0,False
2,2026092803,mert_v0,unweighted,0.25,rock,identity,0,0,False
2,2026092803,mert_v0,unweighted,0.5,electronic,0.01,0,0,False
2,2026092803,mert_v0,unweighted,0.5,pop,identity,0,0,False
2,2026092803,mert_v0,unweighted,0.5,ambient,0.01,0,0,False
2,2026092803,mert_v0,unweighted,0.5,rock,0.1,0,0,False
2,2026092803,mert_v0,unweighted,1.0,electronic,identity,0,0,False
2,2026092803,mert_v0,unweighted,1.0,pop,identity,0,0,False
2,2026092803,mert_v0,unweighted,1.0,ambient,identity,0,0,False
2,2026092803,mert_v0,unweighted,1.0,rock,identity,0,0,False
2,2026092803,mert_v1,ambient_balanced,0.25,electronic,0.1,0,0,False
2,2026092803,mert_v1,ambient_balanced,0.25,pop,identity,0,0,False
2,2026092803,mert_v1,ambient_balanced,0.25,ambient,0.001,0,0,False
2,2026092803,mert_v1,ambient_balanced,0.25,rock,identity,0,0,False
2,2026092803,mert_v1,ambient_balanced,0.5,electronic,0.01,0,0,False
2,2026092803,mert_v1,ambient_balanced,0.5,pop,identity,0,0,False
2,2026092803,mert_v1,ambient_balanced,0.5,ambient,0.01,0,0,False
2,2026092803,mert_v1,ambient_balanced,0.5,rock,0.1,0,0,False
2,2026092803,mert_v1,ambient_balanced,1.0,electronic,identity,0,0,False
2,2026092803,mert_v1,ambient_balanced,1.0,pop,identity,0,0,False
2,2026092803,mert_v1,ambient_balanced,1.0,ambient,0.01,0,0,False
2,2026092803,mert_v1,ambient_balanced,1.0,rock,identity,0,0,False
2,2026092803,mert_v1,unweighted,0.25,electronic,0.1,0,0,False
2,2026092803,mert_v1,unweighted,0.25,pop,identity,0,0,False
2,2026092803,mert_v1,unweighted,0.25,ambient,identity,0,0,False
2,2026092803,mert_v1,unweighted,0.25,rock,identity,0,0,False
2,2026092803,mert_v1,unweighted,0.5,electronic,0.01,0,0,False
2,2026092803,mert_v1,unweighted,0.5,pop,identity,0,0,False
2,2026092803,mert_v1,unweighted,0.5,ambient,0.01,0,0,False
2,2026092803,mert_v1,unweighted,0.5,rock,0.1,0,0,False
2,2026092803,mert_v1,unweighted,1.0,electronic,identity,0,0,False
2,2026092803,mert_v1,unweighted,1.0,pop,identity,0,0,False
2,2026092803,mert_v1,unweighted,1.0,ambient,identity,0,0,False
2,2026092803,mert_v1,unweighted,1.0,rock,identity,0,0,False
2,2026092804,maest,ambient_balanced,0.25,electronic,0.1,0,0,False
2,2026092804,maest,ambient_balanced,0.25,pop,identity,0,0,False
2,2026092804,maest,ambient_balanced,0.25,ambient,0.01,0,0,False
2,2026092804,maest,ambient_balanced,0.25,rock,identity,0,0,False
2,2026092804,maest,ambient_balanced,0.5,electronic,identity,0,0,False
2,2026092804,maest,ambient_balanced,0.5,pop,0.1,0,0,False
2,2026092804,maest,ambient_balanced,0.5,ambient,0.01,0,0,False
2,2026092804,maest,ambient_balanced,0.5,rock,identity,0,0,False
2,2026092804,maest,ambient_balanced,1.0,electronic,0.1,0,0,False
2,2026092804,maest,ambient_balanced,1.0,pop,identity,0,0,False
2,2026092804,maest,ambient_balanced,1.0,ambient,0.0,0,0,False
2,2026092804,maest,ambient_balanced,1.0,rock,0.01,0,0,False
2,2026092804,maest,unweighted,0.25,electronic,0.1,0,0,False
2,2026092804,maest,unweighted,0.25,pop,identity,0,0,False
2,2026092804,maest,unweighted,0.25,ambient,identity,0,0,False
2,2026092804,maest,unweighted,0.25,rock,identity,0,0,False
2,2026092804,maest,unweighted,0.5,electronic,identity,0,0,False
2,2026092804,maest,unweighted,0.5,pop,0.1,0,0,False
2,2026092804,maest,unweighted,0.5,ambient,identity,0,0,False
2,2026092804,maest,unweighted,0.5,rock,identity,0,0,False
2,2026092804,maest,unweighted,1.0,electronic,0.1,0,0,False
2,2026092804,maest,unweighted,1.0,pop,identity,0,0,False
2,2026092804,maest,unweighted,1.0,ambient,identity,0,0,False
2,2026092804,maest,unweighted,1.0,rock,0.01,0,0,False
2,2026092804,mert_v0,ambient_balanced,0.25,electronic,0.01,0,0,False
2,2026092804,mert_v0,ambient_balanced,0.25,pop,identity,0,0,False
2,2026092804,mert_v0,ambient_balanced,0.25,ambient,0.01,0,0,False
2,2026092804,mert_v0,ambient_balanced,0.25,rock,identity,0,0,False
2,2026092804,mert_v0,ambient_balanced,0.5,electronic,identity,0,0,False
2,2026092804,mert_v0,ambient_balanced,0.5,pop,0.1,0,0,False
2,2026092804,mert_v0,ambient_balanced,0.5,ambient,0.01,0,0,False
2,2026092804,mert_v0,ambient_balanced,0.5,rock,identity,0,0,False
2,2026092804,mert_v0,ambient_balanced,1.0,electronic,1.0,0,0,False
2,2026092804,mert_v0,ambient_balanced,1.0,pop,identity,0,0,False
2,2026092804,mert_v0,ambient_balanced,1.0,ambient,0.001,0,0,False
2,2026092804,mert_v0,ambient_balanced,1.0,rock,0.1,0,0,False
2,2026092804,mert_v0,unweighted,0.25,electronic,0.01,0,0,False
2,2026092804,mert_v0,unweighted,0.25,pop,identity,0,0,False
2,2026092804,mert_v0,unweighted,0.25,ambient,identity,0,0,False
2,2026092804,mert_v0,unweighted,0.25,rock,identity,0,0,False
2,2026092804,mert_v0,unweighted,0.5,electronic,identity,0,0,False
2,2026092804,mert_v0,unweighted,0.5,pop,0.1,0,0,False
2,2026092804,mert_v0,unweighted,0.5,ambient,identity,0,0,False
2,2026092804,mert_v0,unweighted,0.5,rock,identity,0,0,False
2,2026092804,mert_v0,unweighted,1.0,electronic,1.0,0,0,False
2,2026092804,mert_v0,unweighted,1.0,pop,identity,0,0,False
2,2026092804,mert_v0,unweighted,1.0,ambient,identity,0,0,False
2,2026092804,mert_v0,unweighted,1.0,rock,0.1,0,0,False
2,2026092804,mert_v1,ambient_balanced,0.25,electronic,0.01,0,0,False
2,2026092804,mert_v1,ambient_balanced,0.25,pop,identity,0,0,False
2,2026092804,mert_v1,ambient_balanced,0.25,ambient,0.0,0,0,False
2,2026092804,mert_v1,ambient_balanced,0.25,rock,identity,0,0,False
2,2026092804,mert_v1,ambient_balanced,0.5,electronic,identity,0,0,False
2,2026092804,mert_v1,ambient_balanced,0.5,pop,0.1,0,0,False
2,2026092804,mert_v1,ambient_balanced,0.5,ambient,0.01,0,0,False
2,2026092804,mert_v1,ambient_balanced,0.5,rock,identity,0,0,False
2,2026092804,mert_v1,ambient_balanced,1.0,electronic,identity,0,0,False
2,2026092804,mert_v1,ambient_balanced,1.0,pop,identity,0,0,False
2,2026092804,mert_v1,ambient_balanced,1.0,ambient,0.001,0,0,False
2,2026092804,mert_v1,ambient_balanced,1.0,rock,0.1,0,0,False
2,2026092804,mert_v1,unweighted,0.25,electronic,0.01,0,0,False
2,2026092804,mert_v1,unweighted,0.25,pop,identity,0,0,False
2,2026092804,mert_v1,unweighted,0.25,ambient,0.0,0,0,False
2,2026092804,mert_v1,unweighted,0.25,rock,identity,0,0,False
2,2026092804,mert_v1,unweighted,0.5,electronic,identity,0,0,False
2,2026092804,mert_v1,unweighted,0.5,pop,0.1,0,0,False
2,2026092804,mert_v1,unweighted,0.5,ambient,identity,0,0,False
2,2026092804,mert_v1,unweighted,0.5,rock,identity,0,0,False
2,2026092804,mert_v1,unweighted,1.0,electronic,identity,0,0,False
2,2026092804,mert_v1,unweighted,1.0,pop,identity,0,0,False
2,2026092804,mert_v1,unweighted,1.0,ambient,1.0,0,0,False
2,2026092804,mert_v1,unweighted,1.0,rock,0.1,0,0,False
2,2026092805,maest,ambient_balanced,0.25,electronic,identity,0,0,False
2,2026092805,maest,ambient_balanced,0.25,pop,identity,0,0,False
2,2026092805,maest,ambient_balanced,0.25,ambient,0.01,0,0,False
2,2026092805,maest,ambient_balanced,0.25,rock,identity,0,0,False
2,2026092805,maest,ambient_balanced,0.5,electronic,identity,0,0,False
2,2026092805,maest,ambient_balanced,0.5,pop,identity,0,0,False
2,2026092805,maest,ambient_balanced,0.5,ambient,0.1,0,0,False
2,2026092805,maest,ambient_balanced,0.5,rock,identity,0,0,False
2,2026092805,maest,ambient_balanced,1.0,electronic,identity,0,0,False
2,2026092805,maest,ambient_balanced,1.0,pop,identity,0,0,False
2,2026092805,maest,ambient_balanced,1.0,ambient,0.01,0,0,False
2,2026092805,maest,ambient_balanced,1.0,rock,identity,0,0,False
2,2026092805,maest,unweighted,0.25,electronic,identity,0,0,False
2,2026092805,maest,unweighted,0.25,pop,identity,0,0,False
2,2026092805,maest,unweighted,0.25,ambient,identity,0,0,False
2,2026092805,maest,unweighted,0.25,rock,identity,0,0,False
2,2026092805,maest,unweighted,0.5,electronic,identity,0,0,False
2,2026092805,maest,unweighted,0.5,pop,identity,0,0,False
2,2026092805,maest,unweighted,0.5,ambient,identity,0,0,False
2,2026092805,maest,unweighted,0.5,rock,identity,0,0,False
2,2026092805,maest,unweighted,1.0,electronic,identity,0,0,False
2,2026092805,maest,unweighted,1.0,pop,identity,0,0,False
2,2026092805,maest,unweighted,1.0,ambient,identity,0,0,False
2,2026092805,maest,unweighted,1.0,rock,identity,0,0,False
2,2026092805,mert_v0,ambient_balanced,0.25,electronic,identity,0,0,False
2,2026092805,mert_v0,ambient_balanced,0.25,pop,identity,0,0,False
2,2026092805,mert_v0,ambient_balanced,0.25,ambient,0.1,0,0,False
2,2026092805,mert_v0,ambient_balanced,0.25,rock,identity,0,0,False
2,2026092805,mert_v0,ambient_balanced,0.5,electronic,identity,0,0,False
2,2026092805,mert_v0,ambient_balanced,0.5,pop,identity,0,0,False
2,2026092805,mert_v0,ambient_balanced,0.5,ambient,0.1,0,0,False
2,2026092805,mert_v0,ambient_balanced,0.5,rock,identity,0,0,False
2,2026092805,mert_v0,ambient_balanced,1.0,electronic,1.0,0,0,False
2,2026092805,mert_v0,ambient_balanced,1.0,pop,identity,0,0,False
2,2026092805,mert_v0,ambient_balanced,1.0,ambient,0.01,0,0,False
2,2026092805,mert_v0,ambient_balanced,1.0,rock,0.01,0,0,False
2,2026092805,mert_v0,unweighted,0.25,electronic,identity,0,0,False
2,2026092805,mert_v0,unweighted,0.25,pop,identity,0,0,False
2,2026092805,mert_v0,unweighted,0.25,ambient,identity,0,0,False
2,2026092805,mert_v0,unweighted,0.25,rock,identity,0,0,False
2,2026092805,mert_v0,unweighted,0.5,electronic,identity,0,0,False
2,2026092805,mert_v0,unweighted,0.5,pop,identity,0,0,False
2,2026092805,mert_v0,unweighted,0.5,ambient,identity,0,0,False
2,2026092805,mert_v0,unweighted,0.5,rock,identity,0,0,False
2,2026092805,mert_v0,unweighted,1.0,electronic,1.0,0,0,False
2,2026092805,mert_v0,unweighted,1.0,pop,identity,0,0,False
2,2026092805,mert_v0,unweighted,1.0,ambient,identity,0,0,False
2,2026092805,mert_v0,unweighted,1.0,rock,0.01,0,0,False
2,2026092805,mert_v1,ambient_balanced,0.25,electronic,identity,0,0,False
2,2026092805,mert_v1,ambient_balanced,0.25,pop,identity,0,0,False
2,2026092805,mert_v1,ambient_balanced,0.25,ambient,0.01,0,0,False
2,2026092805,mert_v1,ambient_balanced,0.25,rock,identity,0,0,False
2,2026092805,mert_v1,ambient_balanced,0.5,electronic,identity,0,0,False
2,2026092805,mert_v1,ambient_balanced,0.5,pop,identity,0,0,False
2,2026092805,mert_v1,ambient_balanced,0.5,ambient,0.01,0,0,False
2,2026092805,mert_v1,ambient_balanced,0.5,rock,identity,0,0,False
2,2026092805,mert_v1,ambient_balanced,1.0,electronic,0.01,0,0,False
2,2026092805,mert_v1,ambient_balanced,1.0,pop,identity,0,0,False
2,2026092805,mert_v1,ambient_balanced,1.0,ambient,0.01,0,0,False
2,2026092805,mert_v1,ambient_balanced,1.0,rock,0.01,0,0,False
2,2026092805,mert_v1,unweighted,0.25,electronic,identity,0,0,False
2,2026092805,mert_v1,unweighted,0.25,pop,identity,0,0,False
2,2026092805,mert_v1,unweighted,0.25,ambient,identity,0,0,False
2,2026092805,mert_v1,unweighted,0.25,rock,identity,0,0,False
2,2026092805,mert_v1,unweighted,0.5,electronic,identity,0,0,False
2,2026092805,mert_v1,unweighted,0.5,pop,identity,0,0,False
2,2026092805,mert_v1,unweighted,0.5,ambient,identity,0,0,False
2,2026092805,mert_v1,unweighted,0.5,rock,identity,0,0,False
2,2026092805,mert_v1,unweighted,1.0,electronic,0.01,0,0,False
2,2026092805,mert_v1,unweighted,1.0,pop,identity,0,0,False
2,2026092805,mert_v1,unweighted,1.0,ambient,identity,0,0,False
2,2026092805,mert_v1,unweighted,1.0,rock,0.01,0,0,False
2,2026092806,maest,ambient_balanced,0.25,electronic,0.1,0,0,False
2,2026092806,maest,ambient_balanced,0.25,pop,identity,0,0,False
2,2026092806,maest,ambient_balanced,0.25,ambient,1.0,0,0,False
2,2026092806,maest,ambient_balanced,0.25,rock,0.1,0,0,False
2,2026092806,maest,ambient_balanced,0.5,electronic,1.0,0,0,False
2,2026092806,maest,ambient_balanced,0.5,pop,identity,0,0,False
2,2026092806,maest,ambient_balanced,0.5,ambient,identity,0,0,False
2,2026092806,maest,ambient_balanced,0.5,rock,0.1,0,0,False
2,2026092806,maest,ambient_balanced,1.0,electronic,identity,0,0,False
2,2026092806,maest,ambient_balanced,1.0,pop,identity,0,0,False
2,2026092806,maest,ambient_balanced,1.0,ambient,0.01,0,0,False
2,2026092806,maest,ambient_balanced,1.0,rock,identity,0,0,False
2,2026092806,maest,unweighted,0.25,electronic,0.1,0,0,False
2,2026092806,maest,unweighted,0.25,pop,identity,0,0,False
2,2026092806,maest,unweighted,0.25,ambient,identity,0,0,False
2,2026092806,maest,unweighted,0.25,rock,0.1,0,0,False
2,2026092806,maest,unweighted,0.5,electronic,1.0,0,0,False
2,2026092806,maest,unweighted,0.5,pop,identity,0,0,False
2,2026092806,maest,unweighted,0.5,ambient,identity,0,0,False
2,2026092806,maest,unweighted,0.5,rock,0.1,0,0,False
2,2026092806,maest,unweighted,1.0,electronic,identity,0,0,False
2,2026092806,maest,unweighted,1.0,pop,identity,0,0,False
2,2026092806,maest,unweighted,1.0,ambient,identity,0,0,False
2,2026092806,maest,unweighted,1.0,rock,identity,0,0,False
2,2026092806,mert_v0,ambient_balanced,0.25,electronic,0.01,0,0,False
2,2026092806,mert_v0,ambient_balanced,0.25,pop,1.0,0,0,False
2,2026092806,mert_v0,ambient_balanced,0.25,ambient,0.1,0,0,False
2,2026092806,mert_v0,ambient_balanced,0.25,rock,0.0,0,0,False
2,2026092806,mert_v0,ambient_balanced,0.5,electronic,identity,0,0,False
2,2026092806,mert_v0,ambient_balanced,0.5,pop,identity,0,0,False
2,2026092806,mert_v0,ambient_balanced,0.5,ambient,0.1,0,0,False
2,2026092806,mert_v0,ambient_balanced,0.5,rock,0.001,0,0,False
2,2026092806,mert_v0,ambient_balanced,1.0,electronic,identity,0,0,False
2,2026092806,mert_v0,ambient_balanced,1.0,pop,identity,0,0,False
2,2026092806,mert_v0,ambient_balanced,1.0,ambient,0.001,0,0,False
2,2026092806,mert_v0,ambient_balanced,1.0,rock,0.001,0,0,False
2,2026092806,mert_v0,unweighted,0.25,electronic,0.01,0,0,False
2,2026092806,mert_v0,unweighted,0.25,pop,1.0,0,0,False
2,2026092806,mert_v0,unweighted,0.25,ambient,identity,0,0,False
2,2026092806,mert_v0,unweighted,0.25,rock,0.0,0,0,False
2,2026092806,mert_v0,unweighted,0.5,electronic,identity,0,0,False
2,2026092806,mert_v0,unweighted,0.5,pop,identity,0,0,False
2,2026092806,mert_v0,unweighted,0.5,ambient,identity,0,0,False
2,2026092806,mert_v0,unweighted,0.5,rock,0.001,0,0,False
2,2026092806,mert_v0,unweighted,1.0,electronic,identity,0,0,False
2,2026092806,mert_v0,unweighted,1.0,pop,identity,0,0,False
2,2026092806,mert_v0,unweighted,1.0,ambient,0.1,0,0,False
2,2026092806,mert_v0,unweighted,1.0,rock,0.001,0,0,False
2,2026092806,mert_v1,ambient_balanced,0.25,electronic,0.01,0,0,False
2,2026092806,mert_v1,ambient_balanced,0.25,pop,1.0,0,0,False
2,2026092806,mert_v1,ambient_balanced,0.25,ambient,0.1,0,0,False
2,2026092806,mert_v1,ambient_balanced,0.25,rock,0.001,0,0,False
2,2026092806,mert_v1,ambient_balanced,0.5,electronic,identity,0,0,False
2,2026092806,mert_v1,ambient_balanced,0.5,pop,1.0,0,0,False
2,2026092806,mert_v1,ambient_balanced,0.5,ambient,0.1,0,0,False
2,2026092806,mert_v1,ambient_balanced,0.5,rock,0.001,0,0,False
2,2026092806,mert_v1,ambient_balanced,1.0,electronic,identity,0,0,False
2,2026092806,mert_v1,ambient_balanced,1.0,pop,identity,0,0,False
2,2026092806,mert_v1,ambient_balanced,1.0,ambient,0.001,0,0,False
2,2026092806,mert_v1,ambient_balanced,1.0,rock,0.0,0,0,False
2,2026092806,mert_v1,unweighted,0.25,electronic,0.01,0,0,False
2,2026092806,mert_v1,unweighted,0.25,pop,1.0,0,0,False
2,2026092806,mert_v1,unweighted,0.25,ambient,identity,0,0,False
2,2026092806,mert_v1,unweighted,0.25,rock,0.001,0,0,False
2,2026092806,mert_v1,unweighted,0.5,electronic,identity,0,0,False
2,2026092806,mert_v1,unweighted,0.5,pop,1.0,0,0,False
2,2026092806,mert_v1,unweighted,0.5,ambient,identity,0,0,False
2,2026092806,mert_v1,unweighted,0.5,rock,0.001,0,0,False
2,2026092806,mert_v1,unweighted,1.0,electronic,identity,0,0,False
2,2026092806,mert_v1,unweighted,1.0,pop,identity,0,0,False
2,2026092806,mert_v1,unweighted,1.0,ambient,0.1,0,0,False
2,2026092806,mert_v1,unweighted,1.0,rock,0.0,0,0,False
2,2026092807,maest,ambient_balanced,0.25,electronic,identity,0,0,False
2,2026092807,maest,ambient_balanced,0.25,pop,0.1,0,0,False
2,2026092807,maest,ambient_balanced,0.25,ambient,0.001,0,0,False
2,2026092807,maest,ambient_balanced,0.25,rock,0.01,0,0,False
2,2026092807,maest,ambient_balanced,0.5,electronic,identity,0,0,False
2,2026092807,maest,ambient_balanced,0.5,pop,identity,0,0,False
2,2026092807,maest,ambient_balanced,0.5,ambient,0.001,0,0,False
2,2026092807,maest,ambient_balanced,0.5,rock,identity,0,0,False
2,2026092807,maest,ambient_balanced,1.0,electronic,identity,0,0,False
2,2026092807,maest,ambient_balanced,1.0,pop,0.001,0,0,False
2,2026092807,maest,ambient_balanced,1.0,ambient,0.01,0,0,False
2,2026092807,maest,ambient_balanced,1.0,rock,identity,0,0,False
2,2026092807,maest,unweighted,0.25,electronic,identity,0,0,False
2,2026092807,maest,unweighted,0.25,pop,0.1,0,0,False
2,2026092807,maest,unweighted,0.25,ambient,0.001,0,0,False
2,2026092807,maest,unweighted,0.25,rock,0.01,0,0,False
2,2026092807,maest,unweighted,0.5,electronic,identity,0,0,False
2,2026092807,maest,unweighted,0.5,pop,identity,0,0,False
2,2026092807,maest,unweighted,0.5,ambient,0.001,0,0,False
2,2026092807,maest,unweighted,0.5,rock,identity,0,0,False
2,2026092807,maest,unweighted,1.0,electronic,identity,0,0,False
2,2026092807,maest,unweighted,1.0,pop,0.001,0,0,False
2,2026092807,maest,unweighted,1.0,ambient,identity,0,0,False
2,2026092807,maest,unweighted,1.0,rock,identity,0,0,False
2,2026092807,mert_v0,ambient_balanced,0.25,electronic,identity,0,0,False
2,2026092807,mert_v0,ambient_balanced,0.25,pop,0.1,0,0,False
2,2026092807,mert_v0,ambient_balanced,0.25,ambient,0.0,0,0,False
2,2026092807,mert_v0,ambient_balanced,0.25,rock,1.0,0,0,False
2,2026092807,mert_v0,ambient_balanced,0.5,electronic,identity,0,0,False
2,2026092807,mert_v0,ambient_balanced,0.5,pop,identity,0,0,False
2,2026092807,mert_v0,ambient_balanced,0.5,ambient,0.001,0,0,False
2,2026092807,mert_v0,ambient_balanced,0.5,rock,identity,0,0,False
2,2026092807,mert_v0,ambient_balanced,1.0,electronic,0.1,0,0,False
2,2026092807,mert_v0,ambient_balanced,1.0,pop,0.01,0,0,False
2,2026092807,mert_v0,ambient_balanced,1.0,ambient,0.01,0,0,False
2,2026092807,mert_v0,ambient_balanced,1.0,rock,1.0,0,0,False
2,2026092807,mert_v0,unweighted,0.25,electronic,identity,0,0,False
2,2026092807,mert_v0,unweighted,0.25,pop,0.1,0,0,False
2,2026092807,mert_v0,unweighted,0.25,ambient,0.01,0,0,False
2,2026092807,mert_v0,unweighted,0.25,rock,1.0,0,0,False
2,2026092807,mert_v0,unweighted,0.5,electronic,identity,0,0,False
2,2026092807,mert_v0,unweighted,0.5,pop,identity,0,0,False
2,2026092807,mert_v0,unweighted,0.5,ambient,0.001,0,0,False
2,2026092807,mert_v0,unweighted,0.5,rock,identity,0,0,False
2,2026092807,mert_v0,unweighted,1.0,electronic,0.1,0,0,False
2,2026092807,mert_v0,unweighted,1.0,pop,0.01,0,0,False
2,2026092807,mert_v0,unweighted,1.0,ambient,identity,0,0,False
2,2026092807,mert_v0,unweighted,1.0,rock,1.0,0,0,False
2,2026092807,mert_v1,ambient_balanced,0.25,electronic,identity,0,0,False
2,2026092807,mert_v1,ambient_balanced,0.25,pop,1.0,0,0,False
2,2026092807,mert_v1,ambient_balanced,0.25,ambient,0.0,0,0,False
2,2026092807,mert_v1,ambient_balanced,0.25,rock,1.0,0,0,False
2,2026092807,mert_v1,ambient_balanced,0.5,electronic,identity,0,0,False
2,2026092807,mert_v1,ambient_balanced,0.5,pop,identity,0,0,False
2,2026092807,mert_v1,ambient_balanced,0.5,ambient,0.001,0,0,False
2,2026092807,mert_v1,ambient_balanced,0.5,rock,identity,0,0,False
2,2026092807,mert_v1,ambient_balanced,1.0,electronic,0.1,0,0,False
2,2026092807,mert_v1,ambient_balanced,1.0,pop,0.1,0,0,False
2,2026092807,mert_v1,ambient_balanced,1.0,ambient,0.01,0,0,False
2,2026092807,mert_v1,ambient_balanced,1.0,rock,identity,0,0,False
2,2026092807,mert_v1,unweighted,0.25,electronic,identity,0,0,False
2,2026092807,mert_v1,unweighted,0.25,pop,1.0,0,0,False
2,2026092807,mert_v1,unweighted,0.25,ambient,0.0,0,0,False
2,2026092807,mert_v1,unweighted,0.25,rock,1.0,0,0,False
2,2026092807,mert_v1,unweighted,0.5,electronic,identity,0,0,False
2,2026092807,mert_v1,unweighted,0.5,pop,identity,0,0,False
2,2026092807,mert_v1,unweighted,0.5,ambient,0.001,0,0,False
2,2026092807,mert_v1,unweighted,0.5,rock,identity,0,0,False
2,2026092807,mert_v1,unweighted,1.0,electronic,0.1,0,0,False
2,2026092807,mert_v1,unweighted,1.0,pop,0.1,0,0,False
2,2026092807,mert_v1,unweighted,1.0,ambient,identity,0,0,False
2,2026092807,mert_v1,unweighted,1.0,rock,identity,0,0,False
2,2026092808,maest,ambient_balanced,0.25,electronic,0.0,0,0,False
2,2026092808,maest,ambient_balanced,0.25,pop,0.1,0,0,False
2,2026092808,maest,ambient_balanced,0.25,ambient,0.0,0,0,False
2,2026092808,maest,ambient_balanced,0.25,rock,0.0,0,0,False
2,2026092808,maest,ambient_balanced,0.5,electronic,identity,0,0,False
2,2026092808,maest,ambient_balanced,0.5,pop,identity,0,0,False
2,2026092808,maest,ambient_balanced,0.5,ambient,0.01,0,0,False
2,2026092808,maest,ambient_balanced,0.5,rock,identity,0,0,False
2,2026092808,maest,ambient_balanced,1.0,electronic,identity,0,0,False
2,2026092808,maest,ambient_balanced,1.0,pop,identity,0,0,False
2,2026092808,maest,ambient_balanced,1.0,ambient,0.01,0,0,False
2,2026092808,maest,ambient_balanced,1.0,rock,identity,0,0,False
2,2026092808,maest,unweighted,0.25,electronic,0.0,0,0,False
2,2026092808,maest,unweighted,0.25,pop,0.1,0,0,False
2,2026092808,maest,unweighted,0.25,ambient,0.1,0,0,False
2,2026092808,maest,unweighted,0.25,rock,0.0,0,0,False
2,2026092808,maest,unweighted,0.5,electronic,identity,0,0,False
2,2026092808,maest,unweighted,0.5,pop,identity,0,0,False
2,2026092808,maest,unweighted,0.5,ambient,identity,0,0,False
2,2026092808,maest,unweighted,0.5,rock,identity,0,0,False
2,2026092808,maest,unweighted,1.0,electronic,identity,0,0,False
2,2026092808,maest,unweighted,1.0,pop,identity,0,0,False
2,2026092808,maest,unweighted,1.0,ambient,identity,0,0,False
2,2026092808,maest,unweighted,1.0,rock,identity,0,0,False
2,2026092808,mert_v0,ambient_balanced,0.25,electronic,0.01,0,0,False
2,2026092808,mert_v0,ambient_balanced,0.25,pop,0.001,0,0,False
2,2026092808,mert_v0,ambient_balanced,0.25,ambient,0.01,0,0,False
2,2026092808,mert_v0,ambient_balanced,0.25,rock,identity,0,0,False
2,2026092808,mert_v0,ambient_balanced,0.5,electronic,identity,0,0,False
2,2026092808,mert_v0,ambient_balanced,0.5,pop,identity,0,0,False
2,2026092808,mert_v0,ambient_balanced,0.5,ambient,0.1,0,0,False
2,2026092808,mert_v0,ambient_balanced,0.5,rock,identity,0,0,False
2,2026092808,mert_v0,ambient_balanced,1.0,electronic,identity,0,0,False
2,2026092808,mert_v0,ambient_balanced,1.0,pop,0.001,0,0,False
2,2026092808,mert_v0,ambient_balanced,1.0,ambient,0.01,0,0,False
2,2026092808,mert_v0,ambient_balanced,1.0,rock,0.001,0,0,False
2,2026092808,mert_v0,unweighted,0.25,electronic,0.01,0,0,False
2,2026092808,mert_v0,unweighted,0.25,pop,0.001,0,0,False
2,2026092808,mert_v0,unweighted,0.25,ambient,identity,0,0,False
2,2026092808,mert_v0,unweighted,0.25,rock,identity,0,0,False
2,2026092808,mert_v0,unweighted,0.5,electronic,identity,0,0,False
2,2026092808,mert_v0,unweighted,0.5,pop,identity,0,0,False
2,2026092808,mert_v0,unweighted,0.5,ambient,identity,0,0,False
2,2026092808,mert_v0,unweighted,0.5,rock,identity,0,0,False
2,2026092808,mert_v0,unweighted,1.0,electronic,identity,0,0,False
2,2026092808,mert_v0,unweighted,1.0,pop,0.001,0,0,False
2,2026092808,mert_v0,unweighted,1.0,ambient,identity,0,0,False
2,2026092808,mert_v0,unweighted,1.0,rock,0.001,0,0,False
2,2026092808,mert_v1,ambient_balanced,0.25,electronic,0.01,0,0,False
2,2026092808,mert_v1,ambient_balanced,0.25,pop,0.001,0,0,False
2,2026092808,mert_v1,ambient_balanced,0.25,ambient,0.01,0,0,False
2,2026092808,mert_v1,ambient_balanced,0.25,rock,identity,0,0,False
2,2026092808,mert_v1,ambient_balanced,0.5,electronic,identity,0,0,False
2,2026092808,mert_v1,ambient_balanced,0.5,pop,identity,0,0,False
2,2026092808,mert_v1,ambient_balanced,0.5,ambient,0.1,0,0,False
2,2026092808,mert_v1,ambient_balanced,0.5,rock,identity,0,0,False
2,2026092808,mert_v1,ambient_balanced,1.0,electronic,identity,0,0,False
2,2026092808,mert_v1,ambient_balanced,1.0,pop,0.001,0,0,False
2,2026092808,mert_v1,ambient_balanced,1.0,ambient,0.01,0,0,False
2,2026092808,mert_v1,ambient_balanced,1.0,rock,identity,0,0,False
2,2026092808,mert_v1,unweighted,0.25,electronic,0.01,0,0,False
2,2026092808,mert_v1,unweighted,0.25,pop,0.001,0,0,False
2,2026092808,mert_v1,unweighted,0.25,ambient,identity,0,0,False
2,2026092808,mert_v1,unweighted,0.25,rock,identity,0,0,False
2,2026092808,mert_v1,unweighted,0.5,electronic,identity,0,0,False
2,2026092808,mert_v1,unweighted,0.5,pop,identity,0,0,False
2,2026092808,mert_v1,unweighted,0.5,ambient,identity,0,0,False
2,2026092808,mert_v1,unweighted,0.5,rock,identity,0,0,False
2,2026092808,mert_v1,unweighted,1.0,electronic,identity,0,0,False
2,2026092808,mert_v1,unweighted,1.0,pop,0.001,0,0,False
2,2026092808,mert_v1,unweighted,1.0,ambient,identity,0,0,False
2,2026092808,mert_v1,unweighted,1.0,rock,identity,0,0,False
2,2026092809,maest,ambient_balanced,0.25,electronic,identity,0,0,False
2,2026092809,maest,ambient_balanced,0.25,pop,0.1,0,0,False
2,2026092809,maest,ambient_balanced,0.25,ambient,0.001,0,0,False
2,2026092809,maest,ambient_balanced,0.25,rock,identity,0,0,False
2,2026092809,maest,ambient_balanced,0.5,electronic,0.1,0,0,False
2,2026092809,maest,ambient_balanced,0.5,pop,0.1,0,0,False
2,2026092809,maest,ambient_balanced,0.5,ambient,0.001,0,0,False
2,2026092809,maest,ambient_balanced,0.5,rock,1.0,0,0,False
2,2026092809,maest,ambient_balanced,1.0,electronic,identity,0,0,False
2,2026092809,maest,ambient_balanced,1.0,pop,0.01,0,0,False
2,2026092809,maest,ambient_balanced,1.0,ambient,0.01,0,0,False
2,2026092809,maest,ambient_balanced,1.0,rock,identity,0,0,False
2,2026092809,maest,unweighted,0.25,electronic,identity,0,0,False
2,2026092809,maest,unweighted,0.25,pop,0.1,0,0,False
2,2026092809,maest,unweighted,0.25,ambient,identity,0,0,False
2,2026092809,maest,unweighted,0.25,rock,identity,0,0,False
2,2026092809,maest,unweighted,0.5,electronic,0.1,0,0,False
2,2026092809,maest,unweighted,0.5,pop,0.1,0,0,False
2,2026092809,maest,unweighted,0.5,ambient,0.001,0,0,False
2,2026092809,maest,unweighted,0.5,rock,1.0,0,0,False
2,2026092809,maest,unweighted,1.0,electronic,identity,0,0,False
2,2026092809,maest,unweighted,1.0,pop,0.01,0,0,False
2,2026092809,maest,unweighted,1.0,ambient,identity,0,0,False
2,2026092809,maest,unweighted,1.0,rock,identity,0,0,False
2,2026092809,mert_v0,ambient_balanced,0.25,electronic,0.1,0,0,False
2,2026092809,mert_v0,ambient_balanced,0.25,pop,0.01,0,0,False
2,2026092809,mert_v0,ambient_balanced,0.25,ambient,0.0,0,0,False
2,2026092809,mert_v0,ambient_balanced,0.25,rock,identity,0,0,False
2,2026092809,mert_v0,ambient_balanced,0.5,electronic,0.0,0,0,False
2,2026092809,mert_v0,ambient_balanced,0.5,pop,0.01,0,0,False
2,2026092809,mert_v0,ambient_balanced,0.5,ambient,0.0,0,0,False
2,2026092809,mert_v0,ambient_balanced,0.5,rock,0.1,0,0,False
2,2026092809,mert_v0,ambient_balanced,1.0,electronic,0.0,0,0,False
2,2026092809,mert_v0,ambient_balanced,1.0,pop,0.01,0,0,False
2,2026092809,mert_v0,ambient_balanced,1.0,ambient,0.001,0,0,False
2,2026092809,mert_v0,ambient_balanced,1.0,rock,0.0,0,0,False
2,2026092809,mert_v0,unweighted,0.25,electronic,0.1,0,0,False
2,2026092809,mert_v0,unweighted,0.25,pop,0.01,0,0,False
2,2026092809,mert_v0,unweighted,0.25,ambient,0.0,0,0,False
2,2026092809,mert_v0,unweighted,0.25,rock,identity,0,0,False
2,2026092809,mert_v0,unweighted,0.5,electronic,0.0,0,0,False
2,2026092809,mert_v0,unweighted,0.5,pop,0.01,0,0,False
2,2026092809,mert_v0,unweighted,0.5,ambient,identity,0,0,False
2,2026092809,mert_v0,unweighted,0.5,rock,0.1,0,0,False
2,2026092809,mert_v0,unweighted,1.0,electronic,0.0,0,0,False
2,2026092809,mert_v0,unweighted,1.0,pop,0.01,0,0,False
2,2026092809,mert_v0,unweighted,1.0,ambient,identity,0,0,False
2,2026092809,mert_v0,unweighted,1.0,rock,0.0,0,0,False
2,2026092809,mert_v1,ambient_balanced,0.25,electronic,1.0,0,0,False
2,2026092809,mert_v1,ambient_balanced,0.25,pop,0.0,0,0,False
2,2026092809,mert_v1,ambient_balanced,0.25,ambient,0.0,0,0,False
2,2026092809,mert_v1,ambient_balanced,0.25,rock,identity,0,0,False
2,2026092809,mert_v1,ambient_balanced,0.5,electronic,0.001,0,0,False
2,2026092809,mert_v1,ambient_balanced,0.5,pop,0.001,0,0,False
2,2026092809,mert_v1,ambient_balanced,0.5,ambient,0.001,0,0,False
2,2026092809,mert_v1,ambient_balanced,0.5,rock,1.0,1,1,False
2,2026092809,mert_v1,ambient_balanced,1.0,electronic,0.0,0,0,False
2,2026092809,mert_v1,ambient_balanced,1.0,pop,0.01,0,0,False
2,2026092809,mert_v1,ambient_balanced,1.0,ambient,0.01,0,0,False
2,2026092809,mert_v1,ambient_balanced,1.0,rock,identity,0,0,False
2,2026092809,mert_v1,unweighted,0.25,electronic,1.0,0,0,False
2,2026092809,mert_v1,unweighted,0.25,pop,0.0,0,0,False
2,2026092809,mert_v1,unweighted,0.25,ambient,1.0,0,0,False
2,2026092809,mert_v1,unweighted,0.25,rock,identity,0,0,False
2,2026092809,mert_v1,unweighted,0.5,electronic,0.001,0,0,False
2,2026092809,mert_v1,unweighted,0.5,pop,0.001,0,0,False
2,2026092809,mert_v1,unweighted,0.5,ambient,identity,0,0,False
2,2026092809,mert_v1,unweighted,0.5,rock,1.0,1,1,False
2,2026092809,mert_v1,unweighted,1.0,electronic,0.0,0,0,False
2,2026092809,mert_v1,unweighted,1.0,pop,0.01,0,0,False
2,2026092809,mert_v1,unweighted,1.0,ambient,identity,0,0,False
2,2026092809,mert_v1,unweighted,1.0,rock,identity,0,0,False
2,2026092810,maest,ambient_balanced,0.25,electronic,identity,0,0,False
2,2026092810,maest,ambient_balanced,0.25,pop,0.01,0,0,False
2,2026092810,maest,ambient_balanced,0.25,ambient,0.01,0,0,False
2,2026092810,maest,ambient_balanced,0.25,rock,identity,0,0,False
2,2026092810,maest,ambient_balanced,0.5,electronic,0.1,0,0,False
2,2026092810,maest,ambient_balanced,0.5,pop,identity,0,0,False
2,2026092810,maest,ambient_balanced,0.5,ambient,0.01,0,0,False
2,2026092810,maest,ambient_balanced,0.5,rock,0.01,0,0,False
2,2026092810,maest,ambient_balanced,1.0,electronic,identity,0,0,False
2,2026092810,maest,ambient_balanced,1.0,pop,identity,0,0,False
2,2026092810,maest,ambient_balanced,1.0,ambient,0.001,0,0,False
2,2026092810,maest,ambient_balanced,1.0,rock,identity,0,0,False
2,2026092810,maest,unweighted,0.25,electronic,identity,0,0,False
2,2026092810,maest,unweighted,0.25,pop,0.01,0,0,False
2,2026092810,maest,unweighted,0.25,ambient,identity,0,0,False
2,2026092810,maest,unweighted,0.25,rock,identity,0,0,False
2,2026092810,maest,unweighted,0.5,electronic,0.1,0,0,False
2,2026092810,maest,unweighted,0.5,pop,identity,0,0,False
2,2026092810,maest,unweighted,0.5,ambient,identity,0,0,False
2,2026092810,maest,unweighted,0.5,rock,0.01,0,0,False
2,2026092810,maest,unweighted,1.0,electronic,identity,0,0,False
2,2026092810,maest,unweighted,1.0,pop,identity,0,0,False
2,2026092810,maest,unweighted,1.0,ambient,0.1,0,0,False
2,2026092810,maest,unweighted,1.0,rock,identity,0,0,False
2,2026092810,mert_v0,ambient_balanced,0.25,electronic,identity,0,0,False
2,2026092810,mert_v0,ambient_balanced,0.25,pop,0.001,0,0,False
2,2026092810,mert_v0,ambient_balanced,0.25,ambient,0.1,0,0,False
2,2026092810,mert_v0,ambient_balanced,0.25,rock,0.001,0,0,False
2,2026092810,mert_v0,ambient_balanced,0.5,electronic,0.01,0,0,False
2,2026092810,mert_v0,ambient_balanced,0.5,pop,identity,0,0,False
2,2026092810,mert_v0,ambient_balanced,0.5,ambient,0.1,1,0,False
2,2026092810,mert_v0,ambient_balanced,0.5,rock,0.0,0,0,False
2,2026092810,mert_v0,ambient_balanced,1.0,electronic,identity,0,0,False
2,2026092810,mert_v0,ambient_balanced,1.0,pop,0.001,0,0,False
2,2026092810,mert_v0,ambient_balanced,1.0,ambient,0.001,0,0,False
2,2026092810,mert_v0,ambient_balanced,1.0,rock,0.001,0,0,False
2,2026092810,mert_v0,unweighted,0.25,electronic,identity,0,0,False
2,2026092810,mert_v0,unweighted,0.25,pop,0.001,0,0,False
2,2026092810,mert_v0,unweighted,0.25,ambient,identity,0,0,False
2,2026092810,mert_v0,unweighted,0.25,rock,0.001,0,0,False
2,2026092810,mert_v0,unweighted,0.5,electronic,0.01,0,0,False
2,2026092810,mert_v0,unweighted,0.5,pop,identity,0,0,False
2,2026092810,mert_v0,unweighted,0.5,ambient,identity,0,0,False
2,2026092810,mert_v0,unweighted,0.5,rock,0.0,0,0,False
2,2026092810,mert_v0,unweighted,1.0,electronic,identity,0,0,False
2,2026092810,mert_v0,unweighted,1.0,pop,0.001,0,0,False
2,2026092810,mert_v0,unweighted,1.0,ambient,identity,0,0,False
2,2026092810,mert_v0,unweighted,1.0,rock,0.001,0,0,False
2,2026092810,mert_v1,ambient_balanced,0.25,electronic,identity,0,0,False
2,2026092810,mert_v1,ambient_balanced,0.25,pop,0.001,0,0,False
2,2026092810,mert_v1,ambient_balanced,0.25,ambient,0.1,0,0,False
2,2026092810,mert_v1,ambient_balanced,0.25,rock,0.001,0,0,False
2,2026092810,mert_v1,ambient_balanced,0.5,electronic,0.01,0,0,False
2,2026092810,mert_v1,ambient_balanced,0.5,pop,0.0,0,0,False
2,2026092810,mert_v1,ambient_balanced,0.5,ambient,0.1,0,0,False
2,2026092810,mert_v1,ambient_balanced,0.5,rock,0.001,0,0,False
2,2026092810,mert_v1,ambient_balanced,1.0,electronic,identity,0,0,False
2,2026092810,mert_v1,ambient_balanced,1.0,pop,0.01,0,0,False
2,2026092810,mert_v1,ambient_balanced,1.0,ambient,0.01,0,0,False
2,2026092810,mert_v1,ambient_balanced,1.0,rock,0.001,0,0,False
2,2026092810,mert_v1,unweighted,0.25,electronic,identity,0,0,False
2,2026092810,mert_v1,unweighted,0.25,pop,0.001,0,0,False
2,2026092810,mert_v1,unweighted,0.25,ambient,identity,0,0,False
2,2026092810,mert_v1,unweighted,0.25,rock,0.001,0,0,False
2,2026092810,mert_v1,unweighted,0.5,electronic,0.01,0,0,False
2,2026092810,mert_v1,unweighted,0.5,pop,0.0,0,0,False
2,2026092810,mert_v1,unweighted,0.5,ambient,identity,0,0,False
2,2026092810,mert_v1,unweighted,0.5,rock,0.001,0,0,False
2,2026092810,mert_v1,unweighted,1.0,electronic,identity,0,0,False
2,2026092810,mert_v1,unweighted,1.0,pop,0.01,0,0,False
2,2026092810,mert_v1,unweighted,1.0,ambient,identity,0,0,False
2,2026092810,mert_v1,unweighted,1.0,rock,0.001,0,0,False
2,2026092811,maest,ambient_balanced,0.25,electronic,0.1,0,0,False
2,2026092811,maest,ambient_balanced,0.25,pop,0.01,0,0,False
2,2026092811,maest,ambient_balanced,0.25,ambient,1.0,0,0,False
2,2026092811,maest,ambient_balanced,0.25,rock,0.1,0,0,False
2,2026092811,maest,ambient_balanced,0.5,electronic,identity,0,0,False
2,2026092811,maest,ambient_balanced,0.5,pop,identity,0,0,False
2,2026092811,maest,ambient_balanced,0.5,ambient,0.1,0,0,False
2,2026092811,maest,ambient_balanced,0.5,rock,0.1,0,0,False
2,2026092811,maest,ambient_balanced,1.0,electronic,identity,0,0,False
2,2026092811,maest,ambient_balanced,1.0,pop,identity,0,0,False
2,2026092811,maest,ambient_balanced,1.0,ambient,0.01,0,0,False
2,2026092811,maest,ambient_balanced,1.0,rock,identity,0,0,False
2,2026092811,maest,unweighted,0.25,electronic,0.1,0,0,False
2,2026092811,maest,unweighted,0.25,pop,0.01,0,0,False
2,2026092811,maest,unweighted,0.25,ambient,identity,0,0,False
2,2026092811,maest,unweighted,0.25,rock,0.1,0,0,False
2,2026092811,maest,unweighted,0.5,electronic,identity,0,0,False
2,2026092811,maest,unweighted,0.5,pop,identity,0,0,False
2,2026092811,maest,unweighted,0.5,ambient,identity,0,0,False
2,2026092811,maest,unweighted,0.5,rock,0.1,0,0,False
2,2026092811,maest,unweighted,1.0,electronic,identity,0,0,False
2,2026092811,maest,unweighted,1.0,pop,identity,0,0,False
2,2026092811,maest,unweighted,1.0,ambient,identity,0,0,False
2,2026092811,maest,unweighted,1.0,rock,identity,0,0,False
2,2026092811,mert_v0,ambient_balanced,0.25,electronic,identity,0,0,False
2,2026092811,mert_v0,ambient_balanced,0.25,pop,0.1,0,0,False
2,2026092811,mert_v0,ambient_balanced,0.25,ambient,0.1,0,0,False
2,2026092811,mert_v0,ambient_balanced,0.25,rock,0.01,0,0,False
2,2026092811,mert_v0,ambient_balanced,0.5,electronic,identity,0,0,False
2,2026092811,mert_v0,ambient_balanced,0.5,pop,0.1,0,0,False
2,2026092811,mert_v0,ambient_balanced,0.5,ambient,0.1,0,0,False
2,2026092811,mert_v0,ambient_balanced,0.5,rock,0.0,0,0,False
2,2026092811,mert_v0,ambient_balanced,1.0,electronic,0.0,0,0,False
2,2026092811,mert_v0,ambient_balanced,1.0,pop,identity,0,0,False
2,2026092811,mert_v0,ambient_balanced,1.0,ambient,0.01,0,0,False
2,2026092811,mert_v0,ambient_balanced,1.0,rock,0.01,0,0,False
2,2026092811,mert_v0,unweighted,0.25,electronic,identity,0,0,False
2,2026092811,mert_v0,unweighted,0.25,pop,0.1,0,0,False
2,2026092811,mert_v0,unweighted,0.25,ambient,identity,0,0,False
2,2026092811,mert_v0,unweighted,0.25,rock,0.01,0,0,False
2,2026092811,mert_v0,unweighted,0.5,electronic,identity,0,0,False
2,2026092811,mert_v0,unweighted,0.5,pop,0.1,0,0,False
2,2026092811,mert_v0,unweighted,0.5,ambient,identity,0,0,False
2,2026092811,mert_v0,unweighted,0.5,rock,0.0,0,0,False
2,2026092811,mert_v0,unweighted,1.0,electronic,0.0,0,0,False
2,2026092811,mert_v0,unweighted,1.0,pop,identity,0,0,False
2,2026092811,mert_v0,unweighted,1.0,ambient,identity,0,0,False
2,2026092811,mert_v0,unweighted,1.0,rock,0.01,0,0,False
2,2026092811,mert_v1,ambient_balanced,0.25,electronic,identity,0,0,False
2,2026092811,mert_v1,ambient_balanced,0.25,pop,0.1,0,0,False
2,2026092811,mert_v1,ambient_balanced,0.25,ambient,0.1,0,0,False
2,2026092811,mert_v1,ambient_balanced,0.25,rock,0.1,0,0,False
2,2026092811,mert_v1,ambient_balanced,0.5,electronic,identity,0,0,False
2,2026092811,mert_v1,ambient_balanced,0.5,pop,0.1,0,0,False
2,2026092811,mert_v1,ambient_balanced,0.5,ambient,0.1,0,0,False
2,2026092811,mert_v1,ambient_balanced,0.5,rock,0.0,0,0,False
2,2026092811,mert_v1,ambient_balanced,1.0,electronic,0.01,0,0,False
2,2026092811,mert_v1,ambient_balanced,1.0,pop,identity,0,0,False
2,2026092811,mert_v1,ambient_balanced,1.0,ambient,0.01,0,0,False
2,2026092811,mert_v1,ambient_balanced,1.0,rock,0.001,0,0,False
2,2026092811,mert_v1,unweighted,0.25,electronic,identity,0,0,False
2,2026092811,mert_v1,unweighted,0.25,pop,0.1,0,0,False
2,2026092811,mert_v1,unweighted,0.25,ambient,identity,0,0,False
2,2026092811,mert_v1,unweighted,0.25,rock,0.1,0,0,False
2,2026092811,mert_v1,unweighted,0.5,electronic,identity,0,0,False
2,2026092811,mert_v1,unweighted,0.5,pop,0.1,0,0,False
2,2026092811,mert_v1,unweighted,0.5,ambient,identity,0,0,False
2,2026092811,mert_v1,unweighted,0.5,rock,0.0,0,0,False
2,2026092811,mert_v1,unweighted,1.0,electronic,0.01,0,0,False
2,2026092811,mert_v1,unweighted,1.0,pop,identity,0,0,False
2,2026092811,mert_v1,unweighted,1.0,ambient,identity,0,0,False
2,2026092811,mert_v1,unweighted,1.0,rock,0.001,0,0,False
2,2026092812,maest,ambient_balanced,0.25,electronic,identity,0,0,False
2,2026092812,maest,ambient_balanced,0.25,pop,1.0,0,0,False
2,2026092812,maest,ambient_balanced,0.25,ambient,0.01,0,0,False
2,2026092812,maest,ambient_balanced,0.25,rock,identity,0,0,False
2,2026092812,maest,ambient_balanced,0.5,electronic,identity,0,0,False
2,2026092812,maest,ambient_balanced,0.5,pop,1.0,0,0,False
2,2026092812,maest,ambient_balanced,0.5,ambient,0.1,0,0,False
2,2026092812,maest,ambient_balanced,0.5,rock,identity,0,0,False
2,2026092812,maest,ambient_balanced,1.0,electronic,identity,0,0,False
2,2026092812,maest,ambient_balanced,1.0,pop,identity,0,0,False
2,2026092812,maest,ambient_balanced,1.0,ambient,0.0,0,0,False
2,2026092812,maest,ambient_balanced,1.0,rock,1.0,0,0,False
2,2026092812,maest,unweighted,0.25,electronic,identity,0,0,False
2,2026092812,maest,unweighted,0.25,pop,1.0,0,0,False
2,2026092812,maest,unweighted,0.25,ambient,identity,0,0,False
2,2026092812,maest,unweighted,0.25,rock,identity,0,0,False
2,2026092812,maest,unweighted,0.5,electronic,identity,0,0,False
2,2026092812,maest,unweighted,0.5,pop,1.0,0,0,False
2,2026092812,maest,unweighted,0.5,ambient,identity,0,0,False
2,2026092812,maest,unweighted,0.5,rock,identity,0,0,False
2,2026092812,maest,unweighted,1.0,electronic,identity,0,0,False
2,2026092812,maest,unweighted,1.0,pop,identity,0,0,False
2,2026092812,maest,unweighted,1.0,ambient,0.1,0,0,False
2,2026092812,maest,unweighted,1.0,rock,1.0,0,0,False
2,2026092812,mert_v0,ambient_balanced,0.25,electronic,identity,0,0,False
2,2026092812,mert_v0,ambient_balanced,0.25,pop,1.0,0,0,False
2,2026092812,mert_v0,ambient_balanced,0.25,ambient,0.1,0,0,False
2,2026092812,mert_v0,ambient_balanced,0.25,rock,0.01,0,0,False
2,2026092812,mert_v0,ambient_balanced,0.5,electronic,0.1,0,0,False
2,2026092812,mert_v0,ambient_balanced,0.5,pop,identity,0,0,False
2,2026092812,mert_v0,ambient_balanced,0.5,ambient,0.01,0,0,False
2,2026092812,mert_v0,ambient_balanced,0.5,rock,identity,0,0,False
2,2026092812,mert_v0,ambient_balanced,1.0,electronic,identity,0,0,False
2,2026092812,mert_v0,ambient_balanced,1.0,pop,identity,0,0,False
2,2026092812,mert_v0,ambient_balanced,1.0,ambient,0.001,0,0,False
2,2026092812,mert_v0,ambient_balanced,1.0,rock,0.001,0,0,False
2,2026092812,mert_v0,unweighted,0.25,electronic,identity,0,0,False
2,2026092812,mert_v0,unweighted,0.25,pop,1.0,0,0,False
2,2026092812,mert_v0,unweighted,0.25,ambient,identity,0,0,False
2,2026092812,mert_v0,unweighted,0.25,rock,0.01,0,0,False
2,2026092812,mert_v0,unweighted,0.5,electronic,0.1,0,0,False
2,2026092812,mert_v0,unweighted,0.5,pop,identity,0,0,False
2,2026092812,mert_v0,unweighted,0.5,ambient,identity,0,0,False
2,2026092812,mert_v0,unweighted,0.5,rock,identity,0,0,False
2,2026092812,mert_v0,unweighted,1.0,electronic,identity,0,0,False
2,2026092812,mert_v0,unweighted,1.0,pop,identity,0,0,False
2,2026092812,mert_v0,unweighted,1.0,ambient,0.01,0,0,False
2,2026092812,mert_v0,unweighted,1.0,rock,0.001,0,0,False
2,2026092812,mert_v1,ambient_balanced,0.25,electronic,identity,0,0,False
2,2026092812,mert_v1,ambient_balanced,0.25,pop,1.0,0,0,False
2,2026092812,mert_v1,ambient_balanced,0.25,ambient,0.1,0,0,False
2,2026092812,mert_v1,ambient_balanced,0.25,rock,0.01,0,0,False
2,2026092812,mert_v1,ambient_balanced,0.5,electronic,identity,0,0,False
2,2026092812,mert_v1,ambient_balanced,0.5,pop,identity,0,0,False
2,2026092812,mert_v1,ambient_balanced,0.5,ambient,0.01,0,0,False
2,2026092812,mert_v1,ambient_balanced,0.5,rock,identity,0,0,False
2,2026092812,mert_v1,ambient_balanced,1.0,electronic,identity,0,0,False
2,2026092812,mert_v1,ambient_balanced,1.0,pop,identity,0,0,False
2,2026092812,mert_v1,ambient_balanced,1.0,ambient,0.001,0,0,False
2,2026092812,mert_v1,ambient_balanced,1.0,rock,0.001,0,0,False
2,2026092812,mert_v1,unweighted,0.25,electronic,identity,0,0,False
2,2026092812,mert_v1,unweighted,0.25,pop,1.0,0,0,False
2,2026092812,mert_v1,unweighted,0.25,ambient,identity,0,0,False
2,2026092812,mert_v1,unweighted,0.25,rock,0.01,0,0,False
2,2026092812,mert_v1,unweighted,0.5,electronic,identity,0,0,False
2,2026092812,mert_v1,unweighted,0.5,pop,identity,0,0,False
2,2026092812,mert_v1,unweighted,0.5,ambient,identity,0,0,False
2,2026092812,mert_v1,unweighted,0.5,rock,identity,0,0,False
2,2026092812,mert_v1,unweighted,1.0,electronic,identity,0,0,False
2,2026092812,mert_v1,unweighted,1.0,pop,identity,0,0,False
2,2026092812,mert_v1,unweighted,1.0,ambient,0.1,0,0,False
2,2026092812,mert_v1,unweighted,1.0,rock,0.001,0,0,False
2,2026092813,maest,ambient_balanced,0.25,electronic,0.01,0,0,False
2,2026092813,maest,ambient_balanced,0.25,pop,identity,0,0,False
2,2026092813,maest,ambient_balanced,0.25,ambient,0.0,5,1,False
2,2026092813,maest,ambient_balanced,0.25,rock,identity,0,0,False
2,2026092813,maest,ambient_balanced,0.5,electronic,identity,0,0,False
2,2026092813,maest,ambient_balanced,0.5,pop,0.1,0,0,False
2,2026092813,maest,ambient_balanced,0.5,ambient,0.01,0,0,False
2,2026092813,maest,ambient_balanced,0.5,rock,1.0,0,0,False
2,2026092813,maest,ambient_balanced,1.0,electronic,identity,0,0,False
2,2026092813,maest,ambient_balanced,1.0,pop,1.0,0,0,False
2,2026092813,maest,ambient_balanced,1.0,ambient,0.01,0,0,False
2,2026092813,maest,ambient_balanced,1.0,rock,0.0,0,0,False
2,2026092813,maest,unweighted,0.25,electronic,0.01,0,0,False
2,2026092813,maest,unweighted,0.25,pop,identity,0,0,False
2,2026092813,maest,unweighted,0.25,ambient,0.01,5,1,False
2,2026092813,maest,unweighted,0.25,rock,identity,0,0,False
2,2026092813,maest,unweighted,0.5,electronic,identity,0,0,False
2,2026092813,maest,unweighted,0.5,pop,0.1,0,0,False
2,2026092813,maest,unweighted,0.5,ambient,0.1,0,0,False
2,2026092813,maest,unweighted,0.5,rock,1.0,0,0,False
2,2026092813,maest,unweighted,1.0,electronic,identity,0,0,False
2,2026092813,maest,unweighted,1.0,pop,1.0,0,0,False
2,2026092813,maest,unweighted,1.0,ambient,identity,0,0,False
2,2026092813,maest,unweighted,1.0,rock,0.0,0,0,False
2,2026092813,mert_v0,ambient_balanced,0.25,electronic,0.01,0,0,False
2,2026092813,mert_v0,ambient_balanced,0.25,pop,identity,0,0,False
2,2026092813,mert_v0,ambient_balanced,0.25,ambient,0.001,5,1,False
2,2026092813,mert_v0,ambient_balanced,0.25,rock,identity,0,0,False
2,2026092813,mert_v0,ambient_balanced,0.5,electronic,identity,0,0,False
2,2026092813,mert_v0,ambient_balanced,0.5,pop,0.1,0,0,False
2,2026092813,mert_v0,ambient_balanced,0.5,ambient,0.001,0,0,False
2,2026092813,mert_v0,ambient_balanced,0.5,rock,0.01,0,0,False
2,2026092813,mert_v0,ambient_balanced,1.0,electronic,identity,0,0,False
2,2026092813,mert_v0,ambient_balanced,1.0,pop,identity,0,0,False
2,2026092813,mert_v0,ambient_balanced,1.0,ambient,0.01,0,0,False
2,2026092813,mert_v0,ambient_balanced,1.0,rock,0.0,0,0,False
2,2026092813,mert_v0,unweighted,0.25,electronic,0.01,0,0,False
2,2026092813,mert_v0,unweighted,0.25,pop,identity,0,0,False
2,2026092813,mert_v0,unweighted,0.25,ambient,0.01,5,1,False
2,2026092813,mert_v0,unweighted,0.25,rock,identity,0,0,False
2,2026092813,mert_v0,unweighted,0.5,electronic,identity,0,0,False
2,2026092813,mert_v0,unweighted,0.5,pop,0.1,0,0,False
2,2026092813,mert_v0,unweighted,0.5,ambient,0.001,0,0,False
2,2026092813,mert_v0,unweighted,0.5,rock,0.01,0,0,False
2,2026092813,mert_v0,unweighted,1.0,electronic,identity,0,0,False
2,2026092813,mert_v0,unweighted,1.0,pop,identity,0,0,False
2,2026092813,mert_v0,unweighted,1.0,ambient,identity,1,0,False
2,2026092813,mert_v0,unweighted,1.0,rock,0.0,0,0,False
2,2026092813,mert_v1,ambient_balanced,0.25,electronic,0.1,0,0,False
2,2026092813,mert_v1,ambient_balanced,0.25,pop,identity,0,0,False
2,2026092813,mert_v1,ambient_balanced,0.25,ambient,0.01,5,1,False
2,2026092813,mert_v1,ambient_balanced,0.25,rock,identity,0,0,False
2,2026092813,mert_v1,ambient_balanced,0.5,electronic,identity,0,0,False
2,2026092813,mert_v1,ambient_balanced,0.5,pop,0.1,0,0,False
2,2026092813,mert_v1,ambient_balanced,0.5,ambient,0.01,0,0,False
2,2026092813,mert_v1,ambient_balanced,0.5,rock,0.0,0,0,False
2,2026092813,mert_v1,ambient_balanced,1.0,electronic,identity,0,0,False
2,2026092813,mert_v1,ambient_balanced,1.0,pop,identity,0,0,False
2,2026092813,mert_v1,ambient_balanced,1.0,ambient,0.01,0,0,False
2,2026092813,mert_v1,ambient_balanced,1.0,rock,0.0,0,0,False
2,2026092813,mert_v1,unweighted,0.25,electronic,0.1,0,0,False
2,2026092813,mert_v1,unweighted,0.25,pop,identity,0,0,False
2,2026092813,mert_v1,unweighted,0.25,ambient,0.1,5,1,False
2,2026092813,mert_v1,unweighted,0.25,rock,identity,0,0,False
2,2026092813,mert_v1,unweighted,0.5,electronic,identity,0,0,False
2,2026092813,mert_v1,unweighted,0.5,pop,0.1,0,0,False
2,2026092813,mert_v1,unweighted,0.5,ambient,0.01,0,0,False
2,2026092813,mert_v1,unweighted,0.5,rock,0.0,0,0,False
2,2026092813,mert_v1,unweighted,1.0,electronic,identity,0,0,False
2,2026092813,mert_v1,unweighted,1.0,pop,identity,0,0,False
2,2026092813,mert_v1,unweighted,1.0,ambient,identity,0,0,False
2,2026092813,mert_v1,unweighted,1.0,rock,0.0,0,0,False
2,2026092814,maest,ambient_balanced,0.25,electronic,0.1,0,0,False
2,2026092814,maest,ambient_balanced,0.25,pop,0.0,0,0,False
2,2026092814,maest,ambient_balanced,0.25,ambient,0.1,0,0,False
2,2026092814,maest,ambient_balanced,0.25,rock,identity,0,0,False
2,2026092814,maest,ambient_balanced,0.5,electronic,identity,0,0,False
2,2026092814,maest,ambient_balanced,0.5,pop,1.0,0,0,False
2,2026092814,maest,ambient_balanced,0.5,ambient,0.01,0,0,False
2,2026092814,maest,ambient_balanced,0.5,rock,identity,0,0,False
2,2026092814,maest,ambient_balanced,1.0,electronic,0.1,0,0,False
2,2026092814,maest,ambient_balanced,1.0,pop,identity,0,0,False
2,2026092814,maest,ambient_balanced,1.0,ambient,0.01,0,0,False
2,2026092814,maest,ambient_balanced,1.0,rock,identity,0,0,False
2,2026092814,maest,unweighted,0.25,electronic,0.1,0,0,False
2,2026092814,maest,unweighted,0.25,pop,0.0,0,0,False
2,2026092814,maest,unweighted,0.25,ambient,0.001,0,0,False
2,2026092814,maest,unweighted,0.25,rock,identity,0,0,False
2,2026092814,maest,unweighted,0.5,electronic,identity,0,0,False
2,2026092814,maest,unweighted,0.5,pop,1.0,0,0,False
2,2026092814,maest,unweighted,0.5,ambient,1.0,0,0,False
2,2026092814,maest,unweighted,0.5,rock,identity,0,0,False
2,2026092814,maest,unweighted,1.0,electronic,0.1,0,0,False
2,2026092814,maest,unweighted,1.0,pop,identity,0,0,False
2,2026092814,maest,unweighted,1.0,ambient,identity,0,0,False
2,2026092814,maest,unweighted,1.0,rock,identity,0,0,False
2,2026092814,mert_v0,ambient_balanced,0.25,electronic,0.1,0,0,False
2,2026092814,mert_v0,ambient_balanced,0.25,pop,0.1,0,0,False
2,2026092814,mert_v0,ambient_balanced,0.25,ambient,0.1,0,0,False
2,2026092814,mert_v0,ambient_balanced,0.25,rock,identity,0,0,False
2,2026092814,mert_v0,ambient_balanced,0.5,electronic,identity,1,0,False
2,2026092814,mert_v0,ambient_balanced,0.5,pop,0.01,0,0,False
2,2026092814,mert_v0,ambient_balanced,0.5,ambient,0.01,0,0,False
2,2026092814,mert_v0,ambient_balanced,0.5,rock,identity,0,0,False
2,2026092814,mert_v0,ambient_balanced,1.0,electronic,1.0,0,0,False
2,2026092814,mert_v0,ambient_balanced,1.0,pop,identity,0,0,False
2,2026092814,mert_v0,ambient_balanced,1.0,ambient,0.01,0,0,False
2,2026092814,mert_v0,ambient_balanced,1.0,rock,identity,0,0,False
2,2026092814,mert_v0,unweighted,0.25,electronic,0.1,0,0,False
2,2026092814,mert_v0,unweighted,0.25,pop,0.1,0,0,False
2,2026092814,mert_v0,unweighted,0.25,ambient,identity,0,0,False
2,2026092814,mert_v0,unweighted,0.25,rock,identity,0,0,False
2,2026092814,mert_v0,unweighted,0.5,electronic,identity,1,0,False
2,2026092814,mert_v0,unweighted,0.5,pop,0.01,0,0,False
2,2026092814,mert_v0,unweighted,0.5,ambient,identity,0,0,False
2,2026092814,mert_v0,unweighted,0.5,rock,identity,0,0,False
2,2026092814,mert_v0,unweighted,1.0,electronic,1.0,0,0,False
2,2026092814,mert_v0,unweighted,1.0,pop,identity,0,0,False
2,2026092814,mert_v0,unweighted,1.0,ambient,identity,0,0,False
2,2026092814,mert_v0,unweighted,1.0,rock,identity,0,0,False
2,2026092814,mert_v1,ambient_balanced,0.25,electronic,0.1,0,0,False
2,2026092814,mert_v1,ambient_balanced,0.25,pop,0.1,0,0,False
2,2026092814,mert_v1,ambient_balanced,0.25,ambient,0.1,0,0,False
2,2026092814,mert_v1,ambient_balanced,0.25,rock,identity,0,0,False
2,2026092814,mert_v1,ambient_balanced,0.5,electronic,identity,0,0,False
2,2026092814,mert_v1,ambient_balanced,0.5,pop,0.1,0,0,False
2,2026092814,mert_v1,ambient_balanced,0.5,ambient,0.01,0,0,False
2,2026092814,mert_v1,ambient_balanced,0.5,rock,identity,0,0,False
2,2026092814,mert_v1,ambient_balanced,1.0,electronic,1.0,0,0,False
2,2026092814,mert_v1,ambient_balanced,1.0,pop,identity,0,0,False
2,2026092814,mert_v1,ambient_balanced,1.0,ambient,0.01,0,0,False
2,2026092814,mert_v1,ambient_balanced,1.0,rock,identity,0,0,False
2,2026092814,mert_v1,unweighted,0.25,electronic,0.1,0,0,False
2,2026092814,mert_v1,unweighted,0.25,pop,0.1,0,0,False
2,2026092814,mert_v1,unweighted,0.25,ambient,identity,0,0,False
2,2026092814,mert_v1,unweighted,0.25,rock,identity,0,0,False
2,2026092814,mert_v1,unweighted,0.5,electronic,identity,0,0,False
2,2026092814,mert_v1,unweighted,0.5,pop,0.1,0,0,False
2,2026092814,mert_v1,unweighted,0.5,ambient,identity,0,0,False
2,2026092814,mert_v1,unweighted,0.5,rock,identity,0,0,False
2,2026092814,mert_v1,unweighted,1.0,electronic,1.0,0,0,False
2,2026092814,mert_v1,unweighted,1.0,pop,identity,0,0,False
2,2026092814,mert_v1,unweighted,1.0,ambient,identity,0,0,False
2,2026092814,mert_v1,unweighted,1.0,rock,identity,0,0,False
2,2026092815,maest,ambient_balanced,0.25,electronic,identity,0,0,False
2,2026092815,maest,ambient_balanced,0.25,pop,0.01,0,0,False
2,2026092815,maest,ambient_balanced,0.25,ambient,identity,0,0,False
2,2026092815,maest,ambient_balanced,0.25,rock,identity,0,0,False
2,2026092815,maest,ambient_balanced,0.5,electronic,identity,0,0,False
2,2026092815,maest,ambient_balanced,0.5,pop,0.1,0,0,False
2,2026092815,maest,ambient_balanced,0.5,ambient,0.01,0,0,False
2,2026092815,maest,ambient_balanced,0.5,rock,identity,0,0,False
2,2026092815,maest,ambient_balanced,1.0,electronic,identity,0,0,False
2,2026092815,maest,ambient_balanced,1.0,pop,identity,0,0,False
2,2026092815,maest,ambient_balanced,1.0,ambient,0.0,0,0,False
2,2026092815,maest,ambient_balanced,1.0,rock,identity,0,0,False
2,2026092815,maest,unweighted,0.25,electronic,identity,0,0,False
2,2026092815,maest,unweighted,0.25,pop,0.01,0,0,False
2,2026092815,maest,unweighted,0.25,ambient,identity,0,0,False
2,2026092815,maest,unweighted,0.25,rock,identity,0,0,False
2,2026092815,maest,unweighted,0.5,electronic,identity,0,0,False
2,2026092815,maest,unweighted,0.5,pop,0.1,0,0,False
2,2026092815,maest,unweighted,0.5,ambient,identity,0,0,False
2,2026092815,maest,unweighted,0.5,rock,identity,0,0,False
2,2026092815,maest,unweighted,1.0,electronic,identity,0,0,False
2,2026092815,maest,unweighted,1.0,pop,identity,0,0,False
2,2026092815,maest,unweighted,1.0,ambient,1.0,0,0,False
2,2026092815,maest,unweighted,1.0,rock,identity,0,0,False
2,2026092815,mert_v0,ambient_balanced,0.25,electronic,identity,0,0,False
2,2026092815,mert_v0,ambient_balanced,0.25,pop,0.1,0,0,False
2,2026092815,mert_v0,ambient_balanced,0.25,ambient,0.1,0,0,False
2,2026092815,mert_v0,ambient_balanced,0.25,rock,identity,0,0,False
2,2026092815,mert_v0,ambient_balanced,0.5,electronic,1.0,0,0,False
2,2026092815,mert_v0,ambient_balanced,0.5,pop,0.1,0,0,False
2,2026092815,mert_v0,ambient_balanced,0.5,ambient,0.01,0,0,False
2,2026092815,mert_v0,ambient_balanced,0.5,rock,identity,0,0,False
2,2026092815,mert_v0,ambient_balanced,1.0,electronic,identity,0,0,False
2,2026092815,mert_v0,ambient_balanced,1.0,pop,identity,0,0,False
2,2026092815,mert_v0,ambient_balanced,1.0,ambient,0.0,0,0,False
2,2026092815,mert_v0,ambient_balanced,1.0,rock,0.001,0,0,False
2,2026092815,mert_v0,unweighted,0.25,electronic,identity,0,0,False
2,2026092815,mert_v0,unweighted,0.25,pop,0.1,0,0,False
2,2026092815,mert_v0,unweighted,0.25,ambient,identity,0,0,False
2,2026092815,mert_v0,unweighted,0.25,rock,identity,0,0,False
2,2026092815,mert_v0,unweighted,0.5,electronic,1.0,0,0,False
2,2026092815,mert_v0,unweighted,0.5,pop,0.1,0,0,False
2,2026092815,mert_v0,unweighted,0.5,ambient,identity,0,0,False
2,2026092815,mert_v0,unweighted,0.5,rock,identity,0,0,False
2,2026092815,mert_v0,unweighted,1.0,electronic,identity,0,0,False
2,2026092815,mert_v0,unweighted,1.0,pop,identity,0,0,False
2,2026092815,mert_v0,unweighted,1.0,ambient,identity,0,0,False
2,2026092815,mert_v0,unweighted,1.0,rock,0.001,0,0,False
2,2026092815,mert_v1,ambient_balanced,0.25,electronic,identity,0,0,False
2,2026092815,mert_v1,ambient_balanced,0.25,pop,0.1,0,0,False
2,2026092815,mert_v1,ambient_balanced,0.25,ambient,0.1,0,0,False
2,2026092815,mert_v1,ambient_balanced,0.25,rock,identity,0,0,False
2,2026092815,mert_v1,ambient_balanced,0.5,electronic,0.1,0,0,False
2,2026092815,mert_v1,ambient_balanced,0.5,pop,0.1,0,0,False
2,2026092815,mert_v1,ambient_balanced,0.5,ambient,0.01,0,0,False
2,2026092815,mert_v1,ambient_balanced,0.5,rock,identity,0,0,False
2,2026092815,mert_v1,ambient_balanced,1.0,electronic,identity,0,0,False
2,2026092815,mert_v1,ambient_balanced,1.0,pop,identity,0,0,False
2,2026092815,mert_v1,ambient_balanced,1.0,ambient,0.0,0,0,False
2,2026092815,mert_v1,ambient_balanced,1.0,rock,0.0,0,0,False
2,2026092815,mert_v1,unweighted,0.25,electronic,identity,0,0,False
2,2026092815,mert_v1,unweighted,0.25,pop,0.1,0,0,False
2,2026092815,mert_v1,unweighted,0.25,ambient,identity,0,0,False
2,2026092815,mert_v1,unweighted,0.25,rock,identity,0,0,False
2,2026092815,mert_v1,unweighted,0.5,electronic,0.1,0,0,False
2,2026092815,mert_v1,unweighted,0.5,pop,0.1,0,0,False
2,2026092815,mert_v1,unweighted,0.5,ambient,identity,0,0,False
2,2026092815,mert_v1,unweighted,0.5,rock,identity,0,0,False
2,2026092815,mert_v1,unweighted,1.0,electronic,identity,0,0,False
2,2026092815,mert_v1,unweighted,1.0,pop,identity,0,0,False
2,2026092815,mert_v1,unweighted,1.0,ambient,identity,0,0,False
2,2026092815,mert_v1,unweighted,1.0,rock,0.0,0,0,False
2,2026092816,maest,ambient_balanced,0.25,electronic,identity,0,0,False
2,2026092816,maest,ambient_balanced,0.25,pop,identity,0,0,False
2,2026092816,maest,ambient_balanced,0.25,ambient,0.1,0,0,False
2,2026092816,maest,ambient_balanced,0.25,rock,identity,0,0,False
2,2026092816,maest,ambient_balanced,0.5,electronic,0.1,0,0,False
2,2026092816,maest,ambient_balanced,0.5,pop,identity,0,0,False
2,2026092816,maest,ambient_balanced,0.5,ambient,0.01,0,0,False
2,2026092816,maest,ambient_balanced,0.5,rock,0.001,0,0,False
2,2026092816,maest,ambient_balanced,1.0,electronic,0.1,0,0,False
2,2026092816,maest,ambient_balanced,1.0,pop,1.0,0,0,False
2,2026092816,maest,ambient_balanced,1.0,ambient,0.01,0,0,False
2,2026092816,maest,ambient_balanced,1.0,rock,identity,0,0,False
2,2026092816,maest,unweighted,0.25,electronic,identity,0,0,False
2,2026092816,maest,unweighted,0.25,pop,identity,0,0,False
2,2026092816,maest,unweighted,0.25,ambient,identity,0,0,False
2,2026092816,maest,unweighted,0.25,rock,identity,0,0,False
2,2026092816,maest,unweighted,0.5,electronic,0.1,0,0,False
2,2026092816,maest,unweighted,0.5,pop,identity,0,0,False
2,2026092816,maest,unweighted,0.5,ambient,identity,0,0,False
2,2026092816,maest,unweighted,0.5,rock,0.001,0,0,False
2,2026092816,maest,unweighted,1.0,electronic,0.1,0,0,False
2,2026092816,maest,unweighted,1.0,pop,1.0,0,0,False
2,2026092816,maest,unweighted,1.0,ambient,0.01,0,0,False
2,2026092816,maest,unweighted,1.0,rock,identity,0,0,False
2,2026092816,mert_v0,ambient_balanced,0.25,electronic,0.01,0,0,False
2,2026092816,mert_v0,ambient_balanced,0.25,pop,identity,0,0,False
2,2026092816,mert_v0,ambient_balanced,0.25,ambient,1.0,0,0,False
2,2026092816,mert_v0,ambient_balanced,0.25,rock,0.0,0,0,False
2,2026092816,mert_v0,ambient_balanced,0.5,electronic,0.01,0,0,False
2,2026092816,mert_v0,ambient_balanced,0.5,pop,identity,0,0,False
2,2026092816,mert_v0,ambient_balanced,0.5,ambient,0.01,0,0,False
2,2026092816,mert_v0,ambient_balanced,0.5,rock,0.001,0,0,False
2,2026092816,mert_v0,ambient_balanced,1.0,electronic,0.001,0,0,False
2,2026092816,mert_v0,ambient_balanced,1.0,pop,identity,0,0,False
2,2026092816,mert_v0,ambient_balanced,1.0,ambient,0.01,0,0,False
2,2026092816,mert_v0,ambient_balanced,1.0,rock,identity,0,0,False
2,2026092816,mert_v0,unweighted,0.25,electronic,0.01,0,0,False
2,2026092816,mert_v0,unweighted,0.25,pop,identity,0,0,False
2,2026092816,mert_v0,unweighted,0.25,ambient,identity,0,0,False
2,2026092816,mert_v0,unweighted,0.25,rock,0.0,0,0,False
2,2026092816,mert_v0,unweighted,0.5,electronic,0.01,0,0,False
2,2026092816,mert_v0,unweighted,0.5,pop,identity,0,0,False
2,2026092816,mert_v0,unweighted,0.5,ambient,identity,0,0,False
2,2026092816,mert_v0,unweighted,0.5,rock,0.001,0,0,False
2,2026092816,mert_v0,unweighted,1.0,electronic,0.001,0,0,False
2,2026092816,mert_v0,unweighted,1.0,pop,identity,0,0,False
2,2026092816,mert_v0,unweighted,1.0,ambient,identity,0,0,False
2,2026092816,mert_v0,unweighted,1.0,rock,identity,0,0,False
2,2026092816,mert_v1,ambient_balanced,0.25,electronic,0.01,0,0,False
2,2026092816,mert_v1,ambient_balanced,0.25,pop,0.0,0,0,False
2,2026092816,mert_v1,ambient_balanced,0.25,ambient,identity,0,0,False
2,2026092816,mert_v1,ambient_balanced,0.25,rock,0.0,0,0,False
2,2026092816,mert_v1,ambient_balanced,0.5,electronic,0.01,0,0,False
2,2026092816,mert_v1,ambient_balanced,0.5,pop,identity,0,0,False
2,2026092816,mert_v1,ambient_balanced,0.5,ambient,0.01,0,0,False
2,2026092816,mert_v1,ambient_balanced,0.5,rock,0.0,0,0,False
2,2026092816,mert_v1,ambient_balanced,1.0,electronic,0.01,0,0,False
2,2026092816,mert_v1,ambient_balanced,1.0,pop,identity,0,0,False
2,2026092816,mert_v1,ambient_balanced,1.0,ambient,0.01,0,0,False
2,2026092816,mert_v1,ambient_balanced,1.0,rock,identity,0,0,False
2,2026092816,mert_v1,unweighted,0.25,electronic,0.01,0,0,False
2,2026092816,mert_v1,unweighted,0.25,pop,0.0,0,0,False
2,2026092816,mert_v1,unweighted,0.25,ambient,identity,0,0,False
2,2026092816,mert_v1,unweighted,0.25,rock,0.0,0,0,False
2,2026092816,mert_v1,unweighted,0.5,electronic,0.01,0,0,False
2,2026092816,mert_v1,unweighted,0.5,pop,identity,0,0,False
2,2026092816,mert_v1,unweighted,0.5,ambient,identity,0,0,False
2,2026092816,mert_v1,unweighted,0.5,rock,0.0,0,0,False
2,2026092816,mert_v1,unweighted,1.0,electronic,0.01,0,0,False
2,2026092816,mert_v1,unweighted,1.0,pop,identity,0,0,False
2,2026092816,mert_v1,unweighted,1.0,ambient,identity,0,0,False
2,2026092816,mert_v1,unweighted,1.0,rock,identity,0,0,False
2,2026092817,maest,ambient_balanced,0.25,electronic,1.0,0,0,False
2,2026092817,maest,ambient_balanced,0.25,pop,0.1,0,0,False
2,2026092817,maest,ambient_balanced,0.25,ambient,0.001,0,0,False
2,2026092817,maest,ambient_balanced,0.25,rock,0.0,0,0,False
2,2026092817,maest,ambient_balanced,0.5,electronic,identity,0,0,False
2,2026092817,maest,ambient_balanced,0.5,pop,identity,0,0,False
2,2026092817,maest,ambient_balanced,0.5,ambient,0.0,0,0,False
2,2026092817,maest,ambient_balanced,0.5,rock,identity,0,0,False
2,2026092817,maest,ambient_balanced,1.0,electronic,identity,0,0,False
2,2026092817,maest,ambient_balanced,1.0,pop,identity,0,0,False
2,2026092817,maest,ambient_balanced,1.0,ambient,0.0,0,0,False
2,2026092817,maest,ambient_balanced,1.0,rock,identity,0,0,False
2,2026092817,maest,unweighted,0.25,electronic,1.0,0,0,False
2,2026092817,maest,unweighted,0.25,pop,0.1,0,0,False
2,2026092817,maest,unweighted,0.25,ambient,1.0,0,0,False
2,2026092817,maest,unweighted,0.25,rock,0.0,0,0,False
2,2026092817,maest,unweighted,0.5,electronic,identity,0,0,False
2,2026092817,maest,unweighted,0.5,pop,identity,0,0,False
2,2026092817,maest,unweighted,0.5,ambient,identity,0,0,False
2,2026092817,maest,unweighted,0.5,rock,identity,0,0,False
2,2026092817,maest,unweighted,1.0,electronic,identity,0,0,False
2,2026092817,maest,unweighted,1.0,pop,identity,0,0,False
2,2026092817,maest,unweighted,1.0,ambient,0.0,0,0,False
2,2026092817,maest,unweighted,1.0,rock,identity,0,0,False
2,2026092817,mert_v0,ambient_balanced,0.25,electronic,1.0,0,0,False
2,2026092817,mert_v0,ambient_balanced,0.25,pop,0.1,0,0,False
2,2026092817,mert_v0,ambient_balanced,0.25,ambient,0.01,0,0,False
2,2026092817,mert_v0,ambient_balanced,0.25,rock,0.0,0,0,False
2,2026092817,mert_v0,ambient_balanced,0.5,electronic,identity,0,0,False
2,2026092817,mert_v0,ambient_balanced,0.5,pop,identity,0,0,False
2,2026092817,mert_v0,ambient_balanced,0.5,ambient,0.01,0,0,False
2,2026092817,mert_v0,ambient_balanced,0.5,rock,0.001,0,0,False
2,2026092817,mert_v0,ambient_balanced,1.0,electronic,identity,0,0,False
2,2026092817,mert_v0,ambient_balanced,1.0,pop,identity,0,0,False
2,2026092817,mert_v0,ambient_balanced,1.0,ambient,0.0,0,0,False
2,2026092817,mert_v0,ambient_balanced,1.0,rock,identity,0,0,False
2,2026092817,mert_v0,unweighted,0.25,electronic,1.0,0,0,False
2,2026092817,mert_v0,unweighted,0.25,pop,0.1,0,0,False
2,2026092817,mert_v0,unweighted,0.25,ambient,0.1,0,0,False
2,2026092817,mert_v0,unweighted,0.25,rock,0.0,0,0,False
2,2026092817,mert_v0,unweighted,0.5,electronic,identity,0,0,False
2,2026092817,mert_v0,unweighted,0.5,pop,identity,0,0,False
2,2026092817,mert_v0,unweighted,0.5,ambient,identity,0,0,False
2,2026092817,mert_v0,unweighted,0.5,rock,0.001,0,0,False
2,2026092817,mert_v0,unweighted,1.0,electronic,identity,0,0,False
2,2026092817,mert_v0,unweighted,1.0,pop,identity,0,0,False
2,2026092817,mert_v0,unweighted,1.0,ambient,identity,0,0,False
2,2026092817,mert_v0,unweighted,1.0,rock,identity,0,0,False
2,2026092817,mert_v1,ambient_balanced,0.25,electronic,1.0,0,0,False
2,2026092817,mert_v1,ambient_balanced,0.25,pop,0.1,0,0,False
2,2026092817,mert_v1,ambient_balanced,0.25,ambient,0.001,0,0,False
2,2026092817,mert_v1,ambient_balanced,0.25,rock,0.0,0,0,False
2,2026092817,mert_v1,ambient_balanced,0.5,electronic,identity,0,0,False
2,2026092817,mert_v1,ambient_balanced,0.5,pop,identity,0,0,False
2,2026092817,mert_v1,ambient_balanced,0.5,ambient,0.001,0,0,False
2,2026092817,mert_v1,ambient_balanced,0.5,rock,identity,0,0,False
2,2026092817,mert_v1,ambient_balanced,1.0,electronic,identity,0,0,False
2,2026092817,mert_v1,ambient_balanced,1.0,pop,identity,0,0,False
2,2026092817,mert_v1,ambient_balanced,1.0,ambient,0.0,0,0,False
2,2026092817,mert_v1,ambient_balanced,1.0,rock,identity,0,0,False
2,2026092817,mert_v1,unweighted,0.25,electronic,1.0,0,0,False
2,2026092817,mert_v1,unweighted,0.25,pop,0.1,0,0,False
2,2026092817,mert_v1,unweighted,0.25,ambient,0.01,0,0,False
2,2026092817,mert_v1,unweighted,0.25,rock,0.0,0,0,False
2,2026092817,mert_v1,unweighted,0.5,electronic,identity,0,0,False
2,2026092817,mert_v1,unweighted,0.5,pop,identity,0,0,False
2,2026092817,mert_v1,unweighted,0.5,ambient,identity,0,0,False
2,2026092817,mert_v1,unweighted,0.5,rock,identity,0,0,False
2,2026092817,mert_v1,unweighted,1.0,electronic,identity,0,0,False
2,2026092817,mert_v1,unweighted,1.0,pop,identity,0,0,False
2,2026092817,mert_v1,unweighted,1.0,ambient,0.001,0,0,False
2,2026092817,mert_v1,unweighted,1.0,rock,identity,0,0,False
2,2026092818,maest,ambient_balanced,0.25,electronic,identity,0,0,False
2,2026092818,maest,ambient_balanced,0.25,pop,identity,0,0,False
2,2026092818,maest,ambient_balanced,0.25,ambient,identity,0,0,False
2,2026092818,maest,ambient_balanced,0.25,rock,0.1,5,1,False
2,2026092818,maest,ambient_balanced,0.5,electronic,0.01,0,0,False
2,2026092818,maest,ambient_balanced,0.5,pop,0.01,0,0,False
2,2026092818,maest,ambient_balanced,0.5,ambient,0.1,0,0,False
2,2026092818,maest,ambient_balanced,0.5,rock,identity,0,0,False
2,2026092818,maest,ambient_balanced,1.0,electronic,identity,0,0,False
2,2026092818,maest,ambient_balanced,1.0,pop,0.001,0,0,False
2,2026092818,maest,ambient_balanced,1.0,ambient,0.01,0,0,False
2,2026092818,maest,ambient_balanced,1.0,rock,identity,0,0,False
2,2026092818,maest,unweighted,0.25,electronic,identity,0,0,False
2,2026092818,maest,unweighted,0.25,pop,identity,0,0,False
2,2026092818,maest,unweighted,0.25,ambient,0.1,0,0,False
2,2026092818,maest,unweighted,0.25,rock,0.1,5,1,False
2,2026092818,maest,unweighted,0.5,electronic,0.01,0,0,False
2,2026092818,maest,unweighted,0.5,pop,0.01,0,0,False
2,2026092818,maest,unweighted,0.5,ambient,0.0,0,0,False
2,2026092818,maest,unweighted,0.5,rock,identity,0,0,False
2,2026092818,maest,unweighted,1.0,electronic,identity,0,0,False
2,2026092818,maest,unweighted,1.0,pop,0.001,0,0,False
2,2026092818,maest,unweighted,1.0,ambient,0.01,0,0,False
2,2026092818,maest,unweighted,1.0,rock,identity,0,0,False
2,2026092818,mert_v0,ambient_balanced,0.25,electronic,identity,0,0,False
2,2026092818,mert_v0,ambient_balanced,0.25,pop,identity,0,0,False
2,2026092818,mert_v0,ambient_balanced,0.25,ambient,identity,0,0,False
2,2026092818,mert_v0,ambient_balanced,0.25,rock,0.1,5,1,False
2,2026092818,mert_v0,ambient_balanced,0.5,electronic,0.1,0,0,False
2,2026092818,mert_v0,ambient_balanced,0.5,pop,identity,0,0,False
2,2026092818,mert_v0,ambient_balanced,0.5,ambient,0.1,0,0,False
2,2026092818,mert_v0,ambient_balanced,0.5,rock,identity,0,0,False
2,2026092818,mert_v0,ambient_balanced,1.0,electronic,identity,0,0,False
2,2026092818,mert_v0,ambient_balanced,1.0,pop,0.01,0,0,False
2,2026092818,mert_v0,ambient_balanced,1.0,ambient,0.01,0,0,False
2,2026092818,mert_v0,ambient_balanced,1.0,rock,0.001,0,0,False
2,2026092818,mert_v0,unweighted,0.25,electronic,identity,0,0,False
2,2026092818,mert_v0,unweighted,0.25,pop,identity,0,0,False
2,2026092818,mert_v0,unweighted,0.25,ambient,0.1,0,0,False
2,2026092818,mert_v0,unweighted,0.25,rock,0.1,5,1,False
2,2026092818,mert_v0,unweighted,0.5,electronic,0.1,0,0,False
2,2026092818,mert_v0,unweighted,0.5,pop,identity,0,0,False
2,2026092818,mert_v0,unweighted,0.5,ambient,0.1,0,0,False
2,2026092818,mert_v0,unweighted,0.5,rock,identity,0,0,False
2,2026092818,mert_v0,unweighted,1.0,electronic,identity,0,0,False
2,2026092818,mert_v0,unweighted,1.0,pop,0.01,0,0,False
2,2026092818,mert_v0,unweighted,1.0,ambient,0.01,0,0,False
2,2026092818,mert_v0,unweighted,1.0,rock,0.001,0,0,False
2,2026092818,mert_v1,ambient_balanced,0.25,electronic,identity,0,0,False
2,2026092818,mert_v1,ambient_balanced,0.25,pop,identity,0,0,False
2,2026092818,mert_v1,ambient_balanced,0.25,ambient,identity,0,0,False
2,2026092818,mert_v1,ambient_balanced,0.25,rock,0.01,5,1,False
2,2026092818,mert_v1,ambient_balanced,0.5,electronic,0.01,0,0,False
2,2026092818,mert_v1,ambient_balanced,0.5,pop,identity,0,0,False
2,2026092818,mert_v1,ambient_balanced,0.5,ambient,0.01,0,0,False
2,2026092818,mert_v1,ambient_balanced,0.5,rock,1.0,0,0,False
2,2026092818,mert_v1,ambient_balanced,1.0,electronic,identity,0,0,False
2,2026092818,mert_v1,ambient_balanced,1.0,pop,0.01,0,0,False
2,2026092818,mert_v1,ambient_balanced,1.0,ambient,0.01,0,0,False
2,2026092818,mert_v1,ambient_balanced,1.0,rock,0.01,1,0,False
2,2026092818,mert_v1,unweighted,0.25,electronic,identity,0,0,False
2,2026092818,mert_v1,unweighted,0.25,pop,identity,0,0,False
2,2026092818,mert_v1,unweighted,0.25,ambient,0.1,0,0,False
2,2026092818,mert_v1,unweighted,0.25,rock,0.01,5,1,False
2,2026092818,mert_v1,unweighted,0.5,electronic,0.01,0,0,False
2,2026092818,mert_v1,unweighted,0.5,pop,identity,0,0,False
2,2026092818,mert_v1,unweighted,0.5,ambient,0.001,0,0,False
2,2026092818,mert_v1,unweighted,0.5,rock,1.0,0,0,False
2,2026092818,mert_v1,unweighted,1.0,electronic,identity,0,0,False
2,2026092818,mert_v1,unweighted,1.0,pop,0.01,0,0,False
2,2026092818,mert_v1,unweighted,1.0,ambient,0.001,0,0,False
2,2026092818,mert_v1,unweighted,1.0,rock,0.01,1,0,False
2,2026092819,maest,ambient_balanced,0.25,electronic,identity,0,0,False
2,2026092819,maest,ambient_balanced,0.25,pop,1.0,0,0,False
2,2026092819,maest,ambient_balanced,0.25,ambient,0.0,0,0,False
2,2026092819,maest,ambient_balanced,0.25,rock,identity,0,0,False
2,2026092819,maest,ambient_balanced,0.5,electronic,identity,0,0,False
2,2026092819,maest,ambient_balanced,0.5,pop,0.1,0,0,False
2,2026092819,maest,ambient_balanced,0.5,ambient,0.01,0,0,False
2,2026092819,maest,ambient_balanced,0.5,rock,identity,0,0,False
2,2026092819,maest,ambient_balanced,1.0,electronic,identity,0,0,False
2,2026092819,maest,ambient_balanced,1.0,pop,0.001,0,0,False
2,2026092819,maest,ambient_balanced,1.0,ambient,0.01,0,0,False
2,2026092819,maest,ambient_balanced,1.0,rock,0.1,0,0,False
2,2026092819,maest,unweighted,0.25,electronic,identity,0,0,False
2,2026092819,maest,unweighted,0.25,pop,1.0,0,0,False
2,2026092819,maest,unweighted,0.25,ambient,0.0,0,0,False
2,2026092819,maest,unweighted,0.25,rock,identity,0,0,False
2,2026092819,maest,unweighted,0.5,electronic,identity,0,0,False
2,2026092819,maest,unweighted,0.5,pop,0.1,0,0,False
2,2026092819,maest,unweighted,0.5,ambient,identity,0,0,False
2,2026092819,maest,unweighted,0.5,rock,identity,0,0,False
2,2026092819,maest,unweighted,1.0,electronic,identity,0,0,False
2,2026092819,maest,unweighted,1.0,pop,0.001,0,0,False
2,2026092819,maest,unweighted,1.0,ambient,0.01,0,0,False
2,2026092819,maest,unweighted,1.0,rock,0.1,0,0,False
2,2026092819,mert_v0,ambient_balanced,0.25,electronic,1.0,0,0,False
2,2026092819,mert_v0,ambient_balanced,0.25,pop,0.1,0,0,False
2,2026092819,mert_v0,ambient_balanced,0.25,ambient,0.0,0,0,False
2,2026092819,mert_v0,ambient_balanced,0.25,rock,identity,0,0,False
2,2026092819,mert_v0,ambient_balanced,0.5,electronic,0.01,0,0,False
2,2026092819,mert_v0,ambient_balanced,0.5,pop,0.1,0,0,False
2,2026092819,mert_v0,ambient_balanced,0.5,ambient,0.01,0,0,False
2,2026092819,mert_v0,ambient_balanced,0.5,rock,identity,0,0,False
2,2026092819,mert_v0,ambient_balanced,1.0,electronic,1.0,0,0,False
2,2026092819,mert_v0,ambient_balanced,1.0,pop,0.01,0,0,False
2,2026092819,mert_v0,ambient_balanced,1.0,ambient,0.01,0,0,False
2,2026092819,mert_v0,ambient_balanced,1.0,rock,0.1,0,0,False
2,2026092819,mert_v0,unweighted,0.25,electronic,1.0,0,0,False
2,2026092819,mert_v0,unweighted,0.25,pop,0.1,0,0,False
2,2026092819,mert_v0,unweighted,0.25,ambient,0.0,0,0,False
2,2026092819,mert_v0,unweighted,0.25,rock,identity,0,0,False
2,2026092819,mert_v0,unweighted,0.5,electronic,0.01,0,0,False
2,2026092819,mert_v0,unweighted,0.5,pop,0.1,0,0,False
2,2026092819,mert_v0,unweighted,0.5,ambient,identity,0,0,False
2,2026092819,mert_v0,unweighted,0.5,rock,identity,0,0,False
2,2026092819,mert_v0,unweighted,1.0,electronic,1.0,0,0,False
2,2026092819,mert_v0,unweighted,1.0,pop,0.01,0,0,False
2,2026092819,mert_v0,unweighted,1.0,ambient,identity,0,0,False
2,2026092819,mert_v0,unweighted,1.0,rock,0.1,0,0,False
2,2026092819,mert_v1,ambient_balanced,0.25,electronic,identity,0,0,False
2,2026092819,mert_v1,ambient_balanced,0.25,pop,0.0,0,0,False
2,2026092819,mert_v1,ambient_balanced,0.25,ambient,0.0,0,0,False
2,2026092819,mert_v1,ambient_balanced,0.25,rock,identity,0,0,False
2,2026092819,mert_v1,ambient_balanced,0.5,electronic,0.1,0,0,False
2,2026092819,mert_v1,ambient_balanced,0.5,pop,0.1,0,0,False
2,2026092819,mert_v1,ambient_balanced,0.5,ambient,0.01,0,0,False
2,2026092819,mert_v1,ambient_balanced,0.5,rock,identity,0,0,False
2,2026092819,mert_v1,ambient_balanced,1.0,electronic,identity,0,0,False
2,2026092819,mert_v1,ambient_balanced,1.0,pop,0.01,0,0,False
2,2026092819,mert_v1,ambient_balanced,1.0,ambient,0.01,0,0,False
2,2026092819,mert_v1,ambient_balanced,1.0,rock,1.0,0,0,False
2,2026092819,mert_v1,unweighted,0.25,electronic,identity,0,0,False
2,2026092819,mert_v1,unweighted,0.25,pop,0.0,0,0,False
2,2026092819,mert_v1,unweighted,0.25,ambient,0.0,0,0,False
2,2026092819,mert_v1,unweighted,0.25,rock,identity,0,0,False
2,2026092819,mert_v1,unweighted,0.5,electronic,0.1,0,0,False
2,2026092819,mert_v1,unweighted,0.5,pop,0.1,0,0,False
2,2026092819,mert_v1,unweighted,0.5,ambient,identity,0,0,False
2,2026092819,mert_v1,unweighted,0.5,rock,identity,0,0,False
2,2026092819,mert_v1,unweighted,1.0,electronic,identity,0,0,False
2,2026092819,mert_v1,unweighted,1.0,pop,0.01,0,0,False
2,2026092819,mert_v1,unweighted,1.0,ambient,identity,0,0,False
2,2026092819,mert_v1,unweighted,1.0,rock,1.0,0,0,False
3,2026092800,maest,ambient_balanced,0.25,electronic,1.0,0,0,False
3,2026092800,maest,ambient_balanced,0.25,pop,identity,0,0,False
3,2026092800,maest,ambient_balanced,0.25,ambient,0.001,0,0,False
3,2026092800,maest,ambient_balanced,0.25,rock,identity,0,0,False
3,2026092800,maest,ambient_balanced,0.5,electronic,identity,0,0,False
3,2026092800,maest,ambient_balanced,0.5,pop,1.0,0,0,False
3,2026092800,maest,ambient_balanced,0.5,ambient,0.001,0,0,False
3,2026092800,maest,ambient_balanced,0.5,rock,identity,0,0,False
3,2026092800,maest,ambient_balanced,1.0,electronic,identity,0,0,False
3,2026092800,maest,ambient_balanced,1.0,pop,identity,0,0,False
3,2026092800,maest,ambient_balanced,1.0,ambient,0.01,0,0,False
3,2026092800,maest,ambient_balanced,1.0,rock,0.0,0,0,False
3,2026092800,maest,unweighted,0.25,electronic,1.0,0,0,False
3,2026092800,maest,unweighted,0.25,pop,identity,0,0,False
3,2026092800,maest,unweighted,0.25,ambient,0.001,0,0,False
3,2026092800,maest,unweighted,0.25,rock,identity,0,0,False
3,2026092800,maest,unweighted,0.5,electronic,identity,0,0,False
3,2026092800,maest,unweighted,0.5,pop,1.0,0,0,False
3,2026092800,maest,unweighted,0.5,ambient,identity,0,0,False
3,2026092800,maest,unweighted,0.5,rock,identity,0,0,False
3,2026092800,maest,unweighted,1.0,electronic,identity,0,0,False
3,2026092800,maest,unweighted,1.0,pop,identity,0,0,False
3,2026092800,maest,unweighted,1.0,ambient,identity,0,0,False
3,2026092800,maest,unweighted,1.0,rock,0.0,0,0,False
3,2026092800,mert_v0,ambient_balanced,0.25,electronic,1.0,0,0,False
3,2026092800,mert_v0,ambient_balanced,0.25,pop,0.0,0,0,False
3,2026092800,mert_v0,ambient_balanced,0.25,ambient,0.0,0,0,False
3,2026092800,mert_v0,ambient_balanced,0.25,rock,identity,0,0,False
3,2026092800,mert_v0,ambient_balanced,0.5,electronic,identity,0,0,False
3,2026092800,mert_v0,ambient_balanced,0.5,pop,0.0,0,0,False
3,2026092800,mert_v0,ambient_balanced,0.5,ambient,0.001,0,0,False
3,2026092800,mert_v0,ambient_balanced,0.5,rock,identity,0,0,False
3,2026092800,mert_v0,ambient_balanced,1.0,electronic,identity,0,0,False
3,2026092800,mert_v0,ambient_balanced,1.0,pop,0.001,0,0,False
3,2026092800,mert_v0,ambient_balanced,1.0,ambient,0.01,0,0,False
3,2026092800,mert_v0,ambient_balanced,1.0,rock,1.0,0,0,False
3,2026092800,mert_v0,unweighted,0.25,electronic,1.0,0,0,False
3,2026092800,mert_v0,unweighted,0.25,pop,0.0,0,0,False
3,2026092800,mert_v0,unweighted,0.25,ambient,0.0,0,0,False
3,2026092800,mert_v0,unweighted,0.25,rock,identity,0,0,False
3,2026092800,mert_v0,unweighted,0.5,electronic,identity,0,0,False
3,2026092800,mert_v0,unweighted,0.5,pop,0.0,0,0,False
3,2026092800,mert_v0,unweighted,0.5,ambient,identity,0,0,False
3,2026092800,mert_v0,unweighted,0.5,rock,identity,0,0,False
3,2026092800,mert_v0,unweighted,1.0,electronic,identity,0,0,False
3,2026092800,mert_v0,unweighted,1.0,pop,0.001,0,0,False
3,2026092800,mert_v0,unweighted,1.0,ambient,identity,0,0,False
3,2026092800,mert_v0,unweighted,1.0,rock,1.0,0,0,False
3,2026092800,mert_v1,ambient_balanced,0.25,electronic,0.1,0,0,False
3,2026092800,mert_v1,ambient_balanced,0.25,pop,identity,0,0,False
3,2026092800,mert_v1,ambient_balanced,0.25,ambient,0.001,0,0,False
3,2026092800,mert_v1,ambient_balanced,0.25,rock,identity,0,0,False
3,2026092800,mert_v1,ambient_balanced,0.5,electronic,identity,0,0,False
3,2026092800,mert_v1,ambient_balanced,0.5,pop,0.0,0,0,False
3,2026092800,mert_v1,ambient_balanced,0.5,ambient,0.001,0,0,False
3,2026092800,mert_v1,ambient_balanced,0.5,rock,identity,0,0,False
3,2026092800,mert_v1,ambient_balanced,1.0,electronic,1.0,0,0,False
3,2026092800,mert_v1,ambient_balanced,1.0,pop,identity,0,0,False
3,2026092800,mert_v1,ambient_balanced,1.0,ambient,0.01,0,0,False
3,2026092800,mert_v1,ambient_balanced,1.0,rock,1.0,0,0,False
3,2026092800,mert_v1,unweighted,0.25,electronic,0.1,0,0,False
3,2026092800,mert_v1,unweighted,0.25,pop,identity,0,0,False
3,2026092800,mert_v1,unweighted,0.25,ambient,0.001,0,0,False
3,2026092800,mert_v1,unweighted,0.25,rock,identity,0,0,False
3,2026092800,mert_v1,unweighted,0.5,electronic,identity,0,0,False
3,2026092800,mert_v1,unweighted,0.5,pop,0.0,0,0,False
3,2026092800,mert_v1,unweighted,0.5,ambient,identity,0,0,False
3,2026092800,mert_v1,unweighted,0.5,rock,identity,0,0,False
3,2026092800,mert_v1,unweighted,1.0,electronic,1.0,0,0,False
3,2026092800,mert_v1,unweighted,1.0,pop,identity,0,0,False
3,2026092800,mert_v1,unweighted,1.0,ambient,identity,0,0,False
3,2026092800,mert_v1,unweighted,1.0,rock,1.0,0,0,False
3,2026092801,maest,ambient_balanced,0.25,electronic,1.0,0,0,False
3,2026092801,maest,ambient_balanced,0.25,pop,identity,0,0,False
3,2026092801,maest,ambient_balanced,0.25,ambient,0.0,0,0,False
3,2026092801,maest,ambient_balanced,0.25,rock,identity,0,0,False
3,2026092801,maest,ambient_balanced,0.5,electronic,identity,0,0,False
3,2026092801,maest,ambient_balanced,0.5,pop,identity,0,0,False
3,2026092801,maest,ambient_balanced,0.5,ambient,0.001,0,0,False
3,2026092801,maest,ambient_balanced,0.5,rock,1.0,0,0,False
3,2026092801,maest,ambient_balanced,1.0,electronic,identity,0,0,False
3,2026092801,maest,ambient_balanced,1.0,pop,identity,0,0,False
3,2026092801,maest,ambient_balanced,1.0,ambient,0.001,0,0,False
3,2026092801,maest,ambient_balanced,1.0,rock,identity,0,0,False
3,2026092801,maest,unweighted,0.25,electronic,1.0,0,0,False
3,2026092801,maest,unweighted,0.25,pop,identity,0,0,False
3,2026092801,maest,unweighted,0.25,ambient,identity,0,0,False
3,2026092801,maest,unweighted,0.25,rock,identity,0,0,False
3,2026092801,maest,unweighted,0.5,electronic,identity,0,0,False
3,2026092801,maest,unweighted,0.5,pop,identity,0,0,False
3,2026092801,maest,unweighted,0.5,ambient,0.001,0,0,False
3,2026092801,maest,unweighted,0.5,rock,1.0,0,0,False
3,2026092801,maest,unweighted,1.0,electronic,identity,0,0,False
3,2026092801,maest,unweighted,1.0,pop,identity,0,0,False
3,2026092801,maest,unweighted,1.0,ambient,0.01,0,0,False
3,2026092801,maest,unweighted,1.0,rock,identity,0,0,False
3,2026092801,mert_v0,ambient_balanced,0.25,electronic,0.1,0,0,False
3,2026092801,mert_v0,ambient_balanced,0.25,pop,identity,0,0,False
3,2026092801,mert_v0,ambient_balanced,0.25,ambient,0.01,0,0,False
3,2026092801,mert_v0,ambient_balanced,0.25,rock,0.01,0,0,False
3,2026092801,mert_v0,ambient_balanced,0.5,electronic,1.0,0,0,False
3,2026092801,mert_v0,ambient_balanced,0.5,pop,identity,0,0,False
3,2026092801,mert_v0,ambient_balanced,0.5,ambient,0.001,0,0,False
3,2026092801,mert_v0,ambient_balanced,0.5,rock,identity,0,0,False
3,2026092801,mert_v0,ambient_balanced,1.0,electronic,identity,0,0,False
3,2026092801,mert_v0,ambient_balanced,1.0,pop,identity,0,0,False
3,2026092801,mert_v0,ambient_balanced,1.0,ambient,0.01,0,0,False
3,2026092801,mert_v0,ambient_balanced,1.0,rock,0.001,0,0,False
3,2026092801,mert_v0,unweighted,0.25,electronic,0.1,0,0,False
3,2026092801,mert_v0,unweighted,0.25,pop,identity,0,0,False
3,2026092801,mert_v0,unweighted,0.25,ambient,identity,0,0,False
3,2026092801,mert_v0,unweighted,0.25,rock,0.01,0,0,False
3,2026092801,mert_v0,unweighted,0.5,electronic,1.0,0,0,False
3,2026092801,mert_v0,unweighted,0.5,pop,identity,0,0,False
3,2026092801,mert_v0,unweighted,0.5,ambient,0.001,0,0,False
3,2026092801,mert_v0,unweighted,0.5,rock,identity,0,0,False
3,2026092801,mert_v0,unweighted,1.0,electronic,identity,0,0,False
3,2026092801,mert_v0,unweighted,1.0,pop,identity,0,0,False
3,2026092801,mert_v0,unweighted,1.0,ambient,0.01,0,0,False
3,2026092801,mert_v0,unweighted,1.0,rock,0.001,0,0,False
3,2026092801,mert_v1,ambient_balanced,0.25,electronic,0.1,0,0,False
3,2026092801,mert_v1,ambient_balanced,0.25,pop,identity,0,0,False
3,2026092801,mert_v1,ambient_balanced,0.25,ambient,0.01,0,0,False
3,2026092801,mert_v1,ambient_balanced,0.25,rock,0.001,0,0,False
3,2026092801,mert_v1,ambient_balanced,0.5,electronic,1.0,0,0,False
3,2026092801,mert_v1,ambient_balanced,0.5,pop,identity,0,0,False
3,2026092801,mert_v1,ambient_balanced,0.5,ambient,0.001,0,0,False
3,2026092801,mert_v1,ambient_balanced,0.5,rock,identity,0,0,False
3,2026092801,mert_v1,ambient_balanced,1.0,electronic,0.1,0,0,False
3,2026092801,mert_v1,ambient_balanced,1.0,pop,identity,0,0,False
3,2026092801,mert_v1,ambient_balanced,1.0,ambient,0.01,0,0,False
3,2026092801,mert_v1,ambient_balanced,1.0,rock,0.1,0,0,False
3,2026092801,mert_v1,unweighted,0.25,electronic,0.1,0,0,False
3,2026092801,mert_v1,unweighted,0.25,pop,identity,0,0,False
3,2026092801,mert_v1,unweighted,0.25,ambient,identity,0,0,False
3,2026092801,mert_v1,unweighted,0.25,rock,0.001,0,0,False
3,2026092801,mert_v1,unweighted,0.5,electronic,1.0,0,0,False
3,2026092801,mert_v1,unweighted,0.5,pop,identity,0,0,False
3,2026092801,mert_v1,unweighted,0.5,ambient,0.01,0,0,False
3,2026092801,mert_v1,unweighted,0.5,rock,identity,0,0,False
3,2026092801,mert_v1,unweighted,1.0,electronic,0.1,0,0,False
3,2026092801,mert_v1,unweighted,1.0,pop,identity,0,0,False
3,2026092801,mert_v1,unweighted,1.0,ambient,1.0,0,0,False
3,2026092801,mert_v1,unweighted,1.0,rock,0.1,0,0,False
3,2026092802,maest,ambient_balanced,0.25,electronic,0.1,0,0,False
3,2026092802,maest,ambient_balanced,0.25,pop,identity,0,0,False
3,2026092802,maest,ambient_balanced,0.25,ambient,0.01,0,0,False
3,2026092802,maest,ambient_balanced,0.25,rock,identity,0,0,False
3,2026092802,maest,ambient_balanced,0.5,electronic,identity,0,0,False
3,2026092802,maest,ambient_balanced,0.5,pop,identity,0,0,False
3,2026092802,maest,ambient_balanced,0.5,ambient,0.0,0,0,False
3,2026092802,maest,ambient_balanced,0.5,rock,identity,0,0,False
3,2026092802,maest,ambient_balanced,1.0,electronic,identity,0,0,False
3,2026092802,maest,ambient_balanced,1.0,pop,identity,0,0,False
3,2026092802,maest,ambient_balanced,1.0,ambient,0.01,0,0,False
3,2026092802,maest,ambient_balanced,1.0,rock,identity,0,0,False
3,2026092802,maest,unweighted,0.25,electronic,0.1,0,0,False
3,2026092802,maest,unweighted,0.25,pop,identity,0,0,False
3,2026092802,maest,unweighted,0.25,ambient,1.0,0,0,False
3,2026092802,maest,unweighted,0.25,rock,identity,0,0,False
3,2026092802,maest,unweighted,0.5,electronic,identity,0,0,False
3,2026092802,maest,unweighted,0.5,pop,identity,0,0,False
3,2026092802,maest,unweighted,0.5,ambient,0.1,0,0,False
3,2026092802,maest,unweighted,0.5,rock,identity,0,0,False
3,2026092802,maest,unweighted,1.0,electronic,identity,0,0,False
3,2026092802,maest,unweighted,1.0,pop,identity,0,0,False
3,2026092802,maest,unweighted,1.0,ambient,identity,0,0,False
3,2026092802,maest,unweighted,1.0,rock,identity,0,0,False
3,2026092802,mert_v0,ambient_balanced,0.25,electronic,identity,0,0,False
3,2026092802,mert_v0,ambient_balanced,0.25,pop,identity,0,0,False
3,2026092802,mert_v0,ambient_balanced,0.25,ambient,0.0,0,0,False
3,2026092802,mert_v0,ambient_balanced,0.25,rock,0.001,0,0,False
3,2026092802,mert_v0,ambient_balanced,0.5,electronic,identity,0,0,False
3,2026092802,mert_v0,ambient_balanced,0.5,pop,0.01,0,0,False
3,2026092802,mert_v0,ambient_balanced,0.5,ambient,0.001,0,0,False
3,2026092802,mert_v0,ambient_balanced,0.5,rock,0.0,0,0,False
3,2026092802,mert_v0,ambient_balanced,1.0,electronic,identity,0,0,False
3,2026092802,mert_v0,ambient_balanced,1.0,pop,identity,0,0,False
3,2026092802,mert_v0,ambient_balanced,1.0,ambient,0.01,0,0,False
3,2026092802,mert_v0,ambient_balanced,1.0,rock,0.001,0,0,False
3,2026092802,mert_v0,unweighted,0.25,electronic,identity,0,0,False
3,2026092802,mert_v0,unweighted,0.25,pop,identity,0,0,False
3,2026092802,mert_v0,unweighted,0.25,ambient,identity,0,0,False
3,2026092802,mert_v0,unweighted,0.25,rock,0.001,0,0,False
3,2026092802,mert_v0,unweighted,0.5,electronic,identity,0,0,False
3,2026092802,mert_v0,unweighted,0.5,pop,0.01,0,0,False
3,2026092802,mert_v0,unweighted,0.5,ambient,identity,0,0,False
3,2026092802,mert_v0,unweighted,0.5,rock,0.0,0,0,False
3,2026092802,mert_v0,unweighted,1.0,electronic,identity,0,0,False
3,2026092802,mert_v0,unweighted,1.0,pop,identity,0,0,False
3,2026092802,mert_v0,unweighted,1.0,ambient,identity,0,0,False
3,2026092802,mert_v0,unweighted,1.0,rock,0.001,0,0,False
3,2026092802,mert_v1,ambient_balanced,0.25,electronic,1.0,0,0,False
3,2026092802,mert_v1,ambient_balanced,0.25,pop,identity,0,0,False
3,2026092802,mert_v1,ambient_balanced,0.25,ambient,0.001,0,0,False
3,2026092802,mert_v1,ambient_balanced,0.25,rock,0.0,0,0,False
3,2026092802,mert_v1,ambient_balanced,0.5,electronic,identity,0,0,False
3,2026092802,mert_v1,ambient_balanced,0.5,pop,identity,0,0,False
3,2026092802,mert_v1,ambient_balanced,0.5,ambient,0.01,1,0,False
3,2026092802,mert_v1,ambient_balanced,0.5,rock,0.0,0,0,False
3,2026092802,mert_v1,ambient_balanced,1.0,electronic,0.1,0,0,False
3,2026092802,mert_v1,ambient_balanced,1.0,pop,identity,0,0,False
3,2026092802,mert_v1,ambient_balanced,1.0,ambient,0.01,0,0,False
3,2026092802,mert_v1,ambient_balanced,1.0,rock,0.0,0,0,False
3,2026092802,mert_v1,unweighted,0.25,electronic,1.0,0,0,False
3,2026092802,mert_v1,unweighted,0.25,pop,identity,0,0,False
3,2026092802,mert_v1,unweighted,0.25,ambient,identity,0,0,False
3,2026092802,mert_v1,unweighted,0.25,rock,0.0,0,0,False
3,2026092802,mert_v1,unweighted,0.5,electronic,identity,0,0,False
3,2026092802,mert_v1,unweighted,0.5,pop,identity,0,0,False
3,2026092802,mert_v1,unweighted,0.5,ambient,identity,0,0,False
3,2026092802,mert_v1,unweighted,0.5,rock,0.0,0,0,False
3,2026092802,mert_v1,unweighted,1.0,electronic,0.1,0,0,False
3,2026092802,mert_v1,unweighted,1.0,pop,identity,0,0,False
3,2026092802,mert_v1,unweighted,1.0,ambient,identity,0,0,False
3,2026092802,mert_v1,unweighted,1.0,rock,0.0,0,0,False
3,2026092803,maest,ambient_balanced,0.25,electronic,identity,0,0,False
3,2026092803,maest,ambient_balanced,0.25,pop,0.01,5,1,False
3,2026092803,maest,ambient_balanced,0.25,ambient,0.1,0,0,False
3,2026092803,maest,ambient_balanced,0.25,rock,0.1,0,0,False
3,2026092803,maest,ambient_balanced,0.5,electronic,0.1,0,0,False
3,2026092803,maest,ambient_balanced,0.5,pop,identity,0,0,False
3,2026092803,maest,ambient_balanced,0.5,ambient,0.01,0,0,False
3,2026092803,maest,ambient_balanced,0.5,rock,identity,0,0,False
3,2026092803,maest,ambient_balanced,1.0,electronic,identity,0,0,False
3,2026092803,maest,ambient_balanced,1.0,pop,0.01,0,0,False
3,2026092803,maest,ambient_balanced,1.0,ambient,0.01,0,0,False
3,2026092803,maest,ambient_balanced,1.0,rock,identity,0,0,False
3,2026092803,maest,unweighted,0.25,electronic,identity,0,0,False
3,2026092803,maest,unweighted,0.25,pop,0.01,5,1,False
3,2026092803,maest,unweighted,0.25,ambient,1.0,0,0,False
3,2026092803,maest,unweighted,0.25,rock,0.1,0,0,False
3,2026092803,maest,unweighted,0.5,electronic,0.1,0,0,False
3,2026092803,maest,unweighted,0.5,pop,identity,0,0,False
3,2026092803,maest,unweighted,0.5,ambient,identity,0,0,False
3,2026092803,maest,unweighted,0.5,rock,identity,0,0,False
3,2026092803,maest,unweighted,1.0,electronic,identity,0,0,False
3,2026092803,maest,unweighted,1.0,pop,0.01,0,0,False
3,2026092803,maest,unweighted,1.0,ambient,identity,0,0,False
3,2026092803,maest,unweighted,1.0,rock,identity,0,0,False
3,2026092803,mert_v0,ambient_balanced,0.25,electronic,identity,0,0,False
3,2026092803,mert_v0,ambient_balanced,0.25,pop,0.01,5,1,False
3,2026092803,mert_v0,ambient_balanced,0.25,ambient,0.1,0,0,False
3,2026092803,mert_v0,ambient_balanced,0.25,rock,0.1,0,0,False
3,2026092803,mert_v0,ambient_balanced,0.5,electronic,identity,0,0,False
3,2026092803,mert_v0,ambient_balanced,0.5,pop,identity,0,0,False
3,2026092803,mert_v0,ambient_balanced,0.5,ambient,0.01,0,0,False
3,2026092803,mert_v0,ambient_balanced,0.5,rock,identity,0,0,False
3,2026092803,mert_v0,ambient_balanced,1.0,electronic,identity,0,0,False
3,2026092803,mert_v0,ambient_balanced,1.0,pop,identity,0,0,False
3,2026092803,mert_v0,ambient_balanced,1.0,ambient,0.01,0,0,False
3,2026092803,mert_v0,ambient_balanced,1.0,rock,identity,0,0,False
3,2026092803,mert_v0,unweighted,0.25,electronic,identity,0,0,False
3,2026092803,mert_v0,unweighted,0.25,pop,0.01,5,1,False
3,2026092803,mert_v0,unweighted,0.25,ambient,1.0,0,0,False
3,2026092803,mert_v0,unweighted,0.25,rock,0.1,0,0,False
3,2026092803,mert_v0,unweighted,0.5,electronic,identity,0,0,False
3,2026092803,mert_v0,unweighted,0.5,pop,identity,0,0,False
3,2026092803,mert_v0,unweighted,0.5,ambient,identity,0,0,False
3,2026092803,mert_v0,unweighted,0.5,rock,identity,0,0,False
3,2026092803,mert_v0,unweighted,1.0,electronic,identity,0,0,False
3,2026092803,mert_v0,unweighted,1.0,pop,identity,0,0,False
3,2026092803,mert_v0,unweighted,1.0,ambient,identity,0,0,False
3,2026092803,mert_v0,unweighted,1.0,rock,identity,0,0,False
3,2026092803,mert_v1,ambient_balanced,0.25,electronic,identity,0,0,False
3,2026092803,mert_v1,ambient_balanced,0.25,pop,0.01,5,1,False
3,2026092803,mert_v1,ambient_balanced,0.25,ambient,0.1,0,0,False
3,2026092803,mert_v1,ambient_balanced,0.25,rock,1.0,0,0,False
3,2026092803,mert_v1,ambient_balanced,0.5,electronic,identity,0,0,False
3,2026092803,mert_v1,ambient_balanced,0.5,pop,identity,0,0,False
3,2026092803,mert_v1,ambient_balanced,0.5,ambient,0.01,0,0,False
3,2026092803,mert_v1,ambient_balanced,0.5,rock,1.0,0,0,False
3,2026092803,mert_v1,ambient_balanced,1.0,electronic,identity,0,0,False
3,2026092803,mert_v1,ambient_balanced,1.0,pop,identity,0,0,False
3,2026092803,mert_v1,ambient_balanced,1.0,ambient,0.01,0,0,False
3,2026092803,mert_v1,ambient_balanced,1.0,rock,identity,0,0,False
3,2026092803,mert_v1,unweighted,0.25,electronic,identity,0,0,False
3,2026092803,mert_v1,unweighted,0.25,pop,0.01,5,1,False
3,2026092803,mert_v1,unweighted,0.25,ambient,identity,0,0,False
3,2026092803,mert_v1,unweighted,0.25,rock,1.0,0,0,False
3,2026092803,mert_v1,unweighted,0.5,electronic,identity,0,0,False
3,2026092803,mert_v1,unweighted,0.5,pop,identity,0,0,False
3,2026092803,mert_v1,unweighted,0.5,ambient,identity,0,0,False
3,2026092803,mert_v1,unweighted,0.5,rock,1.0,0,0,False
3,2026092803,mert_v1,unweighted,1.0,electronic,identity,0,0,False
3,2026092803,mert_v1,unweighted,1.0,pop,identity,0,0,False
3,2026092803,mert_v1,unweighted,1.0,ambient,identity,0,0,False
3,2026092803,mert_v1,unweighted,1.0,rock,identity,0,0,False
3,2026092804,maest,ambient_balanced,0.25,electronic,identity,0,0,False
3,2026092804,maest,ambient_balanced,0.25,pop,identity,0,0,False
3,2026092804,maest,ambient_balanced,0.25,ambient,0.01,0,0,False
3,2026092804,maest,ambient_balanced,0.25,rock,identity,0,0,False
3,2026092804,maest,ambient_balanced,0.5,electronic,identity,0,0,False
3,2026092804,maest,ambient_balanced,0.5,pop,0.01,0,0,False
3,2026092804,maest,ambient_balanced,0.5,ambient,0.001,0,0,False
3,2026092804,maest,ambient_balanced,0.5,rock,identity,0,0,False
3,2026092804,maest,ambient_balanced,1.0,electronic,0.1,0,0,False
3,2026092804,maest,ambient_balanced,1.0,pop,identity,0,0,False
3,2026092804,maest,ambient_balanced,1.0,ambient,0.0,0,0,False
3,2026092804,maest,ambient_balanced,1.0,rock,0.01,0,0,False
3,2026092804,maest,unweighted,0.25,electronic,identity,0,0,False
3,2026092804,maest,unweighted,0.25,pop,identity,0,0,False
3,2026092804,maest,unweighted,0.25,ambient,identity,0,0,False
3,2026092804,maest,unweighted,0.25,rock,identity,0,0,False
3,2026092804,maest,unweighted,0.5,electronic,identity,0,0,False
3,2026092804,maest,unweighted,0.5,pop,0.01,0,0,False
3,2026092804,maest,unweighted,0.5,ambient,0.01,0,0,False
3,2026092804,maest,unweighted,0.5,rock,identity,0,0,False
3,2026092804,maest,unweighted,1.0,electronic,0.1,0,0,False
3,2026092804,maest,unweighted,1.0,pop,identity,0,0,False
3,2026092804,maest,unweighted,1.0,ambient,identity,0,0,False
3,2026092804,maest,unweighted,1.0,rock,0.01,0,0,False
3,2026092804,mert_v0,ambient_balanced,0.25,electronic,identity,0,0,False
3,2026092804,mert_v0,ambient_balanced,0.25,pop,identity,0,0,False
3,2026092804,mert_v0,ambient_balanced,0.25,ambient,0.01,0,0,False
3,2026092804,mert_v0,ambient_balanced,0.25,rock,identity,0,0,False
3,2026092804,mert_v0,ambient_balanced,0.5,electronic,identity,0,0,False
3,2026092804,mert_v0,ambient_balanced,0.5,pop,0.1,0,0,False
3,2026092804,mert_v0,ambient_balanced,0.5,ambient,0.01,0,0,False
3,2026092804,mert_v0,ambient_balanced,0.5,rock,1.0,0,0,False
3,2026092804,mert_v0,ambient_balanced,1.0,electronic,1.0,0,0,False
3,2026092804,mert_v0,ambient_balanced,1.0,pop,identity,0,0,False
3,2026092804,mert_v0,ambient_balanced,1.0,ambient,0.001,0,0,False
3,2026092804,mert_v0,ambient_balanced,1.0,rock,0.1,0,0,False
3,2026092804,mert_v0,unweighted,0.25,electronic,identity,0,0,False
3,2026092804,mert_v0,unweighted,0.25,pop,identity,0,0,False
3,2026092804,mert_v0,unweighted,0.25,ambient,identity,0,0,False
3,2026092804,mert_v0,unweighted,0.25,rock,identity,0,0,False
3,2026092804,mert_v0,unweighted,0.5,electronic,identity,0,0,False
3,2026092804,mert_v0,unweighted,0.5,pop,0.1,0,0,False
3,2026092804,mert_v0,unweighted,0.5,ambient,0.0,0,0,False
3,2026092804,mert_v0,unweighted,0.5,rock,1.0,0,0,False
3,2026092804,mert_v0,unweighted,1.0,electronic,1.0,0,0,False
3,2026092804,mert_v0,unweighted,1.0,pop,identity,0,0,False
3,2026092804,mert_v0,unweighted,1.0,ambient,identity,0,0,False
3,2026092804,mert_v0,unweighted,1.0,rock,0.1,0,0,False
3,2026092804,mert_v1,ambient_balanced,0.25,electronic,identity,0,0,False
3,2026092804,mert_v1,ambient_balanced,0.25,pop,identity,0,0,False
3,2026092804,mert_v1,ambient_balanced,0.25,ambient,0.01,0,0,False
3,2026092804,mert_v1,ambient_balanced,0.25,rock,identity,0,0,False
3,2026092804,mert_v1,ambient_balanced,0.5,electronic,identity,0,0,False
3,2026092804,mert_v1,ambient_balanced,0.5,pop,0.1,0,0,False
3,2026092804,mert_v1,ambient_balanced,0.5,ambient,0.01,0,0,False
3,2026092804,mert_v1,ambient_balanced,0.5,rock,1.0,0,0,False
3,2026092804,mert_v1,ambient_balanced,1.0,electronic,identity,0,0,False
3,2026092804,mert_v1,ambient_balanced,1.0,pop,identity,0,0,False
3,2026092804,mert_v1,ambient_balanced,1.0,ambient,0.001,0,0,False
3,2026092804,mert_v1,ambient_balanced,1.0,rock,0.1,0,0,False
3,2026092804,mert_v1,unweighted,0.25,electronic,identity,0,0,False
3,2026092804,mert_v1,unweighted,0.25,pop,identity,0,0,False
3,2026092804,mert_v1,unweighted,0.25,ambient,identity,0,0,False
3,2026092804,mert_v1,unweighted,0.25,rock,identity,0,0,False
3,2026092804,mert_v1,unweighted,0.5,electronic,identity,0,0,False
3,2026092804,mert_v1,unweighted,0.5,pop,0.1,0,0,False
3,2026092804,mert_v1,unweighted,0.5,ambient,0.1,0,0,False
3,2026092804,mert_v1,unweighted,0.5,rock,1.0,0,0,False
3,2026092804,mert_v1,unweighted,1.0,electronic,identity,0,0,False
3,2026092804,mert_v1,unweighted,1.0,pop,identity,0,0,False
3,2026092804,mert_v1,unweighted,1.0,ambient,1.0,0,0,False
3,2026092804,mert_v1,unweighted,1.0,rock,0.1,0,0,False
3,2026092805,maest,ambient_balanced,0.25,electronic,0.1,0,0,False
3,2026092805,maest,ambient_balanced,0.25,pop,identity,0,0,False
3,2026092805,maest,ambient_balanced,0.25,ambient,0.01,0,0,False
3,2026092805,maest,ambient_balanced,0.25,rock,0.01,0,0,False
3,2026092805,maest,ambient_balanced,0.5,electronic,identity,0,0,False
3,2026092805,maest,ambient_balanced,0.5,pop,identity,0,0,False
3,2026092805,maest,ambient_balanced,0.5,ambient,0.1,0,0,False
3,2026092805,maest,ambient_balanced,0.5,rock,identity,0,0,False
3,2026092805,maest,ambient_balanced,1.0,electronic,identity,0,0,False
3,2026092805,maest,ambient_balanced,1.0,pop,identity,0,0,False
3,2026092805,maest,ambient_balanced,1.0,ambient,0.01,0,0,False
3,2026092805,maest,ambient_balanced,1.0,rock,identity,0,0,False
3,2026092805,maest,unweighted,0.25,electronic,0.1,0,0,False
3,2026092805,maest,unweighted,0.25,pop,identity,0,0,False
3,2026092805,maest,unweighted,0.25,ambient,identity,0,0,False
3,2026092805,maest,unweighted,0.25,rock,0.01,0,0,False
3,2026092805,maest,unweighted,0.5,electronic,identity,0,0,False
3,2026092805,maest,unweighted,0.5,pop,identity,0,0,False
3,2026092805,maest,unweighted,0.5,ambient,identity,0,0,False
3,2026092805,maest,unweighted,0.5,rock,identity,0,0,False
3,2026092805,maest,unweighted,1.0,electronic,identity,0,0,False
3,2026092805,maest,unweighted,1.0,pop,identity,0,0,False
3,2026092805,maest,unweighted,1.0,ambient,identity,0,0,False
3,2026092805,maest,unweighted,1.0,rock,identity,0,0,False
3,2026092805,mert_v0,ambient_balanced,0.25,electronic,0.01,0,0,False
3,2026092805,mert_v0,ambient_balanced,0.25,pop,identity,0,0,False
3,2026092805,mert_v0,ambient_balanced,0.25,ambient,0.01,0,0,False
3,2026092805,mert_v0,ambient_balanced,0.25,rock,1.0,0,0,False
3,2026092805,mert_v0,ambient_balanced,0.5,electronic,identity,0,0,False
3,2026092805,mert_v0,ambient_balanced,0.5,pop,identity,0,0,False
3,2026092805,mert_v0,ambient_balanced,0.5,ambient,0.1,0,0,False
3,2026092805,mert_v0,ambient_balanced,0.5,rock,identity,0,0,False
3,2026092805,mert_v0,ambient_balanced,1.0,electronic,1.0,0,0,False
3,2026092805,mert_v0,ambient_balanced,1.0,pop,identity,0,0,False
3,2026092805,mert_v0,ambient_balanced,1.0,ambient,0.01,0,0,False
3,2026092805,mert_v0,ambient_balanced,1.0,rock,0.01,0,0,False
3,2026092805,mert_v0,unweighted,0.25,electronic,0.01,0,0,False
3,2026092805,mert_v0,unweighted,0.25,pop,identity,0,0,False
3,2026092805,mert_v0,unweighted,0.25,ambient,identity,0,0,False
3,2026092805,mert_v0,unweighted,0.25,rock,1.0,0,0,False
3,2026092805,mert_v0,unweighted,0.5,electronic,identity,0,0,False
3,2026092805,mert_v0,unweighted,0.5,pop,identity,0,0,False
3,2026092805,mert_v0,unweighted,0.5,ambient,identity,0,0,False
3,2026092805,mert_v0,unweighted,0.5,rock,identity,0,0,False
3,2026092805,mert_v0,unweighted,1.0,electronic,1.0,0,0,False
3,2026092805,mert_v0,unweighted,1.0,pop,identity,0,0,False
3,2026092805,mert_v0,unweighted,1.0,ambient,identity,0,0,False
3,2026092805,mert_v0,unweighted,1.0,rock,0.01,0,0,False
3,2026092805,mert_v1,ambient_balanced,0.25,electronic,0.01,0,0,False
3,2026092805,mert_v1,ambient_balanced,0.25,pop,identity,0,0,False
3,2026092805,mert_v1,ambient_balanced,0.25,ambient,0.01,0,0,False
3,2026092805,mert_v1,ambient_balanced,0.25,rock,0.1,0,0,False
3,2026092805,mert_v1,ambient_balanced,0.5,electronic,identity,0,0,False
3,2026092805,mert_v1,ambient_balanced,0.5,pop,identity,0,0,False
3,2026092805,mert_v1,ambient_balanced,0.5,ambient,0.1,0,0,False
3,2026092805,mert_v1,ambient_balanced,0.5,rock,1.0,0,0,False
3,2026092805,mert_v1,ambient_balanced,1.0,electronic,0.01,0,0,False
3,2026092805,mert_v1,ambient_balanced,1.0,pop,identity,0,0,False
3,2026092805,mert_v1,ambient_balanced,1.0,ambient,0.01,0,0,False
3,2026092805,mert_v1,ambient_balanced,1.0,rock,0.01,0,0,False
3,2026092805,mert_v1,unweighted,0.25,electronic,0.01,0,0,False
3,2026092805,mert_v1,unweighted,0.25,pop,identity,0,0,False
3,2026092805,mert_v1,unweighted,0.25,ambient,identity,0,0,False
3,2026092805,mert_v1,unweighted,0.25,rock,0.1,0,0,False
3,2026092805,mert_v1,unweighted,0.5,electronic,identity,0,0,False
3,2026092805,mert_v1,unweighted,0.5,pop,identity,0,0,False
3,2026092805,mert_v1,unweighted,0.5,ambient,1.0,0,0,False
3,2026092805,mert_v1,unweighted,0.5,rock,1.0,0,0,False
3,2026092805,mert_v1,unweighted,1.0,electronic,0.01,0,0,False
3,2026092805,mert_v1,unweighted,1.0,pop,identity,0,0,False
3,2026092805,mert_v1,unweighted,1.0,ambient,identity,0,0,False
3,2026092805,mert_v1,unweighted,1.0,rock,0.01,0,0,False
3,2026092806,maest,ambient_balanced,0.25,electronic,identity,0,0,False
3,2026092806,maest,ambient_balanced,0.25,pop,0.1,0,0,False
3,2026092806,maest,ambient_balanced,0.25,ambient,0.01,0,0,False
3,2026092806,maest,ambient_balanced,0.25,rock,identity,0,0,False
3,2026092806,maest,ambient_balanced,0.5,electronic,identity,0,0,False
3,2026092806,maest,ambient_balanced,0.5,pop,identity,0,0,False
3,2026092806,maest,ambient_balanced,0.5,ambient,0.01,0,0,False
3,2026092806,maest,ambient_balanced,0.5,rock,identity,0,0,False
3,2026092806,maest,ambient_balanced,1.0,electronic,identity,0,0,False
3,2026092806,maest,ambient_balanced,1.0,pop,identity,0,0,False
3,2026092806,maest,ambient_balanced,1.0,ambient,0.01,0,0,False
3,2026092806,maest,ambient_balanced,1.0,rock,identity,0,0,False
3,2026092806,maest,unweighted,0.25,electronic,identity,0,0,False
3,2026092806,maest,unweighted,0.25,pop,0.1,0,0,False
3,2026092806,maest,unweighted,0.25,ambient,identity,0,0,False
3,2026092806,maest,unweighted,0.25,rock,identity,0,0,False
3,2026092806,maest,unweighted,0.5,electronic,identity,0,0,False
3,2026092806,maest,unweighted,0.5,pop,identity,0,0,False
3,2026092806,maest,unweighted,0.5,ambient,identity,0,0,False
3,2026092806,maest,unweighted,0.5,rock,identity,0,0,False
3,2026092806,maest,unweighted,1.0,electronic,identity,0,0,False
3,2026092806,maest,unweighted,1.0,pop,identity,0,0,False
3,2026092806,maest,unweighted,1.0,ambient,identity,0,0,False
3,2026092806,maest,unweighted,1.0,rock,identity,0,0,False
3,2026092806,mert_v0,ambient_balanced,0.25,electronic,identity,0,0,False
3,2026092806,mert_v0,ambient_balanced,0.25,pop,0.1,0,0,False
3,2026092806,mert_v0,ambient_balanced,0.25,ambient,0.01,0,0,False
3,2026092806,mert_v0,ambient_balanced,0.25,rock,identity,0,0,False
3,2026092806,mert_v0,ambient_balanced,0.5,electronic,identity,0,0,False
3,2026092806,mert_v0,ambient_balanced,0.5,pop,identity,0,0,False
3,2026092806,mert_v0,ambient_balanced,0.5,ambient,0.01,0,0,False
3,2026092806,mert_v0,ambient_balanced,0.5,rock,identity,0,0,False
3,2026092806,mert_v0,ambient_balanced,1.0,electronic,identity,0,0,False
3,2026092806,mert_v0,ambient_balanced,1.0,pop,identity,0,0,False
3,2026092806,mert_v0,ambient_balanced,1.0,ambient,0.001,0,0,False
3,2026092806,mert_v0,ambient_balanced,1.0,rock,0.001,0,0,False
3,2026092806,mert_v0,unweighted,0.25,electronic,identity,0,0,False
3,2026092806,mert_v0,unweighted,0.25,pop,0.1,0,0,False
3,2026092806,mert_v0,unweighted,0.25,ambient,identity,0,0,False
3,2026092806,mert_v0,unweighted,0.25,rock,identity,0,0,False
3,2026092806,mert_v0,unweighted,0.5,electronic,identity,0,0,False
3,2026092806,mert_v0,unweighted,0.5,pop,identity,0,0,False
3,2026092806,mert_v0,unweighted,0.5,ambient,identity,0,0,False
3,2026092806,mert_v0,unweighted,0.5,rock,identity,0,0,False
3,2026092806,mert_v0,unweighted,1.0,electronic,identity,0,0,False
3,2026092806,mert_v0,unweighted,1.0,pop,identity,0,0,False
3,2026092806,mert_v0,unweighted,1.0,ambient,0.1,0,0,False
3,2026092806,mert_v0,unweighted,1.0,rock,0.001,0,0,False
3,2026092806,mert_v1,ambient_balanced,0.25,electronic,identity,1,0,False
3,2026092806,mert_v1,ambient_balanced,0.25,pop,0.1,0,0,False
3,2026092806,mert_v1,ambient_balanced,0.25,ambient,0.01,0,0,False
3,2026092806,mert_v1,ambient_balanced,0.25,rock,identity,0,0,False
3,2026092806,mert_v1,ambient_balanced,0.5,electronic,identity,0,0,False
3,2026092806,mert_v1,ambient_balanced,0.5,pop,0.001,0,0,False
3,2026092806,mert_v1,ambient_balanced,0.5,ambient,0.01,0,0,False
3,2026092806,mert_v1,ambient_balanced,0.5,rock,identity,0,0,False
3,2026092806,mert_v1,ambient_balanced,1.0,electronic,identity,0,0,False
3,2026092806,mert_v1,ambient_balanced,1.0,pop,identity,0,0,False
3,2026092806,mert_v1,ambient_balanced,1.0,ambient,0.001,0,0,False
3,2026092806,mert_v1,ambient_balanced,1.0,rock,0.0,0,0,False
3,2026092806,mert_v1,unweighted,0.25,electronic,identity,1,0,False
3,2026092806,mert_v1,unweighted,0.25,pop,0.1,0,0,False
3,2026092806,mert_v1,unweighted,0.25,ambient,identity,0,0,False
3,2026092806,mert_v1,unweighted,0.25,rock,identity,0,0,False
3,2026092806,mert_v1,unweighted,0.5,electronic,identity,0,0,False
3,2026092806,mert_v1,unweighted,0.5,pop,0.001,0,0,False
3,2026092806,mert_v1,unweighted,0.5,ambient,identity,0,0,False
3,2026092806,mert_v1,unweighted,0.5,rock,identity,0,0,False
3,2026092806,mert_v1,unweighted,1.0,electronic,identity,0,0,False
3,2026092806,mert_v1,unweighted,1.0,pop,identity,0,0,False
3,2026092806,mert_v1,unweighted,1.0,ambient,0.1,0,0,False
3,2026092806,mert_v1,unweighted,1.0,rock,0.0,0,0,False
3,2026092807,maest,ambient_balanced,0.25,electronic,identity,0,0,False
3,2026092807,maest,ambient_balanced,0.25,pop,identity,0,0,False
3,2026092807,maest,ambient_balanced,0.25,ambient,0.001,0,0,False
3,2026092807,maest,ambient_balanced,0.25,rock,identity,0,0,False
3,2026092807,maest,ambient_balanced,0.5,electronic,identity,0,0,False
3,2026092807,maest,ambient_balanced,0.5,pop,0.01,0,0,False
3,2026092807,maest,ambient_balanced,0.5,ambient,0.01,0,0,False
3,2026092807,maest,ambient_balanced,0.5,rock,identity,0,0,False
3,2026092807,maest,ambient_balanced,1.0,electronic,identity,0,0,False
3,2026092807,maest,ambient_balanced,1.0,pop,0.001,0,0,False
3,2026092807,maest,ambient_balanced,1.0,ambient,0.01,0,0,False
3,2026092807,maest,ambient_balanced,1.0,rock,identity,0,0,False
3,2026092807,maest,unweighted,0.25,electronic,identity,0,0,False
3,2026092807,maest,unweighted,0.25,pop,identity,0,0,False
3,2026092807,maest,unweighted,0.25,ambient,0.001,0,0,False
3,2026092807,maest,unweighted,0.25,rock,identity,0,0,False
3,2026092807,maest,unweighted,0.5,electronic,identity,0,0,False
3,2026092807,maest,unweighted,0.5,pop,0.01,0,0,False
3,2026092807,maest,unweighted,0.5,ambient,identity,0,0,False
3,2026092807,maest,unweighted,0.5,rock,identity,0,0,False
3,2026092807,maest,unweighted,1.0,electronic,identity,0,0,False
3,2026092807,maest,unweighted,1.0,pop,0.001,0,0,False
3,2026092807,maest,unweighted,1.0,ambient,identity,0,0,False
3,2026092807,maest,unweighted,1.0,rock,identity,0,0,False
3,2026092807,mert_v0,ambient_balanced,0.25,electronic,0.1,0,0,False
3,2026092807,mert_v0,ambient_balanced,0.25,pop,0.001,0,0,False
3,2026092807,mert_v0,ambient_balanced,0.25,ambient,0.01,0,0,False
3,2026092807,mert_v0,ambient_balanced,0.25,rock,identity,0,0,False
3,2026092807,mert_v0,ambient_balanced,0.5,electronic,identity,0,0,False
3,2026092807,mert_v0,ambient_balanced,0.5,pop,0.1,0,0,False
3,2026092807,mert_v0,ambient_balanced,0.5,ambient,0.01,0,0,False
3,2026092807,mert_v0,ambient_balanced,0.5,rock,identity,0,0,False
3,2026092807,mert_v0,ambient_balanced,1.0,electronic,0.1,0,0,False
3,2026092807,mert_v0,ambient_balanced,1.0,pop,0.01,0,0,False
3,2026092807,mert_v0,ambient_balanced,1.0,ambient,0.01,0,0,False
3,2026092807,mert_v0,ambient_balanced,1.0,rock,1.0,0,0,False
3,2026092807,mert_v0,unweighted,0.25,electronic,0.1,0,0,False
3,2026092807,mert_v0,unweighted,0.25,pop,0.001,0,0,False
3,2026092807,mert_v0,unweighted,0.25,ambient,1.0,0,0,False
3,2026092807,mert_v0,unweighted,0.25,rock,identity,0,0,False
3,2026092807,mert_v0,unweighted,0.5,electronic,identity,0,0,False
3,2026092807,mert_v0,unweighted,0.5,pop,0.1,0,0,False
3,2026092807,mert_v0,unweighted,0.5,ambient,identity,0,0,False
3,2026092807,mert_v0,unweighted,0.5,rock,identity,0,0,False
3,2026092807,mert_v0,unweighted,1.0,electronic,0.1,0,0,False
3,2026092807,mert_v0,unweighted,1.0,pop,0.01,0,0,False
3,2026092807,mert_v0,unweighted,1.0,ambient,identity,0,0,False
3,2026092807,mert_v0,unweighted,1.0,rock,1.0,0,0,False
3,2026092807,mert_v1,ambient_balanced,0.25,electronic,0.1,0,0,False
3,2026092807,mert_v1,ambient_balanced,0.25,pop,0.1,0,0,False
3,2026092807,mert_v1,ambient_balanced,0.25,ambient,0.01,0,0,False
3,2026092807,mert_v1,ambient_balanced,0.25,rock,identity,0,0,False
3,2026092807,mert_v1,ambient_balanced,0.5,electronic,identity,0,0,False
3,2026092807,mert_v1,ambient_balanced,0.5,pop,1.0,0,0,False
3,2026092807,mert_v1,ambient_balanced,0.5,ambient,0.01,0,0,False
3,2026092807,mert_v1,ambient_balanced,0.5,rock,identity,0,0,False
3,2026092807,mert_v1,ambient_balanced,1.0,electronic,0.1,0,0,False
3,2026092807,mert_v1,ambient_balanced,1.0,pop,0.1,0,0,False
3,2026092807,mert_v1,ambient_balanced,1.0,ambient,0.01,0,0,False
3,2026092807,mert_v1,ambient_balanced,1.0,rock,identity,0,0,False
3,2026092807,mert_v1,unweighted,0.25,electronic,0.1,0,0,False
3,2026092807,mert_v1,unweighted,0.25,pop,0.1,0,0,False
3,2026092807,mert_v1,unweighted,0.25,ambient,1.0,0,0,False
3,2026092807,mert_v1,unweighted,0.25,rock,identity,0,0,False
3,2026092807,mert_v1,unweighted,0.5,electronic,identity,0,0,False
3,2026092807,mert_v1,unweighted,0.5,pop,1.0,0,0,False
3,2026092807,mert_v1,unweighted,0.5,ambient,identity,0,0,False
3,2026092807,mert_v1,unweighted,0.5,rock,identity,0,0,False
3,2026092807,mert_v1,unweighted,1.0,electronic,0.1,0,0,False
3,2026092807,mert_v1,unweighted,1.0,pop,0.1,0,0,False
3,2026092807,mert_v1,unweighted,1.0,ambient,identity,0,0,False
3,2026092807,mert_v1,unweighted,1.0,rock,identity,0,0,False
3,2026092808,maest,ambient_balanced,0.25,electronic,identity,0,0,False
3,2026092808,maest,ambient_balanced,0.25,pop,identity,0,0,False
3,2026092808,maest,ambient_balanced,0.25,ambient,0.01,0,0,False
3,2026092808,maest,ambient_balanced,0.25,rock,identity,0,0,False
3,2026092808,maest,ambient_balanced,0.5,electronic,identity,0,0,False
3,2026092808,maest,ambient_balanced,0.5,pop,0.01,0,0,False
3,2026092808,maest,ambient_balanced,0.5,ambient,0.0,0,0,False
3,2026092808,maest,ambient_balanced,0.5,rock,identity,0,0,False
3,2026092808,maest,ambient_balanced,1.0,electronic,identity,0,0,False
3,2026092808,maest,ambient_balanced,1.0,pop,identity,0,0,False
3,2026092808,maest,ambient_balanced,1.0,ambient,0.01,0,0,False
3,2026092808,maest,ambient_balanced,1.0,rock,identity,0,0,False
3,2026092808,maest,unweighted,0.25,electronic,identity,0,0,False
3,2026092808,maest,unweighted,0.25,pop,identity,0,0,False
3,2026092808,maest,unweighted,0.25,ambient,identity,0,0,False
3,2026092808,maest,unweighted,0.25,rock,identity,0,0,False
3,2026092808,maest,unweighted,0.5,electronic,identity,0,0,False
3,2026092808,maest,unweighted,0.5,pop,0.01,0,0,False
3,2026092808,maest,unweighted,0.5,ambient,identity,0,0,False
3,2026092808,maest,unweighted,0.5,rock,identity,0,0,False
3,2026092808,maest,unweighted,1.0,electronic,identity,0,0,False
3,2026092808,maest,unweighted,1.0,pop,identity,0,0,False
3,2026092808,maest,unweighted,1.0,ambient,identity,0,0,False
3,2026092808,maest,unweighted,1.0,rock,identity,0,0,False
3,2026092808,mert_v0,ambient_balanced,0.25,electronic,identity,0,0,False
3,2026092808,mert_v0,ambient_balanced,0.25,pop,identity,0,0,False
3,2026092808,mert_v0,ambient_balanced,0.25,ambient,0.01,0,0,False
3,2026092808,mert_v0,ambient_balanced,0.25,rock,identity,0,0,False
3,2026092808,mert_v0,ambient_balanced,0.5,electronic,identity,0,0,False
3,2026092808,mert_v0,ambient_balanced,0.5,pop,0.001,0,0,False
3,2026092808,mert_v0,ambient_balanced,0.5,ambient,0.01,0,0,False
3,2026092808,mert_v0,ambient_balanced,0.5,rock,identity,0,0,False
3,2026092808,mert_v0,ambient_balanced,1.0,electronic,identity,0,0,False
3,2026092808,mert_v0,ambient_balanced,1.0,pop,0.001,0,0,False
3,2026092808,mert_v0,ambient_balanced,1.0,ambient,0.01,0,0,False
3,2026092808,mert_v0,ambient_balanced,1.0,rock,0.001,0,0,False
3,2026092808,mert_v0,unweighted,0.25,electronic,identity,0,0,False
3,2026092808,mert_v0,unweighted,0.25,pop,identity,0,0,False
3,2026092808,mert_v0,unweighted,0.25,ambient,identity,0,0,False
3,2026092808,mert_v0,unweighted,0.25,rock,identity,0,0,False
3,2026092808,mert_v0,unweighted,0.5,electronic,identity,0,0,False
3,2026092808,mert_v0,unweighted,0.5,pop,0.001,0,0,False
3,2026092808,mert_v0,unweighted,0.5,ambient,identity,0,0,False
3,2026092808,mert_v0,unweighted,0.5,rock,identity,0,0,False
3,2026092808,mert_v0,unweighted,1.0,electronic,identity,0,0,False
3,2026092808,mert_v0,unweighted,1.0,pop,0.001,0,0,False
3,2026092808,mert_v0,unweighted,1.0,ambient,identity,0,0,False
3,2026092808,mert_v0,unweighted,1.0,rock,0.001,0,0,False
3,2026092808,mert_v1,ambient_balanced,0.25,electronic,identity,0,0,False
3,2026092808,mert_v1,ambient_balanced,0.25,pop,identity,0,0,False
3,2026092808,mert_v1,ambient_balanced,0.25,ambient,0.01,0,0,False
3,2026092808,mert_v1,ambient_balanced,0.25,rock,identity,0,0,False
3,2026092808,mert_v1,ambient_balanced,0.5,electronic,identity,0,0,False
3,2026092808,mert_v1,ambient_balanced,0.5,pop,0.01,0,0,False
3,2026092808,mert_v1,ambient_balanced,0.5,ambient,0.01,0,0,False
3,2026092808,mert_v1,ambient_balanced,0.5,rock,identity,0,0,False
3,2026092808,mert_v1,ambient_balanced,1.0,electronic,identity,0,0,False
3,2026092808,mert_v1,ambient_balanced,1.0,pop,0.001,0,0,False
3,2026092808,mert_v1,ambient_balanced,1.0,ambient,0.01,0,0,False
3,2026092808,mert_v1,ambient_balanced,1.0,rock,identity,0,0,False
3,2026092808,mert_v1,unweighted,0.25,electronic,identity,0,0,False
3,2026092808,mert_v1,unweighted,0.25,pop,identity,0,0,False
3,2026092808,mert_v1,unweighted,0.25,ambient,0.01,0,0,False
3,2026092808,mert_v1,unweighted,0.25,rock,identity,0,0,False
3,2026092808,mert_v1,unweighted,0.5,electronic,identity,0,0,False
3,2026092808,mert_v1,unweighted,0.5,pop,0.01,0,0,False
3,2026092808,mert_v1,unweighted,0.5,ambient,identity,0,0,False
3,2026092808,mert_v1,unweighted,0.5,rock,identity,0,0,False
3,2026092808,mert_v1,unweighted,1.0,electronic,identity,0,0,False
3,2026092808,mert_v1,unweighted,1.0,pop,0.001,0,0,False
3,2026092808,mert_v1,unweighted,1.0,ambient,identity,0,0,False
3,2026092808,mert_v1,unweighted,1.0,rock,identity,0,0,False
3,2026092809,maest,ambient_balanced,0.25,electronic,0.01,0,0,False
3,2026092809,maest,ambient_balanced,0.25,pop,0.01,0,0,False
3,2026092809,maest,ambient_balanced,0.25,ambient,0.1,0,0,False
3,2026092809,maest,ambient_balanced,0.25,rock,identity,0,0,False
3,2026092809,maest,ambient_balanced,0.5,electronic,0.001,0,0,False
3,2026092809,maest,ambient_balanced,0.5,pop,0.1,0,0,False
3,2026092809,maest,ambient_balanced,0.5,ambient,0.01,0,0,False
3,2026092809,maest,ambient_balanced,0.5,rock,identity,0,0,False
3,2026092809,maest,ambient_balanced,1.0,electronic,identity,0,0,False
3,2026092809,maest,ambient_balanced,1.0,pop,0.01,0,0,False
3,2026092809,maest,ambient_balanced,1.0,ambient,0.01,0,0,False
3,2026092809,maest,ambient_balanced,1.0,rock,identity,0,0,False
3,2026092809,maest,unweighted,0.25,electronic,0.01,0,0,False
3,2026092809,maest,unweighted,0.25,pop,0.01,0,0,False
3,2026092809,maest,unweighted,0.25,ambient,identity,1,0,False
3,2026092809,maest,unweighted,0.25,rock,identity,0,0,False
3,2026092809,maest,unweighted,0.5,electronic,0.001,0,0,False
3,2026092809,maest,unweighted,0.5,pop,0.1,0,0,False
3,2026092809,maest,unweighted,0.5,ambient,identity,0,0,False
3,2026092809,maest,unweighted,0.5,rock,identity,0,0,False
3,2026092809,maest,unweighted,1.0,electronic,identity,0,0,False
3,2026092809,maest,unweighted,1.0,pop,0.01,0,0,False
3,2026092809,maest,unweighted,1.0,ambient,identity,0,0,False
3,2026092809,maest,unweighted,1.0,rock,identity,0,0,False
3,2026092809,mert_v0,ambient_balanced,0.25,electronic,0.01,0,0,False
3,2026092809,mert_v0,ambient_balanced,0.25,pop,0.0,0,0,False
3,2026092809,mert_v0,ambient_balanced,0.25,ambient,0.1,0,0,False
3,2026092809,mert_v0,ambient_balanced,0.25,rock,1.0,0,0,False
3,2026092809,mert_v0,ambient_balanced,0.5,electronic,0.01,0,0,False
3,2026092809,mert_v0,ambient_balanced,0.5,pop,0.1,0,0,False
3,2026092809,mert_v0,ambient_balanced,0.5,ambient,0.01,0,0,False
3,2026092809,mert_v0,ambient_balanced,0.5,rock,identity,0,0,False
3,2026092809,mert_v0,ambient_balanced,1.0,electronic,0.0,0,0,False
3,2026092809,mert_v0,ambient_balanced,1.0,pop,0.01,0,0,False
3,2026092809,mert_v0,ambient_balanced,1.0,ambient,0.001,0,0,False
3,2026092809,mert_v0,ambient_balanced,1.0,rock,0.0,0,0,False
3,2026092809,mert_v0,unweighted,0.25,electronic,0.01,0,0,False
3,2026092809,mert_v0,unweighted,0.25,pop,0.0,0,0,False
3,2026092809,mert_v0,unweighted,0.25,ambient,identity,0,0,False
3,2026092809,mert_v0,unweighted,0.25,rock,1.0,0,0,False
3,2026092809,mert_v0,unweighted,0.5,electronic,0.01,0,0,False
3,2026092809,mert_v0,unweighted,0.5,pop,0.1,0,0,False
3,2026092809,mert_v0,unweighted,0.5,ambient,identity,0,0,False
3,2026092809,mert_v0,unweighted,0.5,rock,identity,0,0,False
3,2026092809,mert_v0,unweighted,1.0,electronic,0.0,0,0,False
3,2026092809,mert_v0,unweighted,1.0,pop,0.01,0,0,False
3,2026092809,mert_v0,unweighted,1.0,ambient,identity,0,0,False
3,2026092809,mert_v0,unweighted,1.0,rock,0.0,0,0,False
3,2026092809,mert_v1,ambient_balanced,0.25,electronic,0.001,0,0,False
3,2026092809,mert_v1,ambient_balanced,0.25,pop,0.01,0,0,False
3,2026092809,mert_v1,ambient_balanced,0.25,ambient,0.1,0,0,False
3,2026092809,mert_v1,ambient_balanced,0.25,rock,identity,0,0,False
3,2026092809,mert_v1,ambient_balanced,0.5,electronic,0.001,0,0,False
3,2026092809,mert_v1,ambient_balanced,0.5,pop,0.0,0,0,False
3,2026092809,mert_v1,ambient_balanced,0.5,ambient,0.01,0,0,False
3,2026092809,mert_v1,ambient_balanced,0.5,rock,identity,0,0,False
3,2026092809,mert_v1,ambient_balanced,1.0,electronic,0.0,0,0,False
3,2026092809,mert_v1,ambient_balanced,1.0,pop,0.01,0,0,False
3,2026092809,mert_v1,ambient_balanced,1.0,ambient,0.01,0,0,False
3,2026092809,mert_v1,ambient_balanced,1.0,rock,identity,0,0,False
3,2026092809,mert_v1,unweighted,0.25,electronic,0.001,0,0,False
3,2026092809,mert_v1,unweighted,0.25,pop,0.01,0,0,False
3,2026092809,mert_v1,unweighted,0.25,ambient,identity,0,0,False
3,2026092809,mert_v1,unweighted,0.25,rock,identity,0,0,False
3,2026092809,mert_v1,unweighted,0.5,electronic,0.001,0,0,False
3,2026092809,mert_v1,unweighted,0.5,pop,0.0,0,0,False
3,2026092809,mert_v1,unweighted,0.5,ambient,identity,0,0,False
3,2026092809,mert_v1,unweighted,0.5,rock,identity,0,0,False
3,2026092809,mert_v1,unweighted,1.0,electronic,0.0,0,0,False
3,2026092809,mert_v1,unweighted,1.0,pop,0.01,0,0,False
3,2026092809,mert_v1,unweighted,1.0,ambient,identity,0,0,False
3,2026092809,mert_v1,unweighted,1.0,rock,identity,0,0,False
3,2026092810,maest,ambient_balanced,0.25,electronic,identity,0,0,False
3,2026092810,maest,ambient_balanced,0.25,pop,identity,0,0,False
3,2026092810,maest,ambient_balanced,0.25,ambient,1.0,0,0,False
3,2026092810,maest,ambient_balanced,0.25,rock,identity,0,0,False
3,2026092810,maest,ambient_balanced,0.5,electronic,identity,0,0,False
3,2026092810,maest,ambient_balanced,0.5,pop,identity,0,0,False
3,2026092810,maest,ambient_balanced,0.5,ambient,0.1,0,0,False
3,2026092810,maest,ambient_balanced,0.5,rock,1.0,0,0,False
3,2026092810,maest,ambient_balanced,1.0,electronic,identity,0,0,False
3,2026092810,maest,ambient_balanced,1.0,pop,identity,0,0,False
3,2026092810,maest,ambient_balanced,1.0,ambient,0.001,0,0,False
3,2026092810,maest,ambient_balanced,1.0,rock,identity,0,0,False
3,2026092810,maest,unweighted,0.25,electronic,identity,0,0,False
3,2026092810,maest,unweighted,0.25,pop,identity,0,0,False
3,2026092810,maest,unweighted,0.25,ambient,identity,0,0,False
3,2026092810,maest,unweighted,0.25,rock,identity,0,0,False
3,2026092810,maest,unweighted,0.5,electronic,identity,0,0,False
3,2026092810,maest,unweighted,0.5,pop,identity,0,0,False
3,2026092810,maest,unweighted,0.5,ambient,identity,0,0,False
3,2026092810,maest,unweighted,0.5,rock,1.0,0,0,False
3,2026092810,maest,unweighted,1.0,electronic,identity,0,0,False
3,2026092810,maest,unweighted,1.0,pop,identity,0,0,False
3,2026092810,maest,unweighted,1.0,ambient,0.1,0,0,False
3,2026092810,maest,unweighted,1.0,rock,identity,0,0,False
3,2026092810,mert_v0,ambient_balanced,0.25,electronic,identity,0,0,False
3,2026092810,mert_v0,ambient_balanced,0.25,pop,identity,0,0,False
3,2026092810,mert_v0,ambient_balanced,0.25,ambient,0.1,0,0,False
3,2026092810,mert_v0,ambient_balanced,0.25,rock,identity,0,0,False
3,2026092810,mert_v0,ambient_balanced,0.5,electronic,identity,0,0,False
3,2026092810,mert_v0,ambient_balanced,0.5,pop,identity,0,0,False
3,2026092810,mert_v0,ambient_balanced,0.5,ambient,0.01,0,0,False
3,2026092810,mert_v0,ambient_balanced,0.5,rock,0.01,1,0,False
3,2026092810,mert_v0,ambient_balanced,1.0,electronic,identity,0,0,False
3,2026092810,mert_v0,ambient_balanced,1.0,pop,0.001,0,0,False
3,2026092810,mert_v0,ambient_balanced,1.0,ambient,0.001,0,0,False
3,2026092810,mert_v0,ambient_balanced,1.0,rock,0.001,0,0,False
3,2026092810,mert_v0,unweighted,0.25,electronic,identity,0,0,False
3,2026092810,mert_v0,unweighted,0.25,pop,identity,0,0,False
3,2026092810,mert_v0,unweighted,0.25,ambient,identity,0,0,False
3,2026092810,mert_v0,unweighted,0.25,rock,identity,0,0,False
3,2026092810,mert_v0,unweighted,0.5,electronic,identity,0,0,False
3,2026092810,mert_v0,unweighted,0.5,pop,identity,0,0,False
3,2026092810,mert_v0,unweighted,0.5,ambient,identity,0,0,False
3,2026092810,mert_v0,unweighted,0.5,rock,0.01,1,0,False
3,2026092810,mert_v0,unweighted,1.0,electronic,identity,0,0,False
3,2026092810,mert_v0,unweighted,1.0,pop,0.001,0,0,False
3,2026092810,mert_v0,unweighted,1.0,ambient,identity,0,0,False
3,2026092810,mert_v0,unweighted,1.0,rock,0.001,0,0,False
3,2026092810,mert_v1,ambient_balanced,0.25,electronic,identity,0,0,False
3,2026092810,mert_v1,ambient_balanced,0.25,pop,identity,0,0,False
3,2026092810,mert_v1,ambient_balanced,0.25,ambient,0.1,0,0,False
3,2026092810,mert_v1,ambient_balanced,0.25,rock,identity,0,0,False
3,2026092810,mert_v1,ambient_balanced,0.5,electronic,identity,0,0,False
3,2026092810,mert_v1,ambient_balanced,0.5,pop,identity,0,0,False
3,2026092810,mert_v1,ambient_balanced,0.5,ambient,0.01,0,0,False
3,2026092810,mert_v1,ambient_balanced,0.5,rock,0.01,0,0,False
3,2026092810,mert_v1,ambient_balanced,1.0,electronic,identity,0,0,False
3,2026092810,mert_v1,ambient_balanced,1.0,pop,0.01,0,0,False
3,2026092810,mert_v1,ambient_balanced,1.0,ambient,0.01,0,0,False
3,2026092810,mert_v1,ambient_balanced,1.0,rock,0.001,0,0,False
3,2026092810,mert_v1,unweighted,0.25,electronic,identity,0,0,False
3,2026092810,mert_v1,unweighted,0.25,pop,identity,0,0,False
3,2026092810,mert_v1,unweighted,0.25,ambient,identity,0,0,False
3,2026092810,mert_v1,unweighted,0.25,rock,identity,0,0,False
3,2026092810,mert_v1,unweighted,0.5,electronic,identity,0,0,False
3,2026092810,mert_v1,unweighted,0.5,pop,identity,0,0,False
3,2026092810,mert_v1,unweighted,0.5,ambient,identity,0,0,False
3,2026092810,mert_v1,unweighted,0.5,rock,0.01,0,0,False
3,2026092810,mert_v1,unweighted,1.0,electronic,identity,0,0,False
3,2026092810,mert_v1,unweighted,1.0,pop,0.01,0,0,False
3,2026092810,mert_v1,unweighted,1.0,ambient,identity,0,0,False
3,2026092810,mert_v1,unweighted,1.0,rock,0.001,0,0,False
3,2026092811,maest,ambient_balanced,0.25,electronic,identity,0,0,False
3,2026092811,maest,ambient_balanced,0.25,pop,identity,0,0,False
3,2026092811,maest,ambient_balanced,0.25,ambient,0.1,0,0,False
3,2026092811,maest,ambient_balanced,0.25,rock,0.0,0,0,False
3,2026092811,maest,ambient_balanced,0.5,electronic,0.1,0,0,False
3,2026092811,maest,ambient_balanced,0.5,pop,identity,0,0,False
3,2026092811,maest,ambient_balanced,0.5,ambient,1.0,0,0,False
3,2026092811,maest,ambient_balanced,0.5,rock,identity,0,0,False
3,2026092811,maest,ambient_balanced,1.0,electronic,identity,0,0,False
3,2026092811,maest,ambient_balanced,1.0,pop,identity,0,0,False
3,2026092811,maest,ambient_balanced,1.0,ambient,0.01,0,0,False
3,2026092811,maest,ambient_balanced,1.0,rock,identity,0,0,False
3,2026092811,maest,unweighted,0.25,electronic,identity,0,0,False
3,2026092811,maest,unweighted,0.25,pop,identity,0,0,False
3,2026092811,maest,unweighted,0.25,ambient,identity,0,0,False
3,2026092811,maest,unweighted,0.25,rock,0.0,0,0,False
3,2026092811,maest,unweighted,0.5,electronic,0.1,0,0,False
3,2026092811,maest,unweighted,0.5,pop,identity,0,0,False
3,2026092811,maest,unweighted,0.5,ambient,identity,0,0,False
3,2026092811,maest,unweighted,0.5,rock,identity,0,0,False
3,2026092811,maest,unweighted,1.0,electronic,identity,0,0,False
3,2026092811,maest,unweighted,1.0,pop,identity,0,0,False
3,2026092811,maest,unweighted,1.0,ambient,identity,0,0,False
3,2026092811,maest,unweighted,1.0,rock,identity,0,0,False
3,2026092811,mert_v0,ambient_balanced,0.25,electronic,0.01,0,0,False
3,2026092811,mert_v0,ambient_balanced,0.25,pop,identity,0,0,False
3,2026092811,mert_v0,ambient_balanced,0.25,ambient,0.01,0,0,False
3,2026092811,mert_v0,ambient_balanced,0.25,rock,0.01,0,0,False
3,2026092811,mert_v0,ambient_balanced,0.5,electronic,0.0,0,0,False
3,2026092811,mert_v0,ambient_balanced,0.5,pop,identity,0,0,False
3,2026092811,mert_v0,ambient_balanced,0.5,ambient,0.1,0,0,False
3,2026092811,mert_v0,ambient_balanced,0.5,rock,0.0,0,0,False
3,2026092811,mert_v0,ambient_balanced,1.0,electronic,0.0,0,0,False
3,2026092811,mert_v0,ambient_balanced,1.0,pop,identity,0,0,False
3,2026092811,mert_v0,ambient_balanced,1.0,ambient,0.01,0,0,False
3,2026092811,mert_v0,ambient_balanced,1.0,rock,0.01,0,0,False
3,2026092811,mert_v0,unweighted,0.25,electronic,0.01,0,0,False
3,2026092811,mert_v0,unweighted,0.25,pop,identity,0,0,False
3,2026092811,mert_v0,unweighted,0.25,ambient,identity,0,0,False
3,2026092811,mert_v0,unweighted,0.25,rock,0.01,0,0,False
3,2026092811,mert_v0,unweighted,0.5,electronic,0.0,0,0,False
3,2026092811,mert_v0,unweighted,0.5,pop,identity,0,0,False
3,2026092811,mert_v0,unweighted,0.5,ambient,identity,0,0,False
3,2026092811,mert_v0,unweighted,0.5,rock,0.0,0,0,False
3,2026092811,mert_v0,unweighted,1.0,electronic,0.0,0,0,False
3,2026092811,mert_v0,unweighted,1.0,pop,identity,0,0,False
3,2026092811,mert_v0,unweighted,1.0,ambient,identity,0,0,False
3,2026092811,mert_v0,unweighted,1.0,rock,0.01,0,0,False
3,2026092811,mert_v1,ambient_balanced,0.25,electronic,identity,0,0,False
3,2026092811,mert_v1,ambient_balanced,0.25,pop,0.0,0,0,False
3,2026092811,mert_v1,ambient_balanced,0.25,ambient,0.01,0,0,False
3,2026092811,mert_v1,ambient_balanced,0.25,rock,0.0,0,0,False
3,2026092811,mert_v1,ambient_balanced,0.5,electronic,0.001,0,0,False
3,2026092811,mert_v1,ambient_balanced,0.5,pop,identity,0,0,False
3,2026092811,mert_v1,ambient_balanced,0.5,ambient,0.1,0,0,False
3,2026092811,mert_v1,ambient_balanced,0.5,rock,0.0,0,0,False
3,2026092811,mert_v1,ambient_balanced,1.0,electronic,0.01,0,0,False
3,2026092811,mert_v1,ambient_balanced,1.0,pop,identity,0,0,False
3,2026092811,mert_v1,ambient_balanced,1.0,ambient,0.01,0,0,False
3,2026092811,mert_v1,ambient_balanced,1.0,rock,0.001,0,0,False
3,2026092811,mert_v1,unweighted,0.25,electronic,identity,0,0,False
3,2026092811,mert_v1,unweighted,0.25,pop,0.0,0,0,False
3,2026092811,mert_v1,unweighted,0.25,ambient,identity,0,0,False
3,2026092811,mert_v1,unweighted,0.25,rock,0.0,0,0,False
3,2026092811,mert_v1,unweighted,0.5,electronic,0.001,0,0,False
3,2026092811,mert_v1,unweighted,0.5,pop,identity,0,0,False
3,2026092811,mert_v1,unweighted,0.5,ambient,identity,0,0,False
3,2026092811,mert_v1,unweighted,0.5,rock,0.0,0,0,False
3,2026092811,mert_v1,unweighted,1.0,electronic,0.01,0,0,False
3,2026092811,mert_v1,unweighted,1.0,pop,identity,0,0,False
3,2026092811,mert_v1,unweighted,1.0,ambient,identity,0,0,False
3,2026092811,mert_v1,unweighted,1.0,rock,0.001,0,0,False
3,2026092812,maest,ambient_balanced,0.25,electronic,identity,0,0,False
3,2026092812,maest,ambient_balanced,0.25,pop,0.01,0,0,False
3,2026092812,maest,ambient_balanced,0.25,ambient,0.1,0,0,False
3,2026092812,maest,ambient_balanced,0.25,rock,identity,0,0,False
3,2026092812,maest,ambient_balanced,0.5,electronic,identity,0,0,False
3,2026092812,maest,ambient_balanced,0.5,pop,identity,0,0,False
3,2026092812,maest,ambient_balanced,0.5,ambient,0.01,0,0,False
3,2026092812,maest,ambient_balanced,0.5,rock,identity,0,0,False
3,2026092812,maest,ambient_balanced,1.0,electronic,identity,0,0,False
3,2026092812,maest,ambient_balanced,1.0,pop,identity,0,0,False
3,2026092812,maest,ambient_balanced,1.0,ambient,0.0,0,0,False
3,2026092812,maest,ambient_balanced,1.0,rock,1.0,0,0,False
3,2026092812,maest,unweighted,0.25,electronic,identity,0,0,False
3,2026092812,maest,unweighted,0.25,pop,0.01,0,0,False
3,2026092812,maest,unweighted,0.25,ambient,identity,0,0,False
3,2026092812,maest,unweighted,0.25,rock,identity,0,0,False
3,2026092812,maest,unweighted,0.5,electronic,identity,0,0,False
3,2026092812,maest,unweighted,0.5,pop,identity,0,0,False
3,2026092812,maest,unweighted,0.5,ambient,identity,0,0,False
3,2026092812,maest,unweighted,0.5,rock,identity,0,0,False
3,2026092812,maest,unweighted,1.0,electronic,identity,0,0,False
3,2026092812,maest,unweighted,1.0,pop,identity,0,0,False
3,2026092812,maest,unweighted,1.0,ambient,0.1,0,0,False
3,2026092812,maest,unweighted,1.0,rock,1.0,0,0,False
3,2026092812,mert_v0,ambient_balanced,0.25,electronic,identity,0,0,False
3,2026092812,mert_v0,ambient_balanced,0.25,pop,1.0,0,0,False
3,2026092812,mert_v0,ambient_balanced,0.25,ambient,0.01,0,0,False
3,2026092812,mert_v0,ambient_balanced,0.25,rock,identity,0,0,False
3,2026092812,mert_v0,ambient_balanced,0.5,electronic,identity,0,0,False
3,2026092812,mert_v0,ambient_balanced,0.5,pop,identity,0,0,False
3,2026092812,mert_v0,ambient_balanced,0.5,ambient,0.01,0,0,False
3,2026092812,mert_v0,ambient_balanced,0.5,rock,identity,0,0,False
3,2026092812,mert_v0,ambient_balanced,1.0,electronic,identity,0,0,False
3,2026092812,mert_v0,ambient_balanced,1.0,pop,identity,0,0,False
3,2026092812,mert_v0,ambient_balanced,1.0,ambient,0.001,0,0,False
3,2026092812,mert_v0,ambient_balanced,1.0,rock,0.001,0,0,False
3,2026092812,mert_v0,unweighted,0.25,electronic,identity,0,0,False
3,2026092812,mert_v0,unweighted,0.25,pop,1.0,0,0,False
3,2026092812,mert_v0,unweighted,0.25,ambient,1.0,0,0,False
3,2026092812,mert_v0,unweighted,0.25,rock,identity,0,0,False
3,2026092812,mert_v0,unweighted,0.5,electronic,identity,0,0,False
3,2026092812,mert_v0,unweighted,0.5,pop,identity,0,0,False
3,2026092812,mert_v0,unweighted,0.5,ambient,1.0,0,0,False
3,2026092812,mert_v0,unweighted,0.5,rock,identity,0,0,False
3,2026092812,mert_v0,unweighted,1.0,electronic,identity,0,0,False
3,2026092812,mert_v0,unweighted,1.0,pop,identity,0,0,False
3,2026092812,mert_v0,unweighted,1.0,ambient,0.01,0,0,False
3,2026092812,mert_v0,unweighted,1.0,rock,0.001,0,0,False
3,2026092812,mert_v1,ambient_balanced,0.25,electronic,identity,0,0,False
3,2026092812,mert_v1,ambient_balanced,0.25,pop,1.0,0,0,False
3,2026092812,mert_v1,ambient_balanced,0.25,ambient,0.01,0,0,False
3,2026092812,mert_v1,ambient_balanced,0.25,rock,identity,0,0,False
3,2026092812,mert_v1,ambient_balanced,0.5,electronic,identity,0,0,False
3,2026092812,mert_v1,ambient_balanced,0.5,pop,identity,0,0,False
3,2026092812,mert_v1,ambient_balanced,0.5,ambient,0.01,0,0,False
3,2026092812,mert_v1,ambient_balanced,0.5,rock,identity,0,0,False
3,2026092812,mert_v1,ambient_balanced,1.0,electronic,identity,0,0,False
3,2026092812,mert_v1,ambient_balanced,1.0,pop,identity,0,0,False
3,2026092812,mert_v1,ambient_balanced,1.0,ambient,0.001,0,0,False
3,2026092812,mert_v1,ambient_balanced,1.0,rock,0.001,0,0,False
3,2026092812,mert_v1,unweighted,0.25,electronic,identity,0,0,False
3,2026092812,mert_v1,unweighted,0.25,pop,1.0,0,0,False
3,2026092812,mert_v1,unweighted,0.25,ambient,0.1,0,0,False
3,2026092812,mert_v1,unweighted,0.25,rock,identity,0,0,False
3,2026092812,mert_v1,unweighted,0.5,electronic,identity,0,0,False
3,2026092812,mert_v1,unweighted,0.5,pop,identity,0,0,False
3,2026092812,mert_v1,unweighted,0.5,ambient,1.0,0,0,False
3,2026092812,mert_v1,unweighted,0.5,rock,identity,0,0,False
3,2026092812,mert_v1,unweighted,1.0,electronic,identity,0,0,False
3,2026092812,mert_v1,unweighted,1.0,pop,identity,0,0,False
3,2026092812,mert_v1,unweighted,1.0,ambient,0.1,0,0,False
3,2026092812,mert_v1,unweighted,1.0,rock,0.001,0,0,False
3,2026092813,maest,ambient_balanced,0.25,electronic,identity,0,0,False
3,2026092813,maest,ambient_balanced,0.25,pop,0.1,0,0,False
3,2026092813,maest,ambient_balanced,0.25,ambient,0.1,0,0,False
3,2026092813,maest,ambient_balanced,0.25,rock,identity,0,0,False
3,2026092813,maest,ambient_balanced,0.5,electronic,0.1,0,0,False
3,2026092813,maest,ambient_balanced,0.5,pop,0.1,0,0,False
3,2026092813,maest,ambient_balanced,0.5,ambient,0.1,0,0,False
3,2026092813,maest,ambient_balanced,0.5,rock,1.0,0,0,False
3,2026092813,maest,ambient_balanced,1.0,electronic,identity,0,0,False
3,2026092813,maest,ambient_balanced,1.0,pop,1.0,0,0,False
3,2026092813,maest,ambient_balanced,1.0,ambient,0.01,0,0,False
3,2026092813,maest,ambient_balanced,1.0,rock,0.0,0,0,False
3,2026092813,maest,unweighted,0.25,electronic,identity,0,0,False
3,2026092813,maest,unweighted,0.25,pop,0.1,0,0,False
3,2026092813,maest,unweighted,0.25,ambient,identity,0,0,False
3,2026092813,maest,unweighted,0.25,rock,identity,0,0,False
3,2026092813,maest,unweighted,0.5,electronic,0.1,0,0,False
3,2026092813,maest,unweighted,0.5,pop,0.1,0,0,False
3,2026092813,maest,unweighted,0.5,ambient,identity,0,0,False
3,2026092813,maest,unweighted,0.5,rock,1.0,0,0,False
3,2026092813,maest,unweighted,1.0,electronic,identity,0,0,False
3,2026092813,maest,unweighted,1.0,pop,1.0,0,0,False
3,2026092813,maest,unweighted,1.0,ambient,identity,0,0,False
3,2026092813,maest,unweighted,1.0,rock,0.0,0,0,False
3,2026092813,mert_v0,ambient_balanced,0.25,electronic,0.1,0,0,False
3,2026092813,mert_v0,ambient_balanced,0.25,pop,0.0,0,0,False
3,2026092813,mert_v0,ambient_balanced,0.25,ambient,0.1,0,0,False
3,2026092813,mert_v0,ambient_balanced,0.25,rock,identity,0,0,False
3,2026092813,mert_v0,ambient_balanced,0.5,electronic,identity,0,0,False
3,2026092813,mert_v0,ambient_balanced,0.5,pop,1.0,0,0,False
3,2026092813,mert_v0,ambient_balanced,0.5,ambient,0.1,0,0,False
3,2026092813,mert_v0,ambient_balanced,0.5,rock,0.0,0,0,False
3,2026092813,mert_v0,ambient_balanced,1.0,electronic,identity,0,0,False
3,2026092813,mert_v0,ambient_balanced,1.0,pop,identity,0,0,False
3,2026092813,mert_v0,ambient_balanced,1.0,ambient,0.01,0,0,False
3,2026092813,mert_v0,ambient_balanced,1.0,rock,0.0,0,0,False
3,2026092813,mert_v0,unweighted,0.25,electronic,0.1,0,0,False
3,2026092813,mert_v0,unweighted,0.25,pop,0.0,0,0,False
3,2026092813,mert_v0,unweighted,0.25,ambient,identity,0,0,False
3,2026092813,mert_v0,unweighted,0.25,rock,identity,0,0,False
3,2026092813,mert_v0,unweighted,0.5,electronic,identity,0,0,False
3,2026092813,mert_v0,unweighted,0.5,pop,1.0,0,0,False
3,2026092813,mert_v0,unweighted,0.5,ambient,identity,0,0,False
3,2026092813,mert_v0,unweighted,0.5,rock,0.0,0,0,False
3,2026092813,mert_v0,unweighted,1.0,electronic,identity,0,0,False
3,2026092813,mert_v0,unweighted,1.0,pop,identity,0,0,False
3,2026092813,mert_v0,unweighted,1.0,ambient,identity,1,0,False
3,2026092813,mert_v0,unweighted,1.0,rock,0.0,0,0,False
3,2026092813,mert_v1,ambient_balanced,0.25,electronic,identity,0,0,False
3,2026092813,mert_v1,ambient_balanced,0.25,pop,0.0,0,0,False
3,2026092813,mert_v1,ambient_balanced,0.25,ambient,0.01,0,0,False
3,2026092813,mert_v1,ambient_balanced,0.25,rock,identity,0,0,False
3,2026092813,mert_v1,ambient_balanced,0.5,electronic,0.01,0,0,False
3,2026092813,mert_v1,ambient_balanced,0.5,pop,1.0,0,0,False
3,2026092813,mert_v1,ambient_balanced,0.5,ambient,0.1,0,0,False
3,2026092813,mert_v1,ambient_balanced,0.5,rock,0.01,0,0,False
3,2026092813,mert_v1,ambient_balanced,1.0,electronic,identity,0,0,False
3,2026092813,mert_v1,ambient_balanced,1.0,pop,identity,0,0,False
3,2026092813,mert_v1,ambient_balanced,1.0,ambient,0.01,0,0,False
3,2026092813,mert_v1,ambient_balanced,1.0,rock,0.0,0,0,False
3,2026092813,mert_v1,unweighted,0.25,electronic,identity,0,0,False
3,2026092813,mert_v1,unweighted,0.25,pop,0.0,0,0,False
3,2026092813,mert_v1,unweighted,0.25,ambient,0.01,0,0,False
3,2026092813,mert_v1,unweighted,0.25,rock,identity,0,0,False
3,2026092813,mert_v1,unweighted,0.5,electronic,0.01,0,0,False
3,2026092813,mert_v1,unweighted,0.5,pop,1.0,0,0,False
3,2026092813,mert_v1,unweighted,0.5,ambient,identity,0,0,False
3,2026092813,mert_v1,unweighted,0.5,rock,0.01,0,0,False
3,2026092813,mert_v1,unweighted,1.0,electronic,identity,0,0,False
3,2026092813,mert_v1,unweighted,1.0,pop,identity,0,0,False
3,2026092813,mert_v1,unweighted,1.0,ambient,identity,0,0,False
3,2026092813,mert_v1,unweighted,1.0,rock,0.0,0,0,False
3,2026092814,maest,ambient_balanced,0.25,electronic,identity,0,0,False
3,2026092814,maest,ambient_balanced,0.25,pop,0.0,0,0,False
3,2026092814,maest,ambient_balanced,0.25,ambient,0.01,0,0,False
3,2026092814,maest,ambient_balanced,0.25,rock,0.0,0,0,False
3,2026092814,maest,ambient_balanced,0.5,electronic,1.0,0,0,False
3,2026092814,maest,ambient_balanced,0.5,pop,1.0,0,0,False
3,2026092814,maest,ambient_balanced,0.5,ambient,0.01,0,0,False
3,2026092814,maest,ambient_balanced,0.5,rock,0.001,0,0,False
3,2026092814,maest,ambient_balanced,1.0,electronic,0.1,0,0,False
3,2026092814,maest,ambient_balanced,1.0,pop,identity,0,0,False
3,2026092814,maest,ambient_balanced,1.0,ambient,0.01,0,0,False
3,2026092814,maest,ambient_balanced,1.0,rock,identity,0,0,False
3,2026092814,maest,unweighted,0.25,electronic,identity,0,0,False
3,2026092814,maest,unweighted,0.25,pop,0.0,0,0,False
3,2026092814,maest,unweighted,0.25,ambient,1.0,0,0,False
3,2026092814,maest,unweighted,0.25,rock,0.0,0,0,False
3,2026092814,maest,unweighted,0.5,electronic,1.0,0,0,False
3,2026092814,maest,unweighted,0.5,pop,1.0,0,0,False
3,2026092814,maest,unweighted,0.5,ambient,identity,0,0,False
3,2026092814,maest,unweighted,0.5,rock,0.001,0,0,False
3,2026092814,maest,unweighted,1.0,electronic,0.1,0,0,False
3,2026092814,maest,unweighted,1.0,pop,identity,0,0,False
3,2026092814,maest,unweighted,1.0,ambient,identity,0,0,False
3,2026092814,maest,unweighted,1.0,rock,identity,0,0,False
3,2026092814,mert_v0,ambient_balanced,0.25,electronic,0.1,0,0,False
3,2026092814,mert_v0,ambient_balanced,0.25,pop,0.001,0,0,False
3,2026092814,mert_v0,ambient_balanced,0.25,ambient,0.01,0,0,False
3,2026092814,mert_v0,ambient_balanced,0.25,rock,0.0,0,0,False
3,2026092814,mert_v0,ambient_balanced,0.5,electronic,identity,0,0,False
3,2026092814,mert_v0,ambient_balanced,0.5,pop,identity,0,0,False
3,2026092814,mert_v0,ambient_balanced,0.5,ambient,0.01,0,0,False
3,2026092814,mert_v0,ambient_balanced,0.5,rock,identity,0,0,False
3,2026092814,mert_v0,ambient_balanced,1.0,electronic,1.0,0,0,False
3,2026092814,mert_v0,ambient_balanced,1.0,pop,identity,0,0,False
3,2026092814,mert_v0,ambient_balanced,1.0,ambient,0.01,0,0,False
3,2026092814,mert_v0,ambient_balanced,1.0,rock,identity,0,0,False
3,2026092814,mert_v0,unweighted,0.25,electronic,0.1,0,0,False
3,2026092814,mert_v0,unweighted,0.25,pop,0.001,0,0,False
3,2026092814,mert_v0,unweighted,0.25,ambient,1.0,0,0,False
3,2026092814,mert_v0,unweighted,0.25,rock,0.0,0,0,False
3,2026092814,mert_v0,unweighted,0.5,electronic,identity,0,0,False
3,2026092814,mert_v0,unweighted,0.5,pop,identity,0,0,False
3,2026092814,mert_v0,unweighted,0.5,ambient,identity,0,0,False
3,2026092814,mert_v0,unweighted,0.5,rock,identity,0,0,False
3,2026092814,mert_v0,unweighted,1.0,electronic,1.0,0,0,False
3,2026092814,mert_v0,unweighted,1.0,pop,identity,0,0,False
3,2026092814,mert_v0,unweighted,1.0,ambient,identity,0,0,False
3,2026092814,mert_v0,unweighted,1.0,rock,identity,0,0,False
3,2026092814,mert_v1,ambient_balanced,0.25,electronic,1.0,0,0,False
3,2026092814,mert_v1,ambient_balanced,0.25,pop,0.0,0,0,False
3,2026092814,mert_v1,ambient_balanced,0.25,ambient,0.01,0,0,False
3,2026092814,mert_v1,ambient_balanced,0.25,rock,0.0,0,0,False
3,2026092814,mert_v1,ambient_balanced,0.5,electronic,identity,0,0,False
3,2026092814,mert_v1,ambient_balanced,0.5,pop,identity,0,0,False
3,2026092814,mert_v1,ambient_balanced,0.5,ambient,0.01,0,0,False
3,2026092814,mert_v1,ambient_balanced,0.5,rock,identity,0,0,False
3,2026092814,mert_v1,ambient_balanced,1.0,electronic,1.0,0,0,False
3,2026092814,mert_v1,ambient_balanced,1.0,pop,identity,0,0,False
3,2026092814,mert_v1,ambient_balanced,1.0,ambient,0.01,0,0,False
3,2026092814,mert_v1,ambient_balanced,1.0,rock,identity,0,0,False
3,2026092814,mert_v1,unweighted,0.25,electronic,1.0,0,0,False
3,2026092814,mert_v1,unweighted,0.25,pop,0.0,0,0,False
3,2026092814,mert_v1,unweighted,0.25,ambient,1.0,0,0,False
3,2026092814,mert_v1,unweighted,0.25,rock,0.0,0,0,False
3,2026092814,mert_v1,unweighted,0.5,electronic,identity,0,0,False
3,2026092814,mert_v1,unweighted,0.5,pop,identity,0,0,False
3,2026092814,mert_v1,unweighted,0.5,ambient,identity,0,0,False
3,2026092814,mert_v1,unweighted,0.5,rock,identity,0,0,False
3,2026092814,mert_v1,unweighted,1.0,electronic,1.0,0,0,False
3,2026092814,mert_v1,unweighted,1.0,pop,identity,0,0,False
3,2026092814,mert_v1,unweighted,1.0,ambient,identity,0,0,False
3,2026092814,mert_v1,unweighted,1.0,rock,identity,0,0,False
3,2026092815,maest,ambient_balanced,0.25,electronic,identity,0,0,False
3,2026092815,maest,ambient_balanced,0.25,pop,identity,0,0,False
3,2026092815,maest,ambient_balanced,0.25,ambient,0.1,0,0,False
3,2026092815,maest,ambient_balanced,0.25,rock,0.1,0,0,False
3,2026092815,maest,ambient_balanced,0.5,electronic,0.0,0,0,False
3,2026092815,maest,ambient_balanced,0.5,pop,identity,0,0,False
3,2026092815,maest,ambient_balanced,0.5,ambient,0.01,0,0,False
3,2026092815,maest,ambient_balanced,0.5,rock,0.1,0,0,False
3,2026092815,maest,ambient_balanced,1.0,electronic,identity,0,0,False
3,2026092815,maest,ambient_balanced,1.0,pop,identity,0,0,False
3,2026092815,maest,ambient_balanced,1.0,ambient,0.0,0,0,False
3,2026092815,maest,ambient_balanced,1.0,rock,identity,0,0,False
3,2026092815,maest,unweighted,0.25,electronic,identity,0,0,False
3,2026092815,maest,unweighted,0.25,pop,identity,0,0,False
3,2026092815,maest,unweighted,0.25,ambient,identity,0,0,False
3,2026092815,maest,unweighted,0.25,rock,0.1,0,0,False
3,2026092815,maest,unweighted,0.5,electronic,0.0,0,0,False
3,2026092815,maest,unweighted,0.5,pop,identity,0,0,False
3,2026092815,maest,unweighted,0.5,ambient,identity,0,0,False
3,2026092815,maest,unweighted,0.5,rock,0.1,0,0,False
3,2026092815,maest,unweighted,1.0,electronic,identity,0,0,False
3,2026092815,maest,unweighted,1.0,pop,identity,0,0,False
3,2026092815,maest,unweighted,1.0,ambient,1.0,0,0,False
3,2026092815,maest,unweighted,1.0,rock,identity,0,0,False
3,2026092815,mert_v0,ambient_balanced,0.25,electronic,0.1,0,0,False
3,2026092815,mert_v0,ambient_balanced,0.25,pop,1.0,0,0,False
3,2026092815,mert_v0,ambient_balanced,0.25,ambient,0.1,0,0,False
3,2026092815,mert_v0,ambient_balanced,0.25,rock,0.1,0,0,False
3,2026092815,mert_v0,ambient_balanced,0.5,electronic,identity,0,0,False
3,2026092815,mert_v0,ambient_balanced,0.5,pop,identity,0,0,False
3,2026092815,mert_v0,ambient_balanced,0.5,ambient,0.001,0,0,False
3,2026092815,mert_v0,ambient_balanced,0.5,rock,0.0,0,0,False
3,2026092815,mert_v0,ambient_balanced,1.0,electronic,identity,0,0,False
3,2026092815,mert_v0,ambient_balanced,1.0,pop,identity,0,0,False
3,2026092815,mert_v0,ambient_balanced,1.0,ambient,0.0,0,0,False
3,2026092815,mert_v0,ambient_balanced,1.0,rock,0.001,0,0,False
3,2026092815,mert_v0,unweighted,0.25,electronic,0.1,0,0,False
3,2026092815,mert_v0,unweighted,0.25,pop,1.0,0,0,False
3,2026092815,mert_v0,unweighted,0.25,ambient,identity,0,0,False
3,2026092815,mert_v0,unweighted,0.25,rock,0.1,0,0,False
3,2026092815,mert_v0,unweighted,0.5,electronic,identity,0,0,False
3,2026092815,mert_v0,unweighted,0.5,pop,identity,0,0,False
3,2026092815,mert_v0,unweighted,0.5,ambient,identity,0,0,False
3,2026092815,mert_v0,unweighted,0.5,rock,0.0,0,0,False
3,2026092815,mert_v0,unweighted,1.0,electronic,identity,0,0,False
3,2026092815,mert_v0,unweighted,1.0,pop,identity,0,0,False
3,2026092815,mert_v0,unweighted,1.0,ambient,identity,0,0,False
3,2026092815,mert_v0,unweighted,1.0,rock,0.001,0,0,False
3,2026092815,mert_v1,ambient_balanced,0.25,electronic,0.1,0,0,False
3,2026092815,mert_v1,ambient_balanced,0.25,pop,1.0,0,0,False
3,2026092815,mert_v1,ambient_balanced,0.25,ambient,0.1,0,0,False
3,2026092815,mert_v1,ambient_balanced,0.25,rock,0.1,0,0,False
3,2026092815,mert_v1,ambient_balanced,0.5,electronic,0.001,0,0,False
3,2026092815,mert_v1,ambient_balanced,0.5,pop,identity,0,0,False
3,2026092815,mert_v1,ambient_balanced,0.5,ambient,0.001,0,0,False
3,2026092815,mert_v1,ambient_balanced,0.5,rock,0.1,0,0,False
3,2026092815,mert_v1,ambient_balanced,1.0,electronic,identity,0,0,False
3,2026092815,mert_v1,ambient_balanced,1.0,pop,identity,0,0,False
3,2026092815,mert_v1,ambient_balanced,1.0,ambient,0.0,0,0,False
3,2026092815,mert_v1,ambient_balanced,1.0,rock,0.0,0,0,False
3,2026092815,mert_v1,unweighted,0.25,electronic,0.1,0,0,False
3,2026092815,mert_v1,unweighted,0.25,pop,1.0,0,0,False
3,2026092815,mert_v1,unweighted,0.25,ambient,identity,0,0,False
3,2026092815,mert_v1,unweighted,0.25,rock,0.1,0,0,False
3,2026092815,mert_v1,unweighted,0.5,electronic,0.001,0,0,False
3,2026092815,mert_v1,unweighted,0.5,pop,identity,0,0,False
3,2026092815,mert_v1,unweighted,0.5,ambient,identity,0,0,False
3,2026092815,mert_v1,unweighted,0.5,rock,0.1,0,0,False
3,2026092815,mert_v1,unweighted,1.0,electronic,identity,0,0,False
3,2026092815,mert_v1,unweighted,1.0,pop,identity,0,0,False
3,2026092815,mert_v1,unweighted,1.0,ambient,identity,0,0,False
3,2026092815,mert_v1,unweighted,1.0,rock,0.0,0,0,False
3,2026092816,maest,ambient_balanced,0.25,electronic,identity,0,0,False
3,2026092816,maest,ambient_balanced,0.25,pop,identity,0,0,False
3,2026092816,maest,ambient_balanced,0.25,ambient,0.01,0,0,False
3,2026092816,maest,ambient_balanced,0.25,rock,identity,0,0,False
3,2026092816,maest,ambient_balanced,0.5,electronic,0.1,0,0,False
3,2026092816,maest,ambient_balanced,0.5,pop,1.0,0,0,False
3,2026092816,maest,ambient_balanced,0.5,ambient,0.001,0,0,False
3,2026092816,maest,ambient_balanced,0.5,rock,identity,0,0,False
3,2026092816,maest,ambient_balanced,1.0,electronic,0.1,0,0,False
3,2026092816,maest,ambient_balanced,1.0,pop,1.0,0,0,False
3,2026092816,maest,ambient_balanced,1.0,ambient,0.01,0,0,False
3,2026092816,maest,ambient_balanced,1.0,rock,identity,0,0,False
3,2026092816,maest,unweighted,0.25,electronic,identity,0,0,False
3,2026092816,maest,unweighted,0.25,pop,identity,0,0,False
3,2026092816,maest,unweighted,0.25,ambient,0.01,0,0,False
3,2026092816,maest,unweighted,0.25,rock,identity,0,0,False
3,2026092816,maest,unweighted,0.5,electronic,0.1,0,0,False
3,2026092816,maest,unweighted,0.5,pop,1.0,0,0,False
3,2026092816,maest,unweighted,0.5,ambient,0.001,0,0,False
3,2026092816,maest,unweighted,0.5,rock,identity,0,0,False
3,2026092816,maest,unweighted,1.0,electronic,0.1,0,0,False
3,2026092816,maest,unweighted,1.0,pop,1.0,0,0,False
3,2026092816,maest,unweighted,1.0,ambient,0.01,0,0,False
3,2026092816,maest,unweighted,1.0,rock,identity,0,0,False
3,2026092816,mert_v0,ambient_balanced,0.25,electronic,0.01,0,0,False
3,2026092816,mert_v0,ambient_balanced,0.25,pop,identity,0,0,False
3,2026092816,mert_v0,ambient_balanced,0.25,ambient,0.01,0,0,False
3,2026092816,mert_v0,ambient_balanced,0.25,rock,identity,0,0,False
3,2026092816,mert_v0,ambient_balanced,0.5,electronic,0.0,0,0,False
3,2026092816,mert_v0,ambient_balanced,0.5,pop,identity,0,0,False
3,2026092816,mert_v0,ambient_balanced,0.5,ambient,0.0,0,0,False
3,2026092816,mert_v0,ambient_balanced,0.5,rock,identity,0,0,False
3,2026092816,mert_v0,ambient_balanced,1.0,electronic,0.001,0,0,False
3,2026092816,mert_v0,ambient_balanced,1.0,pop,identity,0,0,False
3,2026092816,mert_v0,ambient_balanced,1.0,ambient,0.01,0,0,False
3,2026092816,mert_v0,ambient_balanced,1.0,rock,identity,0,0,False
3,2026092816,mert_v0,unweighted,0.25,electronic,0.01,0,0,False
3,2026092816,mert_v0,unweighted,0.25,pop,identity,0,0,False
3,2026092816,mert_v0,unweighted,0.25,ambient,identity,0,0,False
3,2026092816,mert_v0,unweighted,0.25,rock,identity,0,0,False
3,2026092816,mert_v0,unweighted,0.5,electronic,0.0,0,0,False
3,2026092816,mert_v0,unweighted,0.5,pop,identity,0,0,False
3,2026092816,mert_v0,unweighted,0.5,ambient,0.0,0,0,False
3,2026092816,mert_v0,unweighted,0.5,rock,identity,0,0,False
3,2026092816,mert_v0,unweighted,1.0,electronic,0.001,0,0,False
3,2026092816,mert_v0,unweighted,1.0,pop,identity,0,0,False
3,2026092816,mert_v0,unweighted,1.0,ambient,identity,0,0,False
3,2026092816,mert_v0,unweighted,1.0,rock,identity,0,0,False
3,2026092816,mert_v1,ambient_balanced,0.25,electronic,0.0,0,0,False
3,2026092816,mert_v1,ambient_balanced,0.25,pop,identity,0,0,False
3,2026092816,mert_v1,ambient_balanced,0.25,ambient,0.01,0,0,False
3,2026092816,mert_v1,ambient_balanced,0.25,rock,identity,0,0,False
3,2026092816,mert_v1,ambient_balanced,0.5,electronic,0.0,0,0,False
3,2026092816,mert_v1,ambient_balanced,0.5,pop,identity,0,0,False
3,2026092816,mert_v1,ambient_balanced,0.5,ambient,0.0,0,0,False
3,2026092816,mert_v1,ambient_balanced,0.5,rock,identity,0,0,False
3,2026092816,mert_v1,ambient_balanced,1.0,electronic,0.01,0,0,False
3,2026092816,mert_v1,ambient_balanced,1.0,pop,identity,0,0,False
3,2026092816,mert_v1,ambient_balanced,1.0,ambient,0.01,0,0,False
3,2026092816,mert_v1,ambient_balanced,1.0,rock,identity,0,0,False
3,2026092816,mert_v1,unweighted,0.25,electronic,0.0,0,0,False
3,2026092816,mert_v1,unweighted,0.25,pop,identity,0,0,False
3,2026092816,mert_v1,unweighted,0.25,ambient,identity,0,0,False
3,2026092816,mert_v1,unweighted,0.25,rock,identity,0,0,False
3,2026092816,mert_v1,unweighted,0.5,electronic,0.0,0,0,False
3,2026092816,mert_v1,unweighted,0.5,pop,identity,0,0,False
3,2026092816,mert_v1,unweighted,0.5,ambient,0.0,0,0,False
3,2026092816,mert_v1,unweighted,0.5,rock,identity,0,0,False
3,2026092816,mert_v1,unweighted,1.0,electronic,0.01,0,0,False
3,2026092816,mert_v1,unweighted,1.0,pop,identity,0,0,False
3,2026092816,mert_v1,unweighted,1.0,ambient,identity,0,0,False
3,2026092816,mert_v1,unweighted,1.0,rock,identity,0,0,False
3,2026092817,maest,ambient_balanced,0.25,electronic,identity,0,0,False
3,2026092817,maest,ambient_balanced,0.25,pop,0.001,0,0,False
3,2026092817,maest,ambient_balanced,0.25,ambient,0.01,0,0,False
3,2026092817,maest,ambient_balanced,0.25,rock,identity,0,0,False
3,2026092817,maest,ambient_balanced,0.5,electronic,identity,0,0,False
3,2026092817,maest,ambient_balanced,0.5,pop,identity,0,0,False
3,2026092817,maest,ambient_balanced,0.5,ambient,0.01,0,0,False
3,2026092817,maest,ambient_balanced,0.5,rock,identity,0,0,False
3,2026092817,maest,ambient_balanced,1.0,electronic,identity,0,0,False
3,2026092817,maest,ambient_balanced,1.0,pop,identity,0,0,False
3,2026092817,maest,ambient_balanced,1.0,ambient,0.0,0,0,False
3,2026092817,maest,ambient_balanced,1.0,rock,identity,0,0,False
3,2026092817,maest,unweighted,0.25,electronic,identity,0,0,False
3,2026092817,maest,unweighted,0.25,pop,0.001,0,0,False
3,2026092817,maest,unweighted,0.25,ambient,identity,0,0,False
3,2026092817,maest,unweighted,0.25,rock,identity,0,0,False
3,2026092817,maest,unweighted,0.5,electronic,identity,0,0,False
3,2026092817,maest,unweighted,0.5,pop,identity,0,0,False
3,2026092817,maest,unweighted,0.5,ambient,0.1,0,0,False
3,2026092817,maest,unweighted,0.5,rock,identity,0,0,False
3,2026092817,maest,unweighted,1.0,electronic,identity,0,0,False
3,2026092817,maest,unweighted,1.0,pop,identity,0,0,False
3,2026092817,maest,unweighted,1.0,ambient,0.0,0,0,False
3,2026092817,maest,unweighted,1.0,rock,identity,0,0,False
3,2026092817,mert_v0,ambient_balanced,0.25,electronic,identity,0,0,False
3,2026092817,mert_v0,ambient_balanced,0.25,pop,identity,0,0,False
3,2026092817,mert_v0,ambient_balanced,0.25,ambient,0.01,0,0,False
3,2026092817,mert_v0,ambient_balanced,0.25,rock,identity,0,0,False
3,2026092817,mert_v0,ambient_balanced,0.5,electronic,identity,0,0,False
3,2026092817,mert_v0,ambient_balanced,0.5,pop,identity,0,0,False
3,2026092817,mert_v0,ambient_balanced,0.5,ambient,0.01,0,0,False
3,2026092817,mert_v0,ambient_balanced,0.5,rock,identity,0,0,False
3,2026092817,mert_v0,ambient_balanced,1.0,electronic,identity,0,0,False
3,2026092817,mert_v0,ambient_balanced,1.0,pop,identity,0,0,False
3,2026092817,mert_v0,ambient_balanced,1.0,ambient,0.0,0,0,False
3,2026092817,mert_v0,ambient_balanced,1.0,rock,identity,0,0,False
3,2026092817,mert_v0,unweighted,0.25,electronic,identity,0,0,False
3,2026092817,mert_v0,unweighted,0.25,pop,identity,0,0,False
3,2026092817,mert_v0,unweighted,0.25,ambient,identity,0,0,False
3,2026092817,mert_v0,unweighted,0.25,rock,identity,0,0,False
3,2026092817,mert_v0,unweighted,0.5,electronic,identity,0,0,False
3,2026092817,mert_v0,unweighted,0.5,pop,identity,0,0,False
3,2026092817,mert_v0,unweighted,0.5,ambient,1.0,0,0,False
3,2026092817,mert_v0,unweighted,0.5,rock,identity,0,0,False
3,2026092817,mert_v0,unweighted,1.0,electronic,identity,0,0,False
3,2026092817,mert_v0,unweighted,1.0,pop,identity,0,0,False
3,2026092817,mert_v0,unweighted,1.0,ambient,identity,0,0,False
3,2026092817,mert_v0,unweighted,1.0,rock,identity,0,0,False
3,2026092817,mert_v1,ambient_balanced,0.25,electronic,identity,0,0,False
3,2026092817,mert_v1,ambient_balanced,0.25,pop,identity,0,0,False
3,2026092817,mert_v1,ambient_balanced,0.25,ambient,0.01,0,0,False
3,2026092817,mert_v1,ambient_balanced,0.25,rock,identity,0,0,False
3,2026092817,mert_v1,ambient_balanced,0.5,electronic,identity,0,0,False
3,2026092817,mert_v1,ambient_balanced,0.5,pop,identity,0,0,False
3,2026092817,mert_v1,ambient_balanced,0.5,ambient,0.01,0,0,False
3,2026092817,mert_v1,ambient_balanced,0.5,rock,identity,0,0,False
3,2026092817,mert_v1,ambient_balanced,1.0,electronic,identity,0,0,False
3,2026092817,mert_v1,ambient_balanced,1.0,pop,identity,0,0,False
3,2026092817,mert_v1,ambient_balanced,1.0,ambient,0.0,0,0,False
3,2026092817,mert_v1,ambient_balanced,1.0,rock,identity,0,0,False
3,2026092817,mert_v1,unweighted,0.25,electronic,identity,0,0,False
3,2026092817,mert_v1,unweighted,0.25,pop,identity,0,0,False
3,2026092817,mert_v1,unweighted,0.25,ambient,identity,0,0,False
3,2026092817,mert_v1,unweighted,0.25,rock,identity,0,0,False
3,2026092817,mert_v1,unweighted,0.5,electronic,identity,0,0,False
3,2026092817,mert_v1,unweighted,0.5,pop,identity,0,0,False
3,2026092817,mert_v1,unweighted,0.5,ambient,1.0,0,0,False
3,2026092817,mert_v1,unweighted,0.5,rock,identity,0,0,False
3,2026092817,mert_v1,unweighted,1.0,electronic,identity,0,0,False
3,2026092817,mert_v1,unweighted,1.0,pop,identity,0,0,False
3,2026092817,mert_v1,unweighted,1.0,ambient,0.001,0,0,False
3,2026092817,mert_v1,unweighted,1.0,rock,identity,0,0,False
3,2026092818,maest,ambient_balanced,0.25,electronic,0.0,0,0,False
3,2026092818,maest,ambient_balanced,0.25,pop,0.1,0,0,False
3,2026092818,maest,ambient_balanced,0.25,ambient,identity,0,0,False
3,2026092818,maest,ambient_balanced,0.25,rock,identity,0,0,False
3,2026092818,maest,ambient_balanced,0.5,electronic,identity,0,0,False
3,2026092818,maest,ambient_balanced,0.5,pop,identity,0,0,False
3,2026092818,maest,ambient_balanced,0.5,ambient,0.1,0,0,False
3,2026092818,maest,ambient_balanced,0.5,rock,identity,0,0,False
3,2026092818,maest,ambient_balanced,1.0,electronic,identity,0,0,False
3,2026092818,maest,ambient_balanced,1.0,pop,0.001,0,0,False
3,2026092818,maest,ambient_balanced,1.0,ambient,0.01,0,0,False
3,2026092818,maest,ambient_balanced,1.0,rock,identity,0,0,False
3,2026092818,maest,unweighted,0.25,electronic,0.0,0,0,False
3,2026092818,maest,unweighted,0.25,pop,0.1,0,0,False
3,2026092818,maest,unweighted,0.25,ambient,identity,0,0,False
3,2026092818,maest,unweighted,0.25,rock,identity,0,0,False
3,2026092818,maest,unweighted,0.5,electronic,identity,0,0,False
3,2026092818,maest,unweighted,0.5,pop,identity,0,0,False
3,2026092818,maest,unweighted,0.5,ambient,identity,0,0,False
3,2026092818,maest,unweighted,0.5,rock,identity,0,0,False
3,2026092818,maest,unweighted,1.0,electronic,identity,0,0,False
3,2026092818,maest,unweighted,1.0,pop,0.001,0,0,False
3,2026092818,maest,unweighted,1.0,ambient,0.01,0,0,False
3,2026092818,maest,unweighted,1.0,rock,identity,0,0,False
3,2026092818,mert_v0,ambient_balanced,0.25,electronic,0.1,0,0,False
3,2026092818,mert_v0,ambient_balanced,0.25,pop,0.001,0,0,False
3,2026092818,mert_v0,ambient_balanced,0.25,ambient,1.0,0,0,False
3,2026092818,mert_v0,ambient_balanced,0.25,rock,identity,0,0,False
3,2026092818,mert_v0,ambient_balanced,0.5,electronic,identity,0,0,False
3,2026092818,mert_v0,ambient_balanced,0.5,pop,identity,0,0,False
3,2026092818,mert_v0,ambient_balanced,0.5,ambient,0.1,0,0,False
3,2026092818,mert_v0,ambient_balanced,0.5,rock,identity,0,0,False
3,2026092818,mert_v0,ambient_balanced,1.0,electronic,identity,0,0,False
3,2026092818,mert_v0,ambient_balanced,1.0,pop,0.01,0,0,False
3,2026092818,mert_v0,ambient_balanced,1.0,ambient,0.01,0,0,False
3,2026092818,mert_v0,ambient_balanced,1.0,rock,0.001,0,0,False
3,2026092818,mert_v0,unweighted,0.25,electronic,0.1,0,0,False
3,2026092818,mert_v0,unweighted,0.25,pop,0.001,0,0,False
3,2026092818,mert_v0,unweighted,0.25,ambient,identity,0,0,False
3,2026092818,mert_v0,unweighted,0.25,rock,identity,0,0,False
3,2026092818,mert_v0,unweighted,0.5,electronic,identity,0,0,False
3,2026092818,mert_v0,unweighted,0.5,pop,identity,0,0,False
3,2026092818,mert_v0,unweighted,0.5,ambient,1.0,0,0,False
3,2026092818,mert_v0,unweighted,0.5,rock,identity,0,0,False
3,2026092818,mert_v0,unweighted,1.0,electronic,identity,0,0,False
3,2026092818,mert_v0,unweighted,1.0,pop,0.01,0,0,False
3,2026092818,mert_v0,unweighted,1.0,ambient,0.01,0,0,False
3,2026092818,mert_v0,unweighted,1.0,rock,0.001,0,0,False
3,2026092818,mert_v1,ambient_balanced,0.25,electronic,0.1,0,0,False
3,2026092818,mert_v1,ambient_balanced,0.25,pop,0.0,0,0,False
3,2026092818,mert_v1,ambient_balanced,0.25,ambient,1.0,0,0,False
3,2026092818,mert_v1,ambient_balanced,0.25,rock,1.0,0,0,False
3,2026092818,mert_v1,ambient_balanced,0.5,electronic,identity,0,0,False
3,2026092818,mert_v1,ambient_balanced,0.5,pop,identity,0,0,False
3,2026092818,mert_v1,ambient_balanced,0.5,ambient,0.1,0,0,False
3,2026092818,mert_v1,ambient_balanced,0.5,rock,identity,0,0,False
3,2026092818,mert_v1,ambient_balanced,1.0,electronic,identity,0,0,False
3,2026092818,mert_v1,ambient_balanced,1.0,pop,0.01,0,0,False
3,2026092818,mert_v1,ambient_balanced,1.0,ambient,0.01,0,0,False
3,2026092818,mert_v1,ambient_balanced,1.0,rock,0.01,1,0,False
3,2026092818,mert_v1,unweighted,0.25,electronic,0.1,0,0,False
3,2026092818,mert_v1,unweighted,0.25,pop,0.0,0,0,False
3,2026092818,mert_v1,unweighted,0.25,ambient,identity,0,0,False
3,2026092818,mert_v1,unweighted,0.25,rock,1.0,0,0,False
3,2026092818,mert_v1,unweighted,0.5,electronic,identity,0,0,False
3,2026092818,mert_v1,unweighted,0.5,pop,identity,0,0,False
3,2026092818,mert_v1,unweighted,0.5,ambient,1.0,0,0,False
3,2026092818,mert_v1,unweighted,0.5,rock,identity,0,0,False
3,2026092818,mert_v1,unweighted,1.0,electronic,identity,0,0,False
3,2026092818,mert_v1,unweighted,1.0,pop,0.01,0,0,False
3,2026092818,mert_v1,unweighted,1.0,ambient,0.001,0,0,False
3,2026092818,mert_v1,unweighted,1.0,rock,0.01,1,0,False
3,2026092819,maest,ambient_balanced,0.25,electronic,identity,0,0,False
3,2026092819,maest,ambient_balanced,0.25,pop,0.01,0,0,False
3,2026092819,maest,ambient_balanced,0.25,ambient,0.001,0,0,False
3,2026092819,maest,ambient_balanced,0.25,rock,0.1,0,0,False
3,2026092819,maest,ambient_balanced,0.5,electronic,0.1,0,0,False
3,2026092819,maest,ambient_balanced,0.5,pop,0.01,0,0,False
3,2026092819,maest,ambient_balanced,0.5,ambient,0.0,0,0,False
3,2026092819,maest,ambient_balanced,0.5,rock,0.01,0,0,False
3,2026092819,maest,ambient_balanced,1.0,electronic,identity,0,0,False
3,2026092819,maest,ambient_balanced,1.0,pop,0.001,0,0,False
3,2026092819,maest,ambient_balanced,1.0,ambient,0.01,0,0,False
3,2026092819,maest,ambient_balanced,1.0,rock,0.1,0,0,False
3,2026092819,maest,unweighted,0.25,electronic,identity,0,0,False
3,2026092819,maest,unweighted,0.25,pop,0.01,0,0,False
3,2026092819,maest,unweighted,0.25,ambient,0.0,0,0,False
3,2026092819,maest,unweighted,0.25,rock,0.1,0,0,False
3,2026092819,maest,unweighted,0.5,electronic,0.1,0,0,False
3,2026092819,maest,unweighted,0.5,pop,0.01,0,0,False
3,2026092819,maest,unweighted,0.5,ambient,0.0,0,0,False
3,2026092819,maest,unweighted,0.5,rock,0.01,0,0,False
3,2026092819,maest,unweighted,1.0,electronic,identity,0,0,False
3,2026092819,maest,unweighted,1.0,pop,0.001,0,0,False
3,2026092819,maest,unweighted,1.0,ambient,0.01,0,0,False
3,2026092819,maest,unweighted,1.0,rock,0.1,0,0,False
3,2026092819,mert_v0,ambient_balanced,0.25,electronic,0.1,0,0,False
3,2026092819,mert_v0,ambient_balanced,0.25,pop,0.001,0,0,False
3,2026092819,mert_v0,ambient_balanced,0.25,ambient,0.01,0,0,False
3,2026092819,mert_v0,ambient_balanced,0.25,rock,0.01,0,0,False
3,2026092819,mert_v0,ambient_balanced,0.5,electronic,1.0,0,0,False
3,2026092819,mert_v0,ambient_balanced,0.5,pop,0.01,0,0,False
3,2026092819,mert_v0,ambient_balanced,0.5,ambient,0.001,0,0,False
3,2026092819,mert_v0,ambient_balanced,0.5,rock,0.01,0,0,False
3,2026092819,mert_v0,ambient_balanced,1.0,electronic,1.0,0,0,False
3,2026092819,mert_v0,ambient_balanced,1.0,pop,0.01,0,0,False
3,2026092819,mert_v0,ambient_balanced,1.0,ambient,0.01,0,0,False
3,2026092819,mert_v0,ambient_balanced,1.0,rock,0.1,0,0,False
3,2026092819,mert_v0,unweighted,0.25,electronic,0.1,0,0,False
3,2026092819,mert_v0,unweighted,0.25,pop,0.001,0,0,False
3,2026092819,mert_v0,unweighted,0.25,ambient,identity,0,0,False
3,2026092819,mert_v0,unweighted,0.25,rock,0.01,0,0,False
3,2026092819,mert_v0,unweighted,0.5,electronic,1.0,0,0,False
3,2026092819,mert_v0,unweighted,0.5,pop,0.01,0,0,False
3,2026092819,mert_v0,unweighted,0.5,ambient,0.01,0,0,False
3,2026092819,mert_v0,unweighted,0.5,rock,0.01,0,0,False
3,2026092819,mert_v0,unweighted,1.0,electronic,1.0,0,0,False
3,2026092819,mert_v0,unweighted,1.0,pop,0.01,0,0,False
3,2026092819,mert_v0,unweighted,1.0,ambient,identity,0,0,False
3,2026092819,mert_v0,unweighted,1.0,rock,0.1,0,0,False
3,2026092819,mert_v1,ambient_balanced,0.25,electronic,identity,0,0,False
3,2026092819,mert_v1,ambient_balanced,0.25,pop,0.001,0,0,False
3,2026092819,mert_v1,ambient_balanced,0.25,ambient,0.01,0,0,False
3,2026092819,mert_v1,ambient_balanced,0.25,rock,identity,0,0,False
3,2026092819,mert_v1,ambient_balanced,0.5,electronic,1.0,0,0,False
3,2026092819,mert_v1,ambient_balanced,0.5,pop,0.01,0,0,False
3,2026092819,mert_v1,ambient_balanced,0.5,ambient,0.001,0,0,False
3,2026092819,mert_v1,ambient_balanced,0.5,rock,0.01,0,0,False
3,2026092819,mert_v1,ambient_balanced,1.0,electronic,identity,0,0,False
3,2026092819,mert_v1,ambient_balanced,1.0,pop,0.01,0,0,False
3,2026092819,mert_v1,ambient_balanced,1.0,ambient,0.01,0,0,False
3,2026092819,mert_v1,ambient_balanced,1.0,rock,1.0,0,0,False
3,2026092819,mert_v1,unweighted,0.25,electronic,identity,0,0,False
3,2026092819,mert_v1,unweighted,0.25,pop,0.001,0,0,False
3,2026092819,mert_v1,unweighted,0.25,ambient,0.001,0,0,False
3,2026092819,mert_v1,unweighted,0.25,rock,identity,0,0,False
3,2026092819,mert_v1,unweighted,0.5,electronic,1.0,0,0,False
3,2026092819,mert_v1,unweighted,0.5,pop,0.01,0,0,False
3,2026092819,mert_v1,unweighted,0.5,ambient,identity,0,0,False
3,2026092819,mert_v1,unweighted,0.5,rock,0.01,0,0,False
3,2026092819,mert_v1,unweighted,1.0,electronic,identity,0,0,False
3,2026092819,mert_v1,unweighted,1.0,pop,0.01,0,0,False
3,2026092819,mert_v1,unweighted,1.0,ambient,identity,0,0,False
3,2026092819,mert_v1,unweighted,1.0,rock,1.0,0,0,False
4,2026092800,maest,ambient_balanced,0.25,electronic,0.1,0,0,False
4,2026092800,maest,ambient_balanced,0.25,pop,identity,0,0,False
4,2026092800,maest,ambient_balanced,0.25,ambient,0.1,0,0,False
4,2026092800,maest,ambient_balanced,0.25,rock,0.01,0,0,False
4,2026092800,maest,ambient_balanced,0.5,electronic,identity,0,0,False
4,2026092800,maest,ambient_balanced,0.5,pop,identity,0,0,False
4,2026092800,maest,ambient_balanced,0.5,ambient,0.01,0,0,False
4,2026092800,maest,ambient_balanced,0.5,rock,1.0,0,0,False
4,2026092800,maest,ambient_balanced,1.0,electronic,identity,0,0,False
4,2026092800,maest,ambient_balanced,1.0,pop,identity,0,0,False
4,2026092800,maest,ambient_balanced,1.0,ambient,0.01,0,0,False
4,2026092800,maest,ambient_balanced,1.0,rock,0.0,0,0,False
4,2026092800,maest,unweighted,0.25,electronic,0.1,0,0,False
4,2026092800,maest,unweighted,0.25,pop,identity,0,0,False
4,2026092800,maest,unweighted,0.25,ambient,identity,0,0,False
4,2026092800,maest,unweighted,0.25,rock,0.01,0,0,False
4,2026092800,maest,unweighted,0.5,electronic,identity,0,0,False
4,2026092800,maest,unweighted,0.5,pop,identity,0,0,False
4,2026092800,maest,unweighted,0.5,ambient,identity,0,0,False
4,2026092800,maest,unweighted,0.5,rock,1.0,0,0,False
4,2026092800,maest,unweighted,1.0,electronic,identity,0,0,False
4,2026092800,maest,unweighted,1.0,pop,identity,0,0,False
4,2026092800,maest,unweighted,1.0,ambient,identity,0,0,False
4,2026092800,maest,unweighted,1.0,rock,0.0,0,0,False
4,2026092800,mert_v0,ambient_balanced,0.25,electronic,0.01,0,0,False
4,2026092800,mert_v0,ambient_balanced,0.25,pop,identity,0,0,False
4,2026092800,mert_v0,ambient_balanced,0.25,ambient,0.1,0,0,False
4,2026092800,mert_v0,ambient_balanced,0.25,rock,0.01,0,0,False
4,2026092800,mert_v0,ambient_balanced,0.5,electronic,identity,0,0,False
4,2026092800,mert_v0,ambient_balanced,0.5,pop,1.0,0,0,False
4,2026092800,mert_v0,ambient_balanced,0.5,ambient,0.01,0,0,False
4,2026092800,mert_v0,ambient_balanced,0.5,rock,identity,0,0,False
4,2026092800,mert_v0,ambient_balanced,1.0,electronic,identity,0,0,False
4,2026092800,mert_v0,ambient_balanced,1.0,pop,0.001,0,0,False
4,2026092800,mert_v0,ambient_balanced,1.0,ambient,0.01,0,0,False
4,2026092800,mert_v0,ambient_balanced,1.0,rock,1.0,0,0,False
4,2026092800,mert_v0,unweighted,0.25,electronic,0.01,0,0,False
4,2026092800,mert_v0,unweighted,0.25,pop,identity,0,0,False
4,2026092800,mert_v0,unweighted,0.25,ambient,identity,0,0,False
4,2026092800,mert_v0,unweighted,0.25,rock,0.01,0,0,False
4,2026092800,mert_v0,unweighted,0.5,electronic,identity,0,0,False
4,2026092800,mert_v0,unweighted,0.5,pop,1.0,0,0,False
4,2026092800,mert_v0,unweighted,0.5,ambient,identity,0,0,False
4,2026092800,mert_v0,unweighted,0.5,rock,identity,0,0,False
4,2026092800,mert_v0,unweighted,1.0,electronic,identity,0,0,False
4,2026092800,mert_v0,unweighted,1.0,pop,0.001,0,0,False
4,2026092800,mert_v0,unweighted,1.0,ambient,identity,0,0,False
4,2026092800,mert_v0,unweighted,1.0,rock,1.0,0,0,False
4,2026092800,mert_v1,ambient_balanced,0.25,electronic,0.1,0,0,False
4,2026092800,mert_v1,ambient_balanced,0.25,pop,identity,0,0,False
4,2026092800,mert_v1,ambient_balanced,0.25,ambient,0.1,0,0,False
4,2026092800,mert_v1,ambient_balanced,0.25,rock,0.1,0,0,False
4,2026092800,mert_v1,ambient_balanced,0.5,electronic,identity,0,0,False
4,2026092800,mert_v1,ambient_balanced,0.5,pop,identity,0,0,False
4,2026092800,mert_v1,ambient_balanced,0.5,ambient,0.01,0,0,False
4,2026092800,mert_v1,ambient_balanced,0.5,rock,identity,0,0,False
4,2026092800,mert_v1,ambient_balanced,1.0,electronic,1.0,0,0,False
4,2026092800,mert_v1,ambient_balanced,1.0,pop,identity,0,0,False
4,2026092800,mert_v1,ambient_balanced,1.0,ambient,0.01,0,0,False
4,2026092800,mert_v1,ambient_balanced,1.0,rock,1.0,0,0,False
4,2026092800,mert_v1,unweighted,0.25,electronic,0.1,0,0,False
4,2026092800,mert_v1,unweighted,0.25,pop,identity,0,0,False
4,2026092800,mert_v1,unweighted,0.25,ambient,identity,0,0,False
4,2026092800,mert_v1,unweighted,0.25,rock,0.1,0,0,False
4,2026092800,mert_v1,unweighted,0.5,electronic,identity,0,0,False
4,2026092800,mert_v1,unweighted,0.5,pop,identity,0,0,False
4,2026092800,mert_v1,unweighted,0.5,ambient,identity,0,0,False
4,2026092800,mert_v1,unweighted,0.5,rock,identity,0,0,False
4,2026092800,mert_v1,unweighted,1.0,electronic,1.0,0,0,False
4,2026092800,mert_v1,unweighted,1.0,pop,identity,0,0,False
4,2026092800,mert_v1,unweighted,1.0,ambient,identity,0,0,False
4,2026092800,mert_v1,unweighted,1.0,rock,1.0,0,0,False
4,2026092801,maest,ambient_balanced,0.25,electronic,identity,0,0,False
4,2026092801,maest,ambient_balanced,0.25,pop,1.0,0,0,False
4,2026092801,maest,ambient_balanced,0.25,ambient,0.001,0,0,False
4,2026092801,maest,ambient_balanced,0.25,rock,0.0,5,1,False
4,2026092801,maest,ambient_balanced,0.5,electronic,identity,0,0,False
4,2026092801,maest,ambient_balanced,0.5,pop,1.0,0,0,False
4,2026092801,maest,ambient_balanced,0.5,ambient,0.001,0,0,False
4,2026092801,maest,ambient_balanced,0.5,rock,identity,0,0,False
4,2026092801,maest,ambient_balanced,1.0,electronic,identity,0,0,False
4,2026092801,maest,ambient_balanced,1.0,pop,identity,0,0,False
4,2026092801,maest,ambient_balanced,1.0,ambient,0.001,0,0,False
4,2026092801,maest,ambient_balanced,1.0,rock,identity,0,0,False
4,2026092801,maest,unweighted,0.25,electronic,identity,0,0,False
4,2026092801,maest,unweighted,0.25,pop,1.0,0,0,False
4,2026092801,maest,unweighted,0.25,ambient,0.01,0,0,False
4,2026092801,maest,unweighted,0.25,rock,0.0,5,1,False
4,2026092801,maest,unweighted,0.5,electronic,identity,0,0,False
4,2026092801,maest,unweighted,0.5,pop,1.0,0,0,False
4,2026092801,maest,unweighted,0.5,ambient,0.01,0,0,False
4,2026092801,maest,unweighted,0.5,rock,identity,0,0,False
4,2026092801,maest,unweighted,1.0,electronic,identity,0,0,False
4,2026092801,maest,unweighted,1.0,pop,identity,0,0,False
4,2026092801,maest,unweighted,1.0,ambient,0.01,0,0,False
4,2026092801,maest,unweighted,1.0,rock,identity,0,0,False
4,2026092801,mert_v0,ambient_balanced,0.25,electronic,identity,0,0,False
4,2026092801,mert_v0,ambient_balanced,0.25,pop,identity,0,0,False
4,2026092801,mert_v0,ambient_balanced,0.25,ambient,0.01,0,0,False
4,2026092801,mert_v0,ambient_balanced,0.25,rock,0.0,5,1,False
4,2026092801,mert_v0,ambient_balanced,0.5,electronic,0.01,0,0,False
4,2026092801,mert_v0,ambient_balanced,0.5,pop,0.1,0,0,False
4,2026092801,mert_v0,ambient_balanced,0.5,ambient,0.001,0,0,False
4,2026092801,mert_v0,ambient_balanced,0.5,rock,identity,0,0,False
4,2026092801,mert_v0,ambient_balanced,1.0,electronic,identity,0,0,False
4,2026092801,mert_v0,ambient_balanced,1.0,pop,identity,0,0,False
4,2026092801,mert_v0,ambient_balanced,1.0,ambient,0.01,0,0,False
4,2026092801,mert_v0,ambient_balanced,1.0,rock,0.001,0,0,False
4,2026092801,mert_v0,unweighted,0.25,electronic,identity,0,0,False
4,2026092801,mert_v0,unweighted,0.25,pop,identity,0,0,False
4,2026092801,mert_v0,unweighted,0.25,ambient,0.1,0,0,False
4,2026092801,mert_v0,unweighted,0.25,rock,0.0,5,1,False
4,2026092801,mert_v0,unweighted,0.5,electronic,0.01,0,0,False
4,2026092801,mert_v0,unweighted,0.5,pop,0.1,0,0,False
4,2026092801,mert_v0,unweighted,0.5,ambient,0.01,0,0,False
4,2026092801,mert_v0,unweighted,0.5,rock,identity,0,0,False
4,2026092801,mert_v0,unweighted,1.0,electronic,identity,0,0,False
4,2026092801,mert_v0,unweighted,1.0,pop,identity,0,0,False
4,2026092801,mert_v0,unweighted,1.0,ambient,0.01,0,0,False
4,2026092801,mert_v0,unweighted,1.0,rock,0.001,0,0,False
4,2026092801,mert_v1,ambient_balanced,0.25,electronic,identity,0,0,False
4,2026092801,mert_v1,ambient_balanced,0.25,pop,identity,0,0,False
4,2026092801,mert_v1,ambient_balanced,0.25,ambient,0.01,0,0,False
4,2026092801,mert_v1,ambient_balanced,0.25,rock,0.0,5,1,False
4,2026092801,mert_v1,ambient_balanced,0.5,electronic,0.1,0,0,False
4,2026092801,mert_v1,ambient_balanced,0.5,pop,0.1,0,0,False
4,2026092801,mert_v1,ambient_balanced,0.5,ambient,0.01,0,0,False
4,2026092801,mert_v1,ambient_balanced,0.5,rock,identity,0,0,False
4,2026092801,mert_v1,ambient_balanced,1.0,electronic,0.1,0,0,False
4,2026092801,mert_v1,ambient_balanced,1.0,pop,identity,0,0,False
4,2026092801,mert_v1,ambient_balanced,1.0,ambient,0.01,0,0,False
4,2026092801,mert_v1,ambient_balanced,1.0,rock,0.1,0,0,False
4,2026092801,mert_v1,unweighted,0.25,electronic,identity,0,0,False
4,2026092801,mert_v1,unweighted,0.25,pop,identity,0,0,False
4,2026092801,mert_v1,unweighted,0.25,ambient,0.1,0,0,False
4,2026092801,mert_v1,unweighted,0.25,rock,0.0,5,1,False
4,2026092801,mert_v1,unweighted,0.5,electronic,0.1,0,0,False
4,2026092801,mert_v1,unweighted,0.5,pop,0.1,0,0,False
4,2026092801,mert_v1,unweighted,0.5,ambient,0.1,0,0,False
4,2026092801,mert_v1,unweighted,0.5,rock,identity,0,0,False
4,2026092801,mert_v1,unweighted,1.0,electronic,0.1,0,0,False
4,2026092801,mert_v1,unweighted,1.0,pop,identity,0,0,False
4,2026092801,mert_v1,unweighted,1.0,ambient,1.0,0,0,False
4,2026092801,mert_v1,unweighted,1.0,rock,0.1,0,0,False
4,2026092802,maest,ambient_balanced,0.25,electronic,identity,0,0,False
4,2026092802,maest,ambient_balanced,0.25,pop,identity,0,0,False
4,2026092802,maest,ambient_balanced,0.25,ambient,0.001,0,0,False
4,2026092802,maest,ambient_balanced,0.25,rock,identity,0,0,False
4,2026092802,maest,ambient_balanced,0.5,electronic,identity,0,0,False
4,2026092802,maest,ambient_balanced,0.5,pop,0.01,0,0,False
4,2026092802,maest,ambient_balanced,0.5,ambient,0.01,0,0,False
4,2026092802,maest,ambient_balanced,0.5,rock,1.0,0,0,False
4,2026092802,maest,ambient_balanced,1.0,electronic,identity,0,0,False
4,2026092802,maest,ambient_balanced,1.0,pop,identity,0,0,False
4,2026092802,maest,ambient_balanced,1.0,ambient,0.01,0,0,False
4,2026092802,maest,ambient_balanced,1.0,rock,identity,0,0,False
4,2026092802,maest,unweighted,0.25,electronic,identity,0,0,False
4,2026092802,maest,unweighted,0.25,pop,identity,0,0,False
4,2026092802,maest,unweighted,0.25,ambient,identity,0,0,False
4,2026092802,maest,unweighted,0.25,rock,identity,0,0,False
4,2026092802,maest,unweighted,0.5,electronic,identity,0,0,False
4,2026092802,maest,unweighted,0.5,pop,0.01,0,0,False
4,2026092802,maest,unweighted,0.5,ambient,0.1,0,0,False
4,2026092802,maest,unweighted,0.5,rock,1.0,0,0,False
4,2026092802,maest,unweighted,1.0,electronic,identity,0,0,False
4,2026092802,maest,unweighted,1.0,pop,identity,0,0,False
4,2026092802,maest,unweighted,1.0,ambient,identity,0,0,False
4,2026092802,maest,unweighted,1.0,rock,identity,0,0,False
4,2026092802,mert_v0,ambient_balanced,0.25,electronic,identity,0,0,False
4,2026092802,mert_v0,ambient_balanced,0.25,pop,identity,0,0,False
4,2026092802,mert_v0,ambient_balanced,0.25,ambient,0.01,0,0,False
4,2026092802,mert_v0,ambient_balanced,0.25,rock,1.0,0,0,False
4,2026092802,mert_v0,ambient_balanced,0.5,electronic,1.0,0,0,False
4,2026092802,mert_v0,ambient_balanced,0.5,pop,identity,0,0,False
4,2026092802,mert_v0,ambient_balanced,0.5,ambient,0.01,0,0,False
4,2026092802,mert_v0,ambient_balanced,0.5,rock,0.01,0,0,False
4,2026092802,mert_v0,ambient_balanced,1.0,electronic,identity,0,0,False
4,2026092802,mert_v0,ambient_balanced,1.0,pop,identity,0,0,False
4,2026092802,mert_v0,ambient_balanced,1.0,ambient,0.01,0,0,False
4,2026092802,mert_v0,ambient_balanced,1.0,rock,0.001,0,0,False
4,2026092802,mert_v0,unweighted,0.25,electronic,identity,0,0,False
4,2026092802,mert_v0,unweighted,0.25,pop,identity,0,0,False
4,2026092802,mert_v0,unweighted,0.25,ambient,identity,0,0,False
4,2026092802,mert_v0,unweighted,0.25,rock,1.0,0,0,False
4,2026092802,mert_v0,unweighted,0.5,electronic,1.0,0,0,False
4,2026092802,mert_v0,unweighted,0.5,pop,identity,0,0,False
4,2026092802,mert_v0,unweighted,0.5,ambient,0.1,0,0,False
4,2026092802,mert_v0,unweighted,0.5,rock,0.01,0,0,False
4,2026092802,mert_v0,unweighted,1.0,electronic,identity,0,0,False
4,2026092802,mert_v0,unweighted,1.0,pop,identity,0,0,False
4,2026092802,mert_v0,unweighted,1.0,ambient,identity,0,0,False
4,2026092802,mert_v0,unweighted,1.0,rock,0.001,0,0,False
4,2026092802,mert_v1,ambient_balanced,0.25,electronic,identity,0,0,False
4,2026092802,mert_v1,ambient_balanced,0.25,pop,identity,0,0,False
4,2026092802,mert_v1,ambient_balanced,0.25,ambient,0.01,0,0,False
4,2026092802,mert_v1,ambient_balanced,0.25,rock,1.0,0,0,False
4,2026092802,mert_v1,ambient_balanced,0.5,electronic,0.1,0,0,False
4,2026092802,mert_v1,ambient_balanced,0.5,pop,identity,0,0,False
4,2026092802,mert_v1,ambient_balanced,0.5,ambient,0.01,0,0,False
4,2026092802,mert_v1,ambient_balanced,0.5,rock,1.0,0,0,False
4,2026092802,mert_v1,ambient_balanced,1.0,electronic,0.1,0,0,False
4,2026092802,mert_v1,ambient_balanced,1.0,pop,identity,0,0,False
4,2026092802,mert_v1,ambient_balanced,1.0,ambient,0.01,0,0,False
4,2026092802,mert_v1,ambient_balanced,1.0,rock,0.0,0,0,False
4,2026092802,mert_v1,unweighted,0.25,electronic,identity,0,0,False
4,2026092802,mert_v1,unweighted,0.25,pop,identity,0,0,False
4,2026092802,mert_v1,unweighted,0.25,ambient,identity,0,0,False
4,2026092802,mert_v1,unweighted,0.25,rock,1.0,0,0,False
4,2026092802,mert_v1,unweighted,0.5,electronic,0.1,0,0,False
4,2026092802,mert_v1,unweighted,0.5,pop,identity,0,0,False
4,2026092802,mert_v1,unweighted,0.5,ambient,1.0,0,0,False
4,2026092802,mert_v1,unweighted,0.5,rock,1.0,0,0,False
4,2026092802,mert_v1,unweighted,1.0,electronic,0.1,0,0,False
4,2026092802,mert_v1,unweighted,1.0,pop,identity,0,0,False
4,2026092802,mert_v1,unweighted,1.0,ambient,identity,0,0,False
4,2026092802,mert_v1,unweighted,1.0,rock,0.0,0,0,False
4,2026092803,maest,ambient_balanced,0.25,electronic,identity,0,0,False
4,2026092803,maest,ambient_balanced,0.25,pop,0.01,0,0,False
4,2026092803,maest,ambient_balanced,0.25,ambient,0.01,0,0,False
4,2026092803,maest,ambient_balanced,0.25,rock,1.0,0,0,False
4,2026092803,maest,ambient_balanced,0.5,electronic,1.0,0,0,False
4,2026092803,maest,ambient_balanced,0.5,pop,identity,0,0,False
4,2026092803,maest,ambient_balanced,0.5,ambient,0.01,0,0,False
4,2026092803,maest,ambient_balanced,0.5,rock,identity,0,0,False
4,2026092803,maest,ambient_balanced,1.0,electronic,identity,0,0,False
4,2026092803,maest,ambient_balanced,1.0,pop,0.01,0,0,False
4,2026092803,maest,ambient_balanced,1.0,ambient,0.01,0,0,False
4,2026092803,maest,ambient_balanced,1.0,rock,identity,0,0,False
4,2026092803,maest,unweighted,0.25,electronic,identity,0,0,False
4,2026092803,maest,unweighted,0.25,pop,0.01,0,0,False
4,2026092803,maest,unweighted,0.25,ambient,1.0,0,0,False
4,2026092803,maest,unweighted,0.25,rock,1.0,0,0,False
4,2026092803,maest,unweighted,0.5,electronic,1.0,0,0,False
4,2026092803,maest,unweighted,0.5,pop,identity,0,0,False
4,2026092803,maest,unweighted,0.5,ambient,0.1,0,0,False
4,2026092803,maest,unweighted,0.5,rock,identity,0,0,False
4,2026092803,maest,unweighted,1.0,electronic,identity,0,0,False
4,2026092803,maest,unweighted,1.0,pop,0.01,0,0,False
4,2026092803,maest,unweighted,1.0,ambient,identity,0,0,False
4,2026092803,maest,unweighted,1.0,rock,identity,0,0,False
4,2026092803,mert_v0,ambient_balanced,0.25,electronic,0.1,0,0,False
4,2026092803,mert_v0,ambient_balanced,0.25,pop,1.0,0,0,False
4,2026092803,mert_v0,ambient_balanced,0.25,ambient,0.01,0,0,False
4,2026092803,mert_v0,ambient_balanced,0.25,rock,1.0,0,0,False
4,2026092803,mert_v0,ambient_balanced,0.5,electronic,0.1,0,0,False
4,2026092803,mert_v0,ambient_balanced,0.5,pop,identity,0,0,False
4,2026092803,mert_v0,ambient_balanced,0.5,ambient,0.01,0,0,False
4,2026092803,mert_v0,ambient_balanced,0.5,rock,identity,0,0,False
4,2026092803,mert_v0,ambient_balanced,1.0,electronic,identity,0,0,False
4,2026092803,mert_v0,ambient_balanced,1.0,pop,identity,0,0,False
4,2026092803,mert_v0,ambient_balanced,1.0,ambient,0.01,0,0,False
4,2026092803,mert_v0,ambient_balanced,1.0,rock,identity,0,0,False
4,2026092803,mert_v0,unweighted,0.25,electronic,0.1,0,0,False
4,2026092803,mert_v0,unweighted,0.25,pop,1.0,0,0,False
4,2026092803,mert_v0,unweighted,0.25,ambient,1.0,0,0,False
4,2026092803,mert_v0,unweighted,0.25,rock,1.0,0,0,False
4,2026092803,mert_v0,unweighted,0.5,electronic,0.1,0,0,False
4,2026092803,mert_v0,unweighted,0.5,pop,identity,0,0,False
4,2026092803,mert_v0,unweighted,0.5,ambient,0.1,0,0,False
4,2026092803,mert_v0,unweighted,0.5,rock,identity,0,0,False
4,2026092803,mert_v0,unweighted,1.0,electronic,identity,0,0,False
4,2026092803,mert_v0,unweighted,1.0,pop,identity,0,0,False
4,2026092803,mert_v0,unweighted,1.0,ambient,identity,0,0,False
4,2026092803,mert_v0,unweighted,1.0,rock,identity,0,0,False
4,2026092803,mert_v1,ambient_balanced,0.25,electronic,1.0,0,0,False
4,2026092803,mert_v1,ambient_balanced,0.25,pop,1.0,0,0,False
4,2026092803,mert_v1,ambient_balanced,0.25,ambient,0.01,0,0,False
4,2026092803,mert_v1,ambient_balanced,0.25,rock,0.01,0,0,False
4,2026092803,mert_v1,ambient_balanced,0.5,electronic,0.1,0,0,False
4,2026092803,mert_v1,ambient_balanced,0.5,pop,identity,0,0,False
4,2026092803,mert_v1,ambient_balanced,0.5,ambient,0.01,0,0,False
4,2026092803,mert_v1,ambient_balanced,0.5,rock,identity,0,0,False
4,2026092803,mert_v1,ambient_balanced,1.0,electronic,identity,0,0,False
4,2026092803,mert_v1,ambient_balanced,1.0,pop,identity,0,0,False
4,2026092803,mert_v1,ambient_balanced,1.0,ambient,0.01,0,0,False
4,2026092803,mert_v1,ambient_balanced,1.0,rock,identity,0,0,False
4,2026092803,mert_v1,unweighted,0.25,electronic,1.0,0,0,False
4,2026092803,mert_v1,unweighted,0.25,pop,1.0,0,0,False
4,2026092803,mert_v1,unweighted,0.25,ambient,1.0,0,0,False
4,2026092803,mert_v1,unweighted,0.25,rock,0.01,0,0,False
4,2026092803,mert_v1,unweighted,0.5,electronic,0.1,0,0,False
4,2026092803,mert_v1,unweighted,0.5,pop,identity,0,0,False
4,2026092803,mert_v1,unweighted,0.5,ambient,0.1,0,0,False
4,2026092803,mert_v1,unweighted,0.5,rock,identity,0,0,False
4,2026092803,mert_v1,unweighted,1.0,electronic,identity,0,0,False
4,2026092803,mert_v1,unweighted,1.0,pop,identity,0,0,False
4,2026092803,mert_v1,unweighted,1.0,ambient,identity,0,0,False
4,2026092803,mert_v1,unweighted,1.0,rock,identity,0,0,False
4,2026092804,maest,ambient_balanced,0.25,electronic,identity,0,0,False
4,2026092804,maest,ambient_balanced,0.25,pop,identity,0,0,False
4,2026092804,maest,ambient_balanced,0.25,ambient,0.01,0,0,False
4,2026092804,maest,ambient_balanced,0.25,rock,1.0,0,0,False
4,2026092804,maest,ambient_balanced,0.5,electronic,identity,0,0,False
4,2026092804,maest,ambient_balanced,0.5,pop,0.1,0,0,False
4,2026092804,maest,ambient_balanced,0.5,ambient,0.001,0,0,False
4,2026092804,maest,ambient_balanced,0.5,rock,1.0,0,0,False
4,2026092804,maest,ambient_balanced,1.0,electronic,0.1,0,0,False
4,2026092804,maest,ambient_balanced,1.0,pop,identity,0,0,False
4,2026092804,maest,ambient_balanced,1.0,ambient,0.0,0,0,False
4,2026092804,maest,ambient_balanced,1.0,rock,0.01,0,0,False
4,2026092804,maest,unweighted,0.25,electronic,identity,0,0,False
4,2026092804,maest,unweighted,0.25,pop,identity,0,0,False
4,2026092804,maest,unweighted,0.25,ambient,identity,0,0,False
4,2026092804,maest,unweighted,0.25,rock,1.0,0,0,False
4,2026092804,maest,unweighted,0.5,electronic,identity,0,0,False
4,2026092804,maest,unweighted,0.5,pop,0.1,0,0,False
4,2026092804,maest,unweighted,0.5,ambient,identity,0,0,False
4,2026092804,maest,unweighted,0.5,rock,1.0,0,0,False
4,2026092804,maest,unweighted,1.0,electronic,0.1,0,0,False
4,2026092804,maest,unweighted,1.0,pop,identity,0,0,False
4,2026092804,maest,unweighted,1.0,ambient,identity,0,0,False
4,2026092804,maest,unweighted,1.0,rock,0.01,0,0,False
4,2026092804,mert_v0,ambient_balanced,0.25,electronic,identity,0,0,False
4,2026092804,mert_v0,ambient_balanced,0.25,pop,identity,0,0,False
4,2026092804,mert_v0,ambient_balanced,0.25,ambient,0.1,0,0,False
4,2026092804,mert_v0,ambient_balanced,0.25,rock,1.0,0,0,False
4,2026092804,mert_v0,ambient_balanced,0.5,electronic,identity,0,0,False
4,2026092804,mert_v0,ambient_balanced,0.5,pop,0.1,0,0,False
4,2026092804,mert_v0,ambient_balanced,0.5,ambient,0.01,0,0,False
4,2026092804,mert_v0,ambient_balanced,0.5,rock,identity,0,0,False
4,2026092804,mert_v0,ambient_balanced,1.0,electronic,1.0,0,0,False
4,2026092804,mert_v0,ambient_balanced,1.0,pop,identity,0,0,False
4,2026092804,mert_v0,ambient_balanced,1.0,ambient,0.001,0,0,False
4,2026092804,mert_v0,ambient_balanced,1.0,rock,0.1,0,0,False
4,2026092804,mert_v0,unweighted,0.25,electronic,identity,0,0,False
4,2026092804,mert_v0,unweighted,0.25,pop,identity,0,0,False
4,2026092804,mert_v0,unweighted,0.25,ambient,identity,0,0,False
4,2026092804,mert_v0,unweighted,0.25,rock,1.0,0,0,False
4,2026092804,mert_v0,unweighted,0.5,electronic,identity,0,0,False
4,2026092804,mert_v0,unweighted,0.5,pop,0.1,0,0,False
4,2026092804,mert_v0,unweighted,0.5,ambient,identity,0,0,False
4,2026092804,mert_v0,unweighted,0.5,rock,identity,0,0,False
4,2026092804,mert_v0,unweighted,1.0,electronic,1.0,0,0,False
4,2026092804,mert_v0,unweighted,1.0,pop,identity,0,0,False
4,2026092804,mert_v0,unweighted,1.0,ambient,identity,0,0,False
4,2026092804,mert_v0,unweighted,1.0,rock,0.1,0,0,False
4,2026092804,mert_v1,ambient_balanced,0.25,electronic,identity,0,0,False
4,2026092804,mert_v1,ambient_balanced,0.25,pop,identity,0,0,False
4,2026092804,mert_v1,ambient_balanced,0.25,ambient,0.1,0,0,False
4,2026092804,mert_v1,ambient_balanced,0.25,rock,1.0,0,0,False
4,2026092804,mert_v1,ambient_balanced,0.5,electronic,identity,0,0,False
4,2026092804,mert_v1,ambient_balanced,0.5,pop,0.1,0,0,False
4,2026092804,mert_v1,ambient_balanced,0.5,ambient,0.01,0,0,False
4,2026092804,mert_v1,ambient_balanced,0.5,rock,identity,0,0,False
4,2026092804,mert_v1,ambient_balanced,1.0,electronic,identity,0,0,False
4,2026092804,mert_v1,ambient_balanced,1.0,pop,identity,0,0,False
4,2026092804,mert_v1,ambient_balanced,1.0,ambient,0.001,0,0,False
4,2026092804,mert_v1,ambient_balanced,1.0,rock,0.1,0,0,False
4,2026092804,mert_v1,unweighted,0.25,electronic,identity,0,0,False
4,2026092804,mert_v1,unweighted,0.25,pop,identity,0,0,False
4,2026092804,mert_v1,unweighted,0.25,ambient,identity,0,0,False
4,2026092804,mert_v1,unweighted,0.25,rock,1.0,0,0,False
4,2026092804,mert_v1,unweighted,0.5,electronic,identity,0,0,False
4,2026092804,mert_v1,unweighted,0.5,pop,0.1,0,0,False
4,2026092804,mert_v1,unweighted,0.5,ambient,identity,0,0,False
4,2026092804,mert_v1,unweighted,0.5,rock,identity,0,0,False
4,2026092804,mert_v1,unweighted,1.0,electronic,identity,0,0,False
4,2026092804,mert_v1,unweighted,1.0,pop,identity,0,0,False
4,2026092804,mert_v1,unweighted,1.0,ambient,1.0,0,0,False
4,2026092804,mert_v1,unweighted,1.0,rock,0.1,0,0,False
4,2026092805,maest,ambient_balanced,0.25,electronic,identity,0,0,False
4,2026092805,maest,ambient_balanced,0.25,pop,0.0,0,0,False
4,2026092805,maest,ambient_balanced,0.25,ambient,0.1,0,0,False
4,2026092805,maest,ambient_balanced,0.25,rock,identity,0,0,False
4,2026092805,maest,ambient_balanced,0.5,electronic,identity,0,0,False
4,2026092805,maest,ambient_balanced,0.5,pop,identity,0,0,False
4,2026092805,maest,ambient_balanced,0.5,ambient,0.001,0,0,False
4,2026092805,maest,ambient_balanced,0.5,rock,identity,0,0,False
4,2026092805,maest,ambient_balanced,1.0,electronic,identity,0,0,False
4,2026092805,maest,ambient_balanced,1.0,pop,identity,0,0,False
4,2026092805,maest,ambient_balanced,1.0,ambient,0.01,0,0,False
4,2026092805,maest,ambient_balanced,1.0,rock,identity,0,0,False
4,2026092805,maest,unweighted,0.25,electronic,identity,0,0,False
4,2026092805,maest,unweighted,0.25,pop,0.0,0,0,False
4,2026092805,maest,unweighted,0.25,ambient,identity,0,0,False
4,2026092805,maest,unweighted,0.25,rock,identity,0,0,False
4,2026092805,maest,unweighted,0.5,electronic,identity,0,0,False
4,2026092805,maest,unweighted,0.5,pop,identity,0,0,False
4,2026092805,maest,unweighted,0.5,ambient,0.001,0,0,False
4,2026092805,maest,unweighted,0.5,rock,identity,0,0,False
4,2026092805,maest,unweighted,1.0,electronic,identity,0,0,False
4,2026092805,maest,unweighted,1.0,pop,identity,0,0,False
4,2026092805,maest,unweighted,1.0,ambient,identity,0,0,False
4,2026092805,maest,unweighted,1.0,rock,identity,0,0,False
4,2026092805,mert_v0,ambient_balanced,0.25,electronic,identity,0,0,False
4,2026092805,mert_v0,ambient_balanced,0.25,pop,0.0,0,0,False
4,2026092805,mert_v0,ambient_balanced,0.25,ambient,0.01,0,0,False
4,2026092805,mert_v0,ambient_balanced,0.25,rock,identity,0,0,False
4,2026092805,mert_v0,ambient_balanced,0.5,electronic,identity,0,0,False
4,2026092805,mert_v0,ambient_balanced,0.5,pop,identity,0,0,False
4,2026092805,mert_v0,ambient_balanced,0.5,ambient,0.0,0,0,False
4,2026092805,mert_v0,ambient_balanced,0.5,rock,identity,0,0,False
4,2026092805,mert_v0,ambient_balanced,1.0,electronic,1.0,0,0,False
4,2026092805,mert_v0,ambient_balanced,1.0,pop,identity,0,0,False
4,2026092805,mert_v0,ambient_balanced,1.0,ambient,0.01,0,0,False
4,2026092805,mert_v0,ambient_balanced,1.0,rock,0.01,0,0,False
4,2026092805,mert_v0,unweighted,0.25,electronic,identity,0,0,False
4,2026092805,mert_v0,unweighted,0.25,pop,0.0,0,0,False
4,2026092805,mert_v0,unweighted,0.25,ambient,identity,0,0,False
4,2026092805,mert_v0,unweighted,0.25,rock,identity,0,0,False
4,2026092805,mert_v0,unweighted,0.5,electronic,identity,0,0,False
4,2026092805,mert_v0,unweighted,0.5,pop,identity,0,0,False
4,2026092805,mert_v0,unweighted,0.5,ambient,0.1,0,0,False
4,2026092805,mert_v0,unweighted,0.5,rock,identity,0,0,False
4,2026092805,mert_v0,unweighted,1.0,electronic,1.0,0,0,False
4,2026092805,mert_v0,unweighted,1.0,pop,identity,0,0,False
4,2026092805,mert_v0,unweighted,1.0,ambient,identity,0,0,False
4,2026092805,mert_v0,unweighted,1.0,rock,0.01,0,0,False
4,2026092805,mert_v1,ambient_balanced,0.25,electronic,identity,0,0,False
4,2026092805,mert_v1,ambient_balanced,0.25,pop,0.0,0,0,False
4,2026092805,mert_v1,ambient_balanced,0.25,ambient,0.01,0,0,False
4,2026092805,mert_v1,ambient_balanced,0.25,rock,identity,0,0,False
4,2026092805,mert_v1,ambient_balanced,0.5,electronic,identity,0,0,False
4,2026092805,mert_v1,ambient_balanced,0.5,pop,identity,0,0,False
4,2026092805,mert_v1,ambient_balanced,0.5,ambient,0.0,0,0,False
4,2026092805,mert_v1,ambient_balanced,0.5,rock,identity,0,0,False
4,2026092805,mert_v1,ambient_balanced,1.0,electronic,0.01,0,0,False
4,2026092805,mert_v1,ambient_balanced,1.0,pop,identity,0,0,False
4,2026092805,mert_v1,ambient_balanced,1.0,ambient,0.01,0,0,False
4,2026092805,mert_v1,ambient_balanced,1.0,rock,0.01,0,0,False
4,2026092805,mert_v1,unweighted,0.25,electronic,identity,0,0,False
4,2026092805,mert_v1,unweighted,0.25,pop,0.0,0,0,False
4,2026092805,mert_v1,unweighted,0.25,ambient,identity,0,0,False
4,2026092805,mert_v1,unweighted,0.25,rock,identity,0,0,False
4,2026092805,mert_v1,unweighted,0.5,electronic,identity,0,0,False
4,2026092805,mert_v1,unweighted,0.5,pop,identity,0,0,False
4,2026092805,mert_v1,unweighted,0.5,ambient,0.1,0,0,False
4,2026092805,mert_v1,unweighted,0.5,rock,identity,0,0,False
4,2026092805,mert_v1,unweighted,1.0,electronic,0.01,0,0,False
4,2026092805,mert_v1,unweighted,1.0,pop,identity,0,0,False
4,2026092805,mert_v1,unweighted,1.0,ambient,identity,0,0,False
4,2026092805,mert_v1,unweighted,1.0,rock,0.01,0,0,False
4,2026092806,maest,ambient_balanced,0.25,electronic,identity,0,0,False
4,2026092806,maest,ambient_balanced,0.25,pop,identity,0,0,False
4,2026092806,maest,ambient_balanced,0.25,ambient,0.1,0,0,False
4,2026092806,maest,ambient_balanced,0.25,rock,0.1,0,0,False
4,2026092806,maest,ambient_balanced,0.5,electronic,identity,0,0,False
4,2026092806,maest,ambient_balanced,0.5,pop,identity,0,0,False
4,2026092806,maest,ambient_balanced,0.5,ambient,0.01,0,0,False
4,2026092806,maest,ambient_balanced,0.5,rock,identity,0,0,False
4,2026092806,maest,ambient_balanced,1.0,electronic,identity,0,0,False
4,2026092806,maest,ambient_balanced,1.0,pop,identity,0,0,False
4,2026092806,maest,ambient_balanced,1.0,ambient,0.01,0,0,False
4,2026092806,maest,ambient_balanced,1.0,rock,identity,0,0,False
4,2026092806,maest,unweighted,0.25,electronic,identity,0,0,False
4,2026092806,maest,unweighted,0.25,pop,identity,0,0,False
4,2026092806,maest,unweighted,0.25,ambient,0.01,0,0,False
4,2026092806,maest,unweighted,0.25,rock,0.1,0,0,False
4,2026092806,maest,unweighted,0.5,electronic,identity,0,0,False
4,2026092806,maest,unweighted,0.5,pop,identity,0,0,False
4,2026092806,maest,unweighted,0.5,ambient,identity,0,0,False
4,2026092806,maest,unweighted,0.5,rock,identity,0,0,False
4,2026092806,maest,unweighted,1.0,electronic,identity,0,0,False
4,2026092806,maest,unweighted,1.0,pop,identity,0,0,False
4,2026092806,maest,unweighted,1.0,ambient,identity,0,0,False
4,2026092806,maest,unweighted,1.0,rock,identity,0,0,False
4,2026092806,mert_v0,ambient_balanced,0.25,electronic,identity,0,0,False
4,2026092806,mert_v0,ambient_balanced,0.25,pop,identity,0,0,False
4,2026092806,mert_v0,ambient_balanced,0.25,ambient,0.1,0,0,False
4,2026092806,mert_v0,ambient_balanced,0.25,rock,0.001,0,0,False
4,2026092806,mert_v0,ambient_balanced,0.5,electronic,identity,0,0,False
4,2026092806,mert_v0,ambient_balanced,0.5,pop,identity,0,0,False
4,2026092806,mert_v0,ambient_balanced,0.5,ambient,0.01,0,0,False
4,2026092806,mert_v0,ambient_balanced,0.5,rock,identity,0,0,False
4,2026092806,mert_v0,ambient_balanced,1.0,electronic,identity,0,0,False
4,2026092806,mert_v0,ambient_balanced,1.0,pop,identity,0,0,False
4,2026092806,mert_v0,ambient_balanced,1.0,ambient,0.001,0,0,False
4,2026092806,mert_v0,ambient_balanced,1.0,rock,0.001,0,0,False
4,2026092806,mert_v0,unweighted,0.25,electronic,identity,0,0,False
4,2026092806,mert_v0,unweighted,0.25,pop,identity,0,0,False
4,2026092806,mert_v0,unweighted,0.25,ambient,identity,0,0,False
4,2026092806,mert_v0,unweighted,0.25,rock,0.001,0,0,False
4,2026092806,mert_v0,unweighted,0.5,electronic,identity,0,0,False
4,2026092806,mert_v0,unweighted,0.5,pop,identity,0,0,False
4,2026092806,mert_v0,unweighted,0.5,ambient,identity,0,0,False
4,2026092806,mert_v0,unweighted,0.5,rock,identity,0,0,False
4,2026092806,mert_v0,unweighted,1.0,electronic,identity,0,0,False
4,2026092806,mert_v0,unweighted,1.0,pop,identity,0,0,False
4,2026092806,mert_v0,unweighted,1.0,ambient,0.1,0,0,False
4,2026092806,mert_v0,unweighted,1.0,rock,0.001,0,0,False
4,2026092806,mert_v1,ambient_balanced,0.25,electronic,identity,0,0,False
4,2026092806,mert_v1,ambient_balanced,0.25,pop,identity,0,0,False
4,2026092806,mert_v1,ambient_balanced,0.25,ambient,0.1,0,0,False
4,2026092806,mert_v1,ambient_balanced,0.25,rock,0.1,0,0,False
4,2026092806,mert_v1,ambient_balanced,0.5,electronic,0.01,0,0,False
4,2026092806,mert_v1,ambient_balanced,0.5,pop,identity,0,0,False
4,2026092806,mert_v1,ambient_balanced,0.5,ambient,0.01,0,0,False
4,2026092806,mert_v1,ambient_balanced,0.5,rock,identity,0,0,False
4,2026092806,mert_v1,ambient_balanced,1.0,electronic,identity,0,0,False
4,2026092806,mert_v1,ambient_balanced,1.0,pop,identity,0,0,False
4,2026092806,mert_v1,ambient_balanced,1.0,ambient,0.001,0,0,False
4,2026092806,mert_v1,ambient_balanced,1.0,rock,0.0,0,0,False
4,2026092806,mert_v1,unweighted,0.25,electronic,identity,0,0,False
4,2026092806,mert_v1,unweighted,0.25,pop,identity,0,0,False
4,2026092806,mert_v1,unweighted,0.25,ambient,identity,0,0,False
4,2026092806,mert_v1,unweighted,0.25,rock,0.1,0,0,False
4,2026092806,mert_v1,unweighted,0.5,electronic,0.01,0,0,False
4,2026092806,mert_v1,unweighted,0.5,pop,identity,0,0,False
4,2026092806,mert_v1,unweighted,0.5,ambient,identity,0,0,False
4,2026092806,mert_v1,unweighted,0.5,rock,identity,0,0,False
4,2026092806,mert_v1,unweighted,1.0,electronic,identity,0,0,False
4,2026092806,mert_v1,unweighted,1.0,pop,identity,0,0,False
4,2026092806,mert_v1,unweighted,1.0,ambient,0.1,0,0,False
4,2026092806,mert_v1,unweighted,1.0,rock,0.0,0,0,False
4,2026092807,maest,ambient_balanced,0.25,electronic,identity,0,0,False
4,2026092807,maest,ambient_balanced,0.25,pop,1.0,0,0,False
4,2026092807,maest,ambient_balanced,0.25,ambient,0.01,0,0,False
4,2026092807,maest,ambient_balanced,0.25,rock,identity,0,0,False
4,2026092807,maest,ambient_balanced,0.5,electronic,identity,0,0,False
4,2026092807,maest,ambient_balanced,0.5,pop,identity,0,0,False
4,2026092807,maest,ambient_balanced,0.5,ambient,0.01,0,0,False
4,2026092807,maest,ambient_balanced,0.5,rock,0.1,0,0,False
4,2026092807,maest,ambient_balanced,1.0,electronic,identity,0,0,False
4,2026092807,maest,ambient_balanced,1.0,pop,0.001,0,0,False
4,2026092807,maest,ambient_balanced,1.0,ambient,0.01,0,0,False
4,2026092807,maest,ambient_balanced,1.0,rock,identity,0,0,False
4,2026092807,maest,unweighted,0.25,electronic,identity,0,0,False
4,2026092807,maest,unweighted,0.25,pop,1.0,0,0,False
4,2026092807,maest,unweighted,0.25,ambient,0.0,0,0,False
4,2026092807,maest,unweighted,0.25,rock,identity,0,0,False
4,2026092807,maest,unweighted,0.5,electronic,identity,0,0,False
4,2026092807,maest,unweighted,0.5,pop,identity,0,0,False
4,2026092807,maest,unweighted,0.5,ambient,identity,0,0,False
4,2026092807,maest,unweighted,0.5,rock,0.1,0,0,False
4,2026092807,maest,unweighted,1.0,electronic,identity,0,0,False
4,2026092807,maest,unweighted,1.0,pop,0.001,0,0,False
4,2026092807,maest,unweighted,1.0,ambient,identity,0,0,False
4,2026092807,maest,unweighted,1.0,rock,identity,0,0,False
4,2026092807,mert_v0,ambient_balanced,0.25,electronic,identity,0,0,False
4,2026092807,mert_v0,ambient_balanced,0.25,pop,0.1,0,0,False
4,2026092807,mert_v0,ambient_balanced,0.25,ambient,0.01,0,0,False
4,2026092807,mert_v0,ambient_balanced,0.25,rock,identity,0,0,False
4,2026092807,mert_v0,ambient_balanced,0.5,electronic,0.001,0,0,False
4,2026092807,mert_v0,ambient_balanced,0.5,pop,identity,0,0,False
4,2026092807,mert_v0,ambient_balanced,0.5,ambient,0.01,0,0,False
4,2026092807,mert_v0,ambient_balanced,0.5,rock,0.1,0,0,False
4,2026092807,mert_v0,ambient_balanced,1.0,electronic,0.1,0,0,False
4,2026092807,mert_v0,ambient_balanced,1.0,pop,0.01,0,0,False
4,2026092807,mert_v0,ambient_balanced,1.0,ambient,0.01,0,0,False
4,2026092807,mert_v0,ambient_balanced,1.0,rock,1.0,0,0,False
4,2026092807,mert_v0,unweighted,0.25,electronic,identity,0,0,False
4,2026092807,mert_v0,unweighted,0.25,pop,0.1,0,0,False
4,2026092807,mert_v0,unweighted,0.25,ambient,identity,0,0,False
4,2026092807,mert_v0,unweighted,0.25,rock,identity,0,0,False
4,2026092807,mert_v0,unweighted,0.5,electronic,0.001,0,0,False
4,2026092807,mert_v0,unweighted,0.5,pop,identity,0,0,False
4,2026092807,mert_v0,unweighted,0.5,ambient,identity,0,0,False
4,2026092807,mert_v0,unweighted,0.5,rock,0.1,0,0,False
4,2026092807,mert_v0,unweighted,1.0,electronic,0.1,0,0,False
4,2026092807,mert_v0,unweighted,1.0,pop,0.01,0,0,False
4,2026092807,mert_v0,unweighted,1.0,ambient,identity,0,0,False
4,2026092807,mert_v0,unweighted,1.0,rock,1.0,0,0,False
4,2026092807,mert_v1,ambient_balanced,0.25,electronic,1.0,0,0,False
4,2026092807,mert_v1,ambient_balanced,0.25,pop,0.1,0,0,False
4,2026092807,mert_v1,ambient_balanced,0.25,ambient,0.01,0,0,False
4,2026092807,mert_v1,ambient_balanced,0.25,rock,identity,0,0,False
4,2026092807,mert_v1,ambient_balanced,0.5,electronic,0.0,0,0,False
4,2026092807,mert_v1,ambient_balanced,0.5,pop,identity,0,0,False
4,2026092807,mert_v1,ambient_balanced,0.5,ambient,0.001,0,0,False
4,2026092807,mert_v1,ambient_balanced,0.5,rock,0.1,0,0,False
4,2026092807,mert_v1,ambient_balanced,1.0,electronic,0.1,0,0,False
4,2026092807,mert_v1,ambient_balanced,1.0,pop,0.1,0,0,False
4,2026092807,mert_v1,ambient_balanced,1.0,ambient,0.01,0,0,False
4,2026092807,mert_v1,ambient_balanced,1.0,rock,identity,0,0,False
4,2026092807,mert_v1,unweighted,0.25,electronic,1.0,0,0,False
4,2026092807,mert_v1,unweighted,0.25,pop,0.1,0,0,False
4,2026092807,mert_v1,unweighted,0.25,ambient,identity,0,0,False
4,2026092807,mert_v1,unweighted,0.25,rock,identity,0,0,False
4,2026092807,mert_v1,unweighted,0.5,electronic,0.0,0,0,False
4,2026092807,mert_v1,unweighted,0.5,pop,identity,0,0,False
4,2026092807,mert_v1,unweighted,0.5,ambient,identity,0,0,False
4,2026092807,mert_v1,unweighted,0.5,rock,0.1,0,0,False
4,2026092807,mert_v1,unweighted,1.0,electronic,0.1,0,0,False
4,2026092807,mert_v1,unweighted,1.0,pop,0.1,0,0,False
4,2026092807,mert_v1,unweighted,1.0,ambient,identity,0,0,False
4,2026092807,mert_v1,unweighted,1.0,rock,identity,0,0,False
4,2026092808,maest,ambient_balanced,0.25,electronic,identity,0,0,False
4,2026092808,maest,ambient_balanced,0.25,pop,0.1,0,0,False
4,2026092808,maest,ambient_balanced,0.25,ambient,1.0,0,0,False
4,2026092808,maest,ambient_balanced,0.25,rock,identity,0,0,False
4,2026092808,maest,ambient_balanced,0.5,electronic,identity,0,0,False
4,2026092808,maest,ambient_balanced,0.5,pop,identity,0,0,False
4,2026092808,maest,ambient_balanced,0.5,ambient,0.001,0,0,False
4,2026092808,maest,ambient_balanced,0.5,rock,identity,0,0,False
4,2026092808,maest,ambient_balanced,1.0,electronic,identity,0,0,False
4,2026092808,maest,ambient_balanced,1.0,pop,identity,0,0,False
4,2026092808,maest,ambient_balanced,1.0,ambient,0.01,0,0,False
4,2026092808,maest,ambient_balanced,1.0,rock,identity,0,0,False
4,2026092808,maest,unweighted,0.25,electronic,identity,0,0,False
4,2026092808,maest,unweighted,0.25,pop,0.1,0,0,False
4,2026092808,maest,unweighted,0.25,ambient,identity,0,0,False
4,2026092808,maest,unweighted,0.25,rock,identity,0,0,False
4,2026092808,maest,unweighted,0.5,electronic,identity,0,0,False
4,2026092808,maest,unweighted,0.5,pop,identity,0,0,False
4,2026092808,maest,unweighted,0.5,ambient,identity,0,0,False
4,2026092808,maest,unweighted,0.5,rock,identity,0,0,False
4,2026092808,maest,unweighted,1.0,electronic,identity,0,0,False
4,2026092808,maest,unweighted,1.0,pop,identity,0,0,False
4,2026092808,maest,unweighted,1.0,ambient,identity,0,0,False
4,2026092808,maest,unweighted,1.0,rock,identity,0,0,False
4,2026092808,mert_v0,ambient_balanced,0.25,electronic,identity,0,0,False
4,2026092808,mert_v0,ambient_balanced,0.25,pop,0.001,0,0,False
4,2026092808,mert_v0,ambient_balanced,0.25,ambient,0.1,0,0,False
4,2026092808,mert_v0,ambient_balanced,0.25,rock,identity,0,0,False
4,2026092808,mert_v0,ambient_balanced,0.5,electronic,identity,0,0,False
4,2026092808,mert_v0,ambient_balanced,0.5,pop,identity,0,0,False
4,2026092808,mert_v0,ambient_balanced,0.5,ambient,0.01,0,0,False
4,2026092808,mert_v0,ambient_balanced,0.5,rock,0.1,0,0,False
4,2026092808,mert_v0,ambient_balanced,1.0,electronic,identity,0,0,False
4,2026092808,mert_v0,ambient_balanced,1.0,pop,0.001,0,0,False
4,2026092808,mert_v0,ambient_balanced,1.0,ambient,0.01,0,0,False
4,2026092808,mert_v0,ambient_balanced,1.0,rock,0.001,0,0,False
4,2026092808,mert_v0,unweighted,0.25,electronic,identity,0,0,False
4,2026092808,mert_v0,unweighted,0.25,pop,0.001,0,0,False
4,2026092808,mert_v0,unweighted,0.25,ambient,identity,0,0,False
4,2026092808,mert_v0,unweighted,0.25,rock,identity,0,0,False
4,2026092808,mert_v0,unweighted,0.5,electronic,identity,0,0,False
4,2026092808,mert_v0,unweighted,0.5,pop,identity,0,0,False
4,2026092808,mert_v0,unweighted,0.5,ambient,identity,0,0,False
4,2026092808,mert_v0,unweighted,0.5,rock,0.1,0,0,False
4,2026092808,mert_v0,unweighted,1.0,electronic,identity,0,0,False
4,2026092808,mert_v0,unweighted,1.0,pop,0.001,0,0,False
4,2026092808,mert_v0,unweighted,1.0,ambient,identity,0,0,False
4,2026092808,mert_v0,unweighted,1.0,rock,0.001,0,0,False
4,2026092808,mert_v1,ambient_balanced,0.25,electronic,0.1,0,0,False
4,2026092808,mert_v1,ambient_balanced,0.25,pop,0.1,0,0,False
4,2026092808,mert_v1,ambient_balanced,0.25,ambient,0.1,0,0,False
4,2026092808,mert_v1,ambient_balanced,0.25,rock,identity,0,0,False
4,2026092808,mert_v1,ambient_balanced,0.5,electronic,identity,0,0,False
4,2026092808,mert_v1,ambient_balanced,0.5,pop,identity,0,0,False
4,2026092808,mert_v1,ambient_balanced,0.5,ambient,0.01,0,0,False
4,2026092808,mert_v1,ambient_balanced,0.5,rock,1.0,0,0,False
4,2026092808,mert_v1,ambient_balanced,1.0,electronic,identity,0,0,False
4,2026092808,mert_v1,ambient_balanced,1.0,pop,0.001,0,0,False
4,2026092808,mert_v1,ambient_balanced,1.0,ambient,0.01,0,0,False
4,2026092808,mert_v1,ambient_balanced,1.0,rock,identity,0,0,False
4,2026092808,mert_v1,unweighted,0.25,electronic,0.1,0,0,False
4,2026092808,mert_v1,unweighted,0.25,pop,0.1,0,0,False
4,2026092808,mert_v1,unweighted,0.25,ambient,0.01,0,0,False
4,2026092808,mert_v1,unweighted,0.25,rock,identity,0,0,False
4,2026092808,mert_v1,unweighted,0.5,electronic,identity,0,0,False
4,2026092808,mert_v1,unweighted,0.5,pop,identity,0,0,False
4,2026092808,mert_v1,unweighted,0.5,ambient,identity,0,0,False
4,2026092808,mert_v1,unweighted,0.5,rock,1.0,0,0,False
4,2026092808,mert_v1,unweighted,1.0,electronic,identity,0,0,False
4,2026092808,mert_v1,unweighted,1.0,pop,0.001,0,0,False
4,2026092808,mert_v1,unweighted,1.0,ambient,identity,0,0,False
4,2026092808,mert_v1,unweighted,1.0,rock,identity,0,0,False
4,2026092809,maest,ambient_balanced,0.25,electronic,1.0,0,0,False
4,2026092809,maest,ambient_balanced,0.25,pop,0.0,0,0,False
4,2026092809,maest,ambient_balanced,0.25,ambient,0.001,0,0,False
4,2026092809,maest,ambient_balanced,0.25,rock,identity,0,0,False
4,2026092809,maest,ambient_balanced,0.5,electronic,identity,0,0,False
4,2026092809,maest,ambient_balanced,0.5,pop,identity,0,0,False
4,2026092809,maest,ambient_balanced,0.5,ambient,0.0,0,0,False
4,2026092809,maest,ambient_balanced,0.5,rock,1.0,0,0,False
4,2026092809,maest,ambient_balanced,1.0,electronic,identity,0,0,False
4,2026092809,maest,ambient_balanced,1.0,pop,0.01,0,0,False
4,2026092809,maest,ambient_balanced,1.0,ambient,0.01,0,0,False
4,2026092809,maest,ambient_balanced,1.0,rock,identity,0,0,False
4,2026092809,maest,unweighted,0.25,electronic,1.0,0,0,False
4,2026092809,maest,unweighted,0.25,pop,0.0,0,0,False
4,2026092809,maest,unweighted,0.25,ambient,0.0,0,0,False
4,2026092809,maest,unweighted,0.25,rock,identity,0,0,False
4,2026092809,maest,unweighted,0.5,electronic,identity,0,0,False
4,2026092809,maest,unweighted,0.5,pop,identity,0,0,False
4,2026092809,maest,unweighted,0.5,ambient,0.0,0,0,False
4,2026092809,maest,unweighted,0.5,rock,1.0,0,0,False
4,2026092809,maest,unweighted,1.0,electronic,identity,0,0,False
4,2026092809,maest,unweighted,1.0,pop,0.01,0,0,False
4,2026092809,maest,unweighted,1.0,ambient,identity,0,0,False
4,2026092809,maest,unweighted,1.0,rock,identity,0,0,False
4,2026092809,mert_v0,ambient_balanced,0.25,electronic,0.001,0,0,False
4,2026092809,mert_v0,ambient_balanced,0.25,pop,0.0,0,0,False
4,2026092809,mert_v0,ambient_balanced,0.25,ambient,0.001,0,0,False
4,2026092809,mert_v0,ambient_balanced,0.25,rock,0.001,0,0,False
4,2026092809,mert_v0,ambient_balanced,0.5,electronic,0.01,0,0,False
4,2026092809,mert_v0,ambient_balanced,0.5,pop,identity,0,0,False
4,2026092809,mert_v0,ambient_balanced,0.5,ambient,0.0,0,0,False
4,2026092809,mert_v0,ambient_balanced,0.5,rock,0.0,0,0,False
4,2026092809,mert_v0,ambient_balanced,1.0,electronic,0.0,0,0,False
4,2026092809,mert_v0,ambient_balanced,1.0,pop,0.01,0,0,False
4,2026092809,mert_v0,ambient_balanced,1.0,ambient,0.001,0,0,False
4,2026092809,mert_v0,ambient_balanced,1.0,rock,0.0,0,0,False
4,2026092809,mert_v0,unweighted,0.25,electronic,0.001,0,0,False
4,2026092809,mert_v0,unweighted,0.25,pop,0.0,0,0,False
4,2026092809,mert_v0,unweighted,0.25,ambient,0.0,0,0,False
4,2026092809,mert_v0,unweighted,0.25,rock,0.001,0,0,False
4,2026092809,mert_v0,unweighted,0.5,electronic,0.01,0,0,False
4,2026092809,mert_v0,unweighted,0.5,pop,identity,0,0,False
4,2026092809,mert_v0,unweighted,0.5,ambient,0.001,0,0,False
4,2026092809,mert_v0,unweighted,0.5,rock,0.0,0,0,False
4,2026092809,mert_v0,unweighted,1.0,electronic,0.0,0,0,False
4,2026092809,mert_v0,unweighted,1.0,pop,0.01,0,0,False
4,2026092809,mert_v0,unweighted,1.0,ambient,identity,0,0,False
4,2026092809,mert_v0,unweighted,1.0,rock,0.0,0,0,False
4,2026092809,mert_v1,ambient_balanced,0.25,electronic,0.001,0,0,False
4,2026092809,mert_v1,ambient_balanced,0.25,pop,0.0,0,0,False
4,2026092809,mert_v1,ambient_balanced,0.25,ambient,0.01,0,0,False
4,2026092809,mert_v1,ambient_balanced,0.25,rock,0.001,0,0,False
4,2026092809,mert_v1,ambient_balanced,0.5,electronic,0.1,0,0,False
4,2026092809,mert_v1,ambient_balanced,0.5,pop,identity,0,0,False
4,2026092809,mert_v1,ambient_balanced,0.5,ambient,0.001,0,0,False
4,2026092809,mert_v1,ambient_balanced,0.5,rock,0.001,0,0,False
4,2026092809,mert_v1,ambient_balanced,1.0,electronic,0.0,0,0,False
4,2026092809,mert_v1,ambient_balanced,1.0,pop,0.01,0,0,False
4,2026092809,mert_v1,ambient_balanced,1.0,ambient,0.01,0,0,False
4,2026092809,mert_v1,ambient_balanced,1.0,rock,identity,0,0,False
4,2026092809,mert_v1,unweighted,0.25,electronic,0.001,0,0,False
4,2026092809,mert_v1,unweighted,0.25,pop,0.0,0,0,False
4,2026092809,mert_v1,unweighted,0.25,ambient,0.1,0,0,False
4,2026092809,mert_v1,unweighted,0.25,rock,0.001,0,0,False
4,2026092809,mert_v1,unweighted,0.5,electronic,0.1,0,0,False
4,2026092809,mert_v1,unweighted,0.5,pop,identity,0,0,False
4,2026092809,mert_v1,unweighted,0.5,ambient,0.001,0,0,False
4,2026092809,mert_v1,unweighted,0.5,rock,0.001,0,0,False
4,2026092809,mert_v1,unweighted,1.0,electronic,0.0,0,0,False
4,2026092809,mert_v1,unweighted,1.0,pop,0.01,0,0,False
4,2026092809,mert_v1,unweighted,1.0,ambient,identity,0,0,False
4,2026092809,mert_v1,unweighted,1.0,rock,identity,0,0,False
4,2026092810,maest,ambient_balanced,0.25,electronic,identity,0,0,False
4,2026092810,maest,ambient_balanced,0.25,pop,identity,0,0,False
4,2026092810,maest,ambient_balanced,0.25,ambient,identity,0,0,False
4,2026092810,maest,ambient_balanced,0.25,rock,identity,0,0,False
4,2026092810,maest,ambient_balanced,0.5,electronic,1.0,0,0,False
4,2026092810,maest,ambient_balanced,0.5,pop,1.0,0,0,False
4,2026092810,maest,ambient_balanced,0.5,ambient,0.1,0,0,False
4,2026092810,maest,ambient_balanced,0.5,rock,identity,0,0,False
4,2026092810,maest,ambient_balanced,1.0,electronic,identity,0,0,False
4,2026092810,maest,ambient_balanced,1.0,pop,identity,0,0,False
4,2026092810,maest,ambient_balanced,1.0,ambient,0.001,0,0,False
4,2026092810,maest,ambient_balanced,1.0,rock,identity,0,0,False
4,2026092810,maest,unweighted,0.25,electronic,identity,0,0,False
4,2026092810,maest,unweighted,0.25,pop,identity,0,0,False
4,2026092810,maest,unweighted,0.25,ambient,identity,0,0,False
4,2026092810,maest,unweighted,0.25,rock,identity,0,0,False
4,2026092810,maest,unweighted,0.5,electronic,1.0,0,0,False
4,2026092810,maest,unweighted,0.5,pop,1.0,0,0,False
4,2026092810,maest,unweighted,0.5,ambient,identity,0,0,False
4,2026092810,maest,unweighted,0.5,rock,identity,0,0,False
4,2026092810,maest,unweighted,1.0,electronic,identity,0,0,False
4,2026092810,maest,unweighted,1.0,pop,identity,0,0,False
4,2026092810,maest,unweighted,1.0,ambient,0.1,0,0,False
4,2026092810,maest,unweighted,1.0,rock,identity,0,0,False
4,2026092810,mert_v0,ambient_balanced,0.25,electronic,identity,0,0,False
4,2026092810,mert_v0,ambient_balanced,0.25,pop,identity,0,0,False
4,2026092810,mert_v0,ambient_balanced,0.25,ambient,0.1,0,0,False
4,2026092810,mert_v0,ambient_balanced,0.25,rock,0.001,0,0,False
4,2026092810,mert_v0,ambient_balanced,0.5,electronic,identity,0,0,False
4,2026092810,mert_v0,ambient_balanced,0.5,pop,identity,0,0,False
4,2026092810,mert_v0,ambient_balanced,0.5,ambient,0.1,0,0,False
4,2026092810,mert_v0,ambient_balanced,0.5,rock,0.001,0,0,False
4,2026092810,mert_v0,ambient_balanced,1.0,electronic,identity,0,0,False
4,2026092810,mert_v0,ambient_balanced,1.0,pop,0.001,0,0,False
4,2026092810,mert_v0,ambient_balanced,1.0,ambient,0.001,0,0,False
4,2026092810,mert_v0,ambient_balanced,1.0,rock,0.001,0,0,False
4,2026092810,mert_v0,unweighted,0.25,electronic,identity,0,0,False
4,2026092810,mert_v0,unweighted,0.25,pop,identity,0,0,False
4,2026092810,mert_v0,unweighted,0.25,ambient,0.001,0,0,False
4,2026092810,mert_v0,unweighted,0.25,rock,0.001,0,0,False
4,2026092810,mert_v0,unweighted,0.5,electronic,identity,0,0,False
4,2026092810,mert_v0,unweighted,0.5,pop,identity,0,0,False
4,2026092810,mert_v0,unweighted,0.5,ambient,identity,0,0,False
4,2026092810,mert_v0,unweighted,0.5,rock,0.001,0,0,False
4,2026092810,mert_v0,unweighted,1.0,electronic,identity,0,0,False
4,2026092810,mert_v0,unweighted,1.0,pop,0.001,0,0,False
4,2026092810,mert_v0,unweighted,1.0,ambient,identity,0,0,False
4,2026092810,mert_v0,unweighted,1.0,rock,0.001,0,0,False
4,2026092810,mert_v1,ambient_balanced,0.25,electronic,identity,0,0,False
4,2026092810,mert_v1,ambient_balanced,0.25,pop,identity,0,0,False
4,2026092810,mert_v1,ambient_balanced,0.25,ambient,0.1,0,0,False
4,2026092810,mert_v1,ambient_balanced,0.25,rock,0.001,0,0,False
4,2026092810,mert_v1,ambient_balanced,0.5,electronic,identity,0,0,False
4,2026092810,mert_v1,ambient_balanced,0.5,pop,1.0,0,0,False
4,2026092810,mert_v1,ambient_balanced,0.5,ambient,0.1,0,0,False
4,2026092810,mert_v1,ambient_balanced,0.5,rock,0.01,0,0,False
4,2026092810,mert_v1,ambient_balanced,1.0,electronic,identity,0,0,False
4,2026092810,mert_v1,ambient_balanced,1.0,pop,0.01,0,0,False
4,2026092810,mert_v1,ambient_balanced,1.0,ambient,0.01,0,0,False
4,2026092810,mert_v1,ambient_balanced,1.0,rock,0.001,0,0,False
4,2026092810,mert_v1,unweighted,0.25,electronic,identity,0,0,False
4,2026092810,mert_v1,unweighted,0.25,pop,identity,0,0,False
4,2026092810,mert_v1,unweighted,0.25,ambient,0.0,0,0,False
4,2026092810,mert_v1,unweighted,0.25,rock,0.001,0,0,False
4,2026092810,mert_v1,unweighted,0.5,electronic,identity,0,0,False
4,2026092810,mert_v1,unweighted,0.5,pop,1.0,0,0,False
4,2026092810,mert_v1,unweighted,0.5,ambient,identity,0,0,False
4,2026092810,mert_v1,unweighted,0.5,rock,0.01,0,0,False
4,2026092810,mert_v1,unweighted,1.0,electronic,identity,0,0,False
4,2026092810,mert_v1,unweighted,1.0,pop,0.01,0,0,False
4,2026092810,mert_v1,unweighted,1.0,ambient,identity,0,0,False
4,2026092810,mert_v1,unweighted,1.0,rock,0.001,0,0,False
4,2026092811,maest,ambient_balanced,0.25,electronic,0.01,0,0,False
4,2026092811,maest,ambient_balanced,0.25,pop,identity,0,0,False
4,2026092811,maest,ambient_balanced,0.25,ambient,0.01,0,0,False
4,2026092811,maest,ambient_balanced,0.25,rock,identity,0,0,False
4,2026092811,maest,ambient_balanced,0.5,electronic,0.01,0,0,False
4,2026092811,maest,ambient_balanced,0.5,pop,identity,0,0,False
4,2026092811,maest,ambient_balanced,0.5,ambient,0.0,0,0,False
4,2026092811,maest,ambient_balanced,0.5,rock,0.001,0,0,False
4,2026092811,maest,ambient_balanced,1.0,electronic,identity,0,0,False
4,2026092811,maest,ambient_balanced,1.0,pop,identity,0,0,False
4,2026092811,maest,ambient_balanced,1.0,ambient,0.01,0,0,False
4,2026092811,maest,ambient_balanced,1.0,rock,identity,0,0,False
4,2026092811,maest,unweighted,0.25,electronic,0.01,0,0,False
4,2026092811,maest,unweighted,0.25,pop,identity,0,0,False
4,2026092811,maest,unweighted,0.25,ambient,identity,0,0,False
4,2026092811,maest,unweighted,0.25,rock,identity,0,0,False
4,2026092811,maest,unweighted,0.5,electronic,0.01,0,0,False
4,2026092811,maest,unweighted,0.5,pop,identity,0,0,False
4,2026092811,maest,unweighted,0.5,ambient,0.0,0,0,False
4,2026092811,maest,unweighted,0.5,rock,0.001,0,0,False
4,2026092811,maest,unweighted,1.0,electronic,identity,0,0,False
4,2026092811,maest,unweighted,1.0,pop,identity,0,0,False
4,2026092811,maest,unweighted,1.0,ambient,identity,0,0,False
4,2026092811,maest,unweighted,1.0,rock,identity,0,0,False
4,2026092811,mert_v0,ambient_balanced,0.25,electronic,0.001,0,0,False
4,2026092811,mert_v0,ambient_balanced,0.25,pop,identity,0,0,False
4,2026092811,mert_v0,ambient_balanced,0.25,ambient,0.1,0,0,False
4,2026092811,mert_v0,ambient_balanced,0.25,rock,identity,0,0,False
4,2026092811,mert_v0,ambient_balanced,0.5,electronic,0.0,0,0,False
4,2026092811,mert_v0,ambient_balanced,0.5,pop,identity,0,0,False
4,2026092811,mert_v0,ambient_balanced,0.5,ambient,0.001,0,0,False
4,2026092811,mert_v0,ambient_balanced,0.5,rock,0.0,0,0,False
4,2026092811,mert_v0,ambient_balanced,1.0,electronic,0.0,0,0,False
4,2026092811,mert_v0,ambient_balanced,1.0,pop,identity,0,0,False
4,2026092811,mert_v0,ambient_balanced,1.0,ambient,0.01,0,0,False
4,2026092811,mert_v0,ambient_balanced,1.0,rock,0.01,0,0,False
4,2026092811,mert_v0,unweighted,0.25,electronic,0.001,0,0,False
4,2026092811,mert_v0,unweighted,0.25,pop,identity,0,0,False
4,2026092811,mert_v0,unweighted,0.25,ambient,identity,0,0,False
4,2026092811,mert_v0,unweighted,0.25,rock,identity,0,0,False
4,2026092811,mert_v0,unweighted,0.5,electronic,0.0,0,0,False
4,2026092811,mert_v0,unweighted,0.5,pop,identity,0,0,False
4,2026092811,mert_v0,unweighted,0.5,ambient,0.001,0,0,False
4,2026092811,mert_v0,unweighted,0.5,rock,0.0,0,0,False
4,2026092811,mert_v0,unweighted,1.0,electronic,0.0,0,0,False
4,2026092811,mert_v0,unweighted,1.0,pop,identity,0,0,False
4,2026092811,mert_v0,unweighted,1.0,ambient,identity,0,0,False
4,2026092811,mert_v0,unweighted,1.0,rock,0.01,0,0,False
4,2026092811,mert_v1,ambient_balanced,0.25,electronic,0.001,0,0,False
4,2026092811,mert_v1,ambient_balanced,0.25,pop,identity,0,0,False
4,2026092811,mert_v1,ambient_balanced,0.25,ambient,0.01,0,0,False
4,2026092811,mert_v1,ambient_balanced,0.25,rock,0.0,0,0,False
4,2026092811,mert_v1,ambient_balanced,0.5,electronic,0.0,0,0,False
4,2026092811,mert_v1,ambient_balanced,0.5,pop,identity,0,0,False
4,2026092811,mert_v1,ambient_balanced,0.5,ambient,0.0,0,0,False
4,2026092811,mert_v1,ambient_balanced,0.5,rock,0.0,0,0,False
4,2026092811,mert_v1,ambient_balanced,1.0,electronic,0.01,0,0,False
4,2026092811,mert_v1,ambient_balanced,1.0,pop,identity,0,0,False
4,2026092811,mert_v1,ambient_balanced,1.0,ambient,0.01,0,0,False
4,2026092811,mert_v1,ambient_balanced,1.0,rock,0.001,0,0,False
4,2026092811,mert_v1,unweighted,0.25,electronic,0.001,0,0,False
4,2026092811,mert_v1,unweighted,0.25,pop,identity,0,0,False
4,2026092811,mert_v1,unweighted,0.25,ambient,identity,0,0,False
4,2026092811,mert_v1,unweighted,0.25,rock,0.0,0,0,False
4,2026092811,mert_v1,unweighted,0.5,electronic,0.0,0,0,False
4,2026092811,mert_v1,unweighted,0.5,pop,identity,0,0,False
4,2026092811,mert_v1,unweighted,0.5,ambient,0.0,0,0,False
4,2026092811,mert_v1,unweighted,0.5,rock,0.0,0,0,False
4,2026092811,mert_v1,unweighted,1.0,electronic,0.01,0,0,False
4,2026092811,mert_v1,unweighted,1.0,pop,identity,0,0,False
4,2026092811,mert_v1,unweighted,1.0,ambient,identity,0,0,False
4,2026092811,mert_v1,unweighted,1.0,rock,0.001,0,0,False
4,2026092812,maest,ambient_balanced,0.25,electronic,identity,0,0,False
4,2026092812,maest,ambient_balanced,0.25,pop,1.0,0,0,False
4,2026092812,maest,ambient_balanced,0.25,ambient,1.0,0,0,False
4,2026092812,maest,ambient_balanced,0.25,rock,1.0,0,0,False
4,2026092812,maest,ambient_balanced,0.5,electronic,identity,0,0,False
4,2026092812,maest,ambient_balanced,0.5,pop,identity,0,0,False
4,2026092812,maest,ambient_balanced,0.5,ambient,0.01,0,0,False
4,2026092812,maest,ambient_balanced,0.5,rock,identity,0,0,False
4,2026092812,maest,ambient_balanced,1.0,electronic,identity,0,0,False
4,2026092812,maest,ambient_balanced,1.0,pop,identity,0,0,False
4,2026092812,maest,ambient_balanced,1.0,ambient,0.0,0,0,False
4,2026092812,maest,ambient_balanced,1.0,rock,1.0,0,0,False
4,2026092812,maest,unweighted,0.25,electronic,identity,0,0,False
4,2026092812,maest,unweighted,0.25,pop,1.0,0,0,False
4,2026092812,maest,unweighted,0.25,ambient,0.1,0,0,False
4,2026092812,maest,unweighted,0.25,rock,1.0,0,0,False
4,2026092812,maest,unweighted,0.5,electronic,identity,0,0,False
4,2026092812,maest,unweighted,0.5,pop,identity,0,0,False
4,2026092812,maest,unweighted,0.5,ambient,identity,0,0,False
4,2026092812,maest,unweighted,0.5,rock,identity,0,0,False
4,2026092812,maest,unweighted,1.0,electronic,identity,0,0,False
4,2026092812,maest,unweighted,1.0,pop,identity,0,0,False
4,2026092812,maest,unweighted,1.0,ambient,0.1,0,0,False
4,2026092812,maest,unweighted,1.0,rock,1.0,0,0,False
4,2026092812,mert_v0,ambient_balanced,0.25,electronic,identity,0,0,False
4,2026092812,mert_v0,ambient_balanced,0.25,pop,0.1,0,0,False
4,2026092812,mert_v0,ambient_balanced,0.25,ambient,0.1,0,0,False
4,2026092812,mert_v0,ambient_balanced,0.25,rock,identity,0,0,False
4,2026092812,mert_v0,ambient_balanced,0.5,electronic,identity,0,0,False
4,2026092812,mert_v0,ambient_balanced,0.5,pop,identity,0,0,False
4,2026092812,mert_v0,ambient_balanced,0.5,ambient,0.01,0,0,False
4,2026092812,mert_v0,ambient_balanced,0.5,rock,identity,0,0,False
4,2026092812,mert_v0,ambient_balanced,1.0,electronic,identity,0,0,False
4,2026092812,mert_v0,ambient_balanced,1.0,pop,identity,0,0,False
4,2026092812,mert_v0,ambient_balanced,1.0,ambient,0.001,0,0,False
4,2026092812,mert_v0,ambient_balanced,1.0,rock,0.001,0,0,False
4,2026092812,mert_v0,unweighted,0.25,electronic,identity,0,0,False
4,2026092812,mert_v0,unweighted,0.25,pop,0.1,0,0,False
4,2026092812,mert_v0,unweighted,0.25,ambient,0.01,0,0,False
4,2026092812,mert_v0,unweighted,0.25,rock,identity,0,0,False
4,2026092812,mert_v0,unweighted,0.5,electronic,identity,0,0,False
4,2026092812,mert_v0,unweighted,0.5,pop,identity,0,0,False
4,2026092812,mert_v0,unweighted,0.5,ambient,identity,0,0,False
4,2026092812,mert_v0,unweighted,0.5,rock,identity,0,0,False
4,2026092812,mert_v0,unweighted,1.0,electronic,identity,0,0,False
4,2026092812,mert_v0,unweighted,1.0,pop,identity,0,0,False
4,2026092812,mert_v0,unweighted,1.0,ambient,0.01,0,0,False
4,2026092812,mert_v0,unweighted,1.0,rock,0.001,0,0,False
4,2026092812,mert_v1,ambient_balanced,0.25,electronic,identity,0,0,False
4,2026092812,mert_v1,ambient_balanced,0.25,pop,0.01,0,0,False
4,2026092812,mert_v1,ambient_balanced,0.25,ambient,0.1,0,0,False
4,2026092812,mert_v1,ambient_balanced,0.25,rock,identity,0,0,False
4,2026092812,mert_v1,ambient_balanced,0.5,electronic,identity,0,0,False
4,2026092812,mert_v1,ambient_balanced,0.5,pop,identity,0,0,False
4,2026092812,mert_v1,ambient_balanced,0.5,ambient,0.01,0,0,False
4,2026092812,mert_v1,ambient_balanced,0.5,rock,identity,0,0,False
4,2026092812,mert_v1,ambient_balanced,1.0,electronic,identity,0,0,False
4,2026092812,mert_v1,ambient_balanced,1.0,pop,identity,0,0,False
4,2026092812,mert_v1,ambient_balanced,1.0,ambient,0.001,0,0,False
4,2026092812,mert_v1,ambient_balanced,1.0,rock,0.001,0,0,False
4,2026092812,mert_v1,unweighted,0.25,electronic,identity,0,0,False
4,2026092812,mert_v1,unweighted,0.25,pop,0.01,0,0,False
4,2026092812,mert_v1,unweighted,0.25,ambient,0.01,0,0,False
4,2026092812,mert_v1,unweighted,0.25,rock,identity,0,0,False
4,2026092812,mert_v1,unweighted,0.5,electronic,identity,0,0,False
4,2026092812,mert_v1,unweighted,0.5,pop,identity,0,0,False
4,2026092812,mert_v1,unweighted,0.5,ambient,identity,0,0,False
4,2026092812,mert_v1,unweighted,0.5,rock,identity,0,0,False
4,2026092812,mert_v1,unweighted,1.0,electronic,identity,0,0,False
4,2026092812,mert_v1,unweighted,1.0,pop,identity,0,0,False
4,2026092812,mert_v1,unweighted,1.0,ambient,0.1,0,0,False
4,2026092812,mert_v1,unweighted,1.0,rock,0.001,0,0,False
4,2026092813,maest,ambient_balanced,0.25,electronic,identity,0,0,False
4,2026092813,maest,ambient_balanced,0.25,pop,identity,0,0,False
4,2026092813,maest,ambient_balanced,0.25,ambient,0.1,0,0,False
4,2026092813,maest,ambient_balanced,0.25,rock,identity,0,0,False
4,2026092813,maest,ambient_balanced,0.5,electronic,identity,0,0,False
4,2026092813,maest,ambient_balanced,0.5,pop,1.0,0,0,False
4,2026092813,maest,ambient_balanced,0.5,ambient,0.01,0,0,False
4,2026092813,maest,ambient_balanced,0.5,rock,identity,0,0,False
4,2026092813,maest,ambient_balanced,1.0,electronic,identity,0,0,False
4,2026092813,maest,ambient_balanced,1.0,pop,1.0,0,0,False
4,2026092813,maest,ambient_balanced,1.0,ambient,0.01,0,0,False
4,2026092813,maest,ambient_balanced,1.0,rock,0.0,0,0,False
4,2026092813,maest,unweighted,0.25,electronic,identity,0,0,False
4,2026092813,maest,unweighted,0.25,pop,identity,0,0,False
4,2026092813,maest,unweighted,0.25,ambient,0.001,0,0,False
4,2026092813,maest,unweighted,0.25,rock,identity,0,0,False
4,2026092813,maest,unweighted,0.5,electronic,identity,0,0,False
4,2026092813,maest,unweighted,0.5,pop,1.0,0,0,False
4,2026092813,maest,unweighted,0.5,ambient,identity,0,0,False
4,2026092813,maest,unweighted,0.5,rock,identity,0,0,False
4,2026092813,maest,unweighted,1.0,electronic,identity,0,0,False
4,2026092813,maest,unweighted,1.0,pop,1.0,0,0,False
4,2026092813,maest,unweighted,1.0,ambient,identity,0,0,False
4,2026092813,maest,unweighted,1.0,rock,0.0,0,0,False
4,2026092813,mert_v0,ambient_balanced,0.25,electronic,identity,0,0,False
4,2026092813,mert_v0,ambient_balanced,0.25,pop,1.0,0,0,False
4,2026092813,mert_v0,ambient_balanced,0.25,ambient,0.01,0,0,False
4,2026092813,mert_v0,ambient_balanced,0.25,rock,identity,0,0,False
4,2026092813,mert_v0,ambient_balanced,0.5,electronic,identity,0,0,False
4,2026092813,mert_v0,ambient_balanced,0.5,pop,identity,0,0,False
4,2026092813,mert_v0,ambient_balanced,0.5,ambient,0.01,0,0,False
4,2026092813,mert_v0,ambient_balanced,0.5,rock,0.0,0,0,False
4,2026092813,mert_v0,ambient_balanced,1.0,electronic,identity,0,0,False
4,2026092813,mert_v0,ambient_balanced,1.0,pop,identity,0,0,False
4,2026092813,mert_v0,ambient_balanced,1.0,ambient,0.01,0,0,False
4,2026092813,mert_v0,ambient_balanced,1.0,rock,0.0,0,0,False
4,2026092813,mert_v0,unweighted,0.25,electronic,identity,0,0,False
4,2026092813,mert_v0,unweighted,0.25,pop,1.0,0,0,False
4,2026092813,mert_v0,unweighted,0.25,ambient,0.01,0,0,False
4,2026092813,mert_v0,unweighted,0.25,rock,identity,0,0,False
4,2026092813,mert_v0,unweighted,0.5,electronic,identity,0,0,False
4,2026092813,mert_v0,unweighted,0.5,pop,identity,0,0,False
4,2026092813,mert_v0,unweighted,0.5,ambient,identity,0,0,False
4,2026092813,mert_v0,unweighted,0.5,rock,0.0,0,0,False
4,2026092813,mert_v0,unweighted,1.0,electronic,identity,0,0,False
4,2026092813,mert_v0,unweighted,1.0,pop,identity,0,0,False
4,2026092813,mert_v0,unweighted,1.0,ambient,identity,1,0,False
4,2026092813,mert_v0,unweighted,1.0,rock,0.0,0,0,False
4,2026092813,mert_v1,ambient_balanced,0.25,electronic,identity,0,0,False
4,2026092813,mert_v1,ambient_balanced,0.25,pop,identity,0,0,False
4,2026092813,mert_v1,ambient_balanced,0.25,ambient,0.1,0,0,False
4,2026092813,mert_v1,ambient_balanced,0.25,rock,identity,0,0,False
4,2026092813,mert_v1,ambient_balanced,0.5,electronic,identity,0,0,False
4,2026092813,mert_v1,ambient_balanced,0.5,pop,identity,0,0,False
4,2026092813,mert_v1,ambient_balanced,0.5,ambient,0.01,0,0,False
4,2026092813,mert_v1,ambient_balanced,0.5,rock,0.001,0,0,False
4,2026092813,mert_v1,ambient_balanced,1.0,electronic,identity,0,0,False
4,2026092813,mert_v1,ambient_balanced,1.0,pop,identity,0,0,False
4,2026092813,mert_v1,ambient_balanced,1.0,ambient,0.01,0,0,False
4,2026092813,mert_v1,ambient_balanced,1.0,rock,0.0,0,0,False
4,2026092813,mert_v1,unweighted,0.25,electronic,identity,0,0,False
4,2026092813,mert_v1,unweighted,0.25,pop,identity,0,0,False
4,2026092813,mert_v1,unweighted,0.25,ambient,0.01,0,0,False
4,2026092813,mert_v1,unweighted,0.25,rock,identity,0,0,False
4,2026092813,mert_v1,unweighted,0.5,electronic,identity,0,0,False
4,2026092813,mert_v1,unweighted,0.5,pop,identity,0,0,False
4,2026092813,mert_v1,unweighted,0.5,ambient,identity,0,0,False
4,2026092813,mert_v1,unweighted,0.5,rock,0.001,0,0,False
4,2026092813,mert_v1,unweighted,1.0,electronic,identity,0,0,False
4,2026092813,mert_v1,unweighted,1.0,pop,identity,0,0,False
4,2026092813,mert_v1,unweighted,1.0,ambient,identity,0,0,False
4,2026092813,mert_v1,unweighted,1.0,rock,0.0,0,0,False
4,2026092814,maest,ambient_balanced,0.25,electronic,0.01,0,0,False
4,2026092814,maest,ambient_balanced,0.25,pop,0.01,0,0,False
4,2026092814,maest,ambient_balanced,0.25,ambient,0.01,0,0,False
4,2026092814,maest,ambient_balanced,0.25,rock,0.0,0,0,False
4,2026092814,maest,ambient_balanced,0.5,electronic,0.1,0,0,False
4,2026092814,maest,ambient_balanced,0.5,pop,identity,0,0,False
4,2026092814,maest,ambient_balanced,0.5,ambient,0.01,0,0,False
4,2026092814,maest,ambient_balanced,0.5,rock,1.0,0,0,False
4,2026092814,maest,ambient_balanced,1.0,electronic,0.1,0,0,False
4,2026092814,maest,ambient_balanced,1.0,pop,identity,0,0,False
4,2026092814,maest,ambient_balanced,1.0,ambient,0.01,0,0,False
4,2026092814,maest,ambient_balanced,1.0,rock,identity,0,0,False
4,2026092814,maest,unweighted,0.25,electronic,0.01,0,0,False
4,2026092814,maest,unweighted,0.25,pop,0.01,0,0,False
4,2026092814,maest,unweighted,0.25,ambient,identity,0,0,False
4,2026092814,maest,unweighted,0.25,rock,0.0,0,0,False
4,2026092814,maest,unweighted,0.5,electronic,0.1,0,0,False
4,2026092814,maest,unweighted,0.5,pop,identity,0,0,False
4,2026092814,maest,unweighted,0.5,ambient,0.1,0,0,False
4,2026092814,maest,unweighted,0.5,rock,1.0,0,0,False
4,2026092814,maest,unweighted,1.0,electronic,0.1,0,0,False
4,2026092814,maest,unweighted,1.0,pop,identity,0,0,False
4,2026092814,maest,unweighted,1.0,ambient,identity,0,0,False
4,2026092814,maest,unweighted,1.0,rock,identity,0,0,False
4,2026092814,mert_v0,ambient_balanced,0.25,electronic,0.001,0,0,False
4,2026092814,mert_v0,ambient_balanced,0.25,pop,0.01,0,0,False
4,2026092814,mert_v0,ambient_balanced,0.25,ambient,0.01,0,0,False
4,2026092814,mert_v0,ambient_balanced,0.25,rock,0.0,0,0,False
4,2026092814,mert_v0,ambient_balanced,0.5,electronic,1.0,0,0,False
4,2026092814,mert_v0,ambient_balanced,0.5,pop,identity,0,0,False
4,2026092814,mert_v0,ambient_balanced,0.5,ambient,0.01,0,0,False
4,2026092814,mert_v0,ambient_balanced,0.5,rock,identity,0,0,False
4,2026092814,mert_v0,ambient_balanced,1.0,electronic,1.0,0,0,False
4,2026092814,mert_v0,ambient_balanced,1.0,pop,identity,0,0,False
4,2026092814,mert_v0,ambient_balanced,1.0,ambient,0.01,0,0,False
4,2026092814,mert_v0,ambient_balanced,1.0,rock,identity,0,0,False
4,2026092814,mert_v0,unweighted,0.25,electronic,0.001,0,0,False
4,2026092814,mert_v0,unweighted,0.25,pop,0.01,0,0,False
4,2026092814,mert_v0,unweighted,0.25,ambient,identity,0,0,False
4,2026092814,mert_v0,unweighted,0.25,rock,0.0,0,0,False
4,2026092814,mert_v0,unweighted,0.5,electronic,1.0,0,0,False
4,2026092814,mert_v0,unweighted,0.5,pop,identity,0,0,False
4,2026092814,mert_v0,unweighted,0.5,ambient,0.1,0,0,False
4,2026092814,mert_v0,unweighted,0.5,rock,identity,0,0,False
4,2026092814,mert_v0,unweighted,1.0,electronic,1.0,0,0,False
4,2026092814,mert_v0,unweighted,1.0,pop,identity,0,0,False
4,2026092814,mert_v0,unweighted,1.0,ambient,identity,0,0,False
4,2026092814,mert_v0,unweighted,1.0,rock,identity,0,0,False
4,2026092814,mert_v1,ambient_balanced,0.25,electronic,0.001,0,0,False
4,2026092814,mert_v1,ambient_balanced,0.25,pop,0.01,0,0,False
4,2026092814,mert_v1,ambient_balanced,0.25,ambient,0.01,0,0,False
4,2026092814,mert_v1,ambient_balanced,0.25,rock,0.1,0,0,False
4,2026092814,mert_v1,ambient_balanced,0.5,electronic,1.0,0,0,False
4,2026092814,mert_v1,ambient_balanced,0.5,pop,identity,0,0,False
4,2026092814,mert_v1,ambient_balanced,0.5,ambient,0.001,0,0,False
4,2026092814,mert_v1,ambient_balanced,0.5,rock,identity,0,0,False
4,2026092814,mert_v1,ambient_balanced,1.0,electronic,1.0,0,0,False
4,2026092814,mert_v1,ambient_balanced,1.0,pop,identity,0,0,False
4,2026092814,mert_v1,ambient_balanced,1.0,ambient,0.01,0,0,False
4,2026092814,mert_v1,ambient_balanced,1.0,rock,identity,0,0,False
4,2026092814,mert_v1,unweighted,0.25,electronic,0.001,0,0,False
4,2026092814,mert_v1,unweighted,0.25,pop,0.01,0,0,False
4,2026092814,mert_v1,unweighted,0.25,ambient,identity,0,0,False
4,2026092814,mert_v1,unweighted,0.25,rock,0.1,0,0,False
4,2026092814,mert_v1,unweighted,0.5,electronic,1.0,0,0,False
4,2026092814,mert_v1,unweighted,0.5,pop,identity,0,0,False
4,2026092814,mert_v1,unweighted,0.5,ambient,0.1,0,0,False
4,2026092814,mert_v1,unweighted,0.5,rock,identity,0,0,False
4,2026092814,mert_v1,unweighted,1.0,electronic,1.0,0,0,False
4,2026092814,mert_v1,unweighted,1.0,pop,identity,0,0,False
4,2026092814,mert_v1,unweighted,1.0,ambient,identity,0,0,False
4,2026092814,mert_v1,unweighted,1.0,rock,identity,0,0,False
4,2026092815,maest,ambient_balanced,0.25,electronic,0.0,0,0,False
4,2026092815,maest,ambient_balanced,0.25,pop,identity,0,0,False
4,2026092815,maest,ambient_balanced,0.25,ambient,0.01,0,0,False
4,2026092815,maest,ambient_balanced,0.25,rock,1.0,0,0,False
4,2026092815,maest,ambient_balanced,0.5,electronic,1.0,0,0,False
4,2026092815,maest,ambient_balanced,0.5,pop,1.0,0,0,False
4,2026092815,maest,ambient_balanced,0.5,ambient,0.0,0,0,False
4,2026092815,maest,ambient_balanced,0.5,rock,0.1,0,0,False
4,2026092815,maest,ambient_balanced,1.0,electronic,identity,0,0,False
4,2026092815,maest,ambient_balanced,1.0,pop,identity,0,0,False
4,2026092815,maest,ambient_balanced,1.0,ambient,0.0,0,0,False
4,2026092815,maest,ambient_balanced,1.0,rock,identity,0,0,False
4,2026092815,maest,unweighted,0.25,electronic,0.0,0,0,False
4,2026092815,maest,unweighted,0.25,pop,identity,0,0,False
4,2026092815,maest,unweighted,0.25,ambient,identity,0,0,False
4,2026092815,maest,unweighted,0.25,rock,1.0,0,0,False
4,2026092815,maest,unweighted,0.5,electronic,1.0,0,0,False
4,2026092815,maest,unweighted,0.5,pop,1.0,0,0,False
4,2026092815,maest,unweighted,0.5,ambient,1.0,0,0,False
4,2026092815,maest,unweighted,0.5,rock,0.1,0,0,False
4,2026092815,maest,unweighted,1.0,electronic,identity,0,0,False
4,2026092815,maest,unweighted,1.0,pop,identity,0,0,False
4,2026092815,maest,unweighted,1.0,ambient,1.0,0,0,False
4,2026092815,maest,unweighted,1.0,rock,identity,0,0,False
4,2026092815,mert_v0,ambient_balanced,0.25,electronic,0.1,0,0,False
4,2026092815,mert_v0,ambient_balanced,0.25,pop,identity,0,0,False
4,2026092815,mert_v0,ambient_balanced,0.25,ambient,0.01,0,0,False
4,2026092815,mert_v0,ambient_balanced,0.25,rock,1.0,0,0,False
4,2026092815,mert_v0,ambient_balanced,0.5,electronic,1.0,0,0,False
4,2026092815,mert_v0,ambient_balanced,0.5,pop,identity,0,0,False
4,2026092815,mert_v0,ambient_balanced,0.5,ambient,0.01,0,0,False
4,2026092815,mert_v0,ambient_balanced,0.5,rock,0.001,0,0,False
4,2026092815,mert_v0,ambient_balanced,1.0,electronic,identity,0,0,False
4,2026092815,mert_v0,ambient_balanced,1.0,pop,identity,0,0,False
4,2026092815,mert_v0,ambient_balanced,1.0,ambient,0.0,0,0,False
4,2026092815,mert_v0,ambient_balanced,1.0,rock,0.001,0,0,False
4,2026092815,mert_v0,unweighted,0.25,electronic,0.1,0,0,False
4,2026092815,mert_v0,unweighted,0.25,pop,identity,0,0,False
4,2026092815,mert_v0,unweighted,0.25,ambient,0.01,0,0,False
4,2026092815,mert_v0,unweighted,0.25,rock,1.0,0,0,False
4,2026092815,mert_v0,unweighted,0.5,electronic,1.0,0,0,False
4,2026092815,mert_v0,unweighted,0.5,pop,identity,0,0,False
4,2026092815,mert_v0,unweighted,0.5,ambient,identity,0,0,False
4,2026092815,mert_v0,unweighted,0.5,rock,0.001,0,0,False
4,2026092815,mert_v0,unweighted,1.0,electronic,identity,0,0,False
4,2026092815,mert_v0,unweighted,1.0,pop,identity,0,0,False
4,2026092815,mert_v0,unweighted,1.0,ambient,identity,0,0,False
4,2026092815,mert_v0,unweighted,1.0,rock,0.001,0,0,False
4,2026092815,mert_v1,ambient_balanced,0.25,electronic,0.1,0,0,False
4,2026092815,mert_v1,ambient_balanced,0.25,pop,identity,0,0,False
4,2026092815,mert_v1,ambient_balanced,0.25,ambient,0.01,0,0,False
4,2026092815,mert_v1,ambient_balanced,0.25,rock,1.0,0,0,False
4,2026092815,mert_v1,ambient_balanced,0.5,electronic,1.0,0,0,False
4,2026092815,mert_v1,ambient_balanced,0.5,pop,identity,0,0,False
4,2026092815,mert_v1,ambient_balanced,0.5,ambient,0.01,0,0,False
4,2026092815,mert_v1,ambient_balanced,0.5,rock,identity,0,0,False
4,2026092815,mert_v1,ambient_balanced,1.0,electronic,identity,0,0,False
4,2026092815,mert_v1,ambient_balanced,1.0,pop,identity,0,0,False
4,2026092815,mert_v1,ambient_balanced,1.0,ambient,0.0,0,0,False
4,2026092815,mert_v1,ambient_balanced,1.0,rock,0.0,0,0,False
4,2026092815,mert_v1,unweighted,0.25,electronic,0.1,0,0,False
4,2026092815,mert_v1,unweighted,0.25,pop,identity,0,0,False
4,2026092815,mert_v1,unweighted,0.25,ambient,0.001,0,0,False
4,2026092815,mert_v1,unweighted,0.25,rock,1.0,0,0,False
4,2026092815,mert_v1,unweighted,0.5,electronic,1.0,0,0,False
4,2026092815,mert_v1,unweighted,0.5,pop,identity,0,0,False
4,2026092815,mert_v1,unweighted,0.5,ambient,identity,0,0,False
4,2026092815,mert_v1,unweighted,0.5,rock,identity,0,0,False
4,2026092815,mert_v1,unweighted,1.0,electronic,identity,0,0,False
4,2026092815,mert_v1,unweighted,1.0,pop,identity,0,0,False
4,2026092815,mert_v1,unweighted,1.0,ambient,identity,0,0,False
4,2026092815,mert_v1,unweighted,1.0,rock,0.0,0,0,False
4,2026092816,maest,ambient_balanced,0.25,electronic,identity,0,0,False
4,2026092816,maest,ambient_balanced,0.25,pop,identity,0,0,False
4,2026092816,maest,ambient_balanced,0.25,ambient,0.0,0,0,False
4,2026092816,maest,ambient_balanced,0.25,rock,identity,0,0,False
4,2026092816,maest,ambient_balanced,0.5,electronic,0.1,0,0,False
4,2026092816,maest,ambient_balanced,0.5,pop,identity,0,0,False
4,2026092816,maest,ambient_balanced,0.5,ambient,0.001,0,0,False
4,2026092816,maest,ambient_balanced,0.5,rock,0.01,0,0,False
4,2026092816,maest,ambient_balanced,1.0,electronic,0.1,0,0,False
4,2026092816,maest,ambient_balanced,1.0,pop,1.0,0,0,False
4,2026092816,maest,ambient_balanced,1.0,ambient,0.01,0,0,False
4,2026092816,maest,ambient_balanced,1.0,rock,identity,0,0,False
4,2026092816,maest,unweighted,0.25,electronic,identity,0,0,False
4,2026092816,maest,unweighted,0.25,pop,identity,0,0,False
4,2026092816,maest,unweighted,0.25,ambient,identity,0,0,False
4,2026092816,maest,unweighted,0.25,rock,identity,0,0,False
4,2026092816,maest,unweighted,0.5,electronic,0.1,0,0,False
4,2026092816,maest,unweighted,0.5,pop,identity,0,0,False
4,2026092816,maest,unweighted,0.5,ambient,0.0,0,0,False
4,2026092816,maest,unweighted,0.5,rock,0.01,0,0,False
4,2026092816,maest,unweighted,1.0,electronic,0.1,0,0,False
4,2026092816,maest,unweighted,1.0,pop,1.0,0,0,False
4,2026092816,maest,unweighted,1.0,ambient,0.01,0,0,False
4,2026092816,maest,unweighted,1.0,rock,identity,0,0,False
4,2026092816,mert_v0,ambient_balanced,0.25,electronic,identity,0,0,False
4,2026092816,mert_v0,ambient_balanced,0.25,pop,identity,0,0,False
4,2026092816,mert_v0,ambient_balanced,0.25,ambient,0.0,0,0,False
4,2026092816,mert_v0,ambient_balanced,0.25,rock,1.0,0,0,False
4,2026092816,mert_v0,ambient_balanced,0.5,electronic,0.1,0,0,False
4,2026092816,mert_v0,ambient_balanced,0.5,pop,identity,0,0,False
4,2026092816,mert_v0,ambient_balanced,0.5,ambient,0.001,0,0,False
4,2026092816,mert_v0,ambient_balanced,0.5,rock,0.1,0,0,False
4,2026092816,mert_v0,ambient_balanced,1.0,electronic,0.001,0,0,False
4,2026092816,mert_v0,ambient_balanced,1.0,pop,identity,0,0,False
4,2026092816,mert_v0,ambient_balanced,1.0,ambient,0.01,0,0,False
4,2026092816,mert_v0,ambient_balanced,1.0,rock,identity,0,0,False
4,2026092816,mert_v0,unweighted,0.25,electronic,identity,0,0,False
4,2026092816,mert_v0,unweighted,0.25,pop,identity,0,0,False
4,2026092816,mert_v0,unweighted,0.25,ambient,0.0,0,0,False
4,2026092816,mert_v0,unweighted,0.25,rock,1.0,0,0,False
4,2026092816,mert_v0,unweighted,0.5,electronic,0.1,0,0,False
4,2026092816,mert_v0,unweighted,0.5,pop,identity,0,0,False
4,2026092816,mert_v0,unweighted,0.5,ambient,0.0,0,0,False
4,2026092816,mert_v0,unweighted,0.5,rock,0.1,0,0,False
4,2026092816,mert_v0,unweighted,1.0,electronic,0.001,0,0,False
4,2026092816,mert_v0,unweighted,1.0,pop,identity,0,0,False
4,2026092816,mert_v0,unweighted,1.0,ambient,identity,0,0,False
4,2026092816,mert_v0,unweighted,1.0,rock,identity,0,0,False
4,2026092816,mert_v1,ambient_balanced,0.25,electronic,identity,0,0,False
4,2026092816,mert_v1,ambient_balanced,0.25,pop,identity,0,0,False
4,2026092816,mert_v1,ambient_balanced,0.25,ambient,0.0,0,0,False
4,2026092816,mert_v1,ambient_balanced,0.25,rock,identity,0,0,False
4,2026092816,mert_v1,ambient_balanced,0.5,electronic,0.1,0,0,False
4,2026092816,mert_v1,ambient_balanced,0.5,pop,identity,0,0,False
4,2026092816,mert_v1,ambient_balanced,0.5,ambient,0.01,0,0,False
4,2026092816,mert_v1,ambient_balanced,0.5,rock,1.0,0,0,False
4,2026092816,mert_v1,ambient_balanced,1.0,electronic,0.01,0,0,False
4,2026092816,mert_v1,ambient_balanced,1.0,pop,identity,0,0,False
4,2026092816,mert_v1,ambient_balanced,1.0,ambient,0.01,0,0,False
4,2026092816,mert_v1,ambient_balanced,1.0,rock,identity,0,0,False
4,2026092816,mert_v1,unweighted,0.25,electronic,identity,0,0,False
4,2026092816,mert_v1,unweighted,0.25,pop,identity,0,0,False
4,2026092816,mert_v1,unweighted,0.25,ambient,0.0,0,0,False
4,2026092816,mert_v1,unweighted,0.25,rock,identity,0,0,False
4,2026092816,mert_v1,unweighted,0.5,electronic,0.1,0,0,False
4,2026092816,mert_v1,unweighted,0.5,pop,identity,0,0,False
4,2026092816,mert_v1,unweighted,0.5,ambient,0.001,0,0,False
4,2026092816,mert_v1,unweighted,0.5,rock,1.0,0,0,False
4,2026092816,mert_v1,unweighted,1.0,electronic,0.01,0,0,False
4,2026092816,mert_v1,unweighted,1.0,pop,identity,0,0,False
4,2026092816,mert_v1,unweighted,1.0,ambient,identity,0,0,False
4,2026092816,mert_v1,unweighted,1.0,rock,identity,0,0,False
4,2026092817,maest,ambient_balanced,0.25,electronic,identity,0,0,False
4,2026092817,maest,ambient_balanced,0.25,pop,identity,0,0,False
4,2026092817,maest,ambient_balanced,0.25,ambient,0.0,0,0,False
4,2026092817,maest,ambient_balanced,0.25,rock,identity,0,0,False
4,2026092817,maest,ambient_balanced,0.5,electronic,identity,0,0,False
4,2026092817,maest,ambient_balanced,0.5,pop,identity,0,0,False
4,2026092817,maest,ambient_balanced,0.5,ambient,0.0,0,0,False
4,2026092817,maest,ambient_balanced,0.5,rock,identity,0,0,False
4,2026092817,maest,ambient_balanced,1.0,electronic,identity,0,0,False
4,2026092817,maest,ambient_balanced,1.0,pop,identity,0,0,False
4,2026092817,maest,ambient_balanced,1.0,ambient,0.0,0,0,False
4,2026092817,maest,ambient_balanced,1.0,rock,identity,0,0,False
4,2026092817,maest,unweighted,0.25,electronic,identity,0,0,False
4,2026092817,maest,unweighted,0.25,pop,identity,0,0,False
4,2026092817,maest,unweighted,0.25,ambient,identity,0,0,False
4,2026092817,maest,unweighted,0.25,rock,identity,0,0,False
4,2026092817,maest,unweighted,0.5,electronic,identity,0,0,False
4,2026092817,maest,unweighted,0.5,pop,identity,0,0,False
4,2026092817,maest,unweighted,0.5,ambient,0.0,0,0,False
4,2026092817,maest,unweighted,0.5,rock,identity,0,0,False
4,2026092817,maest,unweighted,1.0,electronic,identity,0,0,False
4,2026092817,maest,unweighted,1.0,pop,identity,0,0,False
4,2026092817,maest,unweighted,1.0,ambient,0.0,0,0,False
4,2026092817,maest,unweighted,1.0,rock,identity,0,0,False
4,2026092817,mert_v0,ambient_balanced,0.25,electronic,identity,0,0,False
4,2026092817,mert_v0,ambient_balanced,0.25,pop,identity,0,0,False
4,2026092817,mert_v0,ambient_balanced,0.25,ambient,0.01,0,0,False
4,2026092817,mert_v0,ambient_balanced,0.25,rock,0.1,0,0,False
4,2026092817,mert_v0,ambient_balanced,0.5,electronic,0.01,0,0,False
4,2026092817,mert_v0,ambient_balanced,0.5,pop,identity,0,0,False
4,2026092817,mert_v0,ambient_balanced,0.5,ambient,0.01,0,0,False
4,2026092817,mert_v0,ambient_balanced,0.5,rock,identity,0,0,False
4,2026092817,mert_v0,ambient_balanced,1.0,electronic,identity,0,0,False
4,2026092817,mert_v0,ambient_balanced,1.0,pop,identity,0,0,False
4,2026092817,mert_v0,ambient_balanced,1.0,ambient,0.0,0,0,False
4,2026092817,mert_v0,ambient_balanced,1.0,rock,identity,0,0,False
4,2026092817,mert_v0,unweighted,0.25,electronic,identity,0,0,False
4,2026092817,mert_v0,unweighted,0.25,pop,identity,0,0,False
4,2026092817,mert_v0,unweighted,0.25,ambient,identity,0,0,False
4,2026092817,mert_v0,unweighted,0.25,rock,0.1,0,0,False
4,2026092817,mert_v0,unweighted,0.5,electronic,0.01,0,0,False
4,2026092817,mert_v0,unweighted,0.5,pop,identity,0,0,False
4,2026092817,mert_v0,unweighted,0.5,ambient,identity,0,0,False
4,2026092817,mert_v0,unweighted,0.5,rock,identity,0,0,False
4,2026092817,mert_v0,unweighted,1.0,electronic,identity,0,0,False
4,2026092817,mert_v0,unweighted,1.0,pop,identity,0,0,False
4,2026092817,mert_v0,unweighted,1.0,ambient,identity,0,0,False
4,2026092817,mert_v0,unweighted,1.0,rock,identity,0,0,False
4,2026092817,mert_v1,ambient_balanced,0.25,electronic,identity,0,0,False
4,2026092817,mert_v1,ambient_balanced,0.25,pop,identity,0,0,False
4,2026092817,mert_v1,ambient_balanced,0.25,ambient,0.01,0,0,False
4,2026092817,mert_v1,ambient_balanced,0.25,rock,0.1,0,0,False
4,2026092817,mert_v1,ambient_balanced,0.5,electronic,identity,0,0,False
4,2026092817,mert_v1,ambient_balanced,0.5,pop,identity,0,0,False
4,2026092817,mert_v1,ambient_balanced,0.5,ambient,0.01,0,0,False
4,2026092817,mert_v1,ambient_balanced,0.5,rock,identity,0,0,False
4,2026092817,mert_v1,ambient_balanced,1.0,electronic,identity,0,0,False
4,2026092817,mert_v1,ambient_balanced,1.0,pop,identity,0,0,False
4,2026092817,mert_v1,ambient_balanced,1.0,ambient,0.0,0,0,False
4,2026092817,mert_v1,ambient_balanced,1.0,rock,identity,0,0,False
4,2026092817,mert_v1,unweighted,0.25,electronic,identity,0,0,False
4,2026092817,mert_v1,unweighted,0.25,pop,identity,0,0,False
4,2026092817,mert_v1,unweighted,0.25,ambient,identity,0,0,False
4,2026092817,mert_v1,unweighted,0.25,rock,0.1,0,0,False
4,2026092817,mert_v1,unweighted,0.5,electronic,identity,0,0,False
4,2026092817,mert_v1,unweighted,0.5,pop,identity,0,0,False
4,2026092817,mert_v1,unweighted,0.5,ambient,identity,0,0,False
4,2026092817,mert_v1,unweighted,0.5,rock,identity,0,0,False
4,2026092817,mert_v1,unweighted,1.0,electronic,identity,0,0,False
4,2026092817,mert_v1,unweighted,1.0,pop,identity,0,0,False
4,2026092817,mert_v1,unweighted,1.0,ambient,0.001,0,0,False
4,2026092817,mert_v1,unweighted,1.0,rock,identity,0,0,False
4,2026092818,maest,ambient_balanced,0.25,electronic,identity,0,0,False
4,2026092818,maest,ambient_balanced,0.25,pop,0.01,0,0,False
4,2026092818,maest,ambient_balanced,0.25,ambient,0.1,0,0,False
4,2026092818,maest,ambient_balanced,0.25,rock,1.0,0,0,False
4,2026092818,maest,ambient_balanced,0.5,electronic,0.1,0,0,False
4,2026092818,maest,ambient_balanced,0.5,pop,0.001,0,0,False
4,2026092818,maest,ambient_balanced,0.5,ambient,0.1,0,0,False
4,2026092818,maest,ambient_balanced,0.5,rock,0.01,0,0,False
4,2026092818,maest,ambient_balanced,1.0,electronic,identity,0,0,False
4,2026092818,maest,ambient_balanced,1.0,pop,0.001,0,0,False
4,2026092818,maest,ambient_balanced,1.0,ambient,0.01,0,0,False
4,2026092818,maest,ambient_balanced,1.0,rock,identity,0,0,False
4,2026092818,maest,unweighted,0.25,electronic,identity,0,0,False
4,2026092818,maest,unweighted,0.25,pop,0.01,0,0,False
4,2026092818,maest,unweighted,0.25,ambient,1.0,0,0,False
4,2026092818,maest,unweighted,0.25,rock,1.0,0,0,False
4,2026092818,maest,unweighted,0.5,electronic,0.1,0,0,False
4,2026092818,maest,unweighted,0.5,pop,0.001,0,0,False
4,2026092818,maest,unweighted,0.5,ambient,identity,0,0,False
4,2026092818,maest,unweighted,0.5,rock,0.01,0,0,False
4,2026092818,maest,unweighted,1.0,electronic,identity,0,0,False
4,2026092818,maest,unweighted,1.0,pop,0.001,0,0,False
4,2026092818,maest,unweighted,1.0,ambient,0.01,0,0,False
4,2026092818,maest,unweighted,1.0,rock,identity,0,0,False
4,2026092818,mert_v0,ambient_balanced,0.25,electronic,identity,0,0,False
4,2026092818,mert_v0,ambient_balanced,0.25,pop,0.1,0,0,False
4,2026092818,mert_v0,ambient_balanced,0.25,ambient,0.1,0,0,False
4,2026092818,mert_v0,ambient_balanced,0.25,rock,0.0,0,0,False
4,2026092818,mert_v0,ambient_balanced,0.5,electronic,identity,0,0,False
4,2026092818,mert_v0,ambient_balanced,0.5,pop,1.0,0,0,False
4,2026092818,mert_v0,ambient_balanced,0.5,ambient,0.1,0,0,False
4,2026092818,mert_v0,ambient_balanced,0.5,rock,0.0,0,0,False
4,2026092818,mert_v0,ambient_balanced,1.0,electronic,identity,0,0,False
4,2026092818,mert_v0,ambient_balanced,1.0,pop,0.01,0,0,False
4,2026092818,mert_v0,ambient_balanced,1.0,ambient,0.01,0,0,False
4,2026092818,mert_v0,ambient_balanced,1.0,rock,0.001,0,0,False
4,2026092818,mert_v0,unweighted,0.25,electronic,identity,0,0,False
4,2026092818,mert_v0,unweighted,0.25,pop,0.1,0,0,False
4,2026092818,mert_v0,unweighted,0.25,ambient,1.0,0,0,False
4,2026092818,mert_v0,unweighted,0.25,rock,0.0,0,0,False
4,2026092818,mert_v0,unweighted,0.5,electronic,identity,0,0,False
4,2026092818,mert_v0,unweighted,0.5,pop,1.0,0,0,False
4,2026092818,mert_v0,unweighted,0.5,ambient,identity,0,0,False
4,2026092818,mert_v0,unweighted,0.5,rock,0.0,0,0,False
4,2026092818,mert_v0,unweighted,1.0,electronic,identity,0,0,False
4,2026092818,mert_v0,unweighted,1.0,pop,0.01,0,0,False
4,2026092818,mert_v0,unweighted,1.0,ambient,0.01,0,0,False
4,2026092818,mert_v0,unweighted,1.0,rock,0.001,0,0,False
4,2026092818,mert_v1,ambient_balanced,0.25,electronic,1.0,0,0,False
4,2026092818,mert_v1,ambient_balanced,0.25,pop,0.1,0,0,False
4,2026092818,mert_v1,ambient_balanced,0.25,ambient,0.1,0,0,False
4,2026092818,mert_v1,ambient_balanced,0.25,rock,identity,0,0,False
4,2026092818,mert_v1,ambient_balanced,0.5,electronic,0.1,0,0,False
4,2026092818,mert_v1,ambient_balanced,0.5,pop,1.0,0,0,False
4,2026092818,mert_v1,ambient_balanced,0.5,ambient,0.1,0,0,False
4,2026092818,mert_v1,ambient_balanced,0.5,rock,0.001,0,0,False
4,2026092818,mert_v1,ambient_balanced,1.0,electronic,identity,0,0,False
4,2026092818,mert_v1,ambient_balanced,1.0,pop,0.01,0,0,False
4,2026092818,mert_v1,ambient_balanced,1.0,ambient,0.01,0,0,False
4,2026092818,mert_v1,ambient_balanced,1.0,rock,0.01,1,0,False
4,2026092818,mert_v1,unweighted,0.25,electronic,1.0,0,0,False
4,2026092818,mert_v1,unweighted,0.25,pop,0.1,0,0,False
4,2026092818,mert_v1,unweighted,0.25,ambient,1.0,0,0,False
4,2026092818,mert_v1,unweighted,0.25,rock,identity,0,0,False
4,2026092818,mert_v1,unweighted,0.5,electronic,0.1,0,0,False
4,2026092818,mert_v1,unweighted,0.5,pop,1.0,0,0,False
4,2026092818,mert_v1,unweighted,0.5,ambient,identity,0,0,False
4,2026092818,mert_v1,unweighted,0.5,rock,0.001,0,0,False
4,2026092818,mert_v1,unweighted,1.0,electronic,identity,0,0,False
4,2026092818,mert_v1,unweighted,1.0,pop,0.01,0,0,False
4,2026092818,mert_v1,unweighted,1.0,ambient,0.001,0,0,False
4,2026092818,mert_v1,unweighted,1.0,rock,0.01,1,0,False
4,2026092819,maest,ambient_balanced,0.25,electronic,identity,0,0,False
4,2026092819,maest,ambient_balanced,0.25,pop,0.01,0,0,False
4,2026092819,maest,ambient_balanced,0.25,ambient,0.01,0,0,False
4,2026092819,maest,ambient_balanced,0.25,rock,identity,0,0,False
4,2026092819,maest,ambient_balanced,0.5,electronic,0.1,0,0,False
4,2026092819,maest,ambient_balanced,0.5,pop,0.1,0,0,False
4,2026092819,maest,ambient_balanced,0.5,ambient,0.0,0,0,False
4,2026092819,maest,ambient_balanced,0.5,rock,identity,0,0,False
4,2026092819,maest,ambient_balanced,1.0,electronic,identity,0,0,False
4,2026092819,maest,ambient_balanced,1.0,pop,0.001,0,0,False
4,2026092819,maest,ambient_balanced,1.0,ambient,0.01,0,0,False
4,2026092819,maest,ambient_balanced,1.0,rock,0.1,0,0,False
4,2026092819,maest,unweighted,0.25,electronic,identity,0,0,False
4,2026092819,maest,unweighted,0.25,pop,0.01,0,0,False
4,2026092819,maest,unweighted,0.25,ambient,identity,0,0,False
4,2026092819,maest,unweighted,0.25,rock,identity,0,0,False
4,2026092819,maest,unweighted,0.5,electronic,0.1,0,0,False
4,2026092819,maest,unweighted,0.5,pop,0.1,0,0,False
4,2026092819,maest,unweighted,0.5,ambient,0.0,0,0,False
4,2026092819,maest,unweighted,0.5,rock,identity,0,0,False
4,2026092819,maest,unweighted,1.0,electronic,identity,0,0,False
4,2026092819,maest,unweighted,1.0,pop,0.001,0,0,False
4,2026092819,maest,unweighted,1.0,ambient,0.01,0,0,False
4,2026092819,maest,unweighted,1.0,rock,0.1,0,0,False
4,2026092819,mert_v0,ambient_balanced,0.25,electronic,identity,0,0,False
4,2026092819,mert_v0,ambient_balanced,0.25,pop,0.01,0,0,False
4,2026092819,mert_v0,ambient_balanced,0.25,ambient,0.01,0,0,False
4,2026092819,mert_v0,ambient_balanced,0.25,rock,identity,0,0,False
4,2026092819,mert_v0,ambient_balanced,0.5,electronic,identity,0,0,False
4,2026092819,mert_v0,ambient_balanced,0.5,pop,0.1,0,0,False
4,2026092819,mert_v0,ambient_balanced,0.5,ambient,0.001,0,0,False
4,2026092819,mert_v0,ambient_balanced,0.5,rock,identity,0,0,False
4,2026092819,mert_v0,ambient_balanced,1.0,electronic,1.0,0,0,False
4,2026092819,mert_v0,ambient_balanced,1.0,pop,0.01,0,0,False
4,2026092819,mert_v0,ambient_balanced,1.0,ambient,0.01,0,0,False
4,2026092819,mert_v0,ambient_balanced,1.0,rock,0.1,0,0,False
4,2026092819,mert_v0,unweighted,0.25,electronic,identity,0,0,False
4,2026092819,mert_v0,unweighted,0.25,pop,0.01,0,0,False
4,2026092819,mert_v0,unweighted,0.25,ambient,identity,0,0,False
4,2026092819,mert_v0,unweighted,0.25,rock,identity,0,0,False
4,2026092819,mert_v0,unweighted,0.5,electronic,identity,0,0,False
4,2026092819,mert_v0,unweighted,0.5,pop,0.1,0,0,False
4,2026092819,mert_v0,unweighted,0.5,ambient,1.0,0,0,False
4,2026092819,mert_v0,unweighted,0.5,rock,identity,0,0,False
4,2026092819,mert_v0,unweighted,1.0,electronic,1.0,0,0,False
4,2026092819,mert_v0,unweighted,1.0,pop,0.01,0,0,False
4,2026092819,mert_v0,unweighted,1.0,ambient,identity,0,0,False
4,2026092819,mert_v0,unweighted,1.0,rock,0.1,0,0,False
4,2026092819,mert_v1,ambient_balanced,0.25,electronic,identity,0,0,False
4,2026092819,mert_v1,ambient_balanced,0.25,pop,0.0,0,0,False
4,2026092819,mert_v1,ambient_balanced,0.25,ambient,0.01,0,0,False
4,2026092819,mert_v1,ambient_balanced,0.25,rock,identity,0,0,False
4,2026092819,mert_v1,ambient_balanced,0.5,electronic,identity,0,0,False
4,2026092819,mert_v1,ambient_balanced,0.5,pop,0.1,0,0,False
4,2026092819,mert_v1,ambient_balanced,0.5,ambient,0.01,0,0,False
4,2026092819,mert_v1,ambient_balanced,0.5,rock,identity,0,0,False
4,2026092819,mert_v1,ambient_balanced,1.0,electronic,identity,0,0,False
4,2026092819,mert_v1,ambient_balanced,1.0,pop,0.01,0,0,False
4,2026092819,mert_v1,ambient_balanced,1.0,ambient,0.01,0,0,False
4,2026092819,mert_v1,ambient_balanced,1.0,rock,1.0,0,0,False
4,2026092819,mert_v1,unweighted,0.25,electronic,identity,0,0,False
4,2026092819,mert_v1,unweighted,0.25,pop,0.0,0,0,False
4,2026092819,mert_v1,unweighted,0.25,ambient,identity,0,0,False
4,2026092819,mert_v1,unweighted,0.25,rock,identity,0,0,False
4,2026092819,mert_v1,unweighted,0.5,electronic,identity,0,0,False
4,2026092819,mert_v1,unweighted,0.5,pop,0.1,0,0,False
4,2026092819,mert_v1,unweighted,0.5,ambient,identity,0,0,False
4,2026092819,mert_v1,unweighted,0.5,rock,identity,0,0,False
4,2026092819,mert_v1,unweighted,1.0,electronic,identity,0,0,False
4,2026092819,mert_v1,unweighted,1.0,pop,0.01,0,0,False
4,2026092819,mert_v1,unweighted,1.0,ambient,identity,0,0,False
4,2026092819,mert_v1,unweighted,1.0,rock,1.0,0,0,False
