seed,representation,weighting,fraction,method,draws,mean_brier,mean_log_loss,fallback_labels,raw_mean,raw_median,raw_min,raw_max,raw_range,raw_wins,raw_ties,raw_losses,raw_sign_flip,platt_mean,platt_median,platt_min,platt_max,platt_range,platt_wins,platt_ties,platt_losses,platt_sign_flip
2026092800,maest,ambient_balanced,0.25,beta,5,0.14895865833844718,0.4779588320170848,0,0.0014187837835824891,-0.00019098371741291253,-0.0007551440404103826,0.00719766589019899,0.007952809930609372,3,0,2,True,0.000580090761426566,0.00047965183433915093,-9.876680526238468e-05,0.0016592841381385115,0.0017580509434008962,1,0,4,True
2026092800,maest,ambient_balanced,0.25,isotonic,5,0.15727722321359464,1.7727475686302054,0,0.009737348658729961,0.008724783642570122,0.006812909609671652,0.015131785260341007,0.008318875650669355,0,0,5,False,0.008898655636574038,0.007402502517051018,0.004970768232194306,0.015992570629400127,0.011021802397205821,0,0,5,False
2026092800,maest,ambient_balanced,0.25,platt,5,0.1483785675770206,0.4686364097753278,0,0.000838693022155923,-0.00022074561912041601,-0.0015856667786204315,0.005538381752060478,0.00712404853068091,3,0,2,True,0.0,0.0,0.0,0.0,0.0,0,5,0,False
2026092800,maest,ambient_balanced,0.25,prior_offset,5,0.14468779119274477,0.4515654451586505,0,-0.002852083362119895,-0.002852083362119895,-0.002852083362119895,-0.002852083362119895,0.0,5,0,0,False,-0.003690776384275818,-0.002631337742999479,-0.008390465114180373,-0.0012664165834994634,0.00712404853068091,5,0,0,False
2026092800,maest,ambient_balanced,0.25,raw,5,0.14753987455486467,0.4537584942644891,0,0.0,0.0,0.0,0.0,0.0,0,5,0,False,-0.000838693022155923,0.00022074561912041601,-0.005538381752060478,0.0015856667786204315,0.00712404853068091,2,0,3,True
2026092800,maest,ambient_balanced,0.25,ridge_platt,5,0.14616952035135472,0.4530856871030098,0,-0.0013703542035099492,-0.0020793342381875968,-0.003067220567957718,0.0010863498891900691,0.004153570457147787,3,1,1,True,-0.0022090472256658723,-0.002846474948837302,-0.004452031862870409,0.0015856667786204315,0.006037698641490841,4,0,1,True
2026092800,maest,ambient_balanced,0.25,temperature,5,0.1492706824326682,0.4629575638833939,0,0.0017308078778035252,0.0015164139194153992,0.0005444739823115552,0.004010738373566636,0.0034662643912550806,0,0,5,False,0.0008921148556476022,0.0017371595385358152,-0.004608120910310515,0.004871523742625755,0.00947964465293627,1,0,4,True
2026092800,maest,ambient_balanced,0.5,beta,5,0.14542666555753014,0.45679167885844923,0,-0.002113208997334537,-0.0027739729708166905,-0.004056325787788612,0.0015298356273402425,0.005586161415128854,4,0,1,True,6.833352031305196e-05,0.00014050486070651957,-0.0009258403425756734,0.0009434204145212788,0.0018692607570969522,2,0,3,True
2026092800,maest,ambient_balanced,0.5,isotonic,5,0.1498421963055284,1.011622864954993,0,0.0023023217506637273,0.001030225630898135,0.0006800983317943876,0.005522302151009406,0.0048422038192150185,0,0,5,False,0.0044838642683113165,0.004736516806888746,0.0019077488776184925,0.007370434779250423,0.005462685901631931,0,0,5,False
2026092800,maest,ambient_balanced,0.5,platt,5,0.14535833203721707,0.4560676674118979,0,-0.0021815425176475887,-0.0020808841747338436,-0.004613412740372552,0.001389330766633723,0.006002743507006275,4,0,1,True,0.0,0.0,0.0,0.0,0.0,0,5,0,False
2026092800,maest,ambient_balanced,0.5,prior_offset,5,0.14468779119274477,0.4515654451586505,0,-0.002852083362119895,-0.002852083362119895,-0.002852083362119895,-0.002852083362119895,0.0,5,0,0,False,-0.000670540844472306,-0.0007711991873860513,-0.004241414128753618,0.0017613293782526573,0.006002743507006275,3,0,2,True
2026092800,maest,ambient_balanced,0.5,raw,5,0.14753987455486467,0.4537584942644891,0,0.0,0.0,0.0,0.0,0.0,0,5,0,False,0.0021815425176475887,0.0020808841747338436,-0.001389330766633723,0.004613412740372552,0.006002743507006275,1,0,4,True
2026092800,maest,ambient_balanced,0.5,ridge_platt,5,0.1436688818974246,0.44664801544195065,0,-0.003870992657440081,-0.003585287217494293,-0.0048028318977233475,-0.003513186786230693,0.0012896451114926544,5,0,0,False,-0.0016894501397924921,-0.0014765175709353928,-0.004974617984128016,-0.00014164182855858076,0.004832976155569435,5,0,0,False
2026092800,maest,ambient_balanced,0.5,temperature,5,0.14787608169221952,0.4585905324066208,0,0.0003362071373548492,0.00017492496684301528,-0.00028403647666067067,0.000890048756327172,0.0011740852329878426,1,0,4,True,0.0025177496550024383,0.0029600745213480273,-0.0013684226729831772,0.0047883377072155675,0.006156760380198745,1,0,4,True
2026092800,maest,ambient_balanced,1.0,beta,1,0.14555315310707168,0.45625984666344355,0,-0.001986721447792994,-0.001986721447792994,-0.001986721447792994,-0.001986721447792994,0.0,1,0,0,False,-0.0003806523829342212,-0.0003806523829342212,-0.0003806523829342212,-0.0003806523829342212,0.0,1,0,0,False
2026092800,maest,ambient_balanced,1.0,isotonic,1,0.14676256544269434,0.8006439693029255,0,-0.0007773091121703324,-0.0007773091121703324,-0.0007773091121703324,-0.0007773091121703324,0.0,1,0,0,False,0.0008287599526884404,0.0008287599526884404,0.0008287599526884404,0.0008287599526884404,0.0,0,0,1,False
2026092800,maest,ambient_balanced,1.0,platt,1,0.1459338054900059,0.4564103772407117,0,-0.0016060690648587728,-0.0016060690648587728,-0.0016060690648587728,-0.0016060690648587728,0.0,1,0,0,False,0.0,0.0,0.0,0.0,0.0,0,1,0,False
2026092800,maest,ambient_balanced,1.0,prior_offset,1,0.14468779119274477,0.4515654451586505,0,-0.002852083362119895,-0.002852083362119895,-0.002852083362119895,-0.002852083362119895,0.0,1,0,0,False,-0.0012460142972611221,-0.0012460142972611221,-0.0012460142972611221,-0.0012460142972611221,0.0,1,0,0,False
2026092800,maest,ambient_balanced,1.0,raw,1,0.14753987455486467,0.4537584942644891,0,0.0,0.0,0.0,0.0,0.0,0,1,0,False,0.0016060690648587728,0.0016060690648587728,0.0016060690648587728,0.0016060690648587728,0.0,0,0,1,False
2026092800,maest,ambient_balanced,1.0,ridge_platt,1,0.14312313334703636,0.446066452812741,0,-0.004416741207828312,-0.004416741207828312,-0.004416741207828312,-0.004416741207828312,0.0,1,0,0,False,-0.002810672142969539,-0.002810672142969539,-0.002810672142969539,-0.002810672142969539,0.0,1,0,0,False
2026092800,maest,ambient_balanced,1.0,temperature,1,0.14796834070249637,0.45778385262604665,0,0.0004284661476317009,0.0004284661476317009,0.0004284661476317009,0.0004284661476317009,0.0,0,0,1,False,0.0020345352124904736,0.0020345352124904736,0.0020345352124904736,0.0020345352124904736,0.0,0,0,1,False
2026092800,maest,unweighted,0.25,beta,5,0.14876027974604433,0.47141489144315357,0,0.005470909569249999,0.004061235309257005,0.0033497384677356745,0.010461705488165551,0.007111967020429877,0,0,5,False,0.000807282552965255,0.0007050665488821661,3.9457994682773334e-05,0.0018705862793602646,0.0018311282846774912,0,0,5,False
2026092800,maest,unweighted,0.25,isotonic,5,0.15716229099038226,1.7217935812433933,0,0.01387292081358793,0.012990570788112277,0.011807096878998141,0.018188294972461244,0.006381198093463103,0,0,5,False,0.009209293797303186,0.008845138933624874,0.00439945157930699,0.015113603534110731,0.010714151954803741,0,0,5,False
2026092800,maest,unweighted,0.25,platt,5,0.14795299719307906,0.4656455122329616,0,0.004663627016284744,0.004021777314574232,0.0023447690344151895,0.008591119208805287,0.006246350174390097,0,0,5,False,0.0,0.0,0.0,0.0,0.0,0,5,0,False
2026092800,maest,unweighted,0.25,prior_offset,5,0.14328937017679433,0.44417670807515314,0,0.0,0.0,0.0,0.0,0.0,0,5,0,False,-0.004663627016284744,-0.004021777314574232,-0.008591119208805287,-0.0023447690344151895,0.006246350174390097,5,0,0,False
2026092800,maest,unweighted,0.25,raw,5,0.14328937017679433,0.44417670807515314,0,0.0,0.0,0.0,0.0,0.0,0,5,0,False,-0.004663627016284744,-0.004021777314574232,-0.008591119208805287,-0.0023447690344151895,0.006246350174390097,5,0,0,False
2026092800,maest,unweighted,0.25,ridge_platt,5,0.14457832165693846,0.44980769970762813,0,0.001288951480144135,0.0006218870095620888,0.0,0.0045950563865574945,0.0045950563865574945,0,1,4,False,-0.003374675536140609,-0.0030663388429741367,-0.004663891075716409,-0.0023447690344151895,0.0023191220413012192,5,0,0,False
2026092800,maest,unweighted,0.25,temperature,5,0.14546769572878918,0.4580385943445114,0,0.002178325551994836,0.0013137250084737928,0.00010535204081613125,0.004882493165395907,0.004777141124579776,0,0,5,False,-0.0024853014642899074,-0.0027788909975237364,-0.003972053076804705,0.0002724797898873421,0.004244532866692047,4,0,1,True
2026092800,maest,unweighted,0.5,beta,5,0.14524080077749818,0.4550493415383552,0,0.0019514306007038685,0.0014749394200946897,-9.341526728012806e-05,0.00531275014115018,0.005406165408430308,1,0,4,True,0.00020174496388690731,0.0001507791463523922,-0.0006730531483504221,0.0011834711999624825,0.0018565243483129046,2,0,3,True
2026092800,maest,unweighted,0.5,isotonic,5,0.14973268165194137,1.0228888184835863,0,0.006443311475147029,0.005499438077347846,0.005028959533334848,0.009370813154772478,0.00434185362143763,0,0,5,False,0.004693625838330068,0.005391356080446191,0.0018955038279634684,0.0072228205863273665,0.005327316758363898,0,0,5,False
2026092800,maest,unweighted,0.5,platt,5,0.1450390558136113,0.4547724486516119,0,0.001749685636816961,0.001931227638405364,-0.0006008450144651123,0.005161970994797788,0.0057628160092629,1,0,4,True,0.0,0.0,0.0,0.0,0.0,0,5,0,False
2026092800,maest,unweighted,0.5,prior_offset,5,0.14328937017679433,0.44417670807515314,0,0.0,0.0,0.0,0.0,0.0,0,5,0,False,-0.001749685636816961,-0.001931227638405364,-0.005161970994797788,0.0006008450144651123,0.0057628160092629,4,0,1,True
2026092800,maest,unweighted,0.5,raw,5,0.14328937017679433,0.44417670807515314,0,0.0,0.0,0.0,0.0,0.0,0,5,0,False,-0.001749685636816961,-0.001931227638405364,-0.005161970994797788,0.0006008450144651123,0.0057628160092629,4,0,1,True
2026092800,maest,unweighted,0.5,ridge_platt,5,0.1429462296656005,0.4436701781073425,0,-0.00034314051119382905,-0.00021912133274115675,-0.0006811048691226784,-4.772982523745806e-05,0.0006333750438852204,5,0,0,False,-0.00209282614801079,-0.001978957463642822,-0.005843075863920466,0.0004109173129404897,0.006253993176860956,4,0,1,True
2026092800,maest,unweighted,0.5,temperature,5,0.14398672176058738,0.4514141244811207,0,0.0006973515837930599,0.0012628456862723292,-0.0008911352004254691,0.0019383958371778642,0.0028295310376033334,2,0,3,True,-0.001052334053023901,-0.0008851468821727826,-0.0032235751576199234,0.00035147023954607004,0.0035750453971659935,4,0,1,True
2026092800,maest,unweighted,1.0,beta,1,0.14554928495006855,0.4549476676892906,0,0.002259914773274224,0.002259914773274224,0.002259914773274224,0.002259914773274224,0.0,0,0,1,False,-0.00016396795928944052,-0.00016396795928944052,-0.00016396795928944052,-0.00016396795928944052,0.0,1,0,0,False
2026092800,maest,unweighted,1.0,isotonic,1,0.14685091818093746,0.7988140674404796,0,0.003561548004143128,0.003561548004143128,0.003561548004143128,0.003561548004143128,0.0,0,0,1,False,0.0011376652715794633,0.0011376652715794633,0.0011376652715794633,0.0011376652715794633,0.0,0,0,1,False
2026092800,maest,unweighted,1.0,platt,1,0.145713252909358,0.45581483564564457,0,0.0024238827325636647,0.0024238827325636647,0.0024238827325636647,0.0024238827325636647,0.0,0,0,1,False,0.0,0.0,0.0,0.0,0.0,0,1,0,False
2026092800,maest,unweighted,1.0,prior_offset,1,0.14328937017679433,0.44417670807515314,0,0.0,0.0,0.0,0.0,0.0,0,1,0,False,-0.0024238827325636647,-0.0024238827325636647,-0.0024238827325636647,-0.0024238827325636647,0.0,1,0,0,False
2026092800,maest,unweighted,1.0,raw,1,0.14328937017679433,0.44417670807515314,0,0.0,0.0,0.0,0.0,0.0,0,1,0,False,-0.0024238827325636647,-0.0024238827325636647,-0.0024238827325636647,-0.0024238827325636647,0.0,1,0,0,False
2026092800,maest,unweighted,1.0,ridge_platt,1,0.14229107558484333,0.44243013571351375,0,-0.000998294591950999,-0.000998294591950999,-0.000998294591950999,-0.000998294591950999,0.0,1,0,0,False,-0.0034221773245146636,-0.0034221773245146636,-0.0034221773245146636,-0.0034221773245146636,0.0,1,0,0,False
2026092800,maest,unweighted,1.0,temperature,1,0.14438137428708767,0.45180512288651276,0,0.0010920041102933375,0.0010920041102933375,0.0010920041102933375,0.0010920041102933375,0.0,0,0,1,False,-0.0013318786222703272,-0.0013318786222703272,-0.0013318786222703272,-0.0013318786222703272,0.0,1,0,0,False
2026092800,mert_v0,ambient_balanced,0.25,beta,5,0.16462280177845864,0.5194624140093633,0,0.005054111107221165,0.008292184522350143,-0.0009934271200928713,0.010010232964026394,0.011003660084119266,2,0,3,True,0.0004745788909970572,-0.00018245084082854635,-0.0006331449143469614,0.002552345996840566,0.0031854909111875274,3,0,2,True
2026092800,mert_v0,ambient_balanced,0.25,isotonic,5,0.17440156242012786,1.8490280742244714,0,0.014832871748890402,0.016540751084291483,0.0063529030973987766,0.022174630007280288,0.01582172690988151,0,0,5,False,0.010253339532666295,0.007765406863134067,0.006713185303144686,0.01471674304009446,0.008003557736949773,0,0,5,False
2026092800,mert_v0,ambient_balanced,0.25,platt,5,0.1641482228874616,0.5120688950084161,0,0.004579532216224108,0.007457886967185828,-0.002056547776199791,0.009081259874722997,0.011137807650922787,2,0,3,True,0.0,0.0,0.0,0.0,0.0,0,5,0,False
2026092800,mert_v0,ambient_balanced,0.25,prior_offset,5,0.15393219681933437,0.47960557128370407,0,-0.005636493851903096,-0.005636493851903096,-0.005636493851903096,-0.005636493851903096,0.0,5,0,0,False,-0.010216026068127205,-0.013094380819088924,-0.014717753726626093,-0.0035799460757033053,0.011137807650922787,5,0,0,False
2026092800,mert_v0,ambient_balanced,0.25,raw,5,0.15956869067123747,0.49101911168850665,0,0.0,0.0,0.0,0.0,0.0,0,5,0,False,-0.004579532216224108,-0.007457886967185828,-0.009081259874722997,0.002056547776199791,0.011137807650922787,3,0,2,True
2026092800,mert_v0,ambient_balanced,0.25,ridge_platt,5,0.1598778666951977,0.49739909539586913,0,0.0003091760239602448,0.0007224018177965918,-0.005090287647887798,0.006654469460541074,0.011744757108428872,2,0,3,True,-0.004270356192263863,-0.0019960776937571756,-0.013865631869045214,0.0010826840235425017,0.014948315892587716,4,0,1,True
2026092800,mert_v0,ambient_balanced,0.25,temperature,5,0.16138090719451734,0.4972878661981828,0,0.0018122165232798693,0.0019609450906314108,0.0007483324459939267,0.0022845944036455623,0.0015362619576516356,0,0,5,False,-0.0027673156929442387,-0.005173292563540266,-0.00802701177516349,0.004212255065975973,0.012239266841139462,3,0,2,True
2026092800,mert_v0,ambient_balanced,0.5,beta,5,0.15935967308772175,0.49852559057543944,0,-0.0002090175835157082,0.0002037262028282416,-0.0032138316242869003,0.003425793627519713,0.0066396252518066134,2,0,3,True,0.0011233546486586643,0.0007408774798871309,0.0003033476021573056,0.002909505980407373,0.0026061583782500675,0,0,5,False
2026092800,mert_v0,ambient_balanced,0.5,isotonic,5,0.16549229011676694,1.1477347125775057,0,0.0059235994455294596,0.006111533837720007,0.0023080122321986196,0.009664475055161992,0.007356462822963372,0,0,5,False,0.007255971677703832,0.006648685114778896,0.004688526602195459,0.010488989269924032,0.005800462667728573,0,0,5,False
2026092800,mert_v0,ambient_balanced,0.5,platt,5,0.15823631843906308,0.4941307475124052,0,-0.0013323722321743725,-0.0005371512770588893,-0.0038444232862824834,0.0005162876471123401,0.0043607109333948235,4,0,1,True,0.0,0.0,0.0,0.0,0.0,0,5,0,False
2026092800,mert_v0,ambient_balanced,0.5,prior_offset,5,0.15393219681933437,0.47960557128370407,0,-0.005636493851903096,-0.005636493851903096,-0.005636493851903096,-0.005636493851903096,0.0,5,0,0,False,-0.004304121619728723,-0.005099342574844207,-0.006152781499015436,-0.0017920705656206126,0.0043607109333948235,5,0,0,False
2026092800,mert_v0,ambient_balanced,0.5,raw,5,0.15956869067123747,0.49101911168850665,0,0.0,0.0,0.0,0.0,0.0,0,5,0,False,0.0013323722321743725,0.0005371512770588893,-0.0005162876471123401,0.0038444232862824834,0.0043607109333948235,1,0,4,True
2026092800,mert_v0,ambient_balanced,0.5,ridge_platt,5,0.15485861242027357,0.4829856332016565,0,-0.004710078250963906,-0.006711782954590961,-0.007219666242840039,0.00023947673028723582,0.007459142973127275,4,0,1,True,-0.0033777060187895336,-0.0030541801547598335,-0.006803606368194048,-0.0002768109168251043,0.006526795451368944,5,0,0,False
2026092800,mert_v0,ambient_balanced,0.5,temperature,5,0.1604845767953167,0.495801104483731,0,0.000915886124079196,0.0010100468542837415,0.0001345355028065376,0.0014609202054450265,0.001326384702638489,0,0,5,False,0.0022482583562535687,0.0018769800800910175,0.0005607709486733781,0.00474129274835744,0.004180521799684062,0,0,5,False
2026092800,mert_v0,ambient_balanced,1.0,beta,1,0.1593837382785872,0.49678258619268445,0,-0.00018495239265026164,-0.00018495239265026164,-0.00018495239265026164,-0.00018495239265026164,0.0,1,0,0,False,0.00039320418837213156,0.00039320418837213156,0.00039320418837213156,0.00039320418837213156,0.0,0,0,1,False
2026092800,mert_v0,ambient_balanced,1.0,isotonic,1,0.16076580540551466,0.8767129273304985,0,0.0011971147342771937,0.0011971147342771937,0.0011971147342771937,0.0011971147342771937,0.0,0,0,1,False,0.001775271315299587,0.001775271315299587,0.001775271315299587,0.001775271315299587,0.0,0,0,1,False
2026092800,mert_v0,ambient_balanced,1.0,platt,1,0.15899053409021507,0.49419425509318315,0,-0.0005781565810223932,-0.0005781565810223932,-0.0005781565810223932,-0.0005781565810223932,0.0,1,0,0,False,0.0,0.0,0.0,0.0,0.0,0,1,0,False
2026092800,mert_v0,ambient_balanced,1.0,prior_offset,1,0.15393219681933437,0.47960557128370407,0,-0.005636493851903096,-0.005636493851903096,-0.005636493851903096,-0.005636493851903096,0.0,1,0,0,False,-0.005058337270880703,-0.005058337270880703,-0.005058337270880703,-0.005058337270880703,0.0,1,0,0,False
2026092800,mert_v0,ambient_balanced,1.0,raw,1,0.15956869067123747,0.4910191116885066,0,0.0,0.0,0.0,0.0,0.0,0,1,0,False,0.0005781565810223932,0.0005781565810223932,0.0005781565810223932,0.0005781565810223932,0.0,0,0,1,False
2026092800,mert_v0,ambient_balanced,1.0,ridge_platt,1,0.15751253770879398,0.48887350129443397,0,-0.0020561529624434915,-0.0020561529624434915,-0.0020561529624434915,-0.0020561529624434915,0.0,1,0,0,False,-0.0014779963814210983,-0.0014779963814210983,-0.0014779963814210983,-0.0014779963814210983,0.0,1,0,0,False
2026092800,mert_v0,ambient_balanced,1.0,temperature,1,0.1598690681825256,0.49262104795066197,0,0.0003003775112881413,0.0003003775112881413,0.0003003775112881413,0.0003003775112881413,0.0,0,0,1,False,0.0008785340923105345,0.0008785340923105345,0.0008785340923105345,0.0008785340923105345,0.0,0,0,1,False
2026092800,mert_v0,unweighted,0.25,beta,5,0.16512937909453573,0.519730851713041,0,0.011557018391018043,0.01510221394007083,0.005526853338114673,0.016280044059624216,0.010753190721509542,0,0,5,False,0.0006842554020150382,9.670189201163581e-05,-0.00039789861826614037,0.002618007119021243,0.003015905737287383,2,0,3,True
2026092800,mert_v0,unweighted,0.25,isotonic,5,0.17530639425114855,1.8763467143115224,0,0.02173403354763085,0.022858314734505947,0.014143066356004763,0.028284529341610687,0.014141462985605924,0,0,5,False,0.010861270558627845,0.008237273174703519,0.00755759386657312,0.01567067895123092,0.0081130850846578,0,0,5,False
2026092800,mert_v0,unweighted,0.25,platt,5,0.1644451236925207,0.5129754621101508,0,0.010872762989003004,0.013662036940602973,0.004280043952841761,0.015300720867932827,0.011020676915091066,0,0,5,False,0.0,0.0,0.0,0.0,0.0,0,5,0,False
2026092800,mert_v0,unweighted,0.25,prior_offset,5,0.1535723607035177,0.4775646815229083,0,0.0,0.0,0.0,0.0,0.0,0,5,0,False,-0.010872762989003004,-0.013662036940602973,-0.015300720867932827,-0.004280043952841761,0.011020676915091066,5,0,0,False
2026092800,mert_v0,unweighted,0.25,raw,5,0.1535723607035177,0.4775646815229083,0,0.0,0.0,0.0,0.0,0.0,0,5,0,False,-0.010872762989003004,-0.013662036940602973,-0.015300720867932827,-0.004280043952841761,0.011020676915091066,5,0,0,False
2026092800,mert_v0,unweighted,0.25,ridge_platt,5,0.15861392559400872,0.4954272883527052,0,0.00504156489049099,0.0017242486689083292,-3.893520922226834e-05,0.012858619433958218,0.012897554643180487,1,0,4,True,-0.005831198098512014,-0.00520235013858425,-0.015339656077155095,-0.0008034175066447546,0.01453623857051034,5,0,0,False
2026092800,mert_v0,unweighted,0.25,temperature,5,0.1546759937020732,0.48250793225307875,0,0.0011036329985554705,0.001213817928460842,-0.00036570080598424815,0.0024695789278915137,0.002835279733875762,1,0,4,True,-0.009769129990447534,-0.012448219012142131,-0.0148097182981424,-0.0018104650249502474,0.012999253273192152,5,0,0,False
2026092800,mert_v0,unweighted,0.5,beta,5,0.15992681538560652,0.49954055220592253,0,0.006354454682088806,0.006897369080362176,0.003383531949650631,0.009698733880501714,0.006315201930851083,0,0,5,False,0.0013287520031744827,0.001169807165418174,0.0005548507952140846,0.002853499837686596,0.0022986490424725115,0,0,5,False
2026092800,mert_v0,unweighted,0.5,isotonic,5,0.16679316878279565,1.164539542176675,0,0.01322080807927794,0.0129996501155831,0.00950576166363118,0.017301055140473143,0.0077952934768419635,0,0,5,False,0.008195105400363617,0.0072720882006390986,0.005455847648788981,0.011953683490561529,0.006497835841772548,0,0,5,False
2026092800,mert_v0,unweighted,0.5,platt,5,0.15859806338243204,0.4952568333459048,0,0.005025702678914323,0.005727561914944002,0.002610494793954199,0.006845234042815118,0.004234739248860919,0,0,5,False,0.0,0.0,0.0,0.0,0.0,0,5,0,False
2026092800,mert_v0,unweighted,0.5,prior_offset,5,0.1535723607035177,0.4775646815229083,0,0.0,0.0,0.0,0.0,0.0,0,5,0,False,-0.005025702678914323,-0.005727561914944002,-0.006845234042815118,-0.002610494793954199,0.004234739248860919,5,0,0,False
2026092800,mert_v0,unweighted,0.5,raw,5,0.1535723607035177,0.4775646815229083,0,0.0,0.0,0.0,0.0,0.0,0,5,0,False,-0.005025702678914323,-0.005727561914944002,-0.006845234042815118,-0.002610494793954199,0.004234739248860919,5,0,0,False
2026092800,mert_v0,unweighted,0.5,ridge_platt,5,0.1555207302717553,0.48527993650339524,0,0.0019483695682376069,0.0,-0.00013809269968714788,0.006459088630556276,0.0065971813302434235,2,1,2,True,-0.0030773331106767167,-0.002748587493641347,-0.005895308628016099,-0.0003861454122588426,0.005509163215757257,5,0,0,False
2026092800,mert_v0,unweighted,0.5,temperature,5,0.15395689919051028,0.4807713361143991,0,0.0003845384869925805,0.0005780667914227489,-0.0009253758656026234,0.0011459848882663937,0.002071360753869017,1,0,4,True,-0.004641164191921743,-0.004975289880444822,-0.005857945633639727,-0.00203242800253145,0.0038255176311082773,5,0,0,False
2026092800,mert_v0,unweighted,1.0,beta,1,0.16011341317938527,0.4983997965880391,0,0.006541052475867559,0.006541052475867559,0.006541052475867559,0.006541052475867559,0.0,0,0,1,False,0.0006207539805221929,0.0006207539805221929,0.0006207539805221929,0.0006207539805221929,0.0,0,0,1,False
2026092800,mert_v0,unweighted,1.0,isotonic,1,0.16255129838433938,0.8841301579834318,0,0.00897893768082167,0.00897893768082167,0.00897893768082167,0.00897893768082167,0.0,0,0,1,False,0.003058639185476303,0.003058639185476303,0.003058639185476303,0.003058639185476303,0.0,0,0,1,False
2026092800,mert_v0,unweighted,1.0,platt,1,0.15949265919886307,0.49591403593397143,0,0.005920298495345366,0.005920298495345366,0.005920298495345366,0.005920298495345366,0.0,0,0,1,False,0.0,0.0,0.0,0.0,0.0,0,1,0,False
2026092800,mert_v0,unweighted,1.0,prior_offset,1,0.1535723607035177,0.4775646815229083,0,0.0,0.0,0.0,0.0,0.0,0,1,0,False,-0.005920298495345366,-0.005920298495345366,-0.005920298495345366,-0.005920298495345366,0.0,1,0,0,False
2026092800,mert_v0,unweighted,1.0,raw,1,0.1535723607035177,0.4775646815229083,0,0.0,0.0,0.0,0.0,0.0,0,1,0,False,-0.005920298495345366,-0.005920298495345366,-0.005920298495345366,-0.005920298495345366,0.0,1,0,0,False
2026092800,mert_v0,unweighted,1.0,ridge_platt,1,0.1577898139053076,0.4899889932186023,0,0.0042174532017899,0.0042174532017899,0.0042174532017899,0.0042174532017899,0.0,0,0,1,False,-0.001702845293555466,-0.001702845293555466,-0.001702845293555466,-0.001702845293555466,0.0,1,0,0,False
2026092800,mert_v0,unweighted,1.0,temperature,1,0.15452773558696156,0.4817694225477658,0,0.0009553748834438547,0.0009553748834438547,0.0009553748834438547,0.0009553748834438547,0.0,0,0,1,False,-0.004964923611901512,-0.004964923611901512,-0.004964923611901512,-0.004964923611901512,0.0,1,0,0,False
2026092800,mert_v1,ambient_balanced,0.25,beta,5,0.16584922817330985,0.5306429310387472,0,0.0036783133751677743,0.003943263508672135,-0.004605190021244043,0.014611277204031131,0.019216467225275174,2,0,3,True,0.0014713832613123313,0.002140753394603928,-0.0016060928363519078,0.0032183880143149546,0.004824480850666862,1,0,4,True
2026092800,mert_v1,ambient_balanced,0.25,isotonic,5,0.1748085392143146,1.9435734726794915,0,0.012637624416172544,0.017073699404250964,0.0003219037858243068,0.02612521891995101,0.025803315134126703,0,0,5,False,0.010430694302317101,0.011560356696654617,0.0056117536827076375,0.014123533482970935,0.008511779800263297,0,0,5,False
2026092800,mert_v1,ambient_balanced,0.25,platt,5,0.16437784491199753,0.5154541116215936,0,0.002206930113855443,0.003283718956670928,-0.006745943415847971,0.012001685436980075,0.018747628852828047,2,0,3,True,0.0,0.0,0.0,0.0,0.0,0,5,0,False
2026092800,mert_v1,ambient_balanced,0.25,prior_offset,5,0.15434960786794724,0.4834503744013605,0,-0.007821306930194838,-0.007821306930194838,-0.007821306930194838,-0.007821306930194838,0.0,5,0,0,False,-0.010028237044050281,-0.011105025886865766,-0.019822992367174913,-0.0010753635143468665,0.018747628852828047,5,0,0,False
2026092800,mert_v1,ambient_balanced,0.25,raw,5,0.16217091479814208,0.4984824660653908,0,0.0,0.0,0.0,0.0,0.0,0,5,0,False,-0.002206930113855443,-0.003283718956670928,-0.012001685436980075,0.006745943415847971,0.018747628852828047,3,0,2,True
2026092800,mert_v1,ambient_balanced,0.25,ridge_platt,5,0.15686735135948915,0.48646452539199136,0,-0.005303563438652942,-0.006165125460192933,-0.008055482379049794,-5.027129731954849e-05,0.008005211081730246,5,0,0,False,-0.0075104935525083846,-0.010102505856442512,-0.02005716781602987,0.00300389545623031,0.02306106327226018,3,0,2,True
2026092800,mert_v1,ambient_balanced,0.25,temperature,5,0.1643381233353316,0.5065100412370882,0,0.00216720853718953,0.0023053010526260242,0.0009053599612304231,0.003138157814618403,0.00223279785338798,0,0,5,False,-3.9721576665913136e-05,-0.0009784179040449037,-0.008863527622361672,0.00936209857149184,0.01822562619385351,3,0,2,True
2026092800,mert_v1,ambient_balanced,0.5,beta,5,0.15921882320213926,0.5012082898950346,0,-0.002952091596002826,-0.0038706424296524877,-0.004447806412721411,-0.0004498656702403847,0.0039979407424810265,5,0,0,False,0.001308464780601587,0.0013286727144024568,0.000744760007427403,0.0021097615013820625,0.0013650014939546595,0,0,5,False
2026092800,mert_v1,ambient_balanced,0.5,isotonic,5,0.1651484738447835,1.162861441678468,0,0.00297755904664142,0.001994588959303434,0.0006695345173401424,0.007570486433860241,0.006900951916520098,0,0,5,False,0.007238115423245833,0.006694662043709415,0.0058621009374889566,0.010130113605482688,0.004268012667993731,0,0,5,False
2026092800,mert_v1,ambient_balanced,0.5,platt,5,0.15791035842153767,0.49438425487532456,0,-0.004260556376604413,-0.005192566420148814,-0.0057117757648987855,-0.0025596271716224472,0.0031521485932763382,5,0,0,False,0.0,0.0,0.0,0.0,0.0,0,5,0,False
2026092800,mert_v1,ambient_balanced,0.5,prior_offset,5,0.15434960786794724,0.4834503744013605,0,-0.007821306930194838,-0.007821306930194838,-0.007821306930194838,-0.007821306930194838,0.0,5,0,0,False,-0.003560750553590425,-0.0026287405100460237,-0.005261679758572391,-0.0021095311652960524,0.0031521485932763382,5,0,0,False
2026092800,mert_v1,ambient_balanced,0.5,raw,5,0.16217091479814208,0.4984824660653908,0,0.0,0.0,0.0,0.0,0.0,0,5,0,False,0.004260556376604413,0.005192566420148814,0.0025596271716224472,0.0057117757648987855,0.0031521485932763382,0,0,5,False
2026092800,mert_v1,ambient_balanced,0.5,ridge_platt,5,0.1554821167686814,0.4860489339234181,0,-0.006688798029460685,-0.008177150687793483,-0.008576988429176119,-0.0026722211825571662,0.005904767246618953,5,0,0,False,-0.0024282416528562723,-0.003185101417051417,-0.0055376533054964094,7.856247822848883e-05,0.005616215783724898,4,0,1,True
2026092800,mert_v1,ambient_balanced,0.5,temperature,5,0.16304099337155958,0.502456428787474,0,0.000870078573417471,0.0010044254312024103,-0.00010959947930380687,0.0017015980632791583,0.0018111975425829652,1,0,4,True,0.005130634950021884,0.005602176285594979,0.00367466266514202,0.006203740575257355,0.002529077910115335,0,0,5,False
2026092800,mert_v1,ambient_balanced,1.0,beta,1,0.1585854851868504,0.5013303610133263,0,-0.003585429611291685,-0.003585429611291685,-0.003585429611291685,-0.003585429611291685,0.0,1,0,0,False,0.000375450013931522,0.000375450013931522,0.000375450013931522,0.000375450013931522,0.0,0,0,1,False
2026092800,mert_v1,ambient_balanced,1.0,isotonic,1,0.16025316854456148,0.9055897458995933,0,-0.001917746253580599,-0.001917746253580599,-0.001917746253580599,-0.001917746253580599,0.0,1,0,0,False,0.002043133371642608,0.002043133371642608,0.002043133371642608,0.002043133371642608,0.0,0,0,1,False
2026092800,mert_v1,ambient_balanced,1.0,platt,1,0.15821003517291887,0.49438725260708843,0,-0.003960879625223207,-0.003960879625223207,-0.003960879625223207,-0.003960879625223207,0.0,1,0,0,False,0.0,0.0,0.0,0.0,0.0,0,1,0,False
2026092800,mert_v1,ambient_balanced,1.0,prior_offset,1,0.15434960786794724,0.4834503744013605,0,-0.007821306930194838,-0.007821306930194838,-0.007821306930194838,-0.007821306930194838,0.0,1,0,0,False,-0.003860427304971631,-0.003860427304971631,-0.003860427304971631,-0.003860427304971631,0.0,1,0,0,False
2026092800,mert_v1,ambient_balanced,1.0,raw,1,0.16217091479814208,0.4984824660653908,0,0.0,0.0,0.0,0.0,0.0,0,1,0,False,0.003960879625223207,0.003960879625223207,0.003960879625223207,0.003960879625223207,0.0,0,0,1,False
2026092800,mert_v1,ambient_balanced,1.0,ridge_platt,1,0.15399258268290184,0.4810018567737711,0,-0.008178332115240244,-0.008178332115240244,-0.008178332115240244,-0.008178332115240244,0.0,1,0,0,False,-0.004217452490017037,-0.004217452490017037,-0.004217452490017037,-0.004217452490017037,0.0,1,0,0,False
2026092800,mert_v1,ambient_balanced,1.0,temperature,1,0.1629744352751582,0.5015843105358828,0,0.0008035204770161231,0.0008035204770161231,0.0008035204770161231,0.0008035204770161231,0.0,0,0,1,False,0.00476440010223933,0.00476440010223933,0.00476440010223933,0.00476440010223933,0.0,0,0,1,False
2026092800,mert_v1,unweighted,0.25,beta,5,0.16626167154723528,0.5279901961717857,0,0.012217157512501187,0.013249708271619198,0.003871570214622727,0.022878209535798666,0.01900663932117594,0,0,5,False,0.001559413431563006,0.0021043228499383893,-0.0009783905290098038,0.0032510427901710215,0.004229433319180825,1,0,4,True
2026092800,mert_v1,unweighted,0.25,isotonic,5,0.17462800850334945,1.9432552749968242,0,0.020583494468615383,0.023312900134160097,0.009059970838397297,0.03537342835666077,0.026313457518263472,0,0,5,False,0.009925750387677202,0.009084801333531095,0.004647421871279617,0.014956268741455003,0.010308846870175387,0,0,5,False
2026092800,mert_v1,unweighted,0.25,platt,5,0.16470225811567227,0.5164145268974,0,0.01065774408093818,0.011540012745931999,0.0017672473646843379,0.020417159615205765,0.018649912250521428,0,0,5,False,0.0,0.0,0.0,0.0,0.0,0,5,0,False
2026092800,mert_v1,unweighted,0.25,prior_offset,5,0.1540445140347341,0.48101462728536737,0,0.0,0.0,0.0,0.0,0.0,0,5,0,False,-0.01065774408093818,-0.011540012745931999,-0.020417159615205765,-0.0017672473646843379,0.018649912250521428,5,0,0,False
2026092800,mert_v1,unweighted,0.25,raw,5,0.1540445140347341,0.48101462728536737,0,0.0,0.0,0.0,0.0,0.0,0,5,0,False,-0.01065774408093818,-0.011540012745931999,-0.020417159615205765,-0.0017672473646843379,0.018649912250521428,5,0,0,False
2026092800,mert_v1,unweighted,0.25,ridge_platt,5,0.15446933593517465,0.48205424826594384,0,0.00042482190044054735,0.0001598046454346358,-0.00013427119986642033,0.0014742025729702068,0.0016084737728366272,2,0,3,True,-0.010232922180497633,-0.010065810172961792,-0.020551430815072186,-0.001092602583700475,0.01945882823137171,5,0,0,False
2026092800,mert_v1,unweighted,0.25,temperature,5,0.15616679397617284,0.48980549769228104,0,0.002122279941438743,0.0019406318552606383,3.687102999611058e-05,0.0041007744418361525,0.004063903411840042,0,0,5,False,-0.008535464139499438,-0.00959938089067136,-0.016316385173369613,0.0012224839091360407,0.017538869082505654,4,0,1,True
2026092800,mert_v1,unweighted,0.5,beta,5,0.1596441209107631,0.5000632135186447,0,0.0055996068760290115,0.0047072882538998495,0.0040739571538715436,0.008048027139920727,0.0039740699860491835,0,0,5,False,0.0013480620843801638,0.001266001635442826,0.0008469065292795452,0.002085413708845324,0.0012385071795657787,0,0,5,False
2026092800,mert_v1,unweighted,0.5,isotonic,5,0.1651877752117956,1.2130149899644458,0,0.011143261177061497,0.010840838804267089,0.00870708752428856,0.015051634056898994,0.0063445465326104344,0,0,5,False,0.00689171638541265,0.006418155867633779,0.005480036899696561,0.00908902062582359,0.0036089837261270297,0,0,5,False
2026092800,mert_v1,unweighted,0.5,platt,5,0.15829605882638295,0.4954742076145372,0,0.004251544791648848,0.0034412866184570234,0.002813327550112543,0.005962613431075403,0.00314928588096286,0,0,5,False,0.0,0.0,0.0,0.0,0.0,0,5,0,False
2026092800,mert_v1,unweighted,0.5,prior_offset,5,0.1540445140347341,0.48101462728536737,0,0.0,0.0,0.0,0.0,0.0,0,5,0,False,-0.004251544791648848,-0.0034412866184570234,-0.005962613431075403,-0.002813327550112543,0.00314928588096286,5,0,0,False
2026092800,mert_v1,unweighted,0.5,raw,5,0.1540445140347341,0.48101462728536737,0,0.0,0.0,0.0,0.0,0.0,0,5,0,False,-0.004251544791648848,-0.0034412866184570234,-0.005962613431075403,-0.002813327550112543,0.00314928588096286,5,0,0,False
2026092800,mert_v1,unweighted,0.5,ridge_platt,5,0.1549934359304936,0.4849215826846227,0,0.0009489218957595246,0.0,-0.0003117033262802493,0.005082956275915956,0.005394659602196206,2,2,1,True,-0.0033026228958893235,-0.0032270506245919983,-0.005840089204845356,-0.0008796571551594468,0.004960432049685909,5,0,0,False
2026092800,mert_v1,unweighted,0.5,temperature,5,0.15509312840166997,0.48598522627415186,0,0.0010486143669358905,0.001092194211262082,-0.0005655163840859179,0.002538159531170231,0.003103675915256149,1,0,4,True,-0.0032029304247129576,-0.003275286202837041,-0.004192347064231022,-0.0023490924071949415,0.0018432546570360808,5,0,0,False
2026092800,mert_v1,unweighted,1.0,beta,1,0.15929763846665546,0.4998792647919631,0,0.005253124431921358,0.005253124431921358,0.005253124431921358,0.005253124431921358,0.0,0,0,1,False,0.0005205845445772628,0.0005205845445772628,0.0005205845445772628,0.0005205845445772628,0.0,0,0,1,False
2026092800,mert_v1,unweighted,1.0,isotonic,1,0.160223874857718,0.9365497006258368,0,0.006179360822983898,0.006179360822983898,0.006179360822983898,0.006179360822983898,0.0,0,0,1,False,0.0014468209356398032,0.0014468209356398032,0.0014468209356398032,0.0014468209356398032,0.0,0,0,1,False
2026092800,mert_v1,unweighted,1.0,platt,1,0.1587770539220782,0.4963997691854174,0,0.004732539887344095,0.004732539887344095,0.004732539887344095,0.004732539887344095,0.0,0,0,1,False,0.0,0.0,0.0,0.0,0.0,0,1,0,False
2026092800,mert_v1,unweighted,1.0,prior_offset,1,0.1540445140347341,0.48101462728536737,0,0.0,0.0,0.0,0.0,0.0,0,1,0,False,-0.004732539887344095,-0.004732539887344095,-0.004732539887344095,-0.004732539887344095,0.0,1,0,0,False
2026092800,mert_v1,unweighted,1.0,raw,1,0.1540445140347341,0.48101462728536737,0,0.0,0.0,0.0,0.0,0.0,0,1,0,False,-0.004732539887344095,-0.004732539887344095,-0.004732539887344095,-0.004732539887344095,0.0,1,0,0,False
2026092800,mert_v1,unweighted,1.0,ridge_platt,1,0.1539228576019891,0.4804530837529002,0,-0.00012165643274500426,-0.00012165643274500426,-0.00012165643274500426,-0.00012165643274500426,0.0,1,0,0,False,-0.004854196320089099,-0.004854196320089099,-0.004854196320089099,-0.004854196320089099,0.0,1,0,0,False
2026092800,mert_v1,unweighted,1.0,temperature,1,0.15556818712658543,0.48703395338623756,0,0.0015236730918513353,0.0015236730918513353,0.0015236730918513353,0.0015236730918513353,0.0,0,0,1,False,-0.0032088667954927597,-0.0032088667954927597,-0.0032088667954927597,-0.0032088667954927597,0.0,1,0,0,False
2026092801,maest,ambient_balanced,0.25,beta,5,0.1441668464672533,0.48842897478818853,0,0.0032921978024642805,0.0026147088799345908,0.0003872274635842443,0.007404012732153742,0.007016785268569498,0,0,5,False,0.0007778497686645403,0.0014208171586421736,-0.002655760513301658,0.0028054477483270834,0.005461208261628742,1,0,4,True
2026092801,maest,ambient_balanced,0.25,isotonic,5,0.15114933145285606,1.709782250474864,0,0.010274682788067018,0.012840015434370688,0.002965096575681392,0.012953775168031312,0.00998867859234992,0,0,5,False,0.007760334754267279,0.00948172409583145,0.0028111408017112427,0.01360405448635707,0.010792913684645827,0,0,5,False
2026092801,maest,ambient_balanced,0.25,platt,5,0.14338899669858876,0.46810588342506937,0,0.0025143480337997404,-5.30622827768501e-06,-0.0007640390519863816,0.0100597732454554,0.010823812297441782,3,0,2,True,0.0,0.0,0.0,0.0,0.0,0,5,0,False
2026092801,maest,ambient_balanced,0.25,prior_offset,5,0.13705235481483088,0.4315623251089945,0,-0.003822293849958136,-0.003822293849958136,-0.003822293849958136,-0.003822293849958136,0.0,5,0,0,False,-0.006336641883757876,-0.003816987621680451,-0.013882067095413536,-0.0030582547979717545,0.010823812297441782,5,0,0,False
2026092801,maest,ambient_balanced,0.25,raw,5,0.14087464866478902,0.44002036874838424,0,0.0,0.0,0.0,0.0,0.0,0,5,0,False,-0.0025143480337997404,5.30622827768501e-06,-0.0100597732454554,0.0007640390519863816,0.010823812297441782,2,0,3,True
2026092801,maest,ambient_balanced,0.25,ridge_platt,5,0.14118445389352008,0.4511049923358873,0,0.00030980522873105267,-0.00039875516924917087,-0.0030167949637789626,0.0031538613478168387,0.006170656311595801,3,0,2,True,-0.002204542805068688,-0.00039344894097148586,-0.011346292282377018,0.00391790039980322,0.015264192682180239,4,0,1,True
2026092801,maest,ambient_balanced,0.25,temperature,5,0.14511038641117996,0.4654633359171312,0,0.004235737746390933,0.00322946141067032,0.0009550480015541318,0.009727143762916807,0.008772095761362675,0,0,5,False,0.0017213897125911925,0.003234767638948005,-0.002517003070645729,0.004820434834388737,0.007337437905034466,2,0,3,True
2026092801,maest,ambient_balanced,0.5,beta,5,0.13923826793637623,0.4405379297727844,0,-0.0016363807284128173,-0.0012904016950149033,-0.003071052802904012,-0.0002797688064874737,0.002791283996416538,5,0,0,False,-0.0010981167480579369,-0.0009691020209424417,-0.002545644367854677,-0.00033356855547950204,0.002212075812375175,5,0,0,False
2026092801,maest,ambient_balanced,0.5,isotonic,5,0.14418560975427938,0.8955790867406297,0,0.003310961089490355,0.003768015796373453,0.0019645725631828315,0.0045114545457409505,0.002546881982558119,0,0,5,False,0.003849225069845236,0.0026264544731977313,0.0022455789843737473,0.006618042279532166,0.004372463295158419,0,0,5,False
2026092801,maest,ambient_balanced,0.5,platt,5,0.14033638468443416,0.4401520284031923,0,-0.0005382639803548806,-0.0005316865013857697,-0.0024020477091895864,0.0022658755613672033,0.00466792327055679,4,0,1,True,0.0,0.0,0.0,0.0,0.0,0,5,0,False
2026092801,maest,ambient_balanced,0.5,prior_offset,5,0.13705235481483088,0.4315623251089945,0,-0.003822293849958136,-0.003822293849958136,-0.003822293849958136,-0.003822293849958136,0.0,5,0,0,False,-0.0032840298696032557,-0.0032906073485723664,-0.006088169411325339,-0.0014202461407685496,0.00466792327055679,5,0,0,False
2026092801,maest,ambient_balanced,0.5,raw,5,0.14087464866478902,0.44002036874838424,0,0.0,0.0,0.0,0.0,0.0,0,5,0,False,0.0005382639803548806,0.0005316865013857697,-0.0022658755613672033,0.0024020477091895864,0.00466792327055679,1,0,4,True
2026092801,maest,ambient_balanced,0.5,ridge_platt,5,0.1378494609445023,0.43068926249729367,0,-0.0030251877202867538,-0.002731246071065979,-0.0045742713852489625,-0.0012213085630374543,0.003352962822211508,5,0,0,False,-0.0024869237399318734,-0.0021995595696802095,-0.0034871841244046575,-0.0021585126106438146,0.001328671513760843,5,0,0,False
2026092801,maest,ambient_balanced,0.5,temperature,5,0.14255474563607384,0.4475824263203948,0,0.0016800969712848167,0.0019538896043010123,0.0004151068016343684,0.0023148626659277582,0.0018997558642933898,0,0,5,False,0.0022183609516396975,0.002606841517438674,4.8987104560554995e-05,0.004043518477697627,0.003994531373137072,0,0,5,False
2026092801,maest,ambient_balanced,1.0,beta,1,0.13837211581088937,0.43362189633620063,0,-0.002502532853899647,-0.002502532853899647,-0.002502532853899647,-0.002502532853899647,0.0,1,0,0,False,-0.0006859108910157452,-0.0006859108910157452,-0.0006859108910157452,-0.0006859108910157452,0.0,1,0,0,False
2026092801,maest,ambient_balanced,1.0,isotonic,1,0.14329159789618676,0.700011557986282,0,0.002416949231397736,0.002416949231397736,0.002416949231397736,0.002416949231397736,0.0,0,0,1,False,0.004233571194281638,0.004233571194281638,0.004233571194281638,0.004233571194281638,0.0,0,0,1,False
2026092801,maest,ambient_balanced,1.0,platt,1,0.13905802670190512,0.43535233693452147,0,-0.001816621962883902,-0.001816621962883902,-0.001816621962883902,-0.001816621962883902,0.0,1,0,0,False,0.0,0.0,0.0,0.0,0.0,0,1,0,False
2026092801,maest,ambient_balanced,1.0,prior_offset,1,0.13705235481483088,0.4315623251089945,0,-0.003822293849958136,-0.003822293849958136,-0.003822293849958136,-0.003822293849958136,0.0,1,0,0,False,-0.002005671887074234,-0.002005671887074234,-0.002005671887074234,-0.002005671887074234,0.0,1,0,0,False
2026092801,maest,ambient_balanced,1.0,raw,1,0.14087464866478902,0.4400203687483843,0,0.0,0.0,0.0,0.0,0.0,0,1,0,False,0.001816621962883902,0.001816621962883902,0.001816621962883902,0.001816621962883902,0.0,0,0,1,False
2026092801,maest,ambient_balanced,1.0,ridge_platt,1,0.13820860359473286,0.43140330830620277,0,-0.002666045070056161,-0.002666045070056161,-0.002666045070056161,-0.002666045070056161,0.0,1,0,0,False,-0.0008494231071722591,-0.0008494231071722591,-0.0008494231071722591,-0.0008494231071722591,0.0,1,0,0,False
2026092801,maest,ambient_balanced,1.0,temperature,1,0.1422971785985558,0.44444295981277604,0,0.0014225299337667918,0.0014225299337667918,0.0014225299337667918,0.0014225299337667918,0.0,0,0,1,False,0.003239151896650694,0.003239151896650694,0.003239151896650694,0.003239151896650694,0.0,0,0,1,False
2026092801,maest,unweighted,0.25,beta,5,0.1444515664792148,0.4883591544223515,0,0.00812236940545139,0.007258018277084499,0.005028649347825126,0.0118129300573529,0.0067842807095277735,0,0,5,False,0.0009578482412299805,0.002104077785942321,-0.0026975540581999358,0.0027484170270257735,0.005445971085225709,1,0,4,True
2026092801,maest,unweighted,0.25,isotonic,5,0.1516557881429721,1.7117780920016927,0,0.015326591069208657,0.017264973530847022,0.007392061835670094,0.018505289748157433,0.011113227912487339,0,0,5,False,0.008162069904987246,0.010236475466470357,0.002737584194628412,0.014403492348292996,0.011665908153664584,0,0,5,False
2026092801,maest,unweighted,0.25,platt,5,0.14349371823798482,0.46835238391721623,0,0.00716452116422141,0.004654477641041682,0.0041017973998644375,0.014510484115552835,0.010408686715688398,0,0,5,False,0.0,0.0,0.0,0.0,0.0,0,5,0,False
2026092801,maest,unweighted,0.25,prior_offset,5,0.13632919707376343,0.4280312800946799,0,0.0,0.0,0.0,0.0,0.0,0,5,0,False,-0.00716452116422141,-0.004654477641041682,-0.014510484115552835,-0.0041017973998644375,0.010408686715688398,5,0,0,False
2026092801,maest,unweighted,0.25,raw,5,0.13632919707376343,0.4280312800946799,0,0.0,0.0,0.0,0.0,0.0,0,5,0,False,-0.00716452116422141,-0.004654477641041682,-0.014510484115552835,-0.0041017973998644375,0.010408686715688398,5,0,0,False
2026092801,maest,unweighted,0.25,ridge_platt,5,0.1388432594705202,0.4450404147082909,0,0.0025140623967567833,0.0017923128542075561,6.837761333225445e-05,0.007225832106959096,0.007157454493626841,0,0,5,False,-0.004650458767464627,-0.0027172883958511695,-0.014180556054084664,-0.0008204133076302744,0.01336014274645439,5,0,0,False
2026092801,maest,unweighted,0.25,temperature,5,0.1407935522962807,0.457118483318637,0,0.004464355222517263,0.004132080620290496,0.002279315507097479,0.008804980520059708,0.0065256650129622285,0,0,5,False,-0.002700165941704147,-0.0018227693541648105,-0.005705503595493128,-0.00037752062976822987,0.005327982965724898,5,0,0,False
2026092801,maest,unweighted,0.5,beta,5,0.13940132170028396,0.44114541240132654,0,0.003072124626520545,0.003455417101735081,0.0016889909235738576,0.004382175431520224,0.0026931845079463668,0,0,5,False,-0.0010024988500971221,-0.0008479847347591107,-0.0024278661850618277,-0.00041580277869174287,0.002012063406370085,5,0,0,False
2026092801,maest,unweighted,0.5,isotonic,5,0.144795739657125,0.8972286892027533,0,0.008466542583361585,0.00893745363844789,0.006476402497087169,0.009870530626739676,0.003394128129652507,0,0,5,False,0.004391919106743919,0.0031724868028357722,0.002146975691853431,0.0077347088546915466,0.0055877331628381155,0,0,5,False
2026092801,maest,unweighted,0.5,platt,5,0.1404038205503811,0.44046375963675716,0,0.004074623476617667,0.004149988906134994,0.00213582177204813,0.006810041616582052,0.004674219844533922,0,0,5,False,0.0,0.0,0.0,0.0,0.0,0,5,0,False
2026092801,maest,unweighted,0.5,prior_offset,5,0.13632919707376343,0.4280312800946799,0,0.0,0.0,0.0,0.0,0.0,0,5,0,False,-0.004074623476617667,-0.004149988906134994,-0.006810041616582052,-0.00213582177204813,0.004674219844533922,5,0,0,False
2026092801,maest,unweighted,0.5,raw,5,0.13632919707376343,0.4280312800946799,0,0.0,0.0,0.0,0.0,0.0,0,5,0,False,-0.004074623476617667,-0.004149988906134994,-0.006810041616582052,-0.00213582177204813,0.004674219844533922,5,0,0,False
2026092801,maest,unweighted,0.5,ridge_platt,5,0.13773216954229245,0.43093983025081695,0,0.0014029724685290178,0.0011997787947254646,0.00028570850238379686,0.003321635485088653,0.0030359269827048563,0,0,5,False,-0.0026716510080886493,-0.0026621297807056243,-0.003488406131493399,-0.0018277218381824445,0.0016606842933109545,5,0,0,False
2026092801,maest,unweighted,0.5,temperature,5,0.13753827629732873,0.4342575570590418,0,0.0012090792235653013,0.0014118378930135234,2.4070069944509553e-05,0.0017669291668490905,0.001742859096904581,0,0,5,False,-0.0028655442530523658,-0.0027381510131214704,-0.005043112449732962,-0.000864424952049414,0.0041786874976835475,5,0,0,False
2026092801,maest,unweighted,1.0,beta,1,0.13841387920553289,0.4339166234324727,0,0.002084682131769461,0.002084682131769461,0.002084682131769461,0.002084682131769461,0.0,0,0,1,False,-0.0007077257230155287,-0.0007077257230155287,-0.0007077257230155287,-0.0007077257230155287,0.0,1,0,0,False
2026092801,maest,unweighted,1.0,isotonic,1,0.14330397550478505,0.7005766496973016,0,0.006974778431021622,0.006974778431021622,0.006974778431021622,0.006974778431021622,0.0,0,0,1,False,0.0041823705762366326,0.0041823705762366326,0.0041823705762366326,0.0041823705762366326,0.0,0,0,1,False
2026092801,maest,unweighted,1.0,platt,1,0.13912160492854841,0.435690731639779,0,0.0027924078547849895,0.0027924078547849895,0.0027924078547849895,0.0027924078547849895,0.0,0,0,1,False,0.0,0.0,0.0,0.0,0.0,0,1,0,False
2026092801,maest,unweighted,1.0,prior_offset,1,0.13632919707376343,0.4280312800946799,0,0.0,0.0,0.0,0.0,0.0,0,1,0,False,-0.0027924078547849895,-0.0027924078547849895,-0.0027924078547849895,-0.0027924078547849895,0.0,1,0,0,False
2026092801,maest,unweighted,1.0,raw,1,0.13632919707376343,0.4280312800946799,0,0.0,0.0,0.0,0.0,0.0,0,1,0,False,-0.0027924078547849895,-0.0027924078547849895,-0.0027924078547849895,-0.0027924078547849895,0.0,1,0,0,False
2026092801,maest,unweighted,1.0,ridge_platt,1,0.13746280817342243,0.4298981968887653,0,0.0011336110996590099,0.0011336110996590099,0.0011336110996590099,0.0011336110996590099,0.0,0,0,1,False,-0.0016587967551259797,-0.0016587967551259797,-0.0016587967551259797,-0.0016587967551259797,0.0,1,0,0,False
2026092801,maest,unweighted,1.0,temperature,1,0.13717166820493662,0.4309347729613201,0,0.0008424711311731947,0.0008424711311731947,0.0008424711311731947,0.0008424711311731947,0.0,0,0,1,False,-0.0019499367236117948,-0.0019499367236117948,-0.0019499367236117948,-0.0019499367236117948,0.0,1,0,0,False
2026092801,mert_v0,ambient_balanced,0.25,beta,5,0.14857772861823978,0.4985634023994609,0,-0.001932415289756978,-0.0037126234656195967,-0.008671055817673246,0.008637143133223002,0.017308198950896247,4,0,1,True,0.0013849468468948912,0.0005511993287957706,1.3653164861043843e-05,0.00322657994833922,0.003212926783478176,0,0,5,False
2026092801,mert_v0,ambient_balanced,0.25,isotonic,5,0.15657266841796913,1.7120674304032044,0,0.006062524509972344,0.006750284226219233,-0.0002442876927150617,0.010856538455583625,0.011100826148298687,1,0,4,True,0.009379886646624213,0.008440421289819228,0.004885659211373489,0.01598077263255035,0.011095113421176861,0,0,5,False
2026092801,mert_v0,ambient_balanced,0.25,platt,5,0.14719278177134493,0.48713926307542643,0,-0.003317362136651869,-0.004467644873716786,-0.00868470898253429,0.005970879244210137,0.014655588226744426,4,0,1,True,0.0,0.0,0.0,0.0,0.0,0,5,0,False
2026092801,mert_v0,ambient_balanced,0.25,prior_offset,5,0.14303230578538784,0.447144746841506,0,-0.007477838122608937,-0.007477838122608937,-0.007477838122608937,-0.007477838122608937,0.0,5,0,0,False,-0.004160475985957068,-0.0030101932488921512,-0.013448717366819074,0.001206870859925352,0.014655588226744426,4,0,1,True
2026092801,mert_v0,ambient_balanced,0.25,raw,5,0.15051014390799677,0.4677833703574909,0,0.0,0.0,0.0,0.0,0.0,0,5,0,False,0.003317362136651869,0.004467644873716786,-0.005970879244210137,0.00868470898253429,0.014655588226744426,1,0,4,True
2026092801,mert_v0,ambient_balanced,0.25,ridge_platt,5,0.14592584618469603,0.47366821971134127,0,-0.0045842977233007285,-0.004721198297329088,-0.006055979568297926,-0.0021220975567476374,0.003933882011550288,5,0,0,False,-0.0012669355866488595,-0.0015063657408719844,-0.012026858812508062,0.006562611425786652,0.018589470238294714,3,0,2,True
2026092801,mert_v0,ambient_balanced,0.25,temperature,5,0.1536302311213306,0.48947866786839567,0,0.003120087213333833,0.0023088771557749355,0.001632537884998203,0.005916890217059267,0.004284352332061064,0,0,5,False,0.006437449349985702,0.006100182758714989,-5.398902715086917e-05,0.010921392574636452,0.01097538160178732,1,0,4,True
2026092801,mert_v0,ambient_balanced,0.5,beta,5,0.14751111129241828,0.46577592027948905,0,-0.0029990326155784897,-0.0028659961488975705,-0.006515388977886005,0.0009284228491628077,0.007443811827048813,4,0,1,True,0.001634895216366189,0.0018744533004274866,0.0006122124384840555,0.0027216800169530264,0.002109467578468971,0,0,5,False
2026092801,mert_v0,ambient_balanced,0.5,isotonic,5,0.15475098010049687,1.0645890228695616,0,0.004240836192500097,0.003992699541112532,0.0020504790728075595,0.007335132428196833,0.005284653355389274,0,0,5,False,0.008874764024444776,0.006885847482786561,0.005785956708902751,0.013697555724642207,0.007911599015739457,0,0,5,False
2026092801,mert_v0,ambient_balanced,0.5,platt,5,0.14587621607605208,0.4594831928038288,0,-0.0046339278319446784,-0.004672962716259055,-0.008389842278313492,-0.0017932571677902187,0.006596585110523273,5,0,0,False,0.0,0.0,0.0,0.0,0.0,0,5,0,False
2026092801,mert_v0,ambient_balanced,0.5,prior_offset,5,0.14303230578538784,0.447144746841506,0,-0.007477838122608937,-0.007477838122608937,-0.007477838122608937,-0.007477838122608937,0.0,5,0,0,False,-0.002843910290664259,-0.0028048754063498826,-0.005684580954818719,0.0009120041557045544,0.006596585110523273,4,0,1,True
2026092801,mert_v0,ambient_balanced,0.5,raw,5,0.15051014390799677,0.4677833703574909,0,0.0,0.0,0.0,0.0,0.0,0,5,0,False,0.0046339278319446784,0.004672962716259055,0.0017932571677902187,0.008389842278313492,0.006596585110523273,0,0,5,False
2026092801,mert_v0,ambient_balanced,0.5,ridge_platt,5,0.14494886575541327,0.45314205917771755,0,-0.005561278152583509,-0.005168711727055908,-0.008116074840917226,-0.003826210305778649,0.004289864535138577,5,0,0,False,-0.0009273503206388312,-0.0016681640842810819,-0.002398604227115464,0.0008467524104804058,0.00324535663759587,3,0,2,True
2026092801,mert_v0,ambient_balanced,0.5,temperature,5,0.15196780858033537,0.4744719187796875,0,0.0014576646723385989,0.0016757981113657006,-0.00029952993712459297,0.002401605339481583,0.002701135276606176,1,0,4,True,0.006091592504283277,0.006923105173476801,0.003053564558542776,0.008090312341188899,0.005036747782646123,0,0,5,False
2026092801,mert_v0,ambient_balanced,1.0,beta,1,0.1438691826691057,0.45377852671330454,0,-0.006640961238891074,-0.006640961238891074,-0.006640961238891074,-0.006640961238891074,0.0,1,0,0,False,0.0010130938007651136,0.0010130938007651136,0.0010130938007651136,0.0010130938007651136,0.0,0,0,1,False
2026092801,mert_v0,ambient_balanced,1.0,isotonic,1,0.14840332846561594,0.5690326877490668,0,-0.0021068154423808383,-0.0021068154423808383,-0.0021068154423808383,-0.0021068154423808383,0.0,1,0,0,False,0.00554723959727535,0.00554723959727535,0.00554723959727535,0.00554723959727535,0.0,0,0,1,False
2026092801,mert_v0,ambient_balanced,1.0,platt,1,0.14285608886834059,0.4492042943810598,0,-0.007654055039656188,-0.007654055039656188,-0.007654055039656188,-0.007654055039656188,0.0,1,0,0,False,0.0,0.0,0.0,0.0,0.0,0,1,0,False
2026092801,mert_v0,ambient_balanced,1.0,prior_offset,1,0.14303230578538784,0.447144746841506,0,-0.007477838122608937,-0.007477838122608937,-0.007477838122608937,-0.007477838122608937,0.0,1,0,0,False,0.0001762169170472505,0.0001762169170472505,0.0001762169170472505,0.0001762169170472505,0.0,0,0,1,False
2026092801,mert_v0,ambient_balanced,1.0,raw,1,0.15051014390799677,0.4677833703574909,0,0.0,0.0,0.0,0.0,0.0,0,1,0,False,0.007654055039656188,0.007654055039656188,0.007654055039656188,0.007654055039656188,0.0,0,0,1,False
2026092801,mert_v0,ambient_balanced,1.0,ridge_platt,1,0.14248573263886855,0.44687423076534616,0,-0.008024411269128229,-0.008024411269128229,-0.008024411269128229,-0.008024411269128229,0.0,1,0,0,False,-0.00037035622947204083,-0.00037035622947204083,-0.00037035622947204083,-0.00037035622947204083,0.0,1,0,0,False
2026092801,mert_v0,ambient_balanced,1.0,temperature,1,0.1509204689691018,0.4694529567142493,0,0.00041032506110502687,0.00041032506110502687,0.00041032506110502687,0.00041032506110502687,0.0,0,0,1,False,0.008064380100761215,0.008064380100761215,0.008064380100761215,0.008064380100761215,0.0,0,0,1,False
2026092801,mert_v0,unweighted,0.25,beta,5,0.14935644766251452,0.5009423757944429,0,0.006486762029179116,0.005395917251785315,-0.0003208239237489363,0.01630473031955293,0.016625554243301865,1,0,4,True,0.0018219912489192136,0.0010383127906065104,0.0004328988375933984,0.003980683127531748,0.0035477842899383494,0,0,5,False
2026092801,mert_v0,unweighted,0.25,isotonic,5,0.15672659987620935,1.6680101409362948,0,0.013856914242873919,0.014762798887536399,0.006886491822744145,0.01890905113572766,0.012022559312983516,0,0,5,False,0.009192143462614016,0.008477929878232399,0.005254632050642638,0.015457817077187158,0.01020318502654452,0,0,5,False
2026092801,mert_v0,unweighted,0.25,platt,5,0.1475344564135953,0.48833854547022887,0,0.004664770780259902,0.003375248288688265,-0.0007537227613423347,0.013654419085085023,0.014408141846427358,1,0,4,True,0.0,0.0,0.0,0.0,0.0,0,5,0,False
2026092801,mert_v0,unweighted,0.25,prior_offset,5,0.1428696856333354,0.4471996742190184,0,0.0,0.0,0.0,0.0,0.0,0,5,0,False,-0.004664770780259902,-0.003375248288688265,-0.013654419085085023,0.0007537227613423347,0.014408141846427358,4,0,1,True
2026092801,mert_v0,unweighted,0.25,raw,5,0.1428696856333354,0.4471996742190184,0,0.0,0.0,0.0,0.0,0.0,0,5,0,False,-0.004664770780259902,-0.003375248288688265,-0.013654419085085023,0.0007537227613423347,0.014408141846427358,4,0,1,True
2026092801,mert_v0,unweighted,0.25,ridge_platt,5,0.14353397470418955,0.46705839821370676,0,0.0006642890708541627,0.0008527881045138075,-0.0009390705325957038,0.0020676513312682943,0.003006721863863998,1,0,4,True,-0.00400048170940574,-0.0025224601841744576,-0.012316131103017935,-0.0001853477712533691,0.012130783331764566,5,0,0,False
2026092801,mert_v0,unweighted,0.25,temperature,5,0.14627323504524833,0.470695830070819,0,0.003403549411912932,0.003389020949506022,0.0021657735837697922,0.005775407303030056,0.0036096337192602634,0,0,5,False,-0.0012612213683469709,2.6129410091474403e-05,-0.007879011782054968,0.002919496345112127,0.010798508127167095,2,0,3,True
2026092801,mert_v0,unweighted,0.5,beta,5,0.14783156427552496,0.46707386403717327,0,0.004961878642189577,0.004816667412377795,0.002021190098354164,0.008508217518858524,0.00648702742050436,0,0,5,False,0.0018493097717068863,0.002413135765761132,0.0005242962076722757,0.002699217049208863,0.0021749208415365873,0,0,5,False
2026092801,mert_v0,unweighted,0.5,isotonic,5,0.15508363409491466,1.0395030216918892,0,0.012213948461579232,0.011095327238293567,0.010128068098371856,0.014595004846611359,0.004466936748239503,0,0,5,False,0.009101379591096543,0.007067497358425601,0.00521960716619968,0.014852651936582334,0.009633044770382654,0,0,5,False
2026092801,mert_v0,unweighted,0.5,platt,5,0.14598225450381808,0.4600731220986633,0,0.0031125688704826903,0.0030605707399462556,-0.0006780269508546988,0.005857109972692065,0.006535136923546764,1,0,4,True,0.0,0.0,0.0,0.0,0.0,0,5,0,False
2026092801,mert_v0,unweighted,0.5,prior_offset,5,0.1428696856333354,0.4471996742190184,0,0.0,0.0,0.0,0.0,0.0,0,5,0,False,-0.0031125688704826903,-0.0030605707399462556,-0.005857109972692065,0.0006780269508546988,0.006535136923546764,4,0,1,True
2026092801,mert_v0,unweighted,0.5,raw,5,0.1428696856333354,0.4471996742190184,0,0.0,0.0,0.0,0.0,0.0,0,5,0,False,-0.0031125688704826903,-0.0030605707399462556,-0.005857109972692065,0.0006780269508546988,0.006535136923546764,4,0,1,True
2026092801,mert_v0,unweighted,0.5,ridge_platt,5,0.1448490009643207,0.4530657840383796,0,0.001979315330985304,0.0021154934676743398,-0.00014718156244344915,0.0034628480811665363,0.0036100296436099855,1,0,4,True,-0.0011332535394973863,-0.0015394889806285283,-0.0023942618915255287,0.0005308453884112496,0.0029251072799367783,4,0,1,True
2026092801,mert_v0,unweighted,0.5,temperature,5,0.14406343968137114,0.45320793457226394,0,0.0011937540480357167,0.001323662216695276,-7.642207152519509e-06,0.0021950033169950145,0.002202645524147534,1,0,4,True,-0.0019188148224469736,-0.0010232621396741581,-0.004533447755996789,0.0006703847437021793,0.005203832499698968,4,0,1,True
2026092801,mert_v0,unweighted,1.0,beta,1,0.14385216045213792,0.4540331439694655,0,0.000982474818802509,0.000982474818802509,0.000982474818802509,0.000982474818802509,0.0,0,0,1,False,0.0009630666015648659,0.0009630666015648659,0.0009630666015648659,0.0009630666015648659,0.0,0,0,1,False
2026092801,mert_v0,unweighted,1.0,isotonic,1,0.14909979926751538,0.571666318976845,0,0.006230113634179968,0.006230113634179968,0.006230113634179968,0.006230113634179968,0.0,0,0,1,False,0.006210705416942325,0.006210705416942325,0.006210705416942325,0.006210705416942325,0.0,0,0,1,False
2026092801,mert_v0,unweighted,1.0,platt,1,0.14288909385057305,0.44966465655473564,0,1.9408217237643077e-05,1.9408217237643077e-05,1.9408217237643077e-05,1.9408217237643077e-05,0.0,0,0,1,False,0.0,0.0,0.0,0.0,0.0,0,1,0,False
2026092801,mert_v0,unweighted,1.0,prior_offset,1,0.1428696856333354,0.4471996742190184,0,0.0,0.0,0.0,0.0,0.0,0,1,0,False,-1.9408217237643077e-05,-1.9408217237643077e-05,-1.9408217237643077e-05,-1.9408217237643077e-05,0.0,1,0,0,False
2026092801,mert_v0,unweighted,1.0,raw,1,0.1428696856333354,0.4471996742190184,0,0.0,0.0,0.0,0.0,0.0,0,1,0,False,-1.9408217237643077e-05,-1.9408217237643077e-05,-1.9408217237643077e-05,-1.9408217237643077e-05,0.0,1,0,0,False
2026092801,mert_v0,unweighted,1.0,ridge_platt,1,0.14307297031356592,0.44866003550918965,0,0.00020328468023050883,0.00020328468023050883,0.00020328468023050883,0.00020328468023050883,0.0,0,0,1,False,0.00018387646299286575,0.00018387646299286575,0.00018387646299286575,0.00018387646299286575,0.0,0,0,1,False
2026092801,mert_v0,unweighted,1.0,temperature,1,0.14325007926413535,0.4486317006098118,0,0.0003803936307999467,0.0003803936307999467,0.0003803936307999467,0.0003803936307999467,0.0,0,0,1,False,0.0003609854135623036,0.0003609854135623036,0.0003609854135623036,0.0003609854135623036,0.0,0,0,1,False
2026092801,mert_v1,ambient_balanced,0.25,beta,5,0.14992523854946108,0.4956201212652095,0,-0.00037322521590021365,-0.0011125220526837232,-0.004152538342386436,0.006869095301037992,0.011021633643424428,4,0,1,True,0.0010031019105698423,0.00019769930438517935,-0.0008114806442319211,0.004732290934502448,0.005543771578734369,1,0,4,True
2026092801,mert_v1,ambient_balanced,0.25,isotonic,5,0.1590759758299989,1.5748258099516903,0,0.008777512064637621,0.0068779930767416675,0.003919124256198586,0.017867323337941388,0.013948199081742801,0,0,5,False,0.010153839191107678,0.008658027596308682,0.003570021568068682,0.02371213632512756,0.020142114757058877,0,0,5,False
2026092801,mert_v1,ambient_balanced,0.25,platt,5,0.14892213663889126,0.48330134276137643,0,-0.001376327126470056,-0.00367632550872371,-0.005844812987186171,0.0066713959966528125,0.012516208983838983,3,0,2,True,0.0,0.0,0.0,0.0,0.0,0,5,0,False
2026092801,mert_v1,ambient_balanced,0.25,prior_offset,5,0.14362897451727738,0.4461932849021436,0,-0.006669489248083915,-0.006669489248083915,-0.006669489248083915,-0.006669489248083915,0.0,5,0,0,False,-0.005293162121613859,-0.002993163739360205,-0.013340885244736728,-0.0008246762608977443,0.012516208983838983,5,0,0,False
2026092801,mert_v1,ambient_balanced,0.25,raw,5,0.1502984637653613,0.46540872035604314,0,0.0,0.0,0.0,0.0,0.0,0,5,0,False,0.001376327126470056,0.00367632550872371,-0.0066713959966528125,0.005844812987186171,0.012516208983838983,2,0,3,True
2026092801,mert_v1,ambient_balanced,0.25,ridge_platt,5,0.14616624551981,0.4586195541987278,0,-0.004132218245551289,-0.004660239193049143,-0.0062069409328137926,0.000676124508334569,0.006883065441148362,4,0,1,True,-0.002755891119081233,-0.0025306154240900824,-0.012853511038708187,0.0050055796652776485,0.017859090703985836,3,0,2,True
2026092801,mert_v1,ambient_balanced,0.25,temperature,5,0.15408771599749727,0.48790203495462653,0,0.003789252232135959,0.003379321604123464,0.0009330525752043184,0.0072934226447173844,0.006360370069513066,0,0,5,False,0.005165579358606015,0.005185921470817867,0.000622026648064572,0.007708776761066544,0.007086750113001972,0,0,5,False
2026092801,mert_v1,ambient_balanced,0.5,beta,5,0.14847689892271687,0.4621647705750984,0,-0.001821564842644441,-0.002250047784510101,-0.003711423585998269,0.0005744197489388203,0.0042858433349370895,4,0,1,True,0.001557890805381734,0.0012435849738055282,0.00024754753184141887,0.0036949491278796542,0.0034474015960382354,0,0,5,False
2026092801,mert_v1,ambient_balanced,0.5,isotonic,5,0.15391838599693983,0.8363060856201685,0,0.0036199222315785482,0.0030995169298131398,-0.0011831127752260084,0.00755938204800341,0.008742494823229419,1,0,4,True,0.0069993778796047235,0.004829046345784599,0.0027758583426136796,0.013504378960393165,0.010728520617779486,0,0,5,False
2026092801,mert_v1,ambient_balanced,0.5,platt,5,0.1469190081173351,0.4568664376390966,0,-0.003379455648026175,-0.003369170886425965,-0.005944996912389755,-0.0006691652248667079,0.005275831687523047,5,0,0,False,0.0,0.0,0.0,0.0,0.0,0,5,0,False
2026092801,mert_v1,ambient_balanced,0.5,prior_offset,5,0.14362897451727738,0.4461932849021436,0,-0.006669489248083915,-0.006669489248083915,-0.006669489248083915,-0.006669489248083915,0.0,5,0,0,False,-0.00329003360005774,-0.00330031836165795,-0.006000324023217207,-0.0007244923356941602,0.005275831687523047,5,0,0,False
2026092801,mert_v1,ambient_balanced,0.5,raw,5,0.1502984637653613,0.46540872035604314,0,0.0,0.0,0.0,0.0,0.0,0,5,0,False,0.003379455648026175,0.003369170886425965,0.0006691652248667079,0.005944996912389755,0.005275831687523047,0,0,5,False
2026092801,mert_v1,ambient_balanced,0.5,ridge_platt,5,0.14458999824219426,0.4483653152870207,0,-0.005708465523167022,-0.005372007487882802,-0.0076338488311084585,-0.0043645825030520224,0.003269266328056436,5,0,0,False,-0.0023290098751408473,-0.0020028366014568366,-0.0036954172781853145,-0.001587677534607257,0.0021077397435780576,5,0,0,False
2026092801,mert_v1,ambient_balanced,0.5,temperature,5,0.15178503598376913,0.4716071537903509,0,0.0014865722184078556,0.001819455869841835,0.0001702672943813821,0.0024977759518555465,0.0023275086574741644,0,0,5,False,0.004866027866434031,0.005190930129555654,0.002488621094708543,0.0064567470696952345,0.0039681259749866915,0,0,5,False
2026092801,mert_v1,ambient_balanced,1.0,beta,1,0.14549026014513822,0.45326939572572433,0,-0.004808203620223078,-0.004808203620223078,-0.004808203620223078,-0.004808203620223078,0.0,1,0,0,False,0.0009825249863611163,0.0009825249863611163,0.0009825249863611163,0.0009825249863611163,0.0,0,0,1,False
2026092801,mert_v1,ambient_balanced,1.0,isotonic,1,0.1476737051057278,0.5894525062611179,0,-0.0026247586596334915,-0.0026247586596334915,-0.0026247586596334915,-0.0026247586596334915,0.0,1,0,0,False,0.003165969946950703,0.003165969946950703,0.003165969946950703,0.003165969946950703,0.0,0,0,1,False
2026092801,mert_v1,ambient_balanced,1.0,platt,1,0.1445077351587771,0.45027833652438887,0,-0.0057907286065841945,-0.0057907286065841945,-0.0057907286065841945,-0.0057907286065841945,0.0,1,0,0,False,0.0,0.0,0.0,0.0,0.0,0,1,0,False
2026092801,mert_v1,ambient_balanced,1.0,prior_offset,1,0.14362897451727738,0.4461932849021436,0,-0.006669489248083915,-0.006669489248083915,-0.006669489248083915,-0.006669489248083915,0.0,1,0,0,False,-0.0008787606414997207,-0.0008787606414997207,-0.0008787606414997207,-0.0008787606414997207,0.0,1,0,0,False
2026092801,mert_v1,ambient_balanced,1.0,raw,1,0.1502984637653613,0.46540872035604314,0,0.0,0.0,0.0,0.0,0.0,0,1,0,False,0.0057907286065841945,0.0057907286065841945,0.0057907286065841945,0.0057907286065841945,0.0,0,0,1,False
2026092801,mert_v1,ambient_balanced,1.0,ridge_platt,1,0.1438596144222903,0.4465458657670644,0,-0.006438849343070985,-0.006438849343070985,-0.006438849343070985,-0.006438849343070985,0.0,1,0,0,False,-0.0006481207364867902,-0.0006481207364867902,-0.0006481207364867902,-0.0006481207364867902,0.0,1,0,0,False
2026092801,mert_v1,ambient_balanced,1.0,temperature,1,0.15110927069517002,0.4686373835710188,0,0.0008108069298087273,0.0008108069298087273,0.0008108069298087273,0.0008108069298087273,0.0,0,0,1,False,0.006601535536392922,0.006601535536392922,0.006601535536392922,0.006601535536392922,0.0,0,0,1,False
2026092801,mert_v1,unweighted,0.25,beta,5,0.1513507813354481,0.5012178958400225,0,0.007581942406085651,0.007284781045870853,0.0037359218384077353,0.01444522992181127,0.010709308083403535,0,0,5,False,0.001743406025845462,0.0010374666812716926,-9.123904162158802e-05,0.005634177037113636,0.005725416078735224,1,0,4,True
2026092801,mert_v1,unweighted,0.25,isotonic,5,0.16049709424601222,1.6257042889123245,0,0.016728255316649766,0.01620991859771878,0.010239606544922591,0.028292869415554756,0.018053262870632164,0,0,5,False,0.010889718936409576,0.009260003592780508,0.0028635864574301506,0.02599316445815736,0.023129578000727208,0,0,5,False
2026092801,mert_v1,unweighted,0.25,platt,5,0.14960737530960264,0.48529418336102026,0,0.005838536380240189,0.003160223041874799,0.002299704957397397,0.013407763240539577,0.01110805828314218,0,0,5,False,0.0,0.0,0.0,0.0,0.0,0,5,0,False
2026092801,mert_v1,unweighted,0.25,prior_offset,5,0.14376883892936246,0.446972330762616,0,0.0,0.0,0.0,0.0,0.0,0,5,0,False,-0.005838536380240189,-0.003160223041874799,-0.013407763240539577,-0.002299704957397397,0.01110805828314218,5,0,0,False
2026092801,mert_v1,unweighted,0.25,raw,5,0.14376883892936246,0.446972330762616,0,0.0,0.0,0.0,0.0,0.0,0,5,0,False,-0.005838536380240189,-0.003160223041874799,-0.013407763240539577,-0.002299704957397397,0.01110805828314218,5,0,0,False
2026092801,mert_v1,unweighted,0.25,ridge_platt,5,0.14463037079370783,0.45384323243015573,0,0.0008615318643453662,0.0007835713925429533,0.00017870620792281855,0.0018300730935558451,0.0016513668856330266,0,0,5,False,-0.004977004515894823,-0.0026563578457347026,-0.012624191847996624,-0.0011188974803408858,0.011505294367655738,5,0,0,False
2026092801,mert_v1,unweighted,0.25,temperature,5,0.1480565765737782,0.471989261930535,0,0.004287737644415745,0.00442587362835728,0.0014207972144845704,0.007323900997870059,0.005903103783385488,0,0,5,False,-0.0015507987358244434,-0.0008789077429128267,-0.006083862242669519,0.0012656505864824807,0.0073495128291519995,4,0,1,True
2026092801,mert_v1,unweighted,0.5,beta,5,0.14917232660571456,0.46497900134524583,0,0.005403487676352075,0.005869681331488685,0.0032928852427073496,0.007910306478756679,0.004617421236049329,0,0,5,False,0.001881577594719641,0.0018583431292214236,3.450559352885518e-05,0.004850226259151408,0.004815720665622553,0,0,5,False
2026092801,mert_v1,unweighted,0.5,isotonic,5,0.15418081019151436,0.8368634732894457,0,0.010411971262151898,0.009631202614714118,0.005765909460610452,0.015651996941616453,0.009886087481006,0,0,5,False,0.006890061180519463,0.003865057460711363,0.002760171459947308,0.014632541869279175,0.011872370409331867,0,0,5,False
2026092801,mert_v1,unweighted,0.5,platt,5,0.1472907490109949,0.45816004594922094,0,0.0035219100816324344,0.003504175993618047,0.0010194550723372775,0.006051963349535255,0.005032508277197978,0,0,5,False,0.0,0.0,0.0,0.0,0.0,0,5,0,False
2026092801,mert_v1,unweighted,0.5,prior_offset,5,0.14376883892936246,0.446972330762616,0,0.0,0.0,0.0,0.0,0.0,0,5,0,False,-0.0035219100816324344,-0.003504175993618047,-0.006051963349535255,-0.0010194550723372775,0.005032508277197978,5,0,0,False
2026092801,mert_v1,unweighted,0.5,raw,5,0.14376883892936246,0.446972330762616,0,0.0,0.0,0.0,0.0,0.0,0,5,0,False,-0.0035219100816324344,-0.003504175993618047,-0.006051963349535255,-0.0010194550723372775,0.005032508277197978,5,0,0,False
2026092801,mert_v1,unweighted,0.5,ridge_platt,5,0.14478829514363473,0.449018157665071,0,0.0010194562142722796,0.0015648777818256243,-0.00041957097698558377,0.0023955365513629034,0.002815107528348487,2,0,3,True,-0.002502453867360155,-0.001792605683090004,-0.004487085567709631,-0.0014390260493228613,0.00304805951838677,5,0,0,False
2026092801,mert_v1,unweighted,0.5,temperature,5,0.14559935278711128,0.45415093486879493,0,0.0018305138577488112,0.0024717508141014755,0.0005814971825950366,0.002761358506304684,0.0021798613237096476,0,0,5,False,-0.0016913962238836234,-0.0007428174873133631,-0.00358021253543378,-0.000263118397200085,0.003317094138233695,5,0,0,False
2026092801,mert_v1,unweighted,1.0,beta,1,0.1456324211249265,0.45385202974319827,0,0.0018635821955640397,0.0018635821955640397,0.0018635821955640397,0.0018635821955640397,0.0,0,0,1,False,0.000827319954296829,0.000827319954296829,0.000827319954296829,0.000827319954296829,0.0,0,0,1,False
2026092801,mert_v1,unweighted,1.0,isotonic,1,0.14749607811778864,0.5886078374397195,0,0.0037272391884261846,0.0037272391884261846,0.0037272391884261846,0.0037272391884261846,0.0,0,0,1,False,0.002690976947158974,0.002690976947158974,0.002690976947158974,0.002690976947158974,0.0,0,0,1,False
2026092801,mert_v1,unweighted,1.0,platt,1,0.14480510117062967,0.4514692704627532,0,0.0010362622412672107,0.0010362622412672107,0.0010362622412672107,0.0010362622412672107,0.0,0,0,1,False,0.0,0.0,0.0,0.0,0.0,0,1,0,False
2026092801,mert_v1,unweighted,1.0,prior_offset,1,0.14376883892936246,0.446972330762616,0,0.0,0.0,0.0,0.0,0.0,0,1,0,False,-0.0010362622412672107,-0.0010362622412672107,-0.0010362622412672107,-0.0010362622412672107,0.0,1,0,0,False
2026092801,mert_v1,unweighted,1.0,raw,1,0.14376883892936246,0.446972330762616,0,0.0,0.0,0.0,0.0,0.0,0,1,0,False,-0.0010362622412672107,-0.0010362622412672107,-0.0010362622412672107,-0.0010362622412672107,0.0,1,0,0,False
2026092801,mert_v1,unweighted,1.0,ridge_platt,1,0.1438013539331325,0.4465604071377193,0,3.2515003770050566e-05,3.2515003770050566e-05,3.2515003770050566e-05,3.2515003770050566e-05,0.0,0,0,1,False,-0.00100374723749716,-0.00100374723749716,-0.00100374723749716,-0.00100374723749716,0.0,1,0,0,False
2026092801,mert_v1,unweighted,1.0,temperature,1,0.14516620984389375,0.45171074317058174,0,0.001397370914531293,0.001397370914531293,0.001397370914531293,0.001397370914531293,0.0,0,0,1,False,0.00036110867326408225,0.00036110867326408225,0.00036110867326408225,0.00036110867326408225,0.0,0,0,1,False
2026092802,maest,ambient_balanced,0.25,beta,5,0.14722095484427272,0.45869362935333025,0,0.001588345595844004,0.0024878566539014713,-0.006851736356307203,0.007304850051321338,0.01415658640762854,1,0,4,True,0.0015100500890546432,0.002296190499022549,-0.0015621717542192437,0.005463181338197398,0.007025353092416642,2,0,3,True
2026092802,maest,ambient_balanced,0.25,isotonic,5,0.1525401444624021,1.0138939896333952,0,0.006907535213973398,0.007217209849878975,-0.004130441930871309,0.015162724196938177,0.019293166127809486,1,0,4,True,0.006829239707184037,0.0041029942328427715,0.0011591226712166502,0.016013455388748182,0.014854332717531532,0,0,5,False
2026092802,maest,ambient_balanced,0.25,platt,5,0.14571090475521803,0.454407099241088,0,7.829550678936092e-05,-0.0008507311918100058,-0.005289564602087959,0.008269869565321969,0.013559434167409928,3,0,2,True,0.0,0.0,0.0,0.0,0.0,0,5,0,False
2026092802,maest,ambient_balanced,0.25,prior_offset,5,0.139208916163456,0.43273750003502515,0,-0.006423693084972704,-0.006423693084972704,-0.006423693084972704,-0.006423693084972704,0.0,5,0,0,False,-0.006501988591762065,-0.005572961893162698,-0.014693562650294673,-0.0011341284828847442,0.013559434167409928,5,0,0,False
2026092802,maest,ambient_balanced,0.25,raw,5,0.1456326092484287,0.45179983064194607,0,0.0,0.0,0.0,0.0,0.0,0,5,0,False,-7.829550678936092e-05,0.0008507311918100058,-0.008269869565321969,0.005289564602087959,0.013559434167409928,2,0,3,True
2026092802,maest,ambient_balanced,0.25,ridge_platt,5,0.1404038119506664,0.4383868853495715,0,-0.005228797297762306,-0.0065040087077360975,-0.006967563778405073,-0.002254592735689842,0.0047129710427152305,5,0,0,False,-0.005307092804551666,-0.0045961256926305705,-0.011865217610371015,-0.0015329086198435093,0.010332308990527506,5,0,0,False
2026092802,maest,ambient_balanced,0.25,temperature,5,0.14741674830693524,0.46151125470647125,0,0.001784139058506573,0.001845651988863356,0.0005024440611568481,0.003703192562208135,0.003200748501051287,0,0,5,False,0.0017058435517172121,0.001353175252966854,-0.004566677003113834,0.0071352165909513154,0.01170189359406515,1,0,4,True
2026092802,maest,ambient_balanced,0.5,beta,5,0.1446450718929412,0.44962542319487786,0,-0.000987537355487489,-0.00154574951825881,-0.006022521190341884,0.0041822599471955935,0.010204781137537478,3,0,2,True,0.001469447270219204,0.0014844235432825703,-0.0001270353596619922,0.002385320585216788,0.0025123559448787802,1,0,4,True
2026092802,maest,ambient_balanced,0.5,isotonic,5,0.1477384860247597,0.7474934390972373,0,0.002105876776331028,0.0024380637101703018,-0.0030250101512702965,0.007147187647128184,0.01017219779839848,2,0,3,True,0.004562861402037721,0.004163054622155438,0.002978706846779894,0.0063691338136459,0.003390426966866006,0,0,5,False
2026092802,maest,ambient_balanced,0.5,platt,5,0.143175624622722,0.4467691353373734,0,-0.002456984625706693,-0.003931070103475598,-0.006404377008148887,0.0027228670373715125,0.0091272440455204,3,0,2,True,0.0,0.0,0.0,0.0,0.0,0,5,0,False
2026092802,maest,ambient_balanced,0.5,prior_offset,5,0.139208916163456,0.43273750003502515,0,-0.006423693084972704,-0.006423693084972704,-0.006423693084972704,-0.006423693084972704,0.0,5,0,0,False,-0.003966708459266011,-0.0024926229814971057,-0.009146560122344216,-1.931607682381653e-05,0.0091272440455204,5,0,0,False
2026092802,maest,ambient_balanced,0.5,raw,5,0.1456326092484287,0.45179983064194607,0,0.0,0.0,0.0,0.0,0.0,0,5,0,False,0.002456984625706693,0.003931070103475598,-0.0027228670373715125,0.006404377008148887,0.0091272440455204,2,0,3,True
2026092802,maest,ambient_balanced,0.5,ridge_platt,5,0.14073311862525842,0.4395896926947098,0,-0.004899490623170272,-0.005987494330098486,-0.007050093783634859,0.0006118481931381425,0.007661941976773001,4,0,1,True,-0.002442505997463579,-0.0020564242266228883,-0.007127550869555299,-0.0002718192714203649,0.006855731598134934,5,0,0,False
2026092802,maest,ambient_balanced,0.5,temperature,5,0.14724974358163967,0.458580362878647,0,0.0016171343332109845,0.0016332537788399382,0.0006122149644386676,0.0026735487932733615,0.002061333828834694,0,0,5,False,0.004074118958917678,0.006362988818400195,-0.0010896132585315743,0.007016591972587555,0.008106205231119129,1,0,4,True
2026092802,maest,ambient_balanced,1.0,beta,1,0.14005055396271118,0.4351414127420213,0,-0.005582055285717508,-0.005582055285717508,-0.005582055285717508,-0.005582055285717508,0.0,1,0,0,False,0.0014131788813346868,0.0014131788813346868,0.0014131788813346868,0.0014131788813346868,0.0,0,0,1,False
2026092802,maest,ambient_balanced,1.0,isotonic,1,0.1437084830640937,0.6321163699265525,0,-0.00192412618433499,-0.00192412618433499,-0.00192412618433499,-0.00192412618433499,0.0,1,0,0,False,0.0050711079827172045,0.0050711079827172045,0.0050711079827172045,0.0050711079827172045,0.0,0,0,1,False
2026092802,maest,ambient_balanced,1.0,platt,1,0.1386373750813765,0.43204629719364823,0,-0.0069952341670521945,-0.0069952341670521945,-0.0069952341670521945,-0.0069952341670521945,0.0,1,0,0,False,0.0,0.0,0.0,0.0,0.0,0,1,0,False
2026092802,maest,ambient_balanced,1.0,prior_offset,1,0.139208916163456,0.4327375000350251,0,-0.006423693084972704,-0.006423693084972704,-0.006423693084972704,-0.006423693084972704,0.0,1,0,0,False,0.0005715410820794908,0.0005715410820794908,0.0005715410820794908,0.0005715410820794908,0.0,0,0,1,False
2026092802,maest,ambient_balanced,1.0,raw,1,0.1456326092484287,0.4517998306419461,0,0.0,0.0,0.0,0.0,0.0,0,1,0,False,0.0069952341670521945,0.0069952341670521945,0.0069952341670521945,0.0069952341670521945,0.0,0,0,1,False
2026092802,maest,ambient_balanced,1.0,ridge_platt,1,0.13830970891170735,0.4323733360671343,0,-0.0073229003367213386,-0.0073229003367213386,-0.0073229003367213386,-0.0073229003367213386,0.0,1,0,0,False,-0.0003276661696691441,-0.0003276661696691441,-0.0003276661696691441,-0.0003276661696691441,0.0,1,0,0,False
2026092802,maest,ambient_balanced,1.0,temperature,1,0.14615299871502976,0.45260604330767207,0,0.0005203894666010733,0.0005203894666010733,0.0005203894666010733,0.0005203894666010733,0.0,0,0,1,False,0.007515623633653268,0.007515623633653268,0.007515623633653268,0.007515623633653268,0.0,0,0,1,False
2026092802,maest,unweighted,0.25,beta,5,0.14732606635444073,0.4588782579357284,0,0.008795182573067922,0.009410050837437123,0.0005021228035951286,0.014964195723753654,0.014462072920158525,0,0,5,False,0.0014130246213664489,0.0018580336532633135,-0.0015711000757786253,0.005429857514407499,0.007000957590186124,2,0,3,True
2026092802,maest,unweighted,0.25,isotonic,5,0.15241016254915737,1.0140852760247223,0,0.013879278767784563,0.014683465962299802,0.0024035141486000444,0.023160545919103798,0.020757031770503753,0,0,5,False,0.00649712081608309,0.0035820377812735005,0.0003302912692262905,0.01683078284759959,0.0165004915783733,0,0,5,False
2026092802,maest,unweighted,0.25,platt,5,0.1459130417330743,0.4549286663917135,0,0.007382157951701473,0.0063297630715042075,0.002073222879373754,0.01572859793157161,0.013655375052197855,0,0,5,False,0.0,0.0,0.0,0.0,0.0,0,5,0,False
2026092802,maest,unweighted,0.25,prior_offset,5,0.13853088378137282,0.4310148122106033,0,0.0,0.0,0.0,0.0,0.0,0,5,0,False,-0.007382157951701473,-0.0063297630715042075,-0.01572859793157161,-0.002073222879373754,0.013655375052197855,5,0,0,False
2026092802,maest,unweighted,0.25,raw,5,0.13853088378137282,0.4310148122106033,0,0.0,0.0,0.0,0.0,0.0,0,5,0,False,-0.007382157951701473,-0.0063297630715042075,-0.01572859793157161,-0.002073222879373754,0.013655375052197855,5,0,0,False
2026092802,maest,unweighted,0.25,ridge_platt,5,0.14006900799514882,0.4368749641814973,0,0.0015381242137760154,0.000801743043838038,0.0,0.003976472565226735,0.003976472565226735,0,1,4,False,-0.005844033737925458,-0.00442544564804595,-0.013214181198555636,-0.002073222879373754,0.011140958319181882,5,0,0,False
2026092802,maest,unweighted,0.25,temperature,5,0.14069182489728702,0.442195189548473,0,0.0021609411159141945,0.001987732700549305,0.0002831179182110899,0.004973512799919616,0.004690394881708526,0,0,5,False,-0.005221216835787279,-0.005051560421191564,-0.010755085131651992,-0.001790104961162664,0.008964980170489328,5,0,0,False
2026092802,maest,unweighted,0.5,beta,5,0.1446751209269797,0.449557647607573,0,0.006144237145606879,0.005918920475370543,0.0009925605575645258,0.011706409468457774,0.010713848910893248,0,0,5,False,0.0015835060674842972,0.0018345380499959485,-0.0002277660116850322,0.0027580696522293835,0.0029858356639144157,1,0,4,True
2026092802,maest,unweighted,0.5,isotonic,5,0.14767963806558942,0.7467884534778679,0,0.009148754284216581,0.008362479920056398,0.004748848286394269,0.014021784810591215,0.009272936524196945,0,0,5,False,0.004588023206094,0.004657136131100553,0.003057374056183698,0.005954908861429187,0.0028975348052454886,0,0,5,False
2026092802,maest,unweighted,0.5,platt,5,0.1430916148594954,0.4463915064015582,0,0.0045607310781225815,0.003160850823141159,0.0006797804015529485,0.009675821647507216,0.008996041245954267,0,0,5,False,0.0,0.0,0.0,0.0,0.0,0,5,0,False
2026092802,maest,unweighted,0.5,prior_offset,5,0.13853088378137282,0.4310148122106033,0,0.0,0.0,0.0,0.0,0.0,0,5,0,False,-0.0045607310781225815,-0.003160850823141159,-0.009675821647507216,-0.0006797804015529485,0.008996041245954267,5,0,0,False
2026092802,maest,unweighted,0.5,raw,5,0.13853088378137282,0.4310148122106033,0,0.0,0.0,0.0,0.0,0.0,0,5,0,False,-0.0045607310781225815,-0.003160850823141159,-0.009675821647507216,-0.0006797804015529485,0.008996041245954267,5,0,0,False
2026092802,maest,unweighted,0.5,ridge_platt,5,0.14034080450485414,0.43797647180660604,0,0.001809920723481323,0.0006471824694807005,-0.0002401435268421792,0.007564802803273846,0.007804946330116025,1,0,4,True,-0.002750810354641259,-0.00211101884423337,-0.007782516322863531,-0.0005731440997688575,0.007209372223094673,5,0,0,False
2026092802,maest,unweighted,0.5,temperature,5,0.14007328558913662,0.4385034565298471,0,0.001542401807763777,0.001801141611632029,0.00046260819845350687,0.002425242792525484,0.001962634594071977,0,0,5,False,-0.003018329270358805,-0.0007356080306156754,-0.007874680035875187,-0.00021717220309944163,0.007657507832775745,5,0,0,False
2026092802,maest,unweighted,1.0,beta,1,0.13997797269474269,0.4346440736897196,0,0.001447088913369865,0.001447088913369865,0.001447088913369865,0.001447088913369865,0.0,0,0,1,False,0.0013799606519041552,0.0013799606519041552,0.0013799606519041552,0.0013799606519041552,0.0,0,0,1,False
2026092802,maest,unweighted,1.0,isotonic,1,0.14394454881501415,0.6322738307407495,0,0.005413665033641324,0.005413665033641324,0.005413665033641324,0.005413665033641324,0.0,0,0,1,False,0.005346536772175614,0.005346536772175614,0.005346536772175614,0.005346536772175614,0.0,0,0,1,False
2026092802,maest,unweighted,1.0,platt,1,0.13859801204283853,0.4316995240109007,0,6.712826146570983e-05,6.712826146570983e-05,6.712826146570983e-05,6.712826146570983e-05,0.0,0,0,1,False,0.0,0.0,0.0,0.0,0.0,0,1,0,False
2026092802,maest,unweighted,1.0,prior_offset,1,0.13853088378137282,0.4310148122106033,0,0.0,0.0,0.0,0.0,0.0,0,1,0,False,-6.712826146570983e-05,-6.712826146570983e-05,-6.712826146570983e-05,-6.712826146570983e-05,0.0,1,0,0,False
2026092802,maest,unweighted,1.0,raw,1,0.13853088378137282,0.4310148122106033,0,0.0,0.0,0.0,0.0,0.0,0,1,0,False,-6.712826146570983e-05,-6.712826146570983e-05,-6.712826146570983e-05,-6.712826146570983e-05,0.0,1,0,0,False
2026092802,maest,unweighted,1.0,ridge_platt,1,0.13853088378137282,0.4310148122106033,0,0.0,0.0,0.0,0.0,0.0,0,1,0,False,-6.712826146570983e-05,-6.712826146570983e-05,-6.712826146570983e-05,-6.712826146570983e-05,0.0,1,0,0,False
2026092802,maest,unweighted,1.0,temperature,1,0.1388805859573725,0.43250785313112633,0,0.0003497021759996666,0.0003497021759996666,0.0003497021759996666,0.0003497021759996666,0.0,0,0,1,False,0.00028257391453395675,0.00028257391453395675,0.00028257391453395675,0.00028257391453395675,0.0,0,0,1,False
2026092802,mert_v0,ambient_balanced,0.25,beta,5,0.15551711383462113,0.49407347706657667,0,-0.0040218857021452285,-0.005284112905017679,-0.01281771393895298,0.0057754314513151495,0.01859314539026813,3,0,2,True,0.0006839407813357789,0.00027336832818067314,-0.0007142327290819983,0.0037591956192716824,0.004473428348353681,2,0,3,True
2026092802,mert_v0,ambient_balanced,0.25,isotonic,5,0.16307970890328363,1.2160276703586048,0,0.0035407093665172696,-0.003712091084064284,-0.006862312244102803,0.02121574062968004,0.028078052873782844,3,0,2,True,0.008246535849998276,0.009110532481541811,0.0008577890918713971,0.020400987152452643,0.019543198060581246,0,0,5,False
2026092802,mert_v0,ambient_balanced,0.25,platt,5,0.1548331730532853,0.4922292244191338,0,-0.004705826483481007,-0.004569880175935681,-0.013270663676330674,0.002016235832043467,0.015286899508374141,3,0,2,True,0.0,0.0,0.0,0.0,0.0,0,5,0,False
2026092802,mert_v0,ambient_balanced,0.25,prior_offset,5,0.14775021880744588,0.45989953611630235,0,-0.011788780729320464,-0.011788780729320464,-0.011788780729320464,-0.011788780729320464,0.0,5,0,0,False,-0.007082954245839457,-0.007218900553384783,-0.01380501656136393,0.0014818829470102102,0.015286899508374141,4,0,1,True
2026092802,mert_v0,ambient_balanced,0.25,raw,5,0.15953899953676634,0.4922514032781119,0,0.0,0.0,0.0,0.0,0.0,0,5,0,False,0.004705826483481007,0.004569880175935681,-0.002016235832043467,0.013270663676330674,0.015286899508374141,2,0,3,True
2026092802,mert_v0,ambient_balanced,0.25,ridge_platt,5,0.1492855377188635,0.46774733714526845,0,-0.010253461817902826,-0.01063189799739167,-0.012127586609840146,-0.006504887440288681,0.005622699169551465,5,0,0,False,-0.005547635334421819,-0.005408794213077023,-0.011446651474619068,0.001246401023349747,0.012693052497968815,4,0,1,True
2026092802,mert_v0,ambient_balanced,0.25,temperature,5,0.16097895628423903,0.506192731095748,0,0.0014399567474726927,0.0005742274285343019,-0.00023663359712103316,0.004517278567382432,0.004753912164503465,1,0,4,True,0.0061457832309537,0.004867186981621585,0.0012328510556544603,0.013844891104864976,0.012612040049210516,0,0,5,False
2026092802,mert_v0,ambient_balanced,0.5,beta,5,0.14905159838116502,0.47259040527341395,0,-0.010487401155601307,-0.01063816633167261,-0.013503293851327397,-0.006836103556183887,0.00666719029514351,5,0,0,False,0.000298317219508204,0.0002772101017995965,-8.22379881436075e-05,0.0009839071633226948,0.0010661451514663023,1,0,4,True
2026092802,mert_v0,ambient_balanced,0.5,isotonic,5,0.15444146256724617,0.8566743111867983,0,-0.005097536969520205,-0.005452555452240299,-0.008132462121370726,-0.002778550685424014,0.005353911435946712,5,0,0,False,0.005688181405589304,0.007721605396923681,0.0013893090329950841,0.008578577874982785,0.0071892688419877004,0,0,5,False
2026092802,mert_v0,ambient_balanced,0.5,platt,5,0.14875328116165684,0.4748812928500352,0,-0.010785718375109509,-0.011090394701060102,-0.013780503953126993,-0.007144636317424652,0.006635867635702342,5,0,0,False,0.0,0.0,0.0,0.0,0.0,0,5,0,False
2026092802,mert_v0,ambient_balanced,0.5,prior_offset,5,0.14775021880744588,0.45989953611630235,0,-0.011788780729320464,-0.011788780729320464,-0.011788780729320464,-0.011788780729320464,0.0,5,0,0,False,-0.001003062354210954,-0.0006983860282603616,-0.004644144411895812,0.0019917232238065297,0.006635867635702342,4,0,1,True
2026092802,mert_v0,ambient_balanced,0.5,raw,5,0.15953899953676634,0.4922514032781119,0,0.0,0.0,0.0,0.0,0.0,0,5,0,False,0.010785718375109509,0.011090394701060102,0.007144636317424652,0.013780503953126993,0.006635867635702342,0,0,5,False
2026092802,mert_v0,ambient_balanced,0.5,ridge_platt,5,0.14784099805439252,0.46898748951901226,0,-0.011698001482373826,-0.013326608073299218,-0.013351812405663077,-0.006516755953657444,0.006835056452005633,5,0,0,False,-0.0009122831072643167,-0.0006004172784107586,-0.0027706797297702146,0.0006278803637672081,0.0033985600935374227,3,0,2,True
2026092802,mert_v0,ambient_balanced,0.5,temperature,5,0.1604370818284731,0.5011116238558279,0,0.0008980822917067476,0.0005720503295494339,-0.00037019729133175305,0.0027581723713538397,0.003128369662685593,2,0,3,True,0.011683800666816258,0.01233209805827673,0.007716686646974086,0.013848567072413942,0.006131880425439856,0,0,5,False
2026092802,mert_v0,ambient_balanced,1.0,beta,1,0.1457835533208998,0.46038968967950017,0,-0.013755446215866551,-0.013755446215866551,-0.013755446215866551,-0.013755446215866551,0.0,1,0,0,False,0.0004399575774256814,0.0004399575774256814,0.0004399575774256814,0.0004399575774256814,0.0,0,0,1,False
2026092802,mert_v0,ambient_balanced,1.0,isotonic,1,0.1496165125390121,0.600801051393792,0,-0.009922486997754248,-0.009922486997754248,-0.009922486997754248,-0.009922486997754248,0.0,1,0,0,False,0.004272916795537984,0.004272916795537984,0.004272916795537984,0.004272916795537984,0.0,0,0,1,False
2026092802,mert_v0,ambient_balanced,1.0,platt,1,0.1453435957434741,0.4612889209182196,0,-0.014195403793292233,-0.014195403793292233,-0.014195403793292233,-0.014195403793292233,0.0,1,0,0,False,0.0,0.0,0.0,0.0,0.0,0,1,0,False
2026092802,mert_v0,ambient_balanced,1.0,prior_offset,1,0.14775021880744588,0.45989953611630235,0,-0.011788780729320464,-0.011788780729320464,-0.011788780729320464,-0.011788780729320464,0.0,1,0,0,False,0.002406623063971769,0.002406623063971769,0.002406623063971769,0.002406623063971769,0.0,0,0,1,False
2026092802,mert_v0,ambient_balanced,1.0,raw,1,0.15953899953676634,0.4922514032781119,0,0.0,0.0,0.0,0.0,0.0,0,1,0,False,0.014195403793292233,0.014195403793292233,0.014195403793292233,0.014195403793292233,0.0,0,0,1,False
2026092802,mert_v0,ambient_balanced,1.0,ridge_platt,1,0.1456089992052277,0.46165538396879013,0,-0.013930000331538628,-0.013930000331538628,-0.013930000331538628,-0.013930000331538628,0.0,1,0,0,False,0.00026540346175360496,0.00026540346175360496,0.00026540346175360496,0.00026540346175360496,0.0,0,0,1,False
2026092802,mert_v0,ambient_balanced,1.0,temperature,1,0.1590910562468933,0.49334371524137627,0,-0.00044794328987304843,-0.00044794328987304843,-0.00044794328987304843,-0.00044794328987304843,0.0,1,0,0,False,0.013747460503419184,0.013747460503419184,0.013747460503419184,0.013747460503419184,0.0,0,0,1,False
2026092802,mert_v0,unweighted,0.25,beta,5,0.15627316168281688,0.49701211259461536,0,0.008715874263423346,0.00726263758587567,-0.00030393368512193764,0.018960384831650107,0.019264318516772044,1,0,4,True,0.0010577332684211572,0.000850779337624008,-0.0005373384775751444,0.004028346204698718,0.004565684682273863,2,0,3,True
2026092802,mert_v0,unweighted,0.25,isotonic,5,0.16285191559255344,1.1705053852802247,0,0.015294628173159902,0.008596571358115451,0.006081161561549281,0.0311014094075808,0.025020247846031518,0,0,5,False,0.007636487178157713,0.007952472467610022,0.0007965952946646371,0.018062245753735773,0.017265650459071136,0,0,5,False
2026092802,mert_v0,unweighted,0.25,platt,5,0.15521542841439573,0.4937932096564275,0,0.007658140995002188,0.007799976063450814,-0.0011547130227459457,0.014932038626951388,0.016086751649697334,1,0,4,True,0.0,0.0,0.0,0.0,0.0,0,5,0,False
2026092802,mert_v0,unweighted,0.25,prior_offset,5,0.14755728741939353,0.4602925148268813,0,0.0,0.0,0.0,0.0,0.0,0,5,0,False,-0.007658140995002188,-0.007799976063450814,-0.014932038626951388,0.0011547130227459457,0.016086751649697334,4,0,1,True
2026092802,mert_v0,unweighted,0.25,raw,5,0.14755728741939353,0.4602925148268813,0,0.0,0.0,0.0,0.0,0.0,0,5,0,False,-0.007658140995002188,-0.007799976063450814,-0.014932038626951388,0.0011547130227459457,0.016086751649697334,4,0,1,True
2026092802,mert_v0,unweighted,0.25,ridge_platt,5,0.14870380412360584,0.4661304257130429,0,0.0011465167042123247,0.0012911459012327486,-0.0001060471914191008,0.002603678617181554,0.002709725808600655,1,0,4,True,-0.006511624290789863,-0.0065088301622180655,-0.012328360009769834,0.0010486658313268449,0.01337702584109668,4,0,1,True
2026092802,mert_v0,unweighted,0.25,temperature,5,0.14957902929913447,0.4757646072759874,0,0.002021741879740946,0.0018768726430952176,-0.0005870514586862607,0.005410642484773798,0.0059976939434600585,1,0,4,True,-0.005636399115261243,-0.004812038888514891,-0.011162291010749809,0.0005676615640596849,0.011729952574809493,4,0,1,True
2026092802,mert_v0,unweighted,0.5,beta,5,0.14963599606915418,0.4747241673558243,0,0.0020787086497606523,0.0013744985429338386,-0.0008279802060851826,0.005622049403920221,0.006450029610005403,1,0,4,True,0.0005501901675919518,0.0002710368028185084,-0.0003009085494667385,0.001798589594753569,0.0020994981442203076,1,0,4,True
2026092802,mert_v0,unweighted,0.5,isotonic,5,0.15441197600121295,0.8896671778743894,0,0.006854688581819424,0.006465046234330751,0.0031674798450413433,0.01138380996369931,0.008216330118657966,0,0,5,False,0.005326170099650723,0.005578263725889293,0.001100749055445882,0.010522950984225815,0.009422201928779933,0,0,5,False
2026092802,mert_v0,unweighted,0.5,platt,5,0.14908580590156223,0.47613367040468607,0,0.0015285184821687003,0.0012944901309888124,-0.0015524609709042514,0.005364297178884869,0.006916758149789121,1,0,4,True,0.0,0.0,0.0,0.0,0.0,0,5,0,False
2026092802,mert_v0,unweighted,0.5,prior_offset,5,0.14755728741939353,0.4602925148268813,0,0.0,0.0,0.0,0.0,0.0,0,5,0,False,-0.0015285184821687003,-0.0012944901309888124,-0.005364297178884869,0.0015524609709042514,0.006916758149789121,4,0,1,True
2026092802,mert_v0,unweighted,0.5,raw,5,0.14755728741939353,0.4602925148268813,0,0.0,0.0,0.0,0.0,0.0,0,5,0,False,-0.0015285184821687003,-0.0012944901309888124,-0.005364297178884869,0.0015524609709042514,0.006916758149789121,4,0,1,True
2026092802,mert_v0,unweighted,0.5,ridge_platt,5,0.14792303723408157,0.4688781456206172,0,0.0003657498146880378,-0.0009712691410903307,-0.0015304178300860338,0.005992177542652077,0.007522595372738111,4,0,1,True,-0.0011627686674806625,-0.001003896449436742,-0.002824907961074846,0.0006278803637672081,0.0034527883248420543,3,0,2,True
2026092802,mert_v0,unweighted,0.5,temperature,5,0.148379263831178,0.46907891702253074,0,0.0008219764117845141,0.0011978164912606615,-0.0005220564019591534,0.0023115076954515756,0.002833564097410729,2,0,3,True,-0.0007065420703841862,-7.692963958860766e-05,-0.004166480687624208,0.0010765977922617687,0.005243078479885976,3,0,2,True
2026092802,mert_v0,unweighted,1.0,beta,1,0.1463456863208541,0.4621315335549921,0,-0.0012116010985394332,-0.0012116010985394332,-0.0012116010985394332,-0.0012116010985394332,0.0,1,0,0,False,0.0007620169682010236,0.0007620169682010236,0.0007620169682010236,0.0007620169682010236,0.0,0,0,1,False
2026092802,mert_v0,unweighted,1.0,isotonic,1,0.1494309024980206,0.6013449693342964,0,0.0018736150786270722,0.0018736150786270722,0.0018736150786270722,0.0018736150786270722,0.0,0,0,1,False,0.003847233145367529,0.003847233145367529,0.003847233145367529,0.003847233145367529,0.0,0,0,1,False
2026092802,mert_v0,unweighted,1.0,platt,1,0.14558366935265307,0.4622033578985856,0,-0.001973618066740457,-0.001973618066740457,-0.001973618066740457,-0.001973618066740457,0.0,1,0,0,False,0.0,0.0,0.0,0.0,0.0,0,1,0,False
2026092802,mert_v0,unweighted,1.0,prior_offset,1,0.14755728741939353,0.4602925148268813,0,0.0,0.0,0.0,0.0,0.0,0,1,0,False,0.001973618066740457,0.001973618066740457,0.001973618066740457,0.001973618066740457,0.0,0,0,1,False
2026092802,mert_v0,unweighted,1.0,raw,1,0.14755728741939353,0.4602925148268813,0,0.0,0.0,0.0,0.0,0.0,0,1,0,False,0.001973618066740457,0.001973618066740457,0.001973618066740457,0.001973618066740457,0.0,0,0,1,False
2026092802,mert_v0,unweighted,1.0,ridge_platt,1,0.146010071668512,0.4615627075382204,0,-0.001547215750881542,-0.001547215750881542,-0.001547215750881542,-0.001547215750881542,0.0,1,0,0,False,0.00042640231585891475,0.00042640231585891475,0.00042640231585891475,0.00042640231585891475,0.0,0,0,1,False
2026092802,mert_v0,unweighted,1.0,temperature,1,0.14692403339195437,0.4619209078710747,0,-0.0006332540274391618,-0.0006332540274391618,-0.0006332540274391618,-0.0006332540274391618,0.0,1,0,0,False,0.001340364039301295,0.001340364039301295,0.001340364039301295,0.001340364039301295,0.0,0,0,1,False
2026092802,mert_v1,ambient_balanced,0.25,beta,5,0.15529839791544256,0.4864142149096139,0,-0.0034597896524815987,-0.0023804227072712902,-0.013555642037654358,0.003483210411745763,0.01703885244940012,3,0,2,True,0.0016335236801940545,0.0023486232795488227,-0.0005243604250731171,0.0028541550954179207,0.0033785155204910378,1,0,4,True
2026092802,mert_v1,ambient_balanced,0.25,isotonic,5,0.16355065421851728,1.0771322360457634,0,0.00479246665059313,0.003523935405174039,-0.006879169965838539,0.016941666636772212,0.02382083660261075,2,0,3,True,0.009885779983268783,0.006774782477132507,0.005200694869275241,0.01631261132044437,0.01111191645116913,0,0,5,False
2026092802,mert_v1,ambient_balanced,0.25,platt,5,0.1536648742352485,0.48425572693612506,0,-0.005093313332675653,-0.003250847071958468,-0.013031281612581241,0.0006290553163278423,0.013660336928909084,3,0,2,True,0.0,0.0,0.0,0.0,0.0,0,5,0,False
2026092802,mert_v1,ambient_balanced,0.25,prior_offset,5,0.14666807436712298,0.45566475854495536,0,-0.012090113200801167,-0.012090113200801167,-0.012090113200801167,-0.012090113200801167,0.0,5,0,0,False,-0.006996799868125514,-0.008839266128842699,-0.01271916851712901,0.0009411684117800745,0.013660336928909084,4,0,1,True
2026092802,mert_v1,ambient_balanced,0.25,raw,5,0.15875818756792415,0.4877153970435938,0,0.0,0.0,0.0,0.0,0.0,0,5,0,False,0.005093313332675653,0.003250847071958468,-0.0006290553163278423,0.013031281612581241,0.013660336928909084,2,0,3,True
2026092802,mert_v1,ambient_balanced,0.25,ridge_platt,5,0.14960969123593926,0.4672393570734471,0,-0.00914849633198489,-0.008911532591458882,-0.012616356201798129,-0.005144887401850762,0.007471468799947367,5,0,0,False,-0.004055182999309237,-0.0052810865047962785,-0.007450523707255352,0.0004149254107831124,0.007865449118038464,4,0,1,True
2026092802,mert_v1,ambient_balanced,0.25,temperature,5,0.16001065451594362,0.4985841903521634,0,0.001252466948019465,0.0007768000020409171,-0.000564610173652863,0.0048868197721921025,0.0054514299458449655,1,0,4,True,0.006345780280695118,0.00425776445586426,0.0009434460595927063,0.013808081614622159,0.012864635555029452,0,0,5,False
2026092802,mert_v1,ambient_balanced,0.5,beta,5,0.1488457913673895,0.4692762225824266,0,-0.009912396200534645,-0.010665679872740474,-0.01311288059466656,-0.005381903399893834,0.007730977194772726,5,0,0,False,0.00024366347351122974,-1.1364296662152995e-05,-0.00026879565524975946,0.0012046361928618465,0.001473431848111606,3,0,2,True
2026092802,mert_v1,ambient_balanced,0.5,isotonic,5,0.15609411856947447,0.8912451378440863,0,-0.002664068998449648,-0.0046170212935136845,-0.006488486020503642,0.001976366181468292,0.008464852201971934,3,0,2,True,0.007491990675596227,0.008349366758979515,0.0004524471685293796,0.013082379722988341,0.012629932554458961,0,0,5,False
2026092802,mert_v1,ambient_balanced,0.5,platt,5,0.14860212789387828,0.46891677484453104,0,-0.010156059674045875,-0.010897889763265445,-0.0129663880524932,-0.005113107744644074,0.007853280307849125,5,0,0,False,0.0,0.0,0.0,0.0,0.0,0,5,0,False
2026092802,mert_v1,ambient_balanced,0.5,prior_offset,5,0.14666807436712298,0.45566475854495536,0,-0.012090113200801167,-0.012090113200801167,-0.012090113200801167,-0.012090113200801167,0.0,5,0,0,False,-0.0019340535267552915,-0.0011922234375357221,-0.006977005456157093,0.0008762748516920327,0.007853280307849125,4,0,1,True
2026092802,mert_v1,ambient_balanced,0.5,raw,5,0.15875818756792415,0.4877153970435938,0,0.0,0.0,0.0,0.0,0.0,0,5,0,False,0.010156059674045875,0.010897889763265445,0.005113107744644074,0.0129663880524932,0.007853280307849125,0,0,5,False
2026092802,mert_v1,ambient_balanced,0.5,ridge_platt,5,0.14783911780187659,0.46310406701241724,0,-0.010919069766047562,-0.012437711878221763,-0.013140788051188568,-0.004599391572289974,0.008541396478898594,5,0,0,False,-0.0007630100920016869,-0.0006579858722179921,-0.002443888782881959,0.0005137161723541006,0.0029576049552360595,3,0,2,True
2026092802,mert_v1,ambient_balanced,0.5,temperature,5,0.15974803478462954,0.4944297534808735,0,0.0009898472167053974,0.0007694450107233464,-0.0005018359246109771,0.003024262536488187,0.003526098461099164,1,0,4,True,0.011145906890751272,0.012120652126685783,0.005882552755367421,0.013922152299753632,0.008039599544386211,0,0,5,False
2026092802,mert_v1,ambient_balanced,1.0,beta,1,0.14537579922129307,0.4569461519530481,0,-0.01338238834663108,-0.01338238834663108,-0.01338238834663108,-0.01338238834663108,0.0,1,0,0,False,0.00030911774594294394,0.00030911774594294394,0.00030911774594294394,0.00030911774594294394,0.0,0,0,1,False
2026092802,mert_v1,ambient_balanced,1.0,isotonic,1,0.15158012656822964,0.7632133169550981,0,-0.007178060999694508,-0.007178060999694508,-0.007178060999694508,-0.007178060999694508,0.0,1,0,0,False,0.006513445092879516,0.006513445092879516,0.006513445092879516,0.006513445092879516,0.0,0,0,1,False
2026092802,mert_v1,ambient_balanced,1.0,platt,1,0.14506668147535012,0.4554907277187126,0,-0.013691506092574024,-0.013691506092574024,-0.013691506092574024,-0.013691506092574024,0.0,1,0,0,False,0.0,0.0,0.0,0.0,0.0,0,1,0,False
2026092802,mert_v1,ambient_balanced,1.0,prior_offset,1,0.14666807436712298,0.45566475854495536,0,-0.012090113200801167,-0.012090113200801167,-0.012090113200801167,-0.012090113200801167,0.0,1,0,0,False,0.001601392891772857,0.001601392891772857,0.001601392891772857,0.001601392891772857,0.0,0,0,1,False
2026092802,mert_v1,ambient_balanced,1.0,raw,1,0.15875818756792415,0.4877153970435938,0,0.0,0.0,0.0,0.0,0.0,0,1,0,False,0.013691506092574024,0.013691506092574024,0.013691506092574024,0.013691506092574024,0.0,0,0,1,False
2026092802,mert_v1,ambient_balanced,1.0,ridge_platt,1,0.1450875022385885,0.4559326386423885,0,-0.013670685329335658,-0.013670685329335658,-0.013670685329335658,-0.013670685329335658,0.0,1,0,0,False,2.0820763238366125e-05,2.0820763238366125e-05,2.0820763238366125e-05,2.0820763238366125e-05,0.0,0,0,1,False
2026092802,mert_v1,ambient_balanced,1.0,temperature,1,0.15841875535368488,0.4876368790053817,0,-0.00033943221423926584,-0.00033943221423926584,-0.00033943221423926584,-0.00033943221423926584,0.0,1,0,0,False,0.013352073878334758,0.013352073878334758,0.013352073878334758,0.013352073878334758,0.0,0,0,1,False
2026092802,mert_v1,unweighted,0.25,beta,5,0.1561147146294477,0.48961186327309375,0,0.00944150015979675,0.010034606061247758,-0.0008921282410156439,0.016674080972278044,0.017566209213293688,1,0,4,True,0.0019887529342601353,0.002844463685526516,-0.0004906998166021026,0.0035027235137741197,0.003993423330376222,1,0,4,True
2026092802,mert_v1,unweighted,0.25,isotonic,5,0.16392344771968767,1.0530468018329289,0,0.017250233250036707,0.016195689429115062,0.005937231773080115,0.0284158245794687,0.022478592806388586,0,0,5,False,0.00979748602450009,0.0068032238216303165,0.006338660197493656,0.01580971235629533,0.009471052158801674,0,0,5,False
2026092802,mert_v1,unweighted,0.25,platt,5,0.15412596169518755,0.4862098341116587,0,0.0074527472255366154,0.009392465607484746,-0.0004014284244135413,0.013171357458503924,0.013572785882917465,1,0,4,True,0.0,0.0,0.0,0.0,0.0,0,5,0,False
2026092802,mert_v1,unweighted,0.25,prior_offset,5,0.14667321446965095,0.45662428468031874,0,0.0,0.0,0.0,0.0,0.0,0,5,0,False,-0.0074527472255366154,-0.009392465607484746,-0.013171357458503924,0.0004014284244135413,0.013572785882917465,4,0,1,True
2026092802,mert_v1,unweighted,0.25,raw,5,0.14667321446965095,0.45662428468031874,0,0.0,0.0,0.0,0.0,0.0,0,5,0,False,-0.0074527472255366154,-0.009392465607484746,-0.013171357458503924,0.0004014284244135413,0.013572785882917465,4,0,1,True
2026092802,mert_v1,unweighted,0.25,ridge_platt,5,0.149465358651801,0.46756632397442016,0,0.002792144182150036,0.0025615434043303187,-7.70980949132416e-05,0.007384818466224102,0.007461916561137344,1,0,4,True,-0.00466060304338658,-0.005221293756949269,-0.010609814054173605,0.0003243303295002997,0.010934144383673905,4,0,1,True
2026092802,mert_v1,unweighted,0.25,temperature,5,0.14842734319347395,0.469083216376007,0,0.0017541287238230009,0.0008942532618756438,-9.349925174154117e-05,0.00568208613958876,0.005775585391330301,1,0,4,True,-0.005698618501713615,-0.007340704640669549,-0.011711858961297728,0.00030792917267200015,0.012019788133969728,4,0,1,True
2026092802,mert_v1,unweighted,0.5,beta,5,0.14963215600529342,0.4719373826854377,0,0.0029589415356424675,0.0021009564136496572,-2.5180319278644836e-05,0.007060595533207592,0.007085775852486237,1,0,4,True,0.0007048325742260719,0.0005221159088304728,-0.00014535963473141789,0.0021529110032305065,0.0022982706379619244,1,0,4,True
2026092802,mert_v1,unweighted,0.5,isotonic,5,0.15555688330371836,0.8575625788630041,0,0.008883668834067404,0.007920639936400214,0.0053915578139051845,0.01517844190978801,0.009786884095882825,0,0,5,False,0.006629559872651009,0.006573557296543048,0.0007146847684612045,0.013916563110963426,0.013201878342502221,0,0,5,False
2026092802,mert_v1,unweighted,0.5,platt,5,0.14892732343106735,0.4702461369964196,0,0.0022541089614163956,0.0016263454452763726,-0.0005472962281091176,0.00720595516793901,0.0077532513960481275,1,0,4,True,0.0,0.0,0.0,0.0,0.0,0,5,0,False
2026092802,mert_v1,unweighted,0.5,prior_offset,5,0.14667321446965095,0.45662428468031874,0,0.0,0.0,0.0,0.0,0.0,0,5,0,False,-0.0022541089614163956,-0.0016263454452763726,-0.00720595516793901,0.0005472962281091176,0.0077532513960481275,4,0,1,True
2026092802,mert_v1,unweighted,0.5,raw,5,0.14667321446965095,0.45662428468031874,0,0.0,0.0,0.0,0.0,0.0,0,5,0,False,-0.0022541089614163956,-0.0016263454452763726,-0.00720595516793901,0.0005472962281091176,0.0077532513960481275,4,0,1,True
2026092802,mert_v1,unweighted,0.5,ridge_platt,5,0.1479270548175155,0.4632578385973353,0,0.0012538403478645544,-0.0005801838233382983,-0.0007306787928683667,0.0077196713402931105,0.008450350133161477,3,0,2,True,-0.0010002686135518412,-0.0006798499997017482,-0.0024452974070376388,0.0005137161723541006,0.0029590135793917394,4,0,1,True
2026092802,mert_v1,unweighted,0.5,temperature,5,0.14752147553783987,0.4629828777187167,0,0.0008482610681889158,0.0012875951561573673,-0.0005759348026293243,0.002129367273421834,0.002705302076051158,1,0,4,True,-0.0014058478932274798,-0.00043606646699376195,-0.005864589291929845,0.0006062080660946545,0.006470797358024499,3,0,2,True
2026092802,mert_v1,unweighted,1.0,beta,1,0.14612028576202374,0.4591926485959287,0,-0.0005529287076272149,-0.0005529287076272149,-0.0005529287076272149,-0.0005529287076272149,0.0,1,0,0,False,0.0007071183801521663,0.0007071183801521663,0.0007071183801521663,0.0007071183801521663,0.0,0,0,1,False
2026092802,mert_v1,unweighted,1.0,isotonic,1,0.1502699456234822,0.6276611237587414,0,0.003596731153831245,0.003596731153831245,0.003596731153831245,0.003596731153831245,0.0,0,0,1,False,0.0048567782416106264,0.0048567782416106264,0.0048567782416106264,0.0048567782416106264,0.0,0,0,1,False
2026092802,mert_v1,unweighted,1.0,platt,1,0.14541316738187157,0.45680001594167263,0,-0.0012600470877793812,-0.0012600470877793812,-0.0012600470877793812,-0.0012600470877793812,0.0,1,0,0,False,0.0,0.0,0.0,0.0,0.0,0,1,0,False
2026092802,mert_v1,unweighted,1.0,prior_offset,1,0.14667321446965095,0.45662428468031874,0,0.0,0.0,0.0,0.0,0.0,0,1,0,False,0.0012600470877793812,0.0012600470877793812,0.0012600470877793812,0.0012600470877793812,0.0,0,0,1,False
2026092802,mert_v1,unweighted,1.0,raw,1,0.14667321446965095,0.45662428468031874,0,0.0,0.0,0.0,0.0,0.0,0,1,0,False,0.0012600470877793812,0.0012600470877793812,0.0012600470877793812,0.0012600470877793812,0.0,0,0,1,False
2026092802,mert_v1,unweighted,1.0,ridge_platt,1,0.14546443439392798,0.4562757118071764,0,-0.001208780075722976,-0.001208780075722976,-0.001208780075722976,-0.001208780075722976,0.0,1,0,0,False,5.126701205640516e-05,5.126701205640516e-05,5.126701205640516e-05,5.126701205640516e-05,0.0,0,0,1,False
2026092802,mert_v1,unweighted,1.0,temperature,1,0.14621124885812048,0.4569252148507539,0,-0.0004619656115304738,-0.0004619656115304738,-0.0004619656115304738,-0.0004619656115304738,0.0,1,0,0,False,0.0007980814762489075,0.0007980814762489075,0.0007980814762489075,0.0007980814762489075,0.0,0,0,1,False
2026092803,maest,ambient_balanced,0.25,beta,5,0.1239971163219384,0.4179928871771802,0,-0.00043714435091061766,-0.0012807989293578265,-0.011766483097034,0.009046332754357553,0.020812815851391553,3,0,2,True,6.031065085837784e-05,-0.0004130372217922562,-0.002174503260378685,0.003859572723538013,0.006034075983916698,4,0,1,True
2026092803,maest,ambient_balanced,0.25,isotonic,5,0.1273482952793688,1.085062935923148,0,0.0029140346065198164,0.0034008188834323133,-0.003448460452921548,0.007927872249622311,0.01137633270254386,1,0,4,True,0.003411489608288812,0.0027411122188027714,-0.00010895451731454675,0.008137297380659533,0.00824625189797408,1,0,4,True
2026092803,maest,ambient_balanced,0.25,platt,5,0.12393680567108004,0.39924223711402845,0,-0.0004974550017689955,-0.0008677617075655703,-0.011585757833581081,0.006795560164841105,0.018381317998422186,3,0,2,True,0.0,0.0,0.0,0.0,0.0,0,5,0,False
2026092803,maest,ambient_balanced,0.25,prior_offset,5,0.11258449205573613,0.3644785427423835,0,-0.011849768617112885,-0.011849768617112885,-0.011849768617112885,-0.011849768617112885,0.0,5,0,0,False,-0.01135231361534389,-0.010982006909547315,-0.01864532878195399,-0.00026401078353180396,0.018381317998422186,5,0,0,False
2026092803,maest,ambient_balanced,0.25,raw,5,0.12443426067284899,0.39399314676185865,0,0.0,0.0,0.0,0.0,0.0,0,5,0,False,0.0004974550017689955,0.0008677617075655703,-0.006795560164841105,0.011585757833581081,0.018381317998422186,2,0,3,True
2026092803,maest,ambient_balanced,0.25,ridge_platt,5,0.12164294654711165,0.38887952498386885,0,-0.0027913141257373568,-0.005873973049183037,-0.008149081491178628,0.004903103291112057,0.013052184782290685,3,0,2,True,-0.0022938591239683613,-0.0038976336498415393,-0.005718470231077771,0.0034366763424024532,0.009155146573480225,4,0,1,True
2026092803,maest,ambient_balanced,0.25,temperature,5,0.12781460175415799,0.40878409483772427,0,0.003380341081308966,0.002266589502204666,0.0007413749618306736,0.008131471350222644,0.00739009638839197,0,0,5,False,0.0038777960830779614,0.0031995031141953956,-0.002920170528614874,0.012327132795411755,0.015247303324026629,2,0,3,True
2026092803,maest,ambient_balanced,0.5,beta,5,0.12019236127184604,0.39330828507443016,0,-0.004241899401002958,-0.005567755383451847,-0.006262119287976084,0.0017244696694042466,0.00798658895738033,4,0,1,True,-0.0006058775026964141,-0.00030449554912728716,-0.0017070409997297364,0.00031854351968249595,0.0020255845194122324,3,0,2,True
2026092803,maest,ambient_balanced,0.5,isotonic,5,0.1197222895325393,0.7809425972149014,0,-0.004711971140309723,-0.004315203888837438,-0.007963561317767917,-0.002553983707768062,0.005409577609999855,5,0,0,False,-0.0010759492420031797,-0.0001344760076392726,-0.004044962114279682,0.001213909451941525,0.005258871566221207,4,0,1,True
2026092803,maest,ambient_balanced,0.5,platt,5,0.12079823877454246,0.38845007490965955,0,-0.0036360218983065434,-0.0045550782882463475,-0.005589026632767349,0.00149097840651162,0.007080005039278969,4,0,1,True,0.0,0.0,0.0,0.0,0.0,0,5,0,False
2026092803,maest,ambient_balanced,0.5,prior_offset,5,0.11258449205573613,0.3644785427423835,0,-0.011849768617112885,-0.011849768617112885,-0.011849768617112885,-0.011849768617112885,0.0,5,0,0,False,-0.008213746718806342,-0.007294690328866538,-0.013340747023624505,-0.006260741984345536,0.007080005039278969,5,0,0,False
2026092803,maest,ambient_balanced,0.5,raw,5,0.12443426067284899,0.39399314676185865,0,0.0,0.0,0.0,0.0,0.0,0,5,0,False,0.0036360218983065434,0.0045550782882463475,-0.00149097840651162,0.005589026632767349,0.007080005039278969,1,0,4,True
2026092803,maest,ambient_balanced,0.5,ridge_platt,5,0.11463717816481042,0.36994572527382935,0,-0.009797082508038568,-0.011103250600189393,-0.011842872454853173,-0.005726124213372277,0.006116748241480896,5,0,0,False,-0.006161060609732025,-0.0055741372594104305,-0.013333850861364793,-0.0017282545771205998,0.011605596284244193,5,0,0,False
2026092803,maest,ambient_balanced,0.5,temperature,5,0.12724420290080854,0.4048772855219777,0,0.0028099422279595303,0.0023636410055429963,0.001562526741634776,0.005637029390658424,0.004074502649023648,0,0,5,False,0.006445964126266074,0.006293434481500215,0.004146050984146804,0.00827727114948655,0.004131220165339747,0,0,5,False
2026092803,maest,ambient_balanced,1.0,beta,1,0.11612312593725982,0.3774102236820538,0,-0.008311134735589185,-0.008311134735589185,-0.008311134735589185,-0.008311134735589185,0.0,1,0,0,False,-0.0008870043537731881,-0.0008870043537731881,-0.0008870043537731881,-0.0008870043537731881,0.0,1,0,0,False
2026092803,maest,ambient_balanced,1.0,isotonic,1,0.11429910210342561,0.4346634729294947,0,-0.010135158569423389,-0.010135158569423389,-0.010135158569423389,-0.010135158569423389,0.0,1,0,0,False,-0.002711028187607392,-0.002711028187607392,-0.002711028187607392,-0.002711028187607392,0.0,1,0,0,False
2026092803,maest,ambient_balanced,1.0,platt,1,0.11701013029103301,0.3788615954912007,0,-0.0074241303818159965,-0.0074241303818159965,-0.0074241303818159965,-0.0074241303818159965,0.0,1,0,0,False,0.0,0.0,0.0,0.0,0.0,0,1,0,False
2026092803,maest,ambient_balanced,1.0,prior_offset,1,0.11258449205573612,0.3644785427423835,0,-0.011849768617112885,-0.011849768617112885,-0.011849768617112885,-0.011849768617112885,0.0,1,0,0,False,-0.004425638235296889,-0.004425638235296889,-0.004425638235296889,-0.004425638235296889,0.0,1,0,0,False
2026092803,maest,ambient_balanced,1.0,raw,1,0.124434260672849,0.39399314676185865,0,0.0,0.0,0.0,0.0,0.0,0,1,0,False,0.0074241303818159965,0.0074241303818159965,0.0074241303818159965,0.0074241303818159965,0.0,0,0,1,False
2026092803,maest,ambient_balanced,1.0,ridge_platt,1,0.11478009790995938,0.37182587756314095,0,-0.00965416276288962,-0.00965416276288962,-0.00965416276288962,-0.00965416276288962,0.0,1,0,0,False,-0.002230032381073624,-0.002230032381073624,-0.002230032381073624,-0.002230032381073624,0.0,1,0,0,False
2026092803,maest,ambient_balanced,1.0,temperature,1,0.1271875707099542,0.4044583356186951,0,0.0027533100371052027,0.0027533100371052027,0.0027533100371052027,0.0027533100371052027,0.0,0,0,1,False,0.0101774404189212,0.0101774404189212,0.0101774404189212,0.0101774404189212,0.0,0,0,1,False
2026092803,maest,unweighted,0.25,beta,5,0.12391724283538426,0.4161018531863959,0,0.011036513179196503,0.01037788724831988,-0.00024765438688614805,0.02053176496584229,0.020779419352728437,1,0,4,True,-3.161411650835777e-05,-0.0005160875749924132,-0.0022723516326657034,0.003743669561908386,0.006016021194574089,4,0,1,True
2026092803,maest,unweighted,0.25,isotonic,5,0.1274337156119601,1.052016210595087,0,0.014552985955772304,0.015553560995607826,0.008053745448509217,0.019102576823818898,0.011048831375309681,0,0,5,False,0.0034848586600674442,0.002314481419884995,-0.00026505125251238826,0.008068079003148598,0.008333130255660987,1,0,4,True
2026092803,maest,unweighted,0.25,platt,5,0.12394885695189264,0.3990220390114808,0,0.01106812729570486,0.010893974823312294,-1.4333554639381352e-05,0.018102233213572724,0.018116566768212106,1,0,4,True,0.0,0.0,0.0,0.0,0.0,0,5,0,False
2026092803,maest,unweighted,0.25,prior_offset,5,0.11288072965618776,0.36469424392890576,0,0.0,0.0,0.0,0.0,0.0,0,5,0,False,-0.01106812729570486,-0.010893974823312294,-0.018102233213572724,1.4333554639381352e-05,0.018116566768212106,4,0,1,True
2026092803,maest,unweighted,0.25,raw,5,0.11288072965618776,0.36469424392890576,0,0.0,0.0,0.0,0.0,0.0,0,5,0,False,-0.01106812729570486,-0.010893974823312294,-0.018102233213572724,1.4333554639381352e-05,0.018116566768212106,4,0,1,True
2026092803,maest,unweighted,0.25,ridge_platt,5,0.11727126270564922,0.3773717313818657,0,0.0043905330494614595,0.004810615350848604,-3.099477090094671e-05,0.012312830253298004,0.012343825024198951,1,1,3,True,-0.006677594246243401,-0.00608335947246369,-0.01324201879951109,-1.666121626156536e-05,0.013225357583249525,5,0,0,False
2026092803,maest,unweighted,0.25,temperature,5,0.11607498246575285,0.37935686425670295,0,0.0031942528095650876,0.002132143369910633,0.0006788859836055622,0.008812673746964969,0.008133787763359407,0,0,5,False,-0.007873874486139774,-0.007784909018732106,-0.01597008984366209,0.0006932195382449435,0.016663309381907035,4,0,1,True
2026092803,maest,unweighted,0.5,beta,5,0.12025897700306751,0.3918022572446353,0,0.00737824734687974,0.006320840278869505,0.005351796982318399,0.01313320859881291,0.00778141161649451,0,0,5,False,-0.0006458735625175765,-0.0004423369095121893,-0.0017495343815204234,0.00021117675750116638,0.0019607111390215898,3,0,2,True
2026092803,maest,unweighted,0.5,isotonic,5,0.12009294086845874,0.7428284182465936,0,0.007212211212270972,0.0076158284534760395,0.004718931359256759,0.009337891072005278,0.004618959712748519,0,0,5,False,-0.0008119096971263451,0.00012595785259990333,-0.0037081399672554,0.000514497089637217,0.004222637056892617,2,0,3,True
2026092803,maest,unweighted,0.5,platt,5,0.12090485056558509,0.38866458151268396,0,0.008024120909397317,0.007101331363838823,0.006109663521368339,0.013046031039260678,0.006936367517892339,0,0,5,False,0.0,0.0,0.0,0.0,0.0,0,5,0,False
2026092803,maest,unweighted,0.5,prior_offset,5,0.11288072965618776,0.36469424392890576,0,0.0,0.0,0.0,0.0,0.0,0,5,0,False,-0.008024120909397317,-0.007101331363838823,-0.013046031039260678,-0.006109663521368339,0.006936367517892339,5,0,0,False
2026092803,maest,unweighted,0.5,raw,5,0.11288072965618776,0.36469424392890576,0,0.0,0.0,0.0,0.0,0.0,0,5,0,False,-0.008024120909397317,-0.007101331363838823,-0.013046031039260678,-0.006109663521368339,0.006936367517892339,5,0,0,False
2026092803,maest,unweighted,0.5,ridge_platt,5,0.11483859688796538,0.36964585024780805,0,0.0019578672317776187,0.0007398640350019248,-3.065039023063265e-05,0.006349966977680352,0.0063806173679109845,1,1,3,True,-0.006066253677619699,-0.005369799486366414,-0.013046031039260678,-0.0013401210448369533,0.011705909994423724,5,0,0,False
2026092803,maest,unweighted,0.5,temperature,5,0.11575413731487305,0.37664243347655413,0,0.0028734076586852814,0.002995922319501368,-0.0004024721981144008,0.005886010560225127,0.006288482758339528,1,0,4,True,-0.005150713250712036,-0.006120853059143949,-0.007503803561953223,-0.0018551479515604846,0.005648655610392739,5,0,0,False
2026092803,maest,unweighted,1.0,beta,1,0.1160637790616183,0.3769462065424378,0,0.0031830494054305297,0.0031830494054305297,0.0031830494054305297,0.0031830494054305297,0.0,0,0,1,False,-0.00100953097757292,-0.00100953097757292,-0.00100953097757292,-0.00100953097757292,0.0,1,0,0,False
2026092803,maest,unweighted,1.0,isotonic,1,0.11494131159637626,0.43571260077877083,0,0.0020605819401884884,0.0020605819401884884,0.0020605819401884884,0.0020605819401884884,0.0,0,0,1,False,-0.0021319984428149613,-0.0021319984428149613,-0.0021319984428149613,-0.0021319984428149613,0.0,1,0,0,False
2026092803,maest,unweighted,1.0,platt,1,0.11707331003919122,0.37880991971434863,0,0.00419258038300345,0.00419258038300345,0.00419258038300345,0.00419258038300345,0.0,0,0,1,False,0.0,0.0,0.0,0.0,0.0,0,1,0,False
2026092803,maest,unweighted,1.0,prior_offset,1,0.11288072965618777,0.36469424392890576,0,0.0,0.0,0.0,0.0,0.0,0,1,0,False,-0.00419258038300345,-0.00419258038300345,-0.00419258038300345,-0.00419258038300345,0.0,1,0,0,False
2026092803,maest,unweighted,1.0,raw,1,0.11288072965618777,0.36469424392890576,0,0.0,0.0,0.0,0.0,0.0,0,1,0,False,-0.00419258038300345,-0.00419258038300345,-0.00419258038300345,-0.00419258038300345,0.0,1,0,0,False
2026092803,maest,unweighted,1.0,ridge_platt,1,0.11527238945649147,0.3722178145370333,0,0.0023916598003037026,0.0023916598003037026,0.0023916598003037026,0.0023916598003037026,0.0,0,0,1,False,-0.001800920582699747,-0.001800920582699747,-0.001800920582699747,-0.001800920582699747,0.0,1,0,0,False
2026092803,maest,unweighted,1.0,temperature,1,0.11579194142304329,0.37569399937785813,0,0.0029112117668555204,0.0029112117668555204,0.0029112117668555204,0.0029112117668555204,0.0,0,0,1,False,-0.0012813686161479293,-0.0012813686161479293,-0.0012813686161479293,-0.0012813686161479293,0.0,1,0,0,False
2026092803,mert_v0,ambient_balanced,0.25,beta,5,0.13907185109034953,0.44077851788005373,0,-0.007846393194618728,-0.005844014188909952,-0.020002949732454228,0.00011699541796350577,0.020119945150417734,4,0,1,True,-0.0009166868984117671,-0.0012754185742643864,-0.0018976958522035625,0.0005133758482462614,0.002411071700449824,4,0,1,True
2026092803,mert_v0,ambient_balanced,0.25,isotonic,5,0.14297329905200967,1.0017006564130617,0,-0.003944945232958574,-0.0065423823183576035,-0.010947434388519861,0.006025377690200728,0.01697281207872059,3,0,2,True,0.002984761063248387,0.0010656738208687788,-0.0012932886877050909,0.007975769511529257,0.009269058199234348,2,0,3,True
2026092803,mert_v0,ambient_balanced,0.25,platt,5,0.13998853798876126,0.43829452299587146,0,-0.006929706296206961,-0.005249093630652513,-0.01867417437687452,0.0020146912701670683,0.020688865647041588,4,0,1,True,0.0,0.0,0.0,0.0,0.0,0,5,0,False
2026092803,mert_v0,ambient_balanced,0.25,prior_offset,5,0.12944663597339134,0.4091953656181782,0,-0.017471608311576903,-0.017471608311576903,-0.017471608311576903,-0.017471608311576903,0.0,5,0,0,False,-0.010541902015369942,-0.01222251468092439,-0.01948629958174397,0.0012025660652976167,0.020688865647041588,4,0,1,True
2026092803,mert_v0,ambient_balanced,0.25,raw,5,0.14691824428496825,0.45360188421954667,0,0.0,0.0,0.0,0.0,0.0,0,5,0,False,0.006929706296206961,0.005249093630652513,-0.0020146912701670683,0.01867417437687452,0.020688865647041588,1,0,4,True
2026092803,mert_v0,ambient_balanced,0.25,ridge_platt,5,0.1368192331229679,0.4265643055557785,0,-0.010099011162000366,-0.009952698620155659,-0.013429464500710309,-0.005957057867107235,0.007472406633603074,5,0,0,False,-0.0031693048657934044,-0.006946404188771738,-0.008180370870057796,0.006415135564946162,0.014595506435003958,3,0,2,True
2026092803,mert_v0,ambient_balanced,0.25,temperature,5,0.15204636518017103,0.4726243424756441,0,0.005128120895202782,0.005018741061116994,0.0017864841059667125,0.010058272651985223,0.00827178854601851,0,0,5,False,0.012057827191409742,0.013612169492385945,0.003939808816738277,0.020460658482841232,0.016520849666102955,0,0,5,False
2026092803,mert_v0,ambient_balanced,0.5,beta,5,0.13289617766431056,0.421697658101395,0,-0.014022066620657692,-0.014075613989961322,-0.01824871317105925,-0.009988883467420023,0.008259829703639227,5,0,0,False,-0.003121082293983335,-0.0037422491106925693,-0.005211509398446668,-0.001428756279511667,0.0037827531189350005,5,0,0,False
2026092803,mert_v0,ambient_balanced,0.5,isotonic,5,0.13430987359477772,0.7267707955560493,0,-0.012608370690190529,-0.013229143512465263,-0.01614904111265064,-0.007435935307706865,0.008713105804943777,5,0,0,False,-0.0017073863635161724,-0.0012813754433687874,-0.006470631836282215,0.0011241918802014916,0.007594823716483706,3,0,2,True
2026092803,mert_v0,ambient_balanced,0.5,platt,5,0.1360172599582939,0.42540263191464167,0,-0.010900984326674357,-0.009611621646964219,-0.016803664175537608,-0.008560127187908356,0.008243536987629252,5,0,0,False,0.0,0.0,0.0,0.0,0.0,0,5,0,False
2026092803,mert_v0,ambient_balanced,0.5,prior_offset,5,0.12944663597339134,0.4091953656181782,0,-0.017471608311576903,-0.017471608311576903,-0.017471608311576903,-0.017471608311576903,0.0,5,0,0,False,-0.006570623984902546,-0.007859986664612684,-0.008911481123668547,-0.0006679441360392946,0.008243536987629252,5,0,0,False
2026092803,mert_v0,ambient_balanced,0.5,raw,5,0.14691824428496825,0.45360188421954667,0,0.0,0.0,0.0,0.0,0.0,0,5,0,False,0.010900984326674357,0.009611621646964219,0.008560127187908356,0.016803664175537608,0.008243536987629252,0,0,5,False
2026092803,mert_v0,ambient_balanced,0.5,ridge_platt,5,0.13164384063248882,0.412547297524409,0,-0.015274403652479434,-0.015345073673017351,-0.02036759831839055,-0.011606348079873208,0.008761250238517343,5,0,0,False,-0.004373419325805078,-0.004859095152511622,-0.006480969081502697,-0.0009409440484262621,0.0055400250330764345,5,0,0,False
2026092803,mert_v0,ambient_balanced,0.5,temperature,5,0.14901371732998991,0.4605456603492734,0,0.002095473045021656,0.0019827291655540313,0.0010503035067482291,0.0029950212188607217,0.0019447177121124926,0,0,5,False,0.012996457371696014,0.01260664286582494,0.009914408098262883,0.018269705986135976,0.008355297887873092,0,0,5,False
2026092803,mert_v0,ambient_balanced,1.0,beta,1,0.12987455504079387,0.4122411811260282,0,-0.017043689244174376,-0.017043689244174376,-0.017043689244174376,-0.017043689244174376,0.0,1,0,0,False,-0.004674958851332317,-0.004674958851332317,-0.004674958851332317,-0.004674958851332317,0.0,1,0,0,False
2026092803,mert_v0,ambient_balanced,1.0,isotonic,1,0.13325061636626487,0.6784409078807154,0,-0.013667627918703379,-0.013667627918703379,-0.013667627918703379,-0.013667627918703379,0.0,1,0,0,False,-0.00129889752586132,-0.00129889752586132,-0.00129889752586132,-0.00129889752586132,0.0,1,0,0,False
2026092803,mert_v0,ambient_balanced,1.0,platt,1,0.1345495138921262,0.4214186658891364,0,-0.012368730392842059,-0.012368730392842059,-0.012368730392842059,-0.012368730392842059,0.0,1,0,0,False,0.0,0.0,0.0,0.0,0.0,0,1,0,False
2026092803,mert_v0,ambient_balanced,1.0,prior_offset,1,0.12944663597339134,0.4091953656181782,0,-0.017471608311576903,-0.017471608311576903,-0.017471608311576903,-0.017471608311576903,0.0,1,0,0,False,-0.005102877918734844,-0.005102877918734844,-0.005102877918734844,-0.005102877918734844,0.0,1,0,0,False
2026092803,mert_v0,ambient_balanced,1.0,raw,1,0.14691824428496825,0.45360188421954667,0,0.0,0.0,0.0,0.0,0.0,0,1,0,False,0.012368730392842059,0.012368730392842059,0.012368730392842059,0.012368730392842059,0.0,0,0,1,False
2026092803,mert_v0,ambient_balanced,1.0,ridge_platt,1,0.13145578629182536,0.41347414576029895,0,-0.015462457993142886,-0.015462457993142886,-0.015462457993142886,-0.015462457993142886,0.0,1,0,0,False,-0.0030937276003008274,-0.0030937276003008274,-0.0030937276003008274,-0.0030937276003008274,0.0,1,0,0,False
2026092803,mert_v0,ambient_balanced,1.0,temperature,1,0.14907131331682522,0.4617305532276503,0,0.002153069031856969,0.002153069031856969,0.002153069031856969,0.002153069031856969,0.0,0,0,1,False,0.014521799424699028,0.014521799424699028,0.014521799424699028,0.014521799424699028,0.0,0,0,1,False
2026092803,mert_v0,unweighted,0.25,beta,5,0.13925344091331984,0.4430764903483471,0,0.00992289151851598,0.01163995849658106,-0.002102861247872012,0.017979220982227373,0.020082082230099385,1,0,4,True,-2.910751244393772e-05,-0.0006715377628718489,-0.0016639412950326948,0.002812379934885617,0.004476321229918312,3,0,2,True
2026092803,mert_v0,unweighted,0.25,isotonic,5,0.14160061282971728,1.025100541520887,0,0.012270063434913426,0.011284289161413108,0.002852367657248195,0.023115240096211437,0.020262872438963242,0,0,5,False,0.002318064403953507,0.0005954640056934635,-0.0010409321675589334,0.007948399048869681,0.008989331216428614,2,0,3,True
2026092803,mert_v0,unweighted,0.25,platt,5,0.13928254842576376,0.4364014492629414,0,0.009951999030959918,0.011480589170898142,-0.0014313234850001633,0.018379817658381897,0.01981114114338206,1,0,4,True,0.0,0.0,0.0,0.0,0.0,0,5,0,False
2026092803,mert_v0,unweighted,0.25,prior_offset,5,0.12933054939480385,0.40959086313576504,0,0.0,0.0,0.0,0.0,0.0,0,5,0,False,-0.009951999030959918,-0.011480589170898142,-0.018379817658381897,0.0014313234850001633,0.01981114114338206,4,0,1,True
2026092803,mert_v0,unweighted,0.25,raw,5,0.12933054939480385,0.40959086313576504,0,0.0,0.0,0.0,0.0,0.0,0,5,0,False,-0.009951999030959918,-0.011480589170898142,-0.018379817658381897,0.0014313234850001633,0.01981114114338206,4,0,1,True
2026092803,mert_v0,unweighted,0.25,ridge_platt,5,0.12996223648636107,0.40981375396932745,0,0.000631687091557237,0.0002710079766271578,0.0,0.0015908510423401356,0.0015908510423401356,0,2,3,False,-0.009320311939402682,-0.01018401273207925,-0.01678896661604176,0.001702331461627321,0.018491298077669083,4,0,1,True
2026092803,mert_v0,unweighted,0.25,temperature,5,0.1323536065220804,0.41885810653146527,0,0.003023057127276546,0.001648897477507183,0.0011772095770193058,0.007522537534236595,0.006345327957217289,0,0,5,False,-0.006928941903683372,-0.004515173285670776,-0.016980189000705026,0.002608533062019469,0.019588722062724495,4,0,1,True
2026092803,mert_v0,unweighted,0.5,beta,5,0.13329357779746548,0.42287010922424983,0,0.003963028402661639,0.003619573532177789,-0.0005950538571486974,0.009010566310469953,0.00960562016761865,1,0,4,True,-0.0024704812875424474,-0.0030467427970888306,-0.0048468630782247946,8.340456166153198e-05,0.0049302676398863265,4,0,1,True
2026092803,mert_v0,unweighted,0.5,isotonic,5,0.1340174309447159,0.7152556246647841,0,0.004686881549912059,0.004827431582214964,0.0006420497767171129,0.01030728562774022,0.009665235851023107,0,0,5,False,-0.001746628140292028,-0.001502398507572611,-0.0069040002872709505,0.0013801238789317993,0.00828412416620275,3,0,2,True
2026092803,mert_v0,unweighted,0.5,platt,5,0.13576405908500794,0.42483517924507347,0,0.006433509690204087,0.007597602947328974,0.00047854325097665407,0.008927161748808421,0.008448618497831767,0,0,5,False,0.0,0.0,0.0,0.0,0.0,0,5,0,False
2026092803,mert_v0,unweighted,0.5,prior_offset,5,0.12933054939480385,0.40959086313576504,0,0.0,0.0,0.0,0.0,0.0,0,5,0,False,-0.006433509690204087,-0.007597602947328974,-0.008927161748808421,-0.00047854325097665407,0.008448618497831767,5,0,0,False
2026092803,mert_v0,unweighted,0.5,raw,5,0.12933054939480385,0.40959086313576504,0,0.0,0.0,0.0,0.0,0.0,0,5,0,False,-0.006433509690204087,-0.007597602947328974,-0.008927161748808421,-0.00047854325097665407,0.008448618497831767,5,0,0,False
2026092803,mert_v0,unweighted,0.5,ridge_platt,5,0.1300927604271478,0.409156701834444,0,0.0007622110323439512,0.0007554165203314811,-0.002830270138587304,0.003860670576122799,0.006690940714710103,1,1,3,True,-0.005671298657860135,-0.006842186426997493,-0.008466436610402583,-0.002837133317381002,0.005629303293021581,5,0,0,False
2026092803,mert_v0,unweighted,0.5,temperature,5,0.13008553539471207,0.41089758784689084,0,0.0007549859999082253,0.00014384903600683785,-0.0007969289275409908,0.0037426083336834504,0.004539537261224441,1,0,4,True,-0.005678523690295862,-0.007494732821044792,-0.008383307407758389,-0.0003346942149698162,0.008048613192788573,5,0,0,False
2026092803,mert_v0,unweighted,1.0,beta,1,0.1301083287192467,0.4131562519624252,0,0.0007777793244428677,0.0007777793244428677,0.0007777793244428677,0.0007777793244428677,0.0,0,0,1,False,-0.004048791612179858,-0.004048791612179858,-0.004048791612179858,-0.004048791612179858,0.0,1,0,0,False
2026092803,mert_v0,unweighted,1.0,isotonic,1,0.13310862119924335,0.6482519731754908,0,0.003778071804439509,0.003778071804439509,0.003778071804439509,0.003778071804439509,0.0,0,0,1,False,-0.0010484991321832171,-0.0010484991321832171,-0.0010484991321832171,-0.0010484991321832171,0.0,1,0,0,False
2026092803,mert_v0,unweighted,1.0,platt,1,0.13415712033142657,0.42052190658470723,0,0.004826570936622726,0.004826570936622726,0.004826570936622726,0.004826570936622726,0.0,0,0,1,False,0.0,0.0,0.0,0.0,0.0,0,1,0,False
2026092803,mert_v0,unweighted,1.0,prior_offset,1,0.12933054939480385,0.409590863135765,0,0.0,0.0,0.0,0.0,0.0,0,1,0,False,-0.004826570936622726,-0.004826570936622726,-0.004826570936622726,-0.004826570936622726,0.0,1,0,0,False
2026092803,mert_v0,unweighted,1.0,raw,1,0.12933054939480385,0.409590863135765,0,0.0,0.0,0.0,0.0,0.0,0,1,0,False,-0.004826570936622726,-0.004826570936622726,-0.004826570936622726,-0.004826570936622726,0.0,1,0,0,False
2026092803,mert_v0,unweighted,1.0,ridge_platt,1,0.12933054939480385,0.409590863135765,0,0.0,0.0,0.0,0.0,0.0,0,1,0,False,-0.004826570936622726,-0.004826570936622726,-0.004826570936622726,-0.004826570936622726,0.0,1,0,0,False
2026092803,mert_v0,unweighted,1.0,temperature,1,0.12973976462969966,0.40990687495175526,0,0.00040921523489581557,0.00040921523489581557,0.00040921523489581557,0.00040921523489581557,0.0,0,0,1,False,-0.0044173557017269105,-0.0044173557017269105,-0.0044173557017269105,-0.0044173557017269105,0.0,1,0,0,False
2026092803,mert_v1,ambient_balanced,0.25,beta,5,0.13625106054922542,0.4369203547305953,0,-0.01070243119025605,-0.009682302306490143,-0.01999450562776489,-0.0016390173158466748,0.018355488311918217,5,0,0,False,-0.001458797055382599,-0.001471411971679576,-0.0026562926282993615,-0.000404196033779447,0.0022520965945199145,5,0,0,False
2026092803,mert_v1,ambient_balanced,0.25,isotonic,5,0.1408138540389677,1.1765188827788577,0,-0.006139637700513767,-0.005044272081962231,-0.012390071400052327,0.0015995956465873484,0.013989667046639676,4,0,1,True,0.003103996434359685,0.0027013622598539844,0.0005823203341346617,0.006741154783549669,0.006158834449415007,0,0,5,False
2026092803,mert_v1,ambient_balanced,0.25,platt,5,0.13770985760460802,0.43536037128545574,0,-0.009243634134873452,-0.009278106272710696,-0.019131226183601996,0.0010172753124526868,0.020148501496054683,4,0,1,True,0.0,0.0,0.0,0.0,0.0,0,5,0,False
2026092803,mert_v1,ambient_balanced,0.25,prior_offset,5,0.12962511926914322,0.410776100989794,0,-0.01732837247033825,-0.01732837247033825,-0.01732837247033825,-0.01732837247033825,0.0,5,0,0,False,-0.008084738335464798,-0.008050266197627554,-0.018345647782790936,0.0018028537132637468,0.020148501496054683,4,0,1,True
2026092803,mert_v1,ambient_balanced,0.25,raw,5,0.14695349173948147,0.4538749130100957,0,0.0,0.0,0.0,0.0,0.0,0,5,0,False,0.009243634134873452,0.009278106272710696,-0.0010172753124526868,0.019131226183601996,0.020148501496054683,1,0,4,True
2026092803,mert_v1,ambient_balanced,0.25,ridge_platt,5,0.13552236110805188,0.42620642581982143,0,-0.011431130631429582,-0.011040250731600199,-0.015881981656611976,-0.008605612716746702,0.007276368939865274,5,0,0,False,-0.0021874964965561293,-0.003421776478921529,-0.009622888029199389,0.0076151244524921835,0.017238012481691573,4,0,1,True
2026092803,mert_v1,ambient_balanced,0.25,temperature,5,0.1509355846037586,0.4673045381314055,0,0.003982092864277126,0.002580587619429975,0.0015379281882055562,0.006932928217664808,0.0053950000294592515,0,0,5,False,0.013225726999150578,0.010816034460916252,0.005915652905212121,0.02171181380303197,0.01579616089781985,0,0,5,False
2026092803,mert_v1,ambient_balanced,0.5,beta,5,0.13087155699423209,0.4171574031444657,0,-0.016081934745249375,-0.015917411398775727,-0.01888456611333844,-0.01239558406932878,0.006488982044009661,5,0,0,False,-0.0025442052883569545,-0.002037930392278231,-0.005106724680941588,-0.0003867639324081351,0.004719960748533453,5,0,0,False
2026092803,mert_v1,ambient_balanced,0.5,isotonic,5,0.13435533235400943,0.8278148494108775,0,-0.012598159385472036,-0.012190369731884337,-0.01383662672618513,-0.011571446931059104,0.0022651797951260266,5,0,0,False,0.000939570071420387,0.0006386274577976636,-0.001759349961285489,0.004841924239235268,0.006601274200520757,2,0,3,True
2026092803,mert_v1,ambient_balanced,0.5,platt,5,0.13341576228258903,0.4189413351955834,0,-0.013537729456892422,-0.01265961735516824,-0.017032293971119605,-0.012008820136920645,0.00502347383419896,5,0,0,False,0.0,0.0,0.0,0.0,0.0,0,5,0,False
2026092803,mert_v1,ambient_balanced,0.5,prior_offset,5,0.12962511926914322,0.410776100989794,0,-0.01732837247033825,-0.01732837247033825,-0.01732837247033825,-0.01732837247033825,0.0,5,0,0,False,-0.0037906430134458267,-0.004668755115170009,-0.005319552333417604,-0.0002960784992186438,0.00502347383419896,5,0,0,False
2026092803,mert_v1,ambient_balanced,0.5,raw,5,0.14695349173948147,0.4538749130100957,0,0.0,0.0,0.0,0.0,0.0,0,5,0,False,0.013537729456892422,0.01265961735516824,0.012008820136920645,0.017032293971119605,0.00502347383419896,0,0,5,False
2026092803,mert_v1,ambient_balanced,0.5,ridge_platt,5,0.13048983760753433,0.4111305066954037,0,-0.01646365413194715,-0.01642138234473367,-0.019761485088373942,-0.012901926376837125,0.006859558711536817,5,0,0,False,-0.002925924675054725,-0.002729191117254337,-0.005325572941609652,-0.0006918519879803575,0.0046337209536292945,5,0,0,False
2026092803,mert_v1,ambient_balanced,0.5,temperature,5,0.1479681012612321,0.45557291621502893,0,0.0010146095217506256,0.0013247050593106768,-6.30026680022433e-05,0.00158787467236976,0.0016508773403720034,1,0,4,True,0.014552338978643048,0.013797949061226528,0.013333525196231322,0.017759043258447377,0.004425518062216055,0,0,5,False
2026092803,mert_v1,ambient_balanced,1.0,beta,1,0.12852881125413712,0.4101343042483695,0,-0.018424680485344347,-0.018424680485344347,-0.018424680485344347,-0.018424680485344347,0.0,1,0,0,False,-0.003242030437524246,-0.003242030437524246,-0.003242030437524246,-0.003242030437524246,0.0,1,0,0,False
2026092803,mert_v1,ambient_balanced,1.0,isotonic,1,0.13093862647572868,0.64491556462435,0,-0.016014865263752787,-0.016014865263752787,-0.016014865263752787,-0.016014865263752787,0.0,1,0,0,False,-0.0008322152159326857,-0.0008322152159326857,-0.0008322152159326857,-0.0008322152159326857,0.0,1,0,0,False
2026092803,mert_v1,ambient_balanced,1.0,platt,1,0.13177084169166137,0.41547320564232193,0,-0.015182650047820101,-0.015182650047820101,-0.015182650047820101,-0.015182650047820101,0.0,1,0,0,False,0.0,0.0,0.0,0.0,0.0,0,1,0,False
2026092803,mert_v1,ambient_balanced,1.0,prior_offset,1,0.12962511926914322,0.41077610098979406,0,-0.01732837247033825,-0.01732837247033825,-0.01732837247033825,-0.01732837247033825,0.0,1,0,0,False,-0.002145722422518148,-0.002145722422518148,-0.002145722422518148,-0.002145722422518148,0.0,1,0,0,False
2026092803,mert_v1,ambient_balanced,1.0,raw,1,0.14695349173948147,0.4538749130100957,0,0.0,0.0,0.0,0.0,0.0,0,1,0,False,0.015182650047820101,0.015182650047820101,0.015182650047820101,0.015182650047820101,0.0,0,0,1,False
2026092803,mert_v1,ambient_balanced,1.0,ridge_platt,1,0.13076681844467597,0.41320626328679994,0,-0.016186673294805498,-0.016186673294805498,-0.016186673294805498,-0.016186673294805498,0.0,1,0,0,False,-0.0010040232469853971,-0.0010040232469853971,-0.0010040232469853971,-0.0010040232469853971,0.0,1,0,0,False
2026092803,mert_v1,ambient_balanced,1.0,temperature,1,0.14811524564770803,0.45713977009908724,0,0.0011617539082265649,0.0011617539082265649,0.0011617539082265649,0.0011617539082265649,0.0,0,0,1,False,0.016344403956046666,0.016344403956046666,0.016344403956046666,0.016344403956046666,0.0,0,0,1,False
2026092803,mert_v1,unweighted,0.25,beta,5,0.13568735889935224,0.4340260094055002,0,0.00609402838770895,0.006698461768052805,-0.0027882573358041507,0.014300435213434742,0.017088692549238893,1,0,4,True,-0.0015138612071999124,-0.001213728267797587,-0.003032086815118379,-0.0004902139460679633,0.0025418728690504155,5,0,0,False
2026092803,mert_v1,unweighted,0.25,isotonic,5,0.14016844490412902,1.1220644434797382,0,0.010575114392485757,0.011731827356957852,0.00395100169642601,0.01999803779048734,0.01604703609406133,0,0,5,False,0.0029672247975768952,0.0029937742461392802,-0.0008918484274586802,0.006249045086162197,0.007140893513620877,1,0,4,True
2026092803,mert_v1,unweighted,0.25,platt,5,0.13720122010655217,0.4337867439278841,0,0.007607889594908862,0.007912190035850392,-0.0022980433897361874,0.01733252202855312,0.01963056541828931,1,0,4,True,0.0,0.0,0.0,0.0,0.0,0,5,0,False
2026092803,mert_v1,unweighted,0.25,prior_offset,5,0.1295933305116433,0.41135825865520614,0,0.0,0.0,0.0,0.0,0.0,0,5,0,False,-0.007607889594908862,-0.007912190035850392,-0.01733252202855312,0.0022980433897361874,0.01963056541828931,4,0,1,True
2026092803,mert_v1,unweighted,0.25,raw,5,0.1295933305116433,0.41135825865520614,0,0.0,0.0,0.0,0.0,0.0,0,5,0,False,-0.007607889594908862,-0.007912190035850392,-0.01733252202855312,0.0022980433897361874,0.01963056541828931,4,0,1,True
2026092803,mert_v1,unweighted,0.25,ridge_platt,5,0.1302110060413582,0.4129392684860248,0,0.0006176755297149173,0.0006634011560069097,-0.00030523902398388314,0.0013795106736587126,0.0016847496976425957,1,1,3,True,-0.006990214065193945,-0.007912190035850392,-0.015981817185660274,0.0036775540633949,0.019659371249055174,4,0,1,True
2026092803,mert_v1,unweighted,0.25,temperature,5,0.13204834575990348,0.41935439392245605,0,0.002455015248260195,0.0020697059330216927,0.0015030660713757915,0.004727316886810495,0.003224250815434704,0,0,5,False,-0.005152874346648667,-0.006089092569844329,-0.015262816095531428,0.003801109461111979,0.019063925556643407,4,0,1,True
2026092803,mert_v1,unweighted,0.5,beta,5,0.13073632099895677,0.41614470104228063,0,0.0011429904873134556,0.0014944505644518824,-0.0013906428195774867,0.004327184876773804,0.005717827696351291,2,0,3,True,-0.0023414839531303413,-0.0016822492831048974,-0.004609813508322236,-0.0010112739381658575,0.0035985395701563783,5,0,0,False
2026092803,mert_v1,unweighted,0.5,isotonic,5,0.13473283239391648,0.8092351737992601,0,0.0051395018822731845,0.0050898773243976125,0.0033763174103684512,0.007008671461004923,0.0036323540506364715,0,0,5,False,0.0016550274418293876,0.0018707066356528634,-0.0019621414045712104,0.0058294102998090735,0.007791551704380284,1,0,4,True
2026092803,mert_v1,unweighted,0.5,platt,5,0.1330778049520871,0.41801508270917703,0,0.0034844744404437964,0.004176347099926869,8.595752055445827e-05,0.005338458814939662,0.005252501294385203,0,0,5,False,0.0,0.0,0.0,0.0,0.0,0,5,0,False
2026092803,mert_v1,unweighted,0.5,prior_offset,5,0.1295933305116433,0.41135825865520614,0,0.0,0.0,0.0,0.0,0.0,0,5,0,False,-0.0034844744404437964,-0.004176347099926869,-0.005338458814939662,-8.595752055445827e-05,0.005252501294385203,5,0,0,False
2026092803,mert_v1,unweighted,0.5,raw,5,0.1295933305116433,0.41135825865520614,0,0.0,0.0,0.0,0.0,0.0,0,5,0,False,-0.0034844744404437964,-0.004176347099926869,-0.005338458814939662,-8.595752055445827e-05,0.005252501294385203,5,0,0,False
2026092803,mert_v1,unweighted,0.5,ridge_platt,5,0.12951690277743105,0.4091896953158799,0,-7.642773421225879e-05,-0.0003979850965195042,-0.0022920177812360554,0.0026841512459280514,0.004976169027164107,3,0,2,True,-0.0035609021746560556,-0.0036171557852642533,-0.006170850519600896,-0.0019182868321251934,0.004252563687475702,5,0,0,False
2026092803,mert_v1,unweighted,0.5,temperature,5,0.129521239036209,0.40956236906412363,0,-7.209147543429939e-05,-0.0003514051549963204,-0.0010363519828444634,0.002296787804061312,0.0033331397869057755,4,0,1,True,-0.003556565915878096,-0.0042555226715892125,-0.005624458998822357,-0.0004373626755507787,0.005187096323271578,5,0,0,False
2026092803,mert_v1,unweighted,1.0,beta,1,0.12819235057022282,0.40949106586195094,0,-0.001400979941420466,-0.001400979941420466,-0.001400979941420466,-0.001400979941420466,0.0,1,0,0,False,-0.0032570178248927384,-0.0032570178248927384,-0.0032570178248927384,-0.0032570178248927384,0.0,1,0,0,False
2026092803,mert_v1,unweighted,1.0,isotonic,1,0.1317104325645504,0.6475256505628073,0,0.002117102052907105,0.002117102052907105,0.002117102052907105,0.002117102052907105,0.0,0,0,1,False,0.00026106416943483257,0.00026106416943483257,0.00026106416943483257,0.00026106416943483257,0.0,0,0,1,False
2026092803,mert_v1,unweighted,1.0,platt,1,0.13144936839511556,0.4148236076929195,0,0.0018560378834722724,0.0018560378834722724,0.0018560378834722724,0.0018560378834722724,0.0,0,0,1,False,0.0,0.0,0.0,0.0,0.0,0,1,0,False
2026092803,mert_v1,unweighted,1.0,prior_offset,1,0.1295933305116433,0.4113582586552061,0,0.0,0.0,0.0,0.0,0.0,0,1,0,False,-0.0018560378834722724,-0.0018560378834722724,-0.0018560378834722724,-0.0018560378834722724,0.0,1,0,0,False
2026092803,mert_v1,unweighted,1.0,raw,1,0.1295933305116433,0.4113582586552061,0,0.0,0.0,0.0,0.0,0.0,0,1,0,False,-0.0018560378834722724,-0.0018560378834722724,-0.0018560378834722724,-0.0018560378834722724,0.0,1,0,0,False
2026092803,mert_v1,unweighted,1.0,ridge_platt,1,0.1295933305116433,0.4113582586552061,0,0.0,0.0,0.0,0.0,0.0,0,1,0,False,-0.0018560378834722724,-0.0018560378834722724,-0.0018560378834722724,-0.0018560378834722724,0.0,1,0,0,False
2026092803,mert_v1,unweighted,1.0,temperature,1,0.12949766690671996,0.41003634523500176,0,-9.566360492332948e-05,-9.566360492332948e-05,-9.566360492332948e-05,-9.566360492332948e-05,0.0,1,0,0,False,-0.0019517014883956019,-0.0019517014883956019,-0.0019517014883956019,-0.0019517014883956019,0.0,1,0,0,False
2026092804,maest,ambient_balanced,0.25,beta,5,0.12467509546063675,0.40718289400326446,0,-0.005149471761638005,-0.005977844381182595,-0.008193589241911048,-0.0010429265560945034,0.0071506626858165445,5,0,0,False,0.00029827963858365946,2.1673950965805933e-05,-0.0009168154519862137,0.002021050333629801,0.0029378657856160145,2,0,3,True
2026092804,maest,ambient_balanced,0.25,isotonic,5,0.1308499348739389,0.8886500576162188,0,0.0010253676516641442,0.0011623536666752199,-0.0025934628040058527,0.0057114933142049795,0.008304956118210832,2,0,3,True,0.006473119051885809,0.006226744026229428,0.0037101390381228116,0.010492386355318906,0.006782247317196094,0,0,5,False
2026092804,maest,ambient_balanced,0.25,platt,5,0.1243768158220531,0.40211565297300816,0,-0.005447751400221665,-0.005999518332148401,-0.009089448139197875,-0.0007817983280791752,0.0083076498111187,5,0,0,False,0.0,0.0,0.0,0.0,0.0,0,5,0,False
2026092804,maest,ambient_balanced,0.25,prior_offset,5,0.11722908374430614,0.377840707279851,0,-0.012595483477968628,-0.012595483477968628,-0.012595483477968628,-0.012595483477968628,0.0,5,0,0,False,-0.007147732077746963,-0.006595965145820226,-0.011813685149889452,-0.003506035338770752,0.0083076498111187,5,0,0,False
2026092804,maest,ambient_balanced,0.25,raw,5,0.12982456722227476,0.40879907450379277,0,0.0,0.0,0.0,0.0,0.0,0,5,0,False,0.005447751400221665,0.005999518332148401,0.0007817983280791752,0.009089448139197875,0.0083076498111187,0,0,5,False
2026092804,maest,ambient_balanced,0.25,ridge_platt,5,0.11847568387969185,0.3814903371241767,0,-0.011348883342582893,-0.01260298450920716,-0.012822575153179389,-0.008412184650287896,0.0044103905028914925,5,0,0,False,-0.005901131942361229,-0.006603466177058759,-0.012040776825100213,0.0006772634889099793,0.012718040314010193,4,0,1,True
2026092804,maest,ambient_balanced,0.25,temperature,5,0.13363402140558267,0.4245165017828757,0,0.00380945418330792,0.002205296697286807,0.0007849264841190418,0.011081346618298488,0.010296420134179446,0,0,5,False,0.009257205583529585,0.009874374623316917,0.004573961448795821,0.011863144946377663,0.0072891834975818415,0,0,5,False
2026092804,maest,ambient_balanced,0.5,beta,5,0.12107342818764863,0.3914734165827428,0,-0.00875113903462613,-0.008653923966633878,-0.011395040183536959,-0.006313098238575177,0.005081941944961782,5,0,0,False,-0.00034956220390681416,-0.00018098004639600929,-0.0013528065314930282,0.0005450453101635694,0.0018978518416565976,3,0,2,True
2026092804,maest,ambient_balanced,0.5,isotonic,5,0.12865985519325746,0.7546217587293069,0,-0.0011647120290172951,-0.0014901758694842449,-0.003942856909993825,0.0021031151013128913,0.006045972011306716,3,0,2,True,0.00723686480170202,0.006977558927602934,0.004530087010244044,0.01009575511415059,0.005565668103906546,0,0,5,False
2026092804,maest,ambient_balanced,0.5,platt,5,0.12142299039155544,0.3899271214788661,0,-0.008401576830719315,-0.008472943920237869,-0.01004223365204393,-0.006497562142839752,0.003544671509204178,5,0,0,False,0.0,0.0,0.0,0.0,0.0,0,5,0,False
2026092804,maest,ambient_balanced,0.5,prior_offset,5,0.11722908374430614,0.377840707279851,0,-0.012595483477968628,-0.012595483477968628,-0.012595483477968628,-0.012595483477968628,0.0,5,0,0,False,-0.004193906647249312,-0.004122539557730759,-0.006097921335128875,-0.002553249825924697,0.003544671509204178,5,0,0,False
2026092804,maest,ambient_balanced,0.5,raw,5,0.12982456722227476,0.40879907450379277,0,0.0,0.0,0.0,0.0,0.0,0,5,0,False,0.008401576830719315,0.008472943920237869,0.006497562142839752,0.01004223365204393,0.003544671509204178,0,0,5,False
2026092804,maest,ambient_balanced,0.5,ridge_platt,5,0.11953456900497458,0.38415830838590626,0,-0.010289998217300155,-0.010835476470675467,-0.012952301604498506,-0.006747339441861747,0.00620496216263676,5,0,0,False,-0.0018884213865808408,-0.002842836457837769,-0.0044793576842606375,0.0032948942101821838,0.007774251894442821,4,0,1,True
2026092804,maest,ambient_balanced,0.5,temperature,5,0.1324082425076833,0.41903879495038054,0,0.002583675285408532,0.003008036740389408,0.0005331612406252462,0.004609852234957246,0.0040766909943319996,0,0,5,False,0.010985252116127848,0.010333375728076688,0.009006105160863115,0.014652085887001176,0.005645980726138061,0,0,5,False
2026092804,maest,ambient_balanced,1.0,beta,1,0.11931633414024197,0.3847001543713966,0,-0.010508233082032789,-0.010508233082032789,-0.010508233082032789,-0.010508233082032789,0.0,1,0,0,False,-0.0009683779188867231,-0.0009683779188867231,-0.0009683779188867231,-0.0009683779188867231,0.0,1,0,0,False
2026092804,maest,ambient_balanced,1.0,isotonic,1,0.12429477255705539,0.5854083348487418,0,-0.00552979466521937,-0.00552979466521937,-0.00552979466521937,-0.00552979466521937,0.0,1,0,0,False,0.004010060497926696,0.004010060497926696,0.004010060497926696,0.004010060497926696,0.0,0,0,1,False
2026092804,maest,ambient_balanced,1.0,platt,1,0.12028471205912869,0.38621992382052844,0,-0.009539855163146066,-0.009539855163146066,-0.009539855163146066,-0.009539855163146066,0.0,1,0,0,False,0.0,0.0,0.0,0.0,0.0,0,1,0,False
2026092804,maest,ambient_balanced,1.0,prior_offset,1,0.11722908374430613,0.377840707279851,0,-0.012595483477968628,-0.012595483477968628,-0.012595483477968628,-0.012595483477968628,0.0,1,0,0,False,-0.0030556283148225616,-0.0030556283148225616,-0.0030556283148225616,-0.0030556283148225616,0.0,1,0,0,False
2026092804,maest,ambient_balanced,1.0,raw,1,0.12982456722227476,0.4087990745037928,0,0.0,0.0,0.0,0.0,0.0,0,1,0,False,0.009539855163146066,0.009539855163146066,0.009539855163146066,0.009539855163146066,0.0,0,0,1,False
2026092804,maest,ambient_balanced,1.0,ridge_platt,1,0.11806923100863605,0.37942340294037247,0,-0.011755336213638709,-0.011755336213638709,-0.011755336213638709,-0.011755336213638709,0.0,1,0,0,False,-0.002215481050492643,-0.002215481050492643,-0.002215481050492643,-0.002215481050492643,0.0,1,0,0,False
2026092804,maest,ambient_balanced,1.0,temperature,1,0.13191225574513227,0.4163469943555751,0,0.0020876885228575115,0.0020876885228575115,0.0020876885228575115,0.0020876885228575115,0.0,0,0,1,False,0.011627543686003577,0.011627543686003577,0.011627543686003577,0.011627543686003577,0.0,0,0,1,False
2026092804,maest,unweighted,0.25,beta,5,0.12495918397037382,0.4068992294507211,0,0.007805929194527087,0.007045664016555639,0.004993563239341553,0.011244683804022132,0.006251120564680579,0,0,5,False,0.0005005762917474121,0.00031295872521698576,-0.0008882989832248722,0.00236881259462271,0.0032571115778475823,2,0,3,True
2026092804,maest,unweighted,0.25,isotonic,5,0.12873609822695867,0.8633275344491278,0,0.011582843451111912,0.010255096947380055,0.008761067080098828,0.01719542327984752,0.008434356199748694,0,0,5,False,0.004277490548332238,0.004768501824275476,-0.00014311903863178932,0.008177237807375587,0.008320356846007376,1,0,4,True
2026092804,maest,unweighted,0.25,platt,5,0.1244586076786264,0.40213751284001303,0,0.007305352902779674,0.006732705291338653,0.0036617573955367577,0.012132982787247004,0.008471225391710246,0,0,5,False,0.0,0.0,0.0,0.0,0.0,0,5,0,False
2026092804,maest,unweighted,0.25,prior_offset,5,0.11715325477584673,0.37712758806695235,0,0.0,0.0,0.0,0.0,0.0,0,5,0,False,-0.007305352902779674,-0.006732705291338653,-0.012132982787247004,-0.0036617573955367577,0.008471225391710246,5,0,0,False
2026092804,maest,unweighted,0.25,raw,5,0.11715325477584673,0.37712758806695235,0,0.0,0.0,0.0,0.0,0.0,0,5,0,False,-0.007305352902779674,-0.006732705291338653,-0.012132982787247004,-0.0036617573955367577,0.008471225391710246,5,0,0,False
2026092804,maest,unweighted,0.25,ridge_platt,5,0.11743125957030909,0.37843514470861084,0,0.0002780047944623665,0.0,-0.0002483012665984996,0.0014724679339068458,0.0017207692005053454,1,2,2,True,-0.0070273481083173075,-0.006566847986335167,-0.012132982787247004,-0.0036617573955367577,0.008471225391710246,5,0,0,False
2026092804,maest,unweighted,0.25,temperature,5,0.12092546825794522,0.39351439300134794,0,0.0037722134820984826,0.0027407751189614943,0.0006838199617382884,0.010140217673648672,0.009456397711910383,0,0,5,False,-0.0035331394206811915,-0.0029779374337984693,-0.008406390362003899,-0.0012517901368618578,0.007154600225142041,5,0,0,False
2026092804,maest,unweighted,0.5,beta,5,0.12130138383118909,0.391273554056052,0,0.004148129055342345,0.00421549043906215,0.0017512277212676786,0.006239696971453879,0.0044884692501862,0,0,5,False,-0.0001228400644762262,-1.4522233541661156e-05,-0.0007679441347072102,0.0008776304099677584,0.0016455745446749687,3,0,2,True
2026092804,maest,unweighted,0.5,isotonic,5,0.12719834870515953,0.7187635678441373,0,0.010045093929312804,0.008578914901077428,0.008027454109927223,0.013717956334180575,0.005690502224253352,0,0,5,False,0.005774124809494232,0.005485656042833437,0.00433749074733332,0.00898337582710701,0.00464588507977369,0,0,5,False
2026092804,maest,unweighted,0.5,platt,5,0.12142422389566529,0.38980001418342675,0,0.004270969119818571,0.004230012672603811,0.0025154112146482943,0.006184877842173281,0.0036694666275249865,0,0,5,False,0.0,0.0,0.0,0.0,0.0,0,5,0,False
2026092804,maest,unweighted,0.5,prior_offset,5,0.11715325477584673,0.37712758806695235,0,0.0,0.0,0.0,0.0,0.0,0,5,0,False,-0.004270969119818571,-0.004230012672603811,-0.006184877842173281,-0.0025154112146482943,0.0036694666275249865,5,0,0,False
2026092804,maest,unweighted,0.5,raw,5,0.11715325477584673,0.37712758806695235,0,0.0,0.0,0.0,0.0,0.0,0,5,0,False,-0.004270969119818571,-0.004230012672603811,-0.006184877842173281,-0.0025154112146482943,0.0036694666275249865,5,0,0,False
2026092804,maest,unweighted,0.5,ridge_platt,5,0.11823444902808533,0.38081201943504134,0,0.001081194252238607,0.0002828611802461467,-6.399695228288815e-05,0.0033156482875858484,0.0033796452398687366,1,1,3,True,-0.0031897748675799643,-0.0028692295545874325,-0.004294009624886699,-0.0025154112146482943,0.001778598410238405,5,0,0,False
2026092804,maest,unweighted,0.5,temperature,5,0.11920606684836563,0.384701592237831,0,0.002052812072518892,0.0014705794457712945,0.0006752149582420347,0.00424151939516329,0.0035663044369212554,0,0,5,False,-0.002218157047299679,-0.0019433584470099907,-0.003375174446092019,-0.0010448317688769998,0.0023303426772150193,5,0,0,False
2026092804,maest,unweighted,1.0,beta,1,0.11952689719826366,0.38464453648723423,0,0.00237364242241693,0.00237364242241693,0.00237364242241693,0.00237364242241693,0.0,0,0,1,False,-0.0008088735258956065,-0.0008088735258956065,-0.0008088735258956065,-0.0008088735258956065,0.0,1,0,0,False
2026092804,maest,unweighted,1.0,isotonic,1,0.12368360013438277,0.5845257692560606,0,0.006530345358536041,0.006530345358536041,0.006530345358536041,0.006530345358536041,0.0,0,0,1,False,0.0033478294102235046,0.0033478294102235046,0.0033478294102235046,0.0033478294102235046,0.0,0,0,1,False
2026092804,maest,unweighted,1.0,platt,1,0.12033577072415927,0.38616928346860663,0,0.0031825159483125365,0.0031825159483125365,0.0031825159483125365,0.0031825159483125365,0.0,0,0,1,False,0.0,0.0,0.0,0.0,0.0,0,1,0,False
2026092804,maest,unweighted,1.0,prior_offset,1,0.11715325477584673,0.37712758806695235,0,0.0,0.0,0.0,0.0,0.0,0,1,0,False,-0.0031825159483125365,-0.0031825159483125365,-0.0031825159483125365,-0.0031825159483125365,0.0,1,0,0,False
2026092804,maest,unweighted,1.0,raw,1,0.11715325477584673,0.37712758806695235,0,0.0,0.0,0.0,0.0,0.0,0,1,0,False,-0.0031825159483125365,-0.0031825159483125365,-0.0031825159483125365,-0.0031825159483125365,0.0,1,0,0,False
2026092804,maest,unweighted,1.0,ridge_platt,1,0.11788786624749027,0.3788555459349985,0,0.0007346114716435398,0.0007346114716435398,0.0007346114716435398,0.0007346114716435398,0.0,0,0,1,False,-0.0024479044766689967,-0.0024479044766689967,-0.0024479044766689967,-0.0024479044766689967,0.0,1,0,0,False
2026092804,maest,unweighted,1.0,temperature,1,0.11863130691294596,0.38246100486660356,0,0.0014780521370992283,0.0014780521370992283,0.0014780521370992283,0.0014780521370992283,0.0,0,0,1,False,-0.0017044638112133081,-0.0017044638112133081,-0.0017044638112133081,-0.0017044638112133081,0.0,1,0,0,False
2026092804,mert_v0,ambient_balanced,0.25,beta,5,0.13992571329433337,0.44944076912801795,0,-0.010631880059608278,-0.010362114598055,-0.015723379525944076,-0.007317884996462076,0.008405494529482,5,0,0,False,-0.0002750923366946989,3.469616643295148e-05,-0.0011565832341912385,0.0005130763669052574,0.001669659601096496,2,0,3,True
2026092804,mert_v0,ambient_balanced,0.25,isotonic,5,0.1468722795602352,1.1307714499158596,0,-0.0036853137937064295,-0.004594301225519792,-0.00902535561090792,0.0004597736404654551,0.009485129251373375,3,0,2,True,0.00667147392920715,0.006732720081469107,0.005264004651990145,0.0076724007945946915,0.0024083961426045464,0,0,5,False
2026092804,mert_v0,ambient_balanced,0.25,platt,5,0.14020080563102805,0.44856326025784876,0,-0.010356787722913579,-0.010875190964960257,-0.015758075692377027,-0.006161301762270838,0.00959677393010619,5,0,0,False,0.0,0.0,0.0,0.0,0.0,0,5,0,False
2026092804,mert_v0,ambient_balanced,0.25,prior_offset,5,0.13566816038920854,0.429695780745022,0,-0.014889432964733107,-0.014889432964733107,-0.014889432964733107,-0.014889432964733107,0.0,5,0,0,False,-0.004532645241819527,-0.00401424199977285,-0.00872813120246227,0.0008686427276439201,0.00959677393010619,4,0,1,True
2026092804,mert_v0,ambient_balanced,0.25,raw,5,0.15055759335394164,0.4656444208204277,0,0.0,0.0,0.0,0.0,0.0,0,5,0,False,0.010356787722913579,0.010875190964960257,0.006161301762270838,0.015758075692377027,0.00959677393010619,0,0,5,False
2026092804,mert_v0,ambient_balanced,0.25,ridge_platt,5,0.13875074880369404,0.4384730546177762,0,-0.011806844550247598,-0.011982782834590144,-0.014810588650382706,-0.008391276752651389,0.006419311897731317,5,0,0,False,-0.0014500568273340176,-0.0015659669954256883,-0.007482688396188236,0.005135938114954275,0.012618626511142511,3,0,2,True
2026092804,mert_v0,ambient_balanced,0.25,temperature,5,0.15327256189642563,0.47529496199629395,0,0.002714968542484003,0.0010774797786992918,-0.0003938599834861778,0.008959294761760855,0.009353154745247033,1,0,4,True,0.013071756265397583,0.012738949719464598,0.009202851987724275,0.016648453622369636,0.00744560163464536,0,0,5,False
2026092804,mert_v0,ambient_balanced,0.5,beta,5,0.1367028655542561,0.4339101252406543,0,-0.013854727799685551,-0.014153296047193537,-0.015962703361250274,-0.010342632912463928,0.005620070448786346,5,0,0,False,0.000384515349921144,0.00043071824024382144,-0.0001833687748751811,0.0007680264428202854,0.0009513952176954665,1,0,4,True
2026092804,mert_v0,ambient_balanced,0.5,isotonic,5,0.14147039491974944,0.779552456100465,0,-0.009087198434192206,-0.008045745925371744,-0.011880586983510799,-0.006650295251158317,0.005230291732352482,5,0,0,False,0.005152044715414489,0.00512410637037411,0.0020361412243093957,0.008215430531316431,0.006179289307007035,0,0,5,False
2026092804,mert_v0,ambient_balanced,0.5,platt,5,0.13631835020433497,0.4321700004716642,0,-0.014239243149606695,-0.013969927272318355,-0.016393421601494096,-0.011110659355284214,0.005282762246209882,5,0,0,False,0.0,0.0,0.0,0.0,0.0,0,5,0,False
2026092804,mert_v0,ambient_balanced,0.5,prior_offset,5,0.13566816038920854,0.429695780745022,0,-0.014889432964733107,-0.014889432964733107,-0.014889432964733107,-0.014889432964733107,0.0,5,0,0,False,-0.0006501898151264118,-0.0009195056924147516,-0.0037787736094488933,0.001503988636760989,0.005282762246209882,3,0,2,True
2026092804,mert_v0,ambient_balanced,0.5,raw,5,0.15055759335394164,0.4656444208204277,0,0.0,0.0,0.0,0.0,0.0,0,5,0,False,0.014239243149606695,0.013969927272318355,0.011110659355284214,0.016393421601494096,0.005282762246209882,0,0,5,False
2026092804,mert_v0,ambient_balanced,0.5,ridge_platt,5,0.1363006394489497,0.4312931369176301,0,-0.014256953904991954,-0.014634107906464716,-0.015396167203708677,-0.012399901417948611,0.002996265785760066,5,0,0,False,-1.771075538525846e-05,8.612141546451846e-05,-0.0012892420626643974,0.0017593136950293797,0.003048555757693777,2,0,3,True
2026092804,mert_v0,ambient_balanced,0.5,temperature,5,0.15189933250761006,0.47005022852696055,0,0.0013417391536684475,0.0011425727999307966,-0.0006219820406288823,0.0035350585827600978,0.00415704062338898,1,0,4,True,0.015580982303275143,0.01556868154191679,0.014645717938044311,0.016948052111047412,0.002302334173003101,0,0,5,False
2026092804,mert_v0,ambient_balanced,1.0,beta,1,0.13534970286353493,0.4298417960876908,0,-0.015207890490406717,-0.015207890490406717,-0.015207890490406717,-0.015207890490406717,0.0,1,0,0,False,-0.00042550888401685083,-0.00042550888401685083,-0.00042550888401685083,-0.00042550888401685083,0.0,1,0,0,False
2026092804,mert_v0,ambient_balanced,1.0,isotonic,1,0.14005184170451085,0.7024771351403135,0,-0.010505751649430795,-0.010505751649430795,-0.010505751649430795,-0.010505751649430795,0.0,1,0,0,False,0.0042766299569590716,0.0042766299569590716,0.0042766299569590716,0.0042766299569590716,0.0,0,0,1,False
2026092804,mert_v0,ambient_balanced,1.0,platt,1,0.13577521174755178,0.4295424445548178,0,-0.014782381606389866,-0.014782381606389866,-0.014782381606389866,-0.014782381606389866,0.0,1,0,0,False,0.0,0.0,0.0,0.0,0.0,0,1,0,False
2026092804,mert_v0,ambient_balanced,1.0,prior_offset,1,0.13566816038920854,0.429695780745022,0,-0.014889432964733107,-0.014889432964733107,-0.014889432964733107,-0.014889432964733107,0.0,1,0,0,False,-0.00010705135834324087,-0.00010705135834324087,-0.00010705135834324087,-0.00010705135834324087,0.0,1,0,0,False
2026092804,mert_v0,ambient_balanced,1.0,raw,1,0.15055759335394164,0.4656444208204277,0,0.0,0.0,0.0,0.0,0.0,0,1,0,False,0.014782381606389866,0.014782381606389866,0.014782381606389866,0.014782381606389866,0.0,0,0,1,False
2026092804,mert_v0,ambient_balanced,1.0,ridge_platt,1,0.13599444677479194,0.42961036614876535,0,-0.0145631465791497,-0.0145631465791497,-0.0145631465791497,-0.0145631465791497,0.0,1,0,0,False,0.00021923502724016664,0.00021923502724016664,0.00021923502724016664,0.00021923502724016664,0.0,0,0,1,False
2026092804,mert_v0,ambient_balanced,1.0,temperature,1,0.15139870104878417,0.46906589078543903,0,0.0008411076948425245,0.0008411076948425245,0.0008411076948425245,0.0008411076948425245,0.0,0,0,1,False,0.01562348930123239,0.01562348930123239,0.01562348930123239,0.01562348930123239,0.0,0,0,1,False
2026092804,mert_v0,unweighted,0.25,beta,5,0.1407769796976322,0.45267056241649833,0,0.005146058614468596,0.005114672541237458,0.00044669016184353816,0.008833675153883391,0.008386984992039853,0,0,5,False,0.00017806355526864826,0.000552915494399342,-0.0012599289753549014,0.0007859887103472962,0.0020459176857021977,1,0,4,True
2026092804,mert_v0,unweighted,0.25,isotonic,5,0.14765014551798764,1.1794697986140898,0,0.012019224434824033,0.010735816594924813,0.009030338521769904,0.015450757906961127,0.006420419385191223,0,0,5,False,0.007051229375624085,0.006584085442822796,0.005267886631258045,0.009369637070273662,0.004101750439015617,0,0,5,False
2026092804,mert_v0,unweighted,0.25,platt,5,0.14059891614236356,0.45044621435413096,0,0.004967995059199948,0.004387947532574099,-0.00033929854850375807,0.008749057615595246,0.009088356164099004,1,0,4,True,0.0,0.0,0.0,0.0,0.0,0,5,0,False
2026092804,mert_v0,unweighted,0.25,prior_offset,5,0.1356309210831636,0.4297915281227217,0,0.0,0.0,0.0,0.0,0.0,0,5,0,False,-0.004967995059199948,-0.004387947532574099,-0.008749057615595246,0.00033929854850375807,0.009088356164099004,4,0,1,True
2026092804,mert_v0,unweighted,0.25,raw,5,0.1356309210831636,0.4297915281227217,0,0.0,0.0,0.0,0.0,0.0,0,5,0,False,-0.004967995059199948,-0.004387947532574099,-0.008749057615595246,0.00033929854850375807,0.009088356164099004,4,0,1,True
2026092804,mert_v0,unweighted,0.25,ridge_platt,5,0.13689435371272712,0.4341769039199385,0,0.001263432629563549,0.0,-0.0006472101266389307,0.00676209367309713,0.007409303799736061,1,2,2,True,-0.0037045624296363987,-0.00503515765921303,-0.0085467780142357,0.0024839142123088964,0.011030692226544597,3,0,2,True
2026092804,mert_v0,unweighted,0.25,temperature,5,0.13898485128361987,0.44285442256370705,0,0.003353930200456279,0.001083334497961247,0.0008847361727799818,0.008860064178990684,0.007975328006210702,0,0,5,False,-0.001614064858743669,-0.003304613034612852,-0.003704348818306391,0.00122403472128374,0.004928383539590131,3,0,2,True
2026092804,mert_v0,unweighted,0.5,beta,5,0.1372084807403252,0.4356837204825633,0,0.0015775596571616034,0.0010920450988362307,-0.0006149293871067774,0.005971008529969485,0.006585937917076262,2,0,3,True,0.000606496478336771,0.0004986444547108448,-0.00013072152962703698,0.0017188424684083103,0.0018495639980353473,1,0,4,True
2026092804,mert_v0,unweighted,0.5,isotonic,5,0.14344977126952776,0.8974958482143457,0,0.007818850186364157,0.008392455019697292,0.004307575888143372,0.01045410507335981,0.006146529185216437,0,0,5,False,0.006847787007539324,0.005718322664705455,0.004821705864062137,0.01110806838773401,0.006286362523671873,0,0,5,False
2026092804,mert_v0,unweighted,0.5,platt,5,0.1366019842619884,0.4331980697024898,0,0.0009710631788248325,0.0011479203602915433,-0.0011135738418176222,0.0042521660615611745,0.005365739903378797,2,0,3,True,0.0,0.0,0.0,0.0,0.0,0,5,0,False
2026092804,mert_v0,unweighted,0.5,prior_offset,5,0.1356309210831636,0.4297915281227217,0,0.0,0.0,0.0,0.0,0.0,0,5,0,False,-0.0009710631788248325,-0.0011479203602915433,-0.0042521660615611745,0.0011135738418176222,0.005365739903378797,3,0,2,True
2026092804,mert_v0,unweighted,0.5,raw,5,0.1356309210831636,0.4297915281227217,0,0.0,0.0,0.0,0.0,0.0,0,5,0,False,-0.0009710631788248325,-0.0011479203602915433,-0.0042521660615611745,0.0011135738418176222,0.005365739903378797,3,0,2,True
2026092804,mert_v0,unweighted,0.5,ridge_platt,5,0.13630698303781097,0.43190658387213177,0,0.0006760619546473723,-6.320002178270001e-05,-0.00034136396027290017,0.0021522477965124076,0.0024936117567853078,3,0,2,True,-0.0002950012241774602,0.0004055801212705934,-0.002371156909677513,0.0010503738200349222,0.0034215307297124353,2,0,3,True
2026092804,mert_v0,unweighted,0.5,temperature,5,0.13689227483088573,0.43364310040143883,0,0.0012613537477221327,0.0008428536222297167,-0.0006264516644635121,0.0031619849272867817,0.003788436591750294,1,0,4,True,0.0002902905688973001,0.0004871221773541101,-0.0010901811342743928,0.0014604067969018475,0.0025505879311762403,2,0,3,True
2026092804,mert_v0,unweighted,1.0,beta,1,0.13591637116930913,0.4312425433865752,0,0.0002854500861455278,0.0002854500861455278,0.0002854500861455278,0.0002854500861455278,0.0,0,0,1,False,-7.439322767011092e-05,-7.439322767011092e-05,-7.439322767011092e-05,-7.439322767011092e-05,0.0,1,0,0,False
2026092804,mert_v0,unweighted,1.0,isotonic,1,0.14075525174666118,0.642220398176359,0,0.005124330663497573,0.005124330663497573,0.005124330663497573,0.005124330663497573,0.0,0,0,1,False,0.004764487349681934,0.004764487349681934,0.004764487349681934,0.004764487349681934,0.0,0,0,1,False
2026092804,mert_v0,unweighted,1.0,platt,1,0.13599076439697924,0.4303000278684788,0,0.0003598433138156387,0.0003598433138156387,0.0003598433138156387,0.0003598433138156387,0.0,0,0,1,False,0.0,0.0,0.0,0.0,0.0,0,1,0,False
2026092804,mert_v0,unweighted,1.0,prior_offset,1,0.1356309210831636,0.4297915281227217,0,0.0,0.0,0.0,0.0,0.0,0,1,0,False,-0.0003598433138156387,-0.0003598433138156387,-0.0003598433138156387,-0.0003598433138156387,0.0,1,0,0,False
2026092804,mert_v0,unweighted,1.0,raw,1,0.1356309210831636,0.4297915281227217,0,0.0,0.0,0.0,0.0,0.0,0,1,0,False,-0.0003598433138156387,-0.0003598433138156387,-0.0003598433138156387,-0.0003598433138156387,0.0,1,0,0,False
2026092804,mert_v0,unweighted,1.0,ridge_platt,1,0.1354178159603877,0.42872343987617156,0,-0.00021310512277589178,-0.00021310512277589178,-0.00021310512277589178,-0.00021310512277589178,0.0,1,0,0,False,-0.0005729484365915305,-0.0005729484365915305,-0.0005729484365915305,-0.0005729484365915305,0.0,1,0,0,False
2026092804,mert_v0,unweighted,1.0,temperature,1,0.13568533807691902,0.4298101646911032,0,5.441699375541287e-05,5.441699375541287e-05,5.441699375541287e-05,5.441699375541287e-05,0.0,0,0,1,False,-0.00030542632006022585,-0.00030542632006022585,-0.00030542632006022585,-0.00030542632006022585,0.0,1,0,0,False
2026092804,mert_v1,ambient_balanced,0.25,beta,5,0.13994022926897082,0.45452681372158094,0,-0.010296500696319145,-0.008121799100645616,-0.01710095202047357,-0.006813231648777979,0.010287720371695591,5,0,0,False,-0.0005447473876065423,-0.0003465236112785153,-0.0013692810284698098,6.600263515887939e-05,0.0014352836636286892,4,0,1,True
2026092804,mert_v1,ambient_balanced,0.25,isotonic,5,0.14549771464187855,1.1655503329093104,0,-0.004739015323411422,-0.004104514001942561,-0.012934635409234063,-0.00027153184499600913,0.012663103564238054,5,0,0,False,0.00501273798530118,0.005499111970592135,0.0032633235930728255,0.006326503854452492,0.0030631802613796666,0,0,5,False
2026092804,mert_v1,ambient_balanced,0.25,platt,5,0.14048497665657736,0.4546367471445894,0,-0.009751753308712603,-0.0077752754893671006,-0.01619795900230689,-0.006575520865959916,0.009622438136346972,5,0,0,False,0.0,0.0,0.0,0.0,0.0,0,5,0,False
2026092804,mert_v1,ambient_balanced,0.25,prior_offset,5,0.13476444257693737,0.42698702586425785,0,-0.015472287388352601,-0.015472287388352601,-0.015472287388352601,-0.015472287388352601,0.0,5,0,0,False,-0.00572053407964,-0.007697011898985501,-0.008896766522392685,0.0007256716139542874,0.009622438136346972,4,0,1,True
2026092804,mert_v1,ambient_balanced,0.25,raw,5,0.15023672996528997,0.4646267235461427,0,0.0,0.0,0.0,0.0,0.0,0,5,0,False,0.009751753308712603,0.0077752754893671006,0.006575520865959916,0.01619795900230689,0.009622438136346972,0,0,5,False
2026092804,mert_v1,ambient_balanced,0.25,ridge_platt,5,0.13637951036797516,0.43403638181406484,0,-0.013857219597314807,-0.012940352353413287,-0.01628148501800028,-0.011999786993943384,0.004281698024056896,5,0,0,False,-0.004105466288602205,-0.005165076864046186,-0.009639195284498886,0.004198172008363504,0.01383736729286239,4,0,1,True
2026092804,mert_v1,ambient_balanced,0.25,temperature,5,0.1525379080923931,0.4729877341430875,0,0.002301178127103137,0.0013023980056792728,-0.0006288929624201356,0.007980174463596168,0.008609067426016304,2,0,3,True,0.012052931435815739,0.012870119458106982,0.006013396771081259,0.015811955727014188,0.009798558955932929,0,0,5,False
2026092804,mert_v1,ambient_balanced,0.5,beta,5,0.1352659490895209,0.4300703707091512,0,-0.014970780875769057,-0.014885349094281408,-0.01723578599333464,-0.0119766496841327,0.005259136309201939,5,0,0,False,-0.00016600132165451865,-0.00026766774476369437,-0.0007955285373714149,0.0006619918950844517,0.0014575204324558666,4,0,1,True
2026092804,mert_v1,ambient_balanced,0.5,isotonic,5,0.14104426419995048,0.942838613961726,0,-0.009192465765339502,-0.009040036064399709,-0.01400388014238435,-0.006364151722631162,0.007639728419753189,5,0,0,False,0.0056123137887750365,0.0055107395471413745,0.0029642381061865952,0.008560438009782345,0.00559619990359575,0,0,5,False
2026092804,mert_v1,ambient_balanced,0.5,platt,5,0.13543195041117545,0.4300001560288237,0,-0.01480477955411454,-0.014587626091353445,-0.016968118248570946,-0.012638641579217152,0.004329476669353793,5,0,0,False,0.0,0.0,0.0,0.0,0.0,0,5,0,False
2026092804,mert_v1,ambient_balanced,0.5,prior_offset,5,0.13476444257693737,0.42698702586425785,0,-0.015472287388352601,-0.015472287388352601,-0.015472287388352601,-0.015472287388352601,0.0,5,0,0,False,-0.0006675078342380624,-0.0008846612969991563,-0.002833645809135449,0.0014958308602183445,0.004329476669353793,3,0,2,True
2026092804,mert_v1,ambient_balanced,0.5,raw,5,0.15023672996528997,0.4646267235461427,0,0.0,0.0,0.0,0.0,0.0,0,5,0,False,0.01480477955411454,0.014587626091353445,0.012638641579217152,0.016968118248570946,0.004329476669353793,0,0,5,False
2026092804,mert_v1,ambient_balanced,0.5,ridge_platt,5,0.13538295416752846,0.42857403404425476,0,-0.014853775797761514,-0.015231682838741156,-0.015986744647252527,-0.012813429533256926,0.0031733151139956006,5,0,0,False,-4.899624364697597e-05,-0.00017478795403977343,-0.0013991185558990815,0.0017364354098297896,0.003135553965728871,3,0,2,True
2026092804,mert_v1,ambient_balanced,0.5,temperature,5,0.15156681813437675,0.46931515046236677,0,0.001330088169086785,0.0015113994773619244,-0.000793988161147674,0.003008116090811086,0.00380210425195876,1,0,4,True,0.016134867723201322,0.015994875466312758,0.01530936355202786,0.01754921184021449,0.00223984828818663,0,0,5,False
2026092804,mert_v1,ambient_balanced,1.0,beta,1,0.13421136031969602,0.42700066168694406,0,-0.01602536964559395,-0.01602536964559395,-0.01602536964559395,-0.01602536964559395,0.0,1,0,0,False,-0.0007867332245365122,-0.0007867332245365122,-0.0007867332245365122,-0.0007867332245365122,0.0,1,0,0,False
2026092804,mert_v1,ambient_balanced,1.0,isotonic,1,0.13794620443160904,0.7277992633486701,0,-0.01229052553368093,-0.01229052553368093,-0.01229052553368093,-0.01229052553368093,0.0,1,0,0,False,0.0029481108873765094,0.0029481108873765094,0.0029481108873765094,0.0029481108873765094,0.0,0,0,1,False
2026092804,mert_v1,ambient_balanced,1.0,platt,1,0.13499809354423253,0.4276071684869974,0,-0.015238636421057439,-0.015238636421057439,-0.015238636421057439,-0.015238636421057439,0.0,1,0,0,False,0.0,0.0,0.0,0.0,0.0,0,1,0,False
2026092804,mert_v1,ambient_balanced,1.0,prior_offset,1,0.13476444257693737,0.42698702586425785,0,-0.015472287388352601,-0.015472287388352601,-0.015472287388352601,-0.015472287388352601,0.0,1,0,0,False,-0.00023365096729516255,-0.00023365096729516255,-0.00023365096729516255,-0.00023365096729516255,0.0,1,0,0,False
2026092804,mert_v1,ambient_balanced,1.0,raw,1,0.15023672996528997,0.4646267235461427,0,0.0,0.0,0.0,0.0,0.0,0,1,0,False,0.015238636421057439,0.015238636421057439,0.015238636421057439,0.015238636421057439,0.0,0,0,1,False
2026092804,mert_v1,ambient_balanced,1.0,ridge_platt,1,0.135236001922954,0.4272448156276269,0,-0.015000728042335959,-0.015000728042335959,-0.015000728042335959,-0.015000728042335959,0.0,1,0,0,False,0.00023790837872147974,0.00023790837872147974,0.00023790837872147974,0.00023790837872147974,0.0,0,0,1,False
2026092804,mert_v1,ambient_balanced,1.0,temperature,1,0.15140968729422882,0.469176132947222,0,0.0011729573289388506,0.0011729573289388506,0.0011729573289388506,0.0011729573289388506,0.0,0,0,1,False,0.01641159374999629,0.01641159374999629,0.01641159374999629,0.01641159374999629,0.0,0,0,1,False
2026092804,mert_v1,unweighted,0.25,beta,5,0.14073681586835496,0.45730647091192916,0,0.006133021070195549,0.007688032017969443,-0.0005082579881798832,0.008988672263165798,0.009496930251345681,1,0,4,True,6.510165172544103e-05,-2.4465400745465882e-05,-0.0012103527611249942,0.0010317661205917483,0.0022421188817167426,3,0,2,True
2026092804,mert_v1,unweighted,0.25,isotonic,5,0.1465292220467324,1.2091170187602365,0,0.011925427248573022,0.012627628422270137,0.005575490460363347,0.01528363012982803,0.009708139669464683,0,0,5,False,0.005857507830102915,0.005815660975006909,0.004670722279696088,0.00665741660343816,0.001986694323742072,0,0,5,False
2026092804,mert_v1,unweighted,0.25,platt,5,0.14067171421662952,0.455663802881042,0,0.006067919418470108,0.00795690614257405,-0.00023857271910140976,0.008953954016919369,0.009192526736020779,1,0,4,True,0.0,0.0,0.0,0.0,0.0,0,5,0,False
2026092804,mert_v1,unweighted,0.25,prior_offset,5,0.1346037947981594,0.4267934767914455,0,0.0,0.0,0.0,0.0,0.0,0,5,0,False,-0.006067919418470108,-0.00795690614257405,-0.008953954016919369,0.00023857271910140976,0.009192526736020779,4,0,1,True
2026092804,mert_v1,unweighted,0.25,raw,5,0.1346037947981594,0.4267934767914455,0,0.0,0.0,0.0,0.0,0.0,0,5,0,False,-0.006067919418470108,-0.00795690614257405,-0.008953954016919369,0.00023857271910140976,0.009192526736020779,4,0,1,True
2026092804,mert_v1,unweighted,0.25,ridge_platt,5,0.13547399424959633,0.4326747148252415,0,0.0008701994514369483,0.0002646203788999879,-9.745886113055047e-05,0.0037187749402737558,0.0038162338014043062,1,1,3,True,-0.00519771996703316,-0.007692285763674062,-0.008898384779094437,0.0001411138579708593,0.009039498637065296,4,0,1,True
2026092804,mert_v1,unweighted,0.25,temperature,5,0.13796459289381505,0.44006916665060025,0,0.003360798095655637,0.001941331737649682,0.000711404647441849,0.008497040036220288,0.007785635388778439,0,0,5,False,-0.0027071213228144707,-0.0031095266138334854,-0.007012622279269687,0.0009499773665432587,0.007962599645812946,4,0,1,True
2026092804,mert_v1,unweighted,0.5,beta,5,0.13584137034688262,0.43162322345014276,0,0.0012375755487232243,0.0011712883882820657,-0.000984890799774707,0.005052847574186198,0.006037738373960905,2,0,3,True,0.0002724827577855471,3.042953030799045e-05,-0.0006058862537539345,0.0018545889989455555,0.00246047525269949,2,0,3,True
2026092804,mert_v1,unweighted,0.5,isotonic,5,0.14187439885912617,0.9523515143721528,0,0.0072706040609667845,0.006585803640920734,0.005150707423675155,0.010328649721968508,0.005177942298293353,0,0,5,False,0.006305511270029107,0.006118440679600767,0.004424003656736175,0.008409776084134069,0.003985772427397893,0,0,5,False
2026092804,mert_v1,unweighted,0.5,platt,5,0.13556888758909708,0.43059895265635273,0,0.0009650927909376772,0.0011408588579740753,-0.0009677332559256124,0.0031982585752406423,0.004165991831166255,2,0,3,True,0.0,0.0,0.0,0.0,0.0,0,5,0,False
2026092804,mert_v1,unweighted,0.5,prior_offset,5,0.1346037947981594,0.4267934767914455,0,0.0,0.0,0.0,0.0,0.0,0,5,0,False,-0.0009650927909376772,-0.0011408588579740753,-0.0031982585752406423,0.0009677332559256124,0.004165991831166255,3,0,2,True
2026092804,mert_v1,unweighted,0.5,raw,5,0.1346037947981594,0.4267934767914455,0,0.0,0.0,0.0,0.0,0.0,0,5,0,False,-0.0009650927909376772,-0.0011408588579740753,-0.0031982585752406423,0.0009677332559256124,0.004165991831166255,3,0,2,True
2026092804,mert_v1,unweighted,0.5,ridge_platt,5,0.1350339753065918,0.42805481807995466,0,0.000430180508432404,-9.046194663830942e-05,-0.0004730950158954028,0.0016851524254628825,0.0021582474413582853,3,0,2,True,-0.0005349122825052732,-0.0004387859315707343,-0.001613953873869478,0.000877271309287303,0.002491225183156781,3,0,2,True
2026092804,mert_v1,unweighted,0.5,temperature,5,0.13596638670683112,0.43134003162098355,0,0.0013625919086716954,0.0007915528089062762,-0.0004023737484927514,0.0034937591005403668,0.003896132849033118,1,0,4,True,0.0003974991177340181,0.000565359507432861,-0.0008674649777608012,0.001629002380682587,0.0024964673584433883,2,0,3,True
2026092804,mert_v1,unweighted,1.0,beta,1,0.13505136617546096,0.42850131561853594,0,0.0004475713773015588,0.0004475713773015588,0.0004475713773015588,0.0004475713773015588,0.0,0,0,1,False,-2.0379604891318515e-05,-2.0379604891318515e-05,-2.0379604891318515e-05,-2.0379604891318515e-05,0.0,1,0,0,False
2026092804,mert_v1,unweighted,1.0,isotonic,1,0.13842054729210465,0.7294423900212268,0,0.0038167524939452524,0.0038167524939452524,0.0038167524939452524,0.0038167524939452524,0.0,0,0,1,False,0.003348801511752375,0.003348801511752375,0.003348801511752375,0.003348801511752375,0.0,0,0,1,False
2026092804,mert_v1,unweighted,1.0,platt,1,0.13507174578035228,0.4279096445244521,0,0.00046795098219287734,0.00046795098219287734,0.00046795098219287734,0.00046795098219287734,0.0,0,0,1,False,0.0,0.0,0.0,0.0,0.0,0,1,0,False
2026092804,mert_v1,unweighted,1.0,prior_offset,1,0.1346037947981594,0.4267934767914455,0,0.0,0.0,0.0,0.0,0.0,0,1,0,False,-0.00046795098219287734,-0.00046795098219287734,-0.00046795098219287734,-0.00046795098219287734,0.0,1,0,0,False
2026092804,mert_v1,unweighted,1.0,raw,1,0.1346037947981594,0.4267934767914455,0,0.0,0.0,0.0,0.0,0.0,0,1,0,False,-0.00046795098219287734,-0.00046795098219287734,-0.00046795098219287734,-0.00046795098219287734,0.0,1,0,0,False
2026092804,mert_v1,unweighted,1.0,ridge_platt,1,0.13435172679685364,0.42559103030672524,0,-0.00025206800130575524,-0.00025206800130575524,-0.00025206800130575524,-0.00025206800130575524,0.0,1,0,0,False,-0.0007200189834986326,-0.0007200189834986326,-0.0007200189834986326,-0.0007200189834986326,0.0,1,0,0,False
2026092804,mert_v1,unweighted,1.0,temperature,1,0.13493634044787234,0.4276602822717773,0,0.00033254564971293976,0.00033254564971293976,0.00033254564971293976,0.00033254564971293976,0.0,0,0,1,False,-0.00013540533247993758,-0.00013540533247993758,-0.00013540533247993758,-0.00013540533247993758,0.0,1,0,0,False
2026092805,maest,ambient_balanced,0.25,beta,5,0.13587654723823966,0.4382843067520903,0,-0.0016737025159861308,-0.007832874118739702,-0.008387985613427129,0.022951522455520457,0.031339508068947586,4,0,1,True,0.0017871616315721594,0.0016470141181457176,0.0006967491700622386,0.003530045359383477,0.0028332961893212383,0,0,5,False
2026092805,maest,ambient_balanced,0.25,isotonic,5,0.14089240100974454,1.4572044386639218,0,0.003342151255518749,-0.0014854652020168668,-0.0043371351036835815,0.025436388105219865,0.029773523208903446,4,0,1,True,0.0068030154030770396,0.006568720760194824,0.0038794385070735626,0.010358523228203964,0.0064790847211304015,0,0,5,False
2026092805,maest,ambient_balanced,0.25,platt,5,0.1340893856066675,0.42587338292892857,0,-0.0034608641475582904,-0.009500300771634912,-0.011843988430220831,0.021556949598146302,0.03340093802836713,4,0,1,True,0.0,0.0,0.0,0.0,0.0,0,5,0,False
2026092805,maest,ambient_balanced,0.25,prior_offset,5,0.12568615950206385,0.40209032494838476,0,-0.011864090252161952,-0.011864090252161952,-0.011864090252161952,-0.011864090252161952,0.0,5,0,0,False,-0.008403226104603662,-0.00236378948052704,-0.033421039850308254,-2.0101821941120868e-05,0.03340093802836713,5,0,0,False
2026092805,maest,ambient_balanced,0.25,raw,5,0.1375502497542258,0.4290565507411769,0,0.0,0.0,0.0,0.0,0.0,0,5,0,False,0.0034608641475582904,0.009500300771634912,-0.021556949598146302,0.011843988430220831,0.03340093802836713,1,0,4,True
2026092805,maest,ambient_balanced,0.25,ridge_platt,5,0.12970385364301112,0.41302162433240375,0,-0.007846396111214704,-0.007655493984924544,-0.012026931420365317,-0.0020954543893771382,0.009931477030988178,5,0,0,False,-0.004385531963656414,-0.00018294299014448567,-0.02365240398752344,0.0023795057466483027,0.026031909734171743,3,0,2,True
2026092805,maest,ambient_balanced,0.25,temperature,5,0.14110340948308267,0.44110209268624284,0,0.0035531597288568527,-8.514058754210962e-05,-0.0006342180587528279,0.01723474100897479,0.01786895906772762,3,0,2,True,0.007014023876415143,0.009415160184092802,-0.004322208589171511,0.013456046489623896,0.017778255078795407,1,0,4,True
2026092805,maest,ambient_balanced,0.5,beta,5,0.13076539375589585,0.4188321829390166,0,-0.0067848559983299415,-0.0072558480649252965,-0.008687530026666695,-0.003992918985398913,0.004694611041267782,5,0,0,False,0.0013926436601302493,0.001396368019450922,0.0005279236958890265,0.0023777465123395736,0.001849822816450547,0,0,5,False
2026092805,maest,ambient_balanced,0.5,isotonic,5,0.13820273353456164,1.0561852307862833,0,0.0006524837803358497,0.00030059374981761255,-0.0031117936200014407,0.005737190176844736,0.008848983796846177,2,0,3,True,0.00882998343879604,0.008864472387834332,0.0065218009572634295,0.010258032858132676,0.003736231900869247,0,0,5,False
2026092805,maest,ambient_balanced,0.5,platt,5,0.1293727500957656,0.4125010093439938,0,-0.00817749965846019,-0.009031202341525185,-0.00963359457726487,-0.00452084268128794,0.00511275189597693,5,0,0,False,0.0,0.0,0.0,0.0,0.0,0,5,0,False
2026092805,maest,ambient_balanced,0.5,prior_offset,5,0.12568615950206385,0.40209032494838476,0,-0.011864090252161952,-0.011864090252161952,-0.011864090252161952,-0.011864090252161952,0.0,5,0,0,False,-0.0036865905937017605,-0.0028328879106367666,-0.007343247570874012,-0.0022304956748970817,0.00511275189597693,5,0,0,False
2026092805,maest,ambient_balanced,0.5,raw,5,0.1375502497542258,0.4290565507411769,0,0.0,0.0,0.0,0.0,0.0,0,5,0,False,0.00817749965846019,0.009031202341525185,0.00452084268128794,0.00963359457726487,0.00511275189597693,0,0,5,False
2026092805,maest,ambient_balanced,0.5,ridge_platt,5,0.12833652285251743,0.407882115505214,0,-0.009213726901708363,-0.010663008845055444,-0.011592022941110003,-0.006141570074911368,0.005450452866198635,5,0,0,False,-0.0010362272432481723,-0.0018581627633673103,-0.0025045311667077352,0.0028896322666138174,0.005394163433321553,4,0,1,True
2026092805,maest,ambient_balanced,0.5,temperature,5,0.1404911592968764,0.43908153733174826,0,0.002940909542650577,0.004068391294427237,-0.0003721209288808369,0.005359022712546319,0.0057311436414271555,1,0,4,True,0.011118409201110768,0.010998070856275105,0.008659081412644348,0.013828159370025184,0.005169077957380835,0,0,5,False
2026092805,maest,ambient_balanced,1.0,beta,1,0.12504757047703308,0.40020436519777247,0,-0.01250267927719273,-0.01250267927719273,-0.01250267927719273,-0.01250267927719273,0.0,1,0,0,False,0.0009516342432069058,0.0009516342432069058,0.0009516342432069058,0.0009516342432069058,0.0,0,0,1,False
2026092805,maest,ambient_balanced,1.0,isotonic,1,0.13237803288658812,0.8532580187359883,0,-0.005172216867637691,-0.005172216867637691,-0.005172216867637691,-0.005172216867637691,0.0,1,0,0,False,0.008282096652761944,0.008282096652761944,0.008282096652761944,0.008282096652761944,0.0,0,0,1,False
2026092805,maest,ambient_balanced,1.0,platt,1,0.12409593623382617,0.39792264397701493,0,-0.013454313520399636,-0.013454313520399636,-0.013454313520399636,-0.013454313520399636,0.0,1,0,0,False,0.0,0.0,0.0,0.0,0.0,0,1,0,False
2026092805,maest,ambient_balanced,1.0,prior_offset,1,0.12568615950206385,0.4020903249483847,0,-0.011864090252161952,-0.011864090252161952,-0.011864090252161952,-0.011864090252161952,0.0,1,0,0,False,0.0015902232682376838,0.0015902232682376838,0.0015902232682376838,0.0015902232682376838,0.0,0,0,1,False
2026092805,maest,ambient_balanced,1.0,raw,1,0.1375502497542258,0.4290565507411769,0,0.0,0.0,0.0,0.0,0.0,0,1,0,False,0.013454313520399636,0.013454313520399636,0.013454313520399636,0.013454313520399636,0.0,0,0,1,False
2026092805,maest,ambient_balanced,1.0,ridge_platt,1,0.12563231286397897,0.40129382666404356,0,-0.011917936890246839,-0.011917936890246839,-0.011917936890246839,-0.011917936890246839,0.0,1,0,0,False,0.001536376630152797,0.001536376630152797,0.001536376630152797,0.001536376630152797,0.0,0,0,1,False
2026092805,maest,ambient_balanced,1.0,temperature,1,0.13758428202266101,0.42993606648816907,0,3.40322684352079e-05,3.40322684352079e-05,3.40322684352079e-05,3.40322684352079e-05,0.0,0,0,1,False,0.013488345788834843,0.013488345788834843,0.013488345788834843,0.013488345788834843,0.0,0,0,1,False
2026092805,maest,unweighted,0.25,beta,5,0.13534463827354465,0.4361604785920929,0,0.009774337693034207,0.00347101922726592,0.003096191728475084,0.034661951950982095,0.03156576022250701,0,0,5,False,0.00144036838813833,0.0013533611540289259,5.824835748000079e-05,0.0031147825774283378,0.003056534219948337,0,0,5,False
2026092805,maest,unweighted,0.25,isotonic,5,0.14116962895181254,1.4713694776454376,0,0.015599328371302096,0.011078385634008592,0.0070375813897685935,0.03766851495721149,0.030630933567442897,0,0,5,False,0.007265359066406218,0.007407566705183527,0.004448902192285331,0.011096976482961846,0.0066480742906765145,0,0,5,False
2026092805,maest,unweighted,0.25,platt,5,0.13390426988540632,0.4252129274954484,0,0.008333969304895878,0.00223790856156747,-1.8590848953253802e-05,0.03321961276492616,0.03323820361387941,1,0,4,True,0.0,0.0,0.0,0.0,0.0,0,5,0,False
2026092805,maest,unweighted,0.25,prior_offset,5,0.12557030058051044,0.4006044705914908,0,0.0,0.0,0.0,0.0,0.0,0,5,0,False,-0.008333969304895878,-0.00223790856156747,-0.03321961276492616,1.8590848953253802e-05,0.03323820361387941,4,0,1,True
2026092805,maest,unweighted,0.25,raw,5,0.12557030058051044,0.4006044705914908,0,0.0,0.0,0.0,0.0,0.0,0,5,0,False,-0.008333969304895878,-0.00223790856156747,-0.03321961276492616,1.8590848953253802e-05,0.03323820361387941,4,0,1,True
2026092805,maest,unweighted,0.25,ridge_platt,5,0.12787946784427637,0.40840826258294366,0,0.0023091672637659323,4.271807915728898e-05,0.0,0.009837427877022575,0.009837427877022575,0,2,3,False,-0.006024802041129945,-0.00223790856156747,-0.023382184887903584,1.8590848953253802e-05,0.023400775736856838,4,0,1,True
2026092805,maest,unweighted,0.25,temperature,5,0.12944556617953934,0.4135002899250472,0,0.003875265599028907,0.00031177930712567026,-0.0006180217808689076,0.01763105657673794,0.01824907835760685,2,0,3,True,-0.00445870370586697,-0.0025145772638510144,-0.015588556188188218,0.0023467734433866294,0.017935329631574848,4,0,1,True
2026092805,maest,unweighted,0.5,beta,5,0.13021061800354916,0.41765420216103594,0,0.004640317423038715,0.004155531547893138,0.002879486539992482,0.007443536419400376,0.004564049879407894,0,0,5,False,0.0009736315775702332,0.0008655270128153647,-2.5381844482863514e-06,0.002073721415371821,0.002076259599820107,1,0,4,True
2026092805,maest,unweighted,0.5,isotonic,5,0.1379875860065642,1.0496101122318815,0,0.012417285426053748,0.012400297891553835,0.008345703997864856,0.017310501607767315,0.008964797609902458,0,0,5,False,0.008750599580585267,0.008859303875530355,0.006263893865343539,0.010086850830373972,0.003822956965030433,0,0,5,False
2026092805,maest,unweighted,0.5,platt,5,0.12923698642597892,0.4120769236545486,0,0.0036666858454684815,0.0027422047884057554,0.0020818101325213167,0.0074460746038486625,0.005364264471327346,0,0,5,False,0.0,0.0,0.0,0.0,0.0,0,5,0,False
2026092805,maest,unweighted,0.5,prior_offset,5,0.12557030058051044,0.4006044705914908,0,0.0,0.0,0.0,0.0,0.0,0,5,0,False,-0.0036666858454684815,-0.0027422047884057554,-0.0074460746038486625,-0.0020818101325213167,0.005364264471327346,5,0,0,False
2026092805,maest,unweighted,0.5,raw,5,0.12557030058051044,0.4006044705914908,0,0.0,0.0,0.0,0.0,0.0,0,5,0,False,-0.0036666858454684815,-0.0027422047884057554,-0.0074460746038486625,-0.0020818101325213167,0.005364264471327346,5,0,0,False
2026092805,maest,unweighted,0.5,ridge_platt,5,0.1259358283980875,0.40203427759853216,0,0.00036552781757706045,0.0,0.0,0.0013691884536941035,0.0013691884536941035,0,3,2,False,-0.003301158027891421,-0.0023525871100999185,-0.0074460746038486625,-0.001623359498330118,0.005822715105518544,5,0,0,False
2026092805,maest,unweighted,0.5,temperature,5,0.12908478898664175,0.41183248714294207,0,0.0035144884061313166,0.004440162622955213,0.0002719234444800711,0.006287367371311525,0.006015443926831454,0,0,5,False,-0.000152197439337165,-0.00022013392856118363,-0.0024702813439256843,0.0023697482491769895,0.004840029593102674,3,0,2,True
2026092805,maest,unweighted,1.0,beta,1,0.12462314251943021,0.39922936851175284,0,-0.0009471580610802277,-0.0009471580610802277,-0.0009471580610802277,-0.0009471580610802277,0.0,1,0,0,False,0.0006398813444438434,0.0006398813444438434,0.0006398813444438434,0.0006398813444438434,0.0,0,0,1,False
2026092805,maest,unweighted,1.0,isotonic,1,0.1321010727046372,0.8523899512651368,0,0.006530772124126755,0.006530772124126755,0.006530772124126755,0.006530772124126755,0.0,0,0,1,False,0.008117811529650826,0.008117811529650826,0.008117811529650826,0.008117811529650826,0.0,0,0,1,False
2026092805,maest,unweighted,1.0,platt,1,0.12398326117498637,0.39746725086251,0,-0.001587039405524071,-0.001587039405524071,-0.001587039405524071,-0.001587039405524071,0.0,1,0,0,False,0.0,0.0,0.0,0.0,0.0,0,1,0,False
2026092805,maest,unweighted,1.0,prior_offset,1,0.12557030058051044,0.40060447059149085,0,0.0,0.0,0.0,0.0,0.0,0,1,0,False,0.001587039405524071,0.001587039405524071,0.001587039405524071,0.001587039405524071,0.0,0,0,1,False
2026092805,maest,unweighted,1.0,raw,1,0.12557030058051044,0.40060447059149085,0,0.0,0.0,0.0,0.0,0.0,0,1,0,False,0.001587039405524071,0.001587039405524071,0.001587039405524071,0.001587039405524071,0.0,0,0,1,False
2026092805,maest,unweighted,1.0,ridge_platt,1,0.12557030058051044,0.40060447059149085,0,0.0,0.0,0.0,0.0,0.0,0,1,0,False,0.001587039405524071,0.001587039405524071,0.001587039405524071,0.001587039405524071,0.0,0,0,1,False
2026092805,maest,unweighted,1.0,temperature,1,0.12607576381333901,0.40208108396478137,0,0.0005054632328285735,0.0005054632328285735,0.0005054632328285735,0.0005054632328285735,0.0,0,0,1,False,0.0020925026383526446,0.0020925026383526446,0.0020925026383526446,0.0020925026383526446,0.0,0,0,1,False
2026092805,mert_v0,ambient_balanced,0.25,beta,5,0.1455738875230856,0.4588843771273794,0,-0.003957508720073116,-0.00805846145096073,-0.011461359751017947,0.01433560316800328,0.025796962919021227,4,0,1,True,0.000508222574804168,0.0007734938835625982,-0.0013924223292233473,0.002202960310359575,0.0035953826395829225,2,0,3,True
2026092805,mert_v0,ambient_balanced,0.25,isotonic,5,0.15137235980412014,1.1233886264598616,0,0.001840963560961434,-0.0007108661266503613,-0.007219915409554245,0.018525762691825792,0.025745678101380037,3,0,2,True,0.006306694855838718,0.005748595515753324,0.003236649030835509,0.009550555634669944,0.006313906603834435,0,0,5,False
2026092805,mert_v0,ambient_balanced,0.25,platt,5,0.14506566494828146,0.45647852162672775,0,-0.004465731294877285,-0.010261421761320305,-0.01126383173583198,0.0131809941434953,0.02444482587932728,4,0,1,True,0.0,0.0,0.0,0.0,0.0,0,5,0,False
2026092805,mert_v0,ambient_balanced,0.25,prior_offset,5,0.13779748912036688,0.4368417497159001,0,-0.011733907122791848,-0.011733907122791848,-0.011733907122791848,-0.011733907122791848,0.0,5,0,0,False,-0.007268175827914563,-0.0014724853614715427,-0.02491490126628715,-0.0004700753869598673,0.02444482587932728,5,0,0,False
2026092805,mert_v0,ambient_balanced,0.25,raw,5,0.14953139624315873,0.4653164563837856,0,0.0,0.0,0.0,0.0,0.0,0,5,0,False,0.004465731294877285,0.010261421761320305,-0.0131809941434953,0.01126383173583198,0.02444482587932728,1,0,4,True
2026092805,mert_v0,ambient_balanced,0.25,ridge_platt,5,0.1432815647599171,0.45137340763609324,0,-0.00624983148324163,-0.008034443311947387,-0.009160124512019724,0.002150121866128396,0.01131024637814812,4,0,1,True,-0.0017841001883643459,0.001976404933782594,-0.011030872277366904,0.002536869809558029,0.013567742086924933,2,0,3,True
2026092805,mert_v0,ambient_balanced,0.25,temperature,5,0.1535905123999919,0.47533321141622853,0,0.004059116156833182,0.00029302612722229004,-0.0015894926243548158,0.02243527311132701,0.024024765735681824,2,0,3,True,0.008524847451710466,0.009119912351767068,0.003820858807561972,0.011562115315356641,0.007741256507794669,0,0,5,False
2026092805,mert_v0,ambient_balanced,0.5,beta,5,0.1403068454372625,0.44420025653536355,0,-0.009224550805896237,-0.010653933572441016,-0.011214139736042072,-0.006580253161643346,0.004633886574398727,5,0,0,False,-0.0008842625099452162,-0.0009803590641753734,-0.0020552224990404155,0.00013022702439327571,0.0021854495234336913,4,0,1,True
2026092805,mert_v0,ambient_balanced,0.5,isotonic,5,0.14648759159759414,0.7482218594662903,0,-0.0030438046455645794,-0.0042706806806136755,-0.005839622226034763,0.0005033871581688054,0.006343009384203568,4,0,1,True,0.005296483650386441,0.005402893827651967,0.003319295010966894,0.007553472529541083,0.004234177518574189,0,0,5,False
2026092805,mert_v0,ambient_balanced,0.5,platt,5,0.1411911079472077,0.4475420053447977,0,-0.00834028829595102,-0.009158917237001657,-0.010369380209860474,-0.005449484153255052,0.004919896056605422,5,0,0,False,0.0,0.0,0.0,0.0,0.0,0,5,0,False
2026092805,mert_v0,ambient_balanced,0.5,prior_offset,5,0.13779748912036688,0.4368417497159001,0,-0.011733907122791848,-0.011733907122791848,-0.011733907122791848,-0.011733907122791848,0.0,5,0,0,False,-0.0033936188268408273,-0.002574989885790191,-0.006284422969536796,-0.0013645269129313742,0.004919896056605422,5,0,0,False
2026092805,mert_v0,ambient_balanced,0.5,raw,5,0.14953139624315873,0.4653164563837856,0,0.0,0.0,0.0,0.0,0.0,0,5,0,False,0.00834028829595102,0.009158917237001657,0.005449484153255052,0.010369380209860474,0.004919896056605422,0,0,5,False
2026092805,mert_v0,ambient_balanced,0.5,ridge_platt,5,0.1400606973447261,0.4428583211078985,0,-0.009470698898432656,-0.010742245687614255,-0.011657647228632162,-0.006477168497473512,0.00518047873115865,5,0,0,False,-0.0011304106024816352,-0.0010276843442184602,-0.002498729991630505,-0.000372865477753781,0.002125864513876724,5,0,0,False
2026092805,mert_v0,ambient_balanced,0.5,temperature,5,0.15211731491332203,0.47313467348041377,0,0.0025859186701633063,0.0030054117973370154,-0.0008724885976564289,0.005569003233119235,0.006441491830775664,1,0,4,True,0.010926206966114326,0.012218763273582733,0.006177596773715849,0.012678986305602657,0.006501389531886809,0,0,5,False
2026092805,mert_v0,ambient_balanced,1.0,beta,1,0.13483380192805414,0.4285978011797527,0,-0.01469759431510459,-0.01469759431510459,-0.01469759431510459,-0.01469759431510459,0.0,1,0,0,False,-0.0005763170881216417,-0.0005763170881216417,-0.0005763170881216417,-0.0005763170881216417,0.0,1,0,0,False
2026092805,mert_v0,ambient_balanced,1.0,isotonic,1,0.14131464730241733,0.6139470835612478,0,-0.008216748940741397,-0.008216748940741397,-0.008216748940741397,-0.008216748940741397,0.0,1,0,0,False,0.0059045282862415505,0.0059045282862415505,0.0059045282862415505,0.0059045282862415505,0.0,0,0,1,False
2026092805,mert_v0,ambient_balanced,1.0,platt,1,0.13541011901617578,0.4328316746545344,0,-0.014121277226982948,-0.014121277226982948,-0.014121277226982948,-0.014121277226982948,0.0,1,0,0,False,0.0,0.0,0.0,0.0,0.0,0,1,0,False
2026092805,mert_v0,ambient_balanced,1.0,prior_offset,1,0.13779748912036688,0.43684174971590006,0,-0.011733907122791848,-0.011733907122791848,-0.011733907122791848,-0.011733907122791848,0.0,1,0,0,False,0.0023873701041911,0.0023873701041911,0.0023873701041911,0.0023873701041911,0.0,0,0,1,False
2026092805,mert_v0,ambient_balanced,1.0,raw,1,0.14953139624315873,0.4653164563837856,0,0.0,0.0,0.0,0.0,0.0,0,1,0,False,0.014121277226982948,0.014121277226982948,0.014121277226982948,0.014121277226982948,0.0,0,0,1,False
2026092805,mert_v0,ambient_balanced,1.0,ridge_platt,1,0.13635459393970029,0.4339676432868754,0,-0.01317680230345844,-0.01317680230345844,-0.01317680230345844,-0.01317680230345844,0.0,1,0,0,False,0.0009444749235245076,0.0009444749235245076,0.0009444749235245076,0.0009444749235245076,0.0,0,0,1,False
2026092805,mert_v0,ambient_balanced,1.0,temperature,1,0.1493124980066808,0.4653255588379764,0,-0.00021889823647791573,-0.00021889823647791573,-0.00021889823647791573,-0.00021889823647791573,0.0,1,0,0,False,0.013902378990505032,0.013902378990505032,0.013902378990505032,0.013902378990505032,0.0,0,0,1,False
2026092805,mert_v0,unweighted,0.25,beta,5,0.1454441262134359,0.458317133961731,0,0.007943897980897058,0.0037486907705518435,0.0006062404231906016,0.02614168271720932,0.025535442294018718,0,0,5,False,0.0004748574769620095,0.000862390619564557,-0.0014927111773762047,0.0020193988105621508,0.0035121099879383555,2,0,3,True
2026092805,mert_v0,unweighted,0.25,isotonic,5,0.15117529925667011,1.0900715323093981,0,0.01367507102413128,0.010999616270989554,0.004113661833822724,0.030487485276980614,0.02637382344315789,0,0,5,False,0.006206030520196232,0.006400977026925381,0.0026245032290202475,0.009270324310999861,0.006645821081979614,0,0,5,False
2026092805,mert_v0,unweighted,0.25,platt,5,0.14496926873647387,0.4563298652721544,0,0.007469040503935048,0.0017292919599896928,0.0006993617185485912,0.025063352289791785,0.024363990571243194,0,0,5,False,0.0,0.0,0.0,0.0,0.0,0,5,0,False
2026092805,mert_v0,unweighted,0.25,prior_offset,5,0.13750022823253882,0.43607536143841424,0,0.0,0.0,0.0,0.0,0.0,0,5,0,False,-0.007469040503935048,-0.0017292919599896928,-0.025063352289791785,-0.0006993617185485912,0.024363990571243194,5,0,0,False
2026092805,mert_v0,unweighted,0.25,raw,5,0.13750022823253882,0.43607536143841424,0,0.0,0.0,0.0,0.0,0.0,0,5,0,False,-0.007469040503935048,-0.0017292919599896928,-0.025063352289791785,-0.0006993617185485912,0.024363990571243194,5,0,0,False
2026092805,mert_v0,unweighted,0.25,ridge_platt,5,0.14096681320412735,0.4458390223835823,0,0.0034665849715885045,0.0,-4.832463752929561e-05,0.01405300243599078,0.014101327073520076,1,2,2,True,-0.004002455532346544,-0.0017292919599896928,-0.011010349853801005,0.0018390884546785613,0.012849438308479566,4,0,1,True
2026092805,mert_v0,unweighted,0.25,temperature,5,0.1418028714133942,0.4474502333180389,0,0.004302643180855386,0.00038112702216080985,-0.0013292354987933797,0.02255184474034494,0.02388108023913832,2,0,3,True,-0.0031663973230796616,-0.002555537453401757,-0.007982910924381886,0.00027649677061525324,0.00825940769499714,4,0,1,True
2026092805,mert_v0,unweighted,0.5,beta,5,0.14027471473393208,0.44441099955839636,0,0.002774486501393264,0.0015009292180695466,0.0008023428057130633,0.005408330459434119,0.004605987653721055,0,0,5,False,-0.0008572283275481652,-0.000858717915786622,-0.002018438382930976,-1.2321224990924362e-05,0.0020061171579400516,5,0,0,False
2026092805,mert_v0,unweighted,0.5,isotonic,5,0.14669707375690028,0.7480979101823058,0,0.009196845524361442,0.007555045356993528,0.006494436111389862,0.012689588792603262,0.006195152681213401,0,0,5,False,0.005565130695420012,0.00519539822313736,0.0036736549227458226,0.007795329563905301,0.0041216746411594785,0,0,5,False
2026092805,mert_v0,unweighted,0.5,platt,5,0.14113194306148028,0.4475368922876005,0,0.0036317148289414292,0.0028207811886440393,0.001566258713279145,0.006552753687013024,0.004986494973733879,0,0,5,False,0.0,0.0,0.0,0.0,0.0,0,5,0,False
2026092805,mert_v0,unweighted,0.5,prior_offset,5,0.13750022823253882,0.43607536143841424,0,0.0,0.0,0.0,0.0,0.0,0,5,0,False,-0.0036317148289414292,-0.0028207811886440393,-0.006552753687013024,-0.001566258713279145,0.004986494973733879,5,0,0,False
2026092805,mert_v0,unweighted,0.5,raw,5,0.13750022823253882,0.43607536143841424,0,0.0,0.0,0.0,0.0,0.0,0,5,0,False,-0.0036317148289414292,-0.0028207811886440393,-0.006552753687013024,-0.001566258713279145,0.004986494973733879,5,0,0,False
2026092805,mert_v0,unweighted,0.5,ridge_platt,5,0.1377217715475049,0.436866371063779,0,0.00022154331496606616,0.0,-0.0003186678339187343,0.001024950424633575,0.0013436182585523093,1,2,2,True,-0.003410171513975363,-0.0031394490225627736,-0.006552753687013024,-0.0011648247291636549,0.005387928957849369,5,0,0,False
2026092805,mert_v0,unweighted,0.5,temperature,5,0.14042679324692225,0.4456389407785589,0,0.0029265650143834366,0.0030529485411982804,-0.0006828580577485643,0.006069835157932829,0.0067526932156813935,1,0,4,True,-0.0007051498145579926,0.00038994753518292735,-0.005541991479663333,0.0014159119934285258,0.006957903473091859,2,0,3,True
2026092805,mert_v0,unweighted,1.0,beta,1,0.13476529995433925,0.42878086922826664,0,-0.002734928278199572,-0.002734928278199572,-0.002734928278199572,-0.002734928278199572,0.0,1,0,0,False,-0.0005455501221892367,-0.0005455501221892367,-0.0005455501221892367,-0.0005455501221892367,0.0,1,0,0,False
2026092805,mert_v0,unweighted,1.0,isotonic,1,0.14120149557965422,0.6123214338291807,0,0.0037012673471154,0.0037012673471154,0.0037012673471154,0.0037012673471154,0.0,0,0,1,False,0.005890645503125735,0.005890645503125735,0.005890645503125735,0.005890645503125735,0.0,0,0,1,False
2026092805,mert_v0,unweighted,1.0,platt,1,0.1353108500765285,0.43274721000855526,0,-0.0021893781560103354,-0.0021893781560103354,-0.0021893781560103354,-0.0021893781560103354,0.0,1,0,0,False,0.0,0.0,0.0,0.0,0.0,0,1,0,False
2026092805,mert_v0,unweighted,1.0,prior_offset,1,0.13750022823253882,0.4360753614384143,0,0.0,0.0,0.0,0.0,0.0,0,1,0,False,0.0021893781560103354,0.0021893781560103354,0.0021893781560103354,0.0021893781560103354,0.0,0,0,1,False
2026092805,mert_v0,unweighted,1.0,raw,1,0.13750022823253882,0.4360753614384143,0,0.0,0.0,0.0,0.0,0.0,0,1,0,False,0.0021893781560103354,0.0021893781560103354,0.0021893781560103354,0.0021893781560103354,0.0,0,0,1,False
2026092805,mert_v0,unweighted,1.0,ridge_platt,1,0.13613019203170362,0.43322529730401227,0,-0.0013700362008352007,-0.0013700362008352007,-0.0013700362008352007,-0.0013700362008352007,0.0,1,0,0,False,0.0008193419551751346,0.0008193419551751346,0.0008193419551751346,0.0008193419551751346,0.0,0,0,1,False
2026092805,mert_v0,unweighted,1.0,temperature,1,0.13736632426094458,0.4367043310195408,0,-0.00013390397159424028,-0.00013390397159424028,-0.00013390397159424028,-0.00013390397159424028,0.0,1,0,0,False,0.002055474184416095,0.002055474184416095,0.002055474184416095,0.002055474184416095,0.0,0,0,1,False
2026092805,mert_v1,ambient_balanced,0.25,beta,5,0.14673564017889734,0.4642494982949869,0,-0.006818796178729669,-0.011731500625498381,-0.012979629732719322,0.011363523276212983,0.024343153008932306,4,0,1,True,0.00022780853692670467,0.0010036533275897819,-0.0016942708050934063,0.0011669768713873097,0.002861247676480716,2,0,3,True
2026092805,mert_v1,ambient_balanced,0.25,isotonic,5,0.15567580932484676,1.3281446963322225,0,0.0021213729672197256,-0.006041106031379584,-0.008247113183875998,0.025471675353858553,0.03371878853773455,3,0,2,True,0.0091679776828761,0.0068684800898986265,0.005899493420230634,0.0137666835987727,0.007867190178542066,0,0,5,False
2026092805,mert_v1,ambient_balanced,0.25,platt,5,0.14650783164197062,0.4625187754010084,0,-0.007046604715656374,-0.012735153953088163,-0.014146606604106632,0.011704991755085853,0.025851598359192485,4,0,1,True,0.0,0.0,0.0,0.0,0.0,0,5,0,False
2026092805,mert_v1,ambient_balanced,0.25,prior_offset,5,0.14007252499040007,0.4437200848023254,0,-0.013481911367226929,-0.013481911367226929,-0.013481911367226929,-0.013481911367226929,0.0,5,0,0,False,-0.0064353066515705545,-0.0007467574141387656,-0.02518690312231278,0.0006646952368797032,0.025851598359192485,4,0,1,True
2026092805,mert_v1,ambient_balanced,0.25,raw,5,0.153554436357627,0.4761671917099674,0,0.0,0.0,0.0,0.0,0.0,0,5,0,False,0.007046604715656374,0.012735153953088163,-0.011704991755085853,0.014146606604106632,0.025851598359192485,1,0,4,True
2026092805,mert_v1,ambient_balanced,0.25,ridge_platt,5,0.14530194312320588,0.45752803634705597,0,-0.008252493234421131,-0.010226809580070106,-0.012391112659636078,0.002047505665776772,0.01443861832541285,4,0,1,True,-0.0012058885187647584,0.0005184734616421327,-0.00965748608930908,0.0025083443730180566,0.012165830462327137,2,0,3,True
2026092805,mert_v1,ambient_balanced,0.25,temperature,5,0.15748796417913363,0.4876502572696344,0,0.0039335278215066214,-0.00014982227100746037,-0.000602949357267818,0.02075209471102868,0.021355044068296497,3,0,2,True,0.010980132537162995,0.012329897825579944,0.006996846383887256,0.013543657246838814,0.0065468108629515576,0,0,5,False
2026092805,mert_v1,ambient_balanced,0.5,beta,5,0.14209635093125877,0.4503937268422966,0,-0.011458085426368236,-0.010891678743032762,-0.014426989067071738,-0.008523949890633986,0.005903039176437752,5,0,0,False,-0.0006289474196274458,-0.0006277628734269736,-0.001758330842041439,0.0004323520457157892,0.002190682887757228,3,0,2,True
2026092805,mert_v1,ambient_balanced,0.5,isotonic,5,0.14556953522251198,0.7164365995941328,0,-0.007984901135115019,-0.009131826184360703,-0.012297898928592815,-0.003529436573234873,0.008768462355357942,5,0,0,False,0.0028442368716257715,0.003262829059847566,0.00037075929643748395,0.005122705219881368,0.004751945923443884,0,0,5,False
2026092805,mert_v1,ambient_balanced,0.5,platt,5,0.1427252983508862,0.45263140488254355,0,-0.01082913800674079,-0.011324030788748551,-0.012698565568172115,-0.008652141793116241,0.004046423775055874,5,0,0,False,0.0,0.0,0.0,0.0,0.0,0,5,0,False
2026092805,mert_v1,ambient_balanced,0.5,prior_offset,5,0.14007252499040007,0.4437200848023254,0,-0.013481911367226929,-0.013481911367226929,-0.013481911367226929,-0.013481911367226929,0.0,5,0,0,False,-0.002652773360486138,-0.0021578805784783772,-0.004829769574110687,-0.0007833457990548132,0.004046423775055874,5,0,0,False
2026092805,mert_v1,ambient_balanced,0.5,raw,5,0.153554436357627,0.4761671917099674,0,0.0,0.0,0.0,0.0,0.0,0,5,0,False,0.01082913800674079,0.011324030788748551,0.008652141793116241,0.012698565568172115,0.004046423775055874,0,0,5,False
2026092805,mert_v1,ambient_balanced,0.5,ridge_platt,5,0.14197429385654758,0.44877701310883583,0,-0.011580142501079421,-0.01258439873746875,-0.012863641331614911,-0.0075107739405902985,0.005352867391024613,5,0,0,False,-0.0007510044943386307,-0.00016507576344279573,-0.003932256944352508,0.0012915197180464466,0.0052237766623989546,4,0,1,True
2026092805,mert_v1,ambient_balanced,0.5,temperature,5,0.15464666958452913,0.4803977614866062,0,0.0010922332269021283,0.0013325011474089599,-0.0007526661343870977,0.002646134796257721,0.0033988009306448186,1,0,4,True,0.01192137123364292,0.01266292502917754,0.007899475658729144,0.014001159372439259,0.006101683713710115,0,0,5,False
2026092805,mert_v1,ambient_balanced,1.0,beta,1,0.13719013172510447,0.4373348752904171,0,-0.01636430463252253,-0.01636430463252253,-0.01636430463252253,-0.01636430463252253,0.0,1,0,0,False,-0.0006035084677165625,-0.0006035084677165625,-0.0006035084677165625,-0.0006035084677165625,0.0,1,0,0,False
2026092805,mert_v1,ambient_balanced,1.0,isotonic,1,0.13868393333969264,0.5382615812415285,0,-0.014870503017934356,-0.014870503017934356,-0.014870503017934356,-0.014870503017934356,0.0,1,0,0,False,0.0008902931468716124,0.0008902931468716124,0.0008902931468716124,0.0008902931468716124,0.0,0,0,1,False
2026092805,mert_v1,ambient_balanced,1.0,platt,1,0.13779364019282103,0.44075877920862094,0,-0.015760796164805968,-0.015760796164805968,-0.015760796164805968,-0.015760796164805968,0.0,1,0,0,False,0.0,0.0,0.0,0.0,0.0,0,1,0,False
2026092805,mert_v1,ambient_balanced,1.0,prior_offset,1,0.14007252499040007,0.4437200848023254,0,-0.013481911367226929,-0.013481911367226929,-0.013481911367226929,-0.013481911367226929,0.0,1,0,0,False,0.0022788847975790394,0.0022788847975790394,0.0022788847975790394,0.0022788847975790394,0.0,0,0,1,False
2026092805,mert_v1,ambient_balanced,1.0,raw,1,0.153554436357627,0.47616719170996746,0,0.0,0.0,0.0,0.0,0.0,0,1,0,False,0.015760796164805968,0.015760796164805968,0.015760796164805968,0.015760796164805968,0.0,0,0,1,False
2026092805,mert_v1,ambient_balanced,1.0,ridge_platt,1,0.1383907431429348,0.44126580692713424,0,-0.015163693214692187,-0.015163693214692187,-0.015163693214692187,-0.015163693214692187,0.0,1,0,0,False,0.0005971029501137814,0.0005971029501137814,0.0005971029501137814,0.0005971029501137814,0.0,0,0,1,False
2026092805,mert_v1,ambient_balanced,1.0,temperature,1,0.15271288327332494,0.4749822342368556,0,-0.0008415530843020602,-0.0008415530843020602,-0.0008415530843020602,-0.0008415530843020602,0.0,1,0,0,False,0.014919243080503908,0.014919243080503908,0.014919243080503908,0.014919243080503908,0.0,0,0,1,False
2026092805,mert_v1,unweighted,0.25,beta,5,0.1468083164759522,0.4645392051903342,0,0.0067662595089007516,0.0019440482963371808,0.0006261507434921487,0.025144074325698207,0.024517923582206058,0,0,5,False,0.00019385286214540498,0.0008964382943603966,-0.0018922549971868707,0.0012147478318255689,0.0031070028290124396,2,0,3,True
2026092805,mert_v1,unweighted,0.25,isotonic,5,0.1548196897036765,1.2937797506448026,0,0.014777632736625034,0.008156946310955926,0.004799426874075724,0.03527034608304558,0.030470919208969854,0,0,5,False,0.008205226089869688,0.007268034118289607,0.005388023962409144,0.012486370240975347,0.007098346278566203,0,0,5,False
2026092805,mert_v1,unweighted,0.25,platt,5,0.14661446361380678,0.46325411137523,0,0.006572406646755347,0.0009149651320780605,-0.0005885970883334202,0.025422824308229397,0.026011421396562817,1,0,4,True,0.0,0.0,0.0,0.0,0.0,0,5,0,False
2026092805,mert_v1,unweighted,0.25,prior_offset,5,0.14004205696705144,0.44398617511249067,0,0.0,0.0,0.0,0.0,0.0,0,5,0,False,-0.006572406646755347,-0.0009149651320780605,-0.025422824308229397,0.0005885970883334202,0.026011421396562817,4,0,1,True
2026092805,mert_v1,unweighted,0.25,raw,5,0.14004205696705144,0.44398617511249067,0,0.0,0.0,0.0,0.0,0.0,0,5,0,False,-0.006572406646755347,-0.0009149651320780605,-0.025422824308229397,0.0005885970883334202,0.026011421396562817,4,0,1,True
2026092805,mert_v1,unweighted,0.25,ridge_platt,5,0.1432790580570207,0.4531814791575057,0,0.0032370010899692657,0.0,-1.4261222224282166e-05,0.015030054875456555,0.015044316097680838,1,2,2,True,-0.003335405556786081,-0.0009149651320780605,-0.010392769432772841,0.001757808884947476,0.012150578317720317,4,0,1,True
2026092805,mert_v1,unweighted,0.25,temperature,5,0.14384652817837046,0.4556089851665194,0,0.003804471211319033,-0.00015034774437663878,-0.0011380841651105755,0.01993182648967548,0.021069910654786056,3,0,2,True,-0.0027679354354363138,-0.0020269963577768946,-0.006627254767376939,0.0004382493439567814,0.00706550411133372,4,0,1,True
2026092805,mert_v1,unweighted,0.5,beta,5,0.14215879272402,0.45108597971874964,0,0.002116735756968563,0.0027518565269034623,-0.0008265726194618961,0.004753978455800861,0.005580551075262757,2,0,3,True,-0.0006859888932495672,-0.0006325165836516544,-0.0017553936190002617,0.0003829337732443594,0.002138327392244621,4,0,1,True
2026092805,mert_v1,unweighted,0.5,isotonic,5,0.14563485773463178,0.7175315657660069,0,0.0055928007675803415,0.004381168928533796,0.0017587242039223405,0.010857225045347113,0.009098500841424773,0,0,5,False,0.0027900761173622114,0.0025214987190666227,0.0008299032043839749,0.005953674717672108,0.005123771513288133,0,0,5,False
2026092805,mert_v1,unweighted,0.5,platt,5,0.14284478161726957,0.453329132704133,0,0.00280272465021813,0.002368922753659103,0.0008641884861868288,0.004948140684031349,0.00408395219784452,0,0,5,False,0.0,0.0,0.0,0.0,0.0,0,5,0,False
2026092805,mert_v1,unweighted,0.5,prior_offset,5,0.14004205696705144,0.44398617511249067,0,0.0,0.0,0.0,0.0,0.0,0,5,0,False,-0.00280272465021813,-0.002368922753659103,-0.004948140684031349,-0.0008641884861868288,0.00408395219784452,5,0,0,False
2026092805,mert_v1,unweighted,0.5,raw,5,0.14004205696705144,0.44398617511249067,0,0.0,0.0,0.0,0.0,0.0,0,5,0,False,-0.00280272465021813,-0.002368922753659103,-0.004948140684031349,-0.0008641884861868288,0.00408395219784452,5,0,0,False
2026092805,mert_v1,unweighted,0.5,ridge_platt,5,0.14028306615835678,0.44479255488524405,0,0.00024100919130534693,0.0,-0.0001878414367254,0.001272803613997897,0.001460645050723297,2,1,2,True,-0.002561715458912783,-0.0010961191396612058,-0.005135982120756749,-0.0006070460168849656,0.0045289361038717835,5,0,0,False
2026092805,mert_v1,unweighted,0.5,temperature,5,0.1414679307673334,0.44984296812272345,0,0.0014258738002819904,0.0014288037097574535,-0.0005761683038756349,0.0033283793760723324,0.0039045476799479673,1,0,4,True,-0.00137685084993614,-0.0009563950440323599,-0.00547971863155064,0.0006070055102906924,0.006086724141841332,3,0,2,True
2026092805,mert_v1,unweighted,1.0,beta,1,0.13726099803488473,0.43830044192042245,0,-0.002781058932166708,-0.002781058932166708,-0.002781058932166708,-0.002781058932166708,0.0,1,0,0,False,-0.0006087332957554759,-0.0006087332957554759,-0.0006087332957554759,-0.0006087332957554759,0.0,1,0,0,False
2026092805,mert_v1,unweighted,1.0,isotonic,1,0.13862446354777858,0.5391878996500471,0,-0.0014175934192728612,-0.0014175934192728612,-0.0014175934192728612,-0.0014175934192728612,0.0,1,0,0,False,0.0007547322171383708,0.0007547322171383708,0.0007547322171383708,0.0007547322171383708,0.0,0,0,1,False
2026092805,mert_v1,unweighted,1.0,platt,1,0.1378697313306402,0.44133531437357165,0,-0.002172325636411232,-0.002172325636411232,-0.002172325636411232,-0.002172325636411232,0.0,1,0,0,False,0.0,0.0,0.0,0.0,0.0,0,1,0,False
2026092805,mert_v1,unweighted,1.0,prior_offset,1,0.14004205696705144,0.4439861751124907,0,0.0,0.0,0.0,0.0,0.0,0,1,0,False,0.002172325636411232,0.002172325636411232,0.002172325636411232,0.002172325636411232,0.0,0,0,1,False
2026092805,mert_v1,unweighted,1.0,raw,1,0.14004205696705144,0.4439861751124907,0,0.0,0.0,0.0,0.0,0.0,0,1,0,False,0.002172325636411232,0.002172325636411232,0.002172325636411232,0.002172325636411232,0.0,0,0,1,False
2026092805,mert_v1,unweighted,1.0,ridge_platt,1,0.13810947403501156,0.4406887737652921,0,-0.001932582932039878,-0.001932582932039878,-0.001932582932039878,-0.001932582932039878,0.0,1,0,0,False,0.00023974270437135403,0.00023974270437135403,0.00023974270437135403,0.00023974270437135403,0.0,0,0,1,False
2026092805,mert_v1,unweighted,1.0,temperature,1,0.13935266104541738,0.44355356321152406,0,-0.0006893959216340562,-0.0006893959216340562,-0.0006893959216340562,-0.0006893959216340562,0.0,1,0,0,False,0.0014829297147771758,0.0014829297147771758,0.0014829297147771758,0.0014829297147771758,0.0,0,0,1,False
2026092806,maest,ambient_balanced,0.25,beta,5,0.1477229285883096,0.4683186722813959,0,0.0012028264890801498,0.0016295027639993132,-0.0024102082390822233,0.0061676537802140274,0.00857786201929625,2,0,3,True,0.0021949526629720605,0.002243509744664085,-0.00025146508130219347,0.005457125604486551,0.005708590685788745,2,0,3,True
2026092806,maest,ambient_balanced,0.25,isotonic,5,0.1530540203419401,1.2447338634610337,0,0.00653391824271064,0.005007769467178125,0.0022485094701048813,0.01273640946324725,0.010487899993142369,0,0,5,False,0.007526044416602551,0.00866638076459944,0.0025012060721733287,0.012025881287519774,0.009524675215346445,0,0,5,False
2026092806,maest,ambient_balanced,0.25,platt,5,0.14552797592533753,0.4560963042508502,0,-0.0009921261738919107,-0.002071528202435058,-0.003947451079976738,0.002506563395004796,0.006454014474981534,3,0,2,True,0.0,0.0,0.0,0.0,0.0,0,5,0,False
2026092806,maest,ambient_balanced,0.25,prior_offset,5,0.13973631199661932,0.43251896167276643,0,-0.006783790102610127,-0.006783790102610127,-0.006783790102610127,-0.006783790102610127,0.0,5,0,0,False,-0.005791663928718216,-0.004712261900175069,-0.009290353497614923,-0.0028363390226333884,0.006454014474981534,5,0,0,False
2026092806,maest,ambient_balanced,0.25,raw,5,0.14652010209922944,0.44904625989442204,0,0.0,0.0,0.0,0.0,0.0,0,5,0,False,0.0009921261738919107,0.002071528202435058,-0.002506563395004796,0.003947451079976738,0.006454014474981534,2,0,3,True
2026092806,maest,ambient_balanced,0.25,ridge_platt,5,0.14403837613322468,0.4430606247536436,0,-0.0024817259660047664,-0.0017359933102329694,-0.005521146464054133,0.000519071846957625,0.006040218311011758,4,0,1,True,-0.0014895997921128556,-0.003449618261619075,-0.00575233122850774,0.0033186922300626476,0.009071023458570387,3,0,2,True
2026092806,maest,ambient_balanced,0.25,temperature,5,0.15062448607383253,0.4690334068278868,0,0.004104383974603077,0.004701770554405904,0.0012870204774529936,0.0061103977833391054,0.004823377305886112,0,0,5,False,0.005096510148494987,0.005234471557429732,0.002195207159401108,0.007447241361434459,0.005252034202033351,0,0,5,False
2026092806,maest,ambient_balanced,0.5,beta,5,0.14286169805451102,0.44538693787162414,0,-0.003658404044718433,-0.0034351125737012433,-0.005663259210360927,-0.001833581560538644,0.003829677649822283,5,0,0,False,0.0011979585434652607,0.00029426588500960915,-0.00035008950879816814,0.0036014497655094957,0.003951539274307664,2,0,3,True
2026092806,maest,ambient_balanced,0.5,isotonic,5,0.1484955161170598,1.0460276867180878,0,0.0019754140178303513,0.0005111558405996863,-0.000874010016056942,0.005763792736787204,0.006637802752844146,2,0,3,True,0.006831776606014045,0.006394914498999649,0.004495752054308799,0.010856386877833413,0.0063606348235246135,0,0,5,False
2026092806,maest,ambient_balanced,0.5,platt,5,0.14166373951104574,0.4391351488038821,0,-0.004856362588183694,-0.0052994023385553035,-0.007036562339210739,-0.001483492051740476,0.005553070287470263,5,0,0,False,0.0,0.0,0.0,0.0,0.0,0,5,0,False
2026092806,maest,ambient_balanced,0.5,prior_offset,5,0.13973631199661932,0.43251896167276643,0,-0.006783790102610127,-0.006783790102610127,-0.006783790102610127,-0.006783790102610127,0.0,5,0,0,False,-0.001927427514426433,-0.001484387764054823,-0.005300298050869651,0.00025277223660061243,0.005553070287470263,4,0,1,True
2026092806,maest,ambient_balanced,0.5,raw,5,0.14652010209922944,0.44904625989442204,0,0.0,0.0,0.0,0.0,0.0,0,5,0,False,0.004856362588183694,0.0052994023385553035,0.001483492051740476,0.007036562339210739,0.005553070287470263,0,0,5,False
2026092806,maest,ambient_balanced,0.5,ridge_platt,5,0.14150265931081923,0.4355831622424076,0,-0.005017442788410214,-0.005821847253190765,-0.007296443709850886,-0.00011224293884021241,0.007184200771010674,5,0,0,False,-0.00016108020022652104,-0.00031917269059048015,-0.00581295165811041,0.005257519131525529,0.011070470789635939,3,0,2,True
2026092806,maest,ambient_balanced,0.5,temperature,5,0.14774299061363447,0.45293829929471807,0,0.0012228885144050295,0.0014594031582262357,-0.00011782928192685671,0.0020535579702683493,0.002171387252195206,1,0,4,True,0.006079251102588723,0.006918733057283882,0.0029428952099667116,0.007374465355475729,0.004431570145509017,0,0,5,False
2026092806,maest,ambient_balanced,1.0,beta,1,0.14045180336022822,0.436302518677371,0,-0.006068298739001221,-0.006068298739001221,-0.006068298739001221,-0.006068298739001221,0.0,1,0,0,False,0.0012595836983433362,0.0012595836983433362,0.0012595836983433362,0.0012595836983433362,0.0,0,0,1,False
2026092806,maest,ambient_balanced,1.0,isotonic,1,0.1436876138408733,0.819104396229174,0,-0.002832488258356136,-0.002832488258356136,-0.002832488258356136,-0.002832488258356136,0.0,1,0,0,False,0.004495394178988421,0.004495394178988421,0.004495394178988421,0.004495394178988421,0.0,0,0,1,False
2026092806,maest,ambient_balanced,1.0,platt,1,0.1391922196618849,0.43003805137915635,0,-0.007327882437344557,-0.007327882437344557,-0.007327882437344557,-0.007327882437344557,0.0,1,0,0,False,0.0,0.0,0.0,0.0,0.0,0,1,0,False
2026092806,maest,ambient_balanced,1.0,prior_offset,1,0.13973631199661932,0.4325189616727665,0,-0.006783790102610127,-0.006783790102610127,-0.006783790102610127,-0.006783790102610127,0.0,1,0,0,False,0.0005440923347344306,0.0005440923347344306,0.0005440923347344306,0.0005440923347344306,0.0,0,0,1,False
2026092806,maest,ambient_balanced,1.0,raw,1,0.14652010209922944,0.44904625989442204,0,0.0,0.0,0.0,0.0,0.0,0,1,0,False,0.007327882437344557,0.007327882437344557,0.007327882437344557,0.007327882437344557,0.0,0,0,1,False
2026092806,maest,ambient_balanced,1.0,ridge_platt,1,0.13923565485426243,0.43021528346799565,0,-0.007284447244967018,-0.007284447244967018,-0.007284447244967018,-0.007284447244967018,0.0,1,0,0,False,4.34351923775389e-05,4.34351923775389e-05,4.34351923775389e-05,4.34351923775389e-05,0.0,0,0,1,False
2026092806,maest,ambient_balanced,1.0,temperature,1,0.14695389632516295,0.44925547758803874,0,0.00043379422593350925,0.00043379422593350925,0.00043379422593350925,0.00043379422593350925,0.0,0,0,1,False,0.0077616766632780665,0.0077616766632780665,0.0077616766632780665,0.0077616766632780665,0.0,0,0,1,False
2026092806,maest,unweighted,0.25,beta,5,0.14764036047788012,0.4705251921181882,0,0.008755616134945876,0.008755630191609326,0.004990794769799467,0.015399980095318344,0.010409185325518877,0,0,5,False,0.0023812007722266828,0.0020118212894053022,-0.00021634969548908756,0.006918249574530105,0.007134599270019193,2,0,3,True
2026092806,maest,unweighted,0.25,isotonic,5,0.1535499825435326,1.3232124096750444,0,0.014665238200598379,0.013064804569580868,0.009852552125513642,0.02426801895843972,0.014415466832926077,0,0,5,False,0.008290822837879186,0.007250673338099645,0.0034083902694462265,0.01578628843765148,0.012377898168205254,0,0,5,False
2026092806,maest,unweighted,0.25,platt,5,0.14525915970565345,0.45627444297049247,0,0.006374415362719194,0.0055091231093501725,0.0029789734803941648,0.009656414300134641,0.006677440819740477,0,0,5,False,0.0,0.0,0.0,0.0,0.0,0,5,0,False
2026092806,maest,unweighted,0.25,prior_offset,5,0.13888474434293424,0.429990797194897,0,0.0,0.0,0.0,0.0,0.0,0,5,0,False,-0.006374415362719194,-0.0055091231093501725,-0.009656414300134641,-0.0029789734803941648,0.006677440819740477,5,0,0,False
2026092806,maest,unweighted,0.25,raw,5,0.13888474434293424,0.429990797194897,0,0.0,0.0,0.0,0.0,0.0,0,5,0,False,-0.006374415362719194,-0.0055091231093501725,-0.009656414300134641,-0.0029789734803941648,0.006677440819740477,5,0,0,False
2026092806,maest,unweighted,0.25,ridge_platt,5,0.14035878554941567,0.4340526751048007,0,0.0014740412064814356,0.001370970655843351,0.0,0.0032018745866892184,0.0032018745866892184,0,1,4,False,-0.004900374156237758,-0.0041381524535068215,-0.007035580160057342,-0.0029789734803941648,0.004056606679663177,5,0,0,False
2026092806,maest,unweighted,0.25,temperature,5,0.14197868168917852,0.4474763262405439,0,0.0030939373462442687,0.0038016018626560455,0.0001260526312032717,0.005089528919971303,0.004963476288768032,0,0,5,False,-0.0032804780164749246,-0.002852920849190893,-0.007995820535611597,-0.00015630648295744676,0.00783951405265415,5,0,0,False
2026092806,maest,unweighted,0.5,beta,5,0.14294423142663154,0.4467874012522309,0,0.004059487083697288,0.004132237011403472,0.001902056075594044,0.005805044865996811,0.003902988790402767,0,0,5,False,0.0013986435220487258,0.0005216104469095151,-0.0003542964354474043,0.0037785043806932705,0.004132800816140675,2,0,3,True
2026092806,maest,unweighted,0.5,isotonic,5,0.14755218102559034,1.0426121061019855,0,0.008667436682656088,0.007943251133215673,0.005783300110526912,0.01251257869634459,0.006729278585817677,0,0,5,False,0.006006593121007525,0.004848652256995656,0.0037326584490627868,0.009903518634306108,0.006170860185243321,0,0,5,False
2026092806,maest,unweighted,0.5,platt,5,0.14154558790458277,0.4395377474080801,0,0.0026608435616485627,0.0023073420298076464,0.0003537326307102018,0.005983441424222358,0.005629708793512156,0,0,5,False,0.0,0.0,0.0,0.0,0.0,0,5,0,False
2026092806,maest,unweighted,0.5,prior_offset,5,0.13888474434293424,0.429990797194897,0,0.0,0.0,0.0,0.0,0.0,0,5,0,False,-0.0026608435616485627,-0.0023073420298076464,-0.005983441424222358,-0.0003537326307102018,0.005629708793512156,5,0,0,False
2026092806,maest,unweighted,0.5,raw,5,0.13888474434293424,0.429990797194897,0,0.0,0.0,0.0,0.0,0.0,0,5,0,False,-0.0026608435616485627,-0.0023073420298076464,-0.005983441424222358,-0.0003537326307102018,0.005629708793512156,5,0,0,False
2026092806,maest,unweighted,0.5,ridge_platt,5,0.1388752705617548,0.4297170842370875,0,-9.47378117940878e-06,0.0,-0.00011224293884021241,6.487403294316851e-05,0.00017711697178338093,1,3,1,True,-0.0026703173428279715,-0.0023073420298076464,-0.005918567391279189,-0.0003537326307102018,0.005564834760568987,5,0,0,False
2026092806,maest,unweighted,0.5,temperature,5,0.14000325129091792,0.43435451105460404,0,0.001118506947983694,0.001139913294045919,0.00015844954036092762,0.001947151195888508,0.0017887016555275803,0,0,5,False,-0.0015423366136648685,-0.001469146767992563,-0.00403629022833385,-0.0001611835971974951,0.0038751066311363547,5,0,0,False
2026092806,maest,unweighted,1.0,beta,1,0.14033174085735972,0.4363615503681775,0,0.0014469965144254804,0.0014469965144254804,0.0014469965144254804,0.0014469965144254804,0.0,0,0,1,False,0.0013153021808306464,0.0013153021808306464,0.0013153021808306464,0.0013153021808306464,0.0,0,0,1,False
2026092806,maest,unweighted,1.0,isotonic,1,0.1424124053116593,0.8160504523796143,0,0.0035276609687250604,0.0035276609687250604,0.0035276609687250604,0.0035276609687250604,0.0,0,0,1,False,0.0033959666351302265,0.0033959666351302265,0.0033959666351302265,0.0033959666351302265,0.0,0,0,1,False
2026092806,maest,unweighted,1.0,platt,1,0.13901643867652907,0.4299646814164995,0,0.00013169433359483396,0.00013169433359483396,0.00013169433359483396,0.00013169433359483396,0.0,0,0,1,False,0.0,0.0,0.0,0.0,0.0,0,1,0,False
2026092806,maest,unweighted,1.0,prior_offset,1,0.13888474434293424,0.4299907971948971,0,0.0,0.0,0.0,0.0,0.0,0,1,0,False,-0.00013169433359483396,-0.00013169433359483396,-0.00013169433359483396,-0.00013169433359483396,0.0,1,0,0,False
2026092806,maest,unweighted,1.0,raw,1,0.13888474434293424,0.4299907971948971,0,0.0,0.0,0.0,0.0,0.0,0,1,0,False,-0.00013169433359483396,-0.00013169433359483396,-0.00013169433359483396,-0.00013169433359483396,0.0,1,0,0,False
2026092806,maest,unweighted,1.0,ridge_platt,1,0.13888474434293424,0.4299907971948971,0,0.0,0.0,0.0,0.0,0.0,0,1,0,False,-0.00013169433359483396,-0.00013169433359483396,-0.00013169433359483396,-0.00013169433359483396,0.0,1,0,0,False
2026092806,maest,unweighted,1.0,temperature,1,0.13925279863148948,0.43021282010545553,0,0.0003680542885552418,0.0003680542885552418,0.0003680542885552418,0.0003680542885552418,0.0,0,0,1,False,0.00023635995496040785,0.00023635995496040785,0.00023635995496040785,0.00023635995496040785,0.0,0,0,1,False
2026092806,mert_v0,ambient_balanced,0.25,beta,5,0.14986608420872524,0.4695515311459575,0,-0.01146634580480847,-0.011678314255878647,-0.014089843698999988,-0.008696676439622186,0.005393167259377801,5,0,0,False,0.000977439885572262,0.0005432962875226433,-0.0006154737314081893,0.0030075069785644726,0.003622980709972662,1,0,4,True
2026092806,mert_v0,ambient_balanced,0.25,isotonic,5,0.15658634004889177,1.0455406947255506,0,-0.004746089964641942,-0.00435683179160079,-0.00757759380821299,-0.0011639460220047582,0.006413647786208232,5,0,0,False,0.00769769572573879,0.006075146592582986,0.005585920509296294,0.014012793466431972,0.008426872957135678,0,0,5,False
2026092806,mert_v0,ambient_balanced,0.25,platt,5,0.14888864432315302,0.46528139465871643,0,-0.012443785690380732,-0.01222161054340129,-0.01517673948843673,-0.010431978384183777,0.004744761104252954,5,0,0,False,0.0,0.0,0.0,0.0,0.0,0,5,0,False
2026092806,mert_v0,ambient_balanced,0.25,prior_offset,5,0.14729359684462,0.4578521446009264,0,-0.014038833168913717,-0.014038833168913717,-0.014038833168913717,-0.014038833168913717,0.0,5,0,0,False,-0.001595047478532985,-0.0018172226255124269,-0.0036068547847299404,0.0011379063195230132,0.004744761104252954,4,0,1,True
2026092806,mert_v0,ambient_balanced,0.25,raw,5,0.16133243001353373,0.49218086252502385,0,0.0,0.0,0.0,0.0,0.0,0,5,0,False,0.012443785690380732,0.01222161054340129,0.010431978384183777,0.01517673948843673,0.004744761104252954,0,0,5,False
2026092806,mert_v0,ambient_balanced,0.25,ridge_platt,5,0.15097273729673416,0.4701594388616651,0,-0.010359692716799535,-0.010893715952683541,-0.013808185414303648,-0.00628598300555841,0.007522202408745238,5,0,0,False,0.0020840929735811975,0.004283023535753189,-0.0015865748709023575,0.004659420478698217,0.006245995349600575,2,0,3,True
2026092806,mert_v0,ambient_balanced,0.25,temperature,5,0.16145289399017118,0.4956016984043862,0,0.00012046397663745823,-0.0004257456699280071,-0.0007537643890510592,0.0016276799952733012,0.0023814443843243605,3,0,2,True,0.01256424966701819,0.012720605578540739,0.010229489354530358,0.014750993818508723,0.004521504463978365,0,0,5,False
2026092806,mert_v0,ambient_balanced,0.5,beta,5,0.14738753900850426,0.4592089283277113,0,-0.013944891005029459,-0.013458919145614423,-0.01537773699189482,-0.013277946424460979,0.00209979056743384,5,0,0,False,0.0004518760737561467,0.0003056161783172029,-0.0008987569616719648,0.0016156617076140967,0.0025144186692860615,1,0,4,True
2026092806,mert_v0,ambient_balanced,0.5,isotonic,5,0.15236932501146289,0.7473598510250855,0,-0.008963105002070853,-0.008372848304624675,-0.012077555630456344,-0.007085963170685161,0.0049915924597711825,5,0,0,False,0.005433662076714751,0.006603299498290305,0.0004826065534861146,0.007612071377127522,0.007129464823641407,0,0,5,False
2026092806,mert_v0,ambient_balanced,0.5,platt,5,0.14693566293474813,0.45600942843885495,0,-0.014396767078785604,-0.014245576517460667,-0.015811175609793893,-0.012560162183942458,0.0032510134258514345,5,0,0,False,0.0,0.0,0.0,0.0,0.0,0,5,0,False
2026092806,mert_v0,ambient_balanced,0.5,prior_offset,5,0.14729359684462,0.4578521446009264,0,-0.014038833168913717,-0.014038833168913717,-0.014038833168913717,-0.014038833168913717,0.0,5,0,0,False,0.0003579339098718881,0.00020674334854695053,-0.0014786709849712587,0.0017723424408801758,0.0032510134258514345,2,0,3,True
2026092806,mert_v0,ambient_balanced,0.5,raw,5,0.16133243001353373,0.49218086252502385,0,0.0,0.0,0.0,0.0,0.0,0,5,0,False,0.014396767078785604,0.014245576517460667,0.012560162183942458,0.015811175609793893,0.0032510134258514345,0,0,5,False
2026092806,mert_v0,ambient_balanced,0.5,ridge_platt,5,0.14813025220731604,0.4592878274449796,0,-0.013202177806217708,-0.013739811149157344,-0.014725101931923557,-0.009970458215522199,0.004754643716401358,5,0,0,False,0.0011945892725678975,-5.624323663835917e-05,-0.0013784125573460815,0.005840717394271694,0.007219129951617775,3,0,2,True
2026092806,mert_v0,ambient_balanced,0.5,temperature,5,0.16017334341432762,0.48765425292542053,0,-0.001159086599206094,-0.0018068976367496548,-0.0018839803728705196,0.0002786261879927643,0.002162606560863284,4,0,1,True,0.013237680479579511,0.013112632882618797,0.012361596144590148,0.014004277973044238,0.00164268182845409,0,0,5,False
2026092806,mert_v0,ambient_balanced,1.0,beta,1,0.14618050496521384,0.45355800591071704,0,-0.015151925048319886,-0.015151925048319886,-0.015151925048319886,-0.015151925048319886,0.0,1,0,0,False,0.000493297903901152,0.000493297903901152,0.000493297903901152,0.000493297903901152,0.0,0,0,1,False
2026092806,mert_v0,ambient_balanced,1.0,isotonic,1,0.14922759761506016,0.594577192941585,0,-0.01210483239847357,-0.01210483239847357,-0.01210483239847357,-0.01210483239847357,0.0,1,0,0,False,0.003540390553747469,0.003540390553747469,0.003540390553747469,0.003540390553747469,0.0,0,0,1,False
2026092806,mert_v0,ambient_balanced,1.0,platt,1,0.1456872070613127,0.4512788537686209,0,-0.01564522295222104,-0.01564522295222104,-0.01564522295222104,-0.01564522295222104,0.0,1,0,0,False,0.0,0.0,0.0,0.0,0.0,0,1,0,False
2026092806,mert_v0,ambient_balanced,1.0,prior_offset,1,0.14729359684462,0.4578521446009264,0,-0.014038833168913717,-0.014038833168913717,-0.014038833168913717,-0.014038833168913717,0.0,1,0,0,False,0.0016063897833073215,0.0016063897833073215,0.0016063897833073215,0.0016063897833073215,0.0,0,0,1,False
2026092806,mert_v0,ambient_balanced,1.0,raw,1,0.16133243001353373,0.49218086252502385,0,0.0,0.0,0.0,0.0,0.0,0,1,0,False,0.01564522295222104,0.01564522295222104,0.01564522295222104,0.01564522295222104,0.0,0,0,1,False
2026092806,mert_v0,ambient_balanced,1.0,ridge_platt,1,0.14647789207533696,0.4540789888687042,0,-0.014854537938196771,-0.014854537938196771,-0.014854537938196771,-0.014854537938196771,0.0,1,0,0,False,0.0007906850140242672,0.0007906850140242672,0.0007906850140242672,0.0007906850140242672,0.0,0,0,1,False
2026092806,mert_v0,ambient_balanced,1.0,temperature,1,0.15984693011962858,0.48598917475700304,0,-0.0014854998939051456,-0.0014854998939051456,-0.0014854998939051456,-0.0014854998939051456,0.0,1,0,0,False,0.014159723058315893,0.014159723058315893,0.014159723058315893,0.014159723058315893,0.0,0,0,1,False
2026092806,mert_v0,unweighted,0.25,beta,5,0.1500832275970103,0.4702689216220657,0,0.0025406516739151287,0.0022613343543288478,5.390545326133811e-05,0.005041205648389169,0.004987300195127831,0,0,5,False,0.0010193553617912077,0.0007395146489563853,-0.0004733842414037792,0.003089130316337396,0.0035625145577411754,1,0,4,True
2026092806,mert_v0,unweighted,0.25,isotonic,5,0.15620847202319388,0.93492330685048,0,0.008665896100098703,0.009286531989273178,0.005395044854671349,0.01150706659986192,0.006112021745190571,0,0,5,False,0.0071445997879747815,0.006164964633965764,0.004867755160006232,0.012663516859016871,0.007795761699010639,0,0,5,False
2026092806,mert_v0,unweighted,0.25,platt,5,0.14906387223521908,0.4661894464492054,0,0.001521296312123921,0.0015218197053724625,-0.0011564502591549508,0.0035922550644295614,0.004748705323584512,1,0,4,True,0.0,0.0,0.0,0.0,0.0,0,5,0,False
2026092806,mert_v0,unweighted,0.25,prior_offset,5,0.14754257592309517,0.4588845448405626,0,0.0,0.0,0.0,0.0,0.0,0,5,0,False,-0.001521296312123921,-0.0015218197053724625,-0.0035922550644295614,0.0011564502591549508,0.004748705323584512,4,0,1,True
2026092806,mert_v0,unweighted,0.25,raw,5,0.14754257592309517,0.4588845448405626,0,0.0,0.0,0.0,0.0,0.0,0,5,0,False,-0.001521296312123921,-0.0015218197053724625,-0.0035922550644295614,0.0011564502591549508,0.004748705323584512,4,0,1,True
2026092806,mert_v0,unweighted,0.25,ridge_platt,5,0.14802523806030005,0.46275775049194046,0,0.00048266213720485893,-0.00012334811167391546,-0.0015443346335204666,0.0028900395867734463,0.004434374220293913,3,0,2,True,-0.001038634174919062,-0.0009273175195940175,-0.0020012733950554307,-0.00023152776853396784,0.0017697456265214628,5,0,0,False
2026092806,mert_v0,unweighted,0.25,temperature,5,0.14809541121095243,0.46423717309791923,0,0.0005528352878572618,-0.0003291033560839651,-0.0006035833976177074,0.0030297406197160037,0.003633324017333711,3,0,2,True,-0.0009684610242666591,-0.0005625144447135577,-0.0037232166485940965,0.0008273469030709857,0.004550563551665082,4,0,1,True
2026092806,mert_v0,unweighted,0.5,beta,5,0.14783935279822505,0.4594976092082185,0,0.00029677687512990046,0.0006793818756073433,-0.0010521225997849881,0.0009873402015460053,0.0020394628013309934,2,0,3,True,0.0005994317269009842,0.0005045527311016706,-0.0007911613786563132,0.0016938109753468211,0.0024849723540031343,1,0,4,True
2026092806,mert_v0,unweighted,0.5,isotonic,5,0.15176991878328966,0.6365261246488234,0,0.0042273428601944715,0.005070493152814881,0.0021989804633219256,0.005884344898992089,0.003685364435670163,0,0,5,False,0.004529997711965555,0.00519366498621357,0.0007284372090582691,0.007238966626092941,0.006510529417034672,0,0,5,False
2026092806,mert_v0,unweighted,0.5,platt,5,0.14723992107132408,0.4572185983792636,0,-0.00030265485177108364,-0.00012317183339868865,-0.0017177656902453708,0.0014705432542636565,0.0031883089445090274,3,0,2,True,0.0,0.0,0.0,0.0,0.0,0,5,0,False
2026092806,mert_v0,unweighted,0.5,prior_offset,5,0.14754257592309517,0.4588845448405626,0,0.0,0.0,0.0,0.0,0.0,0,5,0,False,0.00030265485177108364,0.00012317183339868865,-0.0014705432542636565,0.0017177656902453708,0.0031883089445090274,2,0,3,True
2026092806,mert_v0,unweighted,0.5,raw,5,0.14754257592309517,0.4588845448405626,0,0.0,0.0,0.0,0.0,0.0,0,5,0,False,0.00030265485177108364,0.00012317183339868865,-0.0014705432542636565,0.0017177656902453708,0.0031883089445090274,2,0,3,True
2026092806,mert_v0,unweighted,0.5,ridge_platt,5,0.1472027293702544,0.45726637019175476,0,-0.0003398465528407779,0.0,-0.0013036277344811165,0.00030241690289775636,0.0016060446373788728,2,2,1,True,-3.719170106969427e-05,-0.00038868688207802093,-0.0011681263513659002,0.0015315668715530362,0.0026996932229189363,3,0,2,True
2026092806,mert_v0,unweighted,0.5,temperature,5,0.146784834284789,0.45599232942440737,0,-0.0007577416383061752,-0.0015316169229725451,-0.001577689169652341,0.0011779028594113006,0.0027555920290636415,4,0,1,True,-0.0004550867865350916,-0.00029264039485235593,-0.0014226446685107474,0.00014007652059302989,0.0015627211891037773,4,0,1,True
2026092806,mert_v0,unweighted,1.0,beta,1,0.146586289529932,0.45459112356583997,0,-0.0009562863931631693,-0.0009562863931631693,-0.0009562863931631693,-0.0009562863931631693,0.0,1,0,0,False,0.0005972610285938096,0.0005972610285938096,0.0005972610285938096,0.0005972610285938096,0.0,0,0,1,False
2026092806,mert_v0,unweighted,1.0,isotonic,1,0.14914724357044784,0.5611197879101771,0,0.0016046676473526755,0.0016046676473526755,0.0016046676473526755,0.0016046676473526755,0.0,0,0,1,False,0.0031582150691096544,0.0031582150691096544,0.0031582150691096544,0.0031582150691096544,0.0,0,0,1,False
2026092806,mert_v0,unweighted,1.0,platt,1,0.14598902850133819,0.4524907348714378,0,-0.001553547421756979,-0.001553547421756979,-0.001553547421756979,-0.001553547421756979,0.0,1,0,0,False,0.0,0.0,0.0,0.0,0.0,0,1,0,False
2026092806,mert_v0,unweighted,1.0,prior_offset,1,0.14754257592309517,0.4588845448405627,0,0.0,0.0,0.0,0.0,0.0,0,1,0,False,0.001553547421756979,0.001553547421756979,0.001553547421756979,0.001553547421756979,0.0,0,0,1,False
2026092806,mert_v0,unweighted,1.0,raw,1,0.14754257592309517,0.4588845448405627,0,0.0,0.0,0.0,0.0,0.0,0,1,0,False,0.001553547421756979,0.001553547421756979,0.001553547421756979,0.001553547421756979,0.0,0,0,1,False
2026092806,mert_v0,unweighted,1.0,ridge_platt,1,0.1467246982461274,0.45490568564453365,0,-0.0008178776769677543,-0.0008178776769677543,-0.0008178776769677543,-0.0008178776769677543,0.0,1,0,0,False,0.0007356697447892246,0.0007356697447892246,0.0007356697447892246,0.0007356697447892246,0.0,0,0,1,False
2026092806,mert_v0,unweighted,1.0,temperature,1,0.1462598911053117,0.4533106187224007,0,-0.0012826848177834582,-0.0012826848177834582,-0.0012826848177834582,-0.0012826848177834582,0.0,1,0,0,False,0.0002708626039735207,0.0002708626039735207,0.0002708626039735207,0.0002708626039735207,0.0,0,0,1,False
2026092806,mert_v1,ambient_balanced,0.25,beta,5,0.1481881020011783,0.4699610105511409,0,-0.01077568994288039,-0.01185205856690133,-0.012874701996456017,-0.007745073410362124,0.005129628586093893,5,0,0,False,0.00047089776563881137,0.00031546050050107466,-0.00011948380634968503,0.0013601679048248216,0.0014796517111745067,1,0,4,True
2026092806,mert_v1,ambient_balanced,0.25,isotonic,5,0.1594611574416985,1.2419083088143457,0,0.0004973654976398401,0.0009495625681711639,-0.005174455257054678,0.004134431282894896,0.009308886539949573,1,0,4,True,0.011743953206159041,0.012844014315299551,0.006993063810347727,0.015010517215221508,0.008017453404873781,0,0,5,False
2026092806,mert_v1,ambient_balanced,0.25,platt,5,0.1477172042355395,0.4677567706248074,0,-0.0112465877085192,-0.011894451747128387,-0.012755218190106332,-0.00853966360563227,0.004215554584474063,5,0,0,False,0.0,0.0,0.0,0.0,0.0,0,5,0,False
2026092806,mert_v1,ambient_balanced,0.25,prior_offset,5,0.145750796985318,0.45399717891067715,0,-0.013212994958740676,-0.013212994958740676,-0.013212994958740676,-0.013212994958740676,0.0,5,0,0,False,-0.0019664072502214745,-0.0013185432116122886,-0.004673331353108406,-0.0004577767686343437,0.004215554584474063,5,0,0,False
2026092806,mert_v1,ambient_balanced,0.25,raw,5,0.15896379194405869,0.4873524191002782,0,0.0,0.0,0.0,0.0,0.0,0,5,0,False,0.0112465877085192,0.011894451747128387,0.00853966360563227,0.012755218190106332,0.004215554584474063,0,0,5,False
2026092806,mert_v1,ambient_balanced,0.25,ridge_platt,5,0.14887644852994522,0.46593067383546344,0,-0.010087343414113475,-0.009994006769953045,-0.012724064538610719,-0.0075448606866974355,0.005179203851913283,5,0,0,False,0.0011592442944057257,0.0021735122974493593,-0.004184400932978449,0.004349591060430952,0.008533991993409401,2,0,3,True
2026092806,mert_v1,ambient_balanced,0.25,temperature,5,0.15962402880266063,0.4930516204940723,0,0.0006602368586019425,0.0008172841607327064,-0.0011281899379813054,0.0025372258377682755,0.003665415775749581,2,0,3,True,0.011906824567121143,0.011627028252125027,0.010377704249927094,0.01470474490517068,0.004327040655243586,0,0,5,False
2026092806,mert_v1,ambient_balanced,0.5,beta,5,0.14594063826222353,0.45476722694143845,0,-0.013023153681835153,-0.013164217117852983,-0.014842873213529423,-0.0112976752409365,0.003545197972592923,5,0,0,False,0.0002787994751478395,0.0005272199945694223,-0.0005160604174219152,0.000877419425010656,0.0013934798424325712,2,0,3,True
2026092806,mert_v1,ambient_balanced,0.5,isotonic,5,0.15175697360176912,0.8560307408007232,0,-0.007206818342289584,-0.007075310959099662,-0.009725665244343568,-0.004566171104779498,0.005159494139564069,5,0,0,False,0.006095134814693409,0.0056444279637552774,0.0037270171283827203,0.008314590338144717,0.004587573209761997,0,0,5,False
2026092806,mert_v1,ambient_balanced,0.5,platt,5,0.1456618387870757,0.4517851653371013,0,-0.013301953156982993,-0.01404163654286364,-0.015370093208098845,-0.010802328087482382,0.004567765120616463,5,0,0,False,0.0,0.0,0.0,0.0,0.0,0,5,0,False
2026092806,mert_v1,ambient_balanced,0.5,prior_offset,5,0.145750796985318,0.45399717891067715,0,-0.013212994958740676,-0.013212994958740676,-0.013212994958740676,-0.013212994958740676,0.0,5,0,0,False,8.89581982423171e-05,0.0008286415841229633,-0.0024106668712582935,0.002157098249358169,0.004567765120616463,2,0,3,True
2026092806,mert_v1,ambient_balanced,0.5,raw,5,0.15896379194405869,0.4873524191002782,0,0.0,0.0,0.0,0.0,0.0,0,5,0,False,0.013301953156982993,0.01404163654286364,0.010802328087482382,0.015370093208098845,0.004567765120616463,0,0,5,False
2026092806,mert_v1,ambient_balanced,0.5,ridge_platt,5,0.14660279335192533,0.4556083169443365,0,-0.012360998592133387,-0.013196422010384706,-0.01360573474192106,-0.010409809406521003,0.003195925335400057,5,0,0,False,0.0009409545648496054,0.0009580430271605433,-0.002803406654438678,0.004960283801577842,0.00776369045601652,1,0,4,True
2026092806,mert_v1,ambient_balanced,0.5,temperature,5,0.1577976566289263,0.48153180405743823,0,-0.0011661353151323716,-0.0013729292468213639,-0.0018181889085343017,0.0002349796329958742,0.002053168541530176,4,0,1,True,0.01213581784185062,0.012325030137403464,0.010795092712863025,0.013997163961277481,0.0032020712484144565,0,0,5,False
2026092806,mert_v1,ambient_balanced,1.0,beta,1,0.14396607053845406,0.44673221466121826,0,-0.014997721405604625,-0.014997721405604625,-0.014997721405604625,-0.014997721405604625,0.0,1,0,0,False,-0.00018110248817937435,-0.00018110248817937435,-0.00018110248817937435,-0.00018110248817937435,0.0,1,0,0,False
2026092806,mert_v1,ambient_balanced,1.0,isotonic,1,0.14924216209824565,0.5633066833318005,0,-0.00972162984581304,-0.00972162984581304,-0.00972162984581304,-0.00972162984581304,0.0,1,0,0,False,0.00509498907161221,0.00509498907161221,0.00509498907161221,0.00509498907161221,0.0,0,0,1,False
2026092806,mert_v1,ambient_balanced,1.0,platt,1,0.14414717302663344,0.44677577502613036,0,-0.01481661891742525,-0.01481661891742525,-0.01481661891742525,-0.01481661891742525,0.0,1,0,0,False,0.0,0.0,0.0,0.0,0.0,0,1,0,False
2026092806,mert_v1,ambient_balanced,1.0,prior_offset,1,0.145750796985318,0.45399717891067715,0,-0.013212994958740676,-0.013212994958740676,-0.013212994958740676,-0.013212994958740676,0.0,1,0,0,False,0.0016036239586845746,0.0016036239586845746,0.0016036239586845746,0.0016036239586845746,0.0,0,0,1,False
2026092806,mert_v1,ambient_balanced,1.0,raw,1,0.15896379194405869,0.4873524191002782,0,0.0,0.0,0.0,0.0,0.0,0,1,0,False,0.01481661891742525,0.01481661891742525,0.01481661891742525,0.01481661891742525,0.0,0,0,1,False
2026092806,mert_v1,ambient_balanced,1.0,ridge_platt,1,0.14452576924322003,0.44955339720065696,0,-0.01443802270083866,-0.01443802270083866,-0.01443802270083866,-0.01443802270083866,0.0,1,0,0,False,0.0003785962165865908,0.0003785962165865908,0.0003785962165865908,0.0003785962165865908,0.0,0,0,1,False
2026092806,mert_v1,ambient_balanced,1.0,temperature,1,0.15760698903511314,0.48028900406607944,0,-0.001356802908945548,-0.001356802908945548,-0.001356802908945548,-0.001356802908945548,0.0,1,0,0,False,0.013459816008479702,0.013459816008479702,0.013459816008479702,0.013459816008479702,0.0,0,0,1,False
2026092806,mert_v1,unweighted,0.25,beta,5,0.14817143109509728,0.4700089555326997,0,0.002299063871592416,0.0014214908683101712,0.00016027689040273851,0.0049124307820811175,0.004752153891678379,0,0,5,False,0.0004348134787824476,0.0003006705433790946,-4.985432591669836e-05,0.0013681648483048203,0.0014180191742215187,1,0,4,True
2026092806,mert_v1,unweighted,0.25,isotonic,5,0.1608769661318993,1.2549468443594312,0,0.015004598908394461,0.016017290255776556,0.008188232141927765,0.01840015221211705,0.010211920070189284,0,0,5,False,0.013140348515584493,0.014879546593152493,0.007067411816996688,0.017142594594641514,0.010075182777644826,0,0,5,False
2026092806,mert_v1,unweighted,0.25,platt,5,0.14773661761631485,0.46811194320284183,0,0.0018642503928099686,0.0011377436626240633,0.00021013121631943688,0.004502025653074476,0.004291894436755039,0,0,5,False,0.0,0.0,0.0,0.0,0.0,0,5,0,False
2026092806,mert_v1,unweighted,0.25,prior_offset,5,0.14587236722350486,0.45492467164966877,0,0.0,0.0,0.0,0.0,0.0,0,5,0,False,-0.0018642503928099686,-0.0011377436626240633,-0.004502025653074476,-0.00021013121631943688,0.004291894436755039,5,0,0,False
2026092806,mert_v1,unweighted,0.25,raw,5,0.14587236722350486,0.45492467164966877,0,0.0,0.0,0.0,0.0,0.0,0,5,0,False,-0.0018642503928099686,-0.0011377436626240633,-0.004502025653074476,-0.00021013121631943688,0.004291894436755039,5,0,0,False
2026092806,mert_v1,unweighted,0.25,ridge_platt,5,0.14615372155039594,0.4590613897755376,0,0.0002813543268910812,0.00013327036394716885,-0.0008665001983306775,0.001264356401745853,0.0021308566000765305,2,0,3,True,-0.0015828960659188874,-0.0011755390413397682,-0.004368755289127307,0.00012661273912178972,0.004495368028249097,4,0,1,True
2026092806,mert_v1,unweighted,0.25,temperature,5,0.14709677862910114,0.4625196009707399,0,0.0012244114055962817,0.002377300048474029,-0.0008849696322321965,0.0026439961393541767,0.003528965771586373,2,0,3,True,-0.0006398389872136867,-0.0010951008485516334,-0.0019736784901219495,0.0012564797235429526,0.003230158213664902,3,0,2,True
2026092806,mert_v1,unweighted,0.5,beta,5,0.1463190366281589,0.4549596405273565,0,0.0004466694046540598,0.0004524165912162814,-0.001366122052029184,0.002158219400780842,0.003524341452810026,2,0,3,True,0.0005531094023354555,0.0006330826899479391,-0.00033694902126416015,0.0012143080569277098,0.00155125707819187,1,0,4,True
2026092806,mert_v1,unweighted,0.5,isotonic,5,0.1521696516101255,0.8432811374579023,0,0.006297284386620661,0.006552206015480372,0.0038879481483269918,0.008471472599365287,0.0045835244510382955,0,0,5,False,0.006403724384302057,0.005887152890304115,0.00416152189332783,0.009138232406742858,0.004976710513415028,0,0,5,False
2026092806,mert_v1,unweighted,0.5,platt,5,0.14576592722582346,0.4523617403888909,0,-0.00010643999768139567,-0.0007618914657114284,-0.001999204741977123,0.002390684122152542,0.004389888864129665,3,0,2,True,0.0,0.0,0.0,0.0,0.0,0,5,0,False
2026092806,mert_v1,unweighted,0.5,prior_offset,5,0.14587236722350486,0.45492467164966877,0,0.0,0.0,0.0,0.0,0.0,0,5,0,False,0.00010643999768139567,0.0007618914657114284,-0.002390684122152542,0.001999204741977123,0.004389888864129665,2,0,3,True
2026092806,mert_v1,unweighted,0.5,raw,5,0.14587236722350486,0.45492467164966877,0,0.0,0.0,0.0,0.0,0.0,0,5,0,False,0.00010643999768139567,0.0007618914657114284,-0.002390684122152542,0.001999204741977123,0.004389888864129665,2,0,3,True
2026092806,mert_v1,unweighted,0.5,ridge_platt,5,0.14562076232121385,0.4538765633169298,0,-0.0002516049022910305,-0.00034989101004376244,-0.002029631468417753,0.0016996869709891838,0.0037293184394069367,4,0,1,True,-0.00014516490460963482,0.0003073653787063757,-0.00251434703913031,0.0009041475306114655,0.0034184945697417757,2,0,3,True
2026092806,mert_v1,unweighted,0.5,temperature,5,0.1453509853890908,0.45103253677579846,0,-0.0005213818344140641,-0.001018253540281705,-0.001306197370664619,0.0014257374364148034,0.0027319348070794225,4,0,1,True,-0.0004149418367326685,-0.0002563620745702766,-0.0016104037145501238,0.0008091621212041877,0.0024195658357543115,4,0,1,True
2026092806,mert_v1,unweighted,1.0,beta,1,0.14436872530507183,0.4477717643723733,0,-0.001503641918433024,-0.001503641918433024,-0.001503641918433024,-0.001503641918433024,0.0,1,0,0,False,3.088273889365056e-05,3.088273889365056e-05,3.088273889365056e-05,3.088273889365056e-05,0.0,0,0,1,False
2026092806,mert_v1,unweighted,1.0,isotonic,1,0.14897625042743273,0.5614388161593435,0,0.0031038832039278763,0.0031038832039278763,0.0031038832039278763,0.0031038832039278763,0.0,0,0,1,False,0.004638407861254551,0.004638407861254551,0.004638407861254551,0.004638407861254551,0.0,0,0,1,False
2026092806,mert_v1,unweighted,1.0,platt,1,0.14433784256617818,0.4476855337685798,0,-0.0015345246573266746,-0.0015345246573266746,-0.0015345246573266746,-0.0015345246573266746,0.0,1,0,0,False,0.0,0.0,0.0,0.0,0.0,0,1,0,False
2026092806,mert_v1,unweighted,1.0,prior_offset,1,0.14587236722350486,0.4549246716496688,0,0.0,0.0,0.0,0.0,0.0,0,1,0,False,0.0015345246573266746,0.0015345246573266746,0.0015345246573266746,0.0015345246573266746,0.0,0,0,1,False
2026092806,mert_v1,unweighted,1.0,raw,1,0.14587236722350486,0.4549246716496688,0,0.0,0.0,0.0,0.0,0.0,0,1,0,False,0.0015345246573266746,0.0015345246573266746,0.0015345246573266746,0.0015345246573266746,0.0,0,0,1,False
2026092806,mert_v1,unweighted,1.0,ridge_platt,1,0.144655970826368,0.4504840155930337,0,-0.0012163963971368597,-0.0012163963971368597,-0.0012163963971368597,-0.0012163963971368597,0.0,1,0,0,False,0.000318128260189815,0.000318128260189815,0.000318128260189815,0.000318128260189815,0.0,0,0,1,False
2026092806,mert_v1,unweighted,1.0,temperature,1,0.14486235575291462,0.44848525760474856,0,-0.0010100114705902385,-0.0010100114705902385,-0.0010100114705902385,-0.0010100114705902385,0.0,1,0,0,False,0.0005245131867364361,0.0005245131867364361,0.0005245131867364361,0.0005245131867364361,0.0,0,0,1,False
2026092807,maest,ambient_balanced,0.25,beta,5,0.15419922813213838,0.5127404040168683,0,0.0018597644788173385,0.0015519201617129053,-0.002942545036342309,0.0073003296730103084,0.010242874709352617,2,0,3,True,-0.00041962748783362923,-0.00014083009460014173,-0.0018288519728137387,0.0010827133887325036,0.0029115653615462422,3,0,2,True
2026092807,maest,ambient_balanced,0.25,isotonic,5,0.1608892960621775,1.776002886419733,0,0.008549832408856466,0.0092413860304707,0.00036447057767408086,0.013265023707657725,0.012900553129983644,0,0,5,False,0.006270440442205499,0.004258806667752718,0.001478163641202651,0.012688494884869062,0.01121033124366641,0,0,5,False
2026092807,maest,ambient_balanced,0.25,platt,5,0.15461885561997202,0.4976932450764512,0,0.0022793919666509676,0.0004692067729804017,-0.0015130867907523493,0.009006217039905007,0.010519303830657356,2,0,3,True,0.0,0.0,0.0,0.0,0.0,0,5,0,False
2026092807,maest,ambient_balanced,0.25,prior_offset,5,0.14713798908091638,0.4611419729691334,0,-0.005201474572404663,-0.005201474572404663,-0.005201474572404663,-0.005201474572404663,0.0,5,0,0,False,-0.007480866539055631,-0.005670681345385065,-0.01420769161230967,-0.0036883877816523136,0.010519303830657356,5,0,0,False
2026092807,maest,ambient_balanced,0.25,raw,5,0.15233946365332104,0.4739996500140511,0,0.0,0.0,0.0,0.0,0.0,0,5,0,False,-0.0022793919666509676,-0.0004692067729804017,-0.009006217039905007,0.0015130867907523493,0.010519303830657356,3,0,2,True
2026092807,maest,ambient_balanced,0.25,ridge_platt,5,0.15093360069332779,0.4733293553927088,0,-0.0014058629599932703,-0.0021190742692761555,-0.005041633603439455,0.0021182702948747134,0.007159903898314168,3,0,2,True,-0.003685254926644238,-0.003927940539910885,-0.006887946745030293,0.00047943184180190834,0.007367378586832202,4,0,1,True
2026092807,maest,ambient_balanced,0.25,temperature,5,0.1546433532142946,0.4909227449810697,0,0.00230388956097356,0.002256623621540027,0.0003610238871367133,0.004863382086875007,0.004502358199738293,0,0,5,False,2.449759432259224e-05,0.0015771516342406866,-0.005431257401301071,0.004394175313894605,0.009825432715195676,2,0,3,True
2026092807,maest,ambient_balanced,0.5,beta,5,0.14805441264389535,0.47567441388227855,0,-0.004285051009425711,-0.005046436954980998,-0.008572578161525596,-0.00023225982677566037,0.008340318334749935,5,0,0,False,0.0004204932020430596,0.0006099918905291823,-0.0013035631307128925,0.002172627141636574,0.0034761902723494664,2,0,3,True
2026092807,maest,ambient_balanced,0.5,isotonic,5,0.1527718103835622,1.3175574693941716,0,0.000432346730241151,0.001040860486111489,-0.004727693564400032,0.00523658068776936,0.009964274252169392,2,0,3,True,0.005137890941709922,0.0034457474545237232,0.0013131009892537182,0.011488202794299879,0.01017510180504616,0,0,5,False
2026092807,maest,ambient_balanced,0.5,platt,5,0.14763391944185225,0.4642087380356116,0,-0.00470554421146877,-0.004306272725450061,-0.007269015030812703,-0.0024048869684122343,0.004864128062400469,5,0,0,False,0.0,0.0,0.0,0.0,0.0,0,5,0,False
2026092807,maest,ambient_balanced,0.5,prior_offset,5,0.14713798908091638,0.4611419729691334,0,-0.005201474572404663,-0.005201474572404663,-0.005201474572404663,-0.005201474572404663,0.0,5,0,0,False,-0.0004959303609358923,-0.0008952018469546019,-0.0027965876039924287,0.0020675404584080403,0.004864128062400469,3,0,2,True
2026092807,maest,ambient_balanced,0.5,raw,5,0.15233946365332104,0.4739996500140511,0,0.0,0.0,0.0,0.0,0.0,0,5,0,False,0.00470554421146877,0.004306272725450061,0.0024048869684122343,0.007269015030812703,0.004864128062400469,0,0,5,False
2026092807,maest,ambient_balanced,0.5,ridge_platt,5,0.14665214619088376,0.45791827397890356,0,-0.005687317462437275,-0.005272095066600285,-0.008696124854399273,-0.002644542329095889,0.006051582525303384,5,0,0,False,-0.000981773250968504,-0.0009658223411502243,-0.0017578906920134307,-0.0002396553606836549,0.0015182353313297758,5,0,0,False
2026092807,maest,ambient_balanced,0.5,temperature,5,0.15228673747183114,0.47420645309749565,0,-5.2726181489920473e-05,-0.0003497946677042951,-0.0009317489565243697,0.0009142050574300065,0.0018459540139543762,3,0,2,True,0.0046528180299788505,0.0049213916646579925,0.0018934756885533588,0.007165827163960525,0.0052723514754071665,0,0,5,False
2026092807,maest,ambient_balanced,1.0,beta,1,0.14457456285063033,0.4608094647926727,0,-0.007764900802690711,-0.007764900802690711,-0.007764900802690711,-0.007764900802690711,0.0,1,0,0,False,0.0003787493843937506,0.0003787493843937506,0.0003787493843937506,0.0003787493843937506,0.0,0,0,1,False
2026092807,maest,ambient_balanced,1.0,isotonic,1,0.14798280174659548,1.099998289137984,0,-0.004356661906725567,-0.004356661906725567,-0.004356661906725567,-0.004356661906725567,0.0,1,0,0,False,0.003786988280358894,0.003786988280358894,0.003786988280358894,0.003786988280358894,0.0,0,0,1,False
2026092807,maest,ambient_balanced,1.0,platt,1,0.14419581346623658,0.4503974156758948,0,-0.008143650187084461,-0.008143650187084461,-0.008143650187084461,-0.008143650187084461,0.0,1,0,0,False,0.0,0.0,0.0,0.0,0.0,0,1,0,False
2026092807,maest,ambient_balanced,1.0,prior_offset,1,0.14713798908091638,0.4611419729691334,0,-0.005201474572404663,-0.005201474572404663,-0.005201474572404663,-0.005201474572404663,0.0,1,0,0,False,0.0029421756146797984,0.0029421756146797984,0.0029421756146797984,0.0029421756146797984,0.0,0,0,1,False
2026092807,maest,ambient_balanced,1.0,raw,1,0.15233946365332104,0.4739996500140511,0,0.0,0.0,0.0,0.0,0.0,0,1,0,False,0.008143650187084461,0.008143650187084461,0.008143650187084461,0.008143650187084461,0.0,0,0,1,False
2026092807,maest,ambient_balanced,1.0,ridge_platt,1,0.1437734625006194,0.4470612081657983,0,-0.008566001152701647,-0.008566001152701647,-0.008566001152701647,-0.008566001152701647,0.0,1,0,0,False,-0.0004223509656171853,-0.0004223509656171853,-0.0004223509656171853,-0.0004223509656171853,0.0,1,0,0,False
2026092807,maest,ambient_balanced,1.0,temperature,1,0.15118490573819024,0.46886596164930916,0,-0.001154557915130805,-0.001154557915130805,-0.001154557915130805,-0.001154557915130805,0.0,1,0,0,False,0.006989092271953656,0.006989092271953656,0.006989092271953656,0.006989092271953656,0.0,0,0,1,False
2026092807,maest,unweighted,0.25,beta,5,0.15420982751260942,0.511198049635013,0,0.007989366366037953,0.007497485185151254,0.0028647340439890145,0.013270760360567513,0.010406026316578498,0,0,5,False,-0.00014917248660924475,0.0002531696959118257,-0.001753927488423207,0.0012911664816611657,0.0030450939700843727,2,0,3,True
2026092807,maest,unweighted,0.25,isotonic,5,0.1598130912169347,1.7859089799816754,0,0.013592630070363283,0.013068680828826645,0.009636429699892118,0.018699626473469677,0.009063196773577559,0,0,5,False,0.005454091217716084,0.005017768167479897,0.0021807894849666942,0.008858567756877461,0.006677778271910767,0,0,5,False
2026092807,maest,unweighted,0.25,platt,5,0.15435899999921868,0.49664139407572117,0,0.008138538852647198,0.006206318703490088,0.004210113071949184,0.01493068389962196,0.010720570827672776,0,0,5,False,0.0,0.0,0.0,0.0,0.0,0,5,0,False
2026092807,maest,unweighted,0.25,prior_offset,5,0.14622046114657145,0.45676379106848264,0,0.0,0.0,0.0,0.0,0.0,0,5,0,False,-0.008138538852647198,-0.006206318703490088,-0.01493068389962196,-0.004210113071949184,0.010720570827672776,5,0,0,False
2026092807,maest,unweighted,0.25,raw,5,0.14622046114657145,0.45676379106848264,0,0.0,0.0,0.0,0.0,0.0,0,5,0,False,-0.008138538852647198,-0.006206318703490088,-0.01493068389962196,-0.004210113071949184,0.010720570827672776,5,0,0,False
2026092807,maest,unweighted,0.25,ridge_platt,5,0.14908726346449808,0.4681239246192882,0,0.0028668023179266255,0.001580168245177399,0.0007395192096748548,0.008131997271556862,0.007392478061882007,0,0,5,False,-0.0052717365347205725,-0.005257680088707778,-0.009146748810585137,-0.0012764248235074827,0.007870323987077654,5,0,0,False
2026092807,maest,unweighted,0.25,temperature,5,0.14825934910462285,0.47180599690764546,0,0.0020388879580514217,0.0008969208466921841,-0.00042774069959472527,0.005362308347574812,0.005790049047169538,1,0,4,True,-0.006099650894595776,-0.004637853771543909,-0.009829996209070352,-0.002255205804059468,0.007574790405010884,5,0,0,False
2026092807,maest,unweighted,0.5,beta,5,0.14800729207993898,0.47475676181724663,0,0.0017868309333675559,0.0009743884183588125,-0.002243353356054273,0.005636006952569106,0.007879360308623379,1,0,4,True,0.0005373423351210827,0.0007274248541586092,-0.0009866326354170951,0.002116795374553282,0.003103428009970377,2,0,3,True
2026092807,maest,unweighted,0.5,isotonic,5,0.15202345694869251,1.2891061321090045,0,0.005802995802121053,0.006602004955316876,0.0013932395764813532,0.008537480690584826,0.007144241114103472,0,0,5,False,0.00455350720387458,0.003082793377301052,0.0018553173629005104,0.008267897224809084,0.006412579861908574,0,0,5,False
2026092807,maest,unweighted,0.5,platt,5,0.14746994974481792,0.46343541592590654,0,0.0012494885982464732,0.001625912933341106,-0.0012567207206371778,0.003519211578015824,0.004775932298653002,2,0,3,True,0.0,0.0,0.0,0.0,0.0,0,5,0,False
2026092807,maest,unweighted,0.5,prior_offset,5,0.14622046114657145,0.45676379106848264,0,0.0,0.0,0.0,0.0,0.0,0,5,0,False,-0.0012494885982464732,-0.001625912933341106,-0.003519211578015824,0.0012567207206371778,0.004775932298653002,3,0,2,True
2026092807,maest,unweighted,0.5,raw,5,0.14622046114657145,0.45676379106848264,0,0.0,0.0,0.0,0.0,0.0,0,5,0,False,-0.0012494885982464732,-0.001625912933341106,-0.003519211578015824,0.0012567207206371778,0.004775932298653002,3,0,2,True
2026092807,maest,unweighted,0.5,ridge_platt,5,0.14654172740325272,0.45729403227049464,0,0.00032126625668126854,9.813699701030631e-05,-0.002144547831562038,0.003361302775694408,0.005505850607256446,2,0,3,True,-0.0009282223415652046,-0.0008878271109248603,-0.0019923032074961045,-7.529665075284298e-05,0.0019170065567432615,5,0,0,False
2026092807,maest,unweighted,0.5,temperature,5,0.14661647582854478,0.4594976659261455,0,0.0003960146819733279,0.0007315102929215667,-0.0014993842256216527,0.0013976657900347245,0.002897050015656377,1,0,4,True,-0.0008534739162731452,-0.0008017662038459217,-0.0021215457879810995,0.0008869882428153009,0.0030085340307964004,4,0,1,True
2026092807,maest,unweighted,1.0,beta,1,0.144481984085629,0.46015113036215316,0,-0.0017384770609424338,-0.0017384770609424338,-0.0017384770609424338,-0.0017384770609424338,0.0,1,0,0,False,0.000436824128115354,0.000436824128115354,0.000436824128115354,0.000436824128115354,0.0,0,0,1,False
2026092807,maest,unweighted,1.0,isotonic,1,0.1478755334909993,1.0990976749657682,0,0.0016550723444278548,0.0016550723444278548,0.0016550723444278548,0.0016550723444278548,0.0,0,0,1,False,0.0038303735334856426,0.0038303735334856426,0.0038303735334856426,0.0038303735334856426,0.0,0,0,1,False
2026092807,maest,unweighted,1.0,platt,1,0.14404515995751366,0.4497158650128748,0,-0.002175301189057788,-0.002175301189057788,-0.002175301189057788,-0.002175301189057788,0.0,1,0,0,False,0.0,0.0,0.0,0.0,0.0,0,1,0,False
2026092807,maest,unweighted,1.0,prior_offset,1,0.14622046114657145,0.45676379106848264,0,0.0,0.0,0.0,0.0,0.0,0,1,0,False,0.002175301189057788,0.002175301189057788,0.002175301189057788,0.002175301189057788,0.0,0,0,1,False
2026092807,maest,unweighted,1.0,raw,1,0.14622046114657145,0.45676379106848264,0,0.0,0.0,0.0,0.0,0.0,0,1,0,False,0.002175301189057788,0.002175301189057788,0.002175301189057788,0.002175301189057788,0.0,0,0,1,False
2026092807,maest,unweighted,1.0,ridge_platt,1,0.14407585048830318,0.44791908605986286,0,-0.0021446106582682645,-0.0021446106582682645,-0.0021446106582682645,-0.0021446106582682645,0.0,1,0,0,False,3.069053078952333e-05,3.069053078952333e-05,3.069053078952333e-05,3.069053078952333e-05,0.0,0,0,1,False
2026092807,maest,unweighted,1.0,temperature,1,0.1449149946681786,0.4511945882700269,0,-0.0013054664783928582,-0.0013054664783928582,-0.0013054664783928582,-0.0013054664783928582,0.0,1,0,0,False,0.0008698347106649296,0.0008698347106649296,0.0008698347106649296,0.0008698347106649296,0.0,0,0,1,False
2026092807,mert_v0,ambient_balanced,0.25,beta,5,0.1669748586351479,0.5441600205695853,0,0.0021766077537844764,0.001816391848692256,-0.004213820758684733,0.008545552534228312,0.012759373292913045,2,0,3,True,-0.0008963019877984479,-0.0009128493839828389,-0.003930764056335245,0.0009884077091167065,0.004919171765451952,3,0,2,True
2026092807,mert_v0,ambient_balanced,0.25,isotonic,5,0.1725181583800956,1.8499242038314858,0,0.00771990749873217,0.007457223916220029,0.0038215826215245163,0.012092706082741933,0.008271123461217417,0,0,5,False,0.004646997757149246,0.0046175944646905664,-0.0013653458048888956,0.010758195290921924,0.01212354109581082,2,0,3,True
2026092807,mert_v0,ambient_balanced,0.25,platt,5,0.16787116062294638,0.5353354790467127,0,0.0030729097415829244,0.0008279841395755494,-0.0033009713747018943,0.012476316590563558,0.015777287965265452,2,0,3,True,0.0,0.0,0.0,0.0,0.0,0,5,0,False
2026092807,mert_v0,ambient_balanced,0.25,prior_offset,5,0.15728155836526705,0.4856272045517203,0,-0.007516692516096379,-0.007516692516096379,-0.007516692516096379,-0.007516692516096379,0.0,5,0,0,False,-0.010589602257679303,-0.008344676655671929,-0.019993009106659937,-0.004215721141394485,0.015777287965265452,5,0,0,False
2026092807,mert_v0,ambient_balanced,0.25,raw,5,0.16479825088136343,0.5015137543230958,0,0.0,0.0,0.0,0.0,0.0,0,5,0,False,-0.0030729097415829244,-0.0008279841395755494,-0.012476316590563558,0.0033009713747018943,0.015777287965265452,3,0,2,True
2026092807,mert_v0,ambient_balanced,0.25,ridge_platt,5,0.16190879819966816,0.4996488261147115,0,-0.002889452681695254,-0.0034687342769270657,-0.00635847591933647,0.0009281790824408886,0.007286655001777359,4,0,1,True,-0.005962362423278178,-0.0032471513935610763,-0.011548137508122669,-0.002333053197502044,0.009215084310620625,5,0,0,False
2026092807,mert_v0,ambient_balanced,0.25,temperature,5,0.17074671297760152,0.535158122181371,0,0.005948462096238072,0.005938776840742316,0.003778807998480599,0.009631526864338325,0.005852718865857726,0,0,5,False,0.0028755523546551477,0.005580792031725346,-0.002844789726225233,0.007285393981030119,0.010130183707255352,2,0,3,True
2026092807,mert_v0,ambient_balanced,0.5,beta,5,0.16042025586796224,0.5034521895497156,0,-0.00437799501340117,-0.006656494297304694,-0.006836574527274125,-0.0005594967807492357,0.0062770777465248895,5,0,0,False,-0.0007862788912586738,-0.0005044816393498797,-0.0023047167078322217,-5.6591139657835576e-05,0.002248125568174386,5,0,0,False
2026092807,mert_v0,ambient_balanced,0.5,isotonic,5,0.16447336508877944,1.1147021165176505,0,-0.00032488579258401206,-0.0007520822456792697,-0.001504804005830196,0.0012016791728466092,0.002706483178676805,3,0,2,True,0.0032668303295584843,0.004914311045415898,-0.0006311025744146215,0.00741116584015189,0.008042268414566511,2,0,3,True
2026092807,mert_v0,ambient_balanced,0.5,platt,5,0.16120653475922092,0.5017868183755541,0,-0.0035917161221424966,-0.006209486667305281,-0.006599903157646858,0.001194688426995577,0.007794591584642435,4,0,1,True,0.0,0.0,0.0,0.0,0.0,0,5,0,False
2026092807,mert_v0,ambient_balanced,0.5,prior_offset,5,0.15728155836526705,0.4856272045517203,0,-0.007516692516096379,-0.007516692516096379,-0.007516692516096379,-0.007516692516096379,0.0,5,0,0,False,-0.003924976393953883,-0.0013072058487910987,-0.008711380943091956,-0.0009167893584495213,0.007794591584642435,5,0,0,False
2026092807,mert_v0,ambient_balanced,0.5,raw,5,0.16479825088136343,0.5015137543230958,0,0.0,0.0,0.0,0.0,0.0,0,5,0,False,0.0035917161221424966,0.006209486667305281,-0.001194688426995577,0.006599903157646858,0.007794591584642435,1,0,4,True
2026092807,mert_v0,ambient_balanced,0.5,ridge_platt,5,0.15874708250712996,0.49086782380775934,0,-0.0060511683742334454,-0.005782050982929443,-0.00831453721497094,-0.002651168331890996,0.0056633688830799445,5,0,0,False,-0.002459452252090949,-0.0020916376734796682,-0.005513345712249568,0.000817852174717415,0.006331197886966983,4,0,1,True
2026092807,mert_v0,ambient_balanced,0.5,temperature,5,0.16745331896213092,0.5112249108310312,0,0.0026550680807674643,0.0026149575071523767,0.0011487748202597403,0.004294604375790684,0.0031458295555309435,0,0,5,False,0.0062467842029099606,0.00883785704864365,-4.5913606735836776e-05,0.009109721611600258,0.009155635218336095,1,0,4,True
2026092807,mert_v0,ambient_balanced,1.0,beta,1,0.15717617145950658,0.4913604962022925,0,-0.007622079421856859,-0.007622079421856859,-0.007622079421856859,-0.007622079421856859,0.0,1,0,0,False,-0.000813043962047233,-0.000813043962047233,-0.000813043962047233,-0.000813043962047233,0.0,1,0,0,False
2026092807,mert_v0,ambient_balanced,1.0,isotonic,1,0.16095421727832712,0.8216741940232235,0,-0.003844033603036312,-0.003844033603036312,-0.003844033603036312,-0.003844033603036312,0.0,1,0,0,False,0.002965001856773314,0.002965001856773314,0.002965001856773314,0.002965001856773314,0.0,0,0,1,False
2026092807,mert_v0,ambient_balanced,1.0,platt,1,0.1579892154215538,0.4917530081448309,0,-0.006809035459809626,-0.006809035459809626,-0.006809035459809626,-0.006809035459809626,0.0,1,0,0,False,0.0,0.0,0.0,0.0,0.0,0,1,0,False
2026092807,mert_v0,ambient_balanced,1.0,prior_offset,1,0.15728155836526705,0.48562720455172026,0,-0.007516692516096379,-0.007516692516096379,-0.007516692516096379,-0.007516692516096379,0.0,1,0,0,False,-0.0007076570562867535,-0.0007076570562867535,-0.0007076570562867535,-0.0007076570562867535,0.0,1,0,0,False
2026092807,mert_v0,ambient_balanced,1.0,raw,1,0.16479825088136343,0.5015137543230958,0,0.0,0.0,0.0,0.0,0.0,0,1,0,False,0.006809035459809626,0.006809035459809626,0.006809035459809626,0.006809035459809626,0.0,0,0,1,False
2026092807,mert_v0,ambient_balanced,1.0,ridge_platt,1,0.1572728992203324,0.48491755662378333,0,-0.007525351661031021,-0.007525351661031021,-0.007525351661031021,-0.007525351661031021,0.0,1,0,0,False,-0.0007163162012213953,-0.0007163162012213953,-0.0007163162012213953,-0.0007163162012213953,0.0,1,0,0,False
2026092807,mert_v0,ambient_balanced,1.0,temperature,1,0.1668944211482502,0.5091326884251639,0,0.002096170266886771,0.002096170266886771,0.002096170266886771,0.002096170266886771,0.0,0,0,1,False,0.008905205726696397,0.008905205726696397,0.008905205726696397,0.008905205726696397,0.0,0,0,1,False
2026092807,mert_v0,unweighted,0.25,beta,5,0.16681090991399178,0.542717563938788,0,0.010074975885057718,0.009330348224178941,0.003621627592681531,0.016722113106862974,0.013100485514181442,0,0,5,False,-0.0009173722856618771,-0.0009244041430999383,-0.003823186013626745,0.0008192349558487355,0.00464242096947548,3,0,2,True
2026092807,mert_v0,unweighted,0.25,isotonic,5,0.1727569749834335,1.8068809486089843,0,0.016021040954499445,0.015596478091205707,0.012300791387121007,0.020950075194104745,0.008649283806983737,0,0,5,False,0.005028692783779848,0.0050512321330905,0.00019760563977841428,0.011050446355424237,0.010852840715645823,0,0,5,False
2026092807,mert_v0,unweighted,0.25,platt,5,0.16772828219965366,0.5351281066343623,0,0.010992348170719595,0.008511113268330206,0.0045460317357814695,0.02054529912048972,0.01599926738470825,0,0,5,False,0.0,0.0,0.0,0.0,0.0,0,5,0,False
2026092807,mert_v0,unweighted,0.25,prior_offset,5,0.15673593402893407,0.4832868909918918,0,0.0,0.0,0.0,0.0,0.0,0,5,0,False,-0.010992348170719595,-0.008511113268330206,-0.02054529912048972,-0.0045460317357814695,0.01599926738470825,5,0,0,False
2026092807,mert_v0,unweighted,0.25,raw,5,0.15673593402893407,0.4832868909918918,0,0.0,0.0,0.0,0.0,0.0,0,5,0,False,-0.010992348170719595,-0.008511113268330206,-0.02054529912048972,-0.0045460317357814695,0.01599926738470825,5,0,0,False
2026092807,mert_v0,unweighted,0.25,ridge_platt,5,0.16009584476486835,0.49518021985946375,0,0.0033599107359342907,0.0032321436412585947,0.0006935257979844289,0.0066230966788006496,0.005929570880816221,0,0,5,False,-0.007632437434785306,-0.005278969627071611,-0.013922202441689069,-0.0038525059377970405,0.010069696503892028,5,0,0,False
2026092807,mert_v0,unweighted,0.25,temperature,5,0.1628164106565464,0.519147128883293,0,0.0060804766276123245,0.006108268179252807,0.003507455737305709,0.010687259443920294,0.007179803706614585,0,0,5,False,-0.004911871543107271,-0.002402845089077399,-0.010398809198938458,-0.0008610877524753147,0.009537721446463143,5,0,0,False
2026092807,mert_v0,unweighted,0.5,beta,5,0.16029669352495815,0.5023565310457905,0,0.003560759496024074,0.0012313945622282052,0.0009785360590509606,0.007502799046414849,0.006524262987363888,0,0,5,False,-0.00080702444742618,-0.0005016721868509599,-0.002325650383388833,-4.507588101523852e-05,0.0022805745023735946,5,0,0,False
2026092807,mert_v0,unweighted,0.5,isotonic,5,0.163831936840577,1.0996430463747626,0,0.007096002811642954,0.006434068736299009,0.005475006683212269,0.009020759422656205,0.003545752739443936,0,0,5,False,0.0027282188681927,0.003763726495252695,-0.00018635077205036987,0.005052570866492079,0.005238921638542449,1,0,4,True
2026092807,mert_v0,unweighted,0.5,platt,5,0.16110371797238435,0.5016447047610868,0,0.004367783943450254,0.001711280187959574,0.0012764704432434437,0.009207110194706575,0.007930639751463131,0,0,5,False,0.0,0.0,0.0,0.0,0.0,0,5,0,False
2026092807,mert_v0,unweighted,0.5,prior_offset,5,0.15673593402893407,0.4832868909918918,0,0.0,0.0,0.0,0.0,0.0,0,5,0,False,-0.004367783943450254,-0.001711280187959574,-0.009207110194706575,-0.0012764704432434437,0.007930639751463131,5,0,0,False
2026092807,mert_v0,unweighted,0.5,raw,5,0.15673593402893407,0.4832868909918918,0,0.0,0.0,0.0,0.0,0.0,0,5,0,False,-0.004367783943450254,-0.001711280187959574,-0.009207110194706575,-0.0012764704432434437,0.007930639751463131,5,0,0,False
2026092807,mert_v0,unweighted,0.5,ridge_platt,5,0.15845853217065103,0.4901404032398453,0,0.001722598141716969,0.0017146069389627483,-0.00020896915026996643,0.005360323959571339,0.005569293109841306,1,1,3,True,-0.002645185801733285,-0.0019202493382295405,-0.006223537075079805,0.0004381364957193046,0.006661673570799109,4,0,1,True
2026092807,mert_v0,unweighted,0.5,temperature,5,0.15985633298692736,0.4972254729322301,0,0.0031203989579933144,0.0028267093365801077,0.0022313268940036546,0.005072324739160777,0.0028409978451571227,0,0,5,False,-0.0012473849854569396,0.0005200467060440805,-0.006101776660677155,0.001550238893336664,0.007652015554013819,2,0,3,True
2026092807,mert_v0,unweighted,1.0,beta,1,0.1570324283680454,0.49101229205716945,0,0.0002964943391113306,0.0002964943391113306,0.0002964943391113306,0.0002964943391113306,0.0,0,0,1,False,-0.0008141000846877966,-0.0008141000846877966,-0.0008141000846877966,-0.0008141000846877966,0.0,1,0,0,False
2026092807,mert_v0,unweighted,1.0,isotonic,1,0.15885107353808692,0.8155391163503147,0,0.002115139509152847,0.002115139509152847,0.002115139509152847,0.002115139509152847,0.0,0,0,1,False,0.0010045450853537197,0.0010045450853537197,0.0010045450853537197,0.0010045450853537197,0.0,0,0,1,False
2026092807,mert_v0,unweighted,1.0,platt,1,0.1578465284527332,0.49155916926027665,0,0.0011105944237991272,0.0011105944237991272,0.0011105944237991272,0.0011105944237991272,0.0,0,0,1,False,0.0,0.0,0.0,0.0,0.0,0,1,0,False
2026092807,mert_v0,unweighted,1.0,prior_offset,1,0.15673593402893407,0.4832868909918918,0,0.0,0.0,0.0,0.0,0.0,0,1,0,False,-0.0011105944237991272,-0.0011105944237991272,-0.0011105944237991272,-0.0011105944237991272,0.0,1,0,0,False
2026092807,mert_v0,unweighted,1.0,raw,1,0.15673593402893407,0.4832868909918918,0,0.0,0.0,0.0,0.0,0.0,0,1,0,False,-0.0011105944237991272,-0.0011105944237991272,-0.0011105944237991272,-0.0011105944237991272,0.0,1,0,0,False
2026092807,mert_v0,unweighted,1.0,ridge_platt,1,0.15719502679884623,0.4850111426213298,0,0.0004590927699121561,0.0004590927699121561,0.0004590927699121561,0.0004590927699121561,0.0,0,0,1,False,-0.0006515016538869711,-0.0006515016538869711,-0.0006515016538869711,-0.0006515016538869711,0.0,1,0,0,False
2026092807,mert_v0,unweighted,1.0,temperature,1,0.15878511715331944,0.4913629721773143,0,0.002049183124385373,0.002049183124385373,0.002049183124385373,0.002049183124385373,0.0,0,0,1,False,0.0009385887005862459,0.0009385887005862459,0.0009385887005862459,0.0009385887005862459,0.0,0,0,1,False
2026092807,mert_v1,ambient_balanced,0.25,beta,5,0.16966743214786217,0.5292471832508201,0,0.00325402479025243,0.0032704155282941294,-0.003771768126116265,0.008972477491585501,0.012744245617701766,2,0,3,True,-0.0006893619831380426,-0.0005555578491511226,-0.0028038573356944096,0.001071989705439702,0.0038758470411341117,3,0,2,True
2026092807,mert_v1,ambient_balanced,0.25,isotonic,5,0.1758941823397474,1.6199385462218168,0,0.009480774982137646,0.008551952382706784,0.006173448855052777,0.014636518525457248,0.008463069670404472,0,0,5,False,0.005537388208747174,0.005659374787238575,-8.078874784298029e-05,0.012438092702602821,0.012518881450445801,1,0,4,True
2026092807,mert_v1,ambient_balanced,0.25,platt,5,0.17035679413100024,0.53244964539526,0,0.0039433867733904724,0.0021984258228544273,-0.0021165152289277234,0.010644340174530115,0.012760855403457838,1,0,4,True,0.0,0.0,0.0,0.0,0.0,0,5,0,False
2026092807,mert_v1,ambient_balanced,0.25,prior_offset,5,0.15961478622843733,0.490591618559554,0,-0.0067986211291724274,-0.0067986211291724274,-0.0067986211291724274,-0.0067986211291724274,0.0,5,0,0,False,-0.0107420079025629,-0.008997046952026855,-0.017442961303702542,-0.004682105900244704,0.012760855403457838,5,0,0,False
2026092807,mert_v1,ambient_balanced,0.25,raw,5,0.16641340735760976,0.5052919392191318,0,0.0,0.0,0.0,0.0,0.0,0,5,0,False,-0.0039433867733904724,-0.0021984258228544273,-0.010644340174530115,0.0021165152289277234,0.012760855403457838,4,0,1,True
2026092807,mert_v1,ambient_balanced,0.25,ridge_platt,5,0.16393070565026188,0.5034149904359743,0,-0.002482701707347862,-0.0024354067756315045,-0.006093283298964247,0.0010320592090804215,0.007125342508044669,4,0,1,True,-0.0064260884807383345,-0.00427794804995113,-0.011797343863617166,-0.0011663666137740059,0.01063097724984316,5,0,0,False
2026092807,mert_v1,ambient_balanced,0.25,temperature,5,0.17234252415470078,0.5313132231382861,0,0.005929116797090994,0.005046830376298134,0.004317311359502252,0.008015874616298074,0.0036985632567958227,0,0,5,False,0.0019857300237005214,0.004245798051076166,-0.0034297786543832087,0.006433826588429975,0.009863605242813184,2,0,3,True
2026092807,mert_v1,ambient_balanced,0.5,beta,5,0.16377860437213643,0.5090934210950305,0,-0.0026348029854733335,-0.0031582243082641237,-0.005270043785360029,0.0008704863472335234,0.006140530132593552,4,0,1,True,-0.0005679237642482848,-0.0007693876992801441,-0.0014833959184221979,0.0005287822108922258,0.0020121781293144236,3,0,2,True
2026092807,mert_v1,ambient_balanced,0.5,isotonic,5,0.16837924070081123,1.1794684398149156,0,0.001965833343201473,0.001962796003348005,0.0013879294549156707,0.0027812512963288905,0.0013933218414132198,0,0,5,False,0.004032712564426522,0.0051837023961951445,0.0006602613856438178,0.0067598409845214535,0.006099579598877636,0,0,5,False
2026092807,mert_v1,ambient_balanced,0.5,platt,5,0.16434652813638473,0.5090335527351655,0,-0.0020668792212250485,-0.0036870065191563495,-0.005371911529605783,0.0016398740465136674,0.00701178557611945,3,0,2,True,0.0,0.0,0.0,0.0,0.0,0,5,0,False
2026092807,mert_v1,ambient_balanced,0.5,prior_offset,5,0.15961478622843733,0.490591618559554,0,-0.0067986211291724274,-0.0067986211291724274,-0.0067986211291724274,-0.0067986211291724274,0.0,5,0,0,False,-0.004731741907947379,-0.003111614610016078,-0.008438495175686095,-0.0014267095995666446,0.00701178557611945,5,0,0,False
2026092807,mert_v1,ambient_balanced,0.5,raw,5,0.16641340735760976,0.5052919392191318,0,0.0,0.0,0.0,0.0,0.0,0,5,0,False,0.0020668792212250485,0.0036870065191563495,-0.0016398740465136674,0.005371911529605783,0.00701178557611945,2,0,3,True
2026092807,mert_v1,ambient_balanced,0.5,ridge_platt,5,0.16120977816090326,0.49632134804773537,0,-0.005203629196706516,-0.004433984791955059,-0.00789983873134592,-0.0023152343987995205,0.0055846043325464,5,0,0,False,-0.0031367499754814676,-0.0035186803970986835,-0.006073858838468726,0.0013081517322102165,0.007382010570678943,4,0,1,True
2026092807,mert_v1,ambient_balanced,0.5,temperature,5,0.16986905875270128,0.5172900769715588,0,0.0034556513950915134,0.0032702955429070035,0.0018372401779548353,0.005144378867734251,0.0033071386897794153,0,0,5,False,0.005522530616316562,0.006957302062063353,0.0009659444148937824,0.008123538082594195,0.007157593667700413,0,0,5,False
2026092807,mert_v1,ambient_balanced,1.0,beta,1,0.15994643899631436,0.4941591081135294,0,-0.0064669683612954,-0.0064669683612954,-0.0064669683612954,-0.0064669683612954,0.0,1,0,0,False,-0.000737899982298118,-0.000737899982298118,-0.000737899982298118,-0.000737899982298118,0.0,1,0,0,False
2026092807,mert_v1,ambient_balanced,1.0,isotonic,1,0.165378730986059,0.7974685403724873,0,-0.0010346763715507468,-0.0010346763715507468,-0.0010346763715507468,-0.0010346763715507468,0.0,1,0,0,False,0.004694392007446535,0.004694392007446535,0.004694392007446535,0.004694392007446535,0.0,0,0,1,False
2026092807,mert_v1,ambient_balanced,1.0,platt,1,0.16068433897861248,0.4967819168842625,0,-0.005729068378997282,-0.005729068378997282,-0.005729068378997282,-0.005729068378997282,0.0,1,0,0,False,0.0,0.0,0.0,0.0,0.0,0,1,0,False
2026092807,mert_v1,ambient_balanced,1.0,prior_offset,1,0.15961478622843733,0.490591618559554,0,-0.0067986211291724274,-0.0067986211291724274,-0.0067986211291724274,-0.0067986211291724274,0.0,1,0,0,False,-0.0010695527501751456,-0.0010695527501751456,-0.0010695527501751456,-0.0010695527501751456,0.0,1,0,0,False
2026092807,mert_v1,ambient_balanced,1.0,raw,1,0.16641340735760976,0.5052919392191318,0,0.0,0.0,0.0,0.0,0.0,0,1,0,False,0.005729068378997282,0.005729068378997282,0.005729068378997282,0.005729068378997282,0.0,0,0,1,False
2026092807,mert_v1,ambient_balanced,1.0,ridge_platt,1,0.15932613725033468,0.4887105500896211,0,-0.007087270107275084,-0.007087270107275084,-0.007087270107275084,-0.007087270107275084,0.0,1,0,0,False,-0.0013582017282778025,-0.0013582017282778025,-0.0013582017282778025,-0.0013582017282778025,0.0,1,0,0,False
2026092807,mert_v1,ambient_balanced,1.0,temperature,1,0.16898863996703634,0.5142062532046964,0,0.0025752326094265754,0.0025752326094265754,0.0025752326094265754,0.0025752326094265754,0.0,0,0,1,False,0.008304300988423857,0.008304300988423857,0.008304300988423857,0.008304300988423857,0.0,0,0,1,False
2026092807,mert_v1,unweighted,0.25,beta,5,0.16951148899353832,0.5285389993112666,0,0.010641862579939482,0.010479985822658966,0.003491209926295119,0.016264833484167213,0.012773623557872094,0,0,5,False,-0.0005960498187438268,-0.00045783843972382887,-0.0026053581467566644,0.00115617370926005,0.0037615318560167144,3,0,2,True
2026092807,mert_v1,unweighted,0.25,isotonic,5,0.1757955240219651,1.5710596643964991,0,0.016925897608366252,0.016468465907068935,0.012937663335953808,0.022511404813925606,0.009573741477971798,0,0,5,False,0.005687985209682944,0.005079485020956759,-0.0001726925884510122,0.01318759270052669,0.013360285288977702,1,0,4,True
2026092807,mert_v1,unweighted,0.25,platt,5,0.17010753881228213,0.5320609284706974,0,0.011237912398683308,0.009323812113398916,0.005141701072362254,0.018178301938059555,0.013036600865697301,0,0,5,False,0.0,0.0,0.0,0.0,0.0,0,5,0,False
2026092807,mert_v1,unweighted,0.25,prior_offset,5,0.15886962641359884,0.48778440952554386,0,0.0,0.0,0.0,0.0,0.0,0,5,0,False,-0.011237912398683308,-0.009323812113398916,-0.018178301938059555,-0.005141701072362254,0.013036600865697301,5,0,0,False
2026092807,mert_v1,unweighted,0.25,raw,5,0.15886962641359884,0.48778440952554386,0,0.0,0.0,0.0,0.0,0.0,0,5,0,False,-0.011237912398683308,-0.009323812113398916,-0.018178301938059555,-0.005141701072362254,0.013036600865697301,5,0,0,False
2026092807,mert_v1,unweighted,0.25,ridge_platt,5,0.16272533375957723,0.5007700366715382,0,0.003855707345978393,0.003741649628985405,0.0006603202943679942,0.006380958074442389,0.005720637780074395,0,0,5,False,-0.007382205052704915,-0.004788162067530938,-0.011945918925613364,-0.003898219628768851,0.008047699296844513,5,0,0,False
2026092807,mert_v1,unweighted,0.25,temperature,5,0.16526244563985779,0.5171983221343726,0,0.006392819226258961,0.005765097736573993,0.004314699759602109,0.009154932289417966,0.004840232529815858,0,0,5,False,-0.004845093172424347,-0.0022946704232909565,-0.009922470818024776,-0.000827001312760145,0.00909546950526463,5,0,0,False
2026092807,mert_v1,unweighted,0.5,beta,5,0.16372827363174358,0.508834679545606,0,0.004858647218144757,0.0044081219089927015,0.0021608646268478637,0.008332091733413705,0.006171227106565841,0,0,5,False,-0.00046029823782044453,-0.0007014066105186512,-0.0014146522700471953,0.0007410370760422003,0.0021556893460893956,3,0,2,True
2026092807,mert_v1,unweighted,0.5,isotonic,5,0.1685915846598993,1.1437114085478144,0,0.00972195824630046,0.009624617839069566,0.008045180537979507,0.010863166411182734,0.002817985873203227,0,0,5,False,0.004403012790335259,0.005641170501302972,0.0017350727650846665,0.006125137856470703,0.004390065091386036,0,0,5,False
2026092807,mert_v1,unweighted,0.5,platt,5,0.16418857186956404,0.5088074425311314,0,0.005318945455965202,0.0036670848329505012,0.0019200426815088045,0.009033498343932356,0.007113455662423551,0,0,5,False,0.0,0.0,0.0,0.0,0.0,0,5,0,False
2026092807,mert_v1,unweighted,0.5,prior_offset,5,0.15886962641359884,0.48778440952554386,0,0.0,0.0,0.0,0.0,0.0,0,5,0,False,-0.005318945455965202,-0.0036670848329505012,-0.009033498343932356,-0.0019200426815088045,0.007113455662423551,5,0,0,False
2026092807,mert_v1,unweighted,0.5,raw,5,0.15886962641359884,0.48778440952554386,0,0.0,0.0,0.0,0.0,0.0,0,5,0,False,-0.005318945455965202,-0.0036670848329505012,-0.009033498343932356,-0.0019200426815088045,0.007113455662423551,5,0,0,False
2026092807,mert_v1,unweighted,0.5,ridge_platt,5,0.16086133511646078,0.49532586532778755,0,0.0019917087028619497,0.0023755538475347393,-0.00019496114910666495,0.005150701522989964,0.005345662672096629,1,0,4,True,-0.003327236753103252,-0.0033559967917904943,-0.0066257691561452114,0.0004555111660259348,0.007081280322171146,4,0,1,True
2026092807,mert_v1,unweighted,0.5,temperature,5,0.16301402287100733,0.5041727759413811,0,0.0041443964574085,0.0038196193747178087,0.0029717602476984073,0.006327638118516582,0.0033558778708181747,0,0,5,False,-0.0011745489985567014,-0.000695324585252094,-0.004578965149821479,0.0014375106569884666,0.0060164758068099455,3,0,2,True
2026092807,mert_v1,unweighted,1.0,beta,1,0.1598935066851065,0.4941702621249993,0,0.0010238802715076545,0.0010238802715076545,0.0010238802715076545,0.0010238802715076545,0.0,0,0,1,False,-0.0005632033203265552,-0.0005632033203265552,-0.0005632033203265552,-0.0005632033203265552,0.0,1,0,0,False
2026092807,mert_v1,unweighted,1.0,isotonic,1,0.1649575652451949,0.7968966460649832,0,0.006087938831596057,0.006087938831596057,0.006087938831596057,0.006087938831596057,0.0,0,0,1,False,0.004500855239761847,0.004500855239761847,0.004500855239761847,0.004500855239761847,0.0,0,0,1,False
2026092807,mert_v1,unweighted,1.0,platt,1,0.16045671000543305,0.4964174931834098,0,0.0015870835918342097,0.0015870835918342097,0.0015870835918342097,0.0015870835918342097,0.0,0,0,1,False,0.0,0.0,0.0,0.0,0.0,0,1,0,False
2026092807,mert_v1,unweighted,1.0,prior_offset,1,0.15886962641359884,0.48778440952554386,0,0.0,0.0,0.0,0.0,0.0,0,1,0,False,-0.0015870835918342097,-0.0015870835918342097,-0.0015870835918342097,-0.0015870835918342097,0.0,1,0,0,False
2026092807,mert_v1,unweighted,1.0,raw,1,0.15886962641359884,0.48778440952554386,0,0.0,0.0,0.0,0.0,0.0,0,1,0,False,-0.0015870835918342097,-0.0015870835918342097,-0.0015870835918342097,-0.0015870835918342097,0.0,1,0,0,False
2026092807,mert_v1,unweighted,1.0,ridge_platt,1,0.15928222734857786,0.48917760436040897,0,0.00041260093497902384,0.00041260093497902384,0.00041260093497902384,0.00041260093497902384,0.0,0,0,1,False,-0.0011744826568551858,-0.0011744826568551858,-0.0011744826568551858,-0.0011744826568551858,0.0,1,0,0,False
2026092807,mert_v1,unweighted,1.0,temperature,1,0.1614620954813668,0.49688844001265103,0,0.002592469067767972,0.002592469067767972,0.002592469067767972,0.002592469067767972,0.0,0,0,1,False,0.0010053854759337622,0.0010053854759337622,0.0010053854759337622,0.0010053854759337622,0.0,0,0,1,False
2026092808,maest,ambient_balanced,0.25,beta,5,0.15735204564323974,0.5279217643757284,0,-0.0004096741167731677,0.0011936984413752905,-0.00717276569394118,0.0029875039519225433,0.010160269645863723,2,0,3,True,0.0006728538709182885,0.00021883107300471605,-0.0009459053278652596,0.0035333478240023863,0.004479253151867646,1,0,4,True
2026092808,maest,ambient_balanced,0.25,isotonic,5,0.1671343173247995,2.140276297237162,0,0.009372597564786606,0.011239404206855569,0.0020800535997995417,0.014005898272532319,0.011925844672732777,0,0,5,False,0.010455125552478062,0.01015272408197504,0.008306913965875462,0.012167821783107408,0.0038609078172319455,0,0,5,False
2026092808,maest,ambient_balanced,0.25,platt,5,0.15667919177232145,0.5208249589087913,0,-0.0010825279876914562,-0.0005458438720798431,-0.00622686036607592,0.0018380764894249113,0.008064936855500832,3,0,2,True,0.0,0.0,0.0,0.0,0.0,0,5,0,False
2026092808,maest,ambient_balanced,0.25,prior_offset,5,0.14930965166924096,0.47092008545583963,0,-0.008452068090771953,-0.008452068090771953,-0.008452068090771953,-0.008452068090771953,0.0,5,0,0,False,-0.007369540103080496,-0.00790622421869211,-0.010290144580196864,-0.0022252077246960322,0.008064936855500832,5,0,0,False
2026092808,maest,ambient_balanced,0.25,raw,5,0.1577617197600129,0.48982818596201455,0,0.0,0.0,0.0,0.0,0.0,0,5,0,False,0.0010825279876914562,0.0005458438720798431,-0.0018380764894249113,0.00622686036607592,0.008064936855500832,2,0,3,True
2026092808,maest,ambient_balanced,0.25,ridge_platt,5,0.15329635065667366,0.4893355545765483,0,-0.004465369103339251,-0.005593419450012849,-0.007447147342710292,0.0007877006966933442,0.008234848039403636,4,0,1,True,-0.0033828411156477944,-0.0026085698778955946,-0.00875764216011593,0.002352393011300302,0.011110035171416233,4,0,1,True
2026092808,maest,ambient_balanced,0.25,temperature,5,0.1626937873675245,0.5297708835883197,0,0.00493206760751157,0.003283120635754311,0.00234046718244732,0.008740805495532689,0.006400338313085369,0,0,5,False,0.006014595595203026,0.0076541253706521595,0.0014450441463293995,0.008590752490372638,0.007145708344043239,0,0,5,False
2026092808,maest,ambient_balanced,0.5,beta,5,0.15062555237119546,0.47552001655586995,0,-0.0071361673888174545,-0.007109250174410664,-0.009592477832420399,-0.004348867450469668,0.005243610381950731,5,0,0,False,-0.0006009768449029174,-0.0007231113269550171,-0.0014449661519257972,0.0008308885713675107,0.002275854723293308,4,0,1,True
2026092808,maest,ambient_balanced,0.5,isotonic,5,0.1577634902778532,1.1759249926339084,0,1.7705178402771527e-06,0.001037777118664568,-0.004487871348201639,0.004256707863901116,0.008744579212102754,2,0,3,True,0.006536961061754815,0.005866135968259634,0.0036596403322929627,0.008977915864442743,0.00531827553214978,0,0,5,False
2026092808,maest,ambient_balanced,0.5,platt,5,0.15122652921609836,0.47424387823773806,0,-0.006535190543914537,-0.007940138745778175,-0.008527230152093557,-0.0037831961799386915,0.004744033972154865,5,0,0,False,0.0,0.0,0.0,0.0,0.0,0,5,0,False
2026092808,maest,ambient_balanced,0.5,prior_offset,5,0.14930965166924096,0.47092008545583963,0,-0.008452068090771953,-0.008452068090771953,-0.008452068090771953,-0.008452068090771953,0.0,5,0,0,False,-0.001916877546857415,-0.0005119293449937778,-0.004668871910833261,7.516206132160419e-05,0.004744033972154865,4,0,1,True
2026092808,maest,ambient_balanced,0.5,raw,5,0.1577617197600129,0.48982818596201455,0,0.0,0.0,0.0,0.0,0.0,0,5,0,False,0.006535190543914537,0.007940138745778175,0.0037831961799386915,0.008527230152093557,0.004744033972154865,0,0,5,False
2026092808,maest,ambient_balanced,0.5,ridge_platt,5,0.14845796257047392,0.46487926886046066,0,-0.009303757189538964,-0.009626619705408623,-0.010472057006012808,-0.008345628618578682,0.002126428387434126,5,0,0,False,-0.0027685666456244264,-0.002324545325518207,-0.005413406873741089,0.000144032369407604,0.005557439243148693,4,0,1,True
2026092808,maest,ambient_balanced,0.5,temperature,5,0.15789343791806357,0.4908078352593261,0,0.00013171815805065878,1.3415910488645544e-05,-0.0006124359174346783,0.0009773964987901396,0.0015898324162248179,2,0,3,True,0.006666908701965196,0.0077952265237053175,0.003796612090427337,0.008572638200976646,0.0047760261105493085,0,0,5,False
2026092808,maest,ambient_balanced,1.0,beta,1,0.14870694900368608,0.4673339895271231,0,-0.009054770756326824,-0.009054770756326824,-0.009054770756326824,-0.009054770756326824,0.0,1,0,0,False,-0.0009413532344091924,-0.0009413532344091924,-0.0009413532344091924,-0.0009413532344091924,0.0,1,0,0,False
2026092808,maest,ambient_balanced,1.0,isotonic,1,0.15455387263470202,0.9202305887207332,0,-0.0032078471253108864,-0.0032078471253108864,-0.0032078471253108864,-0.0032078471253108864,0.0,1,0,0,False,0.004905570396606745,0.004905570396606745,0.004905570396606745,0.004905570396606745,0.0,0,0,1,False
2026092808,maest,ambient_balanced,1.0,platt,1,0.14964830223809528,0.46996085511339025,0,-0.008113417521917632,-0.008113417521917632,-0.008113417521917632,-0.008113417521917632,0.0,1,0,0,False,0.0,0.0,0.0,0.0,0.0,0,1,0,False
2026092808,maest,ambient_balanced,1.0,prior_offset,1,0.14930965166924096,0.4709200854558397,0,-0.008452068090771953,-0.008452068090771953,-0.008452068090771953,-0.008452068090771953,0.0,1,0,0,False,-0.00033865056885432065,-0.00033865056885432065,-0.00033865056885432065,-0.00033865056885432065,0.0,1,0,0,False
2026092808,maest,ambient_balanced,1.0,raw,1,0.1577617197600129,0.48982818596201455,0,0.0,0.0,0.0,0.0,0.0,0,1,0,False,0.008113417521917632,0.008113417521917632,0.008113417521917632,0.008113417521917632,0.0,0,0,1,False
2026092808,maest,ambient_balanced,1.0,ridge_platt,1,0.14907419185397716,0.46648458314304975,0,-0.008687527906035747,-0.008687527906035747,-0.008687527906035747,-0.008687527906035747,0.0,1,0,0,False,-0.000574110384118115,-0.000574110384118115,-0.000574110384118115,-0.000574110384118115,0.0,1,0,0,False
2026092808,maest,ambient_balanced,1.0,temperature,1,0.15782985685894738,0.49103423319462386,0,6.813709893446762e-05,6.813709893446762e-05,6.813709893446762e-05,6.813709893446762e-05,0.0,0,0,1,False,0.0081815546208521,0.0081815546208521,0.0081815546208521,0.0081815546208521,0.0,0,0,1,False
2026092808,maest,unweighted,0.25,beta,5,0.15694026467728558,0.5256683494738533,0,0.00831203367256449,0.010115230089876581,0.0008761970724267543,0.012104245426357019,0.011228048353930264,0,0,5,False,0.0006246918051250772,0.00010006042231308632,-0.0014381477089409622,0.003846001158682749,0.005284148867623711,2,0,3,True
2026092808,maest,unweighted,0.25,isotonic,5,0.16480494139914298,2.07395151689876,0,0.016176710394421895,0.01630164116047586,0.01015882721830122,0.02007420634057641,0.009915379122275192,0,0,5,False,0.008489368526982483,0.007877943970874463,0.005653378170536516,0.011815962072902142,0.006162583902365626,0,0,5,False
2026092808,maest,unweighted,0.25,platt,5,0.15631557287216052,0.519264362407305,0,0.007687341867439412,0.00825824426767427,0.0023143447813677165,0.010648262989939344,0.008333918208571628,0,0,5,False,0.0,0.0,0.0,0.0,0.0,0,5,0,False
2026092808,maest,unweighted,0.25,prior_offset,5,0.1486282310047211,0.466010943487274,0,0.0,0.0,0.0,0.0,0.0,0,5,0,False,-0.007687341867439412,-0.00825824426767427,-0.010648262989939344,-0.0023143447813677165,0.008333918208571628,5,0,0,False
2026092808,maest,unweighted,0.25,raw,5,0.1486282310047211,0.466010943487274,0,0.0,0.0,0.0,0.0,0.0,0,5,0,False,-0.007687341867439412,-0.00825824426767427,-0.010648262989939344,-0.0023143447813677165,0.008333918208571628,5,0,0,False
2026092808,maest,unweighted,0.25,ridge_platt,5,0.15141729690971922,0.48375435994215205,0,0.0027890659049981,0.002614823591260279,0.0,0.0065610503086726,0.0065610503086726,0,1,4,False,-0.004898275962441312,-0.00569795391246114,-0.008033439398679065,-0.0016971939590016694,0.006336245439677396,5,0,0,False
2026092808,maest,unweighted,0.25,temperature,5,0.15373027702677036,0.5072715862960118,0,0.0051020460220492555,0.004046405995764085,0.0014846821023789536,0.009482029497212746,0.007997347394833793,0,0,5,False,-0.0025852958453901564,-0.0008296626789887629,-0.006601856994175259,-0.00010705120916287836,0.006494805785012381,5,0,0,False
2026092808,maest,unweighted,0.5,beta,5,0.1505378790378732,0.47401220236121216,0,0.0019096480331520838,0.0015044236484935969,-0.0006556384407989946,0.004284446867084374,0.004940085307883368,1,0,4,True,-0.0003856337561115586,-0.0005726023177710093,-0.0014363788766483254,0.0006981123728961314,0.002134491249544457,3,0,2,True
2026092808,maest,unweighted,0.5,isotonic,5,0.15622740933660623,1.102803850423399,0,0.0075991783318851425,0.008427968477367598,0.0029648212027607035,0.011352661610088632,0.008387840407327929,0,0,5,False,0.0053038965426215005,0.0058820200158085645,0.0021840807669113727,0.008144623936334083,0.005960543169422711,0,0,5,False
2026092808,maest,unweighted,0.5,platt,5,0.15092351279398475,0.47318395268823715,0,0.0022952817892636424,0.0008615152578100027,0.00036228115925612814,0.004857049184855383,0.004494768025599255,0,0,5,False,0.0,0.0,0.0,0.0,0.0,0,5,0,False
2026092808,maest,unweighted,0.5,prior_offset,5,0.1486282310047211,0.466010943487274,0,0.0,0.0,0.0,0.0,0.0,0,5,0,False,-0.0022952817892636424,-0.0008615152578100027,-0.004857049184855383,-0.00036228115925612814,0.004494768025599255,5,0,0,False
2026092808,maest,unweighted,0.5,raw,5,0.1486282310047211,0.466010943487274,0,0.0,0.0,0.0,0.0,0.0,0,5,0,False,-0.0022952817892636424,-0.0008615152578100027,-0.004857049184855383,-0.00036228115925612814,0.004494768025599255,5,0,0,False
2026092808,maest,unweighted,0.5,ridge_platt,5,0.14848816586296795,0.4655636295975447,0,-0.00014006514175315954,0.0,-0.001328436781843939,0.0006281110730781414,0.0019565478549220805,1,3,1,True,-0.002435346931016802,-0.00210917721769327,-0.004857049184855383,-0.00036228115925612814,0.004494768025599255,5,0,0,False
2026092808,maest,unweighted,0.5,temperature,5,0.14900181459981177,0.46825762049465325,0,0.00037358359509067073,7.450480047707653e-05,-0.0005261003458139346,0.0014409407116865447,0.0019670410575004793,1,0,4,True,-0.0019216981941729717,-0.0008883815050700627,-0.004782544384378307,4.99151612200488e-05,0.0048324595455983554,4,0,1,True
2026092808,maest,unweighted,1.0,beta,1,0.14831524812273922,0.4657118660682894,0,-0.0003129828819818936,-0.0003129828819818936,-0.0003129828819818936,-0.0003129828819818936,0.0,1,0,0,False,-0.000999080139811731,-0.000999080139811731,-0.000999080139811731,-0.000999080139811731,0.0,1,0,0,False
2026092808,maest,unweighted,1.0,isotonic,1,0.15313404794029786,0.8533354223427415,0,0.004505816935576751,0.004505816935576751,0.004505816935576751,0.004505816935576751,0.0,0,0,1,False,0.0038197196777469133,0.0038197196777469133,0.0038197196777469133,0.0038197196777469133,0.0,0,0,1,False
2026092808,maest,unweighted,1.0,platt,1,0.14931432826255095,0.46875980252598076,0,0.0006860972578298374,0.0006860972578298374,0.0006860972578298374,0.0006860972578298374,0.0,0,0,1,False,0.0,0.0,0.0,0.0,0.0,0,1,0,False
2026092808,maest,unweighted,1.0,prior_offset,1,0.1486282310047211,0.466010943487274,0,0.0,0.0,0.0,0.0,0.0,0,1,0,False,-0.0006860972578298374,-0.0006860972578298374,-0.0006860972578298374,-0.0006860972578298374,0.0,1,0,0,False
2026092808,maest,unweighted,1.0,raw,1,0.1486282310047211,0.466010943487274,0,0.0,0.0,0.0,0.0,0.0,0,1,0,False,-0.0006860972578298374,-0.0006860972578298374,-0.0006860972578298374,-0.0006860972578298374,0.0,1,0,0,False
2026092808,maest,unweighted,1.0,ridge_platt,1,0.1486282310047211,0.466010943487274,0,0.0,0.0,0.0,0.0,0.0,0,1,0,False,-0.0006860972578298374,-0.0006860972578298374,-0.0006860972578298374,-0.0006860972578298374,0.0,1,0,0,False
2026092808,maest,unweighted,1.0,temperature,1,0.14875294288201674,0.4675595800629349,0,0.0001247118772956246,0.0001247118772956246,0.0001247118772956246,0.0001247118772956246,0.0,0,0,1,False,-0.0005613853805342128,-0.0005613853805342128,-0.0005613853805342128,-0.0005613853805342128,0.0,1,0,0,False
2026092808,mert_v0,ambient_balanced,0.25,beta,5,0.16864518344083476,0.6210145604362631,0,-0.002632720539371852,-0.0038815642001975292,-0.005699883792226246,0.0017749244304036405,0.007474808222629886,4,0,1,True,-0.0015023706090909362,-0.0014832011204570783,-0.003497199437377696,-0.0003761839192902017,0.0031210155180874943,5,0,0,False
2026092808,mert_v0,ambient_balanced,0.25,isotonic,5,0.17594122822067448,2.090843874300529,0,0.004663324240467876,0.006055826178709228,-0.001232221368590386,0.009096686955448408,0.010328908324038794,1,0,4,True,0.005793674170748791,0.0066967006569512155,-2.7571758683897496e-05,0.010125808203914982,0.01015337996259888,1,0,4,True
2026092808,mert_v0,ambient_balanced,0.25,platt,5,0.1701475540499257,0.608071343947195,0,-0.0011303499302809162,-0.0012046496099064885,-0.003927924748626854,0.0032581255508607188,0.007186050299487573,4,0,1,True,0.0,0.0,0.0,0.0,0.0,0,5,0,False
2026092808,mert_v0,ambient_balanced,0.25,prior_offset,5,0.15929369951766387,0.495189509462236,0,-0.011984204462542752,-0.011984204462542752,-0.011984204462542752,-0.011984204462542752,0.0,5,0,0,False,-0.010853854532261837,-0.010779554852636264,-0.015242330013403471,-0.008056279713915898,0.007186050299487573,5,0,0,False
2026092808,mert_v0,ambient_balanced,0.25,raw,5,0.17127790398020662,0.5242949720196433,0,0.0,0.0,0.0,0.0,0.0,0,5,0,False,0.0011303499302809162,0.0012046496099064885,-0.0032581255508607188,0.003927924748626854,0.007186050299487573,1,0,4,True
2026092808,mert_v0,ambient_balanced,0.25,ridge_platt,5,0.16684374428450183,0.5528420719648149,0,-0.00443415969570477,-0.006293735783489074,-0.00851353666791363,-3.066284801814256e-05,0.008482873819895487,5,0,0,False,-0.003303809765423854,-0.0032887883988788613,-0.007308887058007141,0.0029051405275140885,0.01021402758552123,4,0,1,True
2026092808,mert_v0,ambient_balanced,0.25,temperature,5,0.1778312481753533,0.5733757823196287,0,0.00655334419514666,0.005918556908668965,0.0043620876347127135,0.010842743473582966,0.006480655838870253,0,0,5,False,0.007683694125427576,0.007584617922722248,0.0057497655644974666,0.00984648165729582,0.004096716092798353,0,0,5,False
2026092808,mert_v0,ambient_balanced,0.5,beta,5,0.16082837058890392,0.505953961262341,0,-0.010449533391302706,-0.010857229638159743,-0.012885463658670576,-0.007853134096605013,0.005032329562065563,5,0,0,False,-0.0015547533676263325,-0.0013376290199586804,-0.0027464664387754356,-0.0009015103995974605,0.0018449560391779751,5,0,0,False
2026092808,mert_v0,ambient_balanced,0.5,isotonic,5,0.1651600722515974,1.0884940905066531,0,-0.006117831728609235,-0.005754641424077972,-0.010202929479079137,-0.00370358769235854,0.006499341786720597,5,0,0,False,0.0027769482950671387,0.00239289631757747,-0.00024721024051685414,0.006099311341461522,0.006346521581978376,1,0,4,True
2026092808,mert_v0,ambient_balanced,0.5,platt,5,0.16238312395653026,0.5105516369262152,0,-0.008894780023676375,-0.00863231030038894,-0.011853952765539494,-0.00609648400993601,0.005757468755603484,5,0,0,False,0.0,0.0,0.0,0.0,0.0,0,5,0,False
2026092808,mert_v0,ambient_balanced,0.5,prior_offset,5,0.15929369951766387,0.495189509462236,0,-0.011984204462542752,-0.011984204462542752,-0.011984204462542752,-0.011984204462542752,0.0,5,0,0,False,-0.0030894244388663785,-0.0033518941621538123,-0.005887720452606743,-0.00013025169700325856,0.005757468755603484,5,0,0,False
2026092808,mert_v0,ambient_balanced,0.5,raw,5,0.17127790398020662,0.5242949720196433,0,0.0,0.0,0.0,0.0,0.0,0,5,0,False,0.008894780023676375,0.00863231030038894,0.00609648400993601,0.011853952765539494,0.005757468755603484,0,0,5,False
2026092808,mert_v0,ambient_balanced,0.5,ridge_platt,5,0.16116910022101172,0.4999218594681869,0,-0.010108803759194884,-0.010200924422342744,-0.012585465876546048,-0.006972261094695065,0.005613204781850983,5,0,0,False,-0.00121402373551851,-0.00078872470576416,-0.004104440412406735,0.0009631727092600795,0.005067613121666814,3,0,2,True
2026092808,mert_v0,ambient_balanced,0.5,temperature,5,0.17230548629379477,0.532810838690278,0,0.0010275823135881712,0.001090560514522082,0.0006678459090851963,0.00144533731154331,0.0007774914024581137,0,0,5,False,0.009922362337264545,0.009380771115498454,0.007353537449793807,0.012531067158471965,0.005177529708678158,0,0,5,False
2026092808,mert_v0,ambient_balanced,1.0,beta,1,0.1583174513287716,0.4963477954345147,0,-0.012960452651435028,-0.012960452651435028,-0.012960452651435028,-0.012960452651435028,0.0,1,0,0,False,-0.0018900398207262192,-0.0018900398207262192,-0.0018900398207262192,-0.0018900398207262192,0.0,1,0,0,False
2026092808,mert_v0,ambient_balanced,1.0,isotonic,1,0.16170116639176657,0.8690368612809958,0,-0.009576737588440049,-0.009576737588440049,-0.009576737588440049,-0.009576737588440049,0.0,1,0,0,False,0.0014936752422687605,0.0014936752422687605,0.0014936752422687605,0.0014936752422687605,0.0,0,0,1,False
2026092808,mert_v0,ambient_balanced,1.0,platt,1,0.1602074911494978,0.5038416478221274,0,-0.011070412830708809,-0.011070412830708809,-0.011070412830708809,-0.011070412830708809,0.0,1,0,0,False,0.0,0.0,0.0,0.0,0.0,0,1,0,False
2026092808,mert_v0,ambient_balanced,1.0,prior_offset,1,0.15929369951766387,0.495189509462236,0,-0.011984204462542752,-0.011984204462542752,-0.011984204462542752,-0.011984204462542752,0.0,1,0,0,False,-0.0009137916318339434,-0.0009137916318339434,-0.0009137916318339434,-0.0009137916318339434,0.0,1,0,0,False
2026092808,mert_v0,ambient_balanced,1.0,raw,1,0.17127790398020662,0.5242949720196433,0,0.0,0.0,0.0,0.0,0.0,0,1,0,False,0.011070412830708809,0.011070412830708809,0.011070412830708809,0.011070412830708809,0.0,0,0,1,False
2026092808,mert_v0,ambient_balanced,1.0,ridge_platt,1,0.16027173131133327,0.5023274642595529,0,-0.011006172668873354,-0.011006172668873354,-0.011006172668873354,-0.011006172668873354,0.0,1,0,0,False,6.424016183545489e-05,6.424016183545489e-05,6.424016183545489e-05,6.424016183545489e-05,0.0,0,0,1,False
2026092808,mert_v0,ambient_balanced,1.0,temperature,1,0.17214644974354806,0.5310560725382546,0,0.000868545763341444,0.000868545763341444,0.000868545763341444,0.000868545763341444,0.0,0,0,1,False,0.011938958594050253,0.011938958594050253,0.011938958594050253,0.011938958594050253,0.0,0,0,1,False
2026092808,mert_v0,unweighted,0.25,beta,5,0.16946595377248586,0.6224926129303798,0,0.010477788431769835,0.009531916221604958,0.007627143066646913,0.014635565947589052,0.007008422880942139,0,0,5,False,-0.000940756584532132,-0.0009593775171311825,-0.0020370349415734235,-0.0002047585054955059,0.0018322764360779176,5,0,0,False
2026092808,mert_v0,unweighted,0.25,isotonic,5,0.17763171460641153,2.1942073634995727,0,0.01864354926569552,0.017995025769969863,0.01466629389386273,0.024237332918100207,0.009571039024237477,0,0,5,False,0.007225004249393552,0.006079773310084635,0.003765147411169567,0.011891358732536578,0.00812621132136701,0,0,5,False
2026092808,mert_v0,unweighted,0.25,platt,5,0.170406710357018,0.6099044088563528,0,0.011418545016301967,0.011568951163178381,0.008586520583778096,0.01589347887918746,0.007306958295409366,0,0,5,False,0.0,0.0,0.0,0.0,0.0,0,5,0,False
2026092808,mert_v0,unweighted,0.25,prior_offset,5,0.158988165340716,0.49424514393007,0,0.0,0.0,0.0,0.0,0.0,0,5,0,False,-0.011418545016301967,-0.011568951163178381,-0.01589347887918746,-0.008586520583778096,0.007306958295409366,5,0,0,False
2026092808,mert_v0,unweighted,0.25,raw,5,0.158988165340716,0.49424514393007,0,0.0,0.0,0.0,0.0,0.0,0,5,0,False,-0.011418545016301967,-0.011568951163178381,-0.01589347887918746,-0.008586520583778096,0.007306958295409366,5,0,0,False
2026092808,mert_v0,unweighted,0.25,ridge_platt,5,0.1641673318405788,0.5448343368520735,0,0.00517916649986277,0.005323777816531761,0.0,0.010725346974121058,0.010725346974121058,0,1,4,False,-0.006239378516439198,-0.005168131905066403,-0.011568951163178381,-0.002832306519980121,0.00873664464319826,5,0,0,False
2026092808,mert_v0,unweighted,0.25,temperature,5,0.16573026179169434,0.5457331180623883,0,0.006742096450978341,0.005135520530171522,0.0019449578950651303,0.013136122340629885,0.011191164445564755,0,0,5,False,-0.004676448565323626,-0.003562279739630747,-0.009623993268113251,-0.002757356538557576,0.006866636729555675,5,0,0,False
2026092808,mert_v0,unweighted,0.5,beta,5,0.161475318632132,0.5067869979871508,0,0.0024871532914159723,0.0019896691475477513,-0.00010038960696817645,0.005152942456760484,0.005253332063728661,1,0,4,True,-0.0011249276432005462,-0.000878439592642305,-0.0021143713015394916,-0.0005951622146101454,0.0015192090869293462,5,0,0,False
2026092808,mert_v0,unweighted,0.5,isotonic,5,0.16617168552361178,1.1285280097826837,0,0.007183520182895814,0.007023106402940182,0.0032916747306247773,0.010194786524402255,0.006903111793777478,0,0,5,False,0.0035714392482792956,0.003660512836215407,0.0007983472720684837,0.0064268776963268825,0.005628530424258399,0,0,5,False
2026092808,mert_v0,unweighted,0.5,platt,5,0.16260024627533248,0.5116107571032135,0,0.0036120809346165184,0.004104040449087243,0.0005549442688162487,0.006534273688186848,0.005979329419370599,0,0,5,False,0.0,0.0,0.0,0.0,0.0,0,5,0,False
2026092808,mert_v0,unweighted,0.5,prior_offset,5,0.158988165340716,0.49424514393007,0,0.0,0.0,0.0,0.0,0.0,0,5,0,False,-0.0036120809346165184,-0.004104040449087243,-0.006534273688186848,-0.0005549442688162487,0.005979329419370599,5,0,0,False
2026092808,mert_v0,unweighted,0.5,raw,5,0.158988165340716,0.49424514393007,0,0.0,0.0,0.0,0.0,0.0,0,5,0,False,-0.0036120809346165184,-0.004104040449087243,-0.006534273688186848,-0.0005549442688162487,0.005979329419370599,5,0,0,False
2026092808,mert_v0,unweighted,0.5,ridge_platt,5,0.1592883796216134,0.49599537936934607,0,0.0003002142808973929,0.0,-6.06296232049941e-05,0.001460683423791076,0.00152131304699607,2,1,2,True,-0.0033118666537191254,-0.002643357025296167,-0.006378610510115568,-0.0006155738920212428,0.005763036618094325,5,0,0,False
2026092808,mert_v0,unweighted,0.5,temperature,5,0.15976250959681965,0.5016312090530434,0,0.0007743442561036374,0.0006875756824095691,0.00037423553390319997,0.0012089785192622993,0.0008347429853590993,0,0,5,False,-0.002837736678512881,-0.0034164647666776737,-0.005325295168924549,-0.00018070873491304873,0.0051445864340115,5,0,0,False
2026092808,mert_v0,unweighted,1.0,beta,1,0.15913321566410565,0.49789331274700377,0,0.00014505032338965607,0.00014505032338965607,0.00014505032338965607,0.00014505032338965607,0.0,0,0,1,False,-0.0012567278156283834,-0.0012567278156283834,-0.0012567278156283834,-0.0012567278156283834,0.0,1,0,0,False
2026092808,mert_v0,unweighted,1.0,isotonic,1,0.1631155509443032,0.9041204921426125,0,0.004127385603587191,0.004127385603587191,0.004127385603587191,0.004127385603587191,0.0,0,0,1,False,0.002725607464569152,0.002725607464569152,0.002725607464569152,0.002725607464569152,0.0,0,0,1,False
2026092808,mert_v0,unweighted,1.0,platt,1,0.16038994347973404,0.5047771642704652,0,0.0014017781390180395,0.0014017781390180395,0.0014017781390180395,0.0014017781390180395,0.0,0,0,1,False,0.0,0.0,0.0,0.0,0.0,0,1,0,False
2026092808,mert_v0,unweighted,1.0,prior_offset,1,0.158988165340716,0.49424514393006996,0,0.0,0.0,0.0,0.0,0.0,0,1,0,False,-0.0014017781390180395,-0.0014017781390180395,-0.0014017781390180395,-0.0014017781390180395,0.0,1,0,0,False
2026092808,mert_v0,unweighted,1.0,raw,1,0.158988165340716,0.49424514393006996,0,0.0,0.0,0.0,0.0,0.0,0,1,0,False,-0.0014017781390180395,-0.0014017781390180395,-0.0014017781390180395,-0.0014017781390180395,0.0,1,0,0,False
2026092808,mert_v0,unweighted,1.0,ridge_platt,1,0.1585065846124809,0.4989290866052618,0,-0.00048158072823509257,-0.00048158072823509257,-0.00048158072823509257,-0.00048158072823509257,0.0,1,0,0,False,-0.001883358867253132,-0.001883358867253132,-0.001883358867253132,-0.001883358867253132,0.0,1,0,0,False
2026092808,mert_v0,unweighted,1.0,temperature,1,0.1593259057652667,0.4986740174064826,0,0.0003377404245507032,0.0003377404245507032,0.0003377404245507032,0.0003377404245507032,0.0,0,0,1,False,-0.0010640377144673363,-0.0010640377144673363,-0.0010640377144673363,-0.0010640377144673363,0.0,1,0,0,False
2026092808,mert_v1,ambient_balanced,0.25,beta,5,0.1708220350896937,0.666082335585941,0,0.0018188321466623691,0.0034569849534807906,-0.002053169441731728,0.00600492800646113,0.008058097448192858,2,0,3,True,0.00023842476780669975,-0.00040572968696217515,-0.0013252817011829565,0.003605323470640548,0.0049306051718235044,4,0,1,True
2026092808,mert_v1,ambient_balanced,0.25,isotonic,5,0.17883257406150171,2.150380963614427,0,0.00982937111847037,0.00993056556037858,0.002895414425625742,0.016365679978372072,0.01347026555274633,0,0,5,False,0.0082489637396147,0.006134079965622097,0.0034048015351076932,0.015616893934282672,0.012212092399174979,0,0,5,False
2026092808,mert_v1,ambient_balanced,0.25,platt,5,0.170583610321887,0.6569186496982601,0,0.0015804073788556693,-0.00014833851715975732,-0.001647439754769553,0.006076212371908585,0.007723652126678138,3,0,2,True,0.0,0.0,0.0,0.0,0.0,0,5,0,False
2026092808,mert_v1,ambient_balanced,0.25,prior_offset,5,0.1573124816029678,0.4880706694763595,0,-0.011690721340063548,-0.011690721340063548,-0.011690721340063548,-0.011690721340063548,0.0,5,0,0,False,-0.013271128718919218,-0.01154238282290379,-0.017766933711972133,-0.010043281585293995,0.007723652126678138,5,0,0,False
2026092808,mert_v1,ambient_balanced,0.25,raw,5,0.16900320294303134,0.5170621618140456,0,0.0,0.0,0.0,0.0,0.0,0,5,0,False,-0.0015804073788556693,0.00014833851715975732,-0.006076212371908585,0.001647439754769553,0.007723652126678138,2,0,3,True
2026092808,mert_v1,ambient_balanced,0.25,ridge_platt,5,0.16519746898627738,0.5425741351153771,0,-0.003805733956753965,-0.004430386149760768,-0.006585284177298811,0.0008497189974322472,0.0074350031747310585,4,0,1,True,-0.005386141335609634,-0.004927525678592892,-0.010716274081079835,-0.0021394145036202905,0.008576859577459545,5,0,0,False
2026092808,mert_v1,ambient_balanced,0.25,temperature,5,0.17508491035149337,0.5649864547659658,0,0.006081707408462011,0.005308813103828441,0.00503775983376914,0.009202523034352456,0.004164763200583316,0,0,5,False,0.004501300029606342,0.005436828204535643,0.0014399614792031112,0.006685199588538693,0.0052452381093355815,0,0,5,False
2026092808,mert_v1,ambient_balanced,0.5,beta,5,0.1607031576776674,0.5010768512194469,0,-0.008300045265363931,-0.008194552315338138,-0.010085531465940656,-0.006287158833593709,0.003798372632346947,5,0,0,False,-0.0008868913360014996,-0.001357448702409808,-0.001550787112769847,7.603913284126573e-05,0.0016268262456111127,4,0,1,True
2026092808,mert_v1,ambient_balanced,0.5,isotonic,5,0.1647951678317246,1.1243367419632488,0,-0.004208035111306768,-0.0036332356770295005,-0.00641916864295311,-0.003090469435471699,0.0033286992074814115,5,0,0,False,0.0032051188180556634,0.0037424019558288113,0.001075542443494032,0.004810815180544853,0.003735272737050821,0,0,5,False
2026092808,mert_v1,ambient_balanced,0.5,platt,5,0.1615900490136689,0.5038429624095915,0,-0.007413153929362431,-0.008024638600462292,-0.010161570598781922,-0.004929710131183901,0.005231860467598021,5,0,0,False,0.0,0.0,0.0,0.0,0.0,0,5,0,False
2026092808,mert_v1,ambient_balanced,0.5,prior_offset,5,0.1573124816029678,0.4880706694763595,0,-0.011690721340063548,-0.011690721340063548,-0.011690721340063548,-0.011690721340063548,0.0,5,0,0,False,-0.004277567410701117,-0.0036660827396012563,-0.006761011208879647,-0.0015291507412816263,0.005231860467598021,5,0,0,False
2026092808,mert_v1,ambient_balanced,0.5,raw,5,0.16900320294303134,0.5170621618140456,0,0.0,0.0,0.0,0.0,0.0,0,5,0,False,0.007413153929362431,0.008024638600462292,0.004929710131183901,0.010161570598781922,0.005231860467598021,0,0,5,False
2026092808,mert_v1,ambient_balanced,0.5,ridge_platt,5,0.15934815234417338,0.4944665571675535,0,-0.009655050598857984,-0.009928461261365595,-0.010718940635364604,-0.0075181888473239145,0.00320075178804069,5,0,0,False,-0.002241896669495552,-0.001732127329206995,-0.005423186189382617,0.0006726406444040045,0.006095826833786622,4,0,1,True
2026092808,mert_v1,ambient_balanced,0.5,temperature,5,0.16969153007042803,0.5227284592621129,0,0.0006883271273967151,0.0008145399546739263,0.0003512723468772627,0.00093799291689034,0.0005867205700130773,0,0,5,False,0.008101481056759147,0.008962631517352632,0.005280982478061164,0.010636196089145483,0.00535521361108432,0,0,5,False
2026092808,mert_v1,ambient_balanced,1.0,beta,1,0.15820629900364308,0.49287654246985974,0,-0.010796903939388258,-0.010796903939388258,-0.010796903939388258,-0.010796903939388258,0.0,1,0,0,False,-0.001112199535929309,-0.001112199535929309,-0.001112199535929309,-0.001112199535929309,0.0,1,0,0,False
2026092808,mert_v1,ambient_balanced,1.0,isotonic,1,0.16255921963911932,0.9324668332773577,0,-0.006443983303912021,-0.006443983303912021,-0.006443983303912021,-0.006443983303912021,0.0,1,0,0,False,0.0032407210995469282,0.0032407210995469282,0.0032407210995469282,0.0032407210995469282,0.0,0,0,1,False
2026092808,mert_v1,ambient_balanced,1.0,platt,1,0.1593184985395724,0.4980484711204923,0,-0.009684704403458949,-0.009684704403458949,-0.009684704403458949,-0.009684704403458949,0.0,1,0,0,False,0.0,0.0,0.0,0.0,0.0,0,1,0,False
2026092808,mert_v1,ambient_balanced,1.0,prior_offset,1,0.1573124816029678,0.4880706694763595,0,-0.011690721340063548,-0.011690721340063548,-0.011690721340063548,-0.011690721340063548,0.0,1,0,0,False,-0.002006016936604599,-0.002006016936604599,-0.002006016936604599,-0.002006016936604599,0.0,1,0,0,False
2026092808,mert_v1,ambient_balanced,1.0,raw,1,0.16900320294303134,0.5170621618140456,0,0.0,0.0,0.0,0.0,0.0,0,1,0,False,0.009684704403458949,0.009684704403458949,0.009684704403458949,0.009684704403458949,0.0,0,0,1,False
2026092808,mert_v1,ambient_balanced,1.0,ridge_platt,1,0.15920759362451847,0.4946151390010994,0,-0.009795609318512866,-0.009795609318512866,-0.009795609318512866,-0.009795609318512866,0.0,1,0,0,False,-0.00011090491505391653,-0.00011090491505391653,-0.00011090491505391653,-0.00011090491505391653,0.0,1,0,0,False
2026092808,mert_v1,ambient_balanced,1.0,temperature,1,0.16931528874666937,0.5211742977329895,0,0.00031208580363803473,0.00031208580363803473,0.00031208580363803473,0.00031208580363803473,0.0,0,0,1,False,0.009996790207096984,0.009996790207096984,0.009996790207096984,0.009996790207096984,0.0,0,0,1,False
2026092808,mert_v1,unweighted,0.25,beta,5,0.17004264817531578,0.6624680510090694,0,0.013202646483394132,0.012829867006863421,0.010370106326144574,0.01850714366096512,0.008137037334820546,0,0,5,False,-9.742654370185067e-05,-0.00033738963381976794,-0.0015817898775366546,0.0020464736417931395,0.003628263519329794,3,0,2,True
2026092808,mert_v1,unweighted,0.25,isotonic,5,0.17649409781994224,2.1426405368115455,0,0.01965409612802064,0.021454988028784205,0.013865105728326943,0.02399732473772964,0.010132219009402699,0,0,5,False,0.006354023100924655,0.0055974694786249946,0.0022002997111808253,0.011864703341602778,0.009664403630421953,0,0,5,False
2026092808,mert_v1,unweighted,0.25,platt,5,0.1701400747190176,0.6559770879259366,0,0.013300073027095983,0.011664806017146118,0.010707495959964342,0.018017247182159996,0.007309751222195654,0,0,5,False,0.0,0.0,0.0,0.0,0.0,0,5,0,False
2026092808,mert_v1,unweighted,0.25,prior_offset,5,0.15684000169192164,0.4867639286231629,0,0.0,0.0,0.0,0.0,0.0,0,5,0,False,-0.013300073027095983,-0.011664806017146118,-0.018017247182159996,-0.010707495959964342,0.007309751222195654,5,0,0,False
2026092808,mert_v1,unweighted,0.25,raw,5,0.15684000169192164,0.4867639286231629,0,0.0,0.0,0.0,0.0,0.0,0,5,0,False,-0.013300073027095983,-0.011664806017146118,-0.018017247182159996,-0.010707495959964342,0.007309751222195654,5,0,0,False
2026092808,mert_v1,unweighted,0.25,ridge_platt,5,0.16269457667866036,0.5349238990528618,0,0.005854574986738715,0.004976880167674502,0.0022080613514330327,0.010395063082534295,0.008187001731101262,0,0,5,False,-0.007445498040357268,-0.00611994864316201,-0.013119361259706142,-0.004635380407002648,0.008483980852703493,5,0,0,False
2026092808,mert_v1,unweighted,0.25,temperature,5,0.16293655979480642,0.531938206546996,0,0.006096558102884791,0.006345486335022965,0.00234956139704412,0.012078763013368715,0.009729201616324595,0,0,5,False,-0.0072035149242111905,-0.00593848416879128,-0.012977861214095054,-0.004132933747049761,0.008844927467045294,5,0,0,False
2026092808,mert_v1,unweighted,0.5,beta,5,0.1608322398929068,0.5003279703795265,0,0.0039922382009851265,0.004035311275062292,0.0019540101990508374,0.006009937312090569,0.004055927113039731,0,0,5,False,-0.0007244376377426254,-0.0010712761152479044,-0.0013347036914168608,0.00016580263229720726,0.0015005063237140681,4,0,1,True
2026092808,mert_v1,unweighted,0.5,isotonic,5,0.16516955097808866,1.175108536590265,0,0.008329549286167044,0.008013701483538499,0.007186429635095665,0.009465260783621948,0.0022788311485262835,0,0,5,False,0.003612873447439291,0.0038809509815110055,0.0008654750149433565,0.006225493916784869,0.005360018901841512,0,0,5,False
2026092808,mert_v1,unweighted,0.5,platt,5,0.1615566775306494,0.5038895074304592,0,0.004716675838727752,0.004117266353209054,0.0017882075667536301,0.007344641003507429,0.005556433436753799,0,0,5,False,0.0,0.0,0.0,0.0,0.0,0,5,0,False
2026092808,mert_v1,unweighted,0.5,prior_offset,5,0.15684000169192164,0.4867639286231629,0,0.0,0.0,0.0,0.0,0.0,0,5,0,False,-0.004716675838727752,-0.004117266353209054,-0.007344641003507429,-0.0017882075667536301,0.005556433436753799,5,0,0,False
2026092808,mert_v1,unweighted,0.5,raw,5,0.15684000169192164,0.4867639286231629,0,0.0,0.0,0.0,0.0,0.0,0,5,0,False,-0.004716675838727752,-0.004117266353209054,-0.007344641003507429,-0.0017882075667536301,0.005556433436753799,5,0,0,False
2026092808,mert_v1,unweighted,0.5,ridge_platt,5,0.15748810517497938,0.4901954175588302,0,0.0006481034830577381,0.00016333255896497367,-3.2455046848095526e-05,0.002224824103194356,0.0022572791500424516,1,1,3,True,-0.004068572355670014,-0.004012309650016338,-0.006459825203529973,-0.0018206626136017257,0.004639162589928247,5,0,0,False
2026092808,mert_v1,unweighted,0.5,temperature,5,0.15753718087028357,0.49164952175296683,0,0.0006971791783619341,0.0008057076515625428,0.00014140671367904312,0.0010372954019209901,0.000895888688241947,0,0,5,False,-0.004019496660365818,-0.0033366150597350652,-0.006518849469141608,-0.001646800853074587,0.004872048616067021,5,0,0,False
2026092808,mert_v1,unweighted,1.0,beta,1,0.15850987654181875,0.49291880582743114,0,0.0016698748498971128,0.0016698748498971128,0.0016698748498971128,0.0016698748498971128,0.0,0,0,1,False,-0.0008546886798047604,-0.0008546886798047604,-0.0008546886798047604,-0.0008546886798047604,0.0,1,0,0,False
2026092808,mert_v1,unweighted,1.0,isotonic,1,0.1632691583509269,0.9650513662304843,0,0.0064291566590052585,0.0064291566590052585,0.0064291566590052585,0.0064291566590052585,0.0,0,0,1,False,0.0039045931293033853,0.0039045931293033853,0.0039045931293033853,0.0039045931293033853,0.0,0,0,1,False
2026092808,mert_v1,unweighted,1.0,platt,1,0.1593645652216235,0.49827125795793353,0,0.002524563529701873,0.002524563529701873,0.002524563529701873,0.002524563529701873,0.0,0,0,1,False,0.0,0.0,0.0,0.0,0.0,0,1,0,False
2026092808,mert_v1,unweighted,1.0,prior_offset,1,0.15684000169192164,0.4867639286231629,0,0.0,0.0,0.0,0.0,0.0,0,1,0,False,-0.002524563529701873,-0.002524563529701873,-0.002524563529701873,-0.002524563529701873,0.0,1,0,0,False
2026092808,mert_v1,unweighted,1.0,raw,1,0.15684000169192164,0.4867639286231629,0,0.0,0.0,0.0,0.0,0.0,0,1,0,False,-0.002524563529701873,-0.002524563529701873,-0.002524563529701873,-0.002524563529701873,0.0,1,0,0,False
2026092808,mert_v1,unweighted,1.0,ridge_platt,1,0.15788054582344324,0.49184994767046913,0,0.0010405441315216035,0.0010405441315216035,0.0010405441315216035,0.0010405441315216035,0.0,0,0,1,False,-0.0014840193981802696,-0.0014840193981802696,-0.0014840193981802696,-0.0014840193981802696,0.0,1,0,0,False
2026092808,mert_v1,unweighted,1.0,temperature,1,0.15712370308491272,0.4898091403207484,0,0.00028370139299108144,0.00028370139299108144,0.00028370139299108144,0.00028370139299108144,0.0,0,0,1,False,-0.0022408621367107917,-0.0022408621367107917,-0.0022408621367107917,-0.0022408621367107917,0.0,1,0,0,False
2026092809,maest,ambient_balanced,0.25,beta,5,0.12272214656049626,0.4169946953941344,0,0.002985234654478572,0.0002266241765007393,-0.00511458969209222,0.017102064103935763,0.022216653796027983,2,0,3,True,-0.0014092872255455635,-0.002166728698394821,-0.002454777031411115,0.0003921938864021035,0.0028469709178132185,4,0,1,True
2026092809,maest,ambient_balanced,0.25,isotonic,5,0.12881837392232237,1.225934968542968,0,0.009081462016304654,0.006355415226240516,0.000693168104230299,0.017432833840764564,0.016739665736534265,0,0,5,False,0.004686940136280518,0.0035211392441292094,-0.00046440823130053377,0.01607478357928653,0.016539191810587064,1,0,4,True
2026092809,maest,ambient_balanced,0.25,platt,5,0.12413143378604183,0.41214129462966637,0,0.004394521880024135,0.000816213130558685,-0.00288705436182618,0.01670987021753366,0.01959692457935984,1,0,4,True,0.0,0.0,0.0,0.0,0.0,0,5,0,False
2026092809,maest,ambient_balanced,0.25,prior_offset,5,0.11048371630904572,0.3625698853711836,0,-0.009253195596971964,-0.009253195596971964,-0.009253195596971964,-0.009253195596971964,0.0,5,0,0,False,-0.013647717476996099,-0.010069408727530649,-0.025963065814505623,-0.0063661412351457836,0.01959692457935984,5,0,0,False
2026092809,maest,ambient_balanced,0.25,raw,5,0.11973691190601769,0.3874322232751393,0,0.0,0.0,0.0,0.0,0.0,0,5,0,False,-0.004394521880024135,-0.000816213130558685,-0.01670987021753366,0.00288705436182618,0.01959692457935984,4,0,1,True
2026092809,maest,ambient_balanced,0.25,ridge_platt,5,0.11919238401690094,0.3914841177026036,0,-0.0005445278891167665,-0.006440958393766599,-0.010321715428201678,0.019102430931089057,0.029424146359290734,3,0,2,True,-0.004939049769140902,-0.006954715350080062,-0.010177015420586799,0.0023925607135553972,0.012569576134142196,4,0,1,True
2026092809,maest,ambient_balanced,0.25,temperature,5,0.12597138713486716,0.4165923504412058,0,0.006234475228849445,0.0026934271795387432,-0.0011209793584934513,0.0248633863413273,0.025984365699820752,1,0,4,True,0.00183995334882531,0.002790285377455959,-0.0079408028160345,0.008153516123793642,0.016094318939828142,1,0,4,True
2026092809,maest,ambient_balanced,0.5,beta,5,0.11511550712777771,0.38012925087888794,0,-0.004621404778239971,-0.003739796794844652,-0.00854956226069123,-0.00025667284187567974,0.00829288941881555,5,0,0,False,-0.00011059352610905959,-0.0001373057567720104,-0.0015403648770741102,0.0011975000894578897,0.002737864966532,3,0,2,True
2026092809,maest,ambient_balanced,0.5,isotonic,5,0.11848373736507359,0.8580946017767784,0,-0.0012531745409441076,-0.0011494740671341291,-0.004912997975012587,0.0023425728188617573,0.007255570793874344,3,0,2,True,0.003257636711186804,0.002788500413383424,0.0023906952978662993,0.004641602809489817,0.0022509075116235178,0,0,5,False
2026092809,maest,ambient_balanced,0.5,platt,5,0.11522610065388679,0.37725202751920117,0,-0.004510811252130912,-0.003937974480517553,-0.009554600784502404,-0.00011936708510366933,0.009435233699398735,5,0,0,False,0.0,0.0,0.0,0.0,0.0,0,5,0,False
2026092809,maest,ambient_balanced,0.5,prior_offset,5,0.11048371630904572,0.3625698853711836,0,-0.009253195596971964,-0.009253195596971964,-0.009253195596971964,-0.009253195596971964,0.0,5,0,0,False,-0.004742384344841052,-0.0053152211164544105,-0.009133828511868294,0.0003014051875304402,0.009435233699398735,4,0,1,True
2026092809,maest,ambient_balanced,0.5,raw,5,0.11973691190601769,0.3874322232751393,0,0.0,0.0,0.0,0.0,0.0,0,5,0,False,0.004510811252130912,0.003937974480517553,0.00011936708510366933,0.009554600784502404,0.009435233699398735,0,0,5,False
2026092809,maest,ambient_balanced,0.5,ridge_platt,5,0.11212974874221197,0.3680637973463211,0,-0.0076071631638057104,-0.008943135643882591,-0.009242677636706234,-0.003909724009240861,0.005332953627465373,5,0,0,False,-0.0030963519116747997,-0.0030104282436003993,-0.006792443887310373,0.0006114651406198129,0.007403909027930186,4,0,1,True
2026092809,maest,ambient_balanced,0.5,temperature,5,0.12175663655905038,0.3947650666602666,0,0.0020197246530326866,0.0015254252144250996,-0.0016534703454625238,0.008340644500570607,0.00999411484603313,1,0,4,True,0.006530535905163598,0.0070462579543432435,0.0037248571321956414,0.008460011585674276,0.004735154453478635,0,0,5,False
2026092809,maest,ambient_balanced,1.0,beta,1,0.11178810575756915,0.36928832578113124,0,-0.007948806148448548,-0.007948806148448548,-0.007948806148448548,-0.007948806148448548,0.0,1,0,0,False,-0.0007659089409425834,-0.0007659089409425834,-0.0007659089409425834,-0.0007659089409425834,0.0,1,0,0,False
2026092809,maest,ambient_balanced,1.0,isotonic,1,0.11295885354768417,0.617023101874162,0,-0.006778058358333519,-0.006778058358333519,-0.006778058358333519,-0.006778058358333519,0.0,1,0,0,False,0.0004048388491724453,0.0004048388491724453,0.0004048388491724453,0.0004048388491724453,0.0,0,0,1,False
2026092809,maest,ambient_balanced,1.0,platt,1,0.11255401469851173,0.36925190117884554,0,-0.007182897207505964,-0.007182897207505964,-0.007182897207505964,-0.007182897207505964,0.0,1,0,0,False,0.0,0.0,0.0,0.0,0.0,0,1,0,False
2026092809,maest,ambient_balanced,1.0,prior_offset,1,0.11048371630904573,0.3625698853711836,0,-0.009253195596971964,-0.009253195596971964,-0.009253195596971964,-0.009253195596971964,0.0,1,0,0,False,-0.0020702983894659993,-0.0020702983894659993,-0.0020702983894659993,-0.0020702983894659993,0.0,1,0,0,False
2026092809,maest,ambient_balanced,1.0,raw,1,0.11973691190601769,0.3874322232751393,0,0.0,0.0,0.0,0.0,0.0,0,1,0,False,0.007182897207505964,0.007182897207505964,0.007182897207505964,0.007182897207505964,0.0,0,0,1,False
2026092809,maest,ambient_balanced,1.0,ridge_platt,1,0.11230040879946088,0.36912172063079274,0,-0.007436503106556816,-0.007436503106556816,-0.007436503106556816,-0.007436503106556816,0.0,1,0,0,False,-0.0002536058990508516,-0.0002536058990508516,-0.0002536058990508516,-0.0002536058990508516,0.0,1,0,0,False
2026092809,maest,ambient_balanced,1.0,temperature,1,0.12059722282336104,0.39103225152467,0,0.0008603109173433432,0.0008603109173433432,0.0008603109173433432,0.0008603109173433432,0.0,0,0,1,False,0.008043208124849308,0.008043208124849308,0.008043208124849308,0.008043208124849308,0.0,0,0,1,False
2026092809,maest,unweighted,0.25,beta,5,0.12231005185803925,0.41454254270019664,0,0.012642756552387951,0.00991112247217639,0.00477274716645551,0.02652889837129295,0.02175615120483744,0,0,5,False,-0.0011919451051769475,-0.001863964972507029,-0.0020834888255776424,0.000330198378422103,0.0024136872039997453,4,0,1,True
2026092809,maest,unweighted,0.25,isotonic,5,0.12820734471982825,1.2243271618173088,0,0.018540049414176953,0.015788519819962946,0.010393550977854202,0.027240067911724328,0.016846516933870126,0,0,5,False,0.004705347756612052,0.003704689378111539,-0.0004386898056842059,0.015462532452887784,0.01590122225857199,1,0,4,True
2026092809,maest,unweighted,0.25,platt,5,0.1235019969632162,0.4106228266967114,0,0.0138347016575649,0.010233175376571937,0.006636712138962539,0.026198699992870847,0.019561987853908308,0,0,5,False,0.0,0.0,0.0,0.0,0.0,0,5,0,False
2026092809,maest,unweighted,0.25,prior_offset,5,0.1096672953056513,0.3603403847094508,0,0.0,0.0,0.0,0.0,0.0,0,5,0,False,-0.0138347016575649,-0.010233175376571937,-0.026198699992870847,-0.006636712138962539,0.019561987853908308,5,0,0,False
2026092809,maest,unweighted,0.25,raw,5,0.1096672953056513,0.3603403847094508,0,0.0,0.0,0.0,0.0,0.0,0,5,0,False,-0.0138347016575649,-0.010233175376571937,-0.026198699992870847,-0.006636712138962539,0.019561987853908308,5,0,0,False
2026092809,maest,unweighted,0.25,ridge_platt,5,0.11774217611080276,0.387926873034751,0,0.00807488080515147,0.0028129653479381095,-0.0006313287860907207,0.024200394012553236,0.024831722798643957,2,0,3,True,-0.00575982085241343,-0.007064745805833911,-0.010286959227962286,-0.0019983059803176106,0.008288653247644676,5,0,0,False
2026092809,maest,unweighted,0.25,temperature,5,0.11615393341207567,0.3910388918340092,0,0.006486638106424386,0.002598575549187049,-0.00018316594656836438,0.02515058499634816,0.025333750942916525,1,0,4,True,-0.007348063551140513,-0.006618115444810141,-0.016410375572215516,-0.0010481149965226866,0.01536226057569283,5,0,0,False
2026092809,maest,unweighted,0.5,beta,5,0.11455184444205627,0.3779050510132863,0,0.0048845491364049535,0.005771033616714771,0.000703164189589503,0.009216463553887597,0.008513299364298094,0,0,5,False,-0.00010292237319424747,-0.00010139221459856684,-0.0015264369762916924,0.0010506409694681501,0.0025770779457598425,3,0,2,True
2026092809,maest,unweighted,0.5,isotonic,5,0.11795147721645634,0.8565494667827428,0,0.008284181910805039,0.008207019799391438,0.004648049868635526,0.011723434549335193,0.007075384680699667,0,0,5,False,0.003296710401205838,0.002542922343719292,0.002214914813236518,0.004741011794027333,0.002526096980790815,0,0,5,False
2026092809,maest,unweighted,0.5,platt,5,0.11465476681525048,0.37581174336510215,0,0.004987471509599201,0.005664097455672146,-9.296192539180737e-05,0.009317855768486163,0.00941081769387797,1,0,4,True,0.0,0.0,0.0,0.0,0.0,0,5,0,False
2026092809,maest,unweighted,0.5,prior_offset,5,0.1096672953056513,0.3603403847094508,0,0.0,0.0,0.0,0.0,0.0,0,5,0,False,-0.004987471509599201,-0.005664097455672146,-0.009317855768486163,9.296192539180737e-05,0.00941081769387797,4,0,1,True
2026092809,maest,unweighted,0.5,raw,5,0.1096672953056513,0.3603403847094508,0,0.0,0.0,0.0,0.0,0.0,0,5,0,False,-0.004987471509599201,-0.005664097455672146,-0.009317855768486163,9.296192539180737e-05,0.00941081769387797,4,0,1,True
2026092809,maest,unweighted,0.5,ridge_platt,5,0.11142631506497738,0.36606109018908906,0,0.0017590197593260748,0.0010866888390854285,-9.997122333303687e-05,0.004638069462930869,0.004738040686263906,1,0,4,True,-0.003228451750273126,-0.0030104282436003993,-0.006780828087131097,-7.009297941229509e-06,0.006773818789189867,5,0,0,False
2026092809,maest,unweighted,0.5,temperature,5,0.11171425117101781,0.36824546825396504,0,0.0020469558653665202,0.0014630513705556764,-0.0014882476163551733,0.008425822329724816,0.00991406994607999,1,0,4,True,-0.00294051564423268,-0.002446324859091492,-0.005767888147230726,-0.0008920334387613471,0.004875854708469379,5,0,0,False
2026092809,maest,unweighted,1.0,beta,1,0.11136588595386845,0.3671813552466168,0,0.0016985906482171603,0.0016985906482171603,0.0016985906482171603,0.0016985906482171603,0.0,0,0,1,False,-0.0005500698692950945,-0.0005500698692950945,-0.0005500698692950945,-0.0005500698692950945,0.0,1,0,0,False
2026092809,maest,unweighted,1.0,isotonic,1,0.11321339337177155,0.6173665751584787,0,0.0035460980661202596,0.0035460980661202596,0.0035460980661202596,0.0035460980661202596,0.0,0,0,1,False,0.0012974375486080048,0.0012974375486080048,0.0012974375486080048,0.0012974375486080048,0.0,0,0,1,False
2026092809,maest,unweighted,1.0,platt,1,0.11191595582316355,0.36766570703254725,0,0.002248660517512255,0.002248660517512255,0.002248660517512255,0.002248660517512255,0.0,0,0,1,False,0.0,0.0,0.0,0.0,0.0,0,1,0,False
2026092809,maest,unweighted,1.0,prior_offset,1,0.1096672953056513,0.3603403847094508,0,0.0,0.0,0.0,0.0,0.0,0,1,0,False,-0.002248660517512255,-0.002248660517512255,-0.002248660517512255,-0.002248660517512255,0.0,1,0,0,False
2026092809,maest,unweighted,1.0,raw,1,0.1096672953056513,0.3603403847094508,0,0.0,0.0,0.0,0.0,0.0,0,1,0,False,-0.002248660517512255,-0.002248660517512255,-0.002248660517512255,-0.002248660517512255,0.0,1,0,0,False
2026092809,maest,unweighted,1.0,ridge_platt,1,0.11179151382997807,0.3678762803886088,0,0.0021242185243267736,0.0021242185243267736,0.0021242185243267736,0.0021242185243267736,0.0,0,0,1,False,-0.00012444199318548121,-0.00012444199318548121,-0.00012444199318548121,-0.00012444199318548121,0.0,1,0,0,False
2026092809,maest,unweighted,1.0,temperature,1,0.11054660153803723,0.36413305279764674,0,0.0008793062323859402,0.0008793062323859402,0.0008793062323859402,0.0008793062323859402,0.0,0,0,1,False,-0.0013693542851263146,-0.0013693542851263146,-0.0013693542851263146,-0.0013693542851263146,0.0,1,0,0,False
2026092809,mert_v0,ambient_balanced,0.25,beta,5,0.13584257662496024,0.43362123361685645,0,-0.004731783601283157,-0.005654176817938034,-0.01469430602839622,0.0071374952586305,0.02183180128702672,4,0,1,True,-0.0008436811750039852,-0.00013747934606889167,-0.0024654750050290553,0.00035502871422879445,0.0028205037192578497,3,0,2,True
2026092809,mert_v0,ambient_balanced,0.25,isotonic,5,0.14122273335564933,1.099360433336211,0,0.000648373129405938,0.003009246056444592,-0.010886165466745729,0.014358193217815701,0.02524435868456143,2,0,3,True,0.00453647555568511,0.00471295570369773,0.0013426655566214363,0.009701839025079068,0.008359173468457631,0,0,5,False
2026092809,mert_v0,ambient_balanced,0.25,platt,5,0.13668625779996424,0.43615780882154515,0,-0.0038881024262791717,-0.005516697471869142,-0.012228831023367165,0.009227529426237224,0.02145636044960439,4,0,1,True,0.0,0.0,0.0,0.0,0.0,0,5,0,False
2026092809,mert_v0,ambient_balanced,0.25,prior_offset,5,0.1256838693887702,0.4035797394586888,0,-0.014890490837473208,-0.014890490837473208,-0.014890490837473208,-0.014890490837473208,0.0,5,0,0,False,-0.011002388411194036,-0.009373793365604066,-0.024118020263710432,-0.0026616598141060432,0.02145636044960439,5,0,0,False
2026092809,mert_v0,ambient_balanced,0.25,raw,5,0.1405743602262434,0.44079072578443845,0,0.0,0.0,0.0,0.0,0.0,0,5,0,False,0.0038881024262791717,0.005516697471869142,-0.009227529426237224,0.012228831023367165,0.02145636044960439,1,0,4,True
2026092809,mert_v0,ambient_balanced,0.25,ridge_platt,5,0.13377850336863767,0.42565688487185094,0,-0.0067958568576057116,-0.013193871238008914,-0.01828863061126744,0.015415053858856081,0.03370368447012352,4,0,1,True,-0.00290775443132654,-0.0018293377057907179,-0.0090698271961238,0.006187524432618857,0.015257351628742657,4,0,1,True
2026092809,mert_v0,ambient_balanced,0.25,temperature,5,0.14635112034651984,0.4566309533938542,0,0.005776760120276425,0.004322529963172783,-0.002916555616465061,0.022895682901355296,0.025812238517820357,2,0,3,True,0.009664862546555597,0.011380863047681905,-0.0012128459692119231,0.014648914744148006,0.01586176071335993,1,0,4,True
2026092809,mert_v0,ambient_balanced,0.5,beta,5,0.12564161495455056,0.40269483456120725,0,-0.014932745271692851,-0.014213681820706286,-0.018701587363515945,-0.011726563873840579,0.0069750234896753666,5,0,0,False,-0.0019681780730094827,-0.0014908641918436882,-0.0036067581818499395,-0.0010851825918902214,0.002521575589959718,5,0,0,False
2026092809,mert_v0,ambient_balanced,0.5,isotonic,5,0.13014724711314876,0.811281129403778,0,-0.01042711311309465,-0.01053322994375186,-0.01476643092573618,-0.005948672905266961,0.008817758020469219,5,0,0,False,0.0025374540855887195,0.0021711327867236785,0.0014454578323500056,0.004857735868327301,0.0034122780359772953,0,0,5,False
2026092809,mert_v0,ambient_balanced,0.5,platt,5,0.12760979302756004,0.4087516263593719,0,-0.012964567198683368,-0.012054880704588378,-0.01736894619561949,-0.00811980569199064,0.00924914050362885,5,0,0,False,0.0,0.0,0.0,0.0,0.0,0,5,0,False
2026092809,mert_v0,ambient_balanced,0.5,prior_offset,5,0.1256838693887702,0.4035797394586888,0,-0.014890490837473208,-0.014890490837473208,-0.014890490837473208,-0.014890490837473208,0.0,5,0,0,False,-0.0019259236387898393,-0.0028356101328848304,-0.006770685145482569,0.002478455358146281,0.00924914050362885,3,0,2,True
2026092809,mert_v0,ambient_balanced,0.5,raw,5,0.1405743602262434,0.44079072578443845,0,0.0,0.0,0.0,0.0,0.0,0,5,0,False,0.012964567198683368,0.012054880704588378,0.00811980569199064,0.01736894619561949,0.00924914050362885,0,0,5,False
2026092809,mert_v0,ambient_balanced,0.5,ridge_platt,5,0.12607449179882674,0.40486760254451115,0,-0.014499868427416652,-0.014234023102674187,-0.016895277539925382,-0.010930830024383248,0.0059644475155421345,5,0,0,False,-0.0015353012287332823,-0.0021791423980858093,-0.0028110243323926087,0.0011248892430496399,0.003935913575442249,4,0,1,True
2026092809,mert_v0,ambient_balanced,0.5,temperature,5,0.1404838137282118,0.4393715500954342,0,-9.05464980315629e-05,-0.0017537314986255659,-0.0037365777806763756,0.006677074906364794,0.01041365268704117,3,0,2,True,0.012874020700651806,0.013615947454608868,0.010134506090513612,0.014796880598355433,0.004662374507841821,0,0,5,False
2026092809,mert_v0,ambient_balanced,1.0,beta,1,0.1217929090268738,0.3910689132790936,0,-0.018781451199369595,-0.018781451199369595,-0.018781451199369595,-0.018781451199369595,0.0,1,0,0,False,-0.0021473751943263397,-0.0021473751943263397,-0.0021473751943263397,-0.0021473751943263397,0.0,1,0,0,False
2026092809,mert_v0,ambient_balanced,1.0,isotonic,1,0.1261200316723747,0.7142834849314077,0,-0.01445432855386869,-0.01445432855386869,-0.01445432855386869,-0.01445432855386869,0.0,1,0,0,False,0.0021797474511745657,0.0021797474511745657,0.0021797474511745657,0.0021797474511745657,0.0,0,0,1,False
2026092809,mert_v0,ambient_balanced,1.0,platt,1,0.12394028422120014,0.3983647497073022,0,-0.016634076005043255,-0.016634076005043255,-0.016634076005043255,-0.016634076005043255,0.0,1,0,0,False,0.0,0.0,0.0,0.0,0.0,0,1,0,False
2026092809,mert_v0,ambient_balanced,1.0,prior_offset,1,0.1256838693887702,0.4035797394586888,0,-0.014890490837473208,-0.014890490837473208,-0.014890490837473208,-0.014890490837473208,0.0,1,0,0,False,0.001743585167570047,0.001743585167570047,0.001743585167570047,0.001743585167570047,0.0,0,0,1,False
2026092809,mert_v0,ambient_balanced,1.0,raw,1,0.1405743602262434,0.4407907257844385,0,0.0,0.0,0.0,0.0,0.0,0,1,0,False,0.016634076005043255,0.016634076005043255,0.016634076005043255,0.016634076005043255,0.0,0,0,1,False
2026092809,mert_v0,ambient_balanced,1.0,ridge_platt,1,0.12311412593897064,0.39588104063981755,0,-0.017460234287272752,-0.017460234287272752,-0.017460234287272752,-0.017460234287272752,0.0,1,0,0,False,-0.0008261582822294972,-0.0008261582822294972,-0.0008261582822294972,-0.0008261582822294972,0.0,1,0,0,False
2026092809,mert_v0,ambient_balanced,1.0,temperature,1,0.1386443069428484,0.4335772303636766,0,-0.001930053283394989,-0.001930053283394989,-0.001930053283394989,-0.001930053283394989,0.0,1,0,0,False,0.014704022721648266,0.014704022721648266,0.014704022721648266,0.014704022721648266,0.0,0,0,1,False
2026092809,mert_v0,unweighted,0.25,beta,5,0.1357311722243153,0.4330742182013978,0,0.010193166502228018,0.009620848742844884,0.00015155399558006155,0.022211161992295225,0.022059607996715164,0,0,5,False,-0.0007145660367450402,-0.00010629384129443031,-0.0022808931455510495,0.0005517582480336625,0.002832651393584712,3,0,2,True
2026092809,mert_v0,unweighted,0.25,isotonic,5,0.14103141604836772,1.1174714918428674,0,0.015493410326280465,0.01724927766507492,0.003483946478073041,0.02874146326363905,0.02525751678556601,0,0,5,False,0.0045856777873074074,0.004449534843119829,0.00105149933694193,0.010668653119396826,0.009617153782454896,0,0,5,False
2026092809,mert_v0,unweighted,0.25,platt,5,0.1364457382610603,0.43553078080602,0,0.010907732538973059,0.009727142584139314,0.002432447141131111,0.02429192842051922,0.02185948127938811,0,0,5,False,0.0,0.0,0.0,0.0,0.0,0,5,0,False
2026092809,mert_v0,unweighted,0.25,prior_offset,5,0.12553800572208726,0.403919500791097,0,0.0,0.0,0.0,0.0,0.0,0,5,0,False,-0.010907732538973059,-0.009727142584139314,-0.02429192842051922,-0.002432447141131111,0.02185948127938811,5,0,0,False
2026092809,mert_v0,unweighted,0.25,raw,5,0.12553800572208726,0.403919500791097,0,0.0,0.0,0.0,0.0,0.0,0,5,0,False,-0.010907732538973059,-0.009727142584139314,-0.02429192842051922,-0.002432447141131111,0.02185948127938811,5,0,0,False
2026092809,mert_v0,unweighted,0.25,ridge_platt,5,0.1320520662124849,0.42155292897845154,0,0.0065140604903976326,0.0012172391739954658,-0.0035745617446715228,0.022883739934622227,0.02645830167929375,1,0,4,True,-0.004393672048575425,-0.0015482441821368653,-0.008934628135012335,-0.0012152079671356453,0.007719420167876689,5,0,0,False
2026092809,mert_v0,unweighted,0.25,temperature,5,0.13160255583431948,0.4211755918453045,0,0.006064550112232237,0.003137006996575542,-0.0012896685109133332,0.0239420501346935,0.025231718645606832,2,0,3,True,-0.004843182426740822,-0.0033281567958183544,-0.014016746669648167,6.900520515190633e-05,0.014085751874800073,4,0,1,True
2026092809,mert_v0,unweighted,0.5,beta,5,0.12561735374475316,0.4029876564631697,0,7.93480226659038e-05,0.001083300573165108,-0.003853626990474035,0.0033981698163111917,0.007251796806785227,2,0,3,True,-0.0018931102392995669,-0.0014401577557041079,-0.0035871574901356618,-0.0010288603333639956,0.002558297156771666,5,0,0,False
2026092809,mert_v0,unweighted,0.5,isotonic,5,0.12982612133716123,0.8099814343664337,0,0.004288115615073962,0.004159398668745651,0.00035318201761361245,0.008957325068381261,0.008604143050767649,0,0,5,False,0.0023156573531084913,0.0019719977619344076,0.0013364085509164347,0.004068100754568177,0.002731692203651742,0,0,5,False
2026092809,mert_v0,unweighted,0.5,platt,5,0.12751046398405272,0.40857366894185637,0,0.001972458261965471,0.002822990117829216,-0.0024624261542252335,0.0069853273064468535,0.009447753460672087,2,0,3,True,0.0,0.0,0.0,0.0,0.0,0,5,0,False
2026092809,mert_v0,unweighted,0.5,prior_offset,5,0.12553800572208726,0.403919500791097,0,0.0,0.0,0.0,0.0,0.0,0,5,0,False,-0.001972458261965471,-0.002822990117829216,-0.0069853273064468535,0.0024624261542252335,0.009447753460672087,3,0,2,True
2026092809,mert_v0,unweighted,0.5,raw,5,0.12553800572208726,0.403919500791097,0,0.0,0.0,0.0,0.0,0.0,0,5,0,False,-0.001972458261965471,-0.002822990117829216,-0.0069853273064468535,0.0024624261542252335,0.009447753460672087,3,0,2,True
2026092809,mert_v0,unweighted,0.5,ridge_platt,5,0.1250467963735616,0.40227758107799544,0,-0.0004912093485256979,-0.0001399053583923393,-0.0023187091483947986,0.001926922874544268,0.0042456320229390665,3,0,2,True,-0.0024636676104911686,-0.0028596712111312317,-0.005058404431902586,0.0001437170058304349,0.0052021214377330205,4,0,1,True
2026092809,mert_v0,unweighted,0.5,temperature,5,0.125202222349307,0.4017178628773935,0,-0.00033578337278023505,-0.0017115192394988044,-0.003581706981610616,0.005965577215826412,0.009547284197437028,4,0,1,True,-0.0023082416347457056,-0.001126443925064946,-0.005113868871074734,-0.0010197500906204415,0.004094118780454292,5,0,0,False
2026092809,mert_v0,unweighted,1.0,beta,1,0.12156057721519226,0.3907925381889015,0,-0.003977428506895003,-0.003977428506895003,-0.003977428506895003,-0.003977428506895003,0.0,1,0,0,False,-0.0021116976517250308,-0.0021116976517250308,-0.0021116976517250308,-0.0021116976517250308,0.0,1,0,0,False
2026092809,mert_v0,unweighted,1.0,isotonic,1,0.12483658200719287,0.7111788899740176,0,-0.0007014237148943864,-0.0007014237148943864,-0.0007014237148943864,-0.0007014237148943864,0.0,1,0,0,False,0.0011643071402755861,0.0011643071402755861,0.0011643071402755861,0.0011643071402755861,0.0,0,0,1,False
2026092809,mert_v0,unweighted,1.0,platt,1,0.12367227486691729,0.39779087819006076,0,-0.0018657308551699725,-0.0018657308551699725,-0.0018657308551699725,-0.0018657308551699725,0.0,1,0,0,False,0.0,0.0,0.0,0.0,0.0,0,1,0,False
2026092809,mert_v0,unweighted,1.0,prior_offset,1,0.12553800572208726,0.403919500791097,0,0.0,0.0,0.0,0.0,0.0,0,1,0,False,0.0018657308551699725,0.0018657308551699725,0.0018657308551699725,0.0018657308551699725,0.0,0,0,1,False
2026092809,mert_v0,unweighted,1.0,raw,1,0.12553800572208726,0.403919500791097,0,0.0,0.0,0.0,0.0,0.0,0,1,0,False,0.0018657308551699725,0.0018657308551699725,0.0018657308551699725,0.0018657308551699725,0.0,0,0,1,False
2026092809,mert_v0,unweighted,1.0,ridge_platt,1,0.12293391740413118,0.3958321032679698,0,-0.0026040883179560825,-0.0026040883179560825,-0.0026040883179560825,-0.0026040883179560825,0.0,1,0,0,False,-0.00073835746278611,-0.00073835746278611,-0.00073835746278611,-0.00073835746278611,0.0,1,0,0,False
2026092809,mert_v0,unweighted,1.0,temperature,1,0.12342837270100572,0.39585109894045895,0,-0.002109633021081539,-0.002109633021081539,-0.002109633021081539,-0.002109633021081539,0.0,1,0,0,False,-0.00024390216591156644,-0.00024390216591156644,-0.00024390216591156644,-0.00024390216591156644,0.0,1,0,0,False
2026092809,mert_v1,ambient_balanced,0.25,beta,5,0.13765094546198484,0.4378322022608435,0,-0.0016089529028321336,-0.0038887761759691386,-0.010780640826441673,0.015142029319953537,0.02592267014639521,3,0,2,True,0.0006454774852841794,0.0005544203965863748,0.00016506432859034192,0.0013201094147099746,0.0011550450861196326,0,0,5,False
2026092809,mert_v1,ambient_balanced,0.25,isotonic,5,0.14590651246773914,1.2581496909208638,0,0.006646614102922155,0.005120627542426537,-0.001228215864492066,0.018182824776849765,0.01941104064134183,1,0,4,True,0.008901044491038467,0.008304763930404885,0.0033856051330760084,0.01599183102956206,0.01260622589648605,0,0,5,False
2026092809,mert_v1,ambient_balanced,0.25,platt,5,0.13700546797670068,0.43272572644792434,0,-0.002254430388116313,-0.004731759786323564,-0.012100750241151648,0.014797219643773757,0.026897969884925405,3,0,2,True,0.0,0.0,0.0,0.0,0.0,0,5,0,False
2026092809,mert_v1,ambient_balanced,0.25,prior_offset,5,0.12361187777124769,0.39621529310071774,0,-0.01564802059356929,-0.01564802059356929,-0.01564802059356929,-0.01564802059356929,0.0,5,0,0,False,-0.013393590205452976,-0.010916260807245726,-0.030445240237343046,-0.003547270352417642,0.026897969884925405,5,0,0,False
2026092809,mert_v1,ambient_balanced,0.25,raw,5,0.13925989836481698,0.43551317504958503,0,0.0,0.0,0.0,0.0,0.0,0,5,0,False,0.002254430388116313,0.004731759786323564,-0.014797219643773757,0.012100750241151648,0.026897969884925405,2,0,3,True
2026092809,mert_v1,ambient_balanced,0.25,ridge_platt,5,0.13513423932060994,0.4269848621646701,0,-0.004125659044207014,-0.010782236325499933,-0.01689654521965772,0.02057406013198737,0.03747060535164509,4,0,1,True,-0.001871228656090701,-0.0034144781920094625,-0.006050476539176369,0.005776840488213614,0.011827317027389983,3,0,2,True
2026092809,mert_v1,ambient_balanced,0.25,temperature,5,0.14783126677733577,0.4593390364377045,0,0.008571368412518803,0.00477180127577484,-0.00039489379655421875,0.02975330079455707,0.030148194591111288,1,0,4,True,0.010825798800635117,0.01284850160945944,-0.0020292357268096306,0.015643004762910362,0.017672240489719993,1,0,4,True
2026092809,mert_v1,ambient_balanced,0.5,beta,5,0.12876001916410176,0.40895233634945916,0,-0.01049987920071523,-0.010337296850438604,-0.016049661780858537,-0.00380325967876316,0.012246402102095377,5,0,0,False,-0.0003628266647485917,-0.000981629791035582,-0.001139742917414116,0.0007510684223243358,0.0018908113397384518,3,0,2,True
2026092809,mert_v1,ambient_balanced,0.5,isotonic,5,0.13384531754859144,0.695887603337769,0,-0.005414580816225539,-0.006279826002625832,-0.010127182997886147,0.0015874562942700676,0.011714639292156215,4,0,1,True,0.004722471719741097,0.0042605113190771204,-0.0007715159384831249,0.008630092860818589,0.009401608799301714,1,0,4,True
2026092809,mert_v1,ambient_balanced,0.5,platt,5,0.12912284582885034,0.4093153267013189,0,-0.010137052535966636,-0.009355667059403022,-0.015284560734913535,-0.002673055024807053,0.012611505710106483,5,0,0,False,0.0,0.0,0.0,0.0,0.0,0,5,0,False
2026092809,mert_v1,ambient_balanced,0.5,prior_offset,5,0.12361187777124769,0.39621529310071774,0,-0.01564802059356929,-0.01564802059356929,-0.01564802059356929,-0.01564802059356929,0.0,5,0,0,False,-0.0055109680576026525,-0.006292353534166267,-0.012974965568762237,-0.00036345985865575414,0.012611505710106483,5,0,0,False
2026092809,mert_v1,ambient_balanced,0.5,raw,5,0.13925989836481698,0.43551317504958503,0,0.0,0.0,0.0,0.0,0.0,0,5,0,False,0.010137052535966636,0.009355667059403022,0.002673055024807053,0.015284560734913535,0.012611505710106483,0,0,5,False
2026092809,mert_v1,ambient_balanced,0.5,ridge_platt,5,0.1279948498087662,0.4064736796274605,0,-0.011265048556050778,-0.014112308551259944,-0.01621672518990791,-0.0009981359064908102,0.0152185892834171,5,0,0,False,-0.0011279960200841405,-0.0013068063264634888,-0.004756641491856922,0.0016749191183162426,0.006431560610173165,3,0,2,True
2026092809,mert_v1,ambient_balanced,0.5,temperature,5,0.14166701330875855,0.4403700193378663,0,0.002407114943941585,-0.0001988119246002229,-0.0019306555153131288,0.011655984425898241,0.01358663994121137,3,0,2,True,0.012544167479908223,0.012979263348131292,0.0091568551348028,0.014813626674098537,0.005656771539295738,0,0,5,False
2026092809,mert_v1,ambient_balanced,1.0,beta,1,0.12465662085052445,0.39678774948622786,0,-0.014603277514292523,-0.014603277514292523,-0.014603277514292523,-0.014603277514292523,0.0,1,0,0,False,-0.0010672396194583433,-0.0010672396194583433,-0.0010672396194583433,-0.0010672396194583433,0.0,1,0,0,False
2026092809,mert_v1,ambient_balanced,1.0,isotonic,1,0.1278606483057085,0.5878666993400923,0,-0.011399250059108468,-0.011399250059108468,-0.011399250059108468,-0.011399250059108468,0.0,1,0,0,False,0.002136787835725712,0.002136787835725712,0.002136787835725712,0.002136787835725712,0.0,0,0,1,False
2026092809,mert_v1,ambient_balanced,1.0,platt,1,0.1257238604699828,0.39971623379794485,0,-0.01353603789483418,-0.01353603789483418,-0.01353603789483418,-0.01353603789483418,0.0,1,0,0,False,0.0,0.0,0.0,0.0,0.0,0,1,0,False
2026092809,mert_v1,ambient_balanced,1.0,prior_offset,1,0.12361187777124769,0.39621529310071774,0,-0.01564802059356929,-0.01564802059356929,-0.01564802059356929,-0.01564802059356929,0.0,1,0,0,False,-0.00211198269873511,-0.00211198269873511,-0.00211198269873511,-0.00211198269873511,0.0,1,0,0,False
2026092809,mert_v1,ambient_balanced,1.0,raw,1,0.13925989836481698,0.4355131750495851,0,0.0,0.0,0.0,0.0,0.0,0,1,0,False,0.01353603789483418,0.01353603789483418,0.01353603789483418,0.01353603789483418,0.0,0,0,1,False
2026092809,mert_v1,ambient_balanced,1.0,ridge_platt,1,0.12577561012466365,0.4013439626564299,0,-0.013484288240153325,-0.013484288240153325,-0.013484288240153325,-0.013484288240153325,0.0,1,0,0,False,5.1749654680854906e-05,5.1749654680854906e-05,5.1749654680854906e-05,5.1749654680854906e-05,0.0,0,0,1,False
2026092809,mert_v1,ambient_balanced,1.0,temperature,1,0.13960624994446327,0.43443195129025264,0,0.0003463515796462979,0.0003463515796462979,0.0003463515796462979,0.0003463515796462979,0.0,0,0,1,False,0.013882389474480478,0.013882389474480478,0.013882389474480478,0.013882389474480478,0.0,0,0,1,False
2026092809,mert_v1,unweighted,0.25,beta,5,0.13772033413227502,0.4376119764032542,0,0.013953846841309531,0.011855949069456279,0.004771473824475125,0.030967160123679754,0.02619568629920463,0,0,5,False,0.0006981947294596336,0.0005364208504082535,0.00033646188293823265,0.0013721280346619402,0.0010356661517237076,0,0,5,False
2026092809,mert_v1,unweighted,0.25,isotonic,5,0.14592031518439036,1.2577116297460382,0,0.02215382789342487,0.01843756532287305,0.017037009756134952,0.033055268308385205,0.016018258552250253,0,0,5,False,0.008898175781574974,0.008033998156963679,0.002424570067643683,0.014202512348806179,0.011777942281162496,0,0,5,False
2026092809,mert_v1,unweighted,0.25,platt,5,0.13702213940281538,0.43275392019719555,0,0.013255652111849897,0.010982976611440931,0.00341790387620286,0.030630698240741522,0.02721279436453866,0,0,5,False,0.0,0.0,0.0,0.0,0.0,0,5,0,False
2026092809,mert_v1,unweighted,0.25,prior_offset,5,0.12376648729096548,0.39732906148392777,0,0.0,0.0,0.0,0.0,0.0,0,5,0,False,-0.013255652111849897,-0.010982976611440931,-0.030630698240741522,-0.00341790387620286,0.02721279436453866,5,0,0,False
2026092809,mert_v1,unweighted,0.25,raw,5,0.12376648729096548,0.39732906148392777,0,0.0,0.0,0.0,0.0,0.0,0,5,0,False,-0.013255652111849897,-0.010982976611440931,-0.030630698240741522,-0.00341790387620286,0.02721279436453866,5,0,0,False
2026092809,mert_v1,unweighted,0.25,ridge_platt,5,0.1333608658085772,0.42264133792271064,0,0.009594378517611704,0.004778067400529579,-0.0023309817266539273,0.028539360843361616,0.030870342570015544,1,0,4,True,-0.003661273594238193,-0.003786207003947717,-0.006566034700720799,0.000342120341768809,0.006908155042489608,4,0,1,True
2026092809,mert_v1,unweighted,0.25,temperature,5,0.131590209560496,0.41888435839962124,0,0.007823722269530506,0.0021907296209724703,0.00031253797633033764,0.030469644372360716,0.030157106396030378,0,0,5,False,-0.005431929842319392,-0.0031053658998725225,-0.01582142934561359,-0.00016105386838080604,0.015660375477232785,5,0,0,False
2026092809,mert_v1,unweighted,0.5,beta,5,0.12894855882220513,0.409767654894448,0,0.0051820715312396485,0.005377489929000168,-0.00034623742591037565,0.0121258083602869,0.012472045786197275,1,0,4,True,-0.00032160407175606254,-0.0009021801379490435,-0.0010844235135016589,0.0007388729235677655,0.0018232964370694243,3,0,2,True
2026092809,mert_v1,unweighted,0.5,isotonic,5,0.13409242021345058,0.659081968853886,0,0.010325932922485093,0.010431091524785219,0.005926283428768525,0.015964432472185347,0.010038149043416822,0,0,5,False,0.004822257319489381,0.003265970905126453,-0.00035338663818068605,0.010686931134565716,0.011040317772746402,1,0,4,True
2026092809,mert_v1,unweighted,0.5,platt,5,0.1292701628939612,0.40987368254961715,0,0.005503675602995711,0.006279670066949211,0.00024217035667740971,0.013210231873788558,0.012968061517111149,0,0,5,False,0.0,0.0,0.0,0.0,0.0,0,5,0,False
2026092809,mert_v1,unweighted,0.5,prior_offset,5,0.12376648729096548,0.39732906148392777,0,0.0,0.0,0.0,0.0,0.0,0,5,0,False,-0.005503675602995711,-0.006279670066949211,-0.013210231873788558,-0.00024217035667740971,0.012968061517111149,5,0,0,False
2026092809,mert_v1,unweighted,0.5,raw,5,0.12376648729096548,0.39732906148392777,0,0.0,0.0,0.0,0.0,0.0,0,5,0,False,-0.005503675602995711,-0.006279670066949211,-0.013210231873788558,-0.00024217035667740971,0.012968061517111149,5,0,0,False
2026092809,mert_v1,unweighted,0.5,ridge_platt,5,0.1272904352397765,0.405083570933506,0,0.003523947948811004,0.0013304030675396206,-0.001907814833950569,0.012534629161595118,0.014442443995545687,1,0,4,True,-0.001979727654184707,-0.002195105163227018,-0.004949266999409591,0.0004503365357616945,0.005399603535171285,4,0,1,True
2026092809,mert_v1,unweighted,0.5,temperature,5,0.12550776062288105,0.4001530455324452,0,0.001741273331915577,-0.0003270515041850497,-0.0021303291200913815,0.010466195722832278,0.01259652484292366,3,0,2,True,-0.0037624022710801342,-0.002751514217995993,-0.006606721571134261,-0.0011494083593894255,0.005457313211744835,5,0,0,False
2026092809,mert_v1,unweighted,1.0,beta,1,0.12470366027651655,0.3970637995978837,0,0.0009371729855510713,0.0009371729855510713,0.0009371729855510713,0.0009371729855510713,0.0,0,0,1,False,-0.0010625735918086687,-0.0010625735918086687,-0.0010625735918086687,-0.0010625735918086687,0.0,1,0,0,False
2026092809,mert_v1,unweighted,1.0,isotonic,1,0.1275256591159748,0.5554741812999126,0,0.0037591718250093165,0.0037591718250093165,0.0037591718250093165,0.0037591718250093165,0.0,0,0,1,False,0.0017594252476495764,0.0017594252476495764,0.0017594252476495764,0.0017594252476495764,0.0,0,0,1,False
2026092809,mert_v1,unweighted,1.0,platt,1,0.12576623386832522,0.3999674838759304,0,0.00199974657735974,0.00199974657735974,0.00199974657735974,0.00199974657735974,0.0,0,0,1,False,0.0,0.0,0.0,0.0,0.0,0,1,0,False
2026092809,mert_v1,unweighted,1.0,prior_offset,1,0.12376648729096548,0.39732906148392777,0,0.0,0.0,0.0,0.0,0.0,0,1,0,False,-0.00199974657735974,-0.00199974657735974,-0.00199974657735974,-0.00199974657735974,0.0,1,0,0,False
2026092809,mert_v1,unweighted,1.0,raw,1,0.12376648729096548,0.39732906148392777,0,0.0,0.0,0.0,0.0,0.0,0,1,0,False,-0.00199974657735974,-0.00199974657735974,-0.00199974657735974,-0.00199974657735974,0.0,1,0,0,False
2026092809,mert_v1,unweighted,1.0,ridge_platt,1,0.125723726725148,0.40202771330674336,0,0.0019572394341825228,0.0019572394341825228,0.0019572394341825228,0.0019572394341825228,0.0,0,0,1,False,-4.2507143177217266e-05,-4.2507143177217266e-05,-4.2507143177217266e-05,-4.2507143177217266e-05,0.0,1,0,0,False
2026092809,mert_v1,unweighted,1.0,temperature,1,0.12332182640443731,0.3935661771857072,0,-0.0004446608865281698,-0.0004446608865281698,-0.0004446608865281698,-0.0004446608865281698,0.0,1,0,0,False,-0.00244440746388791,-0.00244440746388791,-0.00244440746388791,-0.00244440746388791,0.0,1,0,0,False
2026092810,maest,ambient_balanced,0.25,beta,5,0.1625177774393193,0.6342829915388419,0,0.004721125103885476,0.00575171563261459,3.2135986853809584e-06,0.009942406412450033,0.009939192813764652,0,0,5,False,0.0012680899544260382,0.001993228031905242,-0.0009268568575648561,0.002515800742676544,0.0034426576002414,1,0,4,True
2026092810,maest,ambient_balanced,0.25,isotonic,5,0.1723379416349065,2.175343886986094,0,0.014541289299472654,0.012507604970832531,0.010561314587436699,0.024989415574909246,0.014428100987472547,0,0,5,False,0.011088254150013216,0.011290326523794525,0.005205440189979482,0.017562809905135757,0.012357369715156274,0,0,5,False
2026092810,maest,ambient_balanced,0.25,platt,5,0.16124968748489327,0.6117826285792931,0,0.003453035149459438,0.003758487600709348,-0.0007290119363578262,0.0074266056697734895,0.008155617606131316,2,0,3,True,0.0,0.0,0.0,0.0,0.0,0,5,0,False
2026092810,maest,ambient_balanced,0.25,prior_offset,5,0.14781097550240607,0.45205828877766707,0,-0.009985676833027757,-0.009985676833027757,-0.009985676833027757,-0.009985676833027757,0.0,5,0,0,False,-0.013438711982487195,-0.013744164433737105,-0.017412282502801246,-0.00925666489666993,0.008155617606131316,5,0,0,False
2026092810,maest,ambient_balanced,0.25,raw,5,0.15779665233543383,0.4798600329338406,0,0.0,0.0,0.0,0.0,0.0,0,5,0,False,-0.003453035149459438,-0.003758487600709348,-0.0074266056697734895,0.0007290119363578262,0.008155617606131316,3,0,2,True
2026092810,maest,ambient_balanced,0.25,ridge_platt,5,0.15929053119479422,0.5213082422210085,0,0.0014938788593603868,0.0,-0.004083294371806545,0.007455024056499171,0.011538318428305716,2,1,2,True,-0.001959156290099051,-0.0003349909644429494,-0.007841781972515893,0.0007290119363578262,0.00857079390887372,3,0,2,True
2026092810,maest,ambient_balanced,0.25,temperature,5,0.16365168334933114,0.5339029802493718,0,0.005855031013897294,0.004713864454412103,0.0013600346247646389,0.011139071576181742,0.009779036951417103,0,0,5,False,0.002401995864437856,0.00206250235450392,-0.0011854112108587722,0.00544287639076993,0.006628287601628702,1,0,4,True
2026092810,maest,ambient_balanced,0.5,beta,5,0.15222424718038635,0.47651773292346133,0,-0.005572405155047489,-0.006481374273088147,-0.009372339106356403,0.000641183518967664,0.010013522625324067,4,0,1,True,0.0004917501535407542,2.0367767316148422e-05,-0.0001756220278427978,0.0025181869282872027,0.0026938089561300005,2,0,3,True
2026092810,maest,ambient_balanced,0.5,isotonic,5,0.15824026264170232,1.0485633396945337,0,0.00044361030626849374,-0.0006169547755890958,-0.008033353287940415,0.007691161010195291,0.015724514298135706,3,0,2,True,0.006507765614856736,0.006018478779491437,0.0015048427825506694,0.0106891670786054,0.00918432429605473,0,0,5,False
2026092810,maest,ambient_balanced,0.5,platt,5,0.1517324970268456,0.46974141839510236,0,-0.0060641553085882425,-0.00630575224524535,-0.009538196070491084,-0.0018770034093195387,0.007661192661171545,5,0,0,False,0.0,0.0,0.0,0.0,0.0,0,5,0,False
2026092810,maest,ambient_balanced,0.5,prior_offset,5,0.14781097550240607,0.45205828877766707,0,-0.009985676833027757,-0.009985676833027757,-0.009985676833027757,-0.009985676833027757,0.0,5,0,0,False,-0.003921521524439514,-0.003679924587782407,-0.008108673423708218,-0.0004474807625366728,0.007661192661171545,5,0,0,False
2026092810,maest,ambient_balanced,0.5,raw,5,0.15779665233543383,0.4798600329338406,0,0.0,0.0,0.0,0.0,0.0,0,5,0,False,0.0060641553085882425,0.00630575224524535,0.0018770034093195387,0.009538196070491084,0.007661192661171545,0,0,5,False
2026092810,maest,ambient_balanced,0.5,ridge_platt,5,0.1508769765983423,0.4635470609813647,0,-0.006919675737091557,-0.006326238051926808,-0.009788659963282015,-0.005199415791153628,0.004589244172128387,5,0,0,False,-0.0008555204285033147,0.00030919550315372524,-0.007911656553962476,0.003477627775056419,0.011389284329018895,2,0,3,True
2026092810,maest,ambient_balanced,0.5,temperature,5,0.15939881190726102,0.4890831729457038,0,0.0016021595718271942,0.0012070007135831784,0.0009630283680676088,0.002656784517695271,0.001693756149627662,0,0,5,False,0.007666314880415437,0.008430920784290807,0.0028400317773871475,0.010745196784074262,0.007905165006687115,0,0,5,False
2026092810,maest,ambient_balanced,1.0,beta,1,0.14836070588766948,0.4549559626357067,0,-0.009435946447764354,-0.009435946447764354,-0.009435946447764354,-0.009435946447764354,0.0,1,0,0,False,-2.4384390786807986e-05,-2.4384390786807986e-05,-2.4384390786807986e-05,-2.4384390786807986e-05,0.0,1,0,0,False
2026092810,maest,ambient_balanced,1.0,isotonic,1,0.1544006703868843,0.5704117377183963,0,-0.003395981948549537,-0.003395981948549537,-0.003395981948549537,-0.003395981948549537,0.0,1,0,0,False,0.006015580108428009,0.006015580108428009,0.006015580108428009,0.006015580108428009,0.0,0,0,1,False
2026092810,maest,ambient_balanced,1.0,platt,1,0.14838509027845628,0.4537990029968428,0,-0.009411562056977546,-0.009411562056977546,-0.009411562056977546,-0.009411562056977546,0.0,1,0,0,False,0.0,0.0,0.0,0.0,0.0,0,1,0,False
2026092810,maest,ambient_balanced,1.0,prior_offset,1,0.14781097550240607,0.4520582887776671,0,-0.009985676833027757,-0.009985676833027757,-0.009985676833027757,-0.009985676833027757,0.0,1,0,0,False,-0.0005741147760502108,-0.0005741147760502108,-0.0005741147760502108,-0.0005741147760502108,0.0,1,0,0,False
2026092810,maest,ambient_balanced,1.0,raw,1,0.15779665233543383,0.47986003293384055,0,0.0,0.0,0.0,0.0,0.0,0,1,0,False,0.009411562056977546,0.009411562056977546,0.009411562056977546,0.009411562056977546,0.0,0,0,1,False
2026092810,maest,ambient_balanced,1.0,ridge_platt,1,0.14761121867224197,0.452862773502637,0,-0.010185433663191856,-0.010185433663191856,-0.010185433663191856,-0.010185433663191856,0.0,1,0,0,False,-0.0007738716062143103,-0.0007738716062143103,-0.0007738716062143103,-0.0007738716062143103,0.0,1,0,0,False
2026092810,maest,ambient_balanced,1.0,temperature,1,0.1574030862644638,0.4784251031012969,0,-0.0003935660709700195,-0.0003935660709700195,-0.0003935660709700195,-0.0003935660709700195,0.0,1,0,0,False,0.009017995986007526,0.009017995986007526,0.009017995986007526,0.009017995986007526,0.0,0,0,1,False
2026092810,maest,unweighted,0.25,beta,5,0.16255395907636178,0.6346102833811061,0,0.014764646850420015,0.01513981849956475,0.010198549822374753,0.019541333489470958,0.009342783667096205,0,0,5,False,0.0009552868885093324,0.0016170837666916182,-0.0009378470730922184,0.001915421423985264,0.0028532684970774824,1,0,4,True
2026092810,maest,unweighted,0.25,isotonic,5,0.17362075448876307,2.306574851350908,0,0.02583144226282132,0.02309292199603244,0.021744134258803144,0.034352918300196156,0.012608784041393012,0,0,5,False,0.012022082300910637,0.011986178192242902,0.004946831070103658,0.016552767379872685,0.011605936309769027,0,0,5,False
2026092810,maest,unweighted,0.25,platt,5,0.16159867218785245,0.6128365293691556,0,0.013809359961910683,0.013522734732873132,0.009757956066560242,0.01814609092592878,0.00838813485936854,0,0,5,False,0.0,0.0,0.0,0.0,0.0,0,5,0,False
2026092810,maest,unweighted,0.25,prior_offset,5,0.14778931222594177,0.4528394677721709,0,0.0,0.0,0.0,0.0,0.0,0,5,0,False,-0.013809359961910683,-0.013522734732873132,-0.01814609092592878,-0.009757956066560242,0.00838813485936854,5,0,0,False
2026092810,maest,unweighted,0.25,raw,5,0.14778931222594177,0.4528394677721709,0,0.0,0.0,0.0,0.0,0.0,0,5,0,False,-0.013809359961910683,-0.013522734732873132,-0.01814609092592878,-0.009757956066560242,0.00838813485936854,5,0,0,False
2026092810,maest,unweighted,0.25,ridge_platt,5,0.15310993888201674,0.5045613932481137,0,0.005320626656074956,0.005914139684138786,0.0,0.013940356563484135,0.013940356563484135,0,2,3,False,-0.008488733305835727,-0.009757956066560242,-0.011051513887571612,-0.004205734362444646,0.006845779525126966,5,0,0,False
2026092810,maest,unweighted,0.25,temperature,5,0.1538233567778623,0.5086744322921127,0,0.006034044551920514,0.0042053048145234695,0.001279532266903971,0.011114652872151132,0.00983512060524716,0,0,5,False,-0.007775315409990169,-0.00703143805377765,-0.010871654612224696,-0.005614562349344321,0.005257092262880375,5,0,0,False
2026092810,maest,unweighted,0.5,beta,5,0.15246292471682826,0.477445017008971,0,0.004673612490886492,0.003997243521061761,0.0009500468102845716,0.010722522436799053,0.009772475626514482,0,0,5,False,0.000497600991801983,0.0001423404376089954,-0.0004213001299069319,0.0025310664799587657,0.0029523666098656975,2,0,3,True
2026092810,maest,unweighted,0.5,isotonic,5,0.1583456974943191,1.0492651717321597,0,0.010556385268377317,0.009297958038452986,0.0029518349466499394,0.017419514859448426,0.014467679912798487,0,0,5,False,0.006380373769292807,0.005197572540903528,0.002144128573974363,0.010454100714310827,0.008309972140336463,0,0,5,False
2026092810,maest,unweighted,0.5,platt,5,0.1519653237250263,0.47043662727998325,0,0.004176011499084508,0.003864466859640009,0.0008077063726755762,0.008191455956840288,0.007383749584164712,0,0,5,False,0.0,0.0,0.0,0.0,0.0,0,5,0,False
2026092810,maest,unweighted,0.5,prior_offset,5,0.14778931222594177,0.4528394677721709,0,0.0,0.0,0.0,0.0,0.0,0,5,0,False,-0.004176011499084508,-0.003864466859640009,-0.008191455956840288,-0.0008077063726755762,0.007383749584164712,5,0,0,False
2026092810,maest,unweighted,0.5,raw,5,0.14778931222594177,0.4528394677721709,0,0.0,0.0,0.0,0.0,0.0,0,5,0,False,-0.004176011499084508,-0.003864466859640009,-0.008191455956840288,-0.0008077063726755762,0.007383749584164712,5,0,0,False
2026092810,maest,unweighted,0.5,ridge_platt,5,0.14812047238130652,0.45522087736028133,0,0.00033116015536474586,1.5106829343553008e-05,-0.0007210820553450459,0.0020191036032458642,0.00274018565859091,2,0,3,True,-0.003844851343719763,-0.0035813715531373136,-0.007771638908204481,-0.001528788428020622,0.006242850480183859,5,0,0,False
2026092810,maest,unweighted,0.5,temperature,5,0.1493867205180174,0.4628472697789917,0,0.0015974082920756304,0.001337371829622097,0.0008465002505665675,0.0025263533072061584,0.0016798530566395908,0,0,5,False,-0.0025786032070088784,-0.0018935966165796458,-0.00734495570627372,0.0005296654569465209,0.007874621163220241,4,0,1,True
2026092810,maest,unweighted,1.0,beta,1,0.14860589125246623,0.4557126232283887,0,0.000816579026524461,0.000816579026524461,0.000816579026524461,0.000816579026524461,0.0,0,0,1,False,-3.654989683699039e-05,-3.654989683699039e-05,-3.654989683699039e-05,-3.654989683699039e-05,0.0,1,0,0,False
2026092810,maest,unweighted,1.0,isotonic,1,0.15398621079956842,0.5692655468680168,0,0.006196898573626652,0.006196898573626652,0.006196898573626652,0.006196898573626652,0.0,0,0,1,False,0.005343769650265201,0.005343769650265201,0.005343769650265201,0.005343769650265201,0.0,0,0,1,False
2026092810,maest,unweighted,1.0,platt,1,0.14864244114930322,0.4544974045741411,0,0.0008531289233614514,0.0008531289233614514,0.0008531289233614514,0.0008531289233614514,0.0,0,0,1,False,0.0,0.0,0.0,0.0,0.0,0,1,0,False
2026092810,maest,unweighted,1.0,prior_offset,1,0.14778931222594177,0.4528394677721708,0,0.0,0.0,0.0,0.0,0.0,0,1,0,False,-0.0008531289233614514,-0.0008531289233614514,-0.0008531289233614514,-0.0008531289233614514,0.0,1,0,0,False
2026092810,maest,unweighted,1.0,raw,1,0.14778931222594177,0.4528394677721708,0,0.0,0.0,0.0,0.0,0.0,0,1,0,False,-0.0008531289233614514,-0.0008531289233614514,-0.0008531289233614514,-0.0008531289233614514,0.0,1,0,0,False
2026092810,maest,unweighted,1.0,ridge_platt,1,0.14780112906684362,0.45319288793090406,0,1.1816840901845982e-05,1.1816840901845982e-05,1.1816840901845982e-05,1.1816840901845982e-05,0.0,0,0,1,False,-0.0008413120824596054,-0.0008413120824596054,-0.0008413120824596054,-0.0008413120824596054,0.0,1,0,0,False
2026092810,maest,unweighted,1.0,temperature,1,0.14739175884686842,0.4519695094976757,0,-0.000397553379073351,-0.000397553379073351,-0.000397553379073351,-0.000397553379073351,0.0,1,0,0,False,-0.0012506823024348024,-0.0012506823024348024,-0.0012506823024348024,-0.0012506823024348024,0.0,1,0,0,False
2026092810,mert_v0,ambient_balanced,0.25,beta,5,0.1667721325666567,0.5389019652401182,0,0.0009936161460484816,0.00020617435249950522,-0.0047426489986452935,0.007123609469901315,0.011866258468546609,2,0,3,True,0.00046446453285727273,0.0006162117949922996,-3.6011837823257675e-05,0.0007688117749622136,0.0008048236127854713,1,0,4,True
2026092810,mert_v0,ambient_balanced,0.25,isotonic,5,0.17394327106893087,1.8140700418307947,0,0.008164754648322614,0.008968120301520804,0.0033451813061016467,0.01306271673153439,0.009717535425432744,0,0,5,False,0.007635603035131405,0.009378157744013599,0.004144305276335192,0.009895800087020123,0.005751494810684932,0,0,5,False
2026092810,mert_v0,ambient_balanced,0.25,platt,5,0.16630766803379943,0.5341582268247478,0,0.0005291516131912088,-0.0004100374424927944,-0.005029927059073069,0.006437576598173983,0.011467503657247052,3,0,2,True,0.0,0.0,0.0,0.0,0.0,0,5,0,False
2026092810,mert_v0,ambient_balanced,0.25,prior_offset,5,0.15275066742423007,0.46808064436669977,0,-0.013027848996378155,-0.013027848996378155,-0.013027848996378155,-0.013027848996378155,0.0,5,0,0,False,-0.013557000609569363,-0.01261781155388536,-0.019465425594552138,-0.007997921937305086,0.011467503657247052,5,0,0,False
2026092810,mert_v0,ambient_balanced,0.25,raw,5,0.16577851642060823,0.5019798098520084,0,0.0,0.0,0.0,0.0,0.0,0,5,0,False,-0.0005291516131912088,0.0004100374424927944,-0.006437576598173983,0.005029927059073069,0.011467503657247052,2,0,3,True
2026092810,mert_v0,ambient_balanced,0.25,ridge_platt,5,0.16455289236791304,0.5136588177585372,0,-0.001225624052695179,-0.003217202765521593,-0.008551886629399708,0.010429219172866905,0.018981105802266612,4,0,1,True,-0.0017547756658863878,-0.0028071653230287985,-0.006637081115160481,0.003991642574692922,0.010628723689853403,3,0,2,True
2026092810,mert_v0,ambient_balanced,0.25,temperature,5,0.17012723686771708,0.5339867748961715,0,0.004348720447108878,0.0023488936666367366,0.0008114359154776929,0.010134025811152053,0.00932258989567436,0,0,5,False,0.003819568833917669,0.0012820374553526026,-0.0008270283217765295,0.011661801830217394,0.012488830151993924,1,0,4,True
2026092810,mert_v0,ambient_balanced,0.5,beta,5,0.16013650334304114,0.49172193451299534,0,-0.005642013077567109,-0.003756843019600331,-0.012097609108570717,-0.0014442046660968766,0.01065340444247384,5,0,0,False,0.00033320959144904626,0.00031192085101963696,0.00012363086672501078,0.000680204135988266,0.0005565732692632552,0,0,5,False
2026092810,mert_v0,ambient_balanced,0.5,isotonic,5,0.16826522936614605,0.957139174271654,0,0.0024867129455378167,0.0035032842774896655,-0.006236249611291073,0.008146510583723926,0.014382760195014999,1,0,4,True,0.008461935614553972,0.007661536138307223,0.0061732803482992815,0.011916807653464284,0.005743527305165003,0,0,5,False
2026092810,mert_v0,ambient_balanced,0.5,platt,5,0.15980329375159208,0.49095965179304085,0,-0.0059752226690161555,-0.004158251860817558,-0.012409529959590354,-0.0021244088020851426,0.010285121157505211,5,0,0,False,0.0,0.0,0.0,0.0,0.0,0,5,0,False
2026092810,mert_v0,ambient_balanced,0.5,prior_offset,5,0.15275066742423007,0.46808064436669977,0,-0.013027848996378155,-0.013027848996378155,-0.013027848996378155,-0.013027848996378155,0.0,5,0,0,False,-0.007052626327362,-0.008869597135560597,-0.010903440194293013,-0.0006183190367878011,0.010285121157505211,5,0,0,False
2026092810,mert_v0,ambient_balanced,0.5,raw,5,0.16577851642060823,0.5019798098520084,0,0.0,0.0,0.0,0.0,0.0,0,5,0,False,0.0059752226690161555,0.004158251860817558,0.0021244088020851426,0.012409529959590354,0.010285121157505211,0,0,5,False
2026092810,mert_v0,ambient_balanced,0.5,ridge_platt,5,0.1580187637606044,0.48451120610623094,0,-0.007759752660003827,-0.005972507650004816,-0.012684341163999635,-0.004778769147655015,0.00790557201634462,5,0,0,False,-0.001784529990987671,-0.001814255789187258,-0.005179585045850282,0.0029994340027057753,0.008179019048556058,4,0,1,True
2026092810,mert_v0,ambient_balanced,0.5,temperature,5,0.16614904284883333,0.505282611568334,0,0.0003705264282251042,-0.0002917586960982377,-0.0005824435905320835,0.0027237105979965592,0.0033061541885286427,3,0,2,True,0.00634574909724126,0.006881962458814117,0.001541965211553059,0.012117771263492116,0.010575806051939057,0,0,5,False
2026092810,mert_v0,ambient_balanced,1.0,beta,1,0.15687538681699595,0.47767677034833783,0,-0.008903129603612281,-0.008903129603612281,-0.008903129603612281,-0.008903129603612281,0.0,1,0,0,False,0.00010534069439890881,0.00010534069439890881,0.00010534069439890881,0.00010534069439890881,0.0,0,0,1,False
2026092810,mert_v0,ambient_balanced,1.0,isotonic,1,0.16318926868560915,0.823522746412778,0,-0.0025892477349990783,-0.0025892477349990783,-0.0025892477349990783,-0.0025892477349990783,0.0,1,0,0,False,0.006419222563012111,0.006419222563012111,0.006419222563012111,0.006419222563012111,0.0,0,0,1,False
2026092810,mert_v0,ambient_balanced,1.0,platt,1,0.15677004612259704,0.4787072290694818,0,-0.00900847029801119,-0.00900847029801119,-0.00900847029801119,-0.00900847029801119,0.0,1,0,0,False,0.0,0.0,0.0,0.0,0.0,0,1,0,False
2026092810,mert_v0,ambient_balanced,1.0,prior_offset,1,0.15275066742423007,0.46808064436669977,0,-0.013027848996378155,-0.013027848996378155,-0.013027848996378155,-0.013027848996378155,0.0,1,0,0,False,-0.0040193786983669655,-0.0040193786983669655,-0.0040193786983669655,-0.0040193786983669655,0.0,1,0,0,False
2026092810,mert_v0,ambient_balanced,1.0,raw,1,0.16577851642060823,0.5019798098520084,0,0.0,0.0,0.0,0.0,0.0,0,1,0,False,0.00900847029801119,0.00900847029801119,0.00900847029801119,0.00900847029801119,0.0,0,0,1,False
2026092810,mert_v0,ambient_balanced,1.0,ridge_platt,1,0.15671741688717886,0.47839396635210957,0,-0.009061099533429373,-0.009061099533429373,-0.009061099533429373,-0.009061099533429373,0.0,1,0,0,False,-5.262923541818343e-05,-5.262923541818343e-05,-5.262923541818343e-05,-5.262923541818343e-05,0.0,1,0,0,False
2026092810,mert_v0,ambient_balanced,1.0,temperature,1,0.1653063421454426,0.5008883000653952,0,-0.00047217427516563215,-0.00047217427516563215,-0.00047217427516563215,-0.00047217427516563215,0.0,1,0,0,False,0.008536296022845558,0.008536296022845558,0.008536296022845558,0.008536296022845558,0.0,0,0,1,False
2026092810,mert_v0,unweighted,0.25,beta,5,0.16687663297178054,0.5406146680550326,0,0.01390838134098613,0.01353797053546868,0.008173497661963985,0.019204675814062516,0.01103117815209853,0,0,5,False,0.0003171176749498794,0.0002460080630347916,-0.00015379113000565936,0.000670523693085151,0.0008243148230908104,1,0,4,True
2026092810,mert_v0,unweighted,0.25,isotonic,5,0.17456783245541782,1.8634406991531876,0,0.021599580824623432,0.022307064910933705,0.015343627895880008,0.026133946981360068,0.01079031908548006,0,0,5,False,0.00800831715858718,0.009437451314922574,0.0038699695380342014,0.01188507545266082,0.008015105914626619,0,0,5,False
2026092810,mert_v0,unweighted,0.25,platt,5,0.16655951529683066,0.5355084517370264,0,0.013591263666036251,0.012867446842383529,0.007960049712486705,0.018958667751027725,0.01099861803854102,0,0,5,False,0.0,0.0,0.0,0.0,0.0,0,5,0,False
2026092810,mert_v0,unweighted,0.25,prior_offset,5,0.15296825163079442,0.4695589580785161,0,0.0,0.0,0.0,0.0,0.0,0,5,0,False,-0.013591263666036251,-0.012867446842383529,-0.018958667751027725,-0.007960049712486705,0.01099861803854102,5,0,0,False
2026092810,mert_v0,unweighted,0.25,raw,5,0.15296825163079442,0.4695589580785161,0,0.0,0.0,0.0,0.0,0.0,0,5,0,False,-0.013591263666036251,-0.012867446842383529,-0.018958667751027725,-0.007960049712486705,0.01099861803854102,5,0,0,False
2026092810,mert_v0,unweighted,0.25,ridge_platt,5,0.15980042369494005,0.5011184814318199,0,0.006832172064145631,0.0071049036074827265,0.0,0.012834846279358214,0.012834846279358214,0,1,4,False,-0.006759091601890621,-0.0061238214716695105,-0.009685453446748593,-0.004263590143647494,0.005421863303101099,5,0,0,False
2026092810,mert_v0,unweighted,0.25,temperature,5,0.15812338342291438,0.5048263371039792,0,0.005155131792119955,0.0023103632063606327,0.0010754054954867642,0.010719490079195093,0.009644084583708329,0,0,5,False,-0.008436131873916296,-0.008764544595748686,-0.014386132460076861,-0.0007541682786507131,0.013631964181426148,5,0,0,False
2026092810,mert_v0,unweighted,0.5,beta,5,0.16032409819735602,0.49328824304200297,0,0.007355846566561602,0.00928936359124985,0.0008468744346739887,0.011538139544510467,0.010691265109836479,0,0,5,False,0.00020268723060182792,0.00018880035715632126,-9.418117260520664e-05,0.0005868346190216756,0.0006810157916268822,1,0,4,True
2026092810,mert_v0,unweighted,0.5,isotonic,5,0.16822263112162475,0.9914357465518926,0,0.015254379490830338,0.016403667101375696,0.006104168005405336,0.02104663406121196,0.014942466055806625,0,0,5,False,0.008101220154870564,0.007323398319079716,0.0054460939278876686,0.011535535370720607,0.006089441442832938,0,0,5,False
2026092810,mert_v0,unweighted,0.5,platt,5,0.1601214109667542,0.492335835283522,0,0.007153159335959775,0.00908026878229598,0.0006580740775176674,0.010951304925488792,0.010293230847971124,0,0,5,False,0.0,0.0,0.0,0.0,0.0,0,5,0,False
2026092810,mert_v0,unweighted,0.5,prior_offset,5,0.15296825163079442,0.4695589580785161,0,0.0,0.0,0.0,0.0,0.0,0,5,0,False,-0.007153159335959775,-0.00908026878229598,-0.010951304925488792,-0.0006580740775176674,0.010293230847971124,5,0,0,False
2026092810,mert_v0,unweighted,0.5,raw,5,0.15296825163079442,0.4695589580785161,0,0.0,0.0,0.0,0.0,0.0,0,5,0,False,-0.007153159335959775,-0.00908026878229598,-0.010951304925488792,-0.0006580740775176674,0.010293230847971124,5,0,0,False
2026092810,mert_v0,unweighted,0.5,ridge_platt,5,0.15504033347326227,0.4767839940911003,0,0.002072081842467849,0.002649686918540367,-0.0006770033499322592,0.004239802966518991,0.00491680631645125,1,0,4,True,-0.005081077493491926,-0.0056547890851929294,-0.006711501958969801,-0.0013350774274499266,0.005376424531519874,5,0,0,False
2026092810,mert_v0,unweighted,0.5,temperature,5,0.15388087682898186,0.47465042727236373,0,0.0009126251981874445,0.00044135096604136503,0.00011984375038739947,0.0024772052407976697,0.00235736149041027,0,0,5,False,-0.00624053413777233,-0.006603063541498311,-0.010831461175101392,-0.0002167231114763024,0.01061473806362509,5,0,0,False
2026092810,mert_v0,unweighted,1.0,beta,1,0.15707899660598482,0.4794048583510149,0,0.0041107449751904,0.0041107449751904,0.0041107449751904,0.0041107449751904,0.0,0,0,1,False,3.08054851016204e-05,3.08054851016204e-05,3.08054851016204e-05,3.08054851016204e-05,0.0,0,0,1,False
2026092810,mert_v0,unweighted,1.0,isotonic,1,0.1629664828244295,0.8233346898032875,0,0.009998231193635077,0.009998231193635077,0.009998231193635077,0.009998231193635077,0.0,0,0,1,False,0.005918291703546297,0.005918291703546297,0.005918291703546297,0.005918291703546297,0.0,0,0,1,False
2026092810,mert_v0,unweighted,1.0,platt,1,0.1570481911208832,0.479840371947194,0,0.00407993949008878,0.00407993949008878,0.00407993949008878,0.00407993949008878,0.0,0,0,1,False,0.0,0.0,0.0,0.0,0.0,0,1,0,False
2026092810,mert_v0,unweighted,1.0,prior_offset,1,0.15296825163079442,0.46955895807851616,0,0.0,0.0,0.0,0.0,0.0,0,1,0,False,-0.00407993949008878,-0.00407993949008878,-0.00407993949008878,-0.00407993949008878,0.0,1,0,0,False
2026092810,mert_v0,unweighted,1.0,raw,1,0.15296825163079442,0.46955895807851616,0,0.0,0.0,0.0,0.0,0.0,0,1,0,False,-0.00407993949008878,-0.00407993949008878,-0.00407993949008878,-0.00407993949008878,0.0,1,0,0,False
2026092810,mert_v0,unweighted,1.0,ridge_platt,1,0.15716510561844535,0.4803547619535078,0,0.004196853987650934,0.004196853987650934,0.004196853987650934,0.004196853987650934,0.0,0,0,1,False,0.00011691449756215389,0.00011691449756215389,0.00011691449756215389,0.00011691449756215389,0.0,0,0,1,False
2026092810,mert_v0,unweighted,1.0,temperature,1,0.15315048942535342,0.4703078144721062,0,0.00018223779455900369,0.00018223779455900369,0.00018223779455900369,0.00018223779455900369,0.0,0,0,1,False,-0.003897701695529776,-0.003897701695529776,-0.003897701695529776,-0.003897701695529776,0.0,1,0,0,False
2026092810,mert_v1,ambient_balanced,0.25,beta,5,0.16615590479104142,0.5538294024844946,0,0.0008778742600663525,0.003460371699672893,-0.006474916767754607,0.004332655642738409,0.010807572410493016,2,0,3,True,0.0019328395336540073,0.0018413902871722565,0.0004951671802638502,0.003219909655015174,0.002724742474751324,0,0,5,False
2026092810,mert_v1,ambient_balanced,0.25,isotonic,5,0.1751728909999541,1.9919315166610834,0,0.00989486046897901,0.010320239153060573,0.0016327736126442727,0.016656389390725057,0.015023615778080784,0,0,5,False,0.010949825742566666,0.010748886322109213,0.006355640569109783,0.014493932120348968,0.008138291551239185,0,0,5,False
2026092810,mert_v1,ambient_balanced,0.25,platt,5,0.16422306525738742,0.5431766057269316,0,-0.0010549652735876546,0.0002404620446577188,-0.00911611270946494,0.0028661210386299873,0.011982233748094928,2,0,3,True,0.0,0.0,0.0,0.0,0.0,0,5,0,False
2026092810,mert_v1,ambient_balanced,0.25,prior_offset,5,0.15122857458351746,0.46765812530363826,0,-0.0140494559474576,-0.0140494559474576,-0.0140494559474576,-0.0140494559474576,0.0,5,0,0,False,-0.012994490673869947,-0.01428991799211532,-0.016915576986087588,-0.00493334323799266,0.011982233748094928,5,0,0,False
2026092810,mert_v1,ambient_balanced,0.25,raw,5,0.16527803053097506,0.5021194589789888,0,0.0,0.0,0.0,0.0,0.0,0,5,0,False,0.0010549652735876546,-0.0002404620446577188,-0.0028661210386299873,0.00911611270946494,0.011982233748094928,3,0,2,True
2026092810,mert_v1,ambient_balanced,0.25,ridge_platt,5,0.16317279788476474,0.5152690248522591,0,-0.0021052326462103143,-0.0030892609539777682,-0.008927437762957458,0.005569097963378483,0.01449653572633594,4,0,1,True,-0.0010502673726226596,-0.0007026397611890889,-0.005955381992607756,0.003406640693002394,0.00936202268561015,3,0,2,True
2026092810,mert_v1,ambient_balanced,0.25,temperature,5,0.17020844700449583,0.5459161449452825,0,0.00493041647352076,0.005282438771103237,0.0006937515099751934,0.010638435476590019,0.009944683966614826,0,0,5,False,0.005985381747108415,0.003119981500727148,0.0023566498843433925,0.012066189488727147,0.009709539604383755,0,0,5,False
2026092810,mert_v1,ambient_balanced,0.5,beta,5,0.15914355514078946,0.5002256573509614,0,-0.006134475390185601,-0.008207309603566554,-0.011984276392168702,-0.0005515052558082711,0.011432771136360431,5,0,0,False,0.0009605856802532675,0.0009790091639073073,6.264271658923404e-05,0.0019296809508344004,0.0018670382342451664,0,0,5,False
2026092810,mert_v1,ambient_balanced,0.5,isotonic,5,0.16595930650845866,1.238961266079708,0,0.0006812759774836252,-0.0009712484918890929,-0.007810705998627765,0.0075054815802027,0.015316187578830465,3,0,2,True,0.007776337047922494,0.008457261724089393,0.004236213110130171,0.010156952845576661,0.00592073973544649,0,0,5,False
2026092810,mert_v1,ambient_balanced,0.5,platt,5,0.1581829694605362,0.4991190503544507,0,-0.007095061070438868,-0.008869465414825861,-0.012046919108757936,-0.0017209450144843597,0.010325974094273577,5,0,0,False,0.0,0.0,0.0,0.0,0.0,0,5,0,False
2026092810,mert_v1,ambient_balanced,0.5,prior_offset,5,0.15122857458351746,0.46765812530363826,0,-0.0140494559474576,-0.0140494559474576,-0.0140494559474576,-0.0140494559474576,0.0,5,0,0,False,-0.006954394877018733,-0.00517999053263174,-0.012328510932973241,-0.0020025368386996645,0.010325974094273577,5,0,0,False
2026092810,mert_v1,ambient_balanced,0.5,raw,5,0.16527803053097506,0.5021194589789888,0,0.0,0.0,0.0,0.0,0.0,0,5,0,False,0.007095061070438868,0.008869465414825861,0.0017209450144843597,0.012046919108757936,0.010325974094273577,0,0,5,False
2026092810,mert_v1,ambient_balanced,0.5,ridge_platt,5,0.1573794036365616,0.48837787168572344,0,-0.007898626894413447,-0.008166348001269197,-0.013788044867019927,-0.0016211712796078137,0.012166873587412114,5,0,0,False,-0.000803565823974578,0.0007031174135566642,-0.005462292710101013,0.0033125865091730156,0.008774879219274029,2,0,3,True
2026092810,mert_v1,ambient_balanced,0.5,temperature,5,0.16682523911781477,0.5132008343350308,0,0.001547208586839699,0.0003551230721419718,0.00020118335237795382,0.005639306213031242,0.005438122860653288,0,0,5,False,0.008642269657278568,0.009092619977614569,0.0036106489505256523,0.013364194842616556,0.009753545892090904,0,0,5,False
2026092810,mert_v1,ambient_balanced,1.0,beta,1,0.15537450797409805,0.4821682929077243,0,-0.009903522556877015,-0.009903522556877015,-0.009903522556877015,-0.009903522556877015,0.0,1,0,0,False,0.000862067014321094,0.000862067014321094,0.000862067014321094,0.000862067014321094,0.0,0,0,1,False
2026092810,mert_v1,ambient_balanced,1.0,isotonic,1,0.15754623281832345,0.9429775852760351,0,-0.007731797712651617,-0.007731797712651617,-0.007731797712651617,-0.007731797712651617,0.0,1,0,0,False,0.003033791858546492,0.003033791858546492,0.003033791858546492,0.003033791858546492,0.0,0,0,1,False
2026092810,mert_v1,ambient_balanced,1.0,platt,1,0.15451244095977695,0.48148710642647286,0,-0.010765589571198109,-0.010765589571198109,-0.010765589571198109,-0.010765589571198109,0.0,1,0,0,False,0.0,0.0,0.0,0.0,0.0,0,1,0,False
2026092810,mert_v1,ambient_balanced,1.0,prior_offset,1,0.15122857458351746,0.46765812530363826,0,-0.0140494559474576,-0.0140494559474576,-0.0140494559474576,-0.0140494559474576,0.0,1,0,0,False,-0.003283866376259492,-0.003283866376259492,-0.003283866376259492,-0.003283866376259492,0.0,1,0,0,False
2026092810,mert_v1,ambient_balanced,1.0,raw,1,0.16527803053097506,0.5021194589789888,0,0.0,0.0,0.0,0.0,0.0,0,1,0,False,0.010765589571198109,0.010765589571198109,0.010765589571198109,0.010765589571198109,0.0,0,0,1,False
2026092810,mert_v1,ambient_balanced,1.0,ridge_platt,1,0.15410973783991283,0.47902585505580353,0,-0.011168292691062232,-0.011168292691062232,-0.011168292691062232,-0.011168292691062232,0.0,1,0,0,False,-0.0004027031198641229,-0.0004027031198641229,-0.0004027031198641229,-0.0004027031198641229,0.0,1,0,0,False
2026092810,mert_v1,ambient_balanced,1.0,temperature,1,0.16521207820539713,0.5044144603100577,0,-6.595232557793373e-05,-6.595232557793373e-05,-6.595232557793373e-05,-6.595232557793373e-05,0.0,1,0,0,False,0.010699637245620175,0.010699637245620175,0.010699637245620175,0.010699637245620175,0.0,0,0,1,False
2026092810,mert_v1,unweighted,0.25,beta,5,0.1656780223069762,0.5539032887327096,0,0.01435874369948309,0.016669772517470705,0.007062505293251059,0.018744612874242533,0.011682107580991474,0,0,5,False,0.0015504564638249118,0.0014020722175603906,4.3125035203983586e-05,0.002872289257428412,0.0028291642222244284,0,0,5,False
2026092810,mert_v1,unweighted,0.25,isotonic,5,0.17476335851012306,2.03869144364765,0,0.02344407990262994,0.024500860334185526,0.01603719184797775,0.03038908861349679,0.01435189676551904,0,0,5,False,0.01063579266697176,0.011262222476689149,0.0044878486223257075,0.014146188872310866,0.009658340249985159,0,0,5,False
2026092810,mert_v1,unweighted,0.25,platt,5,0.16412756584315127,0.5437586692091477,0,0.012808287235658179,0.014264704927467092,0.004774969371288601,0.017342540656682143,0.012567571285393542,0,0,5,False,0.0,0.0,0.0,0.0,0.0,0,5,0,False
2026092810,mert_v1,unweighted,0.25,prior_offset,5,0.1513192786074931,0.4687578952047514,0,0.0,0.0,0.0,0.0,0.0,0,5,0,False,-0.012808287235658179,-0.014264704927467092,-0.017342540656682143,-0.004774969371288601,0.012567571285393542,5,0,0,False
2026092810,mert_v1,unweighted,0.25,raw,5,0.1513192786074931,0.4687578952047514,0,0.0,0.0,0.0,0.0,0.0,0,5,0,False,-0.012808287235658179,-0.014264704927467092,-0.017342540656682143,-0.004774969371288601,0.012567571285393542,5,0,0,False
2026092810,mert_v1,unweighted,0.25,ridge_platt,5,0.15860637169419695,0.5049782810934081,0,0.007287093086703844,0.008751327171001078,0.0,0.00971284492757346,0.00971284492757346,0,1,4,False,-0.005521194148954333,-0.004774969371288601,-0.008591213485681065,-0.0026804050429446724,0.005910808442736393,5,0,0,False
2026092810,mert_v1,unweighted,0.25,temperature,5,0.1569192951365522,0.515301688973703,0,0.005600016529059082,0.004612484255464039,0.0011417318903766682,0.011258389252337853,0.010116657361961184,0,0,5,False,-0.007208270706599096,-0.007116456676123345,-0.012730056401218104,-0.0008783193400138112,0.011851737061204293,5,0,0,False
2026092810,mert_v1,unweighted,0.5,beta,5,0.1589436165478809,0.5009362184485201,0,0.007624337940387793,0.005483963010644466,0.001639747244716383,0.013410326814056572,0.01177057956934019,0,0,5,False,0.0007192961149293242,0.0007488433657958093,-0.00011888358360676032,0.0016757410446134602,0.0017946246282202205,1,0,4,True
2026092810,mert_v1,unweighted,0.5,isotonic,5,0.16589169435583037,1.2795998024009512,0,0.014572415748337259,0.01286139558161073,0.006189540610428396,0.02061983152692551,0.014430290916497113,0,0,5,False,0.00766737392287879,0.00796915804516965,0.004430909782105252,0.010098052461050694,0.0056671426789454415,0,0,5,False
2026092810,mert_v1,unweighted,0.5,platt,5,0.1582243204329516,0.5001066547899885,0,0.006905041825458469,0.005077868168369554,0.0017586308283231433,0.012431811419876176,0.010673180591553033,0,0,5,False,0.0,0.0,0.0,0.0,0.0,0,5,0,False
2026092810,mert_v1,unweighted,0.5,prior_offset,5,0.1513192786074931,0.4687578952047514,0,0.0,0.0,0.0,0.0,0.0,0,5,0,False,-0.006905041825458469,-0.005077868168369554,-0.012431811419876176,-0.0017586308283231433,0.010673180591553033,5,0,0,False
2026092810,mert_v1,unweighted,0.5,raw,5,0.1513192786074931,0.4687578952047514,0,0.0,0.0,0.0,0.0,0.0,0,5,0,False,-0.006905041825458469,-0.005077868168369554,-0.012431811419876176,-0.0017586308283231433,0.010673180591553033,5,0,0,False
2026092810,mert_v1,unweighted,0.5,ridge_platt,5,0.1533085208018551,0.47894869075603025,0,0.0019892421943619844,0.0005182262244309843,-0.0005072468386617124,0.00878319548206441,0.009290442320726122,1,0,4,True,-0.004915799631096484,-0.004559641943938569,-0.011379730791853948,-0.0017385835838104047,0.009641147208043543,5,0,0,False
2026092810,mert_v1,unweighted,0.5,temperature,5,0.15262951620180593,0.47973003777101175,0,0.0013102375943128241,0.0007648864694842217,0.00019811849946443916,0.0038445650746085636,0.0036464465751441244,0,0,5,False,-0.005594804231145644,-0.004348597674666221,-0.010323660566410375,-0.0004015348704986821,0.009922125695911693,5,0,0,False
2026092810,mert_v1,unweighted,1.0,beta,1,0.1551020765949938,0.4825978028231686,0,0.0037827979875006967,0.0037827979875006967,0.0037827979875006967,0.0037827979875006967,0.0,0,0,1,False,0.0005914111989283044,0.0005914111989283044,0.0005914111989283044,0.0005914111989283044,0.0,0,0,1,False
2026092810,mert_v1,unweighted,1.0,isotonic,1,0.15797889174614135,0.9465503967640202,0,0.0066596131386482404,0.0066596131386482404,0.0066596131386482404,0.0066596131386482404,0.0,0,0,1,False,0.003468226350075848,0.003468226350075848,0.003468226350075848,0.003468226350075848,0.0,0,0,1,False
2026092810,mert_v1,unweighted,1.0,platt,1,0.1545106653960655,0.48210201950756687,0,0.0031913867885723923,0.0031913867885723923,0.0031913867885723923,0.0031913867885723923,0.0,0,0,1,False,0.0,0.0,0.0,0.0,0.0,0,1,0,False
2026092810,mert_v1,unweighted,1.0,prior_offset,1,0.1513192786074931,0.4687578952047514,0,0.0,0.0,0.0,0.0,0.0,0,1,0,False,-0.0031913867885723923,-0.0031913867885723923,-0.0031913867885723923,-0.0031913867885723923,0.0,1,0,0,False
2026092810,mert_v1,unweighted,1.0,raw,1,0.1513192786074931,0.4687578952047514,0,0.0,0.0,0.0,0.0,0.0,0,1,0,False,-0.0031913867885723923,-0.0031913867885723923,-0.0031913867885723923,-0.0031913867885723923,0.0,1,0,0,False
2026092810,mert_v1,unweighted,1.0,ridge_platt,1,0.15398817706257606,0.4791920948342159,0,0.0026688984550829464,0.0026688984550829464,0.0026688984550829464,0.0026688984550829464,0.0,0,0,1,False,-0.0005224883334894459,-0.0005224883334894459,-0.0005224883334894459,-0.0005224883334894459,0.0,1,0,0,False
2026092810,mert_v1,unweighted,1.0,temperature,1,0.1514893902695079,0.4721445091091325,0,0.0001701116620147769,0.0001701116620147769,0.0001701116620147769,0.0001701116620147769,0.0,0,0,1,False,-0.0030212751265576154,-0.0030212751265576154,-0.0030212751265576154,-0.0030212751265576154,0.0,1,0,0,False
2026092811,maest,ambient_balanced,0.25,beta,5,0.1418904676060741,0.46738721914213405,0,0.003108816287819521,0.0032857434830536603,-0.0005611124529507627,0.005374493132316027,0.00593560558526679,1,0,4,True,0.001438047596463926,0.001073881061379206,0.00019915546396434558,0.002989321624438712,0.0027901661604743666,0,0,5,False
2026092811,maest,ambient_balanced,0.25,isotonic,5,0.15256641043494076,1.4796937611609557,0,0.013784759116686158,0.013293663328102223,0.011950287461785475,0.016131538051964017,0.004181250590178542,0,0,5,False,0.012113990425330562,0.011081800906427769,0.009370234947494838,0.01683148777083726,0.007461252823342424,0,0,5,False
2026092811,maest,ambient_balanced,0.25,platt,5,0.1404524200096102,0.4410842096721586,0,0.0016707686913555952,0.0022118624216744542,-0.0007602679169151083,0.005022146156601237,0.005782414073516345,2,0,3,True,0.0,0.0,0.0,0.0,0.0,0,5,0,False
2026092811,maest,ambient_balanced,0.25,prior_offset,5,0.13373369504244959,0.42037865234457017,0,-0.00504795627580501,-0.00504795627580501,-0.00504795627580501,-0.00504795627580501,0.0,5,0,0,False,-0.006718724967160606,-0.007259818697479464,-0.010070102432406247,-0.004287688358889902,0.005782414073516345,5,0,0,False
2026092811,maest,ambient_balanced,0.25,raw,5,0.1387816513182546,0.42844451135195893,0,0.0,0.0,0.0,0.0,0.0,0,5,0,False,-0.0016707686913555952,-0.0022118624216744542,-0.005022146156601237,0.0007602679169151083,0.005782414073516345,3,0,2,True
2026092811,maest,ambient_balanced,0.25,ridge_platt,5,0.13806627661163184,0.42764060722593633,0,-0.0007153747066227512,-0.0010319273080494351,-0.0050860451417944486,0.005490771745479961,0.01057681688727441,3,0,2,True,-0.0023861433979783463,-0.0026486923442456123,-0.007297907563468903,0.0011592371512841315,0.008457144714753034,3,0,2,True
2026092811,maest,ambient_balanced,0.25,temperature,5,0.14130337004448476,0.4378480651569456,0,0.0025217187262301767,0.00295473638683319,0.00024983602122768955,0.004731180897996318,0.004481344876768628,0,0,5,False,0.0008509500348745814,-0.0008609338328647576,-0.0023302164930629476,0.005431130616869562,0.007761347109932509,3,0,2,True
2026092811,maest,ambient_balanced,0.5,beta,5,0.13449857321170935,0.42332306667109626,0,-0.004283078106545257,-0.004471193580557448,-0.005267503718495825,-0.0031114719499932275,0.0021560317685025976,5,0,0,False,2.9859260576187153e-05,6.253321999322159e-05,-0.000382438561185916,0.0004995210610843626,0.0008819596222702786,2,0,3,True
2026092811,maest,ambient_balanced,0.5,isotonic,5,0.14390181820727582,0.72068671640427,0,0.0051201668890212436,0.0045627049859299496,0.00024967750666460287,0.009167577596308651,0.008917900089644049,0,0,5,False,0.009433104256142688,0.00990998927342246,0.004552506218360258,0.013295633981981553,0.008743127763621295,0,0,5,False
2026092811,maest,ambient_balanced,0.5,platt,5,0.13446871395113316,0.42369988345488085,0,-0.0043129373671214445,-0.004128056385672901,-0.005767024779580188,-0.003278021939286946,0.002489002840293242,5,0,0,False,0.0,0.0,0.0,0.0,0.0,0,5,0,False
2026092811,maest,ambient_balanced,0.5,prior_offset,5,0.13373369504244959,0.42037865234457017,0,-0.00504795627580501,-0.00504795627580501,-0.00504795627580501,-0.00504795627580501,0.0,5,0,0,False,-0.0007350189086835657,-0.0009198998901321087,-0.0017699343365180642,0.0007190685037751776,0.002489002840293242,4,0,1,True
2026092811,maest,ambient_balanced,0.5,raw,5,0.1387816513182546,0.42844451135195893,0,0.0,0.0,0.0,0.0,0.0,0,5,0,False,0.0043129373671214445,0.004128056385672901,0.003278021939286946,0.005767024779580188,0.002489002840293242,0,0,5,False
2026092811,maest,ambient_balanced,0.5,ridge_platt,5,0.13515919281956743,0.4213706968392348,0,-0.0036224584986871756,-0.0040453852458714745,-0.0056762934739706394,-0.0007220629021920388,0.004954230571778601,5,0,0,False,0.0006904788684342688,-0.00022131726488150427,-0.001548237088297738,0.005044961877388149,0.006593198965685887,3,0,2,True
2026092811,maest,ambient_balanced,0.5,temperature,5,0.14008465187287053,0.43402005578958447,0,0.0013030005546159572,0.00126232364033399,0.0002831366697827187,0.0025020557367333163,0.0022189190669505976,0,0,5,False,0.005615937921737401,0.005661058734667962,0.004212506316521647,0.006590810756104848,0.002378304439583201,0,0,5,False
2026092811,maest,ambient_balanced,1.0,beta,1,0.13338729822964768,0.4179725023760137,0,-0.005394353088606918,-0.005394353088606918,-0.005394353088606918,-0.005394353088606918,0.0,1,0,0,False,0.0003797479033948725,0.0003797479033948725,0.0003797479033948725,0.0003797479033948725,0.0,0,0,1,False
2026092811,maest,ambient_balanced,1.0,isotonic,1,0.13958525661219953,0.5353450227452671,0,0.0008036052939449367,0.0008036052939449367,0.0008036052939449367,0.0008036052939449367,0.0,0,0,1,False,0.006577706285946727,0.006577706285946727,0.006577706285946727,0.006577706285946727,0.0,0,0,1,False
2026092811,maest,ambient_balanced,1.0,platt,1,0.1330075503262528,0.4182936568015832,0,-0.0057741009920017905,-0.0057741009920017905,-0.0057741009920017905,-0.0057741009920017905,0.0,1,0,0,False,0.0,0.0,0.0,0.0,0.0,0,1,0,False
2026092811,maest,ambient_balanced,1.0,prior_offset,1,0.13373369504244959,0.4203786523445702,0,-0.00504795627580501,-0.00504795627580501,-0.00504795627580501,-0.00504795627580501,0.0,1,0,0,False,0.0007261447161967804,0.0007261447161967804,0.0007261447161967804,0.0007261447161967804,0.0,0,0,1,False
2026092811,maest,ambient_balanced,1.0,raw,1,0.1387816513182546,0.4284445113519589,0,0.0,0.0,0.0,0.0,0.0,0,1,0,False,0.0057741009920017905,0.0057741009920017905,0.0057741009920017905,0.0057741009920017905,0.0,0,0,1,False
2026092811,maest,ambient_balanced,1.0,ridge_platt,1,0.13260609778185353,0.4155906720460338,0,-0.006175553536401063,-0.006175553536401063,-0.006175553536401063,-0.006175553536401063,0.0,1,0,0,False,-0.00040145254439927225,-0.00040145254439927225,-0.00040145254439927225,-0.00040145254439927225,0.0,1,0,0,False
2026092811,maest,ambient_balanced,1.0,temperature,1,0.13928208592153354,0.4312679271589825,0,0.0005004346032789486,0.0005004346032789486,0.0005004346032789486,0.0005004346032789486,0.0,0,0,1,False,0.006274535595280739,0.006274535595280739,0.006274535595280739,0.006274535595280739,0.0,0,0,1,False
2026092811,maest,unweighted,0.25,beta,5,0.1414901446133769,0.4627671692750521,0,0.008691884191394956,0.009274558316614612,0.005306031374053055,0.011325647931272581,0.006019616557219526,0,0,5,False,0.0012944028371377815,0.0010339838295142234,0.0002511641217782523,0.0024034020352445284,0.002152237913466276,0,0,5,False
2026092811,maest,unweighted,0.25,isotonic,5,0.15114168388813126,1.4546523585770381,0,0.018343423466149367,0.01973418863872911,0.01588018994011972,0.020260243184800047,0.004380053244680326,0,0,5,False,0.010945942111892194,0.01096396245725842,0.007563666591333867,0.015097274861554294,0.0075336082702204266,0,0,5,False
2026092811,maest,unweighted,0.25,platt,5,0.1401957417762391,0.43989892953072685,0,0.007397481354257174,0.008240574487100388,0.004636913777174817,0.010738527905950007,0.00610161412877519,0,0,5,False,0.0,0.0,0.0,0.0,0.0,0,5,0,False
2026092811,maest,unweighted,0.25,prior_offset,5,0.13279826042198192,0.41574751252498265,0,0.0,0.0,0.0,0.0,0.0,0,5,0,False,-0.007397481354257174,-0.008240574487100388,-0.010738527905950007,-0.004636913777174817,0.00610161412877519,5,0,0,False
2026092811,maest,unweighted,0.25,raw,5,0.13279826042198192,0.41574751252498265,0,0.0,0.0,0.0,0.0,0.0,0,5,0,False,-0.007397481354257174,-0.008240574487100388,-0.010738527905950007,-0.004636913777174817,0.00610161412877519,5,0,0,False
2026092811,maest,unweighted,0.25,ridge_platt,5,0.13513060672153085,0.42161175569398834,0,0.002332346299548932,0.0009628323628663726,0.0002184129324161732,0.006208602793230461,0.005990189860814288,0,0,5,False,-0.0050651350547082415,-0.004464494603554886,-0.007820719823099703,-0.00409203488940843,0.003728684933691273,5,0,0,False
2026092811,maest,unweighted,0.25,temperature,5,0.13488795316153365,0.42454856274145136,0,0.002089692739551735,0.002280742836824251,-0.0001362510084987889,0.004772892482512753,0.004909143491011542,1,0,4,True,-0.005307788614705438,-0.0076473237380726145,-0.008452774357284643,0.00013597870533793577,0.008588753062622578,4,0,1,True
2026092811,maest,unweighted,0.5,beta,5,0.13428308145887932,0.4225372854261617,0,0.0014848210368974158,0.0012548427050750321,0.000870651777509085,0.0026582387573798327,0.0017875869798707478,0,0,5,False,6.706417906766072e-05,3.962779354696466e-05,-0.00038180251933678244,0.0008312388691714134,0.0012130413885081959,2,0,3,True
2026092811,maest,unweighted,0.5,isotonic,5,0.14160549097823996,0.7144300813352089,0,0.008807230556258034,0.008822759927350904,0.004679450550782366,0.013621999830587178,0.008942549279804812,0,0,5,False,0.0073894736984282785,0.0068199222811001214,0.0033410058774289153,0.011983623540728988,0.008642617663300073,0,0,5,False
2026092811,maest,unweighted,0.5,platt,5,0.1342160172798117,0.4228524291210782,0,0.001417756857829755,0.001453939453766595,3.9412908337671526e-05,0.002618610963832868,0.0025791980554951965,0,0,5,False,0.0,0.0,0.0,0.0,0.0,0,5,0,False
2026092811,maest,unweighted,0.5,prior_offset,5,0.13279826042198192,0.41574751252498265,0,0.0,0.0,0.0,0.0,0.0,0,5,0,False,-0.001417756857829755,-0.001453939453766595,-0.002618610963832868,-3.9412908337671526e-05,0.0025791980554951965,5,0,0,False
2026092811,maest,unweighted,0.5,raw,5,0.13279826042198192,0.41574751252498265,0,0.0,0.0,0.0,0.0,0.0,0,5,0,False,-0.001417756857829755,-0.001453939453766595,-0.002618610963832868,-3.9412908337671526e-05,0.0025791980554951965,5,0,0,False
2026092811,maest,unweighted,0.5,ridge_platt,5,0.13310568944362952,0.4168532637059054,0,0.00030742902164760945,0.0,-0.00018587899187255674,0.0018512476572483672,0.002037126649120924,2,1,2,True,-0.0011103278361821456,-0.001453939453766595,-0.001611944780586988,-0.00022529190021022827,0.0013866528803767597,5,0,0,False
2026092811,maest,unweighted,0.5,temperature,5,0.1333543146210304,0.41826861814099703,0,0.000556054199048478,2.2876635143914692e-05,-8.610375529777281e-05,0.0017525591586220468,0.0018386629139198196,2,0,3,True,-0.000861702658781277,-0.0004979099477649684,-0.002704714719130641,0.00029861970485545175,0.0030033344239860926,4,0,1,True
2026092811,maest,unweighted,1.0,beta,1,0.13319468320617045,0.4174606330842079,0,0.00039642278418852706,0.00039642278418852706,0.00039642278418852706,0.00039642278418852706,0.0,0,0,1,False,0.00035994396110552995,0.00035994396110552995,0.00035994396110552995,0.00035994396110552995,0.0,0,0,1,False
2026092811,maest,unweighted,1.0,isotonic,1,0.13734910353020235,0.5286321645076958,0,0.0045508431082204315,0.0045508431082204315,0.0045508431082204315,0.0045508431082204315,0.0,0,0,1,False,0.004514364285137434,0.004514364285137434,0.004514364285137434,0.004514364285137434,0.0,0,0,1,False
2026092811,maest,unweighted,1.0,platt,1,0.13283473924506492,0.41771499639415344,0,3.64788230829971e-05,3.64788230829971e-05,3.64788230829971e-05,3.64788230829971e-05,0.0,0,0,1,False,0.0,0.0,0.0,0.0,0.0,0,1,0,False
2026092811,maest,unweighted,1.0,prior_offset,1,0.13279826042198192,0.41574751252498265,0,0.0,0.0,0.0,0.0,0.0,0,1,0,False,-3.64788230829971e-05,-3.64788230829971e-05,-3.64788230829971e-05,-3.64788230829971e-05,0.0,1,0,0,False
2026092811,maest,unweighted,1.0,raw,1,0.13279826042198192,0.41574751252498265,0,0.0,0.0,0.0,0.0,0.0,0,1,0,False,-3.64788230829971e-05,-3.64788230829971e-05,-3.64788230829971e-05,-3.64788230829971e-05,0.0,1,0,0,False
2026092811,maest,unweighted,1.0,ridge_platt,1,0.13279826042198192,0.41574751252498265,0,0.0,0.0,0.0,0.0,0.0,0,1,0,False,-3.64788230829971e-05,-3.64788230829971e-05,-3.64788230829971e-05,-3.64788230829971e-05,0.0,1,0,0,False
2026092811,maest,unweighted,1.0,temperature,1,0.1329014004975359,0.41617490379436134,0,0.0001031400755539813,0.0001031400755539813,0.0001031400755539813,0.0001031400755539813,0.0,0,0,1,False,6.66612524709842e-05,6.66612524709842e-05,6.66612524709842e-05,6.66612524709842e-05,0.0,0,0,1,False
2026092811,mert_v0,ambient_balanced,0.25,beta,5,0.15391075020733594,0.48820863388174623,0,-0.00503216812891652,-0.004597241851923756,-0.007210802955245288,-0.0029507634701365637,0.004260039485108724,5,0,0,False,-0.0008638678224456742,-0.0009745602831669753,-0.0020102831395023557,0.0011854221210792493,0.003195705260581605,4,0,1,True
2026092811,mert_v0,ambient_balanced,0.25,isotonic,5,0.16015397562704786,1.2989209986006576,0,0.001211057290795381,-9.29592372032606e-05,-0.0023705090248970773,0.0057169696216170796,0.008087478646514157,3,0,2,True,0.0053793575972662265,0.004747694011317055,0.0012607359429560872,0.009853155212832893,0.008592419269876805,0,0,5,False
2026092811,mert_v0,ambient_balanced,0.25,platt,5,0.15477461802978162,0.4849911304690499,0,-0.004168300306470846,-0.004136185591215813,-0.00565688202867759,-0.0026900790213350845,0.0029668030073425056,5,0,0,False,0.0,0.0,0.0,0.0,0.0,0,5,0,False
2026092811,mert_v0,ambient_balanced,0.25,prior_offset,5,0.14956661441926777,0.4637436248721139,0,-0.009376303916984685,-0.009376303916984685,-0.009376303916984685,-0.009376303916984685,0.0,5,0,0,False,-0.005208003610513839,-0.005240118325768872,-0.006686224895649601,-0.003719421888307095,0.0029668030073425056,5,0,0,False
2026092811,mert_v0,ambient_balanced,0.25,raw,5,0.15894291833625246,0.48473422599759813,0,0.0,0.0,0.0,0.0,0.0,0,5,0,False,0.004168300306470846,0.004136185591215813,0.0026900790213350845,0.00565688202867759,0.0029668030073425056,0,0,5,False
2026092811,mert_v0,ambient_balanced,0.25,ridge_platt,5,0.15151046924267594,0.47012366606929074,0,-0.00743244909357651,-0.007581358023047963,-0.010040191644311025,-0.0036483238776364724,0.006391867766674553,5,0,0,False,-0.003264148787105664,-0.002586969509919851,-0.005904006053095212,-0.0009582448563013879,0.004945761196793824,5,0,0,False
2026092811,mert_v0,ambient_balanced,0.25,temperature,5,0.16156769349667063,0.4943535718601953,0,0.0026247751604181802,0.002757339665694275,0.0008389511442612463,0.0051094984211323136,0.004270547276871067,0,0,5,False,0.006793075466889026,0.007206872911310391,0.0035290301655963308,0.00983660834440489,0.006307578178808559,0,0,5,False
2026092811,mert_v0,ambient_balanced,0.5,beta,5,0.14742755351623257,0.4606542196576391,0,-0.01151536482001988,-0.011307848147393357,-0.013619645401787561,-0.009650725288480044,0.003968920113307517,5,0,0,False,-0.00044926123288985265,-0.0004169803995230925,-0.0019316181475987348,0.0008021224715088759,0.002733740619107611,3,0,2,True
2026092811,mert_v0,ambient_balanced,0.5,isotonic,5,0.15332487398737912,0.7930000549176812,0,-0.005618044348873341,-0.006206987433043237,-0.010096020498414765,-0.0012361339408364924,0.008859886557578273,5,0,0,False,0.005448059238256686,0.004303419594296504,0.0038104820644910553,0.01087383667806574,0.007063354613574685,0,0,5,False
2026092811,mert_v0,ambient_balanced,0.5,platt,5,0.14787681474912243,0.4612064976810085,0,-0.011066103587130028,-0.01094587438997846,-0.014027540613637951,-0.0077191071408813094,0.006308433472756642,5,0,0,False,0.0,0.0,0.0,0.0,0.0,0,5,0,False
2026092811,mert_v0,ambient_balanced,0.5,prior_offset,5,0.14956661441926777,0.4637436248721139,0,-0.009376303916984685,-0.009376303916984685,-0.009376303916984685,-0.009376303916984685,0.0,5,0,0,False,0.001689799670145342,0.0015695704729937754,-0.0016571967761033757,0.004651236696653266,0.006308433472756642,1,0,4,True
2026092811,mert_v0,ambient_balanced,0.5,raw,5,0.15894291833625246,0.48473422599759813,0,0.0,0.0,0.0,0.0,0.0,0,5,0,False,0.011066103587130028,0.01094587438997846,0.0077191071408813094,0.014027540613637951,0.006308433472756642,0,0,5,False
2026092811,mert_v0,ambient_balanced,0.5,ridge_platt,5,0.14858419457050037,0.46118492585838117,0,-0.010358723765752077,-0.010863274367119702,-0.011987637028544218,-0.008279717498591382,0.0037079195299528356,5,0,0,False,0.0007073798213779514,-0.0003352491948695191,-0.0006723887463027656,0.0030652438206783816,0.003737632566981147,3,0,2,True
2026092811,mert_v0,ambient_balanced,0.5,temperature,5,0.15939254910645534,0.4865817026814588,0,0.0004496307702028746,0.0003578410767727802,-0.0007927413363402191,0.0020114710030107452,0.0028042123393509644,2,0,3,True,0.011515734357332903,0.011317229282562014,0.009730578143892055,0.014385381690410731,0.0046548035465186766,0,0,5,False
2026092811,mert_v0,ambient_balanced,1.0,beta,1,0.14550285521351358,0.4533131846506153,0,-0.013440063122738877,-0.013440063122738877,-0.013440063122738877,-0.013440063122738877,0.0,1,0,0,False,-0.000828655142439988,-0.000828655142439988,-0.000828655142439988,-0.000828655142439988,0.0,1,0,0,False
2026092811,mert_v0,ambient_balanced,1.0,isotonic,1,0.1502135807549373,0.6304766340106586,0,-0.008729337581315166,-0.008729337581315166,-0.008729337581315166,-0.008729337581315166,0.0,1,0,0,False,0.0038820703989837224,0.0038820703989837224,0.0038820703989837224,0.0038820703989837224,0.0,0,0,1,False
2026092811,mert_v0,ambient_balanced,1.0,platt,1,0.14633151035595357,0.45541005138712204,0,-0.012611407980298889,-0.012611407980298889,-0.012611407980298889,-0.012611407980298889,0.0,1,0,0,False,0.0,0.0,0.0,0.0,0.0,0,1,0,False
2026092811,mert_v0,ambient_balanced,1.0,prior_offset,1,0.14956661441926777,0.46374362487211385,0,-0.009376303916984685,-0.009376303916984685,-0.009376303916984685,-0.009376303916984685,0.0,1,0,0,False,0.0032351040633142036,0.0032351040633142036,0.0032351040633142036,0.0032351040633142036,0.0,0,0,1,False
2026092811,mert_v0,ambient_balanced,1.0,raw,1,0.15894291833625246,0.4847342259975982,0,0.0,0.0,0.0,0.0,0.0,0,1,0,False,0.012611407980298889,0.012611407980298889,0.012611407980298889,0.012611407980298889,0.0,0,0,1,False
2026092811,mert_v0,ambient_balanced,1.0,ridge_platt,1,0.14708574140131725,0.4572922997182717,0,-0.01185717693493521,-0.01185717693493521,-0.01185717693493521,-0.01185717693493521,0.0,1,0,0,False,0.0007542310453636791,0.0007542310453636791,0.0007542310453636791,0.0007542310453636791,0.0,0,0,1,False
2026092811,mert_v0,ambient_balanced,1.0,temperature,1,0.15826808754874905,0.4825186266796937,0,-0.000674830787503411,-0.000674830787503411,-0.000674830787503411,-0.000674830787503411,0.0,1,0,0,False,0.011936577192795478,0.011936577192795478,0.011936577192795478,0.011936577192795478,0.0,0,0,1,False
2026092811,mert_v0,unweighted,0.25,beta,5,0.15395248759096297,0.48777746393636157,0,0.0049398924843161215,0.005683070732387052,0.002515325168758159,0.007108444449194756,0.004593119280436597,0,0,5,False,-0.0007339804148932705,-0.000957941178179128,-0.0020019492386284254,0.0014198347106194054,0.003421783949247831,4,0,1,True
2026092811,mert_v0,unweighted,0.25,isotonic,5,0.16101072399777897,1.3564506688644644,0,0.011998128891132127,0.011325654383600003,0.009200875643364387,0.015219525229372394,0.006018649586008007,0,0,5,False,0.006324255991922734,0.00627995219991434,0.0029753098596606298,0.008782854615844521,0.005807544756183891,0,0,5,False
2026092811,mert_v0,unweighted,0.25,platt,5,0.15468646800585623,0.4846000900343067,0,0.005673872899209393,0.005688609738575351,0.0041026764857196585,0.007306810304362532,0.0032041338186428736,0,0,5,False,0.0,0.0,0.0,0.0,0.0,0,5,0,False
2026092811,mert_v0,unweighted,0.25,prior_offset,5,0.14901259510664683,0.46151000932909286,0,0.0,0.0,0.0,0.0,0.0,0,5,0,False,-0.005673872899209393,-0.005688609738575351,-0.007306810304362532,-0.0041026764857196585,0.0032041338186428736,5,0,0,False
2026092811,mert_v0,unweighted,0.25,raw,5,0.14901259510664683,0.46151000932909286,0,0.0,0.0,0.0,0.0,0.0,0,5,0,False,-0.005673872899209393,-0.005688609738575351,-0.007306810304362532,-0.0041026764857196585,0.0032041338186428736,5,0,0,False
2026092811,mert_v0,unweighted,0.25,ridge_platt,5,0.15060426925504125,0.46739741793773887,0,0.001591674148394423,0.00140275229916495,-0.00041123575291554526,0.005306729783333908,0.005717965536249453,1,0,4,True,-0.00408219875081497,-0.004716406678331814,-0.006099845491490896,-0.0020000805210286243,0.004099764970462272,5,0,0,False
2026092811,mert_v0,unweighted,0.25,temperature,5,0.1519722498199388,0.4735184567918894,0,0.0029596547132919706,0.0036065062479430365,-8.355067985124642e-05,0.004982001689058629,0.005065552368909876,1,0,4,True,-0.002714218185917422,-0.0026190595357607205,-0.0073903609842137785,0.0006354337628501627,0.008025794747063941,4,0,1,True
2026092811,mert_v0,unweighted,0.5,beta,5,0.1473965022359364,0.460584352534158,0,-0.0016160928707104228,-0.0010783249334207767,-0.0038140194271879813,0.00010182312346732059,0.003915842550655302,4,0,1,True,-0.00035807568063385143,-0.00041238222305742256,-0.0018421738119306086,0.0012049518834831852,0.0030471256954137937,3,0,2,True
2026092811,mert_v0,unweighted,0.5,isotonic,5,0.1538932437505106,0.7889278454150579,0,0.004880648643863772,0.004588339797752444,-0.00017201241827985436,0.0091925806349,0.009364593053179854,1,0,4,True,0.006138665833940344,0.005240261596966667,0.0040512004322765804,0.011475857451803961,0.007424657019527381,0,0,5,False
2026092811,mert_v0,unweighted,0.5,platt,5,0.14775457791657026,0.46080095059994014,0,-0.0012580171900765714,-0.0010756714191061667,-0.004223212850556435,0.0019439969353979292,0.006167209785954364,4,0,1,True,0.0,0.0,0.0,0.0,0.0,0,5,0,False
2026092811,mert_v0,unweighted,0.5,prior_offset,5,0.14901259510664683,0.46151000932909286,0,0.0,0.0,0.0,0.0,0.0,0,5,0,False,0.0012580171900765714,0.0010756714191061667,-0.0019439969353979292,0.004223212850556435,0.006167209785954364,1,0,4,True
2026092811,mert_v0,unweighted,0.5,raw,5,0.14901259510664683,0.46151000932909286,0,0.0,0.0,0.0,0.0,0.0,0,5,0,False,0.0012580171900765714,0.0010756714191061667,-0.0019439969353979292,0.004223212850556435,0.006167209785954364,1,0,4,True
2026092811,mert_v0,unweighted,0.5,ridge_platt,5,0.14723588259770398,0.4579096462479385,0,-0.0017767125089428125,-0.0017636205399670646,-0.004349810198329113,0.0005758540016652103,0.004925664199994323,4,0,1,True,-0.0005186953188662414,-0.00030213206102416845,-0.0013681429337327189,-0.00010865513094074353,0.0012594878027919754,5,0,0,False
2026092811,mert_v0,unweighted,0.5,temperature,5,0.14909776638067454,0.4624856608286899,0,8.517127402771774e-05,-0.0005743391943379694,-0.0009230471035207022,0.0020618229034265467,0.002984870006947249,3,0,2,True,0.001343188464104289,0.0013602297133832597,7.75826048762529e-05,0.0033486618282036473,0.0032710792233273944,0,0,5,False
2026092811,mert_v0,unweighted,1.0,beta,1,0.14542061578630575,0.4531404087403373,0,-0.003591979320341082,-0.003591979320341082,-0.003591979320341082,-0.003591979320341082,0.0,1,0,0,False,-0.0008106489345227619,-0.0008106489345227619,-0.0008106489345227619,-0.0008106489345227619,0.0,1,0,0,False
2026092811,mert_v0,unweighted,1.0,isotonic,1,0.15116979418478968,0.6333902436570559,0,0.002157199078142852,0.002157199078142852,0.002157199078142852,0.002157199078142852,0.0,0,0,1,False,0.004938529463961172,0.004938529463961172,0.004938529463961172,0.004938529463961172,0.0,0,0,1,False
2026092811,mert_v0,unweighted,1.0,platt,1,0.1462312647208285,0.45513811331881754,0,-0.0027813303858183203,-0.0027813303858183203,-0.0027813303858183203,-0.0027813303858183203,0.0,1,0,0,False,0.0,0.0,0.0,0.0,0.0,0,1,0,False
2026092811,mert_v0,unweighted,1.0,prior_offset,1,0.14901259510664683,0.4615100093290929,0,0.0,0.0,0.0,0.0,0.0,0,1,0,False,0.0027813303858183203,0.0027813303858183203,0.0027813303858183203,0.0027813303858183203,0.0,0,0,1,False
2026092811,mert_v0,unweighted,1.0,raw,1,0.14901259510664683,0.4615100093290929,0,0.0,0.0,0.0,0.0,0.0,0,1,0,False,0.0027813303858183203,0.0027813303858183203,0.0027813303858183203,0.0027813303858183203,0.0,0,0,1,False
2026092811,mert_v0,unweighted,1.0,ridge_platt,1,0.14720651082040254,0.4574137684600139,0,-0.0018060842862442916,-0.0018060842862442916,-0.0018060842862442916,-0.0018060842862442916,0.0,1,0,0,False,0.0009752460995740286,0.0009752460995740286,0.0009752460995740286,0.0009752460995740286,0.0,0,0,1,False
2026092811,mert_v0,unweighted,1.0,temperature,1,0.14829778391948667,0.458925751045504,0,-0.0007148111871601581,-0.0007148111871601581,-0.0007148111871601581,-0.0007148111871601581,0.0,1,0,0,False,0.002066519198658162,0.002066519198658162,0.002066519198658162,0.002066519198658162,0.0,0,0,1,False
2026092811,mert_v1,ambient_balanced,0.25,beta,5,0.15047874989289434,0.4703776466399333,0,-0.006121152787869783,-0.00486974648047539,-0.009932516772163169,-0.0028739798055423815,0.0070585369666207876,5,0,0,False,-0.0020726069181571717,-0.0019156041636869958,-0.0035102701600937813,4.855375882614754e-05,0.003558823918919929,4,0,1,True
2026092811,mert_v1,ambient_balanced,0.25,isotonic,5,0.15817481842305725,1.2003159926258322,0,0.001574915742293137,0.0035272084821721117,-0.005960550598468839,0.009350417024894503,0.015310967623363342,2,0,3,True,0.005623461612005748,0.005124300979976987,-0.0007942811776656122,0.010511336787276171,0.011305617964941783,1,0,4,True
2026092811,mert_v1,ambient_balanced,0.25,platt,5,0.15255135681105153,0.474061896043579,0,-0.004048545869712611,-0.004301535059097111,-0.008016912608476173,-0.001160919762381668,0.006855992846094505,5,0,0,False,0.0,0.0,0.0,0.0,0.0,0,5,0,False
2026092811,mert_v1,ambient_balanced,0.25,prior_offset,5,0.147071276519735,0.45667720677349133,0,-0.009528626161029119,-0.009528626161029119,-0.009528626161029119,-0.009528626161029119,0.0,5,0,0,False,-0.005480080291316508,-0.005227091101932008,-0.008367706398647451,-0.0015117135525529457,0.006855992846094505,5,0,0,False
2026092811,mert_v1,ambient_balanced,0.25,raw,5,0.15659990268076412,0.47883541540797286,0,0.0,0.0,0.0,0.0,0.0,0,5,0,False,0.004048545869712611,0.004301535059097111,0.001160919762381668,0.008016912608476173,0.006855992846094505,0,0,5,False
2026092811,mert_v1,ambient_balanced,0.25,ridge_platt,5,0.14891243355270392,0.460731369693187,0,-0.007687469128060215,-0.00873833420319739,-0.009364732635143785,-0.004033455737848912,0.005331276897294873,5,0,0,False,-0.003638923258347604,-0.004198463214340559,-0.005540543992437197,-0.0007214215947212166,0.00481912239771598,5,0,0,False
2026092811,mert_v1,ambient_balanced,0.25,temperature,5,0.15957484661137833,0.4878345042786725,0,0.002974943930614199,0.002741289662486296,0.00011233537087254608,0.006701609653764651,0.006589274282892105,0,0,5,False,0.00702348980032681,0.005349457500510524,0.002728039725623521,0.011867879074567877,0.009139839348944356,0,0,5,False
2026092811,mert_v1,ambient_balanced,0.5,beta,5,0.1442400012950645,0.44867284909810595,0,-0.012359901385699607,-0.012500951920928649,-0.012879375836426843,-0.011559130768453385,0.0013202450679734579,5,0,0,False,-0.0006891016873818379,-0.0006138591288787631,-0.0014888335667553876,8.55362766501444e-05,0.001574369843405532,4,0,1,True
2026092811,mert_v1,ambient_balanced,0.5,isotonic,5,0.15039133176181185,0.9208310688907193,0,-0.006208570918952261,-0.007247017525552041,-0.007922832698609189,-0.0036901878627889906,0.0042326448358201985,5,0,0,False,0.005462228779365507,0.004870870583207149,0.0036311820549086438,0.007921575907659184,0.00429039385275054,0,0,5,False
2026092811,mert_v1,ambient_balanced,0.5,platt,5,0.14492910298244635,0.45202722454752386,0,-0.011670799698317769,-0.01155526427287612,-0.01272345611620565,-0.010945271639574622,0.0017781844766310284,5,0,0,False,0.0,0.0,0.0,0.0,0.0,0,5,0,False
2026092811,mert_v1,ambient_balanced,0.5,prior_offset,5,0.147071276519735,0.45667720677349133,0,-0.009528626161029119,-0.009528626161029119,-0.009528626161029119,-0.009528626161029119,0.0,5,0,0,False,0.0021421735372886496,0.002026638111847001,0.001416645478545503,0.0031948299551765313,0.0017781844766310284,0,0,5,False
2026092811,mert_v1,ambient_balanced,0.5,raw,5,0.15659990268076412,0.47883541540797286,0,0.0,0.0,0.0,0.0,0.0,0,5,0,False,0.011670799698317769,0.01155526427287612,0.010945271639574622,0.01272345611620565,0.0017781844766310284,0,0,5,False
2026092811,mert_v1,ambient_balanced,0.5,ridge_platt,5,0.14565927722730676,0.4523034138196732,0,-0.010940625453457375,-0.010714126543793528,-0.013464760571383266,-0.009440898949085674,0.004023861622297592,5,0,0,False,0.0007301742448603931,0.0012742566726295923,-0.0019094962985071462,0.002676989159673515,0.004586485458180661,2,0,3,True
2026092811,mert_v1,ambient_balanced,0.5,temperature,5,0.1571067720712495,0.4794077232534594,0,0.0005068693904854038,0.0010035272592998912,-0.000805811103766152,0.0012362831659127882,0.00204209426967894,2,0,3,True,0.012177669088803172,0.012208915485292793,0.010848822139435582,0.013726983375505541,0.0028781612360699593,0,0,5,False
2026092811,mert_v1,ambient_balanced,1.0,beta,1,0.14274381997059415,0.4430053192831234,0,-0.01385608271016997,-0.01385608271016997,-0.01385608271016997,-0.01385608271016997,0.0,1,0,0,False,-0.0006255921781709306,-0.0006255921781709306,-0.0006255921781709306,-0.0006255921781709306,0.0,1,0,0,False
2026092811,mert_v1,ambient_balanced,1.0,isotonic,1,0.14717600298512018,0.6251097190300468,0,-0.009423899695643945,-0.009423899695643945,-0.009423899695643945,-0.009423899695643945,0.0,1,0,0,False,0.003806590836355095,0.003806590836355095,0.003806590836355095,0.003806590836355095,0.0,0,0,1,False
2026092811,mert_v1,ambient_balanced,1.0,platt,1,0.14336941214876509,0.44666555135125086,0,-0.01323049053199904,-0.01323049053199904,-0.01323049053199904,-0.01323049053199904,0.0,1,0,0,False,0.0,0.0,0.0,0.0,0.0,0,1,0,False
2026092811,mert_v1,ambient_balanced,1.0,prior_offset,1,0.147071276519735,0.45667720677349133,0,-0.009528626161029119,-0.009528626161029119,-0.009528626161029119,-0.009528626161029119,0.0,1,0,0,False,0.0037018643709699206,0.0037018643709699206,0.0037018643709699206,0.0037018643709699206,0.0,0,0,1,False
2026092811,mert_v1,ambient_balanced,1.0,raw,1,0.15659990268076412,0.4788354154079728,0,0.0,0.0,0.0,0.0,0.0,0,1,0,False,0.01323049053199904,0.01323049053199904,0.01323049053199904,0.01323049053199904,0.0,0,0,1,False
2026092811,mert_v1,ambient_balanced,1.0,ridge_platt,1,0.14285680365974313,0.44431955411760254,0,-0.013743099021020999,-0.013743099021020999,-0.013743099021020999,-0.013743099021020999,0.0,1,0,0,False,-0.0005126084890219595,-0.0005126084890219595,-0.0005126084890219595,-0.0005126084890219595,0.0,1,0,0,False
2026092811,mert_v1,ambient_balanced,1.0,temperature,1,0.1558476053861249,0.4750830733515709,0,-0.0007522972946392148,-0.0007522972946392148,-0.0007522972946392148,-0.0007522972946392148,0.0,1,0,0,False,0.012478193237359825,0.012478193237359825,0.012478193237359825,0.012478193237359825,0.0,0,0,1,False
2026092811,mert_v1,unweighted,0.25,beta,5,0.15039166844101787,0.4702222631635468,0,0.003950356914812131,0.005454777354242352,0.00010902776478569076,0.007347803102926709,0.007238775338141018,0,0,5,False,-0.001962514801255033,-0.0018431972040987843,-0.003475629913948064,9.341177366720133e-05,0.0035690416876152653,4,0,1,True
2026092811,mert_v1,unweighted,0.25,isotonic,5,0.1582629840439904,1.1878179943848832,0,0.011821672517784671,0.014025283188362964,0.0036932195060707385,0.019503516110647767,0.01581029660457703,0,0,5,False,0.005908800801717506,0.005865906685378813,-0.0008255657172982489,0.010728941056957653,0.011554506774255902,1,0,4,True
2026092811,mert_v1,unweighted,0.25,platt,5,0.15235418324227287,0.47352972701204604,0,0.005912871716067164,0.005703609269017779,0.001952224968884475,0.008774575053690115,0.0068223500848056395,0,0,5,False,0.0,0.0,0.0,0.0,0.0,0,5,0,False
2026092811,mert_v1,unweighted,0.25,prior_offset,5,0.14644131152620574,0.45443059228546234,0,0.0,0.0,0.0,0.0,0.0,0,5,0,False,-0.005912871716067164,-0.005703609269017779,-0.008774575053690115,-0.001952224968884475,0.0068223500848056395,5,0,0,False
2026092811,mert_v1,unweighted,0.25,raw,5,0.14644131152620574,0.45443059228546234,0,0.0,0.0,0.0,0.0,0.0,0,5,0,False,-0.005912871716067164,-0.005703609269017779,-0.008774575053690115,-0.001952224968884475,0.0068223500848056395,5,0,0,False
2026092811,mert_v1,unweighted,0.25,ridge_platt,5,0.14786367884945312,0.45791243493686673,0,0.0014223673232473643,0.0006455517133377442,0.00019352839706407443,0.003429341249023915,0.0032358128519598406,0,0,5,False,-0.0044905043928197995,-0.005213466115781912,-0.006261891961799243,-0.0013066732555467309,0.004955218706252512,5,0,0,False
2026092811,mert_v1,unweighted,0.25,temperature,5,0.1494561562656484,0.4642158345868298,0,0.003014844739442674,0.0037609917346753674,0.0002349631968745769,0.006479825897165337,0.00624486270029076,0,0,5,False,-0.00289802697662449,-0.004597954198224452,-0.008380200868499887,0.0019610406737963493,0.010341241542296237,3,0,2,True
2026092811,mert_v1,unweighted,0.5,beta,5,0.14411479181962425,0.4485550281510493,0,-0.0023265197065814756,-0.002612744284164664,-0.0028317017430936897,-0.0014009069663169782,0.0014307947767767115,5,0,0,False,-0.0006311540682995831,-0.0005500191138894106,-0.0014505799991299806,0.00012476798380500753,0.0015753479829349881,4,0,1,True
2026092811,mert_v1,unweighted,0.5,isotonic,5,0.1509312580860734,0.9166975985245177,0,0.00448994655986768,0.0039075359338908155,0.002292117042045877,0.006936195504011811,0.004644078461965934,0,0,5,False,0.006185312198149573,0.006112813045723364,0.0037610500442026573,0.008195914325456966,0.004434864281254308,0,0,5,False
2026092811,mert_v1,unweighted,0.5,platt,5,0.14474594588792383,0.4515262986285188,0,-0.0016953656382818927,-0.0014689330021567804,-0.0027628293212375865,-0.0008508878524275676,0.001911941468810019,5,0,0,False,0.0,0.0,0.0,0.0,0.0,0,5,0,False
2026092811,mert_v1,unweighted,0.5,prior_offset,5,0.14644131152620574,0.45443059228546234,0,0.0,0.0,0.0,0.0,0.0,0,5,0,False,0.0016953656382818927,0.0014689330021567804,0.0008508878524275676,0.0027628293212375865,0.001911941468810019,0,0,5,False
2026092811,mert_v1,unweighted,0.5,raw,5,0.14644131152620574,0.45443059228546234,0,0.0,0.0,0.0,0.0,0.0,0,5,0,False,0.0016953656382818927,0.0014689330021567804,0.0008508878524275676,0.0027628293212375865,0.001911941468810019,0,0,5,False
2026092811,mert_v1,unweighted,0.5,ridge_platt,5,0.14413837139097896,0.4485080841487809,0,-0.002302940135226789,-0.0028154916484453008,-0.00360016442646513,-0.0004929900993684011,0.003107174327096729,5,0,0,False,-0.000607574496944896,-0.0005834779178924554,-0.0021312314243083497,0.0006691741856662825,0.002800405609974632,4,0,1,True
2026092811,mert_v1,unweighted,0.5,temperature,5,0.14665313205954716,0.4543168330241122,0,0.0002118205333414336,0.00030121623840617673,-0.000917765243369506,0.0011996961395570327,0.0021174613829265387,2,0,3,True,0.0019071861716233262,0.002098141332047776,0.00039086633752793976,0.0030640455596437632,0.0026731792221158235,0,0,5,False
2026092811,mert_v1,unweighted,1.0,beta,1,0.14256737383073703,0.44264824368586514,0,-0.0038739376954687044,-0.0038739376954687044,-0.0038739376954687044,-0.0038739376954687044,0.0,1,0,0,False,-0.0006086283348875343,-0.0006086283348875343,-0.0006086283348875343,-0.0006086283348875343,0.0,1,0,0,False
2026092811,mert_v1,unweighted,1.0,isotonic,1,0.1471424040327402,0.6253648142423487,0,0.0007010925065344675,0.0007010925065344675,0.0007010925065344675,0.0007010925065344675,0.0,0,0,1,False,0.003966401867115638,0.003966401867115638,0.003966401867115638,0.003966401867115638,0.0,0,0,1,False
2026092811,mert_v1,unweighted,1.0,platt,1,0.14317600216562457,0.44614833341244675,0,-0.00326530936058117,-0.00326530936058117,-0.00326530936058117,-0.00326530936058117,0.0,1,0,0,False,0.0,0.0,0.0,0.0,0.0,0,1,0,False
2026092811,mert_v1,unweighted,1.0,prior_offset,1,0.14644131152620574,0.45443059228546234,0,0.0,0.0,0.0,0.0,0.0,0,1,0,False,0.00326530936058117,0.00326530936058117,0.00326530936058117,0.00326530936058117,0.0,0,0,1,False
2026092811,mert_v1,unweighted,1.0,raw,1,0.14644131152620574,0.45443059228546234,0,0.0,0.0,0.0,0.0,0.0,0,1,0,False,0.00326530936058117,0.00326530936058117,0.00326530936058117,0.00326530936058117,0.0,0,0,1,False
2026092811,mert_v1,unweighted,1.0,ridge_platt,1,0.1427938639026329,0.44393842424364743,0,-0.0036474476235728304,-0.0036474476235728304,-0.0036474476235728304,-0.0036474476235728304,0.0,1,0,0,False,-0.0003821382629916603,-0.0003821382629916603,-0.0003821382629916603,-0.0003821382629916603,0.0,1,0,0,False
2026092811,mert_v1,unweighted,1.0,temperature,1,0.14560687274923254,0.45038531068999454,0,-0.0008344387769732009,-0.0008344387769732009,-0.0008344387769732009,-0.0008344387769732009,0.0,1,0,0,False,0.002430870583607969,0.002430870583607969,0.002430870583607969,0.002430870583607969,0.0,0,0,1,False
2026092812,maest,ambient_balanced,0.25,beta,5,0.14299237687966557,0.4964160459914043,0,-0.0007097695378176117,0.0011642547901998812,-0.008940936086810652,0.010091384617414573,0.019032320704225225,2,0,3,True,0.003081588302720778,0.0021769427897760374,0.001204118216901473,0.005572916121857174,0.004368797904955701,0,0,5,False
2026092812,maest,ambient_balanced,0.25,isotonic,5,0.15002442842186903,1.5854560344968016,0,0.006322282004385826,0.004786746369076278,-0.003286612232329428,0.025339300614397292,0.02862591284672672,2,0,3,True,0.010113639844924216,0.009195407700733571,0.005835599106279565,0.019841785465012973,0.014006186358733408,0,0,5,False
2026092812,maest,ambient_balanced,0.25,platt,5,0.13991078857694478,0.4483447029659559,0,-0.0037913578405383897,-0.004408661331657293,-0.01111787887658669,0.005497515149384319,0.01661539402597101,3,0,2,True,0.0,0.0,0.0,0.0,0.0,0,5,0,False
2026092812,maest,ambient_balanced,0.25,prior_offset,5,0.13241893127695004,0.4215660013014773,0,-0.011283215140533154,-0.011283215140533154,-0.011283215140533154,-0.011283215140533154,0.0,5,0,0,False,-0.0074918572999947645,-0.006874553808875861,-0.016780730289917473,-0.00016533626394646395,0.01661539402597101,5,0,0,False
2026092812,maest,ambient_balanced,0.25,raw,5,0.1437021464174832,0.4450674608891519,0,0.0,0.0,0.0,0.0,0.0,0,5,0,False,0.0037913578405383897,0.004408661331657293,-0.005497515149384319,0.01111787887658669,0.01661539402597101,2,0,3,True
2026092812,maest,ambient_balanced,0.25,ridge_platt,5,0.13754532332992872,0.4319900897903427,0,-0.006156823087554475,-0.007402799661653525,-0.012750093790736078,-0.0004751488408094584,0.01227494494992662,5,0,0,False,-0.0023654652470160853,-0.001632214914149388,-0.008092774774215716,0.0021541822848132886,0.010246957059029005,4,0,1,True
2026092812,maest,ambient_balanced,0.25,temperature,5,0.14762674868044376,0.46105169683634883,0,0.0039246022629605744,0.004723896503999875,-0.00016771718431776717,0.008285366400049288,0.008453083584367055,1,0,4,True,0.007715960103498965,0.009605314996722458,-0.003912703219378005,0.014438892308555079,0.018351595527933084,1,0,4,True
2026092812,maest,ambient_balanced,0.5,beta,5,0.13811827077712696,0.45120507713043045,0,-0.005583875640356212,-0.005712996985824975,-0.00781410194510973,-0.00399998680711941,0.0038141151379903204,5,0,0,False,0.0038762539118913754,0.0038111420451913125,0.0029015163473521954,0.0050722001579782405,0.002170683810626045,0,0,5,False
2026092812,maest,ambient_balanced,0.5,isotonic,5,0.1440629316144874,1.0959526903744166,0,0.0003607851970042153,-0.0006989444359422614,-0.0033936873586931093,0.005458615293214425,0.008852302651907534,3,0,2,True,0.009820914749251803,0.008926332452308117,0.0073219309337688165,0.014689513235711188,0.007367582301942371,0,0,5,False
2026092812,maest,ambient_balanced,0.5,platt,5,0.13424201686523562,0.42813991960537184,0,-0.009460129552247587,-0.009625276888250378,-0.010715618292461926,-0.0078111288523107225,0.0029044894401512034,5,0,0,False,0.0,0.0,0.0,0.0,0.0,0,5,0,False
2026092812,maest,ambient_balanced,0.5,prior_offset,5,0.13241893127695004,0.4215660013014773,0,-0.011283215140533154,-0.011283215140533154,-0.011283215140533154,-0.011283215140533154,0.0,5,0,0,False,-0.0018230855882855669,-0.0016579382522827757,-0.0034720862882224313,-0.0005675968480712279,0.0029044894401512034,5,0,0,False
2026092812,maest,ambient_balanced,0.5,raw,5,0.1437021464174832,0.4450674608891519,0,0.0,0.0,0.0,0.0,0.0,0,5,0,False,0.009460129552247587,0.009625276888250378,0.0078111288523107225,0.010715618292461926,0.0029044894401512034,0,0,5,False
2026092812,maest,ambient_balanced,0.5,ridge_platt,5,0.1358011049020265,0.4278850639002865,0,-0.007901041515456708,-0.009207151189892349,-0.011726553922405514,-0.004258980645844179,0.0074675732765613345,5,0,0,False,0.0015590880367908789,0.0015084671025695773,-0.0021012770341551357,0.004971917296652584,0.007073194330807719,1,0,4,True
2026092812,maest,ambient_balanced,0.5,temperature,5,0.14482291971399047,0.4514109261327711,0,0.0011207732965072882,0.00029724004923437075,-9.355293806703746e-05,0.003515524532716585,0.0036090774707836226,1,0,4,True,0.010580902848754875,0.010622065354394888,0.00933302341239542,0.011700255154472011,0.002367231742076592,0,0,5,False
2026092812,maest,ambient_balanced,1.0,beta,1,0.13564441194534566,0.43712120803439575,0,-0.008057734472137534,-0.008057734472137534,-0.008057734472137534,-0.008057734472137534,0.0,1,0,0,False,0.003271051120889934,0.003271051120889934,0.003271051120889934,0.003271051120889934,0.0,0,0,1,False
2026092812,maest,ambient_balanced,1.0,isotonic,1,0.1406071355596169,0.988497392097373,0,-0.003095010857866287,-0.003095010857866287,-0.003095010857866287,-0.003095010857866287,0.0,1,0,0,False,0.008233774735161181,0.008233774735161181,0.008233774735161181,0.008233774735161181,0.0,0,0,1,False
2026092812,maest,ambient_balanced,1.0,platt,1,0.13237336082445572,0.4202594533101359,0,-0.011328785593027468,-0.011328785593027468,-0.011328785593027468,-0.011328785593027468,0.0,1,0,0,False,0.0,0.0,0.0,0.0,0.0,0,1,0,False
2026092812,maest,ambient_balanced,1.0,prior_offset,1,0.13241893127695004,0.4215660013014773,0,-0.011283215140533154,-0.011283215140533154,-0.011283215140533154,-0.011283215140533154,0.0,1,0,0,False,4.557045249431457e-05,4.557045249431457e-05,4.557045249431457e-05,4.557045249431457e-05,0.0,0,0,1,False
2026092812,maest,ambient_balanced,1.0,raw,1,0.1437021464174832,0.4450674608891519,0,0.0,0.0,0.0,0.0,0.0,0,1,0,False,0.011328785593027468,0.011328785593027468,0.011328785593027468,0.011328785593027468,0.0,0,0,1,False
2026092812,maest,ambient_balanced,1.0,ridge_platt,1,0.13280150752209352,0.42155010597441955,0,-0.01090063889538967,-0.01090063889538967,-0.01090063889538967,-0.01090063889538967,0.0,1,0,0,False,0.000428146697637799,0.000428146697637799,0.000428146697637799,0.000428146697637799,0.0,0,0,1,False
2026092812,maest,ambient_balanced,1.0,temperature,1,0.14436653910417777,0.44601781408692115,0,0.000664392686694576,0.000664392686694576,0.000664392686694576,0.000664392686694576,0.0,0,0,1,False,0.011993178279722044,0.011993178279722044,0.011993178279722044,0.011993178279722044,0.0,0,0,1,False
2026092812,maest,unweighted,0.25,beta,5,0.1426997075390493,0.49561720237266405,0,0.01031539496229521,0.011957134958691301,0.002130754497735088,0.021185827180618455,0.019055072682883367,0,0,5,False,0.003033234163226972,0.0021437644047339333,0.000868362607148232,0.005575559348931863,0.004707196741783631,0,0,5,False
2026092812,maest,unweighted,0.25,isotonic,5,0.15016305192403784,1.606278193217506,0,0.017778739347283756,0.016599564087795393,0.008016583866355231,0.036260807381689936,0.028244223515334704,0,0,5,False,0.010496578548215518,0.008029593773354077,0.006864132980729631,0.019686776722141863,0.012822643741412232,0,0,5,False
2026092812,maest,unweighted,0.25,platt,5,0.1396664733758223,0.44734413134966555,0,0.007282160799068238,0.006381575609759438,-1.300990699884541e-05,0.016574030659548072,0.016587040566546918,1,0,4,True,0.0,0.0,0.0,0.0,0.0,0,5,0,False
2026092812,maest,unweighted,0.25,prior_offset,5,0.13238431257675407,0.4197813590021194,0,0.0,0.0,0.0,0.0,0.0,0,5,0,False,-0.007282160799068238,-0.006381575609759438,-0.016574030659548072,1.300990699884541e-05,0.016587040566546918,4,0,1,True
2026092812,maest,unweighted,0.25,raw,5,0.13238431257675407,0.4197813590021194,0,0.0,0.0,0.0,0.0,0.0,0,5,0,False,-0.007282160799068238,-0.006381575609759438,-0.016574030659548072,1.300990699884541e-05,0.016587040566546918,4,0,1,True
2026092812,maest,unweighted,0.25,ridge_platt,5,0.13325256987904294,0.4212386309002286,0,0.0008682573022888995,0.00015663246113195584,-0.0004886159832981907,0.003558520856191544,0.0040471368394897345,2,0,3,True,-0.0064139034967793385,-0.0064697261993356125,-0.013015509803356529,-0.00047560607629934526,0.012539903727057183,5,0,0,False
2026092812,maest,unweighted,0.25,temperature,5,0.13603176166883693,0.4360535903686702,0,0.003647449092082866,0.0042914059010191186,0.0005442930690894299,0.007973413339682878,0.007429120270593448,0,0,5,False,-0.003634711706985372,-0.0020901697087403193,-0.015913601276805217,0.003276851816067211,0.019190453092872428,3,0,2,True
2026092812,maest,unweighted,0.5,beta,5,0.1380855655372463,0.45167180888388864,0,0.005701252960492231,0.005706040629193471,0.0038172818481830018,0.007391509665986978,0.0035742278178039766,0,0,5,False,0.003883484037076257,0.0039240267391629224,0.003153093080515229,0.004826744297578539,0.00167365121706331,0,0,5,False
2026092812,maest,unweighted,0.5,isotonic,5,0.14434295565899974,1.122152511436607,0,0.011958643082245674,0.01068967511917493,0.008450021852565187,0.016758037424790262,0.008308015572225075,0,0,5,False,0.010140874158829699,0.009277013637247866,0.0077858330848974144,0.014865821288665482,0.007079988203768067,0,0,5,False
2026092812,maest,unweighted,0.5,platt,5,0.13420208150017005,0.4281218577657745,0,0.0018177689234159743,0.0016805409823442974,0.0006641887676677727,0.003467482926824056,0.002803294159156283,0,0,5,False,0.0,0.0,0.0,0.0,0.0,0,5,0,False
2026092812,maest,unweighted,0.5,prior_offset,5,0.13238431257675407,0.4197813590021194,0,0.0,0.0,0.0,0.0,0.0,0,5,0,False,-0.0018177689234159743,-0.0016805409823442974,-0.003467482926824056,-0.0006641887676677727,0.002803294159156283,5,0,0,False
2026092812,maest,unweighted,0.5,raw,5,0.13238431257675407,0.4197813590021194,0,0.0,0.0,0.0,0.0,0.0,0,5,0,False,-0.0018177689234159743,-0.0016805409823442974,-0.003467482926824056,-0.0006641887676677727,0.002803294159156283,5,0,0,False
2026092812,maest,unweighted,0.5,ridge_platt,5,0.13291025884175983,0.4219163169190511,0,0.0005259462650057667,0.0,-4.2327438063566314e-05,0.002636930145658606,0.002679257583722172,1,2,2,True,-0.0012918226584102076,-0.0016805409823442974,-0.003509810364887622,0.001972741377990833,0.005482551742878455,4,0,1,True
2026092812,maest,unweighted,0.5,temperature,5,0.1332794570106171,0.4254638189009932,0,0.0008951444338630322,0.000387803876663817,5.960397725079947e-05,0.0023961284472147903,0.002336524469963991,0,0,5,False,-0.0009226244895529423,-0.0010713544796092656,-0.0018326121588739808,-5.5213293253808526e-05,0.0017773988656201722,5,0,0,False
2026092812,maest,unweighted,1.0,beta,1,0.1356298656727937,0.43711384882350296,0,0.003245553096039633,0.003245553096039633,0.003245553096039633,0.003245553096039633,0.0,0,0,1,False,0.0032649226689630273,0.0032649226689630273,0.0032649226689630273,0.0032649226689630273,0.0,0,0,1,False
2026092812,maest,unweighted,1.0,isotonic,1,0.14093765198842134,0.9571050023169885,0,0.008553339411667277,0.008553339411667277,0.008553339411667277,0.008553339411667277,0.0,0,0,1,False,0.008572708984590671,0.008572708984590671,0.008572708984590671,0.008572708984590671,0.0,0,0,1,False
2026092812,maest,unweighted,1.0,platt,1,0.13236494300383067,0.42032723786807014,0,-1.9369572923394474e-05,-1.9369572923394474e-05,-1.9369572923394474e-05,-1.9369572923394474e-05,0.0,1,0,0,False,0.0,0.0,0.0,0.0,0.0,0,1,0,False
2026092812,maest,unweighted,1.0,prior_offset,1,0.13238431257675407,0.4197813590021194,0,0.0,0.0,0.0,0.0,0.0,0,1,0,False,1.9369572923394474e-05,1.9369572923394474e-05,1.9369572923394474e-05,1.9369572923394474e-05,0.0,0,0,1,False
2026092812,maest,unweighted,1.0,raw,1,0.13238431257675407,0.4197813590021194,0,0.0,0.0,0.0,0.0,0.0,0,1,0,False,1.9369572923394474e-05,1.9369572923394474e-05,1.9369572923394474e-05,1.9369572923394474e-05,0.0,0,0,1,False
2026092812,maest,unweighted,1.0,ridge_platt,1,0.13244850760063995,0.42034351537279757,0,6.419502388588239e-05,6.419502388588239e-05,6.419502388588239e-05,6.419502388588239e-05,0.0,0,0,1,False,8.356459680927686e-05,8.356459680927686e-05,8.356459680927686e-05,8.356459680927686e-05,0.0,0,0,1,False
2026092812,maest,unweighted,1.0,temperature,1,0.13272450900508342,0.42064269826214346,0,0.00034019642832935904,0.00034019642832935904,0.00034019642832935904,0.00034019642832935904,0.0,0,0,1,False,0.0003595660012527535,0.0003595660012527535,0.0003595660012527535,0.0003595660012527535,0.0,0,0,1,False
2026092812,mert_v0,ambient_balanced,0.25,beta,5,0.14024284990168706,0.4516094789197866,0,-0.011860072086543943,-0.013991023669169128,-0.019164512002353834,-0.0030085134804323788,0.016155998521921455,5,0,0,False,-0.0004491659977083395,-0.0005656926548516517,-0.0034661696090678706,0.0025931972328528397,0.00605936684192071,4,0,1,True
2026092812,mert_v0,ambient_balanced,0.25,isotonic,5,0.14815138798886013,0.8764083925619515,0,-0.003951533999370899,-0.006712047552007355,-0.015522420766685363,0.008596213466829816,0.02411863423351518,3,0,2,True,0.007459372089464705,0.00657289054903365,0.0005594219751013374,0.017215975992357108,0.01665655401725577,0,0,5,False
2026092812,mert_v0,ambient_balanced,0.25,platt,5,0.14069201589939542,0.44886692779367915,0,-0.011410906088835604,-0.01370938379776207,-0.018598819347502182,0.0004576561286354919,0.019056475476137674,4,0,1,True,0.0,0.0,0.0,0.0,0.0,0,5,0,False
2026092812,mert_v0,ambient_balanced,0.25,prior_offset,5,0.13700452802137003,0.4350864221922158,0,-0.015098393966860996,-0.015098393966860996,-0.015098393966860996,-0.015098393966860996,0.0,5,0,0,False,-0.0036874878780253917,-0.0013890101690989254,-0.015556050095496488,0.0035004253806411867,0.019056475476137674,3,0,2,True
2026092812,mert_v0,ambient_balanced,0.25,raw,5,0.15210292198823103,0.46987990090253395,0,0.0,0.0,0.0,0.0,0.0,0,5,0,False,0.011410906088835604,0.01370938379776207,-0.0004576561286354919,0.018598819347502182,0.019056475476137674,1,0,4,True
2026092812,mert_v0,ambient_balanced,0.25,ridge_platt,5,0.14010582867257312,0.442814261818486,0,-0.011997093315657893,-0.013796080471477568,-0.015044020755186627,-0.0038976046885871862,0.01114641606659944,5,0,0,False,-0.0005861872268222879,-0.0012734708968845376,-0.004355260817222678,0.0035547985923155556,0.007910059409538234,3,0,2,True
2026092812,mert_v0,ambient_balanced,0.25,temperature,5,0.15461308971412804,0.478608383367784,0,0.0025101677258970003,0.0009691083814123147,0.0001724562400021723,0.009429599620066648,0.009257143380064475,0,0,5,False,0.013921073814732603,0.014883781607702956,0.008971943491431156,0.018771275587504355,0.009799332096073199,0,0,5,False
2026092812,mert_v0,ambient_balanced,0.5,beta,5,0.1367531014021235,0.4371308337008767,0,-0.015349820586107543,-0.01625535784577853,-0.017436035706721198,-0.011988757897335611,0.005447277809385587,5,0,0,False,0.00014797805527069774,0.00021728384336638928,-0.0005735045220378043,0.000679592525463707,0.0012530970475015113,1,0,4,True
2026092812,mert_v0,ambient_balanced,0.5,isotonic,5,0.14120893822707942,0.6471984958369766,0,-0.0108939837611516,-0.011360607460521144,-0.015109723514260848,-0.00716814764467627,0.007941575869584577,5,0,0,False,0.004603814880226642,0.0033296266806746577,0.002210187846691025,0.009694383540007123,0.007484195693316098,0,0,5,False
2026092812,mert_v0,ambient_balanced,0.5,platt,5,0.1366051233468528,0.43582097184130636,0,-0.01549779864137824,-0.016438603644620492,-0.017816603663921904,-0.012222030528054845,0.005594573135867059,5,0,0,False,0.0,0.0,0.0,0.0,0.0,0,5,0,False
2026092812,mert_v0,ambient_balanced,0.5,prior_offset,5,0.13700452802137003,0.4350864221922158,0,-0.015098393966860996,-0.015098393966860996,-0.015098393966860996,-0.015098393966860996,0.0,5,0,0,False,0.00039940467451724524,0.0013402096777594963,-0.002876363438806151,0.002718209697060908,0.005594573135867059,2,0,3,True
2026092812,mert_v0,ambient_balanced,0.5,raw,5,0.15210292198823103,0.46987990090253395,0,0.0,0.0,0.0,0.0,0.0,0,5,0,False,0.01549779864137824,0.016438603644620492,0.012222030528054845,0.017816603663921904,0.005594573135867059,0,0,5,False
2026092812,mert_v0,ambient_balanced,0.5,ridge_platt,5,0.13934568697499217,0.4403697684212095,0,-0.01275723501323887,-0.01297879156802928,-0.015078172258573996,-0.008039660433944384,0.007038511824629612,5,0,0,False,0.0027405636281393696,0.0027384314053479075,-0.0027346359697641154,0.00882287075073901,0.011557506720503125,1,0,4,True
2026092812,mert_v0,ambient_balanced,0.5,temperature,5,0.1523309629864618,0.4705875360256556,0,0.00022804099823075518,-0.000337852966045743,-0.0006301836638633873,0.001690166184286912,0.0023203498481502993,3,0,2,True,0.015725839639608996,0.01652467821863765,0.011789137499893187,0.017289572109558143,0.005500434609664956,0,0,5,False
2026092812,mert_v0,ambient_balanced,1.0,beta,1,0.13521498255421543,0.43198883247827213,0,-0.016887939434015592,-0.016887939434015592,-0.016887939434015592,-0.016887939434015592,0.0,1,0,0,False,0.00014095843231179406,0.00014095843231179406,0.00014095843231179406,0.00014095843231179406,0.0,0,0,1,False
2026092812,mert_v0,ambient_balanced,1.0,isotonic,1,0.13908951685810783,0.6301828778642603,0,-0.013013405130123196,-0.013013405130123196,-0.013013405130123196,-0.013013405130123196,0.0,1,0,0,False,0.00401549273620419,0.00401549273620419,0.00401549273620419,0.00401549273620419,0.0,0,0,1,False
2026092812,mert_v0,ambient_balanced,1.0,platt,1,0.13507402412190364,0.43156701302348965,0,-0.017028897866327386,-0.017028897866327386,-0.017028897866327386,-0.017028897866327386,0.0,1,0,0,False,0.0,0.0,0.0,0.0,0.0,0,1,0,False
2026092812,mert_v0,ambient_balanced,1.0,prior_offset,1,0.13700452802137003,0.4350864221922159,0,-0.015098393966860996,-0.015098393966860996,-0.015098393966860996,-0.015098393966860996,0.0,1,0,0,False,0.0019305038994663903,0.0019305038994663903,0.0019305038994663903,0.0019305038994663903,0.0,0,0,1,False
2026092812,mert_v0,ambient_balanced,1.0,raw,1,0.15210292198823103,0.469879900902534,0,0.0,0.0,0.0,0.0,0.0,0,1,0,False,0.017028897866327386,0.017028897866327386,0.017028897866327386,0.017028897866327386,0.0,0,0,1,False
2026092812,mert_v0,ambient_balanced,1.0,ridge_platt,1,0.13539821410430644,0.4329018509228123,0,-0.016704707883924585,-0.016704707883924585,-0.016704707883924585,-0.016704707883924585,0.0,1,0,0,False,0.0003241899824028005,0.0003241899824028005,0.0003241899824028005,0.0003241899824028005,0.0,0,0,1,False
2026092812,mert_v0,ambient_balanced,1.0,temperature,1,0.1518540258751741,0.4682951384288585,0,-0.0002488961130569234,-0.0002488961130569234,-0.0002488961130569234,-0.0002488961130569234,0.0,1,0,0,False,0.016780001753270463,0.016780001753270463,0.016780001753270463,0.016780001753270463,0.0,0,0,1,False
2026092812,mert_v0,unweighted,0.25,beta,5,0.14036217792139,0.4514148500469686,0,0.003375879599530951,0.0013941447979697874,-0.00409069118421837,0.01264999225255145,0.01674068343676982,1,0,4,True,-0.00043188988381168136,-0.0005948118421822968,-0.0031160463131570393,0.002594711291603241,0.00571075760476028,4,0,1,True
2026092812,mert_v0,unweighted,0.25,isotonic,5,0.1491456023153121,0.8861304210293536,0,0.012159303993453075,0.011126996443071857,-0.0006266349708785868,0.02479767519030973,0.025424310161188318,1,0,4,True,0.008351534510110442,0.007624809879809846,0.0007819714018979795,0.018154083960981587,0.017372112559083608,0,0,5,False
2026092812,mert_v0,unweighted,0.25,platt,5,0.14079406780520165,0.44887945192100964,0,0.0038077694833426323,0.0013256634573460546,-0.0034958793420360734,0.01576603856570849,0.019261917907744563,2,0,3,True,0.0,0.0,0.0,0.0,0.0,0,5,0,False
2026092812,mert_v0,unweighted,0.25,prior_offset,5,0.13698629832185902,0.43478432761711805,0,0.0,0.0,0.0,0.0,0.0,0,5,0,False,-0.0038077694833426323,-0.0013256634573460546,-0.01576603856570849,0.0034958793420360734,0.019261917907744563,3,0,2,True
2026092812,mert_v0,unweighted,0.25,raw,5,0.13698629832185902,0.43478432761711805,0,0.0,0.0,0.0,0.0,0.0,0,5,0,False,-0.0038077694833426323,-0.0013256634573460546,-0.01576603856570849,0.0034958793420360734,0.019261917907744563,3,0,2,True
2026092812,mert_v0,unweighted,0.25,ridge_platt,5,0.13741064694140567,0.43633815979665125,0,0.00042434861954666057,6.899941612628635e-05,-0.0035296128554460904,0.005662398198082175,0.009192011053528265,2,0,3,True,-0.0033834208637959716,-0.001817126255822643,-0.010103640367626315,-3.373351341001696e-05,0.010069906854216298,5,0,0,False
2026092812,mert_v0,unweighted,0.25,temperature,5,0.13948535796325043,0.4449629069377524,0,0.0024990596413914158,0.0011901962725464343,5.84958965479665e-05,0.009261654794848806,0.00920315889830084,0,0,5,False,-0.0013087098419512166,0.00045262674345336595,-0.006504383770859684,0.00355437523858404,0.010058759009443724,2,0,3,True
2026092812,mert_v0,unweighted,0.5,beta,5,0.1368897609440632,0.4373993226417635,0,-9.65373777958467e-05,-0.0012191041838593986,-0.0022616206004244244,0.003239326917273938,0.005500947517698362,3,0,2,True,0.00014172268006095167,0.00018277979076813944,-0.0005351319931023724,0.000725989669350835,0.0012611216624532073,1,0,4,True
2026092812,mert_v0,unweighted,0.5,isotonic,5,0.14222103085909668,0.6748012167748735,0,0.0052347325372376794,0.004129952062167985,0.0035108684605600904,0.008221244060546168,0.0047103755999860775,0,0,5,False,0.005472992595094478,0.005453678712886073,0.002199021013245789,0.00994773266786822,0.007748711654622431,0,0,5,False
2026092812,mert_v0,unweighted,0.5,platt,5,0.13674803826400223,0.4360305939702854,0,-0.00023826005785679838,-0.0013237266507180878,-0.002462141580246019,0.003008973450844471,0.00547111503109049,3,0,2,True,0.0,0.0,0.0,0.0,0.0,0,5,0,False
2026092812,mert_v0,unweighted,0.5,prior_offset,5,0.13698629832185902,0.43478432761711805,0,0.0,0.0,0.0,0.0,0.0,0,5,0,False,0.00023826005785679838,0.0013237266507180878,-0.003008973450844471,0.002462141580246019,0.00547111503109049,2,0,3,True
2026092812,mert_v0,unweighted,0.5,raw,5,0.13698629832185902,0.43478432761711805,0,0.0,0.0,0.0,0.0,0.0,0,5,0,False,0.00023826005785679838,0.0013237266507180878,-0.003008973450844471,0.002462141580246019,0.00547111503109049,2,0,3,True
2026092812,mert_v0,unweighted,0.5,ridge_platt,5,0.13735893525069998,0.4357090065883044,0,0.00037263692884096923,0.0,-0.0006029036542485877,0.0025034416434392692,0.003106345297687857,2,2,1,True,0.0006108969866977676,0.001726488607322052,-0.0030463267958303064,0.003827168294157357,0.0068734950899876635,2,0,3,True
2026092812,mert_v0,unweighted,0.5,temperature,5,0.13697200099364434,0.43564713196130833,0,-1.4297328214679661e-05,-0.00032606023359976755,-0.0007229383534891054,0.0008134865100454247,0.0015364248635345301,3,0,2,True,0.00022396272964211872,0.0014004283737222845,-0.0035190322762627957,0.0021372131607635125,0.005656245437026308,2,0,3,True
2026092812,mert_v0,unweighted,1.0,beta,1,0.13537294352972318,0.4322655345625554,0,-0.0016133547921358404,-0.0016133547921358404,-0.0016133547921358404,-0.0016133547921358404,0.0,1,0,0,False,0.00011682570953486238,0.00011682570953486238,0.00011682570953486238,0.00011682570953486238,0.0,0,0,1,False
2026092812,mert_v0,unweighted,1.0,isotonic,1,0.13935966664398539,0.629868426670818,0,0.002373368322126368,0.002373368322126368,0.002373368322126368,0.002373368322126368,0.0,0,0,1,False,0.004103548823797071,0.004103548823797071,0.004103548823797071,0.004103548823797071,0.0,0,0,1,False
2026092812,mert_v0,unweighted,1.0,platt,1,0.13525611782018832,0.4318070582443575,0,-0.0017301805016707028,-0.0017301805016707028,-0.0017301805016707028,-0.0017301805016707028,0.0,1,0,0,False,0.0,0.0,0.0,0.0,0.0,0,1,0,False
2026092812,mert_v0,unweighted,1.0,prior_offset,1,0.13698629832185902,0.434784327617118,0,0.0,0.0,0.0,0.0,0.0,0,1,0,False,0.0017301805016707028,0.0017301805016707028,0.0017301805016707028,0.0017301805016707028,0.0,0,0,1,False
2026092812,mert_v0,unweighted,1.0,raw,1,0.13698629832185902,0.434784327617118,0,0.0,0.0,0.0,0.0,0.0,0,1,0,False,0.0017301805016707028,0.0017301805016707028,0.0017301805016707028,0.0017301805016707028,0.0,0,0,1,False
2026092812,mert_v0,unweighted,1.0,ridge_platt,1,0.1352866665315996,0.4323477125081575,0,-0.0016996317902594205,-0.0016996317902594205,-0.0016996317902594205,-0.0016996317902594205,0.0,1,0,0,False,3.054871141128235e-05,3.054871141128235e-05,3.054871141128235e-05,3.054871141128235e-05,0.0,0,0,1,False
2026092812,mert_v0,unweighted,1.0,temperature,1,0.1366738555982141,0.4341584227712964,0,-0.0003124427236449179,-0.0003124427236449179,-0.0003124427236449179,-0.0003124427236449179,0.0,1,0,0,False,0.001417737778025785,0.001417737778025785,0.001417737778025785,0.001417737778025785,0.0,0,0,1,False
2026092812,mert_v1,ambient_balanced,0.25,beta,5,0.1447918138430395,0.466541520821221,0,-0.011300892152111153,-0.013154474544598171,-0.018640765138932397,-0.002401291084445395,0.016239474054487002,5,0,0,False,3.5008640914807596e-05,0.0004382502739091465,-0.0033962606372509307,0.0034748997727139797,0.00687116040996491,2,0,3,True
2026092812,mert_v1,ambient_balanced,0.25,isotonic,5,0.15131585907901549,1.1720592766042324,0,-0.00477684691613518,-0.0026709768034074988,-0.01703029215492949,0.005132123950400996,0.022162416105330485,3,0,2,True,0.00655905387689078,0.003220433090423719,0.0016393082232994127,0.013958397513904652,0.01231908929060524,0,0,5,False
2026092812,mert_v1,ambient_balanced,0.25,platt,5,0.1447568052021247,0.46013212638783846,0,-0.01133590079302596,-0.015169800439268577,-0.019094613356022805,0.0009949695528055358,0.02008958290882834,4,0,1,True,0.0,0.0,0.0,0.0,0.0,0,5,0,False
2026092812,mert_v1,ambient_balanced,0.25,prior_offset,5,0.1395726554230801,0.44262768222390036,0,-0.016520050572070566,-0.016520050572070566,-0.016520050572070566,-0.016520050572070566,0.0,5,0,0,False,-0.005184149779044606,-0.001350250132801989,-0.0175150201248761,0.002574562783952239,0.02008958290882834,3,0,2,True
2026092812,mert_v1,ambient_balanced,0.25,raw,5,0.15609270599515065,0.4783579747116902,0,0.0,0.0,0.0,0.0,0.0,0,5,0,False,0.01133590079302596,0.015169800439268577,-0.0009949695528055358,0.019094613356022805,0.02008958290882834,1,0,4,True
2026092812,mert_v1,ambient_balanced,0.25,ridge_platt,5,0.1425973969573324,0.44926303803671175,0,-0.01349530903781826,-0.013566051615311048,-0.020507597809568262,-0.003915379558747267,0.016592218250820995,5,0,0,False,-0.002159408244792299,-0.001842448116236628,-0.0056945822446277106,0.0030633227020011033,0.008757904946628814,4,0,1,True
2026092812,mert_v1,ambient_balanced,0.25,temperature,5,0.15911924634054472,0.4895212397056218,0,0.00302654034539408,0.0015560862981737478,1.8563877576649457e-05,0.01049630750073896,0.010477743623162311,0,0,5,False,0.01436244113842004,0.016725886737442325,0.008793908528010347,0.019113177233599454,0.010319268705589107,0,0,5,False
2026092812,mert_v1,ambient_balanced,0.5,beta,5,0.13984670585096898,0.44671307663112997,0,-0.01624600014418171,-0.01643954513753859,-0.017314781463809964,-0.015156610450084873,0.002158171013725091,5,0,0,False,-0.00010876439604584064,-0.000515956945166679,-0.0009083869943380674,0.0010149687011155872,0.0019233556954536546,3,0,2,True
2026092812,mert_v1,ambient_balanced,0.5,isotonic,5,0.14227932576293273,0.6532476598254658,0,-0.013813380232217903,-0.013655940633465258,-0.017030507776026493,-0.01090729491492004,0.006123212861106453,5,0,0,False,0.0023238555159179664,0.0011319963161411373,-0.00026609967043886296,0.005129887005815931,0.005395986676254794,1,0,4,True
2026092812,mert_v1,ambient_balanced,0.5,platt,5,0.13995547024701477,0.44577468155027916,0,-0.01613723574813587,-0.015531158143200524,-0.018030138475817636,-0.014398475481953138,0.0036316629938644984,5,0,0,False,0.0,0.0,0.0,0.0,0.0,0,5,0,False
2026092812,mert_v1,ambient_balanced,0.5,prior_offset,5,0.1395726554230801,0.44262768222390036,0,-0.016520050572070566,-0.016520050572070566,-0.016520050572070566,-0.016520050572070566,0.0,5,0,0,False,-0.0003828148239346962,-0.0009888924288700418,-0.002121575090117428,0.0015100879037470705,0.0036316629938644984,3,0,2,True
2026092812,mert_v1,ambient_balanced,0.5,raw,5,0.15609270599515065,0.4783579747116902,0,0.0,0.0,0.0,0.0,0.0,0,5,0,False,0.01613723574813587,0.015531158143200524,0.014398475481953138,0.018030138475817636,0.0036316629938644984,0,0,5,False
2026092812,mert_v1,ambient_balanced,0.5,ridge_platt,5,0.14197033712348062,0.44752843463508407,0,-0.014122368871670038,-0.015613897282888173,-0.016825574046149594,-0.007947304261444715,0.008878269784704879,5,0,0,False,0.002014866876465832,0.002193436044513497,-0.002427098564196456,0.007583853881755809,0.010010952445952265,1,0,4,True
2026092812,mert_v1,ambient_balanced,0.5,temperature,5,0.15656818480557597,0.4811175509685201,0,0.00047547881042530606,0.0003252991349455281,-0.0007450671724503477,0.0023242933658886022,0.00306936053833895,1,0,4,True,0.016612714558561177,0.017112230315494997,0.01365340830950279,0.018263768825047183,0.004610360515544393,0,0,5,False
2026092812,mert_v1,ambient_balanced,1.0,beta,1,0.13773240442268547,0.4402426661306762,0,-0.018360301572465182,-0.018360301572465182,-0.018360301572465182,-0.018360301572465182,0.0,1,0,0,False,-0.000314967443931391,-0.000314967443931391,-0.000314967443931391,-0.000314967443931391,0.0,1,0,0,False
2026092812,mert_v1,ambient_balanced,1.0,isotonic,1,0.14070798141296564,0.5419157271234466,0,-0.015384724582185011,-0.015384724582185011,-0.015384724582185011,-0.015384724582185011,0.0,1,0,0,False,0.00266060954634878,0.00266060954634878,0.00266060954634878,0.00266060954634878,0.0,0,0,1,False
2026092812,mert_v1,ambient_balanced,1.0,platt,1,0.13804737186661686,0.44007192980564397,0,-0.01804533412853379,-0.01804533412853379,-0.01804533412853379,-0.01804533412853379,0.0,1,0,0,False,0.0,0.0,0.0,0.0,0.0,0,1,0,False
2026092812,mert_v1,ambient_balanced,1.0,prior_offset,1,0.1395726554230801,0.44262768222390036,0,-0.016520050572070566,-0.016520050572070566,-0.016520050572070566,-0.016520050572070566,0.0,1,0,0,False,0.001525283556463225,0.001525283556463225,0.001525283556463225,0.001525283556463225,0.0,0,0,1,False
2026092812,mert_v1,ambient_balanced,1.0,raw,1,0.15609270599515065,0.4783579747116902,0,0.0,0.0,0.0,0.0,0.0,0,1,0,False,0.01804533412853379,0.01804533412853379,0.01804533412853379,0.01804533412853379,0.0,0,0,1,False
2026092812,mert_v1,ambient_balanced,1.0,ridge_platt,1,0.137926699663116,0.43987519894818117,0,-0.018166006332034662,-0.018166006332034662,-0.018166006332034662,-0.018166006332034662,0.0,1,0,0,False,-0.00012067220350087116,-0.00012067220350087116,-0.00012067220350087116,-0.00012067220350087116,0.0,1,0,0,False
2026092812,mert_v1,ambient_balanced,1.0,temperature,1,0.15598616465091056,0.4779041193136831,0,-0.00010654134424009643,-0.00010654134424009643,-0.00010654134424009643,-0.00010654134424009643,0.0,1,0,0,False,0.017938792784293695,0.017938792784293695,0.017938792784293695,0.017938792784293695,0.0,0,0,1,False
2026092812,mert_v1,unweighted,0.25,beta,5,0.14473545776031566,0.46558669081440074,0,0.0054416246642119415,0.0032499615255518755,-0.0018829228910542395,0.015151902491285896,0.017034825382340135,1,0,4,True,0.00010225513420335508,0.00034940991442947156,-0.002920328318072568,0.0034412923970420783,0.0063616207151146464,2,0,3,True
2026092812,mert_v1,unweighted,0.25,isotonic,5,0.15079183159104032,1.114668044047741,0,0.011497998494936629,0.013151475871667123,0.0007573463413188541,0.020807897599201375,0.02005055125788252,0,0,5,False,0.006158628964928042,0.003122621482644611,0.0014006787834369983,0.013342806743157326,0.011942127959720328,0,0,5,False
2026092812,mert_v1,unweighted,0.25,platt,5,0.1446332026261123,0.4596087609018079,0,0.0053393695300085866,0.0015186544399722612,-0.0023652751413257567,0.018072230809358464,0.02043750595068422,2,0,3,True,0.0,0.0,0.0,0.0,0.0,0,5,0,False
2026092812,mert_v1,unweighted,0.25,prior_offset,5,0.13929383309610371,0.44130967383564135,0,0.0,0.0,0.0,0.0,0.0,0,5,0,False,-0.0053393695300085866,-0.0015186544399722612,-0.018072230809358464,0.0023652751413257567,0.02043750595068422,3,0,2,True
2026092812,mert_v1,unweighted,0.25,raw,5,0.13929383309610371,0.44130967383564135,0,0.0,0.0,0.0,0.0,0.0,0,5,0,False,-0.0053393695300085866,-0.0015186544399722612,-0.018072230809358464,0.0023652751413257567,0.02043750595068422,3,0,2,True
2026092812,mert_v1,unweighted,0.25,ridge_platt,5,0.14022011436243886,0.44419373224103537,0,0.0009262812663351272,-0.00012030128861062472,-0.0033911858850040055,0.006625913480541978,0.010017099365545984,3,0,2,True,-0.004413088263673459,-0.0018043145297354513,-0.011446317328816485,-0.0010259107436782489,0.010420406585138237,5,0,0,False
2026092812,mert_v1,unweighted,0.25,temperature,5,0.14199286170576012,0.4526941877651053,0,0.0026990286096563896,0.0011780598233906425,-7.52060230824747e-05,0.010375793057958271,0.010450999081040746,1,0,4,True,-0.0026403409203521965,0.00024072379476358652,-0.009737774436610641,0.0026223930966054187,0.01236016753321606,2,0,3,True
2026092812,mert_v1,unweighted,0.5,beta,5,0.13968108254186462,0.4462834574642297,0,0.00038724944576089547,2.020310110587009e-05,-0.0007592075616598692,0.0016826032724377715,0.0024418108340976408,2,0,3,True,-0.000119090363661839,-0.0005026196862038257,-0.0007628018419296168,0.0008292337435093777,0.0015920355854389945,3,0,2,True
2026092812,mert_v1,unweighted,0.5,isotonic,5,0.14207357905647908,0.6532217159495632,0,0.0027797459603753683,0.0033274451976466612,-0.0001956768123937691,0.005009720737993606,0.005205397550387375,1,0,4,True,0.0022734061509526336,0.001151245684429869,-0.0006448410001269334,0.00549168803649705,0.006136529036623983,1,0,4,True
2026092812,mert_v1,unweighted,0.5,platt,5,0.13980017290552643,0.4454278061582587,0,0.0005063398094227345,0.0007830049430354868,-0.0013469224968236382,0.002215070739735203,0.0035619932365588414,2,0,3,True,0.0,0.0,0.0,0.0,0.0,0,5,0,False
2026092812,mert_v1,unweighted,0.5,prior_offset,5,0.13929383309610371,0.44130967383564135,0,0.0,0.0,0.0,0.0,0.0,0,5,0,False,-0.0005063398094227345,-0.0007830049430354868,-0.002215070739735203,0.0013469224968236382,0.0035619932365588414,3,0,2,True
2026092812,mert_v1,unweighted,0.5,raw,5,0.13929383309610371,0.44130967383564135,0,0.0,0.0,0.0,0.0,0.0,0,5,0,False,-0.0005063398094227345,-0.0007830049430354868,-0.002215070739735203,0.0013469224968236382,0.0035619932365588414,3,0,2,True
2026092812,mert_v1,unweighted,0.5,ridge_platt,5,0.13955136273329322,0.44208886070498776,0,0.00025752963718949083,0.0,-6.60543660445656e-05,0.0013537025519920198,0.0014197569180365854,1,3,1,True,-0.00024881017223324364,-0.0007830049430354868,-0.002281125105779769,0.0026583796494669965,0.004939504755246765,3,0,2,True
2026092812,mert_v1,unweighted,0.5,temperature,5,0.1394777196382058,0.444117090617004,0,0.00018388654210206302,-2.086776371118537e-06,-0.0008646872831668817,0.0013358309462913887,0.0022005182294582704,3,0,2,True,-0.00032245326732067146,-0.0008493920123502086,-0.003079758022902085,0.001849595112509872,0.004929353135411957,3,0,2,True
2026092812,mert_v1,unweighted,1.0,beta,1,0.13765525757424926,0.4400437046166793,0,-0.0016385755218544518,-0.0016385755218544518,-0.0016385755218544518,-0.0016385755218544518,0.0,1,0,0,False,-0.0002296002338781633,-0.0002296002338781633,-0.0002296002338781633,-0.0002296002338781633,0.0,1,0,0,False
2026092812,mert_v1,unweighted,1.0,isotonic,1,0.14022048192564562,0.5414391969690715,0,0.0009266488295419095,0.0009266488295419095,0.0009266488295419095,0.0009266488295419095,0.0,0,0,1,False,0.002335624117518198,0.002335624117518198,0.002335624117518198,0.002335624117518198,0.0,0,0,1,False
2026092812,mert_v1,unweighted,1.0,platt,1,0.13788485780812743,0.439707028409829,0,-0.0014089752879762885,-0.0014089752879762885,-0.0014089752879762885,-0.0014089752879762885,0.0,1,0,0,False,0.0,0.0,0.0,0.0,0.0,0,1,0,False
2026092812,mert_v1,unweighted,1.0,prior_offset,1,0.13929383309610371,0.44130967383564135,0,0.0,0.0,0.0,0.0,0.0,0,1,0,False,0.0014089752879762885,0.0014089752879762885,0.0014089752879762885,0.0014089752879762885,0.0,0,0,1,False
2026092812,mert_v1,unweighted,1.0,raw,1,0.13929383309610371,0.44130967383564135,0,0.0,0.0,0.0,0.0,0.0,0,1,0,False,0.0014089752879762885,0.0014089752879762885,0.0014089752879762885,0.0014089752879762885,0.0,0,0,1,False
2026092812,mert_v1,unweighted,1.0,ridge_platt,1,0.1374074968008629,0.4380173770602289,0,-0.0018863362952408202,-0.0018863362952408202,-0.0018863362952408202,-0.0018863362952408202,0.0,1,0,0,False,-0.0004773610072645318,-0.0004773610072645318,-0.0004773610072645318,-0.0004773610072645318,0.0,1,0,0,False
2026092812,mert_v1,unweighted,1.0,temperature,1,0.13900169391595035,0.4417548301309223,0,-0.00029213918015336127,-0.00029213918015336127,-0.00029213918015336127,-0.00029213918015336127,0.0,1,0,0,False,0.0011168361078229272,0.0011168361078229272,0.0011168361078229272,0.0011168361078229272,0.0,0,0,1,False
2026092813,maest,ambient_balanced,0.25,beta,5,0.1366467861455017,0.7285826587057057,0,0.0020618982070581106,0.0024079643498126357,-0.006548496884224153,0.012750682389803036,0.01929917927402719,2,0,3,True,-0.0004251473373520998,-0.0002352245394674768,-0.004122255312283163,0.0026502554693681735,0.006772510781651336,3,0,2,True
2026092813,maest,ambient_balanced,0.25,isotonic,5,0.14154246466349804,1.177681964543326,0,0.006957576725054459,0.006552999640194318,0.0013195086798685474,0.016282218286219036,0.014962709606350488,0,0,5,False,0.004470531180644249,0.004687801914802808,-0.0005907194158671636,0.007632781024625224,0.008223500440492387,1,0,4,True
2026092813,maest,ambient_balanced,0.25,platt,5,0.1370719334828538,0.5831523379961624,0,0.0024870455444102103,0.0020335873510741453,-0.006313272344756676,0.0168729377020862,0.023186210046842876,2,0,3,True,0.0,0.0,0.0,0.0,0.0,0,5,0,False
2026092813,maest,ambient_balanced,0.25,prior_offset,5,0.12885757678820622,0.4022929223550341,0,-0.005727311150237363,-0.005727311150237363,-0.005727311150237363,-0.005727311150237363,0.0,5,0,0,False,-0.008214356694647573,-0.007760898501311508,-0.022600248852323562,0.0005859611945193133,0.023186210046842876,4,0,1,True
2026092813,maest,ambient_balanced,0.25,raw,5,0.1345848879384436,0.41547716315812133,0,0.0,0.0,0.0,0.0,0.0,0,5,0,False,-0.0024870455444102103,-0.0020335873510741453,-0.0168729377020862,0.006313272344756676,0.023186210046842876,3,0,2,True
2026092813,maest,ambient_balanced,0.25,ridge_platt,5,0.13449816377320514,0.5722372685295992,0,-8.672416523846094e-05,-0.003584444367982803,-0.004883257891069331,0.014439915134847547,0.01932317302591688,4,0,1,True,-0.002573769709648671,-0.002433022567238652,-0.007924929715707268,0.0027288279767738732,0.010653757692481142,4,0,1,True
2026092813,maest,ambient_balanced,0.25,temperature,5,0.13654864584546583,0.4262075080499961,0,0.001963757907022257,0.001756469074358391,0.0008855620998054481,0.00390972921357402,0.003024167113768572,0,0,5,False,-0.0005232876373879536,0.0008680573889360832,-0.01598737560228075,0.008069741419115067,0.02405711702139582,1,0,4,True
2026092813,maest,ambient_balanced,0.5,beta,5,0.13195929861469435,0.41499634925393414,0,-0.00262558932374925,-0.00385992953585812,-0.00471951626258596,0.0031812368724095375,0.007900753134995497,4,0,1,True,-0.00043105234531068957,-0.0001084435819419527,-0.0030881180117139917,0.0014062727071855463,0.004494390718899538,3,0,2,True
2026092813,maest,ambient_balanced,0.5,isotonic,5,0.13593549046674153,0.666516996338847,0,0.0013506025282979451,0.0014069637337865148,-0.0012746979257101665,0.0037742813302799605,0.005048979255990127,2,0,3,True,0.0035451395067365053,0.004672030222057977,-0.0024950735538435687,0.006560496268955829,0.009055569822799397,1,0,4,True
2026092813,maest,ambient_balanced,0.5,platt,5,0.13239035096000504,0.4131113577311842,0,-0.0021945369784385606,-0.003751485953916167,-0.005946728147768143,0.006269354884123529,0.012216083031891672,4,0,1,True,0.0,0.0,0.0,0.0,0.0,0,5,0,False
2026092813,maest,ambient_balanced,0.5,prior_offset,5,0.12885757678820622,0.4022929223550341,0,-0.005727311150237363,-0.005727311150237363,-0.005727311150237363,-0.005727311150237363,0.0,5,0,0,False,-0.0035327741717988024,-0.001975825196321196,-0.011996666034360892,0.00021941699753078026,0.012216083031891672,4,0,1,True
2026092813,maest,ambient_balanced,0.5,raw,5,0.1345848879384436,0.41547716315812133,0,0.0,0.0,0.0,0.0,0.0,0,5,0,False,0.0021945369784385606,0.003751485953916167,-0.006269354884123529,0.005946728147768143,0.012216083031891672,1,0,4,True
2026092813,maest,ambient_balanced,0.5,ridge_platt,5,0.1293016438235412,0.40258469184666607,0,-0.005283244114902358,-0.0056672737510355675,-0.006535895237808564,-0.003275175834977273,0.0032607194028312914,5,0,0,False,-0.0030887071364637973,-0.0020153923956890696,-0.009544530719100802,0.00027945439673257577,0.009823985115833378,4,0,1,True
2026092813,maest,ambient_balanced,0.5,temperature,5,0.13728880989321962,0.42472900177476947,0,0.002703921954776056,0.001857379695792194,0.00046115054163722857,0.007752727514820423,0.007291576973183195,0,0,5,False,0.004898458933214616,0.005136543886070266,0.0014833726306968942,0.006887586120444045,0.0054042134897471505,0,0,5,False
2026092813,maest,ambient_balanced,1.0,beta,1,0.13005266843764188,0.41033517466667,0,-0.00453221950080171,-0.00453221950080171,-0.00453221950080171,-0.00453221950080171,0.0,1,0,0,False,-0.00022159901366564094,-0.00022159901366564094,-0.00022159901366564094,-0.00022159901366564094,0.0,1,0,0,False
2026092813,maest,ambient_balanced,1.0,isotonic,1,0.1329165969481504,0.5740659491304632,0,-0.0016682909902931975,-0.0016682909902931975,-0.0016682909902931975,-0.0016682909902931975,0.0,1,0,0,False,0.0026423294968428712,0.0026423294968428712,0.0026423294968428712,0.0026423294968428712,0.0,0,0,1,False
2026092813,maest,ambient_balanced,1.0,platt,1,0.13027426745130752,0.4066049361671506,0,-0.004310620487136069,-0.004310620487136069,-0.004310620487136069,-0.004310620487136069,0.0,1,0,0,False,0.0,0.0,0.0,0.0,0.0,0,1,0,False
2026092813,maest,ambient_balanced,1.0,prior_offset,1,0.12885757678820622,0.4022929223550341,0,-0.005727311150237363,-0.005727311150237363,-0.005727311150237363,-0.005727311150237363,0.0,1,0,0,False,-0.0014166906631012943,-0.0014166906631012943,-0.0014166906631012943,-0.0014166906631012943,0.0,1,0,0,False
2026092813,maest,ambient_balanced,1.0,raw,1,0.1345848879384436,0.41547716315812133,0,0.0,0.0,0.0,0.0,0.0,0,1,0,False,0.004310620487136069,0.004310620487136069,0.004310620487136069,0.004310620487136069,0.0,0,0,1,False
2026092813,maest,ambient_balanced,1.0,ridge_platt,1,0.12824210953915902,0.39851676537009867,0,-0.006342778399284571,-0.006342778399284571,-0.006342778399284571,-0.006342778399284571,0.0,1,0,0,False,-0.0020321579121485023,-0.0020321579121485023,-0.0020321579121485023,-0.0020321579121485023,0.0,1,0,0,False
2026092813,maest,ambient_balanced,1.0,temperature,1,0.13528989111798145,0.41890974816488685,0,0.0007050031795378664,0.0007050031795378664,0.0007050031795378664,0.0007050031795378664,0.0,0,0,1,False,0.005015623666673935,0.005015623666673935,0.005015623666673935,0.005015623666673935,0.0,0,0,1,False
2026092813,maest,unweighted,0.25,beta,5,0.13732472636373666,0.5367956178029021,0,0.008783885624804005,0.00953770822108041,0.00018412869577727475,0.01834187579864216,0.018157747102864885,0,0,5,False,-0.00021737570365881753,8.34345964290939e-05,-0.004015258676780098,0.0027958567345595375,0.0068111154113396355,2,0,3,True
2026092813,maest,unweighted,0.25,isotonic,5,0.14313849844465137,1.1622262995745367,0,0.014597657705718697,0.01400120701173968,0.00946497543630792,0.022418754585249667,0.012953779148941746,0,0,5,False,0.005596396377255874,0.005905378867092775,6.16201098274094e-05,0.00961704553668627,0.00955542542685886,0,0,5,False
2026092813,maest,unweighted,0.25,platt,5,0.1375421020673955,0.4985759268635183,0,0.009001261328462823,0.009088102742829257,0.00010069409934818085,0.022357134475422258,0.022256440376074077,0,0,5,False,0.0,0.0,0.0,0.0,0.0,0,5,0,False
2026092813,maest,unweighted,0.25,prior_offset,5,0.12854084073893268,0.4001428460956493,0,0.0,0.0,0.0,0.0,0.0,0,5,0,False,-0.009001261328462823,-0.009088102742829257,-0.022357134475422258,-0.00010069409934818085,0.022256440376074077,5,0,0,False
2026092813,maest,unweighted,0.25,raw,5,0.12854084073893268,0.4001428460956493,0,0.0,0.0,0.0,0.0,0.0,0,5,0,False,-0.009001261328462823,-0.009088102742829257,-0.022357134475422258,-0.00010069409934818085,0.022256440376074077,5,0,0,False
2026092813,maest,unweighted,0.25,ridge_platt,5,0.13229120519354914,0.4189864345002608,0,0.0037503644546164673,0.0014842164117623846,-0.0002766332601348287,0.013827191372498493,0.014103824632633322,1,1,3,True,-0.005250896873846356,-0.00537105499387297,-0.008529943102923765,-0.00010069409934818085,0.008429249003575584,5,0,0,False
2026092813,maest,unweighted,0.25,temperature,5,0.13213598910281016,0.42928287566395607,0,0.003595148363877454,0.0011088466900811556,0.0002803834672010508,0.0092380227105055,0.00895763924330445,0,0,5,False,-0.005406112964585369,-0.0030563902810255283,-0.013119111764916758,0.00017968936785286993,0.013298801132769628,4,0,1,True
2026092813,maest,unweighted,0.5,beta,5,0.13252085737173683,0.414175421262692,0,0.003980016632804123,0.002860489749706596,0.0020698016940182695,0.009446416870820595,0.007376615176802326,0,0,5,False,-0.00026578928127811153,0.00018990054354978136,-0.003108466595885595,0.0015022521582297443,0.004610718754115339,2,0,3,True
2026092813,maest,unweighted,0.5,isotonic,5,0.13699312904710736,0.66308352045288,0,0.008452288308174682,0.008491152742284375,0.005538684660546439,0.010739267149216636,0.005200582488670197,0,0,5,False,0.004206482394092448,0.0050516330658476605,-0.0018156163174895545,0.007015836726089603,0.008831453043579157,1,0,4,True
2026092813,maest,unweighted,0.5,platt,5,0.13278664665301493,0.41403930787169313,0,0.0042458059140822344,0.002670589206156815,0.0005786897006594682,0.01255488346670619,0.011976193766046722,0,0,5,False,0.0,0.0,0.0,0.0,0.0,0,5,0,False
2026092813,maest,unweighted,0.5,prior_offset,5,0.12854084073893268,0.4001428460956493,0,0.0,0.0,0.0,0.0,0.0,0,5,0,False,-0.0042458059140822344,-0.002670589206156815,-0.01255488346670619,-0.0005786897006594682,0.011976193766046722,5,0,0,False
2026092813,maest,unweighted,0.5,raw,5,0.12854084073893268,0.4001428460956493,0,0.0,0.0,0.0,0.0,0.0,0,5,0,False,-0.0042458059140822344,-0.002670589206156815,-0.01255488346670619,-0.0005786897006594682,0.011976193766046722,5,0,0,False
2026092813,maest,unweighted,0.5,ridge_platt,5,0.129066405078692,0.40216636825982865,0,0.0005255643397593157,1.3533313455327267e-05,-0.0005794264342141309,0.0025643344416287073,0.003143760875842838,2,0,3,True,-0.003720241574322919,-0.002285752913389283,-0.009990549025077483,-0.001158116134873599,0.008832432890203884,5,0,0,False
2026092813,maest,unweighted,0.5,temperature,5,0.13186236184364034,0.4126793506441051,0,0.0033215211047076644,0.0021386957002014206,0.0012098078509840682,0.008916238306611368,0.0077064304556273,0,0,5,False,-0.0009242848093745703,-0.0009868852698426689,-0.003638645160094822,0.0006311181503246,0.004269763310419422,3,0,2,True
2026092813,maest,unweighted,1.0,beta,1,0.13062798935619285,0.410085201064158,0,0.0020871486172601705,0.0020871486172601705,0.0020871486172601705,0.0020871486172601705,0.0,0,0,1,False,-9.695940179280105e-05,-9.695940179280105e-05,-9.695940179280105e-05,-9.695940179280105e-05,0.0,1,0,0,False
2026092813,maest,unweighted,1.0,isotonic,1,0.13439306323942615,0.5780191774571188,0,0.00585222250049347,0.00585222250049347,0.00585222250049347,0.00585222250049347,0.0,0,0,1,False,0.0036681144814404987,0.0036681144814404987,0.0036681144814404987,0.0036681144814404987,0.0,0,0,1,False
2026092813,maest,unweighted,1.0,platt,1,0.13072494875798565,0.40782951286689867,0,0.0021841080190529716,0.0021841080190529716,0.0021841080190529716,0.0021841080190529716,0.0,0,0,1,False,0.0,0.0,0.0,0.0,0.0,0,1,0,False
2026092813,maest,unweighted,1.0,prior_offset,1,0.12854084073893268,0.4001428460956493,0,0.0,0.0,0.0,0.0,0.0,0,1,0,False,-0.0021841080190529716,-0.0021841080190529716,-0.0021841080190529716,-0.0021841080190529716,0.0,1,0,0,False
2026092813,maest,unweighted,1.0,raw,1,0.12854084073893268,0.4001428460956493,0,0.0,0.0,0.0,0.0,0.0,0,1,0,False,-0.0021841080190529716,-0.0021841080190529716,-0.0021841080190529716,-0.0021841080190529716,0.0,1,0,0,False
2026092813,maest,unweighted,1.0,ridge_platt,1,0.12862165156306193,0.39929532001968054,0,8.081082412925156e-05,8.081082412925156e-05,8.081082412925156e-05,8.081082412925156e-05,0.0,0,0,1,False,-0.00210329719492372,-0.00210329719492372,-0.00210329719492372,-0.00210329719492372,0.0,1,0,0,False
2026092813,maest,unweighted,1.0,temperature,1,0.12966804165495405,0.4056781113888611,0,0.0011272009160213647,0.0011272009160213647,0.0011272009160213647,0.0011272009160213647,0.0,0,0,1,False,-0.0010569071030316068,-0.0010569071030316068,-0.0010569071030316068,-0.0010569071030316068,0.0,1,0,0,False
2026092813,mert_v0,ambient_balanced,0.25,beta,5,0.15165272840006624,0.48464538279006864,0,-0.003535418566520743,-0.005777557538969941,-0.011549078849681566,0.00567749968022388,0.017226578529905445,3,0,2,True,-0.0004716314655922871,0.00017810852115546227,-0.002815588480057224,0.0005692384479647483,0.0033848269280219723,2,0,3,True
2026092813,mert_v0,ambient_balanced,0.25,isotonic,5,0.1531568266532442,1.1888949197357654,0,-0.002031320313342788,-0.001151248198949295,-0.011507716790341016,0.006904477318392027,0.018412194108733043,3,0,2,True,0.0010324667875856674,0.0006106005073052978,-0.0015886108418890765,0.004804417861176108,0.0063930287030651844,1,0,4,True
2026092813,mert_v0,ambient_balanced,0.25,platt,5,0.1521243598656585,0.4795150385067137,0,-0.003063787100928456,-0.005955666060125403,-0.012118317297646314,0.008493088160281104,0.020611405457927418,3,0,2,True,0.0,0.0,0.0,0.0,0.0,0,5,0,False
2026092813,mert_v0,ambient_balanced,0.25,prior_offset,5,0.14416281790778213,0.44515393380020696,0,-0.01102532905880485,-0.01102532905880485,-0.01102532905880485,-0.01102532905880485,0.0,5,0,0,False,-0.007961541957876395,-0.005069662998679447,-0.019518417219085954,0.0010929882388414636,0.020611405457927418,4,0,1,True
2026092813,mert_v0,ambient_balanced,0.25,raw,5,0.15518814696658698,0.47369080935259456,0,0.0,0.0,0.0,0.0,0.0,0,5,0,False,0.003063787100928456,0.005955666060125403,-0.008493088160281104,0.012118317297646314,0.020611405457927418,2,0,3,True
2026092813,mert_v0,ambient_balanced,0.25,ridge_platt,5,0.15123878945674943,0.4716779254167777,0,-0.003949357509837559,-0.006493440607176382,-0.011050659023749687,0.0063141595925643446,0.01736481861631403,3,0,2,True,-0.0008855704089091032,-0.0005377745470509787,-0.0038329089295683905,0.0010676582738966267,0.004900567203465017,3,0,2,True
2026092813,mert_v0,ambient_balanced,0.25,temperature,5,0.15739979429566306,0.48290036785581025,0,0.0022116473290760942,0.0019768410982982654,0.00028286159714896453,0.004456277013969084,0.00417341541682012,0,0,5,False,0.00527543443000455,0.009748327075991742,-0.00821022656313214,0.012667913217744131,0.02087813978087627,1,0,4,True
2026092813,mert_v0,ambient_balanced,0.5,beta,5,0.1459089582512774,0.4516854370518074,0,-0.009279188715309583,-0.010635052897285585,-0.011859428310747044,-0.0030978249522331247,0.00876160335851392,5,0,0,False,2.843805417220846e-05,-0.00010159247945429328,-0.0008716445036129061,0.001714737627244417,0.002586382130857323,3,0,2,True
2026092813,mert_v0,ambient_balanced,0.5,isotonic,5,0.14686651503174322,0.6704585722068765,0,-0.008321631934843764,-0.008267544197075039,-0.009591886287695361,-0.0073406742562789895,0.002251212031416372,5,0,0,False,0.0009859948346380265,0.0015279948021681145,-0.005070911775295062,0.004145235927144303,0.009216147702439365,1,0,4,True
2026092813,mert_v0,ambient_balanced,0.5,platt,5,0.14588052019710518,0.4501261850340522,0,-0.009307626769481792,-0.011119881089863476,-0.011757835831292751,-0.002269762480983928,0.009488073350308823,5,0,0,False,0.0,0.0,0.0,0.0,0.0,0,5,0,False
2026092813,mert_v0,ambient_balanced,0.5,prior_offset,5,0.14416281790778213,0.44515393380020696,0,-0.01102532905880485,-0.01102532905880485,-0.01102532905880485,-0.01102532905880485,0.0,5,0,0,False,-0.0017177022893230588,9.455203105862564e-05,-0.008755566577820922,0.0007325067724879009,0.009488073350308823,2,0,3,True
2026092813,mert_v0,ambient_balanced,0.5,raw,5,0.15518814696658698,0.47369080935259456,0,0.0,0.0,0.0,0.0,0.0,0,5,0,False,0.009307626769481792,0.011119881089863476,0.002269762480983928,0.011757835831292751,0.009488073350308823,0,0,5,False
2026092813,mert_v0,ambient_balanced,0.5,ridge_platt,5,0.14492458889972504,0.4473240120386074,0,-0.010263558066861949,-0.009958718542504186,-0.012408259744508987,-0.008748909432659102,0.003659350311849885,5,0,0,False,-0.0009559312973801582,-0.00019531014883150677,-0.006479146951675174,0.0019431189120096837,0.008422265863684858,3,0,2,True
2026092813,mert_v0,ambient_balanced,0.5,temperature,5,0.15668277735400687,0.47895576622892905,0,0.0014946303874198985,0.0006507448560643392,0.0004417857461783137,0.005057296715769627,0.004615510969591313,0,0,5,False,0.01080225715690169,0.01156166683604179,0.007327059196753555,0.012348862113762044,0.005021802917008489,0,0,5,False
2026092813,mert_v0,ambient_balanced,1.0,beta,1,0.14334308797992193,0.44426516304058666,0,-0.011845058986665047,-0.011845058986665047,-0.011845058986665047,-0.011845058986665047,0.0,1,0,0,False,-0.0006658088406618357,-0.0006658088406618357,-0.0006658088406618357,-0.0006658088406618357,0.0,1,0,0,False
2026092813,mert_v0,ambient_balanced,1.0,isotonic,1,0.14360709991450804,0.5112505653691581,0,-0.011581047052078935,-0.011581047052078935,-0.011581047052078935,-0.011581047052078935,0.0,1,0,0,False,-0.00040179690607572427,-0.00040179690607572427,-0.00040179690607572427,-0.00040179690607572427,0.0,1,0,0,False
2026092813,mert_v0,ambient_balanced,1.0,platt,1,0.14400889682058376,0.4443800513459254,0,-0.011179250146003211,-0.011179250146003211,-0.011179250146003211,-0.011179250146003211,0.0,1,0,0,False,0.0,0.0,0.0,0.0,0.0,0,1,0,False
2026092813,mert_v0,ambient_balanced,1.0,prior_offset,1,0.14416281790778213,0.44515393380020696,0,-0.01102532905880485,-0.01102532905880485,-0.01102532905880485,-0.01102532905880485,0.0,1,0,0,False,0.00015392108719836095,0.00015392108719836095,0.00015392108719836095,0.00015392108719836095,0.0,0,0,1,False
2026092813,mert_v0,ambient_balanced,1.0,raw,1,0.15518814696658698,0.47369080935259456,0,0.0,0.0,0.0,0.0,0.0,0,1,0,False,0.011179250146003211,0.011179250146003211,0.011179250146003211,0.011179250146003211,0.0,0,0,1,False
2026092813,mert_v0,ambient_balanced,1.0,ridge_platt,1,0.14275366266973355,0.44010738247506764,0,-0.012434484296853426,-0.012434484296853426,-0.012434484296853426,-0.012434484296853426,0.0,1,0,0,False,-0.0012552341508502152,-0.0012552341508502152,-0.0012552341508502152,-0.0012552341508502152,0.0,1,0,0,False
2026092813,mert_v0,ambient_balanced,1.0,temperature,1,0.15509197251550305,0.4738932712538691,0,-9.617445108392464e-05,-9.617445108392464e-05,-9.617445108392464e-05,-9.617445108392464e-05,0.0,1,0,0,False,0.011083075694919287,0.011083075694919287,0.011083075694919287,0.011083075694919287,0.0,0,0,1,False
2026092813,mert_v0,unweighted,0.25,beta,5,0.15237287645770717,0.4843922348584682,0,0.00826344491900195,0.006358520812599133,0.00021436379309655584,0.017080344315408807,0.01686598052231225,0,0,5,False,-0.0002125770782353764,0.0005716635541926918,-0.002718370464736164,0.0007532706061779415,0.0034716410709141055,2,0,3,True
2026092813,mert_v0,unweighted,0.25,isotonic,5,0.15393486516997332,1.189550887755612,0,0.009825433631268133,0.01078982859877925,-0.0005963273234819433,0.01828058058423343,0.018876907907715373,1,0,4,True,0.001349411634030806,0.0013618021619928589,-0.0015181341959115413,0.005002971340372808,0.0065211055362843495,2,0,3,True
2026092813,mert_v0,unweighted,0.25,platt,5,0.15258545353594255,0.4816589150844493,0,0.008476021997237326,0.0057868572584064415,-0.0005389068130813857,0.01979871478014497,0.020337621593226357,1,0,4,True,0.0,0.0,0.0,0.0,0.0,0,5,0,False
2026092813,mert_v0,unweighted,0.25,prior_offset,5,0.1441094315387052,0.44550817542454946,0,0.0,0.0,0.0,0.0,0.0,0,5,0,False,-0.008476021997237326,-0.0057868572584064415,-0.01979871478014497,0.0005389068130813857,0.020337621593226357,4,0,1,True
2026092813,mert_v0,unweighted,0.25,raw,5,0.1441094315387052,0.44550817542454946,0,0.0,0.0,0.0,0.0,0.0,0,5,0,False,-0.008476021997237326,-0.0057868572584064415,-0.01979871478014497,0.0005389068130813857,0.020337621593226357,4,0,1,True
2026092813,mert_v0,unweighted,0.25,ridge_platt,5,0.14926614477710767,0.46452382022544264,0,0.005156713238402472,0.0017843478353244402,0.0,0.014982327565785297,0.014982327565785297,0,1,4,False,-0.0033193087588348547,-0.0040253956844869265,-0.004816387214359674,0.0005389068130813857,0.00535529402744106,4,0,1,True
2026092813,mert_v0,unweighted,0.25,temperature,5,0.1479055089102738,0.4696194460796049,0,0.0037960773715686067,0.0021746870644661076,0.00011059231580148876,0.00906309509943995,0.00895250278363846,0,0,5,False,-0.004679944625668719,-0.003612170193940334,-0.010735619680705022,0.0009870665252392774,0.0117226862059443,3,0,2,True
2026092813,mert_v0,unweighted,0.5,beta,5,0.1463678141707659,0.4529938649437543,0,0.0022583826320606904,0.0007471530866710596,-0.000327577166352816,0.008468884893813589,0.008796462060166405,1,0,4,True,0.00019468247451145392,0.00011062397948269354,-0.0009451190461276238,0.0019414627158032272,0.002886581761930851,2,0,3,True
2026092813,mert_v0,unweighted,0.5,isotonic,5,0.1472127795124914,0.6382831700045057,0,0.0031033479737861912,0.0030732686203136517,0.0016531072136632963,0.004343106605347674,0.002689999391684378,0,0,5,False,0.0010396478162369549,0.001546239837576957,-0.00542830109086978,0.004463026711588353,0.009891327802458133,1,0,4,True
2026092813,mert_v0,unweighted,0.5,platt,5,0.14617313169625443,0.4512297373258555,0,0.0020637001575492366,0.00020584761477285274,-0.0004382011458355095,0.009143745642312823,0.009581946788148332,2,0,3,True,0.0,0.0,0.0,0.0,0.0,0,5,0,False
2026092813,mert_v0,unweighted,0.5,prior_offset,5,0.1441094315387052,0.44550817542454946,0,0.0,0.0,0.0,0.0,0.0,0,5,0,False,-0.0020637001575492366,-0.00020584761477285274,-0.009143745642312823,0.0004382011458355095,0.009581946788148332,3,0,2,True
2026092813,mert_v0,unweighted,0.5,raw,5,0.1441094315387052,0.44550817542454946,0,0.0,0.0,0.0,0.0,0.0,0,5,0,False,-0.0020637001575492366,-0.00020584761477285274,-0.009143745642312823,0.0004382011458355095,0.009581946788148332,3,0,2,True
2026092813,mert_v0,unweighted,0.5,ridge_platt,5,0.14407921073453384,0.4452155155265878,0,-3.022080417137696e-05,-0.001015801177040504,-0.0011763757996764157,0.0027269067755158194,0.003903282575192235,3,0,2,True,-0.0020939209617206133,-0.0010368321343803277,-0.006416838866797003,0.000265070806192369,0.006681909672989372,4,0,1,True
2026092813,mert_v0,unweighted,0.5,temperature,5,0.14625881674244137,0.4523163657097311,0,0.002149385203736165,0.0010886602214658925,0.0009725308425693191,0.006352573820783913,0.005380042978214594,0,0,5,False,8.568504618692851e-05,0.0010412166799150802,-0.0027911718215289094,0.001526861367301402,0.004318033188830311,2,0,3,True
2026092813,mert_v0,unweighted,1.0,beta,1,0.14388940416992074,0.4454289973318562,0,-0.00022002736878445894,-0.00022002736878445894,-0.00022002736878445894,-0.00022002736878445894,0.0,1,0,0,False,-0.0003322787667400795,-0.0003322787667400795,-0.0003322787667400795,-0.0003322787667400795,0.0,1,0,0,False
2026092813,mert_v0,unweighted,1.0,isotonic,1,0.14449690442913124,0.5138022649729069,0,0.0003874728904260383,0.0003874728904260383,0.0003874728904260383,0.0003874728904260383,0.0,0,0,1,False,0.0002752214924704177,0.0002752214924704177,0.0002752214924704177,0.0002752214924704177,0.0,0,0,1,False
2026092813,mert_v0,unweighted,1.0,platt,1,0.14422168293666082,0.4452626698512573,0,0.00011225139795562056,0.00011225139795562056,0.00011225139795562056,0.00011225139795562056,0.0,0,0,1,False,0.0,0.0,0.0,0.0,0.0,0,1,0,False
2026092813,mert_v0,unweighted,1.0,prior_offset,1,0.1441094315387052,0.44550817542454946,0,0.0,0.0,0.0,0.0,0.0,0,1,0,False,-0.00011225139795562056,-0.00011225139795562056,-0.00011225139795562056,-0.00011225139795562056,0.0,1,0,0,False
2026092813,mert_v0,unweighted,1.0,raw,1,0.1441094315387052,0.44550817542454946,0,0.0,0.0,0.0,0.0,0.0,0,1,0,False,-0.00011225139795562056,-0.00011225139795562056,-0.00011225139795562056,-0.00011225139795562056,0.0,1,0,0,False
2026092813,mert_v0,unweighted,1.0,ridge_platt,1,0.14295100831073176,0.44109603421547194,0,-0.0011584232279734374,-0.0011584232279734374,-0.0011584232279734374,-0.0011584232279734374,0.0,1,0,0,False,-0.001270674625929058,-0.001270674625929058,-0.001270674625929058,-0.001270674625929058,0.0,1,0,0,False
2026092813,mert_v0,unweighted,1.0,temperature,1,0.144567405430958,0.44678009489836795,0,0.00045797389225279983,0.00045797389225279983,0.00045797389225279983,0.00045797389225279983,0.0,0,0,1,False,0.00034572249429717927,0.00034572249429717927,0.00034572249429717927,0.00034572249429717927,0.0,0,0,1,False
2026092813,mert_v1,ambient_balanced,0.25,beta,5,0.15341718527139908,0.48933931708793554,0,-0.0032157175574006823,-0.005199049828349178,-0.01422300041925545,0.005611784311806645,0.019834784731062094,3,0,2,True,-0.0014309420200214807,-0.0008916729882973151,-0.003316334609521132,-7.865845995960741e-05,0.0032376761495615247,5,0,0,False
2026092813,mert_v1,ambient_balanced,0.25,isotonic,5,0.1572115724649849,1.3329151148443983,0,0.0005786696361851307,0.002633591177567035,-0.01231569190664139,0.012982020768267238,0.02529771267490863,2,0,3,True,0.0023634451735643327,0.0015046559971387263,-0.002094079154304096,0.007337111653730827,0.009431190808034923,1,0,4,True
2026092813,mert_v1,ambient_balanced,0.25,platt,5,0.15484812729142056,0.4882336188422058,0,-0.0017847755373792018,-0.0031519826177598687,-0.013331327430958134,0.008928118921327777,0.02225944635228591,3,0,2,True,0.0,0.0,0.0,0.0,0.0,0,5,0,False
2026092813,mert_v1,ambient_balanced,0.25,prior_offset,5,0.14528669294624855,0.4496796214602189,0,-0.011346209882551223,-0.011346209882551223,-0.011346209882551223,-0.011346209882551223,0.0,5,0,0,False,-0.00956143434517202,-0.008194227264791354,-0.020274328803879,0.0019851175484069117,0.02225944635228591,4,0,1,True
2026092813,mert_v1,ambient_balanced,0.25,raw,5,0.15663290282879977,0.4788640595489023,0,0.0,0.0,0.0,0.0,0.0,0,5,0,False,0.0017847755373792018,0.0031519826177598687,-0.008928118921327777,0.013331327430958134,0.02225944635228591,2,0,3,True
2026092813,mert_v1,ambient_balanced,0.25,ridge_platt,5,0.15033197987368316,0.4648310648227718,0,-0.0063009229551166,-0.005073476995993309,-0.011388271970211306,-0.00019238708370444835,0.011195884886506857,5,0,0,False,-0.004516147417737398,-0.003527221000362457,-0.013458543217316099,0.0019430554607468287,0.015401598678062928,4,0,1,True
2026092813,mert_v1,ambient_balanced,0.25,temperature,5,0.15949914596144127,0.493653938227755,0,0.002866243132641488,0.004083185209206142,-1.3886194470680291e-05,0.0048765278781358334,0.004890414072606514,1,0,4,True,0.00465101867002069,0.00723516782696601,-0.008942005115798457,0.014163109881974945,0.0231051149977734,1,0,4,True
2026092813,mert_v1,ambient_balanced,0.5,beta,5,0.14595744795126103,0.4548192907896764,0,-0.01067545487753871,-0.012456180358230179,-0.013176339895869332,-0.00456171646393802,0.008614623431931312,5,0,0,False,-0.0008440796026872533,-0.0006646856654083655,-0.0020413151365091253,9.788504641444762e-05,0.002139200182923573,4,0,1,True
2026092813,mert_v1,ambient_balanced,0.5,isotonic,5,0.1501747826384901,0.6899886742447551,0,-0.00645812019030968,-0.006973890773701641,-0.009560325073787818,-0.002310658849507652,0.007249666224280166,5,0,0,False,0.0033732550845417763,0.0036390891514561097,0.001586371949022003,0.00541318114398498,0.0038268091949629768,0,0,5,False
2026092813,mert_v1,ambient_balanced,0.5,platt,5,0.14680152755394832,0.4547056440912183,0,-0.009831375274851456,-0.010626627654403586,-0.012226408707571634,-0.003897030798529655,0.00832937790904198,5,0,0,False,0.0,0.0,0.0,0.0,0.0,0,5,0,False
2026092813,mert_v1,ambient_balanced,0.5,prior_offset,5,0.14528669294624855,0.4496796214602189,0,-0.011346209882551223,-0.011346209882551223,-0.011346209882551223,-0.011346209882551223,0.0,5,0,0,False,-0.0015148346076997664,-0.0007195822281476361,-0.007449179084021568,0.0008801988250204118,0.00832937790904198,3,0,2,True
2026092813,mert_v1,ambient_balanced,0.5,raw,5,0.15663290282879977,0.4788640595489023,0,0.0,0.0,0.0,0.0,0.0,0,5,0,False,0.009831375274851456,0.010626627654403586,0.003897030798529655,0.012226408707571634,0.00832937790904198,0,0,5,False
2026092813,mert_v1,ambient_balanced,0.5,ridge_platt,5,0.1459166794272439,0.45145066517884286,0,-0.010716223401555874,-0.01077822681191748,-0.012429905642558303,-0.009288436465491184,0.003141469177067119,5,0,0,False,-0.0008848481267044184,9.098672118651452e-05,-0.006881196013387825,0.0013245434596665662,0.008205739473054391,2,0,3,True
2026092813,mert_v1,ambient_balanced,0.5,temperature,5,0.15796485493988244,0.4845002511013753,0,0.0013319521110826738,0.0005302729354874636,0.00042642751320015604,0.004358556489651,0.003932128976450844,0,0,5,False,0.011163327385934129,0.011527087135856429,0.008255587288180655,0.012756681643059098,0.004501094354878443,0,0,5,False
2026092813,mert_v1,ambient_balanced,1.0,beta,1,0.143702953853166,0.4481093651990159,0,-0.012929948975633765,-0.012929948975633765,-0.012929948975633765,-0.012929948975633765,0.0,1,0,0,False,-0.001255573823048528,-0.001255573823048528,-0.001255573823048528,-0.001255573823048528,0.0,1,0,0,False
2026092813,mert_v1,ambient_balanced,1.0,isotonic,1,0.14747674833609006,0.5528046124251147,0,-0.009156154492709706,-0.009156154492709706,-0.009156154492709706,-0.009156154492709706,0.0,1,0,0,False,0.002518220659875531,0.002518220659875531,0.002518220659875531,0.002518220659875531,0.0,0,0,1,False
2026092813,mert_v1,ambient_balanced,1.0,platt,1,0.14495852767621453,0.4484792409798554,0,-0.011674375152585237,-0.011674375152585237,-0.011674375152585237,-0.011674375152585237,0.0,1,0,0,False,0.0,0.0,0.0,0.0,0.0,0,1,0,False
2026092813,mert_v1,ambient_balanced,1.0,prior_offset,1,0.14528669294624855,0.44967962146021895,0,-0.011346209882551223,-0.011346209882551223,-0.011346209882551223,-0.011346209882551223,0.0,1,0,0,False,0.0003281652700340143,0.0003281652700340143,0.0003281652700340143,0.0003281652700340143,0.0,0,0,1,False
2026092813,mert_v1,ambient_balanced,1.0,raw,1,0.15663290282879977,0.4788640595489023,0,0.0,0.0,0.0,0.0,0.0,0,1,0,False,0.011674375152585237,0.011674375152585237,0.011674375152585237,0.011674375152585237,0.0,0,0,1,False
2026092813,mert_v1,ambient_balanced,1.0,ridge_platt,1,0.14443045044461295,0.44662064079349895,0,-0.012202452384186824,-0.012202452384186824,-0.012202452384186824,-0.012202452384186824,0.0,1,0,0,False,-0.0005280772316015869,-0.0005280772316015869,-0.0005280772316015869,-0.0005280772316015869,0.0,1,0,0,False
2026092813,mert_v1,ambient_balanced,1.0,temperature,1,0.15646823819838782,0.4793304425354939,0,-0.00016466463041195367,-0.00016466463041195367,-0.00016466463041195367,-0.00016466463041195367,0.0,1,0,0,False,0.011509710522173283,0.011509710522173283,0.011509710522173283,0.011509710522173283,0.0,0,0,1,False
2026092813,mert_v1,unweighted,0.25,beta,5,0.15414278922824193,0.4891044820534026,0,0.009030452164387848,0.007827013274212313,-0.002130426531992108,0.017479938333626405,0.019610364865618513,1,0,4,True,-0.000922766709886691,-0.0003914610290378928,-0.0030431076261175083,0.00036920795888875646,0.0034123155850062648,3,0,2,True
2026092813,mert_v1,unweighted,0.25,isotonic,5,0.15797734224613508,1.3147677404545508,0,0.012865005182280986,0.015459289921304797,-0.0010485829756680942,0.02436993350791411,0.025418516483582204,1,0,4,True,0.0029117863080064476,0.002023651142887023,-3.4742842923429773e-06,0.00800148460598124,0.008004958890273584,1,0,4,True
2026092813,mert_v1,unweighted,0.25,platt,5,0.1550655559381286,0.489077788302378,0,0.009953218874274538,0.008597456472677206,-0.001738965502954215,0.020523045959743913,0.022262011462698128,1,0,4,True,0.0,0.0,0.0,0.0,0.0,0,5,0,False
2026092813,mert_v1,unweighted,0.25,prior_offset,5,0.14511233706385407,0.44949747851613797,0,0.0,0.0,0.0,0.0,0.0,0,5,0,False,-0.009953218874274538,-0.008597456472677206,-0.020523045959743913,0.001738965502954215,0.022262011462698128,4,0,1,True
2026092813,mert_v1,unweighted,0.25,raw,5,0.14511233706385407,0.44949747851613797,0,0.0,0.0,0.0,0.0,0.0,0,5,0,False,-0.009953218874274538,-0.008597456472677206,-0.020523045959743913,0.001738965502954215,0.022262011462698128,4,0,1,True
2026092813,mert_v1,unweighted,0.25,ridge_platt,5,0.14845364502789185,0.45862282396280774,0,0.0033413079640377654,0.0023687918868396385,0.0,0.008787634843423375,0.008787634843423375,0,1,4,False,-0.0066119109102367735,-0.006139117283158857,-0.01617971388759215,0.001738965502954215,0.017918679390546366,4,0,1,True
2026092813,mert_v1,unweighted,0.25,temperature,5,0.1491266492263555,0.47211186987481213,0,0.004014312162501426,0.0027165503915710654,-0.00010772014496068794,0.009305046474993084,0.009412766619953772,1,0,4,True,-0.005938906711773112,-0.005746590298110449,-0.012210201735011167,0.001631245357993527,0.013841447093004694,4,0,1,True
2026092813,mert_v1,unweighted,0.5,beta,5,0.14661799848740723,0.45519996897037823,0,0.0015056614235531562,-0.0004160676057413937,-0.0010075233692881658,0.007389021162613696,0.008396544531901862,3,0,2,True,-0.00024880945013964204,-0.00022696472293382008,-0.0013862089450176751,0.0009359942720338077,0.002322203217051483,3,0,2,True
2026092813,mert_v1,unweighted,0.5,isotonic,5,0.14989095729103707,0.6895679075627011,0,0.004778620227183001,0.0034989120862820577,0.0015263400623078682,0.008523459181844079,0.00699711911953621,0,0,5,False,0.003024149353490202,0.0025888381592050203,0.0009074732962965626,0.006299325710396458,0.005391852414099896,0,0,5,False
2026092813,mert_v1,unweighted,0.5,platt,5,0.14686680793754686,0.4548190007065613,0,0.0017544708736927984,0.0009100739270770375,-0.0006320695388552788,0.007615985885547516,0.008248055424402795,2,0,3,True,0.0,0.0,0.0,0.0,0.0,0,5,0,False
2026092813,mert_v1,unweighted,0.5,prior_offset,5,0.14511233706385407,0.44949747851613797,0,0.0,0.0,0.0,0.0,0.0,0,5,0,False,-0.0017544708736927984,-0.0009100739270770375,-0.007615985885547516,0.0006320695388552788,0.008248055424402795,3,0,2,True
2026092813,mert_v1,unweighted,0.5,raw,5,0.14511233706385407,0.44949747851613797,0,0.0,0.0,0.0,0.0,0.0,0,5,0,False,-0.0017544708736927984,-0.0009100739270770375,-0.007615985885547516,0.0006320695388552788,0.008248055424402795,3,0,2,True
2026092813,mert_v1,unweighted,0.5,ridge_platt,5,0.14505456030461236,0.4493661231629994,0,-5.7776759241695566e-05,-0.0004100430274276423,-0.000926448394916346,0.001843028876207603,0.002769477271123949,3,0,2,True,-0.0018122476329344938,-0.0013201169545046798,-0.005772957009339913,0.0003020628014731297,0.006075019810813043,4,0,1,True
2026092813,mert_v1,unweighted,0.5,temperature,5,0.14721927462992568,0.4563579859318575,0,0.002106937566071593,0.0011208756461364988,0.0008412726287840844,0.006141867537435675,0.00530059490865159,0,0,5,False,0.00035246669237879444,-2.3466476156641658e-05,-0.0014741183481118414,0.0017529451849917776,0.003227063533103619,3,0,2,True
2026092813,mert_v1,unweighted,1.0,beta,1,0.14441004795846185,0.4479905256756002,0,-0.0007022891053922176,-0.0007022891053922176,-0.0007022891053922176,-0.0007022891053922176,0.0,1,0,0,False,-0.0006142808966498325,-0.0006142808966498325,-0.0006142808966498325,-0.0006142808966498325,0.0,1,0,0,False
2026092813,mert_v1,unweighted,1.0,isotonic,1,0.14750820313408508,0.5529439254499541,0,0.002395866070231012,0.002395866070231012,0.002395866070231012,0.002395866070231012,0.0,0,0,1,False,0.002483874278973397,0.002483874278973397,0.002483874278973397,0.002483874278973397,0.0,0,0,1,False
2026092813,mert_v1,unweighted,1.0,platt,1,0.14502432885511168,0.4485634380571026,0,-8.800820874238502e-05,-8.800820874238502e-05,-8.800820874238502e-05,-8.800820874238502e-05,0.0,1,0,0,False,0.0,0.0,0.0,0.0,0.0,0,1,0,False
2026092813,mert_v1,unweighted,1.0,prior_offset,1,0.14511233706385407,0.4494974785161379,0,0.0,0.0,0.0,0.0,0.0,0,1,0,False,8.800820874238502e-05,8.800820874238502e-05,8.800820874238502e-05,8.800820874238502e-05,0.0,0,0,1,False
2026092813,mert_v1,unweighted,1.0,raw,1,0.14511233706385407,0.4494974785161379,0,0.0,0.0,0.0,0.0,0.0,0,1,0,False,8.800820874238502e-05,8.800820874238502e-05,8.800820874238502e-05,8.800820874238502e-05,0.0,0,0,1,False
2026092813,mert_v1,unweighted,1.0,ridge_platt,1,0.14423540583629516,0.4464561342824235,0,-0.0008769312275589136,-0.0008769312275589136,-0.0008769312275589136,-0.0008769312275589136,0.0,1,0,0,False,-0.0007889230188165286,-0.0007889230188165286,-0.0007889230188165286,-0.0007889230188165286,0.0,1,0,0,False
2026092813,mert_v1,unweighted,1.0,temperature,1,0.14552450567073275,0.4503796180983371,0,0.00041216860687867674,0.00041216860687867674,0.00041216860687867674,0.00041216860687867674,0.0,0,0,1,False,0.0005001768156210618,0.0005001768156210618,0.0005001768156210618,0.0005001768156210618,0.0,0,0,1,False
2026092814,maest,ambient_balanced,0.25,beta,5,0.1459848717854098,0.49177946223009583,0,0.006239257598405185,0.006455949577129555,-0.0005128573280222537,0.01124785586382393,0.011760713191846184,1,0,4,True,0.0020694469192378386,0.002061248348700223,0.0006699551859839503,0.00301032701189205,0.0023403718259080997,0,0,5,False
2026092814,maest,ambient_balanced,0.25,isotonic,5,0.15379491034568066,1.6827230334010443,0,0.014049296158676033,0.013465831070728712,0.004645024414546783,0.023050599685142975,0.01840557527059619,0,0,5,False,0.009879485479508687,0.008035570422105037,0.006044529700876933,0.014860574202391869,0.008816044501514936,0,0,5,False
2026092814,maest,ambient_balanced,0.25,platt,5,0.14391542486617198,0.4842322430528929,0,0.004169810679167346,0.005785994391145605,-0.002574105676722477,0.009218931108834122,0.011793036785556599,1,0,4,True,0.0,0.0,0.0,0.0,0.0,0,5,0,False
2026092814,maest,ambient_balanced,0.25,prior_offset,5,0.1333679043812847,0.42663937958182385,0,-0.006377709805719944,-0.006377709805719944,-0.006377709805719944,-0.006377709805719944,0.0,5,0,0,False,-0.010547520484887291,-0.012163704196865549,-0.015596640914554066,-0.0038036041289974676,0.011793036785556599,5,0,0,False
2026092814,maest,ambient_balanced,0.25,raw,5,0.13974561418700465,0.43898787754448704,0,0.0,0.0,0.0,0.0,0.0,0,5,0,False,-0.004169810679167346,-0.005785994391145605,-0.009218931108834122,0.002574105676722477,0.011793036785556599,4,0,1,True
2026092814,maest,ambient_balanced,0.25,ridge_platt,5,0.14097681040105062,0.46396150774680633,0,0.0012311962140459432,0.0013513918309809303,-0.007133616782501795,0.007671093325283207,0.014804710107785002,2,0,3,True,-0.002938614465121403,-0.003672431116690078,-0.00603647606073926,0.0011231837411525558,0.007159659801891816,4,0,1,True
2026092814,maest,ambient_balanced,0.25,temperature,5,0.14737591150241722,0.49429171414989437,0,0.007630297315412565,0.006636540364865495,0.002409257715633273,0.013878065169718845,0.011468807454085572,0,0,5,False,0.0034604866362452193,0.00498336339235575,-0.0025235514007610482,0.006408332275037121,0.008931883675798169,1,0,4,True
2026092814,maest,ambient_balanced,0.5,beta,5,0.13974753622192568,0.45382537986189775,0,1.922034921020277e-06,-0.0003186091508398936,-0.0018182137038606216,0.002018387450589798,0.0038366011544504197,3,0,2,True,0.0017106952051738956,0.0016171080474318145,0.0005778417589876461,0.0027671878466768163,0.00218934608768917,0,0,5,False
2026092814,maest,ambient_balanced,0.5,isotonic,5,0.1433719135387994,1.0956921031990825,0,0.0036262993517947708,0.003176822315627159,0.0006535116186668355,0.0075558907965140865,0.006902379177847251,0,0,5,False,0.005335072522047646,0.004382852796111419,0.0037393086161835454,0.008282292587026535,0.00454298397084299,0,0,5,False
2026092814,maest,ambient_balanced,0.5,platt,5,0.13803684101675176,0.4464002624500957,0,-0.0017087731702528752,-0.0028050266071274477,-0.003367186147709922,0.001440545691602152,0.004807731839312074,4,0,1,True,0.0,0.0,0.0,0.0,0.0,0,5,0,False
2026092814,maest,ambient_balanced,0.5,prior_offset,5,0.1333679043812847,0.42663937958182385,0,-0.006377709805719944,-0.006377709805719944,-0.006377709805719944,-0.006377709805719944,0.0,5,0,0,False,-0.004668936635467069,-0.0035726831985924967,-0.007818255497322096,-0.0030105236580100225,0.004807731839312074,5,0,0,False
2026092814,maest,ambient_balanced,0.5,raw,5,0.13974561418700465,0.43898787754448704,0,0.0,0.0,0.0,0.0,0.0,0,5,0,False,0.0017087731702528752,0.0028050266071274477,-0.001440545691602152,0.003367186147709922,0.004807731839312074,1,0,4,True
2026092814,maest,ambient_balanced,0.5,ridge_platt,5,0.1342065905301197,0.42871908155755234,0,-0.005539023656884923,-0.005799925181768889,-0.0068870557103697105,-0.003803529304765907,0.0030835264056038036,5,0,0,False,-0.0038302504866320475,-0.0035198695626597887,-0.005244074996368059,-0.0023815272843265844,0.0028625477120414744,5,0,0,False
2026092814,maest,ambient_balanced,0.5,temperature,5,0.14341381628924071,0.458057662427389,0,0.0036682021022360622,0.0030888867050057334,0.0007344145999602925,0.007299399865212497,0.0065649852652522045,0,0,5,False,0.005376975272488938,0.005668197144124976,0.0016483410134035814,0.008025801655724946,0.006377460642321364,0,0,5,False
2026092814,maest,ambient_balanced,1.0,beta,1,0.13467428933047138,0.42416908030091083,0,-0.005071324856533277,-0.005071324856533277,-0.005071324856533277,-0.005071324856533277,0.0,1,0,0,False,0.0008942846613200217,0.0008942846613200217,0.0008942846613200217,0.0008942846613200217,0.0,0,0,1,False
2026092814,maest,ambient_balanced,1.0,isotonic,1,0.13894941384142917,0.6553566383623509,0,-0.0007962003455754818,-0.0007962003455754818,-0.0007962003455754818,-0.0007962003455754818,0.0,1,0,0,False,0.005169409172277817,0.005169409172277817,0.005169409172277817,0.005169409172277817,0.0,0,0,1,False
2026092814,maest,ambient_balanced,1.0,platt,1,0.13378000466915135,0.42408093975466166,0,-0.005965609517853299,-0.005965609517853299,-0.005965609517853299,-0.005965609517853299,0.0,1,0,0,False,0.0,0.0,0.0,0.0,0.0,0,1,0,False
2026092814,maest,ambient_balanced,1.0,prior_offset,1,0.1333679043812847,0.4266393795818239,0,-0.006377709805719944,-0.006377709805719944,-0.006377709805719944,-0.006377709805719944,0.0,1,0,0,False,-0.00041210028786664576,-0.00041210028786664576,-0.00041210028786664576,-0.00041210028786664576,0.0,1,0,0,False
2026092814,maest,ambient_balanced,1.0,raw,1,0.13974561418700465,0.4389878775444871,0,0.0,0.0,0.0,0.0,0.0,0,1,0,False,0.005965609517853299,0.005965609517853299,0.005965609517853299,0.005965609517853299,0.0,0,0,1,False
2026092814,maest,ambient_balanced,1.0,ridge_platt,1,0.13318905480644433,0.4247186730285707,0,-0.006556559380560323,-0.006556559380560323,-0.006556559380560323,-0.006556559380560323,0.0,1,0,0,False,-0.0005909498627070242,-0.0005909498627070242,-0.0005909498627070242,-0.0005909498627070242,0.0,1,0,0,False
2026092814,maest,ambient_balanced,1.0,temperature,1,0.1405444783365539,0.44063284503142547,0,0.0007988641495492443,0.0007988641495492443,0.0007988641495492443,0.0007988641495492443,0.0,0,0,1,False,0.006764473667402543,0.006764473667402543,0.006764473667402543,0.006764473667402543,0.0,0,0,1,False
2026092814,maest,unweighted,0.25,beta,5,0.14553282158652492,0.491259827558477,0,0.013346697320099327,0.013200788186169488,0.006808552821368968,0.01939009230200539,0.012581539480636422,0,0,5,False,0.002136922741572517,0.0021526701904074352,0.00038155696866612465,0.003135005578936506,0.0027534486102703815,0,0,5,False
2026092814,maest,unweighted,0.25,isotonic,5,0.15261278630005387,1.6031710545582467,0,0.020426662033628324,0.0190340470181235,0.012467568820106967,0.027325046672201647,0.01485747785209468,0,0,5,False,0.009216887455101514,0.009481388921394301,0.006214815800620138,0.011677992541841264,0.005463176741221126,0,0,5,False
2026092814,maest,unweighted,0.25,platt,5,0.14339589884495238,0.4825261018095423,0,0.01120977457852681,0.012819231217503363,0.004655882630961533,0.016426492849695218,0.011770610218733685,0,0,5,False,0.0,0.0,0.0,0.0,0.0,0,5,0,False
2026092814,maest,unweighted,0.25,prior_offset,5,0.13218612426642556,0.4213088050358433,0,0.0,0.0,0.0,0.0,0.0,0,5,0,False,-0.01120977457852681,-0.012819231217503363,-0.016426492849695218,-0.004655882630961533,0.011770610218733685,5,0,0,False
2026092814,maest,unweighted,0.25,raw,5,0.13218612426642556,0.4213088050358433,0,0.0,0.0,0.0,0.0,0.0,0,5,0,False,-0.01120977457852681,-0.012819231217503363,-0.016426492849695218,-0.004655882630961533,0.011770610218733685,5,0,0,False
2026092814,maest,unweighted,0.25,ridge_platt,5,0.13948502104494198,0.4593156442592841,0,0.007298896778516434,0.006914356207533001,-0.00014531722147231863,0.013751275058638823,0.013896592280111142,1,0,4,True,-0.003910877800010376,-0.004755366203846395,-0.007041140159803921,-0.00028146499291131777,0.006759675166892604,5,0,0,False
2026092814,maest,unweighted,0.25,temperature,5,0.13873679119795138,0.47181764601603876,0,0.0065506669315258,0.005156661360169679,0.002380416520760348,0.010728999460082128,0.00834858293932178,0,0,5,False,-0.004659107647001009,-0.004541076066055805,-0.007662569857333684,-0.0022754661102011853,0.005387103747132499,5,0,0,False
2026092814,maest,unweighted,0.5,beta,5,0.13925574212662348,0.45138672292754745,0,0.0070696178601979244,0.006538443116083648,0.0050882057330222386,0.009366916477836384,0.004278710744814146,0,0,5,False,0.0017766594651975943,0.0015387414294739665,0.0006395785493347184,0.0032421690677796045,0.002602590518444886,0,0,5,False
2026092814,maest,unweighted,0.5,isotonic,5,0.14281988023754796,1.0988930926718585,0,0.010633755971122422,0.00973040431577199,0.007185825700513987,0.014634569677055648,0.007448743976541661,0,0,5,False,0.005340797576122091,0.004783637273380353,0.0032829763797261324,0.008509822266998868,0.005226845887272735,0,0,5,False
2026092814,maest,unweighted,0.5,platt,5,0.1374790826614259,0.4442185979136705,0,0.00529295839500033,0.00426099124891835,0.003684613079165955,0.008491590916072711,0.004806977836906756,0,0,5,False,0.0,0.0,0.0,0.0,0.0,0,5,0,False
2026092814,maest,unweighted,0.5,prior_offset,5,0.13218612426642556,0.4213088050358433,0,0.0,0.0,0.0,0.0,0.0,0,5,0,False,-0.00529295839500033,-0.00426099124891835,-0.008491590916072711,-0.003684613079165955,0.004806977836906756,5,0,0,False
2026092814,maest,unweighted,0.5,raw,5,0.13218612426642556,0.4213088050358433,0,0.0,0.0,0.0,0.0,0.0,0,5,0,False,-0.00529295839500033,-0.00426099124891835,-0.008491590916072711,-0.003684613079165955,0.004806977836906756,5,0,0,False
2026092814,maest,unweighted,0.5,ridge_platt,5,0.1329012394148192,0.4238630674594587,0,0.0007151151483936579,0.0006583446883017541,-0.0005356186711570066,0.002542360034637009,0.0030779787057940156,1,0,4,True,-0.004577843246606672,-0.004220231750322961,-0.005949230881435702,-0.0032445046324861004,0.0027047262489496016,5,0,0,False
2026092814,maest,unweighted,0.5,temperature,5,0.13558185724518526,0.44082760181528524,0,0.0033957329787596855,0.004068383088951383,0.0006815221648093783,0.006637498082835702,0.005955975918026324,0,0,5,False,-0.0018972254162406444,-0.0028216831046070368,-0.004339637503182059,0.0005127506727789222,0.004852388175960981,3,0,2,True
2026092814,maest,unweighted,1.0,beta,1,0.13407485425935867,0.4223500818244379,0,0.0018887299929331025,0.0018887299929331025,0.0018887299929331025,0.0018887299929331025,0.0,0,0,1,False,0.0008687028889756976,0.0008687028889756976,0.0008687028889756976,0.0008687028889756976,0.0,0,0,1,False
2026092814,maest,unweighted,1.0,isotonic,1,0.13806002643180781,0.6833748224210685,0,0.00587390216538225,0.00587390216538225,0.00587390216538225,0.00587390216538225,0.0,0,0,1,False,0.004853875061424845,0.004853875061424845,0.004853875061424845,0.004853875061424845,0.0,0,0,1,False
2026092814,maest,unweighted,1.0,platt,1,0.13320615137038297,0.42220827285153917,0,0.001020027103957405,0.001020027103957405,0.001020027103957405,0.001020027103957405,0.0,0,0,1,False,0.0,0.0,0.0,0.0,0.0,0,1,0,False
2026092814,maest,unweighted,1.0,prior_offset,1,0.13218612426642556,0.42130880503584334,0,0.0,0.0,0.0,0.0,0.0,0,1,0,False,-0.001020027103957405,-0.001020027103957405,-0.001020027103957405,-0.001020027103957405,0.0,1,0,0,False
2026092814,maest,unweighted,1.0,raw,1,0.13218612426642556,0.42130880503584334,0,0.0,0.0,0.0,0.0,0.0,0,1,0,False,-0.001020027103957405,-0.001020027103957405,-0.001020027103957405,-0.001020027103957405,0.0,1,0,0,False
2026092814,maest,unweighted,1.0,ridge_platt,1,0.13230185083416907,0.421858972552007,0,0.00011572656774350154,0.00011572656774350154,0.00011572656774350154,0.00011572656774350154,0.0,0,0,1,False,-0.0009043005362139034,-0.0009043005362139034,-0.0009043005362139034,-0.0009043005362139034,0.0,1,0,0,False
2026092814,maest,unweighted,1.0,temperature,1,0.13266108350601521,0.4224833599130795,0,0.0004749592395896507,0.0004749592395896507,0.0004749592395896507,0.0004749592395896507,0.0,0,0,1,False,-0.0005450678643677542,-0.0005450678643677542,-0.0005450678643677542,-0.0005450678643677542,0.0,1,0,0,False
2026092814,mert_v0,ambient_balanced,0.25,beta,5,0.15444543779040681,0.5006426608046304,0,0.0014051464604974417,0.0019430545831257695,-0.01015702053785586,0.012352507741698465,0.022509528279554325,2,0,3,True,-2.510622656126116e-05,0.00028512475140127225,-0.001994793563140418,0.002167576095702589,0.004162369658843007,2,0,3,True
2026092814,mert_v0,ambient_balanced,0.25,isotonic,5,0.16059469104526747,1.4341991592836343,0,0.007554399715358107,0.004977153740839568,-0.0033124734039547965,0.023907163016760324,0.02721963642071512,1,0,4,True,0.0061241470282994035,0.007218533539331801,-7.830730563457289e-05,0.011839780026463131,0.011918087332097704,1,0,4,True
2026092814,mert_v0,ambient_balanced,0.25,platt,5,0.15447054401696808,0.5041497455967916,0,0.0014302526870587028,0.0014774599812429623,-0.010531006943286597,0.012067382990297193,0.02259838993358379,2,0,3,True,0.0,0.0,0.0,0.0,0.0,0,5,0,False
2026092814,mert_v0,ambient_balanced,0.25,prior_offset,5,0.14295774954868998,0.4517306048118151,0,-0.010082541781219395,-0.010082541781219395,-0.010082541781219395,-0.010082541781219395,0.0,5,0,0,False,-0.011512794468278098,-0.011560001762462357,-0.022149924771516588,0.000448465162067202,0.02259838993358379,4,0,1,True
2026092814,mert_v0,ambient_balanced,0.25,raw,5,0.15304029132990937,0.4760717979277569,0,0.0,0.0,0.0,0.0,0.0,0,5,0,False,-0.0014302526870587028,-0.0014774599812429623,-0.012067382990297193,0.010531006943286597,0.02259838993358379,3,0,2,True
2026092814,mert_v0,ambient_balanced,0.25,ridge_platt,5,0.15189289379965848,0.4884562890661324,0,-0.0011473975302509099,-0.0029072621673775223,-0.009702819430470994,0.00958231517851102,0.019285134608982013,3,0,2,True,-0.002577650217309613,-0.0026434101794021725,-0.005905219953374619,0.0008281875128156035,0.006733407466190222,4,0,1,True
2026092814,mert_v0,ambient_balanced,0.25,temperature,5,0.15842136386507422,0.512584590790063,0,0.005381072535164816,0.004761455046329466,0.0013476028377083504,0.008614396707371963,0.0072667938696636125,0,0,5,False,0.003950819848106113,0.004252447787755187,-0.00425978676570965,0.011878609780994948,0.016138396546704598,1,0,4,True
2026092814,mert_v0,ambient_balanced,0.5,beta,5,0.14788030686264814,0.46968970292563217,0,-0.00515998446726122,-0.00486195314579177,-0.007370370768414458,-0.004137198783681406,0.003233171984733052,5,0,0,False,0.0003075196460447571,0.0003942674215389186,-4.0263980243898656e-05,0.0005441460777624585,0.0005844100580063571,1,0,4,True
2026092814,mert_v0,ambient_balanced,0.5,isotonic,5,0.1496678161064811,0.9919405625000041,0,-0.003372475223428284,-0.0026417260070581705,-0.00573250706711656,-0.0012323589439776073,0.004500148123138953,5,0,0,False,0.0020950288898776924,0.0018988362156353855,0.00034841371236726815,0.004339760328596509,0.003991346616229241,0,0,5,False
2026092814,mert_v0,ambient_balanced,0.5,platt,5,0.14757278721660338,0.46933957598635906,0,-0.005467504113305976,-0.005406099223554228,-0.007773260237004448,-0.0040969348034375075,0.0036763254335669404,5,0,0,False,0.0,0.0,0.0,0.0,0.0,0,5,0,False
2026092814,mert_v0,ambient_balanced,0.5,prior_offset,5,0.14295774954868998,0.4517306048118151,0,-0.010082541781219395,-0.010082541781219395,-0.010082541781219395,-0.010082541781219395,0.0,5,0,0,False,-0.004615037667913419,-0.004676442557665167,-0.005985606977781888,-0.0023092815442149472,0.0036763254335669404,5,0,0,False
2026092814,mert_v0,ambient_balanced,0.5,raw,5,0.15304029132990937,0.4760717979277569,0,0.0,0.0,0.0,0.0,0.0,0,5,0,False,0.005467504113305976,0.005406099223554228,0.0040969348034375075,0.007773260237004448,0.0036763254335669404,0,0,5,False
2026092814,mert_v0,ambient_balanced,0.5,ridge_platt,5,0.14407250777409053,0.456563276082014,0,-0.008967783555818848,-0.009688094306788436,-0.01014730321718682,-0.006882588146907537,0.0032647150702792838,5,0,0,False,-0.003500279442512871,-0.0039362660280555795,-0.005598624246758777,-0.0013104688743334203,0.004288155372425356,5,0,0,False
2026092814,mert_v0,ambient_balanced,0.5,temperature,5,0.15528819387896758,0.48914762439609716,0,0.0022479025490582394,0.0025249981192474735,0.0005893395264768564,0.0034865517351334863,0.00289721220865663,0,0,5,False,0.007715406662364216,0.007583486538570994,0.0069829715427733585,0.008362599763481304,0.0013796282207079458,0,0,5,False
2026092814,mert_v0,ambient_balanced,1.0,beta,1,0.14298644479631284,0.4493111418637027,0,-0.010053846533596533,-0.010053846533596533,-0.010053846533596533,-0.010053846533596533,0.0,1,0,0,False,0.0011159286480909025,0.0011159286480909025,0.0011159286480909025,0.0011159286480909025,0.0,0,0,1,False
2026092814,mert_v0,ambient_balanced,1.0,isotonic,1,0.1454048004268595,0.827493445113414,0,-0.00763549090304988,-0.00763549090304988,-0.00763549090304988,-0.00763549090304988,0.0,1,0,0,False,0.003534284278637556,0.003534284278637556,0.003534284278637556,0.003534284278637556,0.0,0,0,1,False
2026092814,mert_v0,ambient_balanced,1.0,platt,1,0.14187051614822194,0.44615762284106864,0,-0.011169775181687436,-0.011169775181687436,-0.011169775181687436,-0.011169775181687436,0.0,1,0,0,False,0.0,0.0,0.0,0.0,0.0,0,1,0,False
2026092814,mert_v0,ambient_balanced,1.0,prior_offset,1,0.14295774954868998,0.45173060481181504,0,-0.010082541781219395,-0.010082541781219395,-0.010082541781219395,-0.010082541781219395,0.0,1,0,0,False,0.0010872334004680406,0.0010872334004680406,0.0010872334004680406,0.0010872334004680406,0.0,0,0,1,False
2026092814,mert_v0,ambient_balanced,1.0,raw,1,0.15304029132990937,0.4760717979277569,0,0.0,0.0,0.0,0.0,0.0,0,1,0,False,0.011169775181687436,0.011169775181687436,0.011169775181687436,0.011169775181687436,0.0,0,0,1,False
2026092814,mert_v0,ambient_balanced,1.0,ridge_platt,1,0.14285196561929495,0.4509575111673161,0,-0.010188325710614426,-0.010188325710614426,-0.010188325710614426,-0.010188325710614426,0.0,1,0,0,False,0.0009814494710730093,0.0009814494710730093,0.0009814494710730093,0.0009814494710730093,0.0,0,0,1,False
2026092814,mert_v0,ambient_balanced,1.0,temperature,1,0.15244006375036856,0.47348626281784467,0,-0.000600227579540813,-0.000600227579540813,-0.000600227579540813,-0.000600227579540813,0.0,1,0,0,False,0.010569547602146623,0.010569547602146623,0.010569547602146623,0.010569547602146623,0.0,0,0,1,False
2026092814,mert_v0,unweighted,0.25,beta,5,0.1552176088762352,0.5031366946015507,0,0.012533888783885127,0.012183091879684443,0.00023817030914516368,0.026081090082692465,0.0258429197735473,0,0,5,False,0.0006744178260767563,0.0006100777808492885,-0.0011304943119267719,0.0028113353856814294,0.003941829697608201,2,0,3,True
2026092814,mert_v0,unweighted,0.25,isotonic,5,0.15933030307437202,1.316685205237285,0,0.01664658298202195,0.018219129544765983,0.006665826370400946,0.024811536199640355,0.01814570982923941,0,0,5,False,0.00478711202421358,0.00361237042283466,0.0002089725290217448,0.011534701824477106,0.011325729295455361,0,0,5,False
2026092814,mert_v0,unweighted,0.25,platt,5,0.15454319105015843,0.5043033193997469,0,0.011859470957808371,0.011783816500182676,-0.00037190747170412486,0.023269754697011036,0.02364166216871516,1,0,4,True,0.0,0.0,0.0,0.0,0.0,0,5,0,False
2026092814,mert_v0,unweighted,0.25,prior_offset,5,0.14268372009235006,0.450867019979179,0,0.0,0.0,0.0,0.0,0.0,0,5,0,False,-0.011859470957808371,-0.011783816500182676,-0.023269754697011036,0.00037190747170412486,0.02364166216871516,4,0,1,True
2026092814,mert_v0,unweighted,0.25,raw,5,0.14268372009235006,0.450867019979179,0,0.0,0.0,0.0,0.0,0.0,0,5,0,False,-0.011859470957808371,-0.011783816500182676,-0.023269754697011036,0.00037190747170412486,0.02364166216871516,4,0,1,True
2026092814,mert_v0,unweighted,0.25,ridge_platt,5,0.15012272279367983,0.484107673619409,0,0.007439002701329795,0.006520151054763251,-0.00014673891575006648,0.01917064635170901,0.019317385267459075,2,0,3,True,-0.0044204682564785765,-0.0034887808868576953,-0.011821268661967532,0.00022516855595405838,0.01204643721792159,4,0,1,True
2026092814,mert_v0,unweighted,0.25,temperature,5,0.14725694527244823,0.48465754209989004,0,0.004573225180098195,0.006148552864086415,0.000718078268597433,0.007979965793944083,0.00726188752534665,0,0,5,False,-0.007286245777710176,-0.00662679332798724,-0.01712120183292462,0.0010899857403015578,0.01821118757322618,4,0,1,True
2026092814,mert_v0,unweighted,0.5,beta,5,0.14795848577453627,0.46937647160198936,0,0.005274765682186211,0.005559235500567,0.0030442417042963466,0.006208371394245321,0.0031641296899489746,0,0,5,False,0.0003760796062583782,0.0004967323678881641,7.769298398241364e-06,0.0005564612738665764,0.000548691975468335,0,0,5,False
2026092814,mert_v0,unweighted,0.5,isotonic,5,0.1500483282907236,0.98039709908563,0,0.007364608198373523,0.008065358352274232,0.004959701813292333,0.008624739054376551,0.003665037241084218,0,0,5,False,0.0024659221224456905,0.0024241369585294714,0.0018304757405479266,0.0033448757038043453,0.0015143999632564187,0,0,5,False
2026092814,mert_v0,unweighted,0.5,platt,5,0.1475824061682779,0.4693651651185431,0,0.004898686075927833,0.005062503132678836,0.0025129761261409034,0.00620060209584708,0.0036876259697061764,0,0,5,False,0.0,0.0,0.0,0.0,0.0,0,5,0,False
2026092814,mert_v0,unweighted,0.5,prior_offset,5,0.14268372009235006,0.450867019979179,0,0.0,0.0,0.0,0.0,0.0,0,5,0,False,-0.004898686075927833,-0.005062503132678836,-0.00620060209584708,-0.0025129761261409034,0.0036876259697061764,5,0,0,False
2026092814,mert_v0,unweighted,0.5,raw,5,0.14268372009235006,0.450867019979179,0,0.0,0.0,0.0,0.0,0.0,0,5,0,False,-0.004898686075927833,-0.005062503132678836,-0.00620060209584708,-0.0025129761261409034,0.0036876259697061764,5,0,0,False
2026092814,mert_v0,unweighted,0.5,ridge_platt,5,0.14320511416330595,0.4540975394318153,0,0.0005213940709558774,0.0006942274487250211,-0.00026643195186618063,0.0012398197989633986,0.0015062517508295792,1,1,3,True,-0.004377292004971956,-0.004542142031115554,-0.005506374647122059,-0.002779408078007084,0.0027269665691149747,5,0,0,False
2026092814,mert_v0,unweighted,0.5,temperature,5,0.14471752913782276,0.4637874192451223,0,0.0020338090454727065,0.001249192401534871,-0.00032096333190179127,0.004557177952404345,0.004878141284306137,1,0,4,True,-0.0028648770304551263,-0.0028339394580426946,-0.004600614939669484,-0.001560211817762197,0.003040403121907287,5,0,0,False
2026092814,mert_v0,unweighted,1.0,beta,1,0.1430821835743841,0.44916033517361953,0,0.00039846348203403936,0.00039846348203403936,0.00039846348203403936,0.00039846348203403936,0.0,0,0,1,False,0.0011405911336325736,0.0011405911336325736,0.0011405911336325736,0.0011405911336325736,0.0,0,0,1,False
2026092814,mert_v0,unweighted,1.0,isotonic,1,0.14508071040072779,0.7962477787026706,0,0.0023969903083777278,0.0023969903083777278,0.0023969903083777278,0.0023969903083777278,0.0,0,0,1,False,0.003139117959976262,0.003139117959976262,0.003139117959976262,0.003139117959976262,0.0,0,0,1,False
2026092814,mert_v0,unweighted,1.0,platt,1,0.14194159244075152,0.4463565448583757,0,-0.0007421276515985342,-0.0007421276515985342,-0.0007421276515985342,-0.0007421276515985342,0.0,1,0,0,False,0.0,0.0,0.0,0.0,0.0,0,1,0,False
2026092814,mert_v0,unweighted,1.0,prior_offset,1,0.14268372009235006,0.45086701997917894,0,0.0,0.0,0.0,0.0,0.0,0,1,0,False,0.0007421276515985342,0.0007421276515985342,0.0007421276515985342,0.0007421276515985342,0.0,0,0,1,False
2026092814,mert_v0,unweighted,1.0,raw,1,0.14268372009235006,0.45086701997917894,0,0.0,0.0,0.0,0.0,0.0,0,1,0,False,0.0007421276515985342,0.0007421276515985342,0.0007421276515985342,0.0007421276515985342,0.0,0,0,1,False
2026092814,mert_v0,unweighted,1.0,ridge_platt,1,0.14252215617042188,0.4504042811198957,0,-0.00016156392192817615,-0.00016156392192817615,-0.00016156392192817615,-0.00016156392192817615,0.0,1,0,0,False,0.0005805637296703581,0.0005805637296703581,0.0005805637296703581,0.0005805637296703581,0.0,0,0,1,False
2026092814,mert_v0,unweighted,1.0,temperature,1,0.14196115804520337,0.44812393265398576,0,-0.0007225620471466854,-0.0007225620471466854,-0.0007225620471466854,-0.0007225620471466854,0.0,1,0,0,False,1.956560445184885e-05,1.956560445184885e-05,1.956560445184885e-05,1.956560445184885e-05,0.0,0,0,1,False
2026092814,mert_v1,ambient_balanced,0.25,beta,5,0.15382565229432715,0.4955709013127196,0,-0.0006191787260738824,0.001850946697939726,-0.010642159522529115,0.005989586890893295,0.01663174641342241,2,0,3,True,0.00052945610720459,0.0011794512054934814,-0.0016305356620495148,0.0025938915452068945,0.004224427207256409,2,0,3,True
2026092814,mert_v1,ambient_balanced,0.25,isotonic,5,0.159352540188642,1.29138446347516,0,0.004907709168240964,0.007416040208485936,-0.002897456612596716,0.008952000141762617,0.011849456754359333,1,0,4,True,0.006056344001519437,0.008158985055753104,-0.00013184257310477898,0.012878064846963327,0.013009907420068106,1,0,4,True
2026092814,mert_v1,ambient_balanced,0.25,platt,5,0.15329619618712256,0.49392789548364446,0,-0.0011486348332784724,-0.0007429448472671685,-0.011992607839118985,0.00762012255294281,0.019612730392061795,3,0,2,True,0.0,0.0,0.0,0.0,0.0,0,5,0,False
2026092814,mert_v1,ambient_balanced,0.25,prior_offset,5,0.14293520550543143,0.4512339547574518,0,-0.011509625514969618,-0.011509625514969618,-0.011509625514969618,-0.011509625514969618,0.0,5,0,0,False,-0.010360990681691145,-0.01076668066770245,-0.019129748067912428,0.0004829823241493669,0.019612730392061795,4,0,1,True
2026092814,mert_v1,ambient_balanced,0.25,raw,5,0.15444483102040105,0.47892877218728663,0,0.0,0.0,0.0,0.0,0.0,0,5,0,False,0.0011486348332784724,0.0007429448472671685,-0.00762012255294281,0.011992607839118985,0.019612730392061795,2,0,3,True
2026092814,mert_v1,ambient_balanced,0.25,ridge_platt,5,0.15041431516109402,0.48124377272602975,0,-0.0040305158593070215,-0.0021337615160505197,-0.012021501147250646,0.001612435797990891,0.013633936945241537,4,0,1,True,-0.002881881026028549,-0.0016858848742608012,-0.009243851009105492,-2.8893308131661133e-05,0.00921495770097383,5,0,0,False
2026092814,mert_v1,ambient_balanced,0.25,temperature,5,0.15907629506127036,0.5108190054570565,0,0.0046314640408692985,0.0045341950971669875,0.00019243159323803494,0.008914738291463248,0.008722306698225213,0,0,5,False,0.005780098874147771,0.004624189742418988,0.0012946157385204382,0.01218503943235702,0.010890423693836582,0,0,5,False
2026092814,mert_v1,ambient_balanced,0.5,beta,5,0.14744160583240945,0.46765848085205974,0,-0.007003225187991596,-0.0072745477860327035,-0.009200671135724509,-0.00493902781169539,0.0042616433240291185,5,0,0,False,0.0008281875404307526,0.0005833588517948352,0.0004032453535487701,0.0017755286562392558,0.0013722833026904857,0,0,5,False
2026092814,mert_v1,ambient_balanced,0.5,isotonic,5,0.15208686558569634,0.9921096888099203,0,-0.0023579654347047063,-0.0018265320469562363,-0.006252804394730804,-0.00018065260651900505,0.006072151788211799,5,0,0,False,0.005473447293717642,0.0042196235144272565,0.001844942522366444,0.008995623091396537,0.007150680569030093,0,0,5,False
2026092814,mert_v1,ambient_balanced,0.5,platt,5,0.14661341829197871,0.46677090650535524,0,-0.00783141272842235,-0.008097746917097248,-0.009784029987519344,-0.005494633521201747,0.0042893964663175965,5,0,0,False,0.0,0.0,0.0,0.0,0.0,0,5,0,False
2026092814,mert_v1,ambient_balanced,0.5,prior_offset,5,0.14293520550543143,0.4512339547574518,0,-0.011509625514969618,-0.011509625514969618,-0.011509625514969618,-0.011509625514969618,0.0,5,0,0,False,-0.0036782127865472693,-0.00341187859787237,-0.006014991993767871,-0.0017255955274502743,0.0042893964663175965,5,0,0,False
2026092814,mert_v1,ambient_balanced,0.5,raw,5,0.15444483102040105,0.47892877218728663,0,0.0,0.0,0.0,0.0,0.0,0,5,0,False,0.00783141272842235,0.008097746917097248,0.005494633521201747,0.009784029987519344,0.0042893964663175965,0,0,5,False
2026092814,mert_v1,ambient_balanced,0.5,ridge_platt,5,0.14403967385080535,0.4564262628450947,0,-0.010405157169595674,-0.010175895207395091,-0.01162096320288808,-0.009536990247809768,0.0020839729550783115,5,0,0,False,-0.0025737444411733255,-0.002932612729431905,-0.004681261686193344,-0.0007321130427183076,0.003949148643475037,5,0,0,False
2026092814,mert_v1,ambient_balanced,0.5,temperature,5,0.1563592007866202,0.49004545963801344,0,0.0019143697662191207,0.0015386654534483568,0.00027218844786211505,0.004723229772434084,0.004451041324571969,0,0,5,False,0.00974578249464147,0.010217863293635832,0.008369935364959363,0.0107149411513639,0.002345005786404536,0,0,5,False
2026092814,mert_v1,ambient_balanced,1.0,beta,1,0.14316543708900697,0.4504796027481792,0,-0.011279393931394072,-0.011279393931394072,-0.011279393931394072,-0.011279393931394072,0.0,1,0,0,False,0.0013135184106093656,0.0013135184106093656,0.0013135184106093656,0.0013135184106093656,0.0,0,0,1,False
2026092814,mert_v1,ambient_balanced,1.0,isotonic,1,0.14706101691525336,0.7133138364871637,0,-0.007383814105147685,-0.007383814105147685,-0.007383814105147685,-0.007383814105147685,0.0,1,0,0,False,0.005209098236855753,0.005209098236855753,0.005209098236855753,0.005209098236855753,0.0,0,0,1,False
2026092814,mert_v1,ambient_balanced,1.0,platt,1,0.1418519186783976,0.44710451046524163,0,-0.012592912342003437,-0.012592912342003437,-0.012592912342003437,-0.012592912342003437,0.0,1,0,0,False,0.0,0.0,0.0,0.0,0.0,0,1,0,False
2026092814,mert_v1,ambient_balanced,1.0,prior_offset,1,0.14293520550543143,0.45123395475745176,0,-0.011509625514969618,-0.011509625514969618,-0.011509625514969618,-0.011509625514969618,0.0,1,0,0,False,0.0010832868270338192,0.0010832868270338192,0.0010832868270338192,0.0010832868270338192,0.0,0,0,1,False
2026092814,mert_v1,ambient_balanced,1.0,raw,1,0.15444483102040105,0.47892877218728663,0,0.0,0.0,0.0,0.0,0.0,0,1,0,False,0.012592912342003437,0.012592912342003437,0.012592912342003437,0.012592912342003437,0.0,0,0,1,False
2026092814,mert_v1,ambient_balanced,1.0,ridge_platt,1,0.1428436061826695,0.4507989386387534,0,-0.011601224837731544,-0.011601224837731544,-0.011601224837731544,-0.011601224837731544,0.0,1,0,0,False,0.0009916875042718931,0.0009916875042718931,0.0009916875042718931,0.0009916875042718931,0.0,0,0,1,False
2026092814,mert_v1,ambient_balanced,1.0,temperature,1,0.1538734700633926,0.4764624663187491,0,-0.0005713609570084377,-0.0005713609570084377,-0.0005713609570084377,-0.0005713609570084377,0.0,1,0,0,False,0.012021551384995,0.012021551384995,0.012021551384995,0.012021551384995,0.0,0,0,1,False
2026092814,mert_v1,unweighted,0.25,beta,5,0.15381252235384263,0.4956504397601744,0,0.010940987327865841,0.013248843483705669,0.0009976275461478779,0.01779214014766753,0.01679451260151965,0,0,5,False,0.0005809637218518848,0.0008851248061162997,-0.0009343401125705697,0.002515930397249372,0.0034502705098199415,2,0,3,True
2026092814,mert_v1,unweighted,0.25,isotonic,5,0.15954370289054123,1.3353353798408727,0,0.016672167864564408,0.01903501395742238,0.007465962399902493,0.022500243302334633,0.01503428090243214,0,0,5,False,0.006312144258550451,0.007836663449081321,0.0001806798254126163,0.014645709410221502,0.014465029584808886,0,0,5,False
2026092814,mert_v1,unweighted,0.25,platt,5,0.15323155863199073,0.4941384815616951,0,0.010360023606013957,0.010732913086456297,-0.00037070104917882873,0.018722365224529913,0.019093066273708742,1,0,4,True,0.0,0.0,0.0,0.0,0.0,0,5,0,False
2026092814,mert_v1,unweighted,0.25,prior_offset,5,0.1428715350259768,0.451265220025724,0,0.0,0.0,0.0,0.0,0.0,0,5,0,False,-0.010360023606013957,-0.010732913086456297,-0.018722365224529913,0.00037070104917882873,0.019093066273708742,4,0,1,True
2026092814,mert_v1,unweighted,0.25,raw,5,0.1428715350259768,0.451265220025724,0,0.0,0.0,0.0,0.0,0.0,0,5,0,False,-0.010360023606013957,-0.010732913086456297,-0.018722365224529913,0.00037070104917882873,0.019093066273708742,4,0,1,True
2026092814,mert_v1,unweighted,0.25,ridge_platt,5,0.14866126623642795,0.4767167515814929,0,0.005789731210451132,0.006762168029466498,-0.0006883268098616113,0.012883901393912267,0.013572228203773878,1,0,4,True,-0.004570292395562825,-0.0039707450569897995,-0.008965694818315856,-0.0003176257606827826,0.008648069057633073,5,0,0,False
2026092814,mert_v1,unweighted,0.25,temperature,5,0.1472043455002984,0.48410029934740334,0,0.004332810474321597,0.004937409229627432,0.00017636948518118256,0.007920181308092328,0.007743811822911145,0,0,5,False,-0.00602721313169236,-0.005065958297259726,-0.010802183916437585,0.0005470705343600113,0.011349254450797597,4,0,1,True
2026092814,mert_v1,unweighted,0.5,beta,5,0.14739879786010252,0.4675773930899128,0,0.00452726283412574,0.004304568792059454,0.0020164525404358924,0.006782777928629857,0.004766325388193965,0,0,5,False,0.0007254972123340086,0.0006893185498253185,0.0002190657096357851,0.0015894493878144678,0.0013703836781786827,0,0,5,False
2026092814,mert_v1,unweighted,0.5,isotonic,5,0.15162133417809226,0.9970581284150857,0,0.008749799152115456,0.009073258498984688,0.004913014077997491,0.010711840010275947,0.005798825932278456,0,0,5,False,0.004948033530323725,0.0041249488991407235,0.0013935207885945877,0.008275343084387737,0.00688182229579315,0,0,5,False
2026092814,mert_v1,unweighted,0.5,platt,5,0.14667330064776857,0.4672611884663381,0,0.0038017656217917304,0.003519493289402903,0.0017973868308001073,0.006028518984666692,0.004231132153866585,0,0,5,False,0.0,0.0,0.0,0.0,0.0,0,5,0,False
2026092814,mert_v1,unweighted,0.5,prior_offset,5,0.1428715350259768,0.451265220025724,0,0.0,0.0,0.0,0.0,0.0,0,5,0,False,-0.0038017656217917304,-0.003519493289402903,-0.006028518984666692,-0.0017973868308001073,0.004231132153866585,5,0,0,False
2026092814,mert_v1,unweighted,0.5,raw,5,0.1428715350259768,0.451265220025724,0,0.0,0.0,0.0,0.0,0.0,0,5,0,False,-0.0038017656217917304,-0.003519493289402903,-0.006028518984666692,-0.0017973868308001073,0.004231132153866585,5,0,0,False
2026092814,mert_v1,unweighted,0.5,ridge_platt,5,0.14342819761127495,0.45424332662415123,0,0.0005566625852981677,0.0005216858608432517,0.0,0.0012097749953685066,0.0012097749953685066,0,1,4,False,-0.003245103036493563,-0.003519493289402903,-0.005507844591597644,-0.0012757009699568556,0.004232143621640788,5,0,0,False
2026092814,mert_v1,unweighted,0.5,temperature,5,0.14494863683271392,0.46495485208999643,0,0.0020771018067371194,0.0010563746270758068,-4.3475473168852474e-05,0.005295117772552149,0.005338593245721002,1,0,4,True,-0.0017246638150546112,-0.00165874477716918,-0.0030031479417768348,-0.0007334012121145428,0.002269746729662292,5,0,0,False
2026092814,mert_v1,unweighted,1.0,beta,1,0.14317338338943472,0.4506123778605738,0,0.0003018483634579239,0.0003018483634579239,0.0003018483634579239,0.0003018483634579239,0.0,0,0,1,False,0.0012001239976471845,0.0012001239976471845,0.0012001239976471845,0.0012001239976471845,0.0,0,0,1,False
2026092814,mert_v1,unweighted,1.0,isotonic,1,0.14593643109353646,0.7390336094430136,0,0.0030648960675596637,0.0030648960675596637,0.0030648960675596637,0.0030648960675596637,0.0,0,0,1,False,0.003963171701748924,0.003963171701748924,0.003963171701748924,0.003963171701748924,0.0,0,0,1,False
2026092814,mert_v1,unweighted,1.0,platt,1,0.14197325939178754,0.4477317387294636,0,-0.0008982756341892606,-0.0008982756341892606,-0.0008982756341892606,-0.0008982756341892606,0.0,1,0,0,False,0.0,0.0,0.0,0.0,0.0,0,1,0,False
2026092814,mert_v1,unweighted,1.0,prior_offset,1,0.1428715350259768,0.45126522002572406,0,0.0,0.0,0.0,0.0,0.0,0,1,0,False,0.0008982756341892606,0.0008982756341892606,0.0008982756341892606,0.0008982756341892606,0.0,0,0,1,False
2026092814,mert_v1,unweighted,1.0,raw,1,0.1428715350259768,0.45126522002572406,0,0.0,0.0,0.0,0.0,0.0,0,1,0,False,0.0008982756341892606,0.0008982756341892606,0.0008982756341892606,0.0008982756341892606,0.0,0,0,1,False
2026092814,mert_v1,unweighted,1.0,ridge_platt,1,0.14270020863431193,0.4507641287715955,0,-0.00017132639166486663,-0.00017132639166486663,-0.00017132639166486663,-0.00017132639166486663,0.0,1,0,0,False,0.000726949242524394,0.000726949242524394,0.000726949242524394,0.000726949242524394,0.0,0,0,1,False
2026092814,mert_v1,unweighted,1.0,temperature,1,0.1425794144400282,0.4508009715569222,0,-0.000292120585948602,-0.000292120585948602,-0.000292120585948602,-0.000292120585948602,0.0,1,0,0,False,0.0006061550482406586,0.0006061550482406586,0.0006061550482406586,0.0006061550482406586,0.0,0,0,1,False
2026092815,maest,ambient_balanced,0.25,beta,5,0.14085564979158058,0.45074018229615315,0,0.0013757864287746667,0.0011976777336300537,-0.0037901981170099797,0.005119429885798027,0.008909628002808007,2,0,3,True,2.023778287839062e-05,0.0003203329675378064,-0.004380958869104751,0.003950328023558686,0.008331286892663436,2,0,3,True
2026092815,maest,ambient_balanced,0.25,isotonic,5,0.1485231674470481,1.3836115448309563,0,0.009043304084242166,0.008637086366137303,0.004665089988716564,0.015132283649803846,0.010467193661087282,0,0,5,False,0.007687755438345889,0.008196051845195285,0.003495988126477223,0.010774705976418025,0.007278717849940802,0,0,5,False
2026092815,maest,ambient_balanced,0.25,platt,5,0.14083541200870223,0.4399410107285851,0,0.0013555486458962762,0.0011691018622393412,-0.003367795970497134,0.0055786366027348044,0.008946432573231938,2,0,3,True,0.0,0.0,0.0,0.0,0.0,0,5,0,False
2026092815,maest,ambient_balanced,0.25,prior_offset,5,0.1327892949110702,0.41776132042347686,0,-0.00669056845173574,-0.00669056845173574,-0.00669056845173574,-0.00669056845173574,0.0,5,0,0,False,-0.008046117097632016,-0.007859670313975081,-0.012269205054470544,-0.003322772481238606,0.008946432573231938,5,0,0,False
2026092815,maest,ambient_balanced,0.25,raw,5,0.13947986336280593,0.4362476899184021,0,0.0,0.0,0.0,0.0,0.0,0,5,0,False,-0.0013555486458962762,-0.0011691018622393412,-0.0055786366027348044,0.003367795970497134,0.008946432573231938,3,0,2,True
2026092815,maest,ambient_balanced,0.25,ridge_platt,5,0.1398230776970874,0.4354800343767068,0,0.00034321433428146085,-0.0026908958635945557,-0.005036870758386713,0.011705365656990985,0.016742236415377698,3,0,2,True,-0.0010123343116148153,-0.0004147112666451347,-0.010615507361121518,0.007347787983605164,0.017963295344726682,3,0,2,True
2026092815,maest,ambient_balanced,0.25,temperature,5,0.14204004479382118,0.4448307789561484,0,0.0025601814310152516,0.0017569185333368154,0.0009715644550130631,0.006444518625714296,0.005472954170701233,0,0,5,False,0.0012046327851189752,0.0020869409523284754,-0.004607072147721741,0.005124714503833949,0.00973178665155569,1,0,4,True
2026092815,maest,ambient_balanced,0.5,beta,5,0.13537708981785324,0.4265511204704853,0,-0.004102773544952703,-0.0030918787774459056,-0.008679249809381284,-0.0006550769820505564,0.008024172827330728,5,0,0,False,0.0006327264283471634,-0.0001984693941684268,-0.0006833599256523548,0.002339608752211897,0.0030229686778642517,3,0,2,True
2026092815,maest,ambient_balanced,0.5,isotonic,5,0.14037549809046995,0.9825935887775519,0,0.0008956347276640353,-0.00031616259924632795,-0.004303599314752438,0.006570637735119067,0.010874237049871505,3,0,2,True,0.005631134700963903,0.005323931881082017,0.0036922905689764918,0.00956532346938152,0.005873032900405029,0,0,5,False
2026092815,maest,ambient_balanced,0.5,platt,5,0.13474436338950607,0.4228458011592937,0,-0.004735499973299867,-0.004181996543824867,-0.00799588988372893,-0.002519011280542355,0.005476878603186575,5,0,0,False,0.0,0.0,0.0,0.0,0.0,0,5,0,False
2026092815,maest,ambient_balanced,0.5,prior_offset,5,0.1327892949110702,0.41776132042347686,0,-0.00669056845173574,-0.00669056845173574,-0.00669056845173574,-0.00669056845173574,0.0,5,0,0,False,-0.001955068478435873,-0.0025085719079108726,-0.004171557171193385,0.0013053214319931894,0.005476878603186575,4,0,1,True
2026092815,maest,ambient_balanced,0.5,raw,5,0.13947986336280593,0.4362476899184021,0,0.0,0.0,0.0,0.0,0.0,0,5,0,False,0.004735499973299867,0.004181996543824867,0.002519011280542355,0.00799588988372893,0.005476878603186575,0,0,5,False
2026092815,maest,ambient_balanced,0.5,ridge_platt,5,0.1334563896928888,0.41846492046427003,0,-0.006023473669917123,-0.005692483086130767,-0.008570552930837472,-0.0036992629424567325,0.004871289988380739,5,0,0,False,-0.001287973696617256,-0.0025846365066967414,-0.00400672924302381,0.004296626941272197,0.008303356184296007,4,0,1,True
2026092815,maest,ambient_balanced,0.5,temperature,5,0.1414423058732856,0.44220040651507586,0,0.0019624425104796837,0.0017388683816157158,0.0006086022028431726,0.0030622698568534834,0.002453667654010311,0,0,5,False,0.006697942483779551,0.005920864925440583,0.004696298832784385,0.009048186280994214,0.004351887448209829,0,0,5,False
2026092815,maest,ambient_balanced,1.0,beta,1,0.1300503697179896,0.41070625066920885,0,-0.009429493644816322,-0.009429493644816322,-0.009429493644816322,-0.009429493644816322,0.0,1,0,0,False,-0.0014963677296275513,-0.0014963677296275513,-0.0014963677296275513,-0.0014963677296275513,0.0,1,0,0,False
2026092815,maest,ambient_balanced,1.0,isotonic,1,0.13426640777611992,0.696883194200517,0,-0.005213455586686011,-0.005213455586686011,-0.005213455586686011,-0.005213455586686011,0.0,1,0,0,False,0.00271967032850276,0.00271967032850276,0.00271967032850276,0.00271967032850276,0.0,0,0,1,False
2026092815,maest,ambient_balanced,1.0,platt,1,0.13154673744761716,0.41344155493561885,0,-0.007933125915188771,-0.007933125915188771,-0.007933125915188771,-0.007933125915188771,0.0,1,0,0,False,0.0,0.0,0.0,0.0,0.0,0,1,0,False
2026092815,maest,ambient_balanced,1.0,prior_offset,1,0.1327892949110702,0.41776132042347686,0,-0.00669056845173574,-0.00669056845173574,-0.00669056845173574,-0.00669056845173574,0.0,1,0,0,False,0.0012425574634530312,0.0012425574634530312,0.0012425574634530312,0.0012425574634530312,0.0,0,0,1,False
2026092815,maest,ambient_balanced,1.0,raw,1,0.13947986336280593,0.4362476899184021,0,0.0,0.0,0.0,0.0,0.0,0,1,0,False,0.007933125915188771,0.007933125915188771,0.007933125915188771,0.007933125915188771,0.0,0,0,1,False
2026092815,maest,ambient_balanced,1.0,ridge_platt,1,0.13051796874810015,0.4104744363143135,0,-0.008961894614705784,-0.008961894614705784,-0.008961894614705784,-0.008961894614705784,0.0,1,0,0,False,-0.001028768699517013,-0.001028768699517013,-0.001028768699517013,-0.001028768699517013,0.0,1,0,0,False
2026092815,maest,ambient_balanced,1.0,temperature,1,0.14033420631035687,0.4377650057198344,0,0.0008543429475509345,0.0008543429475509345,0.0008543429475509345,0.0008543429475509345,0.0,0,0,1,False,0.008787468862739706,0.008787468862739706,0.008787468862739706,0.008787468862739706,0.0,0,0,1,False
2026092815,maest,unweighted,0.25,beta,5,0.14190553700233552,0.45360812698018815,0,0.009280270491939486,0.009741987079070813,0.0043984621647321365,0.0129535447248178,0.008555082560085664,0,0,5,False,0.00045484747701852736,0.0006556484913947669,-0.0033641812115071668,0.003965373935971794,0.007329555147478961,1,0,4,True
2026092815,maest,unweighted,0.25,isotonic,5,0.14887443141864748,1.377400602053143,0,0.016249164908251436,0.017371024901561588,0.012221966626847908,0.01988265377980533,0.007660687152957424,0,0,5,False,0.007423741893330477,0.008027719773329556,0.004448200209319242,0.011032865222362492,0.0065846650130432505,0,0,5,False
2026092815,maest,unweighted,0.25,platt,5,0.14145068952531697,0.44184922262718906,0,0.008825423014920957,0.008988170788846006,0.004194246853518352,0.01310616829057798,0.008911921437059628,0,0,5,False,0.0,0.0,0.0,0.0,0.0,0,5,0,False
2026092815,maest,unweighted,0.25,prior_offset,5,0.13262526651039602,0.4161419312800613,0,0.0,0.0,0.0,0.0,0.0,0,5,0,False,-0.008825423014920957,-0.008988170788846006,-0.01310616829057798,-0.004194246853518352,0.008911921437059628,5,0,0,False
2026092815,maest,unweighted,0.25,raw,5,0.13262526651039602,0.4161419312800613,0,0.0,0.0,0.0,0.0,0.0,0,5,0,False,-0.008825423014920957,-0.008988170788846006,-0.01310616829057798,-0.004194246853518352,0.008911921437059628,5,0,0,False
2026092815,maest,unweighted,0.25,ridge_platt,5,0.13660720450999117,0.4263606136894468,0,0.003981937999595136,0.003091786707326488,-0.0002620967604034796,0.011705365656990957,0.011967462417394437,2,0,3,True,-0.004843485015325821,-0.003608340995186976,-0.013111363690175293,0.00020499619452760132,0.013316359884702894,4,0,1,True
2026092815,maest,unweighted,0.25,temperature,5,0.1344386243602858,0.4227754570191643,0,0.0018133578498898018,0.0010642501154606021,2.4409242058764935e-05,0.005545186333015983,0.0055207770909572185,0,0,5,False,-0.007012065165031156,-0.006313750437140331,-0.011223113886497188,-0.0036443576986854853,0.007578756187811703,5,0,0,False
2026092815,maest,unweighted,0.5,beta,5,0.13617453605645752,0.42898839982844816,0,0.003549269546061501,0.004483258609057517,-0.0008040379978321299,0.0070511579090400955,0.007855195906872225,1,0,4,True,0.000944895440700183,0.0003981561555039814,-0.00017946420632222737,0.002364515733718292,0.0025439799400405194,2,0,3,True
2026092815,maest,unweighted,0.5,isotonic,5,0.14043968443418303,0.9755936450924286,0,0.007814417923787004,0.008628620741955223,0.003070969995853906,0.013663563519942412,0.010592593524088506,0,0,5,False,0.005210043818425686,0.004010049727282916,0.0036009759706588096,0.008976921344620609,0.005375945373961799,0,0,5,False
2026092815,maest,unweighted,0.5,platt,5,0.13522964061575735,0.42441457848986197,0,0.0026043741053613178,0.003123466221824328,-0.0006245737915099026,0.0046866421753218035,0.005311215966831706,1,0,4,True,0.0,0.0,0.0,0.0,0.0,0,5,0,False
2026092815,maest,unweighted,0.5,prior_offset,5,0.13262526651039602,0.4161419312800613,0,0.0,0.0,0.0,0.0,0.0,0,5,0,False,-0.0026043741053613178,-0.003123466221824328,-0.0046866421753218035,0.0006245737915099026,0.005311215966831706,4,0,1,True
2026092815,maest,unweighted,0.5,raw,5,0.13262526651039602,0.4161419312800613,0,0.0,0.0,0.0,0.0,0.0,0,5,0,False,-0.0026043741053613178,-0.003123466221824328,-0.0046866421753218035,0.0006245737915099026,0.005311215966831706,4,0,1,True
2026092815,maest,unweighted,0.5,ridge_platt,5,0.13325750199938483,0.4175134777337558,0,0.0006322354889888194,4.1495527255519526e-05,-0.00031604880163679794,0.0031785811003473274,0.0034946299019841254,1,1,3,True,-0.0019721386163724986,-0.0014399899143249795,-0.004429492556343756,0.0003085249898731046,0.0047380175462168606,4,0,1,True
2026092815,maest,unweighted,0.5,temperature,5,0.13406437813581315,0.42048822850187284,0,0.0014391116254171498,0.002451001524879287,-0.0004989945252859285,0.0024607116891254277,0.002959706214411356,1,0,4,True,-0.001165262479944168,-0.002157859325546879,-0.002792889087746886,0.0012332366183812338,0.00402612570612812,3,0,2,True
2026092815,maest,unweighted,1.0,beta,1,0.13101183659098925,0.41311117665508096,0,-0.0016134299194067725,-0.0016134299194067725,-0.0016134299194067725,-0.0016134299194067725,0.0,1,0,0,False,-0.0010169922725783986,-0.0010169922725783986,-0.0010169922725783986,-0.0010169922725783986,0.0,1,0,0,False
2026092815,maest,unweighted,1.0,isotonic,1,0.13533611901186426,0.7348543603828429,0,0.0027108525014682416,0.0027108525014682416,0.0027108525014682416,0.0027108525014682416,0.0,0,0,1,False,0.0033072901482966155,0.0033072901482966155,0.0033072901482966155,0.0033072901482966155,0.0,0,0,1,False
2026092815,maest,unweighted,1.0,platt,1,0.13202882886356765,0.4147839955633337,0,-0.0005964376468283739,-0.0005964376468283739,-0.0005964376468283739,-0.0005964376468283739,0.0,1,0,0,False,0.0,0.0,0.0,0.0,0.0,0,1,0,False
2026092815,maest,unweighted,1.0,prior_offset,1,0.13262526651039602,0.4161419312800613,0,0.0,0.0,0.0,0.0,0.0,0,1,0,False,0.0005964376468283739,0.0005964376468283739,0.0005964376468283739,0.0005964376468283739,0.0,0,0,1,False
2026092815,maest,unweighted,1.0,raw,1,0.13262526651039602,0.4161419312800613,0,0.0,0.0,0.0,0.0,0.0,0,1,0,False,0.0005964376468283739,0.0005964376468283739,0.0005964376468283739,0.0005964376468283739,0.0,0,0,1,False
2026092815,maest,unweighted,1.0,ridge_platt,1,0.13250070581733278,0.41569628471999337,0,-0.00012456069306324147,-0.00012456069306324147,-0.00012456069306324147,-0.00012456069306324147,0.0,1,0,0,False,0.0004718769537651324,0.0004718769537651324,0.0004718769537651324,0.0004718769537651324,0.0,0,0,1,False
2026092815,maest,unweighted,1.0,temperature,1,0.1329468575702733,0.4164138788195456,0,0.00032159105987727976,0.00032159105987727976,0.00032159105987727976,0.00032159105987727976,0.0,0,0,1,False,0.0009180287067056536,0.0009180287067056536,0.0009180287067056536,0.0009180287067056536,0.0,0,0,1,False
2026092815,mert_v0,ambient_balanced,0.25,beta,5,0.14862465842074557,0.4687452388481755,0,-0.0026869112118479144,0.00036085768698618237,-0.010358129542350464,0.0034425781338446038,0.013800707676195068,2,0,3,True,-0.0002319655204601312,0.0002555317530347767,-0.0020838608309755036,0.00046455912536735866,0.0025484199563428622,2,0,3,True
2026092815,mert_v0,ambient_balanced,0.25,isotonic,5,0.1558646265760893,1.1412201067135963,0,0.004553056943495814,0.004696872026163451,-0.003569645193935378,0.010861297630100353,0.01443094282403573,2,0,3,True,0.007008002634883598,0.005295806513342771,0.00462414215467033,0.010228458854117883,0.0056043166994475535,0,0,5,False
2026092815,mert_v0,ambient_balanced,0.25,platt,5,0.1488566239412057,0.46013543453134337,0,-0.002454945691387783,7.272987149312127e-05,-0.010273944077130115,0.005526438964820107,0.015800383041950222,2,0,3,True,0.0,0.0,0.0,0.0,0.0,0,5,0,False
2026092815,mert_v0,ambient_balanced,0.25,prior_offset,5,0.14046994193904958,0.44086678173668065,0,-0.01084162769354391,-0.01084162769354391,-0.01084162769354391,-0.01084162769354391,0.0,5,0,0,False,-0.008386682002156125,-0.01091435756503703,-0.016368066658364017,-0.0005676836164137944,0.015800383041950222,5,0,0,False
2026092815,mert_v0,ambient_balanced,0.25,raw,5,0.15131156963259348,0.46805272761645983,0,0.0,0.0,0.0,0.0,0.0,0,5,0,False,0.002454945691387783,-7.272987149312127e-05,-0.005526438964820107,0.010273944077130115,0.015800383041950222,3,0,2,True
2026092815,mert_v0,ambient_balanced,0.25,ridge_platt,5,0.1461466536634985,0.452993087391091,0,-0.005164915969095007,-0.005496441801449481,-0.010017954962041803,-0.0007633616062593662,0.009254593355782437,5,0,0,False,-0.0027099702777072243,-0.0012780719410238617,-0.008345603483235792,0.004777502275680634,0.013123105758916426,4,0,1,True
2026092815,mert_v0,ambient_balanced,0.25,temperature,5,0.15339998066882726,0.4737601968196171,0,0.0020884110362337947,0.0006735382690139236,0.00015104298593474064,0.007020484469787064,0.006869441483852323,0,0,5,False,0.004543356727621578,0.006947754598293943,-0.003504984684910839,0.010424987063064856,0.013929971747975695,2,0,3,True
2026092815,mert_v0,ambient_balanced,0.5,beta,5,0.14248734418183884,0.45316201923016897,0,-0.008824225450754652,-0.00869425531095036,-0.011896922924211212,-0.006564410672093152,0.00533251225211806,5,0,0,False,-0.0002303605947631848,-0.0002216780717569089,-0.0006716057588355417,0.00013871683439245497,0.0008103225932279967,3,0,2,True
2026092815,mert_v0,ambient_balanced,0.5,isotonic,5,0.14625631216601442,0.882812847286458,0,-0.005055257466579066,-0.004405475476233434,-0.009365078270816285,-0.0021894055968309234,0.007175672673985362,5,0,0,False,0.0035386073894124017,0.0026500026476394545,0.0016838962060657936,0.008187778458903006,0.006503882252837212,0,0,5,False
2026092815,mert_v0,ambient_balanced,0.5,platt,5,0.142717704776602,0.44392201937897324,0,-0.008593864855991468,-0.008022649552114819,-0.01201508091845574,-0.0060490167002326956,0.005966064218223044,5,0,0,False,0.0,0.0,0.0,0.0,0.0,0,5,0,False
2026092815,mert_v0,ambient_balanced,0.5,prior_offset,5,0.14046994193904958,0.44086678173668065,0,-0.01084162769354391,-0.01084162769354391,-0.01084162769354391,-0.01084162769354391,0.0,5,0,0,False,-0.002247762837552442,-0.0028189781414290904,-0.004792610993311214,0.0011734532249118301,0.005966064218223044,4,0,1,True
2026092815,mert_v0,ambient_balanced,0.5,raw,5,0.15131156963259348,0.46805272761645983,0,0.0,0.0,0.0,0.0,0.0,0,5,0,False,0.008593864855991468,0.008022649552114819,0.0060490167002326956,0.01201508091845574,0.005966064218223044,0,0,5,False
2026092815,mert_v0,ambient_balanced,0.5,ridge_platt,5,0.1425409314420514,0.44438700387393426,0,-0.008770638190542062,-0.00924873952274069,-0.012266355240314997,-0.005631728888568832,0.0066346263517461646,5,0,0,False,-0.00017677333455059507,-0.001871026785497193,-0.0031997228225079943,0.005202389954981956,0.00840211277748995,3,0,2,True
2026092815,mert_v0,ambient_balanced,0.5,temperature,5,0.15184057964533487,0.4668373557306736,0,0.000529010012741421,0.00033604716870783147,-0.0006050176750185821,0.0020289216407208266,0.0026339393157394086,2,0,3,True,0.009122874868732889,0.008077938340953522,0.006841440222127987,0.011769663693261906,0.004928223471133919,0,0,5,False
2026092815,mert_v0,ambient_balanced,1.0,beta,1,0.13875225880403336,0.44337624793994185,0,-0.012559310828560127,-0.012559310828560127,-0.012559310828560127,-0.012559310828560127,0.0,1,0,0,False,-0.0002007092522958165,-0.0002007092522958165,-0.0002007092522958165,-0.0002007092522958165,0.0,1,0,0,False
2026092815,mert_v0,ambient_balanced,1.0,isotonic,1,0.13895187063827663,0.6751315071584891,0,-0.012359698994316853,-0.012359698994316853,-0.012359698994316853,-0.012359698994316853,0.0,1,0,0,False,-1.097418052542487e-06,-1.097418052542487e-06,-1.097418052542487e-06,-1.097418052542487e-06,0.0,1,0,0,False
2026092815,mert_v0,ambient_balanced,1.0,platt,1,0.13895296805632917,0.43483235255064395,0,-0.012358601576264311,-0.012358601576264311,-0.012358601576264311,-0.012358601576264311,0.0,1,0,0,False,0.0,0.0,0.0,0.0,0.0,0,1,0,False
2026092815,mert_v0,ambient_balanced,1.0,prior_offset,1,0.14046994193904958,0.44086678173668065,0,-0.01084162769354391,-0.01084162769354391,-0.01084162769354391,-0.01084162769354391,0.0,1,0,0,False,0.0015169738827204016,0.0015169738827204016,0.0015169738827204016,0.0015169738827204016,0.0,0,0,1,False
2026092815,mert_v0,ambient_balanced,1.0,raw,1,0.15131156963259348,0.4680527276164599,0,0.0,0.0,0.0,0.0,0.0,0,1,0,False,0.012358601576264311,0.012358601576264311,0.012358601576264311,0.012358601576264311,0.0,0,0,1,False
2026092815,mert_v0,ambient_balanced,1.0,ridge_platt,1,0.13911101782868301,0.4357030892989694,0,-0.01220055180391047,-0.01220055180391047,-0.01220055180391047,-0.01220055180391047,0.0,1,0,0,False,0.000158049772353841,0.000158049772353841,0.000158049772353841,0.000158049772353841,0.0,0,0,1,False
2026092815,mert_v0,ambient_balanced,1.0,temperature,1,0.15082634794654567,0.4641654865748207,0,-0.0004852216860478098,-0.0004852216860478098,-0.0004852216860478098,-0.0004852216860478098,0.0,1,0,0,False,0.011873379890216501,0.011873379890216501,0.011873379890216501,0.011873379890216501,0.0,0,0,1,False
2026092815,mert_v0,unweighted,0.25,beta,5,0.1496537489336675,0.47262224621239585,0,0.00884127533884363,0.011532431550347194,0.0008447631374206566,0.015204210058342216,0.01435944692092156,0,0,5,False,0.00024301923127654224,0.0005407967238995892,-0.0015382355885190657,0.0011222591308437113,0.002660494719362777,1,0,4,True
2026092815,mert_v0,unweighted,0.25,isotonic,5,0.1563708558627928,1.2127809721256266,0,0.015558382267968917,0.015084464574470519,0.009147220705183146,0.021638839217612366,0.01249161851242922,0,0,5,False,0.00696012616040183,0.0067184103792227445,0.004128214389327395,0.011890730418414874,0.0077625160290874795,0,0,5,False
2026092815,mert_v0,unweighted,0.25,platt,5,0.14941072970239097,0.46244061313524887,0,0.008598256107567087,0.010956250185143124,0.00030396641352106735,0.01674244564686128,0.016438479233340214,0,0,5,False,0.0,0.0,0.0,0.0,0.0,0,5,0,False
2026092815,mert_v0,unweighted,0.25,prior_offset,5,0.14081247359482388,0.441951107082338,0,0.0,0.0,0.0,0.0,0.0,0,5,0,False,-0.008598256107567087,-0.010956250185143124,-0.01674244564686128,-0.00030396641352106735,0.016438479233340214,5,0,0,False
2026092815,mert_v0,unweighted,0.25,raw,5,0.14081247359482388,0.441951107082338,0,0.0,0.0,0.0,0.0,0.0,0,5,0,False,-0.008598256107567087,-0.010956250185143124,-0.01674244564686128,-0.00030396641352106735,0.016438479233340214,5,0,0,False
2026092815,mert_v0,unweighted,0.25,ridge_platt,5,0.14331083302644018,0.4463931884949382,0,0.002498359431616326,0.0012034901956806954,-0.0001391946731017779,0.006300553029603306,0.006439747702705084,2,0,3,True,-0.006099896675950761,-0.0046556971555398174,-0.011518088270538268,-0.00044316108662284526,0.011074927183915423,5,0,0,False
2026092815,mert_v0,unweighted,0.25,temperature,5,0.14218094620410096,0.4454101402124051,0,0.0013684726092770994,0.0002105357510925887,-0.001458042470952603,0.006601856260637279,0.008059898731589882,2,0,3,True,-0.0072297834982899874,-0.004354393924505845,-0.018200488117813884,-0.0006162137638663356,0.01758427435394755,5,0,0,False
2026092815,mert_v0,unweighted,0.5,beta,5,0.14354883524764728,0.4565629383196691,0,0.0027363616528234213,0.0035560266501909743,-0.00045683300093021795,0.004750806077249814,0.005207639078180032,1,0,4,True,0.0002907374611930302,0.00020198765825571452,-0.00013398010663867588,0.0006573252273391617,0.0007913053339778375,1,0,4,True
2026092815,mert_v0,unweighted,0.5,isotonic,5,0.14780262687608886,0.8680531372632043,0,0.006990153281264971,0.007961752041500736,0.0029439023350802673,0.009555510278140639,0.006611607943060371,0,0,5,False,0.00454452908963458,0.004821267170169369,0.0031440573083682255,0.005692568547139121,0.0025485112387708952,0,0,5,False
2026092815,mert_v0,unweighted,0.5,platt,5,0.14325809778645426,0.44598667830506533,0,0.0024456241916303912,0.003394795674353829,-0.0011141582282693796,0.00481769473313251,0.00593185296140189,1,0,4,True,0.0,0.0,0.0,0.0,0.0,0,5,0,False
2026092815,mert_v0,unweighted,0.5,prior_offset,5,0.14081247359482388,0.441951107082338,0,0.0,0.0,0.0,0.0,0.0,0,5,0,False,-0.0024456241916303912,-0.003394795674353829,-0.00481769473313251,0.0011141582282693796,0.00593185296140189,4,0,1,True
2026092815,mert_v0,unweighted,0.5,raw,5,0.14081247359482388,0.441951107082338,0,0.0,0.0,0.0,0.0,0.0,0,5,0,False,-0.0024456241916303912,-0.003394795674353829,-0.00481769473313251,0.0011141582282693796,0.00593185296140189,4,0,1,True
2026092815,mert_v0,unweighted,0.5,ridge_platt,5,0.1410113896622073,0.44103615991999,0,0.00019891606738340896,-0.0003938769632581829,-0.0006750643473513451,0.002652385116070216,0.0033274494634215612,4,0,1,True,-0.002246708124246982,-0.0021653096170622943,-0.004634128302211382,0.0007202812650111967,0.005354409567222579,4,0,1,True
2026092815,mert_v0,unweighted,0.5,temperature,5,0.14111938337021007,0.44037440227627406,0,0.00030690977538617715,-0.0003577227906770286,-0.0007109673791919902,0.0024133747994801724,0.0031243421786721626,3,0,2,True,-0.002138714416244214,-0.002404319933652338,-0.00525978579818609,0.0004215400327189922,0.005681325830905082,3,0,2,True
2026092815,mert_v0,unweighted,1.0,beta,1,0.13963762383954437,0.4464111988619526,0,-0.0011748497552795112,-0.0011748497552795112,-0.0011748497552795112,-0.0011748497552795112,0.0,1,0,0,False,0.00023723664047245463,0.00023723664047245463,0.00023723664047245463,0.00023723664047245463,0.0,0,0,1,False
2026092815,mert_v0,unweighted,1.0,isotonic,1,0.13959688054591834,0.6445969864613545,0,-0.0012155930489055333,-0.0012155930489055333,-0.0012155930489055333,-0.0012155930489055333,0.0,1,0,0,False,0.0001964933468464325,0.0001964933468464325,0.0001964933468464325,0.0001964933468464325,0.0,0,0,1,False
2026092815,mert_v0,unweighted,1.0,platt,1,0.1394003871990719,0.4365545980849607,0,-0.0014120863957519658,-0.0014120863957519658,-0.0014120863957519658,-0.0014120863957519658,0.0,1,0,0,False,0.0,0.0,0.0,0.0,0.0,0,1,0,False
2026092815,mert_v0,unweighted,1.0,prior_offset,1,0.14081247359482388,0.441951107082338,0,0.0,0.0,0.0,0.0,0.0,0,1,0,False,0.0014120863957519658,0.0014120863957519658,0.0014120863957519658,0.0014120863957519658,0.0,0,0,1,False
2026092815,mert_v0,unweighted,1.0,raw,1,0.14081247359482388,0.441951107082338,0,0.0,0.0,0.0,0.0,0.0,0,1,0,False,0.0014120863957519658,0.0014120863957519658,0.0014120863957519658,0.0014120863957519658,0.0,0,0,1,False
2026092815,mert_v0,unweighted,1.0,ridge_platt,1,0.14005653050900158,0.43836430412722055,0,-0.0007559430858223026,-0.0007559430858223026,-0.0007559430858223026,-0.0007559430858223026,0.0,1,0,0,False,0.0006561433099296632,0.0006561433099296632,0.0006561433099296632,0.0006561433099296632,0.0,0,0,1,False
2026092815,mert_v0,unweighted,1.0,temperature,1,0.1401300423542259,0.4376117126829311,0,-0.0006824312405979693,-0.0006824312405979693,-0.0006824312405979693,-0.0006824312405979693,0.0,1,0,0,False,0.0007296551551539965,0.0007296551551539965,0.0007296551551539965,0.0007296551551539965,0.0,0,0,1,False
2026092815,mert_v1,ambient_balanced,0.25,beta,5,0.14460393449773826,0.4548055076561465,0,-0.00604023315600713,-0.0065270087197875915,-0.01105351977255875,-0.0014927403353394153,0.009560779437219336,5,0,0,False,-0.00011387849173702947,-0.0003322970413860149,-0.00039000563637475727,0.0006508295090719707,0.001040835145446728,4,0,1,True
2026092815,mert_v1,ambient_balanced,0.25,isotonic,5,0.15614412409572967,1.2506360330091435,0,0.005499956441984266,0.0056157768884773085,-0.000637811047933895,0.012855493329660517,0.013493304377594412,1,0,4,True,0.011426311106254366,0.011652243571963733,0.007516703479998027,0.015096688670103664,0.007579985190105637,0,0,5,False
2026092815,mert_v1,ambient_balanced,0.25,platt,5,0.14471781298947528,0.4520565899786938,0,-0.005926354664270101,-0.006143846639732997,-0.010938762562617,-0.0011604432939534004,0.009778319268663599,5,0,0,False,0.0,0.0,0.0,0.0,0.0,0,5,0,False
2026092815,mert_v1,ambient_balanced,0.25,prior_offset,5,0.1394611373821961,0.4393559126525431,0,-0.011183030271549294,-0.011183030271549294,-0.011183030271549294,-0.011183030271549294,0.0,5,0,0,False,-0.005256675607279193,-0.005039183631816296,-0.010022586977595893,-0.0002442677089322942,0.009778319268663599,5,0,0,False
2026092815,mert_v1,ambient_balanced,0.25,raw,5,0.1506441676537454,0.4682289107946979,0,0.0,0.0,0.0,0.0,0.0,0,5,0,False,0.005926354664270101,0.006143846639732997,0.0011604432939534004,0.010938762562617,0.009778319268663599,0,0,5,False
2026092815,mert_v1,ambient_balanced,0.25,ridge_platt,5,0.14424264458517794,0.45025113951902423,0,-0.00640152306856745,-0.0061407036983110175,-0.009830620086750397,-0.001302353449433552,0.008528266637316845,5,0,0,False,-0.00047516840429734917,-0.00034282585322401027,-0.0043792675823114136,0.004798058864305982,0.009177326446617395,3,0,2,True
2026092815,mert_v1,ambient_balanced,0.25,temperature,5,0.15185294940394134,0.47147777597334456,0,0.0012087817501959363,-5.220821465570791e-05,-0.0004265641906634199,0.006967206926601993,0.007393771117265413,4,0,1,True,0.007135136414466036,0.008868133518122712,0.001114084486045025,0.01051219837195358,0.009398113885908554,0,0,5,False
2026092815,mert_v1,ambient_balanced,0.5,beta,5,0.1400652582240941,0.44227654320477094,0,-0.010578909429651295,-0.010646166420357345,-0.01289774399448168,-0.008397469857555767,0.004500274136925914,5,0,0,False,-0.00030101164240338706,-0.0002248419707716054,-0.0009199806572068037,0.00013195787903805267,0.0010519385362448563,4,0,1,True
2026092815,mert_v1,ambient_balanced,0.5,isotonic,5,0.15069291274327967,1.084965396080863,0,4.8745089534302236e-05,-0.00020480485748400334,-0.0013345295714676242,0.0024952495967091315,0.0038297791681767557,3,0,2,True,0.01032664287678221,0.010822750943076137,0.00727268434286496,0.01291657404629487,0.005643889703429911,0,0,5,False
2026092815,mert_v1,ambient_balanced,0.5,platt,5,0.14036626986649747,0.43939450244043615,0,-0.010277897787247909,-0.01036541169502711,-0.012877545626874709,-0.0074774892003489635,0.005400056426525746,5,0,0,False,0.0,0.0,0.0,0.0,0.0,0,5,0,False
2026092815,mert_v1,ambient_balanced,0.5,prior_offset,5,0.1394611373821961,0.4393559126525431,0,-0.011183030271549294,-0.011183030271549294,-0.011183030271549294,-0.011183030271549294,0.0,5,0,0,False,-0.0009051324843013852,-0.0008176185765221833,-0.00370554107120033,0.0016945153553254155,0.005400056426525746,4,0,1,True
2026092815,mert_v1,ambient_balanced,0.5,raw,5,0.1506441676537454,0.4682289107946979,0,0.0,0.0,0.0,0.0,0.0,0,5,0,False,0.010277897787247909,0.01036541169502711,0.0074774892003489635,0.012877545626874709,0.005400056426525746,0,0,5,False
2026092815,mert_v1,ambient_balanced,0.5,ridge_platt,5,0.14121864714723578,0.44266352271628684,0,-0.009425520506509605,-0.009819954633784822,-0.013359163420496367,-0.006213078695772645,0.0071460847247237225,5,0,0,False,0.0008523772807383035,0.0006013698158009173,-0.002993751725469257,0.005442228647669828,0.008435980373139085,2,0,3,True
2026092815,mert_v1,ambient_balanced,0.5,temperature,5,0.15037105411166143,0.4650772484533231,0,-0.0002731135420839692,-0.0007105466032224228,-0.001356459551439343,0.0020077100125143743,0.0033641695639537172,4,0,1,True,0.010004784245163939,0.009537171361180596,0.009320474766418535,0.011521086075435366,0.002200611309016831,0,0,5,False
2026092815,mert_v1,ambient_balanced,1.0,beta,1,0.13641913912471143,0.4332271075611639,0,-0.014225028529033956,-0.014225028529033956,-0.014225028529033956,-0.014225028529033956,0.0,1,0,0,False,-0.0007203924292238095,-0.0007203924292238095,-0.0007203924292238095,-0.0007203924292238095,0.0,1,0,0,False
2026092815,mert_v1,ambient_balanced,1.0,isotonic,1,0.14249109932222684,0.8600598523291794,0,-0.008153068331518548,-0.008153068331518548,-0.008153068331518548,-0.008153068331518548,0.0,1,0,0,False,0.0053515677682915985,0.0053515677682915985,0.0053515677682915985,0.0053515677682915985,0.0,0,0,1,False
2026092815,mert_v1,ambient_balanced,1.0,platt,1,0.13713953155393524,0.43153985320641663,0,-0.013504636099810147,-0.013504636099810147,-0.013504636099810147,-0.013504636099810147,0.0,1,0,0,False,0.0,0.0,0.0,0.0,0.0,0,1,0,False
2026092815,mert_v1,ambient_balanced,1.0,prior_offset,1,0.1394611373821961,0.4393559126525431,0,-0.011183030271549294,-0.011183030271549294,-0.011183030271549294,-0.011183030271549294,0.0,1,0,0,False,0.002321605828260853,0.002321605828260853,0.002321605828260853,0.002321605828260853,0.0,0,0,1,False
2026092815,mert_v1,ambient_balanced,1.0,raw,1,0.1506441676537454,0.4682289107946979,0,0.0,0.0,0.0,0.0,0.0,0,1,0,False,0.013504636099810147,0.013504636099810147,0.013504636099810147,0.013504636099810147,0.0,0,0,1,False
2026092815,mert_v1,ambient_balanced,1.0,ridge_platt,1,0.13794799339442015,0.43494631113959825,0,-0.012696174259325232,-0.012696174259325232,-0.012696174259325232,-0.012696174259325232,0.0,1,0,0,False,0.0008084618404849142,0.0008084618404849142,0.0008084618404849142,0.0008084618404849142,0.0,0,0,1,False
2026092815,mert_v1,ambient_balanced,1.0,temperature,1,0.14936795492756044,0.4622911857999251,0,-0.0012762127261849443,-0.0012762127261849443,-0.0012762127261849443,-0.0012762127261849443,0.0,1,0,0,False,0.012228423373625202,0.012228423373625202,0.012228423373625202,0.012228423373625202,0.0,0,0,1,False
2026092815,mert_v1,unweighted,0.25,beta,5,0.145905874902722,0.4592221886124498,0,0.006163341553480922,0.0059309223980624215,0.0009185399309167008,0.011389478643619166,0.010470938712702466,0,0,5,False,0.0004283610431150997,0.0003857841351704583,-7.104063728086141e-06,0.000996636202055201,0.0010037402657832872,1,0,4,True
2026092815,mert_v1,unweighted,0.25,isotonic,5,0.15692943539827597,1.3172293627183769,0,0.01718690204903489,0.015331173214474941,0.011402960695113373,0.02675643799072036,0.015353477295606988,0,0,5,False,0.011451921538669068,0.011741131660861603,0.005881914579269509,0.0158460163568927,0.009964101777623191,0,0,5,False
2026092815,mert_v1,unweighted,0.25,platt,5,0.1454775138596069,0.45463376901347063,0,0.005734980510365822,0.005643490465776002,0.0005327557957462425,0.01091042163382766,0.010377665838081418,0,0,5,False,0.0,0.0,0.0,0.0,0.0,0,5,0,False
2026092815,mert_v1,unweighted,0.25,prior_offset,5,0.13974253334924108,0.4406328008105079,0,0.0,0.0,0.0,0.0,0.0,0,5,0,False,-0.005734980510365822,-0.005643490465776002,-0.01091042163382766,-0.0005327557957462425,0.010377665838081418,5,0,0,False
2026092815,mert_v1,unweighted,0.25,raw,5,0.13974253334924108,0.4406328008105079,0,0.0,0.0,0.0,0.0,0.0,0,5,0,False,-0.005734980510365822,-0.005643490465776002,-0.01091042163382766,-0.0005327557957462425,0.010377665838081418,5,0,0,False
2026092815,mert_v1,unweighted,0.25,ridge_platt,5,0.14237228802056007,0.4456200380664458,0,0.0026297546713189733,0.0008433697634028237,-0.00020960690094931622,0.006393902455035905,0.006603509355985221,1,1,3,True,-0.003105225839046849,-0.0030553561801695273,-0.005853097366725318,-0.0005327557957462425,0.005320341570979076,5,0,0,False
2026092815,mert_v1,unweighted,0.25,temperature,5,0.1408233617318409,0.44409751053849555,0,0.0010808283825997854,-1.9266431626696612e-05,-0.0019340512103598884,0.006595957768467248,0.008530008978827136,3,0,2,True,-0.004654152127766037,-0.0028533008667381843,-0.012844472844187549,-0.0009458986858099927,0.011898574158377556,5,0,0,False
2026092815,mert_v1,unweighted,0.5,beta,5,0.1411342595203851,0.44580052828577255,0,0.0013917261711440254,0.0020131196705935606,-0.0011578134750435953,0.0032745634105701416,0.004432376885613737,1,0,4,True,0.00017431860731849104,0.00036478196994646495,-0.0005015297202296543,0.000584524522474178,0.0010860542427038322,2,0,3,True
2026092815,mert_v1,unweighted,0.5,isotonic,5,0.1507091693963264,1.0576365713947922,0,0.010966636047085292,0.009869353911176687,0.009637378583191386,0.014162850963673451,0.004525472380482065,0,0,5,False,0.009749228483259759,0.009888901238017084,0.0060605434441346195,0.01271766334559482,0.006657119901460201,0,0,5,False
2026092815,mert_v1,unweighted,0.5,platt,5,0.1409599409130666,0.44147416476176743,0,0.0012174075638255344,0.0014380589644334418,-0.0015225954449900603,0.003776093130799796,0.005298688575789856,1,0,4,True,0.0,0.0,0.0,0.0,0.0,0,5,0,False
2026092815,mert_v1,unweighted,0.5,prior_offset,5,0.13974253334924108,0.4406328008105079,0,0.0,0.0,0.0,0.0,0.0,0,5,0,False,-0.0012174075638255344,-0.0014380589644334418,-0.003776093130799796,0.0015225954449900603,0.005298688575789856,4,0,1,True
2026092815,mert_v1,unweighted,0.5,raw,5,0.13974253334924108,0.4406328008105079,0,0.0,0.0,0.0,0.0,0.0,0,5,0,False,-0.0012174075638255344,-0.0014380589644334418,-0.003776093130799796,0.0015225954449900603,0.005298688575789856,4,0,1,True
2026092815,mert_v1,unweighted,0.5,ridge_platt,5,0.13970595887105977,0.4390213305560434,0,-3.657447818131154e-05,-0.00018295380938893047,-0.0013192831908391545,0.0018619142959104273,0.003181197486749582,4,0,1,True,-0.001253982042006846,-0.001628141427467561,-0.0022695767416450185,0.001055650223109439,0.0033252269647544574,4,0,1,True
2026092815,mert_v1,unweighted,0.5,temperature,5,0.13942998771038034,0.43773225191685555,0,-0.00031254563886075614,-0.0007508041855218972,-0.001579519981805222,0.0019860312196784413,0.0035655512014836632,4,0,1,True,-0.0015299532026862906,-0.0017900619111213545,-0.002480844352409084,-5.692453681516163e-05,0.0024239198155939223,5,0,0,False
2026092815,mert_v1,unweighted,1.0,beta,1,0.13727592833134825,0.43639350765310597,0,-0.0024666050178928367,-0.0024666050178928367,-0.0024666050178928367,-0.0024666050178928367,0.0,1,0,0,False,-0.00033613898597714686,-0.00033613898597714686,-0.00033613898597714686,-0.00033613898597714686,0.0,1,0,0,False
2026092815,mert_v1,unweighted,1.0,isotonic,1,0.14314034862372824,0.7930768705891481,0,0.0033978152744871537,0.0033978152744871537,0.0033978152744871537,0.0033978152744871537,0.0,0,0,1,False,0.0055282813064028435,0.0055282813064028435,0.0055282813064028435,0.0055282813064028435,0.0,0,0,1,False
2026092815,mert_v1,unweighted,1.0,platt,1,0.1376120673173254,0.4332144376611701,0,-0.00213046603191569,-0.00213046603191569,-0.00213046603191569,-0.00213046603191569,0.0,1,0,0,False,0.0,0.0,0.0,0.0,0.0,0,1,0,False
2026092815,mert_v1,unweighted,1.0,prior_offset,1,0.13974253334924108,0.4406328008105079,0,0.0,0.0,0.0,0.0,0.0,0,1,0,False,0.00213046603191569,0.00213046603191569,0.00213046603191569,0.00213046603191569,0.0,0,0,1,False
2026092815,mert_v1,unweighted,1.0,raw,1,0.13974253334924108,0.4406328008105079,0,0.0,0.0,0.0,0.0,0.0,0,1,0,False,0.00213046603191569,0.00213046603191569,0.00213046603191569,0.00213046603191569,0.0,0,0,1,False
2026092815,mert_v1,unweighted,1.0,ridge_platt,1,0.1390008715642052,0.4374980998015935,0,-0.0007416617850358742,-0.0007416617850358742,-0.0007416617850358742,-0.0007416617850358742,0.0,1,0,0,False,0.0013888042468798156,0.0013888042468798156,0.0013888042468798156,0.0013888042468798156,0.0,0,0,1,False
2026092815,mert_v1,unweighted,1.0,temperature,1,0.1383762873204706,0.4346558472258668,0,-0.0013662460287704736,-0.0013662460287704736,-0.0013662460287704736,-0.0013662460287704736,0.0,1,0,0,False,0.0007642200031452162,0.0007642200031452162,0.0007642200031452162,0.0007642200031452162,0.0,0,0,1,False
2026092816,maest,ambient_balanced,0.25,beta,5,0.1331951753109886,0.4230238717675345,0,-0.006083389431509956,-0.004868265240734665,-0.011254406715337006,-0.003699524221835948,0.007554882493501058,5,0,0,False,-0.0005424898787971977,-0.0004408496397209638,-0.0023275528242584498,0.0006831921303477595,0.0030107449546062093,3,0,2,True
2026092816,maest,ambient_balanced,0.25,isotonic,5,0.14058482484269846,1.2214255394326299,0,0.0013062601001998853,0.0009949934967051488,-0.0014358515712975806,0.004386853445703137,0.005822705017000718,1,0,4,True,0.0068471596529126435,0.005456664058475613,0.0035130555981802702,0.009938310816785562,0.006425255218605291,0,0,5,False
2026092816,maest,ambient_balanced,0.25,platt,5,0.1337376651897858,0.4227551449509628,0,-0.005540899552712758,-0.005018604749809974,-0.008926853891078557,-0.0032586745821149843,0.005668179308963572,5,0,0,False,0.0,0.0,0.0,0.0,0.0,0,5,0,False
2026092816,maest,ambient_balanced,0.25,prior_offset,5,0.12565009907011096,0.3989970574934786,0,-0.013628465672387596,-0.013628465672387596,-0.013628465672387596,-0.013628465672387596,0.0,5,0,0,False,-0.008087566119674839,-0.008609860922577622,-0.010369791090272612,-0.00470161178130904,0.005668179308963572,5,0,0,False
2026092816,maest,ambient_balanced,0.25,raw,5,0.13927856474249856,0.43255662564990943,0,0.0,0.0,0.0,0.0,0.0,0,5,0,False,0.005540899552712758,0.005018604749809974,0.0032586745821149843,0.008926853891078557,0.005668179308963572,0,0,5,False
2026092816,maest,ambient_balanced,0.25,ridge_platt,5,0.1307251578809528,0.4129135956414907,0,-0.008553406861545782,-0.008193074406541573,-0.013889094010812508,-0.0034697511932947345,0.010419342817517774,5,0,0,False,-0.0030125073088330236,-0.0049343998244265885,-0.006016773040432272,0.0015488535565152395,0.007565626596947511,4,0,1,True
2026092816,maest,ambient_balanced,0.25,temperature,5,0.14075827048928985,0.43699422102222185,0,0.001479705746791299,0.0017941777440994566,0.00029940983197820903,0.0022752067693958544,0.0019757969374176454,0,0,5,False,0.007020605299504057,0.007224113938873705,0.004340631066764689,0.010874631794911827,0.006534000728147138,0,0,5,False
2026092816,maest,ambient_balanced,0.5,beta,5,0.13093377426507938,0.41764248196962434,0,-0.008344790477419173,-0.009281997623768107,-0.012613038153448053,-0.0034061786092674795,0.009206859544180573,5,0,0,False,0.0002011946015888888,2.7260490809477567e-05,-0.00048477724743917205,0.0010164960626772024,0.0015012733101163744,2,0,3,True
2026092816,maest,ambient_balanced,0.5,isotonic,5,0.13487878229645994,0.7838399966934725,0,-0.004399782446038602,-0.005615856208409292,-0.006973293752172011,0.0006276285145999927,0.007600922266772003,4,0,1,True,0.004146202632969459,0.004274719110823583,0.002606288141209223,0.00566700489208552,0.0030607167508762967,0,0,5,False
2026092816,maest,ambient_balanced,0.5,platt,5,0.1307325796634905,0.4127546248765549,0,-0.008545985079008061,-0.009266413483681513,-0.01264029864425753,-0.004422674671944682,0.008217623972312849,5,0,0,False,0.0,0.0,0.0,0.0,0.0,0,5,0,False
2026092816,maest,ambient_balanced,0.5,prior_offset,5,0.12565009907011096,0.3989970574934786,0,-0.013628465672387596,-0.013628465672387596,-0.013628465672387596,-0.013628465672387596,0.0,5,0,0,False,-0.005082480593379535,-0.004362052188706084,-0.009205791000442914,-0.0009881670281300658,0.008217623972312849,5,0,0,False
2026092816,maest,ambient_balanced,0.5,raw,5,0.13927856474249856,0.43255662564990943,0,0.0,0.0,0.0,0.0,0.0,0,5,0,False,0.008545985079008061,0.009266413483681513,0.004422674671944682,0.01264029864425753,0.008217623972312849,0,0,5,False
2026092816,maest,ambient_balanced,0.5,ridge_platt,5,0.1286244814569107,0.4066231993987411,0,-0.010654083285587878,-0.009710788626368982,-0.014226422938985489,-0.007378066888905382,0.006848356050080107,5,0,0,False,-0.002108098206579817,-0.002535532865403367,-0.0052881139544243005,0.0018883465947761302,0.007176460549200431,4,0,1,True
2026092816,maest,ambient_balanced,0.5,temperature,5,0.14106606299723395,0.4373107258272217,0,0.0017874982547354313,0.000825339177942086,0.0007277211651357529,0.004027997778041692,0.003300276612905939,0,0,5,False,0.010333483333743492,0.009994134648817266,0.006968057223330215,0.013918573097274567,0.006950515873944352,0,0,5,False
2026092816,maest,ambient_balanced,1.0,beta,1,0.1275775174021761,0.4035408830367641,0,-0.011701047340322457,-0.011701047340322457,-0.011701047340322457,-0.011701047340322457,0.0,1,0,0,False,0.0003944132850604021,0.0003944132850604021,0.0003944132850604021,0.0003944132850604021,0.0,0,0,1,False
2026092816,maest,ambient_balanced,1.0,isotonic,1,0.12969128090415527,0.5605609472190736,0,-0.009587283838343286,-0.009587283838343286,-0.009587283838343286,-0.009587283838343286,0.0,1,0,0,False,0.0025081767870395733,0.0025081767870395733,0.0025081767870395733,0.0025081767870395733,0.0,0,0,1,False
2026092816,maest,ambient_balanced,1.0,platt,1,0.1271831041171157,0.4022749885546287,0,-0.012095460625382859,-0.012095460625382859,-0.012095460625382859,-0.012095460625382859,0.0,1,0,0,False,0.0,0.0,0.0,0.0,0.0,0,1,0,False
2026092816,maest,ambient_balanced,1.0,prior_offset,1,0.12565009907011096,0.3989970574934786,0,-0.013628465672387596,-0.013628465672387596,-0.013628465672387596,-0.013628465672387596,0.0,1,0,0,False,-0.0015330050470047374,-0.0015330050470047374,-0.0015330050470047374,-0.0015330050470047374,0.0,1,0,0,False
2026092816,maest,ambient_balanced,1.0,raw,1,0.13927856474249856,0.43255662564990943,0,0.0,0.0,0.0,0.0,0.0,0,1,0,False,0.012095460625382859,0.012095460625382859,0.012095460625382859,0.012095460625382859,0.0,0,0,1,False
2026092816,maest,ambient_balanced,1.0,ridge_platt,1,0.12546982066065104,0.3973524924227408,0,-0.013808744081847513,-0.013808744081847513,-0.013808744081847513,-0.013808744081847513,0.0,1,0,0,False,-0.0017132834564646537,-0.0017132834564646537,-0.0017132834564646537,-0.0017132834564646537,0.0,1,0,0,False
2026092816,maest,ambient_balanced,1.0,temperature,1,0.14052182712793565,0.43567399139816676,0,0.0012432623854370939,0.0012432623854370939,0.0012432623854370939,0.0012432623854370939,0.0,0,0,1,False,0.013338723010819953,0.013338723010819953,0.013338723010819953,0.013338723010819953,0.0,0,0,1,False
2026092816,maest,unweighted,0.25,beta,5,0.13305418522513685,0.4210231544512939,0,0.00728399019412283,0.008601967959276507,0.0021217805804533973,0.009272515801256265,0.007150735220802867,0,0,5,False,-0.0004914380915165495,-0.0004008871207940301,-0.0022912947232578973,0.0007520004746800757,0.003043295197937973,3,0,2,True
2026092816,maest,unweighted,0.25,isotonic,5,0.14017069182798092,1.233044806794053,0,0.0144004967969669,0.013891667384182765,0.012643543076673897,0.017260783306159988,0.0046172402294860915,0,0,5,False,0.00662506851132752,0.004828723338333896,0.003872393219647996,0.010745554317118267,0.006873161097470271,0,0,5,False
2026092816,maest,unweighted,0.25,platt,5,0.13354562331665337,0.4220686920965838,0,0.007775428285639379,0.008219137258654391,0.004413075303711295,0.01001927416453477,0.005606198860823475,0,0,5,False,0.0,0.0,0.0,0.0,0.0,0,5,0,False
2026092816,maest,unweighted,0.25,prior_offset,5,0.12577019503101403,0.3986440379056687,0,0.0,0.0,0.0,0.0,0.0,0,5,0,False,-0.007775428285639379,-0.008219137258654391,-0.01001927416453477,-0.004413075303711295,0.005606198860823475,5,0,0,False
2026092816,maest,unweighted,0.25,raw,5,0.12577019503101403,0.3986440379056687,0,0.0,0.0,0.0,0.0,0.0,0,5,0,False,-0.007775428285639379,-0.008219137258654391,-0.01001927416453477,-0.004413075303711295,0.005606198860823475,5,0,0,False
2026092816,maest,unweighted,0.25,ridge_platt,5,0.12741685135933806,0.40439523163703023,0,0.0016466563283240366,7.340757955690003e-05,0.0,0.005013500547170785,0.005013500547170785,0,2,3,False,-0.006128771957315343,-0.004703593969703934,-0.01001927416453477,-0.003362186669529227,0.0066570874950055425,5,0,0,False
2026092816,maest,unweighted,0.25,temperature,5,0.12757589763921878,0.40473121593736605,0,0.0018057026082047567,0.0021720031590339306,0.0006052938874537006,0.0027364145070657153,0.0021311206196120147,0,0,5,False,-0.005969725677434623,-0.005615981369060441,-0.007847271005500839,-0.0031322599317768485,0.00471501107372399,5,0,0,False
2026092816,maest,unweighted,0.5,beta,5,0.13080481555508594,0.4166660735765818,0,0.005034620524071903,0.0040156177762499246,0.0008698122927322249,0.010091125243223309,0.009221312950491084,0,0,5,False,0.00018387333845830135,7.620208985220644e-05,-0.0006529496321620587,0.0011379460336483904,0.0017908956658104491,2,0,3,True
2026092816,maest,unweighted,0.5,isotonic,5,0.13432278777020032,0.7815007616455979,0,0.008552592739186304,0.007656045264510386,0.005729201379707116,0.013729302183025538,0.008000100803318422,0,0,5,False,0.0037018455535727025,0.004077210377549351,0.0023061177159732493,0.004935591176827098,0.0026294734608538484,0,0,5,False
2026092816,maest,unweighted,0.5,platt,5,0.13062094221662762,0.4123927528935612,0,0.004850747185613602,0.004079509632494455,0.0007936102028800185,0.008953179209574919,0.0081595690066949,0,0,5,False,0.0,0.0,0.0,0.0,0.0,0,5,0,False
2026092816,maest,unweighted,0.5,prior_offset,5,0.12577019503101403,0.3986440379056687,0,0.0,0.0,0.0,0.0,0.0,0,5,0,False,-0.004850747185613602,-0.004079509632494455,-0.008953179209574919,-0.0007936102028800185,0.0081595690066949,5,0,0,False
2026092816,maest,unweighted,0.5,raw,5,0.12577019503101403,0.3986440379056687,0,0.0,0.0,0.0,0.0,0.0,0,5,0,False,-0.004850747185613602,-0.004079509632494455,-0.008953179209574919,-0.0007936102028800185,0.0081595690066949,5,0,0,False
2026092816,maest,unweighted,0.5,ridge_platt,5,0.12799064986405256,0.4048756530866651,0,0.0022204548330385264,0.0019304554606586755,5.959829074031475e-06,0.004620574590189996,0.004614614761115965,0,0,5,False,-0.0026302923525750753,-0.0022280274059675864,-0.004971478105058241,-0.000787650373805987,0.004183827731252254,5,0,0,False
2026092816,maest,unweighted,0.5,temperature,5,0.1277151274897071,0.4045173715643863,0,0.0019449324586930771,0.0013518739990848183,0.0007646166740650218,0.0032944407376504226,0.002529824063585401,0,0,5,False,-0.0029058147269205247,-0.0028895923510935673,-0.005658738471924496,-2.8993528814996727e-05,0.005629744943109499,5,0,0,False
2026092816,maest,unweighted,1.0,beta,1,0.12753465593999536,0.4025895303901213,0,0.0017644609089813301,0.0017644609089813301,0.0017644609089813301,0.0017644609089813301,0.0,0,0,1,False,0.00047961513698363545,0.00047961513698363545,0.00047961513698363545,0.00047961513698363545,0.0,0,0,1,False
2026092816,maest,unweighted,1.0,isotonic,1,0.1291251696835843,0.5591537972715716,0,0.003354974652570286,0.003354974652570286,0.003354974652570286,0.003354974652570286,0.0,0,0,1,False,0.0020701288805725915,0.0020701288805725915,0.0020701288805725915,0.0020701288805725915,0.0,0,0,1,False
2026092816,maest,unweighted,1.0,platt,1,0.12705504080301172,0.40187785100545237,0,0.0012848457719976947,0.0012848457719976947,0.0012848457719976947,0.0012848457719976947,0.0,0,0,1,False,0.0,0.0,0.0,0.0,0.0,0,1,0,False
2026092816,maest,unweighted,1.0,prior_offset,1,0.12577019503101403,0.3986440379056687,0,0.0,0.0,0.0,0.0,0.0,0,1,0,False,-0.0012848457719976947,-0.0012848457719976947,-0.0012848457719976947,-0.0012848457719976947,0.0,1,0,0,False
2026092816,maest,unweighted,1.0,raw,1,0.12577019503101403,0.3986440379056687,0,0.0,0.0,0.0,0.0,0.0,0,1,0,False,-0.0012848457719976947,-0.0012848457719976947,-0.0012848457719976947,-0.0012848457719976947,0.0,1,0,0,False
2026092816,maest,unweighted,1.0,ridge_platt,1,0.12518113072047451,0.3963624401737121,0,-0.000589064310539511,-0.000589064310539511,-0.000589064310539511,-0.000589064310539511,0.0,1,0,0,False,-0.0018739100825372057,-0.0018739100825372057,-0.0018739100825372057,-0.0018739100825372057,0.0,1,0,0,False
2026092816,maest,unweighted,1.0,temperature,1,0.12742303456723292,0.4033578684763032,0,0.001652839536218892,0.001652839536218892,0.001652839536218892,0.001652839536218892,0.0,0,0,1,False,0.00036799376422119723,0.00036799376422119723,0.00036799376422119723,0.00036799376422119723,0.0,0,0,1,False
2026092816,mert_v0,ambient_balanced,0.25,beta,5,0.14599679984914718,0.4690406789993796,0,-0.01001123381209872,-0.00921692778654401,-0.016144502701254587,-0.006834210441335781,0.009310292259918806,5,0,0,False,-0.0010101887263731456,-2.3403758161261168e-05,-0.003356351039445399,0.001069057021991504,0.004425408061436903,3,0,2,True
2026092816,mert_v0,ambient_balanced,0.25,isotonic,5,0.15089921708161808,1.1427556606250886,0,-0.005108816579627795,-0.005292029613436416,-0.007736391909341139,-0.001629802489506199,0.00610658941983494,5,0,0,False,0.003892228506097778,0.005314264061203611,-0.002975102479353814,0.008470578937676387,0.011445681417030201,1,0,4,True
2026092816,mert_v0,ambient_balanced,0.25,platt,5,0.1470069885755203,0.46561221281789206,0,-0.009001045085725573,-0.008330232429436701,-0.016206970847017527,-0.0040314964393222685,0.012175474407695258,5,0,0,False,0.0,0.0,0.0,0.0,0.0,0,5,0,False
2026092816,mert_v0,ambient_balanced,0.25,prior_offset,5,0.14124854766754816,0.4414121105815868,0,-0.014759485993697724,-0.014759485993697724,-0.014759485993697724,-0.014759485993697724,0.0,5,0,0,False,-0.005758440907972151,-0.006429253564261023,-0.010727989554375456,0.0014474848533198026,0.012175474407695258,4,0,1,True
2026092816,mert_v0,ambient_balanced,0.25,raw,5,0.15600803366124588,0.4790004666718601,0,0.0,0.0,0.0,0.0,0.0,0,5,0,False,0.009001045085725573,0.008330232429436701,0.0040314964393222685,0.016206970847017527,0.012175474407695258,0,0,5,False
2026092816,mert_v0,ambient_balanced,0.25,ridge_platt,5,0.14727269348145233,0.46067497317633566,0,-0.00873534017979355,-0.010686212894707003,-0.013319581986472123,0.0024326438465469835,0.015752225833019107,4,0,1,True,0.0002657049059320238,-0.0032747832416238354,-0.00755426849892088,0.011626167874929733,0.019180436373850612,3,0,2,True
2026092816,mert_v0,ambient_balanced,0.25,temperature,5,0.16075919809704553,0.4941550805605255,0,0.004751164435799632,0.004787416064681638,0.0006022701295851918,0.00932596172566269,0.008723691596077499,0,0,5,False,0.013752209521525205,0.013980940093064387,0.010126342648512504,0.01680924097660272,0.006682898328090214,0,0,5,False
2026092816,mert_v0,ambient_balanced,0.5,beta,5,0.14274572346770492,0.4515463511457857,0,-0.01326231019354096,-0.013220512022286773,-0.016294573876060675,-0.010328094786375808,0.005966479089684867,5,0,0,False,-0.0009818542963341947,-0.0013148421387967069,-0.0018110676124505898,0.0005386701491145729,0.0023497377615651627,4,0,1,True
2026092816,mert_v0,ambient_balanced,0.5,isotonic,5,0.1452479342062888,0.8308205334278587,0,-0.0107600994549571,-0.008832639225923089,-0.015725804112587893,-0.007406857584275783,0.00831894652831211,5,0,0,False,0.0015203564422496651,0.0004986593289538488,-0.00022260789842853956,0.0037837181031225575,0.004006326001551097,2,0,3,True
2026092816,mert_v0,ambient_balanced,0.5,platt,5,0.14372757776403913,0.4515053286408349,0,-0.012280455897206766,-0.011409444409836184,-0.015690605455403683,-0.00861003132749455,0.007080574127909134,5,0,0,False,0.0,0.0,0.0,0.0,0.0,0,5,0,False
2026092816,mert_v0,ambient_balanced,0.5,prior_offset,5,0.14124854766754816,0.4414121105815868,0,-0.014759485993697724,-0.014759485993697724,-0.014759485993697724,-0.014759485993697724,0.0,5,0,0,False,-0.0024790300964909586,-0.0033500415838615405,-0.006149454666203175,0.0009311194617059593,0.007080574127909134,4,0,1,True
2026092816,mert_v0,ambient_balanced,0.5,raw,5,0.15600803366124588,0.4790004666718601,0,0.0,0.0,0.0,0.0,0.0,0,5,0,False,0.012280455897206766,0.011409444409836184,0.00861003132749455,0.015690605455403683,0.007080574127909134,0,0,5,False
2026092816,mert_v0,ambient_balanced,0.5,ridge_platt,5,0.14301320488122876,0.44907067821441304,0,-0.012994828780017125,-0.01237266981436147,-0.015888644337824553,-0.011348177790491104,0.004540466547333449,5,0,0,False,-0.0007143728828103602,-0.0009632254045252864,-0.0027381464629965546,0.0025700868138277266,0.005308233276824281,4,0,1,True
2026092816,mert_v0,ambient_balanced,0.5,temperature,5,0.15995739363898598,0.4890853012019255,0,0.003949359977740097,0.0037063145345887227,0.0014213514275893957,0.0071548049865203245,0.005733453558930929,0,0,5,False,0.016229815874946863,0.016129480801828355,0.013141340963550102,0.01862362475935017,0.005482283795800069,0,0,5,False
2026092816,mert_v0,ambient_balanced,1.0,beta,1,0.140402475698815,0.43897517456865565,0,-0.015605557962430877,-0.015605557962430877,-0.015605557962430877,-0.015605557962430877,0.0,1,0,0,False,-0.0004116736362390905,-0.0004116736362390905,-0.0004116736362390905,-0.0004116736362390905,0.0,1,0,0,False
2026092816,mert_v0,ambient_balanced,1.0,isotonic,1,0.14093682413320663,0.6557715632761185,0,-0.015071209528039253,-0.015071209528039253,-0.015071209528039253,-0.015071209528039253,0.0,1,0,0,False,0.00012267479815253335,0.00012267479815253335,0.00012267479815253335,0.00012267479815253335,0.0,0,0,1,False
2026092816,mert_v0,ambient_balanced,1.0,platt,1,0.1408141493350541,0.44121206702235066,0,-0.015193884326191787,-0.015193884326191787,-0.015193884326191787,-0.015193884326191787,0.0,1,0,0,False,0.0,0.0,0.0,0.0,0.0,0,1,0,False
2026092816,mert_v0,ambient_balanced,1.0,prior_offset,1,0.14124854766754816,0.44141211058158675,0,-0.014759485993697724,-0.014759485993697724,-0.014759485993697724,-0.014759485993697724,0.0,1,0,0,False,0.00043439833249406257,0.00043439833249406257,0.00043439833249406257,0.00043439833249406257,0.0,0,0,1,False
2026092816,mert_v0,ambient_balanced,1.0,raw,1,0.15600803366124588,0.4790004666718601,0,0.0,0.0,0.0,0.0,0.0,0,1,0,False,0.015193884326191787,0.015193884326191787,0.015193884326191787,0.015193884326191787,0.0,0,0,1,False
2026092816,mert_v0,ambient_balanced,1.0,ridge_platt,1,0.14100448465525003,0.4405386586577673,0,-0.015003549005995848,-0.015003549005995848,-0.015003549005995848,-0.015003549005995848,0.0,1,0,0,False,0.00019033532019593902,0.00019033532019593902,0.00019033532019593902,0.00019033532019593902,0.0,0,0,1,False
2026092816,mert_v0,ambient_balanced,1.0,temperature,1,0.15829475608025093,0.48372854286931377,0,0.002286722419005044,0.002286722419005044,0.002286722419005044,0.002286722419005044,0.0,0,0,1,False,0.01748060674519683,0.01748060674519683,0.01748060674519683,0.01748060674519683,0.0,0,0,1,False
2026092816,mert_v0,unweighted,0.25,beta,5,0.14603389582239593,0.46865389573075095,0,0.005254761084723303,0.006050504377998478,-0.0013791460966959268,0.008988299129386174,0.0103674452260821,1,0,4,True,-0.0008232472107667699,-0.00026074186731409044,-0.0029360048754134005,0.0009071423070947104,0.003843147182508111,3,0,2,True
2026092816,mert_v0,unweighted,0.25,isotonic,5,0.1498860960195389,1.1394984644679271,0,0.0091069612818663,0.009930907117921967,0.004909649461599663,0.011348741687813718,0.006439092226214055,0,0,5,False,0.0030289529863762265,0.004605485003073201,-0.0029510860602043054,0.0060280536909815,0.008979139751185805,1,0,4,True
2026092816,mert_v0,unweighted,0.25,platt,5,0.1468571430331627,0.46516967534625164,0,0.006078008295490073,0.006585390956828946,-0.0011184042293818364,0.011105718242298307,0.012224122471680143,1,0,4,True,0.0,0.0,0.0,0.0,0.0,0,5,0,False
2026092816,mert_v0,unweighted,0.25,prior_offset,5,0.14077913473767262,0.440367386356402,0,0.0,0.0,0.0,0.0,0.0,0,5,0,False,-0.006078008295490073,-0.006585390956828946,-0.011105718242298307,0.0011184042293818364,0.012224122471680143,4,0,1,True
2026092816,mert_v0,unweighted,0.25,raw,5,0.14077913473767262,0.440367386356402,0,0.0,0.0,0.0,0.0,0.0,0,5,0,False,-0.006078008295490073,-0.006585390956828946,-0.011105718242298307,0.0011184042293818364,0.012224122471680143,4,0,1,True
2026092816,mert_v0,unweighted,0.25,ridge_platt,5,0.1430863134980589,0.44966777817921616,0,0.002307178760386275,0.0021135806192026096,0.0,0.00427006826641263,0.00427006826641263,0,1,4,False,-0.003770829535103798,-0.004471810337626336,-0.0075542684989209075,0.0011184042293818364,0.008672672728302744,4,0,1,True
2026092816,mert_v0,unweighted,0.25,temperature,5,0.14557477409639422,0.456605985933083,0,0.004795639358721598,0.005106331940514519,0.0006155522998104734,0.008650728491077148,0.008035176191266674,0,0,5,False,-0.0012823689367684743,-0.0006533849427728944,-0.004417900129707636,0.0017339565291923098,0.006151856658899946,4,0,1,True
2026092816,mert_v0,unweighted,0.5,beta,5,0.14296804541519179,0.452454485885821,0,0.0021889106775191793,0.0022329986868090956,-0.0008305836613349549,0.005239012935317727,0.006069596596652682,2,0,3,True,-0.0006301654754366004,-0.001010574801560693,-0.0013538865370405773,0.0008015565683222869,0.002155443105362864,4,0,1,True
2026092816,mert_v0,unweighted,0.5,isotonic,5,0.14497427527210083,0.8425943550719206,0,0.0041951405344281935,0.006657858028365715,-0.0005335666140391937,0.007584685188920609,0.008118251802959803,1,0,4,True,0.0013760643814724137,6.495855600741063e-05,-0.0002979670033217141,0.0037046066830242474,0.0040025736863459616,1,0,4,True
2026092816,mert_v0,unweighted,0.5,platt,5,0.1435982108906284,0.45124181493146437,0,0.0028190761529557793,0.0035314106948820256,-0.0005410730625038662,0.0065928994723583045,0.007133972534862171,1,0,4,True,0.0,0.0,0.0,0.0,0.0,0,5,0,False
2026092816,mert_v0,unweighted,0.5,prior_offset,5,0.14077913473767262,0.440367386356402,0,0.0,0.0,0.0,0.0,0.0,0,5,0,False,-0.0028190761529557793,-0.0035314106948820256,-0.0065928994723583045,0.0005410730625038662,0.007133972534862171,4,0,1,True
2026092816,mert_v0,unweighted,0.5,raw,5,0.14077913473767262,0.440367386356402,0,0.0,0.0,0.0,0.0,0.0,0,5,0,False,-0.0028190761529557793,-0.0035314106948820256,-0.0065928994723583045,0.0005410730625038662,0.007133972534862171,4,0,1,True
2026092816,mert_v0,unweighted,0.5,ridge_platt,5,0.14239659058125226,0.4468981958546328,0,0.001617455843579646,0.0019409274877963678,-0.0007888210515082095,0.00414043383325069,0.004929254884758899,1,1,3,True,-0.0012016203093761335,-0.0011174967458174867,-0.002452465639107615,0.0005410730625038662,0.002993538701611481,4,0,1,True
2026092816,mert_v0,unweighted,0.5,temperature,5,0.14382817169578768,0.44974874938489595,0,0.003049036958115053,0.003563118964890588,0.0005802032144909819,0.005896696644177718,0.005316493429686736,0,0,5,False,0.00022996080515927386,0.00017754716840151508,-0.0006962028281805865,0.0013852238953851737,0.00208142672356576,1,0,4,True
2026092816,mert_v0,unweighted,1.0,beta,1,0.14054217354609944,0.43946136121528095,0,-0.00023696119157318174,-0.00023696119157318174,-0.00023696119157318174,-0.00023696119157318174,0.0,1,0,0,False,-8.467340205664531e-05,-8.467340205664531e-05,-8.467340205664531e-05,-8.467340205664531e-05,0.0,1,0,0,False
2026092816,mert_v0,unweighted,1.0,isotonic,1,0.14041925421163448,0.6537808481392697,0,-0.0003598805260381366,-0.0003598805260381366,-0.0003598805260381366,-0.0003598805260381366,0.0,1,0,0,False,-0.00020759273652160015,-0.00020759273652160015,-0.00020759273652160015,-0.00020759273652160015,0.0,1,0,0,False
2026092816,mert_v0,unweighted,1.0,platt,1,0.14062684694815608,0.4407928504076745,0,-0.00015228778951653643,-0.00015228778951653643,-0.00015228778951653643,-0.00015228778951653643,0.0,1,0,0,False,0.0,0.0,0.0,0.0,0.0,0,1,0,False
2026092816,mert_v0,unweighted,1.0,prior_offset,1,0.14077913473767262,0.44036738635640194,0,0.0,0.0,0.0,0.0,0.0,0,1,0,False,0.00015228778951653643,0.00015228778951653643,0.00015228778951653643,0.00015228778951653643,0.0,0,0,1,False
2026092816,mert_v0,unweighted,1.0,raw,1,0.14077913473767262,0.44036738635640194,0,0.0,0.0,0.0,0.0,0.0,0,1,0,False,0.00015228778951653643,0.00015228778951653643,0.00015228778951653643,0.00015228778951653643,0.0,0,0,1,False
2026092816,mert_v0,unweighted,1.0,ridge_platt,1,0.1414674131258374,0.44061261944742003,0,0.0006882783881647925,0.0006882783881647925,0.0006882783881647925,0.0006882783881647925,0.0,0,0,1,False,0.0008405661776813289,0.0008405661776813289,0.0008405661776813289,0.0008405661776813289,0.0,0,0,1,False
2026092816,mert_v0,unweighted,1.0,temperature,1,0.14259653625725963,0.44471544308636046,0,0.0018174015195870086,0.0018174015195870086,0.0018174015195870086,0.0018174015195870086,0.0,0,0,1,False,0.001969689309103545,0.001969689309103545,0.001969689309103545,0.001969689309103545,0.0,0,0,1,False
2026092816,mert_v1,ambient_balanced,0.25,beta,5,0.14588662437886252,0.472997254925434,0,-0.011805311731509172,-0.01054101240376737,-0.016490204468272374,-0.007919356755872548,0.008570847712399826,5,0,0,False,-0.0016899721114828404,-0.002973854856507807,-0.003775021547047258,0.001179059143415373,0.004954080690462631,3,0,2,True
2026092816,mert_v1,ambient_balanced,0.25,isotonic,5,0.15155295532564056,1.2428274178913632,0,-0.006138980784731146,-0.005767898668185917,-0.010821741670005686,-0.000858509906453031,0.009963231763552655,5,0,0,False,0.003976358835295185,0.00611976278864565,-0.0008223967688211764,0.007303983828657462,0.008126380597478639,1,0,4,True
2026092816,mert_v1,ambient_balanced,0.25,platt,5,0.14757659649034535,0.471592139805726,0,-0.010115339620026332,-0.00998186859278058,-0.016941504458651335,-0.00494550189936474,0.011996002559286595,5,0,0,False,0.0,0.0,0.0,0.0,0.0,0,5,0,False
2026092816,mert_v1,ambient_balanced,0.25,prior_offset,5,0.1406499290159976,0.4392315698807977,0,-0.01704200709437409,-0.01704200709437409,-0.01704200709437409,-0.01704200709437409,0.0,5,0,0,False,-0.006926667474347758,-0.00706013850159351,-0.01209650519500935,-0.00010050263572275453,0.011996002559286595,5,0,0,False
2026092816,mert_v1,ambient_balanced,0.25,raw,5,0.1576919361103717,0.48347753907259383,0,0.0,0.0,0.0,0.0,0.0,0,5,0,False,0.010115339620026332,0.00998186859278058,0.00494550189936474,0.016941504458651335,0.011996002559286595,0,0,5,False
2026092816,mert_v1,ambient_balanced,0.25,ridge_platt,5,0.14893173877021165,0.4732081295879939,0,-0.008760197340160047,-0.010834112156730386,-0.014915926286786563,0.0034818841627791974,0.01839781044956576,4,0,1,True,0.0013551422798662837,-0.0018486482698572004,-0.009970424387421822,0.01520195570996194,0.025172380097383762,3,0,2,True
2026092816,mert_v1,ambient_balanced,0.25,temperature,5,0.16283522732069364,0.5030612312022597,0,0.005143291210321954,0.004530590134121104,0.0011663391146158886,0.009523137447423446,0.008356798332807558,0,0,5,False,0.015258630830348285,0.016250661681303846,0.012667445742380268,0.018107843573267224,0.005440397830886956,0,0,5,False
2026092816,mert_v1,ambient_balanced,0.5,beta,5,0.14188203725586634,0.4483618878930016,0,-0.01580989885450535,-0.015527920587507654,-0.019172852018170677,-0.011899359730223685,0.007273492287946992,5,0,0,False,-0.001140241773178674,-0.0015132155152455251,-0.002081298435731044,0.0007380022754262805,0.0028193007111573243,4,0,1,True
2026092816,mert_v1,ambient_balanced,0.5,isotonic,5,0.1436989285833033,0.7108391651308061,0,-0.013993007527068413,-0.013199087620696576,-0.019837978596603134,-0.007485467628901926,0.012352510967701208,5,0,0,False,0.0006766495542582629,-0.0011826192162149862,-0.0018580862193213754,0.00515189437674804,0.007009980596069415,3,0,2,True
2026092816,mert_v1,ambient_balanced,0.5,platt,5,0.14302227902904502,0.4496738571292244,0,-0.014669657081326675,-0.01344662215177661,-0.01797989237728176,-0.011986231814538034,0.0059936605627437245,5,0,0,False,0.0,0.0,0.0,0.0,0.0,0,5,0,False
2026092816,mert_v1,ambient_balanced,0.5,prior_offset,5,0.1406499290159976,0.4392315698807977,0,-0.01704200709437409,-0.01704200709437409,-0.01704200709437409,-0.01704200709437409,0.0,5,0,0,False,-0.002372350013047414,-0.0035953849425974793,-0.005055775279836056,0.0009378852829076689,0.0059936605627437245,3,0,2,True
2026092816,mert_v1,ambient_balanced,0.5,raw,5,0.1576919361103717,0.48347753907259383,0,0.0,0.0,0.0,0.0,0.0,0,5,0,False,0.014669657081326675,0.01344662215177661,0.011986231814538034,0.01797989237728176,0.0059936605627437245,0,0,5,False
2026092816,mert_v1,ambient_balanced,0.5,ridge_platt,5,0.14243763102246046,0.4461038283132172,0,-0.01525430508791122,-0.014458515669889094,-0.018625396271119726,-0.012500321656729263,0.006125074614390463,5,0,0,False,-0.0005846480065845427,-0.0006455038938379676,-0.004714787183103031,0.004797855400657747,0.009512642583760778,4,0,1,True
2026092816,mert_v1,ambient_balanced,0.5,temperature,5,0.1614568478858882,0.4925634557044346,0,0.003764911775516522,0.0032180044596320234,0.0005257250516994827,0.008530884811834033,0.00800515976013455,0,0,5,False,0.0184345688568432,0.017823902109086492,0.015204236274170058,0.021168246817484,0.005964010543313941,0,0,5,False
2026092816,mert_v1,ambient_balanced,1.0,beta,1,0.13910465146717738,0.4363337495401406,0,-0.018587284643194313,-0.018587284643194313,-0.018587284643194313,-0.018587284643194313,0.0,1,0,0,False,-0.0009520763369489926,-0.0009520763369489926,-0.0009520763369489926,-0.0009520763369489926,0.0,1,0,0,False
2026092816,mert_v1,ambient_balanced,1.0,isotonic,1,0.13617671371312548,0.5808532146700237,0,-0.02151522239724621,-0.02151522239724621,-0.02151522239724621,-0.02151522239724621,0.0,1,0,0,False,-0.0038800140910008885,-0.0038800140910008885,-0.0038800140910008885,-0.0038800140910008885,0.0,1,0,0,False
2026092816,mert_v1,ambient_balanced,1.0,platt,1,0.14005672780412637,0.4385783155404985,0,-0.01763520830624532,-0.01763520830624532,-0.01763520830624532,-0.01763520830624532,0.0,1,0,0,False,0.0,0.0,0.0,0.0,0.0,0,1,0,False
2026092816,mert_v1,ambient_balanced,1.0,prior_offset,1,0.1406499290159976,0.43923156988079765,0,-0.01704200709437409,-0.01704200709437409,-0.01704200709437409,-0.01704200709437409,0.0,1,0,0,False,0.0005932012118712304,0.0005932012118712304,0.0005932012118712304,0.0005932012118712304,0.0,0,0,1,False
2026092816,mert_v1,ambient_balanced,1.0,raw,1,0.1576919361103717,0.48347753907259383,0,0.0,0.0,0.0,0.0,0.0,0,1,0,False,0.01763520830624532,0.01763520830624532,0.01763520830624532,0.01763520830624532,0.0,0,0,1,False
2026092816,mert_v1,ambient_balanced,1.0,ridge_platt,1,0.14005568491368653,0.4373790023667171,0,-0.01763625119668516,-0.01763625119668516,-0.01763625119668516,-0.01763625119668516,0.0,1,0,0,False,-1.0428904398396277e-06,-1.0428904398396277e-06,-1.0428904398396277e-06,-1.0428904398396277e-06,0.0,1,0,0,False
2026092816,mert_v1,ambient_balanced,1.0,temperature,1,0.15953467393911136,0.4858673015701252,0,0.0018427378287396712,0.0018427378287396712,0.0018427378287396712,0.0018427378287396712,0.0,0,0,1,False,0.01947794613498499,0.01947794613498499,0.01947794613498499,0.01947794613498499,0.0,0,0,1,False
2026092816,mert_v1,unweighted,0.25,beta,5,0.1461577248107437,0.47312845559798716,0,0.005803277182395117,0.0068973547879117025,0.0006164718029365579,0.0101939671131146,0.009577495310178041,0,0,5,False,-0.0013037704121671768,-0.002273627634794606,-0.0030811515193162886,0.001440135675101678,0.004521287194417967,3,0,2,True
2026092816,mert_v1,unweighted,0.25,isotonic,5,0.15156294189872108,1.2112648350223536,0,0.011208494270372482,0.010887212624110104,0.006581436992881273,0.017414290131462007,0.010832853138580734,0,0,5,False,0.004101446675810189,0.006283841253076489,-0.0015803821237991011,0.007346311877412082,0.008926694001211183,1,0,4,True
2026092816,mert_v1,unweighted,0.25,platt,5,0.1474614952229109,0.4713498098110371,0,0.0071070475945622935,0.007244850118237528,0.0002975957398047846,0.012467594747909205,0.01216999900810442,0,0,5,False,0.0,0.0,0.0,0.0,0.0,0,5,0,False
2026092816,mert_v1,unweighted,0.25,prior_offset,5,0.14035444762834862,0.43894976535316677,0,0.0,0.0,0.0,0.0,0.0,0,5,0,False,-0.0071070475945622935,-0.007244850118237528,-0.012467594747909205,-0.0002975957398047846,0.01216999900810442,5,0,0,False
2026092816,mert_v1,unweighted,0.25,raw,5,0.14035444762834862,0.43894976535316677,0,0.0,0.0,0.0,0.0,0.0,0,5,0,False,-0.0071070475945622935,-0.007244850118237528,-0.012467594747909205,-0.0002975957398047846,0.01216999900810442,5,0,0,False
2026092816,mert_v1,unweighted,0.25,ridge_platt,5,0.14350730155422312,0.45905689296889146,0,0.003152853925874477,0.002497170360487383,0.0,0.008344274584873551,0.008344274584873551,0,1,4,False,-0.003954193668687817,-0.001975334950030827,-0.009970424387421822,-0.0002975957398047846,0.009672828647617038,5,0,0,False
2026092816,mert_v1,unweighted,0.25,temperature,5,0.146098753282985,0.4612028582789255,0,0.005744305654636389,0.005609020669461423,0.0010020392253881072,0.009559652770404131,0.008557613545016024,0,0,5,False,-0.0013627419399259045,-0.000508325483645794,-0.004272525355348611,0.0007044434855833226,0.0049769688409319335,3,0,2,True
2026092816,mert_v1,unweighted,0.5,beta,5,0.14222235876018127,0.44938925778956645,0,0.0018679111318326614,0.0019983578821963777,-0.001559043192192966,0.005638801385973058,0.007197844578166024,2,0,3,True,-0.000671237179399603,-0.0008226459810759257,-0.0017147572510131381,0.0010306030467044924,0.0027453602977176306,4,0,1,True
2026092816,mert_v1,unweighted,0.5,isotonic,5,0.1435454969177744,0.7098457433899557,0,0.0031910492894258015,0.0037246611448084888,-0.0027620230651039246,0.00969200452339064,0.012454027588494565,2,0,3,True,0.000651900978193537,-0.0007636074060526354,-0.0020256258539868843,0.005083806184122075,0.007109432038108959,3,0,2,True
2026092816,mert_v1,unweighted,0.5,platt,5,0.14289359593958087,0.44945195836126794,0,0.0025391483112322645,0.003713115133209516,-0.0007363972111170403,0.00533066629256998,0.00606706350368702,2,0,3,True,0.0,0.0,0.0,0.0,0.0,0,5,0,False
2026092816,mert_v1,unweighted,0.5,prior_offset,5,0.14035444762834862,0.43894976535316677,0,0.0,0.0,0.0,0.0,0.0,0,5,0,False,-0.0025391483112322645,-0.003713115133209516,-0.00533066629256998,0.0007363972111170403,0.00606706350368702,3,0,2,True
2026092816,mert_v1,unweighted,0.5,raw,5,0.14035444762834862,0.43894976535316677,0,0.0,0.0,0.0,0.0,0.0,0,5,0,False,-0.0025391483112322645,-0.003713115133209516,-0.00533066629256998,0.0007363972111170403,0.00606706350368702,3,0,2,True
2026092816,mert_v1,unweighted,0.5,ridge_platt,5,0.14201883500788864,0.4449809755900122,0,0.0016643873795400444,0.0024384160792314258,-0.00039472247462127297,0.00369478497417447,0.004089507448795743,2,0,3,True,-0.00087476093169222,-0.00017488147685157385,-0.002892250213338554,0.0005328108550032296,0.0034250610683417837,4,0,1,True
2026092816,mert_v1,unweighted,0.5,temperature,5,0.1438744278393428,0.44978022690846126,0,0.003519980210994156,0.004316794431725973,0.0007786244971912937,0.0058725266172504065,0.005093902120059113,0,0,5,False,0.0009808318997618914,0.000669128199187019,0.0005418603246804266,0.0020910261814645614,0.0015491658567841349,0,0,5,False
2026092816,mert_v1,unweighted,1.0,beta,1,0.13933579035010535,0.4369703109180338,0,-0.001018657278243268,-0.001018657278243268,-0.001018657278243268,-0.001018657278243268,0.0,1,0,0,False,-0.0005412431009846896,-0.0005412431009846896,-0.0005412431009846896,-0.0005412431009846896,0.0,1,0,0,False
2026092816,mert_v1,unweighted,1.0,isotonic,1,0.13593279461086102,0.579640002576383,0,-0.004421653017487592,-0.004421653017487592,-0.004421653017487592,-0.004421653017487592,0.0,1,0,0,False,-0.003944238840229014,-0.003944238840229014,-0.003944238840229014,-0.003944238840229014,0.0,1,0,0,False
2026092816,mert_v1,unweighted,1.0,platt,1,0.13987703345109004,0.4383053561692566,0,-0.00047741417725857827,-0.00047741417725857827,-0.00047741417725857827,-0.00047741417725857827,0.0,1,0,0,False,0.0,0.0,0.0,0.0,0.0,0,1,0,False
2026092816,mert_v1,unweighted,1.0,prior_offset,1,0.14035444762834862,0.4389497653531667,0,0.0,0.0,0.0,0.0,0.0,0,1,0,False,0.00047741417725857827,0.00047741417725857827,0.00047741417725857827,0.00047741417725857827,0.0,0,0,1,False
2026092816,mert_v1,unweighted,1.0,raw,1,0.14035444762834862,0.4389497653531667,0,0.0,0.0,0.0,0.0,0.0,0,1,0,False,0.00047741417725857827,0.00047741417725857827,0.00047741417725857827,0.00047741417725857827,0.0,0,0,1,False
2026092816,mert_v1,unweighted,1.0,ridge_platt,1,0.14077792520787033,0.4379511398063013,0,0.00042347757952171383,0.00042347757952171383,0.00042347757952171383,0.00042347757952171383,0.0,0,0,1,False,0.0009008917567802921,0.0009008917567802921,0.0009008917567802921,0.0009008917567802921,0.0,0,0,1,False
2026092816,mert_v1,unweighted,1.0,temperature,1,0.14234463799133304,0.44331219504898967,0,0.001990190362984423,0.001990190362984423,0.001990190362984423,0.001990190362984423,0.0,0,0,1,False,0.0024676045402430014,0.0024676045402430014,0.0024676045402430014,0.0024676045402430014,0.0,0,0,1,False
2026092817,maest,ambient_balanced,0.25,beta,5,0.14101126164574038,0.4663626335645502,0,0.007065753960821408,0.009087095625224417,-0.0010499609401340981,0.012630165780082053,0.013680126720216151,1,0,4,True,0.0026452549652355275,0.0022087758615277064,0.0014278871575168495,0.005237723815077533,0.0038098366575606835,0,0,5,False
2026092817,maest,ambient_balanced,0.25,isotonic,5,0.1423349730088931,1.34776114318104,0,0.008389465323974138,0.005504222829779831,-0.0016781462035127537,0.0215541731867602,0.023232319390272954,1,0,4,True,0.003968966328388257,0.0022827234157711818,0.0010486104847775846,0.011599099650577455,0.01055048916579987,0,0,5,False
2026092817,maest,ambient_balanced,0.25,platt,5,0.13836600668050486,0.4497285483840236,0,0.004420498995585881,0.0038493718101468843,-0.0027267566882903382,0.01031462104507297,0.013041377733363307,1,0,4,True,0.0,0.0,0.0,0.0,0.0,0,5,0,False
2026092817,maest,ambient_balanced,0.25,prior_offset,5,0.12777693576979715,0.4055852474871383,0,-0.006168571915121823,-0.006168571915121823,-0.006168571915121823,-0.006168571915121823,0.0,5,0,0,False,-0.010589070910707704,-0.010017943725268708,-0.016483192960194792,-0.003441815226831485,0.013041377733363307,5,0,0,False
2026092817,maest,ambient_balanced,0.25,raw,5,0.13394550768491897,0.41987566247834296,0,0.0,0.0,0.0,0.0,0.0,0,5,0,False,-0.004420498995585881,-0.0038493718101468843,-0.01031462104507297,0.0027267566882903382,0.013041377733363307,4,0,1,True
2026092817,maest,ambient_balanced,0.25,ridge_platt,5,0.13316249473475178,0.4275879808060023,0,-0.0007830129501671945,-6.366855421927053e-05,-0.0055472158268603244,0.004156265420768468,0.009703481247628792,3,0,2,True,-0.005203511945753076,-0.004175006095128608,-0.00931024601528635,-0.002820459138569986,0.0064897868767163636,5,0,0,False
2026092817,maest,ambient_balanced,0.25,temperature,5,0.1375102150643652,0.4489849492719939,0,0.003564707379446241,0.004167860432699233,8.046533022998403e-05,0.006124403205321427,0.006043937875091443,0,0,5,False,-0.0008557916161396395,0.0021799616913185105,-0.008893146617557801,0.0034576751578820897,0.01235082177543989,2,0,3,True
2026092817,maest,ambient_balanced,0.5,beta,5,0.13406390847581467,0.42847119388367527,0,0.00011840079089569521,-0.0007551671579379138,-0.0018067657908845125,0.002655097087353092,0.004461862878237605,3,0,2,True,0.0019562845756215196,0.0019094632879171347,0.0009681479691034112,0.0030302363629299833,0.002062088393826572,0,0,5,False
2026092817,maest,ambient_balanced,0.5,isotonic,5,0.13535409661283387,0.8525524389126258,0,0.0014085889279149167,0.0012108757019869132,-0.001278892336132903,0.005195000523418425,0.006473892859551328,2,0,3,True,0.003246472712640741,0.0038755061478419617,-0.002965841454382584,0.00694965666384445,0.009915498118227034,1,0,4,True
2026092817,maest,ambient_balanced,0.5,platt,5,0.13210762390019315,0.4191245004944254,0,-0.0018378837847258245,-0.0026646304458550485,-0.004144086050832108,0.001686949118249681,0.0058310351690817885,4,0,1,True,0.0,0.0,0.0,0.0,0.0,0,5,0,False
2026092817,maest,ambient_balanced,0.5,prior_offset,5,0.12777693576979715,0.4055852474871383,0,-0.006168571915121823,-0.006168571915121823,-0.006168571915121823,-0.006168571915121823,0.0,5,0,0,False,-0.004330688130395999,-0.0035039414692667747,-0.007855521033371504,-0.0020244858642897157,0.0058310351690817885,5,0,0,False
2026092817,maest,ambient_balanced,0.5,raw,5,0.13394550768491897,0.41987566247834296,0,0.0,0.0,0.0,0.0,0.0,0,5,0,False,0.0018378837847258245,0.0026646304458550485,-0.001686949118249681,0.004144086050832108,0.0058310351690817885,1,0,4,True
2026092817,maest,ambient_balanced,0.5,ridge_platt,5,0.12987926106692377,0.4109535800157115,0,-0.004066246617995195,-0.0040696679658877855,-0.00611530637974847,-0.0009920202078146367,0.005123286171933833,5,0,0,False,-0.0022283628332693704,-0.0021661287358509806,-0.003450675933893421,-0.0012069758995302826,0.0022437000343631386,5,0,0,False
2026092817,maest,ambient_balanced,0.5,temperature,5,0.13541220983175387,0.4269227989518821,0,0.0014667021468348696,0.0014123227566276708,0.0006108946768649259,0.0029953332173633385,0.0023844385404984125,0,0,5,False,0.003304585931560694,0.0032755251227199744,0.0013083840991136575,0.004889568300399244,0.0035811842012855866,0,0,5,False
2026092817,maest,ambient_balanced,1.0,beta,1,0.13118131074009198,0.4177035801708495,0,-0.002764196944826991,-0.002764196944826991,-0.002764196944826991,-0.002764196944826991,0.0,1,0,0,False,0.0016055795559410113,0.0016055795559410113,0.0016055795559410113,0.0016055795559410113,0.0,0,0,1,False
2026092817,maest,ambient_balanced,1.0,isotonic,1,0.1312868926326263,0.7378450950983874,0,-0.0026586150522926733,-0.0026586150522926733,-0.0026586150522926733,-0.0026586150522926733,0.0,1,0,0,False,0.001711161448475329,0.001711161448475329,0.001711161448475329,0.001711161448475329,0.0,0,0,1,False
2026092817,maest,ambient_balanced,1.0,platt,1,0.12957573118415097,0.41002723419909015,0,-0.004369776500768002,-0.004369776500768002,-0.004369776500768002,-0.004369776500768002,0.0,1,0,0,False,0.0,0.0,0.0,0.0,0.0,0,1,0,False
2026092817,maest,ambient_balanced,1.0,prior_offset,1,0.12777693576979715,0.4055852474871383,0,-0.006168571915121823,-0.006168571915121823,-0.006168571915121823,-0.006168571915121823,0.0,1,0,0,False,-0.001798795414353821,-0.001798795414353821,-0.001798795414353821,-0.001798795414353821,0.0,1,0,0,False
2026092817,maest,ambient_balanced,1.0,raw,1,0.13394550768491897,0.419875662478343,0,0.0,0.0,0.0,0.0,0.0,0,1,0,False,0.004369776500768002,0.004369776500768002,0.004369776500768002,0.004369776500768002,0.0,0,0,1,False
2026092817,maest,ambient_balanced,1.0,ridge_platt,1,0.12911477655040915,0.4082288468440851,0,-0.004830731134509825,-0.004830731134509825,-0.004830731134509825,-0.004830731134509825,0.0,1,0,0,False,-0.00046095463374182244,-0.00046095463374182244,-0.00046095463374182244,-0.00046095463374182244,0.0,1,0,0,False
2026092817,maest,ambient_balanced,1.0,temperature,1,0.134259936971204,0.4215391185449347,0,0.0003144292862850284,0.0003144292862850284,0.0003144292862850284,0.0003144292862850284,0.0,0,0,1,False,0.004684205787053031,0.004684205787053031,0.004684205787053031,0.004684205787053031,0.0,0,0,1,False
2026092817,maest,unweighted,0.25,beta,5,0.14040368992366759,0.4650435538048697,0,0.013329653676926512,0.01499894559853307,0.005330719620720792,0.01903195612145578,0.013701236500734987,0,0,5,False,0.002366338255855677,0.001873415161267239,0.0012783255477484268,0.004451888347555694,0.003173562799807267,0,0,5,False
2026092817,maest,unweighted,0.25,isotonic,5,0.14264303974352366,1.3608234649311994,0,0.01556900349678258,0.01272001463052852,0.004954698187655954,0.02813286081152999,0.023178162623874038,0,0,5,False,0.004605688075711744,0.00296183561219851,0.0009023041146835886,0.011543205885937075,0.010640901771253486,0,0,5,False
2026092817,maest,unweighted,0.25,platt,5,0.1380373516678119,0.4489076084395376,0,0.010963315421070836,0.010547057250977376,0.004052394072972365,0.016589654925592917,0.012537260852620552,0,0,5,False,0.0,0.0,0.0,0.0,0.0,0,5,0,False
2026092817,maest,unweighted,0.25,prior_offset,5,0.12707403624674107,0.4031252942070308,0,0.0,0.0,0.0,0.0,0.0,0,5,0,False,-0.010963315421070836,-0.010547057250977376,-0.016589654925592917,-0.004052394072972365,0.012537260852620552,5,0,0,False
2026092817,maest,unweighted,0.25,raw,5,0.12707403624674107,0.4031252942070308,0,0.0,0.0,0.0,0.0,0.0,0,5,0,False,-0.010963315421070836,-0.010547057250977376,-0.016589654925592917,-0.004052394072972365,0.012537260852620552,5,0,0,False
2026092817,maest,unweighted,0.25,ridge_platt,5,0.1301984263027044,0.4199617317123089,0,0.0031243900559633107,0.0022770986979994134,0.0,0.007409288258935748,0.007409288258935748,0,1,4,False,-0.007838925365107524,-0.008269958552977963,-0.010868173538341186,-0.003692691814197624,0.007175481724143562,5,0,0,False
2026092817,maest,unweighted,0.25,temperature,5,0.12995493404792383,0.4298549900762419,0,0.002880897801182758,0.0016135070953459396,-9.697841241274041e-06,0.006029692292092187,0.006039390133333461,1,0,4,True,-0.008082417619888076,-0.0060135904621943514,-0.014830527507101898,-0.004062091914213639,0.01076843559288826,5,0,0,False
2026092817,maest,unweighted,0.5,beta,5,0.1333359392659004,0.42684951903730345,0,0.006261903019159321,0.005156809528528622,0.004804260224169465,0.009051551020340998,0.004247290796171532,0,0,5,False,0.0015917954996942485,0.001378606578597369,0.0007162497424613723,0.0023599674515973057,0.0016437177091359334,0,0,5,False
2026092817,maest,unweighted,0.5,isotonic,5,0.13483951218461848,0.8637760039158191,0,0.007765475937877425,0.00763024624675146,0.004473748010581008,0.01289874546195155,0.008424997451370542,0,0,5,False,0.003095368418412353,0.0036540155847198663,-0.0038615532672986175,0.007937757300469306,0.011799310567767923,1,0,4,True
2026092817,maest,unweighted,0.5,platt,5,0.13174414376620613,0.41823755510381977,0,0.004670107519465072,0.0039762306620315935,0.0024806853648512983,0.008335301277879625,0.005854615913028327,0,0,5,False,0.0,0.0,0.0,0.0,0.0,0,5,0,False
2026092817,maest,unweighted,0.5,prior_offset,5,0.12707403624674107,0.4031252942070308,0,0.0,0.0,0.0,0.0,0.0,0,5,0,False,-0.004670107519465072,-0.0039762306620315935,-0.008335301277879625,-0.0024806853648512983,0.005854615913028327,5,0,0,False
2026092817,maest,unweighted,0.5,raw,5,0.12707403624674107,0.4031252942070308,0,0.0,0.0,0.0,0.0,0.0,0,5,0,False,-0.004670107519465072,-0.0039762306620315935,-0.008335301277879625,-0.0024806853648512983,0.005854615913028327,5,0,0,False
2026092817,maest,unweighted,0.5,ridge_platt,5,0.1287286398792682,0.407968156583627,0,0.0016546036325271352,0.0001395438161827245,0.0,0.005656331951815308,0.005656331951815308,0,1,4,False,-0.003015503886937937,-0.0026789693260643177,-0.004960988161482244,-0.0012069758995302826,0.003754012261951961,5,0,0,False
2026092817,maest,unweighted,0.5,temperature,5,0.12848009795795073,0.4098941637147795,0,0.0014060617112096995,0.0010787169545005137,0.0007970883787407901,0.0026846959826445915,0.0018876076039038014,0,0,5,False,-0.0032640458082553725,-0.0028975137075310797,-0.005650605295235034,-0.0016835969861105082,0.003967008309124526,5,0,0,False
2026092817,maest,unweighted,1.0,beta,1,0.13068067751619322,0.41657982832951507,0,0.003606641269452149,0.003606641269452149,0.003606641269452149,0.003606641269452149,0.0,0,0,1,False,0.001417010296532517,0.001417010296532517,0.001417010296532517,0.001417010296532517,0.0,0,0,1,False
2026092817,maest,unweighted,1.0,isotonic,1,0.13066670043185083,0.7361588179917424,0,0.0035926641851097563,0.0035926641851097563,0.0035926641851097563,0.0035926641851097563,0.0,0,0,1,False,0.0014030332121901246,0.0014030332121901246,0.0014030332121901246,0.0014030332121901246,0.0,0,0,1,False
2026092817,maest,unweighted,1.0,platt,1,0.1292636672196607,0.40931684068924534,0,0.0021896309729196317,0.0021896309729196317,0.0021896309729196317,0.0021896309729196317,0.0,0,0,1,False,0.0,0.0,0.0,0.0,0.0,0,1,0,False
2026092817,maest,unweighted,1.0,prior_offset,1,0.12707403624674107,0.4031252942070308,0,0.0,0.0,0.0,0.0,0.0,0,1,0,False,-0.0021896309729196317,-0.0021896309729196317,-0.0021896309729196317,-0.0021896309729196317,0.0,1,0,0,False
2026092817,maest,unweighted,1.0,raw,1,0.12707403624674107,0.4031252942070308,0,0.0,0.0,0.0,0.0,0.0,0,1,0,False,-0.0021896309729196317,-0.0021896309729196317,-0.0021896309729196317,-0.0021896309729196317,0.0,1,0,0,False
2026092817,maest,unweighted,1.0,ridge_platt,1,0.12880271258591888,0.4075184533342402,0,0.0017286763391778093,0.0017286763391778093,0.0017286763391778093,0.0017286763391778093,0.0,0,0,1,False,-0.00046095463374182244,-0.00046095463374182244,-0.00046095463374182244,-0.00046095463374182244,0.0,1,0,0,False
2026092817,maest,unweighted,1.0,temperature,1,0.12732535188213395,0.40429033979463885,0,0.00025131563539287916,0.00025131563539287916,0.00025131563539287916,0.00025131563539287916,0.0,0,0,1,False,-0.0019383153375267526,-0.0019383153375267526,-0.0019383153375267526,-0.0019383153375267526,0.0,1,0,0,False
2026092817,mert_v0,ambient_balanced,0.25,beta,5,0.15293873807760022,0.49194550527005837,0,0.0013836965366392008,0.005168708812647721,-0.006378643874661721,0.007937987471742347,0.014316631346404068,2,0,3,True,0.0017274560613236122,0.001098849727708906,0.0006899238315294653,0.004181157337197011,0.003491233505667546,0,0,5,False
2026092817,mert_v0,ambient_balanced,0.25,isotonic,5,0.16063618797763252,1.4441769745677422,0,0.0090811464366715,0.007980007487438046,-0.003255885835111577,0.020163164727783428,0.023419050562895005,1,0,4,True,0.009424905961355912,0.009217800001541543,0.003422562356499126,0.01917561325233272,0.015753050895833592,0,0,5,False
2026092817,mert_v0,ambient_balanced,0.25,platt,5,0.1512112820162766,0.4878449557732628,0,-0.0003437595246844116,0.0009875514754507098,-0.007989603913036963,0.007248063640212882,0.015237667553249845,2,0,3,True,0.0,0.0,0.0,0.0,0.0,0,5,0,False
2026092817,mert_v0,ambient_balanced,0.25,prior_offset,5,0.14296235789761982,0.44860669315069257,0,-0.008592683643341203,-0.008592683643341203,-0.008592683643341203,-0.008592683643341203,0.0,5,0,0,False,-0.008248924118656792,-0.009580235118791913,-0.015840747283554085,-0.0006030797303042401,0.015237667553249845,5,0,0,False
2026092817,mert_v0,ambient_balanced,0.25,raw,5,0.15155504154096103,0.4704871467250034,0,0.0,0.0,0.0,0.0,0.0,0,5,0,False,0.0003437595246844116,-0.0009875514754507098,-0.007248063640212882,0.007989603913036963,0.015237667553249845,3,0,2,True
2026092817,mert_v0,ambient_balanced,0.25,ridge_platt,5,0.14668131929338996,0.47216947835030965,0,-0.004873722247571072,-0.00808113990727774,-0.00901380610237637,0.005008481151147465,0.014022287253523835,4,0,1,True,-0.0045299627228866605,-0.002239582489065417,-0.01000135757782708,-0.0004043802304988797,0.0095969773473282,5,0,0,False
2026092817,mert_v0,ambient_balanced,0.25,temperature,5,0.15367425012078298,0.4886055378174807,0,0.0021192085798219405,0.002446323488696861,-0.001010234272556615,0.005307035826335266,0.006317270098891881,2,0,3,True,0.002462968104506352,0.000749590695396346,-0.004801740151516021,0.012305619805005552,0.017107359956521573,2,0,3,True
2026092817,mert_v0,ambient_balanced,0.5,beta,5,0.1440859839242065,0.4509187787206247,0,-0.007469057616754565,-0.006734804086105245,-0.010052014746077254,-0.006123524983953799,0.003928489762123455,5,0,0,False,0.00029402856291150246,0.0001967849999363891,-0.00022085698808857468,0.0011219723161852158,0.0013428293042737904,2,0,3,True
2026092817,mert_v0,ambient_balanced,0.5,isotonic,5,0.14751591908002118,0.85118215139303,0,-0.004039122460939843,-0.003797897593094235,-0.00743175361850798,-0.0009932548653221462,0.006438498753185834,5,0,0,False,0.0037239637187262255,0.003565468757518342,0.0011479718623639001,0.005475824400642204,0.004327852538278304,0,0,5,False
2026092817,mert_v0,ambient_balanced,0.5,platt,5,0.14379195536129497,0.45072596748393473,0,-0.007763086179666067,-0.007363366350612577,-0.009831157757988679,-0.006320309983890188,0.003510847774098491,5,0,0,False,0.0,0.0,0.0,0.0,0.0,0,5,0,False
2026092817,mert_v0,ambient_balanced,0.5,prior_offset,5,0.14296235789761982,0.44860669315069257,0,-0.008592683643341203,-0.008592683643341203,-0.008592683643341203,-0.008592683643341203,0.0,5,0,0,False,-0.0008295974636751358,-0.0012293172927286267,-0.0022723736594510158,0.0012384741146474754,0.003510847774098491,4,0,1,True
2026092817,mert_v0,ambient_balanced,0.5,raw,5,0.15155504154096103,0.4704871467250034,0,0.0,0.0,0.0,0.0,0.0,0,5,0,False,0.007763086179666067,0.007363366350612577,0.006320309983890188,0.009831157757988679,0.003510847774098491,0,0,5,False
2026092817,mert_v0,ambient_balanced,0.5,ridge_platt,5,0.14293922738377404,0.44847037958764646,0,-0.00861581415718698,-0.008795123318124237,-0.009362885857795461,-0.007852532729184153,0.001510353128611308,5,0,0,False,-0.0008527279775209118,-0.0005899872204645218,-0.002394303984786933,0.00046827190019321785,0.002862575884980151,4,0,1,True
2026092817,mert_v0,ambient_balanced,0.5,temperature,5,0.15132253065267348,0.470553511016535,0,-0.00023251088828755707,-0.0004836969750222908,-0.0008712001332929209,0.0008362968075704136,0.0017074969408633345,4,0,1,True,0.007530575291378511,0.007241073895283251,0.005836613008867897,0.009416022288442294,0.003579409279574397,0,0,5,False
2026092817,mert_v0,ambient_balanced,1.0,beta,1,0.14197206217372915,0.4451358729839532,0,-0.009582979367231875,-0.009582979367231875,-0.009582979367231875,-0.009582979367231875,0.0,1,0,0,False,-0.00014821496690362035,-0.00014821496690362035,-0.00014821496690362035,-0.00014821496690362035,0.0,1,0,0,False
2026092817,mert_v0,ambient_balanced,1.0,isotonic,1,0.14499059221884494,0.6144183792733355,0,-0.006564449322116084,-0.006564449322116084,-0.006564449322116084,-0.006564449322116084,0.0,1,0,0,False,0.002870315078212171,0.002870315078212171,0.002870315078212171,0.002870315078212171,0.0,0,0,1,False
2026092817,mert_v0,ambient_balanced,1.0,platt,1,0.14212027714063277,0.44553748119842,0,-0.009434764400328255,-0.009434764400328255,-0.009434764400328255,-0.009434764400328255,0.0,1,0,0,False,0.0,0.0,0.0,0.0,0.0,0,1,0,False
2026092817,mert_v0,ambient_balanced,1.0,prior_offset,1,0.14296235789761982,0.4486066931506926,0,-0.008592683643341203,-0.008592683643341203,-0.008592683643341203,-0.008592683643341203,0.0,1,0,0,False,0.0008420807569870514,0.0008420807569870514,0.0008420807569870514,0.0008420807569870514,0.0,0,0,1,False
2026092817,mert_v0,ambient_balanced,1.0,raw,1,0.15155504154096103,0.4704871467250034,0,0.0,0.0,0.0,0.0,0.0,0,1,0,False,0.009434764400328255,0.009434764400328255,0.009434764400328255,0.009434764400328255,0.0,0,0,1,False
2026092817,mert_v0,ambient_balanced,1.0,ridge_platt,1,0.14334124594725933,0.44914754632018566,0,-0.008213795593701695,-0.008213795593701695,-0.008213795593701695,-0.008213795593701695,0.0,1,0,0,False,0.00122096880662656,0.00122096880662656,0.00122096880662656,0.00122096880662656,0.0,0,0,1,False
2026092817,mert_v0,ambient_balanced,1.0,temperature,1,0.1507754151463295,0.4682646194614726,0,-0.0007796263946315274,-0.0007796263946315274,-0.0007796263946315274,-0.0007796263946315274,0.0,1,0,0,False,0.008655138005696728,0.008655138005696728,0.008655138005696728,0.008655138005696728,0.0,0,0,1,False
2026092817,mert_v0,unweighted,0.25,beta,5,0.15256645058413512,0.4908461017119697,0,0.010115761177263732,0.013785641091066114,0.0024398633614992338,0.016505556075621458,0.014065692714122224,0,0,5,False,0.0017201282139658104,0.0013900322562792333,0.00040873602525434705,0.004210905650425367,0.00380216962517102,0,0,5,False
2026092817,mert_v0,unweighted,0.25,isotonic,5,0.159826078882416,1.3752201657909602,0,0.01737538947554465,0.017078030145647904,0.0056529261334035685,0.028590098825267807,0.022937172691864238,0,0,5,False,0.008979756512246728,0.007015894725795918,0.003942776811884291,0.01901536338462706,0.015072586572742769,0,0,5,False
2026092817,mert_v0,unweighted,0.25,platt,5,0.15084632237016932,0.4868999431038656,0,0.008395632963297922,0.009574735440640747,0.0008522116549041225,0.01609682005036711,0.015244608395462989,0,0,5,False,0.0,0.0,0.0,0.0,0.0,0,5,0,False
2026092817,mert_v0,unweighted,0.25,prior_offset,5,0.1424506894068714,0.44704629666998097,0,0.0,0.0,0.0,0.0,0.0,0,5,0,False,-0.008395632963297922,-0.009574735440640747,-0.01609682005036711,-0.0008522116549041225,0.015244608395462989,5,0,0,False
2026092817,mert_v0,unweighted,0.25,raw,5,0.1424506894068714,0.44704629666998097,0,0.0,0.0,0.0,0.0,0.0,0,5,0,False,-0.008395632963297922,-0.009574735440640747,-0.01609682005036711,-0.0008522116549041225,0.015244608395462989,5,0,0,False
2026092817,mert_v0,unweighted,0.25,ridge_platt,5,0.14591394185566178,0.47007918517736663,0,0.003463252448790388,0.0004222917818666738,0.0,0.01344689989812653,0.01344689989812653,0,1,4,False,-0.004932380514507534,-0.0026499201522405813,-0.009756749075705173,-0.0007836453490038253,0.008973103726701348,5,0,0,False
2026092817,mert_v0,unweighted,0.25,temperature,5,0.1442320059516434,0.4654133376716101,0,0.001781316544772016,0.0008570198480104818,-0.0008431140676543047,0.004947577696366029,0.005790691764020334,1,0,4,True,-0.006614316418525906,-0.008187675637397585,-0.012356775995332414,-0.0006471564628009463,0.011709619532531468,5,0,0,False
2026092817,mert_v0,unweighted,0.5,beta,5,0.14366002981937354,0.44989570737326917,0,0.0012093404125021689,0.001890036575682874,-0.0013752831240958496,0.00252915687240024,0.0039044399964960896,1,0,4,True,0.00017947592013460855,0.00026578220045114787,-0.00044358764644722437,0.0010150559058316189,0.0014586435522788432,2,0,3,True
2026092817,mert_v0,unweighted,0.5,isotonic,5,0.1475549023343235,0.87063073345894,0,0.005104212927452117,0.00546081925746697,0.0015515845932867756,0.007712974184817256,0.006161389591530481,0,0,5,False,0.004074348435084557,0.004851118507332247,0.0012832861476574087,0.005450651991887379,0.00416736584422997,0,0,5,False
2026092817,mert_v0,unweighted,0.5,platt,5,0.14348055389923897,0.44991329432211397,0,0.0010298644923675605,0.0014536551866114467,-0.0009316954776486253,0.0022623221929298776,0.003194017670578503,1,0,4,True,0.0,0.0,0.0,0.0,0.0,0,5,0,False
2026092817,mert_v0,unweighted,0.5,prior_offset,5,0.1424506894068714,0.44704629666998097,0,0.0,0.0,0.0,0.0,0.0,0,5,0,False,-0.0010298644923675605,-0.0014536551866114467,-0.0022623221929298776,0.0009316954776486253,0.003194017670578503,4,0,1,True
2026092817,mert_v0,unweighted,0.5,raw,5,0.1424506894068714,0.44704629666998097,0,0.0,0.0,0.0,0.0,0.0,0,5,0,False,-0.0010298644923675605,-0.0014536551866114467,-0.0022623221929298776,0.0009316954776486253,0.003194017670578503,4,0,1,True
2026092817,mert_v0,unweighted,0.5,ridge_platt,5,0.14229119714195804,0.4465812121787721,0,-0.0001594922649133579,-0.00010269343310709278,-0.0005106848375040496,0.0,0.0005106848375040496,4,1,0,False,-0.0011893567572809182,-0.0014536551866114467,-0.0023846331738783255,0.0008290020445415325,0.003213635218419858,4,0,1,True
2026092817,mert_v0,unweighted,0.5,temperature,5,0.14204168241090337,0.4467401341826395,0,-0.0004090069959680143,-0.00041178998425675517,-0.0007307826445142607,-0.00011182279862229083,0.0006189598458919698,5,0,0,False,-0.0014388714883355747,-0.0015654779852337375,-0.0029931048374441382,0.000445734533789488,0.0034388393712336263,4,0,1,True
2026092817,mert_v0,unweighted,1.0,beta,1,0.14152455346673815,0.44392599423178947,0,-0.0009261359401332436,-0.0009261359401332436,-0.0009261359401332436,-0.0009261359401332436,0.0,1,0,0,False,-0.00030250674326656735,-0.00030250674326656735,-0.00030250674326656735,-0.00030250674326656735,0.0,1,0,0,False
2026092817,mert_v0,unweighted,1.0,isotonic,1,0.14469231811375105,0.6447291227240044,0,0.0022416287068796614,0.0022416287068796614,0.0022416287068796614,0.0022416287068796614,0.0,0,0,1,False,0.0028652579037463377,0.0028652579037463377,0.0028652579037463377,0.0028652579037463377,0.0,0,0,1,False
2026092817,mert_v0,unweighted,1.0,platt,1,0.1418270602100047,0.44477972996165777,0,-0.0006236291968666763,-0.0006236291968666763,-0.0006236291968666763,-0.0006236291968666763,0.0,1,0,0,False,0.0,0.0,0.0,0.0,0.0,0,1,0,False
2026092817,mert_v0,unweighted,1.0,prior_offset,1,0.1424506894068714,0.4470462966699809,0,0.0,0.0,0.0,0.0,0.0,0,1,0,False,0.0006236291968666763,0.0006236291968666763,0.0006236291968666763,0.0006236291968666763,0.0,0,0,1,False
2026092817,mert_v0,unweighted,1.0,raw,1,0.1424506894068714,0.4470462966699809,0,0.0,0.0,0.0,0.0,0.0,0,1,0,False,0.0006236291968666763,0.0006236291968666763,0.0006236291968666763,0.0006236291968666763,0.0,0,0,1,False
2026092817,mert_v0,unweighted,1.0,ridge_platt,1,0.1424506894068714,0.4470462966699809,0,0.0,0.0,0.0,0.0,0.0,0,1,0,False,0.0006236291968666763,0.0006236291968666763,0.0006236291968666763,0.0006236291968666763,0.0,0,0,1,False
2026092817,mert_v0,unweighted,1.0,temperature,1,0.141911842102077,0.44541207764422486,0,-0.0005388473047943931,-0.0005388473047943931,-0.0005388473047943931,-0.0005388473047943931,0.0,1,0,0,False,8.478189207228315e-05,8.478189207228315e-05,8.478189207228315e-05,8.478189207228315e-05,0.0,0,0,1,False
2026092817,mert_v1,ambient_balanced,0.25,beta,5,0.15405352943781384,0.4949074486045323,0,-0.0003373850822616153,-0.0009012701407030144,-0.008105906385758477,0.009161134905506574,0.01726704129126505,3,0,2,True,0.001021105036987263,0.0008810568086677906,0.0003164001654790416,0.0019358939378942286,0.001619493772415187,0,0,5,False
2026092817,mert_v1,ambient_balanced,0.25,isotonic,5,0.15862351900705068,1.3782500976715677,0,0.0042326044869752276,0.0031735074079976278,-0.004277809339351624,0.01501415392199354,0.019291963261345163,1,0,4,True,0.005591094606224106,0.007788912954381194,-0.0018259093822405037,0.009242895549692792,0.011068804931933296,1,0,4,True
2026092817,mert_v1,ambient_balanced,0.25,platt,5,0.1530324244008266,0.4902685147111782,0,-0.0013584901192488785,-0.0021745117157404847,-0.008986963194426267,0.007225240967612345,0.016212204162038613,3,0,2,True,0.0,0.0,0.0,0.0,0.0,0,5,0,False
2026092817,mert_v1,ambient_balanced,0.25,prior_offset,5,0.14387173035595094,0.45016962619977086,0,-0.010519184164124507,-0.010519184164124507,-0.010519184164124507,-0.010519184164124507,0.0,5,0,0,False,-0.009160694044875628,-0.008344672448384022,-0.017744425131736852,-0.0015322209696982392,0.016212204162038613,5,0,0,False
2026092817,mert_v1,ambient_balanced,0.25,raw,5,0.15439091452007545,0.47508873932729256,0,0.0,0.0,0.0,0.0,0.0,0,5,0,False,0.0013584901192488785,0.0021745117157404847,-0.007225240967612345,0.008986963194426267,0.016212204162038613,2,0,3,True
2026092817,mert_v1,ambient_balanced,0.25,ridge_platt,5,0.1483937447806427,0.47395681397614026,0,-0.005997169739432739,-0.009928079933265,-0.010386679991159775,0.004570602684034919,0.014957282675194694,4,0,1,True,-0.004638679620183861,-0.0026546382835774263,-0.009074230588212218,-0.0013997167967335078,0.00767451379147871,5,0,0,False
2026092817,mert_v1,ambient_balanced,0.25,temperature,5,0.1574562427162909,0.49470936039496305,0,0.00306532819621545,0.004593652968635009,-0.0004950588806213185,0.0055754616011133296,0.006070520481734648,1,0,4,True,0.004423818315464329,0.0016794528351191662,-0.0016497793664990157,0.012449286412563126,0.014099065779062142,1,0,4,True
2026092817,mert_v1,ambient_balanced,0.5,beta,5,0.14583463113480316,0.45467534395297476,0,-0.008556283385272295,-0.0083450719173489,-0.009830843312335719,-0.007601652118495145,0.002229191193840574,5,0,0,False,0.0009315817581784236,0.0006800960732522843,9.151052770833834e-05,0.0022479930694363492,0.002156482541728011,0,0,5,False
2026092817,mert_v1,ambient_balanced,0.5,isotonic,5,0.14880442595114687,0.7333147931771677,0,-0.00558648856892856,-0.006462587721858509,-0.006918427502128316,-0.003144865328958385,0.003773562173169931,5,0,0,False,0.0039013765745221584,0.003592511883459687,0.0026583853030114624,0.006704779858973109,0.0040463945559616465,0,0,5,False
2026092817,mert_v1,ambient_balanced,0.5,platt,5,0.14490304937662474,0.45271690356789007,0,-0.009487865143450718,-0.009521185673806887,-0.010510939385588003,-0.008436582445057239,0.002074356940530764,5,0,0,False,0.0,0.0,0.0,0.0,0.0,0,5,0,False
2026092817,mert_v1,ambient_balanced,0.5,prior_offset,5,0.14387173035595094,0.45016962619977086,0,-0.010519184164124507,-0.010519184164124507,-0.010519184164124507,-0.010519184164124507,0.0,5,0,0,False,-0.0010313190206737877,-0.0009979984903176198,-0.0020826017190672674,-8.244778536503627e-06,0.002074356940530764,5,0,0,False
2026092817,mert_v1,ambient_balanced,0.5,raw,5,0.15439091452007545,0.47508873932729256,0,0.0,0.0,0.0,0.0,0.0,0,5,0,False,0.009487865143450718,0.009521185673806887,0.008436582445057239,0.010510939385588003,0.002074356940530764,0,0,5,False
2026092817,mert_v1,ambient_balanced,0.5,ridge_platt,5,0.1447395239507155,0.45212457830234454,0,-0.009651390569359925,-0.009782037303096625,-0.010585542125682329,-0.008096630638068592,0.0024889114876137375,5,0,0,False,-0.0001635254259092056,-8.551973955722714e-05,-0.0006610642782266529,0.0003399518069886476,0.0010010160852153005,4,0,1,True
2026092817,mert_v1,ambient_balanced,0.5,temperature,5,0.1546952368044941,0.47650096549159765,0,0.00030432228441865106,0.00016058477904973278,-0.00038291741162552184,0.0011293029134226418,0.0015122203250481636,1,0,4,True,0.00979218742786937,0.010128021973962481,0.008597167224106972,0.010456418067324724,0.0018592508432177524,0,0,5,False
2026092817,mert_v1,ambient_balanced,1.0,beta,1,0.14406128013703037,0.4492748322255269,0,-0.010329634383045072,-0.010329634383045072,-0.010329634383045072,-0.010329634383045072,0.0,1,0,0,False,0.00044850801459622724,0.00044850801459622724,0.00044850801459622724,0.00044850801459622724,0.0,0,0,1,False
2026092817,mert_v1,ambient_balanced,1.0,isotonic,1,0.14558435169916434,0.6112757819996297,0,-0.008806562820911107,-0.008806562820911107,-0.008806562820911107,-0.008806562820911107,0.0,1,0,0,False,0.0019715795767301925,0.0019715795767301925,0.0019715795767301925,0.0019715795767301925,0.0,0,0,1,False
2026092817,mert_v1,ambient_balanced,1.0,platt,1,0.14361277212243415,0.44796088178073884,0,-0.0107781423976413,-0.0107781423976413,-0.0107781423976413,-0.0107781423976413,0.0,1,0,0,False,0.0,0.0,0.0,0.0,0.0,0,1,0,False
2026092817,mert_v1,ambient_balanced,1.0,prior_offset,1,0.14387173035595094,0.45016962619977086,0,-0.010519184164124507,-0.010519184164124507,-0.010519184164124507,-0.010519184164124507,0.0,1,0,0,False,0.0002589582335167928,0.0002589582335167928,0.0002589582335167928,0.0002589582335167928,0.0,0,0,1,False
2026092817,mert_v1,ambient_balanced,1.0,raw,1,0.15439091452007545,0.47508873932729256,0,0.0,0.0,0.0,0.0,0.0,0,1,0,False,0.0107781423976413,0.0107781423976413,0.0107781423976413,0.0107781423976413,0.0,0,0,1,False
2026092817,mert_v1,ambient_balanced,1.0,ridge_platt,1,0.14452920242465264,0.4512286728865013,0,-0.009861712095422803,-0.009861712095422803,-0.009861712095422803,-0.009861712095422803,0.0,1,0,0,False,0.0009164303022184961,0.0009164303022184961,0.0009164303022184961,0.0009164303022184961,0.0,0,0,1,False
2026092817,mert_v1,ambient_balanced,1.0,temperature,1,0.15400394190956107,0.47349637110584786,0,-0.0003869726105143745,-0.0003869726105143745,-0.0003869726105143745,-0.0003869726105143745,0.0,1,0,0,False,0.010391169787126925,0.010391169787126925,0.010391169787126925,0.010391169787126925,0.0,0,0,1,False
2026092817,mert_v1,unweighted,0.25,beta,5,0.15380724952995556,0.49432700149810965,0,0.010244876902176176,0.00923688379853202,0.0028623348986566988,0.019556969645384253,0.016694634746727555,0,0,5,False,0.0009872198637703555,0.0009263596787169592,0.00044081878781607187,0.0017235060223409482,0.0012826872345248763,0,0,5,False
2026092817,mert_v1,unweighted,0.25,isotonic,5,0.1587810792219836,1.366139992376683,0,0.015218706594204207,0.014710785844464752,0.007057218962468942,0.02573514121669057,0.01867792225422163,0,0,5,False,0.005961049555798387,0.007901677593647266,-0.0008072427964812834,0.009138710383261944,0.009945953179743228,1,0,4,True
2026092817,mert_v1,unweighted,0.25,platt,5,0.1528200296661852,0.49003002732339773,0,0.00925765703840582,0.00831052411981506,0.0016826054968578363,0.017833463623043305,0.01615085812618547,0,0,5,False,0.0,0.0,0.0,0.0,0.0,0,5,0,False
2026092817,mert_v1,unweighted,0.25,prior_offset,5,0.14356237262777938,0.44924570573844685,0,0.0,0.0,0.0,0.0,0.0,0,5,0,False,-0.00925765703840582,-0.00831052411981506,-0.017833463623043305,-0.0016826054968578363,0.01615085812618547,5,0,0,False
2026092817,mert_v1,unweighted,0.25,raw,5,0.14356237262777938,0.44924570573844685,0,0.0,0.0,0.0,0.0,0.0,0,5,0,False,-0.00925765703840582,-0.00831052411981506,-0.017833463623043305,-0.0016826054968578363,0.01615085812618547,5,0,0,False
2026092817,mert_v1,unweighted,0.25,ridge_platt,5,0.14748556092310058,0.4718536718520072,0,0.003923188295321239,0.0005068637357419359,0.0,0.014459077636963108,0.014459077636963108,0,1,4,False,-0.00533446874308458,-0.0033743859860801972,-0.011048256758791064,-0.0011757417611159005,0.009872514997675164,5,0,0,False
2026092817,mert_v1,unweighted,0.25,temperature,5,0.14595101583208114,0.468864672345108,0,0.0023886432043017437,0.0011946307562910041,-0.00045544047015450007,0.006505392053047621,0.006960832523202121,1,0,4,True,-0.006869013834104076,-0.00876596458996956,-0.011377456904186678,-0.0004879747405668322,0.010889482163619846,5,0,0,False
2026092817,mert_v1,unweighted,0.5,beta,5,0.14551379264142653,0.45415693891316683,0,0.0019514200136471261,0.0022804838014872375,0.0006088157880040634,0.0030102305974394616,0.002401414809435398,0,0,5,False,0.0006946849509138319,0.0003837300560467771,-0.000174361222459396,0.0020274546436499785,0.0022018158661093745,1,0,4,True
2026092817,mert_v1,unweighted,0.5,isotonic,5,0.1484505287968066,0.7580541317128854,0,0.00488815616902723,0.004120431284870385,0.00334936556601656,0.007540603184168715,0.004191237618152155,0,0,5,False,0.003631421106293936,0.0034119559669257005,0.002120229435529697,0.006557827230379232,0.004437597794849535,0,0,5,False
2026092817,mert_v1,unweighted,0.5,platt,5,0.14481910769051268,0.4526866666276093,0,0.001256735062733294,0.001229136130486863,0.00022508573195728632,0.002180229946740969,0.001955144214783683,0,0,5,False,0.0,0.0,0.0,0.0,0.0,0,5,0,False
2026092817,mert_v1,unweighted,0.5,prior_offset,5,0.14356237262777938,0.44924570573844685,0,0.0,0.0,0.0,0.0,0.0,0,5,0,False,-0.001256735062733294,-0.001229136130486863,-0.002180229946740969,-0.00022508573195728632,0.001955144214783683,5,0,0,False
2026092817,mert_v1,unweighted,0.5,raw,5,0.14356237262777938,0.44924570573844685,0,0.0,0.0,0.0,0.0,0.0,0,5,0,False,-0.001256735062733294,-0.001229136130486863,-0.002180229946740969,-0.00022508573195728632,0.001955144214783683,5,0,0,False
2026092817,mert_v1,unweighted,0.5,ridge_platt,5,0.14363677967988103,0.44955344629155247,0,7.440705210166044e-05,0.0,-4.0927490588787974e-05,0.00041296275109709013,0.0004538902416858781,1,3,1,True,-0.0011823280106316337,-0.001229136130486863,-0.002180229946740969,-0.0002660132225460743,0.0019142167241948949,5,0,0,False
2026092817,mert_v1,unweighted,0.5,temperature,5,0.14351131943322087,0.44974608622101664,0,-5.10531945585313e-05,-0.000130600446137219,-0.00033130473378056857,0.0005953363402350642,0.0009266410740156328,4,0,1,True,-0.0013077882572918253,-0.00132710977274203,-0.0024709534375957354,-0.0003874396135544189,0.0020835138240413165,5,0,0,False
2026092817,mert_v1,unweighted,1.0,beta,1,0.1436347005214929,0.4484336870785099,0,7.232789371353077e-05,7.232789371353077e-05,7.232789371353077e-05,7.232789371353077e-05,0.0,0,0,1,False,0.0001396293929087633,0.0001396293929087633,0.0001396293929087633,0.0001396293929087633,0.0,0,0,1,False
2026092817,mert_v1,unweighted,1.0,isotonic,1,0.1453306806875912,0.676538478068554,0,0.0017683080598118184,0.0017683080598118184,0.0017683080598118184,0.0017683080598118184,0.0,0,0,1,False,0.001835609559007051,0.001835609559007051,0.001835609559007051,0.001835609559007051,0.0,0,0,1,False
2026092817,mert_v1,unweighted,1.0,platt,1,0.14349507112858415,0.4478957163143957,0,-6.730149919523254e-05,-6.730149919523254e-05,-6.730149919523254e-05,-6.730149919523254e-05,0.0,1,0,0,False,0.0,0.0,0.0,0.0,0.0,0,1,0,False
2026092817,mert_v1,unweighted,1.0,prior_offset,1,0.14356237262777938,0.44924570573844685,0,0.0,0.0,0.0,0.0,0.0,0,1,0,False,6.730149919523254e-05,6.730149919523254e-05,6.730149919523254e-05,6.730149919523254e-05,0.0,0,0,1,False
2026092817,mert_v1,unweighted,1.0,raw,1,0.14356237262777938,0.44924570573844685,0,0.0,0.0,0.0,0.0,0.0,0,1,0,False,6.730149919523254e-05,6.730149919523254e-05,6.730149919523254e-05,6.730149919523254e-05,0.0,0,0,1,False
2026092817,mert_v1,unweighted,1.0,ridge_platt,1,0.14433887422155134,0.45099803989487025,0,0.000776501593771961,0.000776501593771961,0.000776501593771961,0.000776501593771961,0.0,0,0,1,False,0.0008438030929671936,0.0008438030929671936,0.0008438030929671936,0.0008438030929671936,0.0,0,0,1,False
2026092817,mert_v1,unweighted,1.0,temperature,1,0.14313412075651688,0.4475483333615343,0,-0.0004282518712624972,-0.0004282518712624972,-0.0004282518712624972,-0.0004282518712624972,0.0,1,0,0,False,-0.00036095037206726466,-0.00036095037206726466,-0.00036095037206726466,-0.00036095037206726466,0.0,1,0,0,False
2026092818,maest,ambient_balanced,0.25,beta,5,0.1378685170702547,0.4425425839431676,0,0.005441922395469751,0.006768783311701332,0.0004749429079377032,0.012049880087383918,0.011574937179446215,0,0,5,False,0.0007079920197858858,0.0007315089463767188,-0.0016808862805350877,0.002895407288536239,0.004576293569071327,1,0,4,True
2026092818,maest,ambient_balanced,0.25,isotonic,5,0.14117817374972816,0.8814426805164206,0,0.0087515790749432,0.009081397238020011,0.0025632773379609397,0.0180972414678906,0.015533964129929662,0,0,5,False,0.004017648699259335,0.0045955683354742816,0.0008614676547838429,0.0072373370375428125,0.00637586938275897,0,0,5,False
2026092818,maest,ambient_balanced,0.25,platt,5,0.1371605250504688,0.4384288724435691,0,0.004733930375683865,0.0038733760231650927,-0.0002565660384390156,0.010859904430347789,0.011116470468786804,1,0,4,True,0.0,0.0,0.0,0.0,0.0,0,5,0,False
2026092818,maest,ambient_balanced,0.25,prior_offset,5,0.1263255033846111,0.40358699378718194,0,-0.00610109129017386,-0.00610109129017386,-0.00610109129017386,-0.00610109129017386,0.0,5,0,0,False,-0.010835021665857725,-0.009974467313338953,-0.01696099572052165,-0.0058445252517348445,0.011116470468786804,5,0,0,False
2026092818,maest,ambient_balanced,0.25,raw,5,0.13242659467478496,0.4161373649241842,0,0.0,0.0,0.0,0.0,0.0,0,5,0,False,-0.004733930375683865,-0.0038733760231650927,-0.010859904430347789,0.0002565660384390156,0.011116470468786804,4,0,1,True
2026092818,maest,ambient_balanced,0.25,ridge_platt,5,0.13406649191149,0.42139174252156864,0,0.0016398972367050347,0.0003493285430627713,-0.0024595193868699183,0.009825548056663497,0.012285067443533415,2,0,3,True,-0.00309403313897883,-0.0028369474711900378,-0.008292276546668975,0.0006058945815017869,0.008898171128170762,4,0,1,True
2026092818,maest,ambient_balanced,0.25,temperature,5,0.1377955117743196,0.4402757800255655,0,0.005368917099534631,0.0043160379061849,0.0006319583062766587,0.010894162861313172,0.010262204555036514,0,0,5,False,0.0006349867238507667,0.0002545302219565393,-0.006543866524162889,0.00817860724783162,0.01472247377199451,2,0,3,True
2026092818,maest,ambient_balanced,0.5,beta,5,0.13193950148469827,0.4194740920134228,0,-0.0004870931900866904,-0.0006787109076580589,-0.0019744508620948564,0.0011072897447443608,0.0030817406068392172,3,0,2,True,0.0010619717760642188,0.0008480753967671228,-0.0006218023570466469,0.0024954637976092042,0.003117266154655851,1,0,4,True
2026092818,maest,ambient_balanced,0.5,isotonic,5,0.13350932802947812,0.6064853065899521,0,0.001082733354693144,0.0017407688016655987,-0.0002968347406795968,0.002113315471835714,0.0024101502125153107,2,0,3,True,0.002631798320844053,0.0028973884465484934,-0.00023992619006818483,0.004467568850098164,0.0047074950401663485,1,0,4,True
2026092818,maest,ambient_balanced,0.5,platt,5,0.13087752970863406,0.41756631600182564,0,-0.0015490649661509092,-0.0008846517310681923,-0.004469914659704061,2.040348889156829e-05,0.004490318148595629,4,0,1,True,0.0,0.0,0.0,0.0,0.0,0,5,0,False
2026092818,maest,ambient_balanced,0.5,prior_offset,5,0.1263255033846111,0.40358699378718194,0,-0.00610109129017386,-0.00610109129017386,-0.00610109129017386,-0.00610109129017386,0.0,5,0,0,False,-0.004552026324022951,-0.005216439559105668,-0.006121494779065428,-0.0016311766304697994,0.004490318148595629,5,0,0,False
2026092818,maest,ambient_balanced,0.5,raw,5,0.13242659467478496,0.4161373649241842,0,0.0,0.0,0.0,0.0,0.0,0,5,0,False,0.0015490649661509092,0.0008846517310681923,-2.040348889156829e-05,0.004469914659704061,0.004490318148595629,1,0,4,True
2026092818,maest,ambient_balanced,0.5,ridge_platt,5,0.12988324045236982,0.4127236922364947,0,-0.002543354222415145,-0.002129911449519545,-0.004173385272810276,-0.0008970756624877563,0.0032763096103225198,5,0,0,False,-0.0009942892562642357,-0.0012452597184513525,-0.0018191318945478263,0.0006109494015997807,0.002430081296147607,4,0,1,True
2026092818,maest,ambient_balanced,0.5,temperature,5,0.1343557333161888,0.42636739953360897,0,0.0019291386414038493,0.0014965475263979955,0.0005299791647428997,0.0036458941681324353,0.0031159150033895355,0,0,5,False,0.0034782036075547583,0.0038508009046604452,0.0005095756758513315,0.005483999525471989,0.004974423849620657,0,0,5,False
2026092818,maest,ambient_balanced,1.0,beta,1,0.12981698942246242,0.41111111987013665,0,-0.002609605252322539,-0.002609605252322539,-0.002609605252322539,-0.002609605252322539,0.0,1,0,0,False,0.0018299792572892826,0.0018299792572892826,0.0018299792572892826,0.0018299792572892826,0.0,0,0,1,False
2026092818,maest,ambient_balanced,1.0,isotonic,1,0.12875613612467177,0.4715842434118532,0,-0.0036704585501131926,-0.0036704585501131926,-0.0036704585501131926,-0.0036704585501131926,0.0,1,0,0,False,0.0007691259594986288,0.0007691259594986288,0.0007691259594986288,0.0007691259594986288,0.0,0,0,1,False
2026092818,maest,ambient_balanced,1.0,platt,1,0.12798701016517314,0.4091360988987235,0,-0.004439584509611821,-0.004439584509611821,-0.004439584509611821,-0.004439584509611821,0.0,1,0,0,False,0.0,0.0,0.0,0.0,0.0,0,1,0,False
2026092818,maest,ambient_balanced,1.0,prior_offset,1,0.1263255033846111,0.4035869937871819,0,-0.00610109129017386,-0.00610109129017386,-0.00610109129017386,-0.00610109129017386,0.0,1,0,0,False,-0.0016615067805620387,-0.0016615067805620387,-0.0016615067805620387,-0.0016615067805620387,0.0,1,0,0,False
2026092818,maest,ambient_balanced,1.0,raw,1,0.13242659467478496,0.4161373649241842,0,0.0,0.0,0.0,0.0,0.0,0,1,0,False,0.004439584509611821,0.004439584509611821,0.004439584509611821,0.004439584509611821,0.0,0,0,1,False
2026092818,maest,ambient_balanced,1.0,ridge_platt,1,0.1263607479716388,0.40308990093084585,0,-0.006065846703146166,-0.006065846703146166,-0.006065846703146166,-0.006065846703146166,0.0,1,0,0,False,-0.0016262621935343446,-0.0016262621935343446,-0.0016262621935343446,-0.0016262621935343446,0.0,1,0,0,False
2026092818,maest,ambient_balanced,1.0,temperature,1,0.13431023821200164,0.42493368295548656,0,0.0018836435372166782,0.0018836435372166782,0.0018836435372166782,0.0018836435372166782,0.0,0,0,1,False,0.0063232280468285,0.0063232280468285,0.0063232280468285,0.0063232280468285,0.0,0,0,1,False
2026092818,maest,unweighted,0.25,beta,5,0.1367695272767437,0.4393539632887172,0,0.011808450192186192,0.011819218730506786,0.00710504714335064,0.01831180387202319,0.011206756728672551,0,0,5,False,0.0003465654441458077,0.0005461826662343516,-0.0015520064945421796,0.0015414132779509315,0.003093419772493111,1,0,4,True
2026092818,maest,unweighted,0.25,isotonic,5,0.1406462561500235,0.8665514375809371,0,0.015685179065465953,0.015596588238543735,0.010804510470164841,0.024872711630191946,0.014068201160027105,0,0,5,False,0.004223294317425569,0.004423122774630944,1.1701892777465916e-05,0.007034486081437946,0.00702278418866048,0,0,5,False
2026092818,maest,unweighted,0.25,platt,5,0.13642296183259792,0.4364289114339649,0,0.011461884748040385,0.010277805452555855,0.006381387695533897,0.017838225548754,0.011456837853220103,0,0,5,False,0.0,0.0,0.0,0.0,0.0,0,5,0,False
2026092818,maest,unweighted,0.25,prior_offset,5,0.12496107708455753,0.3981376502127121,0,0.0,0.0,0.0,0.0,0.0,0,5,0,False,-0.011461884748040385,-0.010277805452555855,-0.017838225548754,-0.006381387695533897,0.011456837853220103,5,0,0,False
2026092818,maest,unweighted,0.25,raw,5,0.12496107708455753,0.3981376502127121,0,0.0,0.0,0.0,0.0,0.0,0,5,0,False,-0.011461884748040385,-0.010277805452555855,-0.017838225548754,-0.006381387695533897,0.011456837853220103,5,0,0,False
2026092818,maest,unweighted,0.25,ridge_platt,5,0.12869325282979724,0.4086411982309256,0,0.003732175745239719,0.0027027160832663044,0.00024350386432619997,0.009825548056663497,0.009582044192337297,0,0,5,False,-0.007729709002800666,-0.006137883831207697,-0.012882170262499965,-0.005727414824366395,0.00715475543813357,5,0,0,False
2026092818,maest,unweighted,0.25,temperature,5,0.13150733863821565,0.42637927321979757,0,0.006546261553658117,0.007263565180637699,0.0010954293903298884,0.011827338391890069,0.01073190900156018,0,0,5,False,-0.004915623194382268,-0.006131689307262017,-0.013445360689035346,0.0017707222501803788,0.015216082939215725,3,0,2,True
2026092818,maest,unweighted,0.5,beta,5,0.1304865232596859,0.4157453083570319,0,0.005525446175128385,0.005971759607804328,0.004218019514013099,0.0066061063248888385,0.002388086810875739,0,0,5,False,0.00022101361101881656,2.6144755853552137e-05,-0.0009320064808616413,0.001717911192908178,0.0026499176737698193,2,0,3,True
2026092818,maest,unweighted,0.5,isotonic,5,0.13329996336918365,0.6049210909418219,0,0.0083388862846261,0.008380180664396858,0.0063115561070938575,0.011053231091611854,0.004741674984517996,0,0,5,False,0.0030344537205165335,0.0038521480372727956,-0.0005922099815721116,0.005228073929313265,0.0058202839108853766,1,0,4,True
2026092818,maest,unweighted,0.5,platt,5,0.1302655096486671,0.41593625549169644,0,0.005304432564109568,0.005825157162298589,0.0025001083211049213,0.006903766088665969,0.004403657767561048,0,0,5,False,0.0,0.0,0.0,0.0,0.0,0,5,0,False
2026092818,maest,unweighted,0.5,prior_offset,5,0.12496107708455753,0.3981376502127121,0,0.0,0.0,0.0,0.0,0.0,0,5,0,False,-0.005304432564109568,-0.005825157162298589,-0.006903766088665969,-0.0025001083211049213,0.004403657767561048,5,0,0,False
2026092818,maest,unweighted,0.5,raw,5,0.12496107708455753,0.3981376502127121,0,0.0,0.0,0.0,0.0,0.0,0,5,0,False,-0.005304432564109568,-0.005825157162298589,-0.006903766088665969,-0.0025001083211049213,0.004403657767561048,5,0,0,False
2026092818,maest,unweighted,0.5,ridge_platt,5,0.127206195512219,0.40584675999234693,0,0.0022451184276614856,0.0019168987926298509,0.0,0.005149454464686898,0.005149454464686898,0,1,4,False,-0.0030593141364480825,-0.0036251614479203553,-0.004528032627124062,-0.0014808066135481857,0.0030472260135758766,5,0,0,False
2026092818,maest,unweighted,0.5,temperature,5,0.12688365210095273,0.4080839011425953,0,0.0019225750163952282,0.0013757318423203435,0.0008728883166844448,0.0042220145457657066,0.003349126229081262,0,0,5,False,-0.00338185754771434,-0.0031523007848037188,-0.005842108924437206,-0.0016031426165328821,0.004238966307904324,5,0,0,False
2026092818,maest,unweighted,1.0,beta,1,0.12839085765157737,0.4076129819074605,0,0.003429780567019841,0.003429780567019841,0.003429780567019841,0.003429780567019841,0.0,0,0,1,False,0.000975719513951423,0.000975719513951423,0.000975719513951423,0.000975719513951423,0.0,0,0,1,False
2026092818,maest,unweighted,1.0,isotonic,1,0.12922078377680443,0.47181872803049396,0,0.004259706692246901,0.004259706692246901,0.004259706692246901,0.004259706692246901,0.0,0,0,1,False,0.0018056456391784825,0.0018056456391784825,0.0018056456391784825,0.0018056456391784825,0.0,0,0,1,False
2026092818,maest,unweighted,1.0,platt,1,0.12741513813762595,0.4076473869322436,0,0.002454061053068418,0.002454061053068418,0.002454061053068418,0.002454061053068418,0.0,0,0,1,False,0.0,0.0,0.0,0.0,0.0,0,1,0,False
2026092818,maest,unweighted,1.0,prior_offset,1,0.12496107708455753,0.3981376502127121,0,0.0,0.0,0.0,0.0,0.0,0,1,0,False,-0.002454061053068418,-0.002454061053068418,-0.002454061053068418,-0.002454061053068418,0.0,1,0,0,False
2026092818,maest,unweighted,1.0,raw,1,0.12496107708455753,0.3981376502127121,0,0.0,0.0,0.0,0.0,0.0,0,1,0,False,-0.002454061053068418,-0.002454061053068418,-0.002454061053068418,-0.002454061053068418,0.0,1,0,0,False
2026092818,maest,unweighted,1.0,ridge_platt,1,0.12556283116863107,0.4008972372860268,0,0.0006017540840735358,0.0006017540840735358,0.0006017540840735358,0.0006017540840735358,0.0,0,0,1,False,-0.0018523069689948823,-0.0018523069689948823,-0.0018523069689948823,-0.0018523069689948823,0.0,1,0,0,False
2026092818,maest,unweighted,1.0,temperature,1,0.12677663046062235,0.40637654442374627,0,0.0018155533760648157,0.0018155533760648157,0.0018155533760648157,0.0018155533760648157,0.0,0,0,1,False,-0.0006385076770036024,-0.0006385076770036024,-0.0006385076770036024,-0.0006385076770036024,0.0,1,0,0,False
2026092818,mert_v0,ambient_balanced,0.25,beta,5,0.15371902787051012,0.4926489293237514,0,-0.002582314961808563,-0.004297267709573782,-0.009266692006237504,0.008799345937625547,0.01806603794386305,4,0,1,True,-0.00017569373750141447,-0.0002834326330047321,-0.0017763263597084522,0.0028370443069982987,0.004613370666706751,3,0,2,True
2026092818,mert_v0,ambient_balanced,0.25,isotonic,5,0.15882831260781352,1.3542707532928826,0,0.002526969775494847,0.001834392468673396,-0.0060425611996134665,0.013752174616619872,0.01979473581623334,2,0,3,True,0.004933590999801995,0.004355333818538726,0.0015993303918863944,0.007789872985992624,0.00619054259410623,0,0,5,False
2026092818,mert_v0,ambient_balanced,0.25,platt,5,0.15389472160801151,0.49355384081539705,0,-0.0024066212243071482,-0.00252094134986533,-0.009298450702494937,0.005962301630627248,0.015260752333122185,3,0,2,True,0.0,0.0,0.0,0.0,0.0,0,5,0,False
2026092818,mert_v0,ambient_balanced,0.25,prior_offset,5,0.14443305014473,0.45073577970099665,0,-0.011868292687588655,-0.011868292687588655,-0.011868292687588655,-0.011868292687588655,0.0,5,0,0,False,-0.009461671463281507,-0.009347351337723325,-0.017830594318215903,-0.002569841985093718,0.015260752333122185,5,0,0,False
2026092818,mert_v0,ambient_balanced,0.25,raw,5,0.15630134283231867,0.47897186519340956,0,0.0,0.0,0.0,0.0,0.0,0,5,0,False,0.0024066212243071482,0.00252094134986533,-0.005962301630627248,0.009298450702494937,0.015260752333122185,2,0,3,True
2026092818,mert_v0,ambient_balanced,0.25,ridge_platt,5,0.15457352546727895,0.4830923358309044,0,-0.0017278173650396912,0.0009652334563622078,-0.010558823345911406,0.006254685458858156,0.01681350880476956,2,0,3,True,0.0006788038592674573,-0.00028023100280985536,-0.003964885933529366,0.008607125047862069,0.012572010981391435,3,0,2,True
2026092818,mert_v0,ambient_balanced,0.25,temperature,5,0.16081718263743033,0.49922508484973205,0,0.004515839805111638,0.0047871974409332,0.0006401318104049258,0.007573788857191011,0.006933657046786085,0,0,5,False,0.006922461029418786,0.009938582512899863,-0.0011751041896940484,0.01242135236705369,0.013596456556747738,1,0,4,True
2026092818,mert_v0,ambient_balanced,0.5,beta,5,0.1449719020992065,0.45889788978484114,0,-0.011329440733112168,-0.010945001223988476,-0.013241106742541475,-0.009785865051428116,0.0034552416911133588,5,0,0,False,9.035210415081484e-06,0.0002670274107248183,-0.001851784250171462,0.0012786546066615168,0.003130438856832979,2,0,3,True
2026092818,mert_v0,ambient_balanced,0.5,isotonic,5,0.15115313293479943,0.8961717269383742,0,-0.005148209897519235,-0.0060861583173846545,-0.007006861127877295,-0.00035174527500261843,0.006655115852874677,5,0,0,False,0.006190266046008014,0.006173932863960979,0.003990291022590631,0.008911645384621136,0.004921354362030506,0,0,5,False
2026092818,mert_v0,ambient_balanced,0.5,platt,5,0.1449628668887914,0.46119803262020687,0,-0.011338475943527248,-0.010853620984922902,-0.014114859419206371,-0.009263390659623755,0.004851468759582617,5,0,0,False,0.0,0.0,0.0,0.0,0.0,0,5,0,False
2026092818,mert_v0,ambient_balanced,0.5,prior_offset,5,0.14443305014473,0.45073577970099665,0,-0.011868292687588655,-0.011868292687588655,-0.011868292687588655,-0.011868292687588655,0.0,5,0,0,False,-0.0005298167440614066,-0.0010146717026657537,-0.0026049020279649004,0.0022465667316177163,0.004851468759582617,3,0,2,True
2026092818,mert_v0,ambient_balanced,0.5,raw,5,0.15630134283231867,0.47897186519340956,0,0.0,0.0,0.0,0.0,0.0,0,5,0,False,0.011338475943527248,0.010853620984922902,0.009263390659623755,0.014114859419206371,0.004851468759582617,0,0,5,False
2026092818,mert_v0,ambient_balanced,0.5,ridge_platt,5,0.14781453856749174,0.4657705026379081,0,-0.008486804264826942,-0.007342026015366487,-0.011580839445548385,-0.005572372431011496,0.006008467014536889,5,0,0,False,0.002851671678700307,0.002894826807866735,-0.0007272184606254839,0.005533630474195028,0.006260848934820512,1,0,4,True
2026092818,mert_v0,ambient_balanced,0.5,temperature,5,0.1570009047401769,0.4844883865717122,0,0.0006995619078582372,0.000492815847537964,-0.00018442685089387068,0.0021766558054328866,0.0023610826563267573,1,0,4,True,0.012038037851385486,0.013030276790355788,0.009390688115454654,0.014607675266744335,0.0052169871512896815,0,0,5,False
2026092818,mert_v0,ambient_balanced,1.0,beta,1,0.1425282507922813,0.4453938581095222,0,-0.013773092040037377,-0.013773092040037377,-0.013773092040037377,-0.013773092040037377,0.0,1,0,0,False,0.0004156270296883924,0.0004156270296883924,0.0004156270296883924,0.0004156270296883924,0.0,0,0,1,False
2026092818,mert_v0,ambient_balanced,1.0,isotonic,1,0.14582945203942888,0.6199051826969127,0,-0.010471890792889793,-0.010471890792889793,-0.010471890792889793,-0.010471890792889793,0.0,1,0,0,False,0.003716828276835976,0.003716828276835976,0.003716828276835976,0.003716828276835976,0.0,0,0,1,False
2026092818,mert_v0,ambient_balanced,1.0,platt,1,0.1421126237625929,0.4489749945686462,0,-0.01418871906972577,-0.01418871906972577,-0.01418871906972577,-0.01418871906972577,0.0,1,0,0,False,0.0,0.0,0.0,0.0,0.0,0,1,0,False
2026092818,mert_v0,ambient_balanced,1.0,prior_offset,1,0.14443305014473,0.4507357797009966,0,-0.011868292687588655,-0.011868292687588655,-0.011868292687588655,-0.011868292687588655,0.0,1,0,0,False,0.002320426382137114,0.002320426382137114,0.002320426382137114,0.002320426382137114,0.0,0,0,1,False
2026092818,mert_v0,ambient_balanced,1.0,raw,1,0.15630134283231867,0.47897186519340956,0,0.0,0.0,0.0,0.0,0.0,0,1,0,False,0.01418871906972577,0.01418871906972577,0.01418871906972577,0.01418871906972577,0.0,0,0,1,False
2026092818,mert_v0,ambient_balanced,1.0,ridge_platt,1,0.1422700917306901,0.44981402026498213,0,-0.014031251101628561,-0.014031251101628561,-0.014031251101628561,-0.014031251101628561,0.0,1,0,0,False,0.00015746796809720798,0.00015746796809720798,0.00015746796809720798,0.00015746796809720798,0.0,0,0,1,False
2026092818,mert_v0,ambient_balanced,1.0,temperature,1,0.15633596431296012,0.4801848282998875,0,3.462148064145576e-05,3.462148064145576e-05,3.462148064145576e-05,3.462148064145576e-05,0.0,0,0,1,False,0.014223340550367225,0.014223340550367225,0.014223340550367225,0.014223340550367225,0.0,0,0,1,False
2026092818,mert_v0,unweighted,0.25,beta,5,0.1536430888331572,0.49297492200717785,0,0.00980996354862862,0.008232764128055986,0.002669982411575428,0.021022006472054683,0.018352024060479255,0,0,5,False,-8.815785637247275e-05,-0.00028635464296936086,-0.0015358242619377405,0.002789356378374519,0.0043251806403122595,4,0,1,True
2026092818,mert_v0,unweighted,0.25,isotonic,5,0.15910809133148035,1.3682531542959089,0,0.015274966046951772,0.014259032826403034,0.00764761962932603,0.02574133530530645,0.01809371567598042,0,0,5,False,0.005376844641950679,0.005000029465855593,0.004490444436409308,0.007508685211626287,0.0030182407752169793,0,0,5,False
2026092818,mert_v0,unweighted,0.25,platt,5,0.15373124668952967,0.493461607540348,0,0.009898121405001093,0.009768588389993726,0.0029563370545447887,0.018232650093680164,0.015276313039135375,0,0,5,False,0.0,0.0,0.0,0.0,0.0,0,5,0,False
2026092818,mert_v0,unweighted,0.25,prior_offset,5,0.14383312528452857,0.44900317798141864,0,0.0,0.0,0.0,0.0,0.0,0,5,0,False,-0.009898121405001093,-0.009768588389993726,-0.018232650093680164,-0.0029563370545447887,0.015276313039135375,5,0,0,False
2026092818,mert_v0,unweighted,0.25,raw,5,0.14383312528452857,0.44900317798141864,0,0.0,0.0,0.0,0.0,0.0,0,5,0,False,-0.009898121405001093,-0.009768588389993726,-0.018232650093680164,-0.0029563370545447887,0.015276313039135375,5,0,0,False
2026092818,mert_v0,unweighted,0.25,ridge_platt,5,0.14743107672481723,0.4664900170870678,0,0.003597951440288677,0.004370640343626053,-0.0028562316042577696,0.008265372931712645,0.011121604535970414,1,0,4,True,-0.006300169964712415,-0.005812568658802558,-0.00996727716196752,-0.0038089708204567807,0.006158306341510739,5,0,0,False
2026092818,mert_v0,unweighted,0.25,temperature,5,0.1504548462280591,0.47529662352785085,0,0.006621720943530496,0.004925574208569067,0.0007102825000534496,0.016758033770430752,0.016047751270377303,0,0,5,False,-0.0032764004614705966,-0.002246054554491339,-0.013595053477421265,0.0028448703302804967,0.016439923807701762,3,0,2,True
2026092818,mert_v0,unweighted,0.5,beta,5,0.14455376462720243,0.45853314040715887,0,0.0007206393426738622,0.0007618801423944777,-0.0008589724543066335,0.0021726306612130097,0.0030316031155196432,2,0,3,True,-0.00011689244937945764,0.00014316596828695127,-0.0018973031662815887,0.000950679017152789,0.0028479821834343777,2,0,3,True
2026092818,mert_v0,unweighted,0.5,isotonic,5,0.1506782500753215,0.8961753830580624,0,0.006845124790792934,0.006982116688782264,0.0053880270904758665,0.00908008380625741,0.0036920567157815443,0,0,5,False,0.0060075929987396135,0.0062110046439869115,0.003421682699010914,0.007288518902163588,0.0038668362031526737,0,0,5,False
2026092818,mert_v0,unweighted,0.5,platt,5,0.1446706570765819,0.46094074536704416,0,0.0008375317920533198,0.001315451170598142,-0.0017744168893086831,0.002869079162270499,0.004643496051579182,2,0,3,True,0.0,0.0,0.0,0.0,0.0,0,5,0,False
2026092818,mert_v0,unweighted,0.5,prior_offset,5,0.14383312528452857,0.44900317798141864,0,0.0,0.0,0.0,0.0,0.0,0,5,0,False,-0.0008375317920533198,-0.001315451170598142,-0.002869079162270499,0.0017744168893086831,0.004643496051579182,3,0,2,True
2026092818,mert_v0,unweighted,0.5,raw,5,0.14383312528452857,0.44900317798141864,0,0.0,0.0,0.0,0.0,0.0,0,5,0,False,-0.0008375317920533198,-0.001315451170598142,-0.002869079162270499,0.0017744168893086831,0.004643496051579182,3,0,2,True
2026092818,mert_v0,unweighted,0.5,ridge_platt,5,0.14382679479496216,0.45626621396278527,0,-6.330489566391817e-06,0.0005884413918018916,-0.0027246405701355503,0.0011812435923145848,0.003905884162450135,2,0,3,True,-0.0008438622816197116,-0.0009502236808268671,-0.0021086760203634924,0.0013700424670728961,0.0034787184874363886,4,0,1,True
2026092818,mert_v0,unweighted,0.5,temperature,5,0.14486996434580354,0.45648129836725115,0,0.001036839061274969,0.00130871463737961,0.00013841949335902104,0.0019694427460261454,0.0018310232526671244,0,0,5,False,0.0001993072692216491,0.0006539915754280035,-0.0018279248981059315,0.002118545228396551,0.003946470126502483,2,0,3,True
2026092818,mert_v0,unweighted,1.0,beta,1,0.14213987760642696,0.4450930277954393,0,-0.0016932476781016115,-0.0016932476781016115,-0.0016932476781016115,-0.0016932476781016115,0.0,1,0,0,False,0.00028529252977432806,0.00028529252977432806,0.00028529252977432806,0.00028529252977432806,0.0,0,0,1,False
2026092818,mert_v0,unweighted,1.0,isotonic,1,0.14576846736694066,0.6207012529298094,0,0.0019353420824120837,0.0019353420824120837,0.0019353420824120837,0.0019353420824120837,0.0,0,0,1,False,0.003913882290288023,0.003913882290288023,0.003913882290288023,0.003913882290288023,0.0,0,0,1,False
2026092818,mert_v0,unweighted,1.0,platt,1,0.14185458507665263,0.4487724074917725,0,-0.0019785402078759395,-0.0019785402078759395,-0.0019785402078759395,-0.0019785402078759395,0.0,1,0,0,False,0.0,0.0,0.0,0.0,0.0,0,1,0,False
2026092818,mert_v0,unweighted,1.0,prior_offset,1,0.14383312528452857,0.4490031779814187,0,0.0,0.0,0.0,0.0,0.0,0,1,0,False,0.0019785402078759395,0.0019785402078759395,0.0019785402078759395,0.0019785402078759395,0.0,0,0,1,False
2026092818,mert_v0,unweighted,1.0,raw,1,0.14383312528452857,0.4490031779814187,0,0.0,0.0,0.0,0.0,0.0,0,1,0,False,0.0019785402078759395,0.0019785402078759395,0.0019785402078759395,0.0019785402078759395,0.0,0,0,1,False
2026092818,mert_v0,unweighted,1.0,ridge_platt,1,0.1413832682088288,0.44815805128948494,0,-0.0024498570756997795,-0.0024498570756997795,-0.0024498570756997795,-0.0024498570756997795,0.0,1,0,0,False,-0.00047131686782383997,-0.00047131686782383997,-0.00047131686782383997,-0.00047131686782383997,0.0,1,0,0,False
2026092818,mert_v0,unweighted,1.0,temperature,1,0.14402357240988092,0.45156464357151005,0,0.00019044712535234987,0.00019044712535234987,0.00019044712535234987,0.00019044712535234987,0.0,0,0,1,False,0.0021689873332282894,0.0021689873332282894,0.0021689873332282894,0.0021689873332282894,0.0,0,0,1,False
2026092818,mert_v1,ambient_balanced,0.25,beta,5,0.1563504061250919,0.5049410152261681,0,-0.0014792883741101604,-0.002572015458255056,-0.004164294212596148,0.0027572778197160197,0.006921572032312168,4,0,1,True,0.00021324047754872066,8.445079635294173e-06,-0.0014069218980539422,0.0019571476280101086,0.0033640695260640507,2,0,3,True
2026092818,mert_v1,ambient_balanced,0.25,isotonic,5,0.1675514135054606,1.824625740106733,0,0.009721719006258511,0.011364892535336207,0.006636370071869707,0.012065218236464004,0.0054288481645942965,0,0,5,False,0.011414247857917392,0.010413227914210899,0.008341648590288048,0.016051551295691052,0.0077099027054030045,0,0,5,False
2026092818,mert_v1,ambient_balanced,0.25,platt,5,0.15613716564754315,0.5025342757882276,0,-0.001692528851658881,-0.0011650935602011137,-0.004685992138155348,0.0018623098713089203,0.0065483020094642685,4,0,1,True,0.0,0.0,0.0,0.0,0.0,0,5,0,False
2026092818,mert_v1,ambient_balanced,0.25,prior_offset,5,0.1460964969214961,0.45322027778799356,0,-0.011733197577705967,-0.011733197577705967,-0.011733197577705967,-0.011733197577705967,0.0,5,0,0,False,-0.010040668726047086,-0.010568104017504854,-0.013595507449014888,-0.007047205439550619,0.0065483020094642685,5,0,0,False
2026092818,mert_v1,ambient_balanced,0.25,raw,5,0.15782969449920206,0.4826748373272127,0,0.0,0.0,0.0,0.0,0.0,0,5,0,False,0.001692528851658881,0.0011650935602011137,-0.0018623098713089203,0.004685992138155348,0.0065483020094642685,1,0,4,True
2026092818,mert_v1,ambient_balanced,0.25,ridge_platt,5,0.1566198138230715,0.4892886250645244,0,-0.001209880676130548,-8.248207224512139e-05,-0.007003696556327821,0.005239964565304983,0.012243661121632804,3,0,2,True,0.00048264817552833293,0.001643862382725625,-0.00398494755100362,0.00369437577009607,0.00767932332109969,2,0,3,True
2026092818,mert_v1,ambient_balanced,0.25,temperature,5,0.1634569588267768,0.5087840634389885,0,0.005627264327574743,0.005572723885161723,0.0025255006392375656,0.008784570957213494,0.006259070317975929,0,0,5,False,0.007319793179233624,0.007211492777392914,0.003710414013852803,0.011091105675871626,0.007380691662018823,0,0,5,False
2026092818,mert_v1,ambient_balanced,0.5,beta,5,0.1485181055504741,0.4716551869916678,0,-0.009311588948727977,-0.009826510247998355,-0.01012475904933019,-0.0076002161741487995,0.0025245428751813903,5,0,0,False,4.6320147761980125e-05,0.00010327558147826821,-0.0009184566917494474,0.0010089592275685788,0.0019274159193180262,2,0,3,True
2026092818,mert_v1,ambient_balanced,0.5,isotonic,5,0.15716028654792505,1.0643315497647137,0,-0.0006694079512770068,-0.00020003092676160183,-0.0030811701118064194,0.0005222504050320931,0.0036034205168385125,3,0,2,True,0.00868850114521295,0.00852084631794664,0.006848615717670203,0.010419988582188011,0.0035713728645178078,0,0,5,False
2026092818,mert_v1,ambient_balanced,0.5,platt,5,0.14847178540271208,0.4710350893161718,0,-0.009357909096489958,-0.009929785829476623,-0.011133718276898769,-0.0071166933004417066,0.004017024976457062,5,0,0,False,0.0,0.0,0.0,0.0,0.0,0,5,0,False
2026092818,mert_v1,ambient_balanced,0.5,prior_offset,5,0.1460964969214961,0.45322027778799356,0,-0.011733197577705967,-0.011733197577705967,-0.011733197577705967,-0.011733197577705967,0.0,5,0,0,False,-0.002375288481216009,-0.0018034117482293444,-0.004616504277264261,-0.0005994793008071986,0.004017024976457062,5,0,0,False
2026092818,mert_v1,ambient_balanced,0.5,raw,5,0.15782969449920206,0.4826748373272127,0,0.0,0.0,0.0,0.0,0.0,0,5,0,False,0.009357909096489958,0.009929785829476623,0.0071166933004417066,0.011133718276898769,0.004017024976457062,0,0,5,False
2026092818,mert_v1,ambient_balanced,0.5,ridge_platt,5,0.15019457800858432,0.47083897369215943,0,-0.0076351164906177105,-0.007113223535216401,-0.0091084001976115,-0.00619407042212497,0.0029143297754865294,5,0,0,False,0.0017227926058722477,0.0021337180440062775,-0.0011098042846969525,0.003850864097474954,0.004960668382171907,1,0,4,True
2026092818,mert_v1,ambient_balanced,0.5,temperature,5,0.15984696387905178,0.49335602880064455,0,0.0020172693798497397,0.001715925702420018,0.0001916978957563209,0.004569503971486172,0.004377806075729851,0,0,5,False,0.011375178476339698,0.012326677865138164,0.00825422524530492,0.013605405661621744,0.005351180416316825,0,0,5,False
2026092818,mert_v1,ambient_balanced,1.0,beta,1,0.14532941726828771,0.4543163591514008,0,-0.012500277230914347,-0.012500277230914347,-0.012500277230914347,-0.012500277230914347,0.0,1,0,0,False,9.828504482806144e-05,9.828504482806144e-05,9.828504482806144e-05,9.828504482806144e-05,0.0,0,0,1,False
2026092818,mert_v1,ambient_balanced,1.0,isotonic,1,0.15121184857428493,0.8294184224083243,0,-0.006617845924917126,-0.006617845924917126,-0.006617845924917126,-0.006617845924917126,0.0,1,0,0,False,0.0059807163508252825,0.0059807163508252825,0.0059807163508252825,0.0059807163508252825,0.0,0,0,1,False
2026092818,mert_v1,ambient_balanced,1.0,platt,1,0.14523113222345965,0.4562582256177275,0,-0.012598562275742409,-0.012598562275742409,-0.012598562275742409,-0.012598562275742409,0.0,1,0,0,False,0.0,0.0,0.0,0.0,0.0,0,1,0,False
2026092818,mert_v1,ambient_balanced,1.0,prior_offset,1,0.1460964969214961,0.45322027778799356,0,-0.011733197577705967,-0.011733197577705967,-0.011733197577705967,-0.011733197577705967,0.0,1,0,0,False,0.0008653646980364416,0.0008653646980364416,0.0008653646980364416,0.0008653646980364416,0.0,0,0,1,False
2026092818,mert_v1,ambient_balanced,1.0,raw,1,0.15782969449920206,0.4826748373272127,0,0.0,0.0,0.0,0.0,0.0,0,1,0,False,0.012598562275742409,0.012598562275742409,0.012598562275742409,0.012598562275742409,0.0,0,0,1,False
2026092818,mert_v1,ambient_balanced,1.0,ridge_platt,1,0.14533753045079933,0.45456082157661726,0,-0.012492164048402726,-0.012492164048402726,-0.012492164048402726,-0.012492164048402726,0.0,1,0,0,False,0.0001063982273396824,0.0001063982273396824,0.0001063982273396824,0.0001063982273396824,0.0,0,0,1,False
2026092818,mert_v1,ambient_balanced,1.0,temperature,1,0.1584686544559426,0.48551329061465426,0,0.0006389599567405424,0.0006389599567405424,0.0006389599567405424,0.0006389599567405424,0.0,0,0,1,False,0.013237522232482951,0.013237522232482951,0.013237522232482951,0.013237522232482951,0.0,0,0,1,False
2026092818,mert_v1,unweighted,0.25,beta,5,0.15579852096612495,0.50387058357674,0,0.010187566402798892,0.010092570020796582,0.00781984251714063,0.013155281981839906,0.0053354394646992764,0,0,5,False,-3.389877175411504e-05,-0.00010863586443934925,-0.0013325986142665447,0.0015128231274863513,0.002845421741752896,4,0,1,True
2026092818,mert_v1,unweighted,0.25,isotonic,5,0.1657573037078827,1.792055033329606,0,0.020146349144556597,0.020439493261334235,0.01791860365384207,0.023429514775370863,0.005510911121528794,0,0,5,False,0.00992488397000359,0.011190597325631157,0.004654685807562814,0.012469047022139634,0.00781436121457682,0,0,5,False
2026092818,mert_v1,unweighted,0.25,platt,5,0.15583241973787906,0.5021896813244416,0,0.010221465174553006,0.01137753221692378,0.007070260935304273,0.013263917846279255,0.006193656910974982,0,0,5,False,0.0,0.0,0.0,0.0,0.0,0,5,0,False
2026092818,mert_v1,unweighted,0.25,prior_offset,5,0.14561095456332607,0.4521780377046617,0,0.0,0.0,0.0,0.0,0.0,0,5,0,False,-0.010221465174553006,-0.01137753221692378,-0.013263917846279255,-0.007070260935304273,0.006193656910974982,5,0,0,False
2026092818,mert_v1,unweighted,0.25,raw,5,0.14561095456332607,0.4521780377046617,0,0.0,0.0,0.0,0.0,0.0,0,5,0,False,-0.010221465174553006,-0.01137753221692378,-0.013263917846279255,-0.007070260935304273,0.006193656910974982,5,0,0,False
2026092818,mert_v1,unweighted,0.25,ridge_platt,5,0.14936667019330216,0.47181111075548976,0,0.003755715629976103,0.005210548373288715,-0.00010653997534354476,0.007014830748627604,0.007121370723971149,1,0,4,True,-0.006465749544576904,-0.006249087097651651,-0.007176800910647818,-0.005905565856235417,0.0012712350544124007,5,0,0,False
2026092818,mert_v1,unweighted,0.25,temperature,5,0.15247387570767848,0.482511516591449,0,0.006862921144352402,0.006764938355570599,0.0023094495975142237,0.012974666845514238,0.010665217248000014,0,0,5,False,-0.0033585440302006052,-0.003939710560934118,-0.008483824997245315,0.0015971346285904575,0.010080959625835773,4,0,1,True
2026092818,mert_v1,unweighted,0.5,beta,5,0.1481404566733546,0.47120399123573103,0,0.0025295021100285144,0.0023359984408282963,0.0009161986005463418,0.004338911235751225,0.003422712635204883,0,0,5,False,6.656839545315373e-05,0.00014422173508779612,-0.0005965977510609954,0.0006169877912825805,0.001213585542343576,2,0,3,True
2026092818,mert_v1,unweighted,0.5,isotonic,5,0.15657772948812157,1.115367498392981,0,0.010966774924795503,0.011371247422889724,0.009329779886708606,0.011980111361805934,0.0026503314750973284,0,0,5,False,0.008503841210220141,0.00769917006874421,0.006083452127891187,0.010825868819216794,0.004742416691325607,0,0,5,False
2026092818,mert_v1,unweighted,0.5,platt,5,0.14807388827790144,0.47059331723538234,0,0.0024629337145753603,0.002018335408891264,0.0007719768654585457,0.00448834406573187,0.003716367200273324,0,0,5,False,0.0,0.0,0.0,0.0,0.0,0,5,0,False
2026092818,mert_v1,unweighted,0.5,prior_offset,5,0.14561095456332607,0.4521780377046617,0,0.0,0.0,0.0,0.0,0.0,0,5,0,False,-0.0024629337145753603,-0.002018335408891264,-0.00448834406573187,-0.0007719768654585457,0.003716367200273324,5,0,0,False
2026092818,mert_v1,unweighted,0.5,raw,5,0.14561095456332607,0.4521780377046617,0,0.0,0.0,0.0,0.0,0.0,0,5,0,False,-0.0024629337145753603,-0.002018335408891264,-0.00448834406573187,-0.0007719768654585457,0.003716367200273324,5,0,0,False
2026092818,mert_v1,unweighted,0.5,ridge_platt,5,0.14708547188351181,0.46325548056218846,0,0.0014745173201857697,0.0012106050267675639,-0.001146282207319993,0.004719730030312647,0.00586601223763264,2,0,3,True,-0.0009884163943895906,-0.0011344536051821341,-0.0021771177427464816,0.00023138596458077698,0.0024085037073272586,3,0,2,True
2026092818,mert_v1,unweighted,0.5,temperature,5,0.1477935523481287,0.46479903742586987,0,0.002182597784802648,0.0018402755501105983,0.0004855232363242812,0.004499636343210489,0.004014113106886208,0,0,5,False,-0.0002803359297727126,0.0006178666530045063,-0.0028332296020686654,0.0016604624652461208,0.004493692067314786,2,0,3,True
2026092818,mert_v1,unweighted,1.0,beta,1,0.145305085170261,0.454856865295996,0,-0.0003058693930650669,-0.0003058693930650669,-0.0003058693930650669,-0.0003058693930650669,0.0,1,0,0,False,0.0003591607191661961,0.0003591607191661961,0.0003591607191661961,0.0003591607191661961,0.0,0,0,1,False
2026092818,mert_v1,unweighted,1.0,isotonic,1,0.1508590223016094,0.829899420341592,0,0.005248067738283346,0.005248067738283346,0.005248067738283346,0.005248067738283346,0.0,0,0,1,False,0.005913097850514609,0.005913097850514609,0.005913097850514609,0.005913097850514609,0.0,0,0,1,False
2026092818,mert_v1,unweighted,1.0,platt,1,0.1449459244510948,0.4560952255870855,0,-0.000665030112231263,-0.000665030112231263,-0.000665030112231263,-0.000665030112231263,0.0,1,0,0,False,0.0,0.0,0.0,0.0,0.0,0,1,0,False
2026092818,mert_v1,unweighted,1.0,prior_offset,1,0.14561095456332607,0.4521780377046617,0,0.0,0.0,0.0,0.0,0.0,0,1,0,False,0.000665030112231263,0.000665030112231263,0.000665030112231263,0.000665030112231263,0.0,0,0,1,False
2026092818,mert_v1,unweighted,1.0,raw,1,0.14561095456332607,0.4521780377046617,0,0.0,0.0,0.0,0.0,0.0,0,1,0,False,0.000665030112231263,0.000665030112231263,0.000665030112231263,0.000665030112231263,0.0,0,0,1,False
2026092818,mert_v1,unweighted,1.0,ridge_platt,1,0.14451983846428196,0.4529691998916161,0,-0.0010911160990441093,-0.0010911160990441093,-0.0010911160990441093,-0.0010911160990441093,0.0,1,0,0,False,-0.0004260859868128464,-0.0004260859868128464,-0.0004260859868128464,-0.0004260859868128464,0.0,1,0,0,False
2026092818,mert_v1,unweighted,1.0,temperature,1,0.14627789125263216,0.4565057980360582,0,0.0006669366893060913,0.0006669366893060913,0.0006669366893060913,0.0006669366893060913,0.0,0,0,1,False,0.0013319668015373543,0.0013319668015373543,0.0013319668015373543,0.0013319668015373543,0.0,0,0,1,False
2026092819,maest,ambient_balanced,0.25,beta,5,0.1517682747767643,0.48341715151379283,0,0.0048494575119830356,0.0057700267651295545,0.0012045621810757856,0.007099122654533385,0.0058945604734576,0,0,5,False,-6.685788231214352e-06,0.0005775884162241562,-0.0019812827173958936,0.0011331970802120894,0.003114479797607983,2,0,3,True
2026092819,maest,ambient_balanced,0.25,isotonic,5,0.15816825131312712,1.2796761676939226,0,0.01124943404834582,0.011120943538728362,0.007161310779734836,0.013637328199499671,0.006476017419764835,0,0,5,False,0.006393290748131569,0.008864623281580997,-0.0005899987027906117,0.010110942818349733,0.010700941521140345,1,0,4,True
2026092819,maest,ambient_balanced,0.25,platt,5,0.15177496056499554,0.48194977960962637,0,0.0048561433002142496,0.004772704917918674,0.0020494342254857023,0.007751309482525448,0.005701875257039746,0,0,5,False,0.0,0.0,0.0,0.0,0.0,0,5,0,False
2026092819,maest,ambient_balanced,0.25,prior_offset,5,0.14312353402871858,0.44364711859618533,0,-0.00379528323606268,-0.00379528323606268,-0.00379528323606268,-0.00379528323606268,0.0,5,0,0,False,-0.00865142653627693,-0.008567988153981354,-0.011546592718588128,-0.005844717461548382,0.005701875257039746,5,0,0,False
2026092819,maest,ambient_balanced,0.25,raw,5,0.14691881726478126,0.45545795342406165,0,0.0,0.0,0.0,0.0,0.0,0,5,0,False,-0.0048561433002142496,-0.004772704917918674,-0.007751309482525448,-0.0020494342254857023,0.005701875257039746,5,0,0,False
2026092819,maest,ambient_balanced,0.25,ridge_platt,5,0.14651322836538042,0.45929670661982624,0,-0.0004055888994008494,-0.0024441254396249668,-0.00385225956721702,0.003843243452313322,0.007695503019530342,3,0,2,True,-0.005261732199615099,-0.005629859076457161,-0.007962865468450459,-0.002678290785995907,0.005284574682454551,5,0,0,False
2026092819,maest,ambient_balanced,0.25,temperature,5,0.1497878041308735,0.4741686016448982,0,0.002868986866092277,0.0023292870016057843,0.0014126887654782039,0.006277419974276499,0.004864731208798295,0,0,5,False,-0.0019871564341219727,-0.00085644663522641,-0.004895162771478029,-0.00024411426403272984,0.004651048507445299,5,0,0,False
2026092819,maest,ambient_balanced,0.5,beta,5,0.14923451129342613,0.4755661381180639,0,0.0023156940286448656,0.002781095879287321,-0.001206279985107167,0.0065916745276431155,0.0077979545127502825,1,0,4,True,0.0005978812503711961,0.00042887337831848393,0.00035735510077428145,0.0010937639647266573,0.0007364088639523758,0,0,5,False
2026092819,maest,ambient_balanced,0.5,isotonic,5,0.1540040658879628,1.1442689616797979,0,0.007085248623181567,0.006770876726710562,0.0017312534758921194,0.010723631910037279,0.00899237843414516,0,0,5,False,0.005367435844907897,0.004336319108579956,0.0033254881201340847,0.008663995179651718,0.005338507059517633,0,0,5,False
2026092819,maest,ambient_balanced,0.5,platt,5,0.1486366300430549,0.4703149100077281,0,0.0017178127782736697,0.002059636730385561,-0.0015942346442419653,0.005497910562916458,0.0070921452071584234,2,0,3,True,0.0,0.0,0.0,0.0,0.0,0,5,0,False
2026092819,maest,ambient_balanced,0.5,prior_offset,5,0.14312353402871858,0.44364711859618533,0,-0.00379528323606268,-0.00379528323606268,-0.00379528323606268,-0.00379528323606268,0.0,5,0,0,False,-0.005513096014336349,-0.005854919966448241,-0.009293193798979138,-0.0022010485918207146,0.0070921452071584234,5,0,0,False
2026092819,maest,ambient_balanced,0.5,raw,5,0.14691881726478126,0.45545795342406165,0,0.0,0.0,0.0,0.0,0.0,0,5,0,False,-0.0017178127782736697,-0.002059636730385561,-0.005497910562916458,0.0015942346442419653,0.0070921452071584234,3,0,2,True
2026092819,maest,ambient_balanced,0.5,ridge_platt,5,0.1460034305178846,0.45846577958416646,0,-0.0009153867468966459,-0.00028501042694861756,-0.004351938455233018,0.0011836467956979624,0.00553558525093098,3,0,2,True,-0.0026331995251703154,-0.002413088693299842,-0.004314263767218496,-0.0013362941970080089,0.002977969570210487,5,0,0,False
2026092819,maest,ambient_balanced,0.5,temperature,5,0.14960526252083303,0.47419580193911665,0,0.0026864452560517726,0.0026106359282276337,0.0017113931040717845,0.0037669287138351604,0.002055535609763376,0,0,5,False,0.000968632477778103,0.0005509991978420725,-0.0025650861208253717,0.003926454813042685,0.006491540933868056,2,0,3,True
2026092819,maest,ambient_balanced,1.0,beta,1,0.14653534568750573,0.45905566756955996,0,-0.0003834715772755293,-0.0003834715772755293,-0.0003834715772755293,-0.0003834715772755293,0.0,1,0,0,False,0.0012106339086620788,0.0012106339086620788,0.0012106339086620788,0.0012106339086620788,0.0,0,0,1,False
2026092819,maest,ambient_balanced,1.0,isotonic,1,0.15256250055720338,0.8539929696979145,0,0.005643683292422125,0.005643683292422125,0.005643683292422125,0.005643683292422125,0.0,0,0,1,False,0.007237788778359733,0.007237788778359733,0.007237788778359733,0.007237788778359733,0.0,0,0,1,False
2026092819,maest,ambient_balanced,1.0,platt,1,0.14532471177884365,0.45224482201161564,0,-0.001594105485937608,-0.001594105485937608,-0.001594105485937608,-0.001594105485937608,0.0,1,0,0,False,0.0,0.0,0.0,0.0,0.0,0,1,0,False
2026092819,maest,ambient_balanced,1.0,prior_offset,1,0.14312353402871858,0.4436471185961853,0,-0.00379528323606268,-0.00379528323606268,-0.00379528323606268,-0.00379528323606268,0.0,1,0,0,False,-0.0022011777501250718,-0.0022011777501250718,-0.0022011777501250718,-0.0022011777501250718,0.0,1,0,0,False
2026092819,maest,ambient_balanced,1.0,raw,1,0.14691881726478126,0.4554579534240617,0,0.0,0.0,0.0,0.0,0.0,0,1,0,False,0.001594105485937608,0.001594105485937608,0.001594105485937608,0.001594105485937608,0.0,0,0,1,False
2026092819,maest,ambient_balanced,1.0,ridge_platt,1,0.14347065667702796,0.4473160853773729,0,-0.003448160587753296,-0.003448160587753296,-0.003448160587753296,-0.003448160587753296,0.0,1,0,0,False,-0.0018540551018156881,-0.0018540551018156881,-0.0018540551018156881,-0.0018540551018156881,0.0,1,0,0,False
2026092819,maest,ambient_balanced,1.0,temperature,1,0.1481933822491797,0.4623063687710621,0,0.0012745649843984297,0.0012745649843984297,0.0012745649843984297,0.0012745649843984297,0.0,0,0,1,False,0.0028686704703360377,0.0028686704703360377,0.0028686704703360377,0.0028686704703360377,0.0,0,0,1,False
2026092819,maest,unweighted,0.25,beta,5,0.1520515359178395,0.48455890577423466,0,0.010136712171689105,0.010522969165075002,0.006483243788363929,0.012475353061415478,0.005992109273051549,0,0,5,False,0.00034736208813720417,0.0009627556893462008,-0.0013135411919634465,0.0016190425353433402,0.0029325837273067867,2,0,3,True
2026092819,maest,unweighted,0.25,isotonic,5,0.15809572726193039,1.267647257040337,0,0.01618090351577998,0.015691730113302327,0.01224216996012864,0.01872204290274654,0.006479872942617898,0,0,5,False,0.006391553432228081,0.008537331279808491,-0.0002834712547284679,0.01028660515430646,0.010570076409034929,1,0,4,True
2026092819,maest,unweighted,0.25,platt,5,0.1517041738297023,0.48163031079869256,0,0.0097893500835519,0.009483873662225667,0.0070537858832533384,0.012525641214857108,0.00547185533160377,0,0,5,False,0.0,0.0,0.0,0.0,0.0,0,5,0,False
2026092819,maest,unweighted,0.25,prior_offset,5,0.1419148237461504,0.4400306833366228,0,0.0,0.0,0.0,0.0,0.0,0,5,0,False,-0.0097893500835519,-0.009483873662225667,-0.012525641214857108,-0.0070537858832533384,0.00547185533160377,5,0,0,False
2026092819,maest,unweighted,0.25,raw,5,0.1419148237461504,0.4400306833366228,0,0.0,0.0,0.0,0.0,0.0,0,5,0,False,-0.0097893500835519,-0.009483873662225667,-0.012525641214857108,-0.0070537858832533384,0.00547185533160377,5,0,0,False
2026092819,maest,unweighted,0.25,ridge_platt,5,0.1460627893491215,0.4571937744758075,0,0.004147965602971137,0.0022967869101966354,0.00040071213681672213,0.009195900162239146,0.008795188025422424,0,0,5,False,-0.005641384480580764,-0.006653073746436616,-0.007914112820138819,-0.002316697209830132,0.005597415610308687,5,0,0,False
2026092819,maest,unweighted,0.25,temperature,5,0.1434662703402706,0.45555854219306163,0,0.001551446594120215,0.0012264725792001663,0.0008261666288316427,0.003259843487438574,0.0024336768586069313,0,0,5,False,-0.008237903489431686,-0.008252753884630704,-0.011337909999620727,-0.005827313304053172,0.0055105966955675545,5,0,0,False
2026092819,maest,unweighted,0.5,beta,5,0.1491651859322754,0.47544132154266433,0,0.007250362186124992,0.007592474514268421,0.003923135128340721,0.011359334285371031,0.00743619915703031,0,0,5,False,0.0006705110582380158,0.0005706409949862989,0.0001710105785028837,0.0010912054704761143,0.0009201948919732306,0,0,5,False
2026092819,maest,unweighted,0.5,isotonic,5,0.15378892951745354,1.1506484920117697,0,0.011874105771303173,0.011455494633363955,0.00696880898332608,0.015033057793992777,0.008064248810666697,0,0,5,False,0.005294254643416196,0.004364198396466207,0.003616314849971658,0.007905375860444347,0.004289061010472689,0,0,5,False
2026092819,maest,unweighted,0.5,platt,5,0.14849467487403736,0.4697584689107261,0,0.0065798511278869765,0.00712768193354843,0.0033524941333544223,0.010330588543842806,0.0069780944104883835,0,0,5,False,0.0,0.0,0.0,0.0,0.0,0,5,0,False
2026092819,maest,unweighted,0.5,prior_offset,5,0.1419148237461504,0.4400306833366228,0,0.0,0.0,0.0,0.0,0.0,0,5,0,False,-0.0065798511278869765,-0.00712768193354843,-0.010330588543842806,-0.0033524941333544223,0.0069780944104883835,5,0,0,False
2026092819,maest,unweighted,0.5,raw,5,0.1419148237461504,0.4400306833366228,0,0.0,0.0,0.0,0.0,0.0,0,5,0,False,-0.0065798511278869765,-0.00712768193354843,-0.010330588543842806,-0.0033524941333544223,0.0069780944104883835,5,0,0,False
2026092819,maest,unweighted,0.5,ridge_platt,5,0.1457641444416632,0.45710348367096565,0,0.003849320695512792,0.004382164956891504,0.0005090056056667458,0.006016324776624338,0.005507319170957592,0,0,5,False,-0.0027305304323741843,-0.0027455169766569254,-0.004314263767218468,-0.0013362941970080089,0.002977969570210459,5,0,0,False
2026092819,maest,unweighted,0.5,temperature,5,0.14310099403295018,0.4550927592861906,0,0.0011861702867997869,0.0013842313150637664,0.0004230618802930908,0.002009772007945887,0.0015867101276527962,0,0,5,False,-0.005393680841087189,-0.005585070066812831,-0.00894635722877904,-0.0026572550849778,0.0062891021438012396,5,0,0,False
2026092819,maest,unweighted,1.0,beta,1,0.14653924157171241,0.4589649554557115,0,0.004624417825562027,0.004624417825562027,0.004624417825562027,0.004624417825562027,0.0,0,0,1,False,0.0012840804616954526,0.0012840804616954526,0.0012840804616954526,0.0012840804616954526,0.0,0,0,1,False
2026092819,maest,unweighted,1.0,isotonic,1,0.15184554854431326,0.8516969839171388,0,0.009930724798162871,0.009930724798162871,0.009930724798162871,0.009930724798162871,0.0,0,0,1,False,0.0065903874342962965,0.0065903874342962965,0.0065903874342962965,0.0065903874342962965,0.0,0,0,1,False
2026092819,maest,unweighted,1.0,platt,1,0.14525516111001696,0.45191800888074096,0,0.0033403373638665745,0.0033403373638665745,0.0033403373638665745,0.0033403373638665745,0.0,0,0,1,False,0.0,0.0,0.0,0.0,0.0,0,1,0,False
2026092819,maest,unweighted,1.0,prior_offset,1,0.1419148237461504,0.4400306833366228,0,0.0,0.0,0.0,0.0,0.0,0,1,0,False,-0.0033403373638665745,-0.0033403373638665745,-0.0033403373638665745,-0.0033403373638665745,0.0,1,0,0,False
2026092819,maest,unweighted,1.0,raw,1,0.1419148237461504,0.4400306833366228,0,0.0,0.0,0.0,0.0,0.0,0,1,0,False,-0.0033403373638665745,-0.0033403373638665745,-0.0033403373638665745,-0.0033403373638665745,0.0,1,0,0,False
2026092819,maest,unweighted,1.0,ridge_platt,1,0.14379510667589054,0.4475770237222596,0,0.0018802829297401569,0.0018802829297401569,0.0018802829297401569,0.0018802829297401569,0.0,0,0,1,False,-0.0014600544341264177,-0.0014600544341264177,-0.0014600544341264177,-0.0014600544341264177,0.0,1,0,0,False
2026092819,maest,unweighted,1.0,temperature,1,0.1419202780282497,0.4433583339262744,0,5.4542820993042085e-06,5.4542820993042085e-06,5.4542820993042085e-06,5.4542820993042085e-06,0.0,0,0,1,False,-0.0033348830817672703,-0.0033348830817672703,-0.0033348830817672703,-0.0033348830817672703,0.0,1,0,0,False
2026092819,mert_v0,ambient_balanced,0.25,beta,5,0.15751889241753236,0.49573608531222535,0,-0.0025827337408567295,-0.0036959087918054245,-0.0045530994791593005,-7.953719702680218e-05,0.004473562282132498,5,0,0,False,0.00014885461896532726,-0.00040671796845592745,-0.001771016541698811,0.002673236943075613,0.004444253484774424,3,0,2,True
2026092819,mert_v0,ambient_balanced,0.25,isotonic,5,0.16299343679028358,1.2597145463345152,0,0.002891810631894498,0.003357705935818356,-0.0029272540073581044,0.007954198979886362,0.010881452987244467,1,0,4,True,0.005623398991716555,0.005056958069111328,0.0009540128177822349,0.0143233447147674,0.013369331896985165,0,0,5,False
2026092819,mert_v0,ambient_balanced,0.25,platt,5,0.157370037798567,0.49857599146515186,0,-0.0027315883598220568,-0.0038812668251403393,-0.006369145734881038,0.0014738780990029565,0.007843023833883994,4,0,1,True,0.0,0.0,0.0,0.0,0.0,0,5,0,False
2026092819,mert_v0,ambient_balanced,0.25,prior_offset,5,0.15170958053430864,0.46755681261485443,0,-0.00839204562408044,-0.00839204562408044,-0.00839204562408044,-0.00839204562408044,0.0,5,0,0,False,-0.005660457264258384,-0.004510778798940102,-0.009865923723083397,-0.0020228998891994032,0.007843023833883994,5,0,0,False
2026092819,mert_v0,ambient_balanced,0.25,raw,5,0.16010162615838908,0.49015895653461017,0,0.0,0.0,0.0,0.0,0.0,0,5,0,False,0.0027315883598220568,0.0038812668251403393,-0.0014738780990029565,0.006369145734881038,0.007843023833883994,1,0,4,True
2026092819,mert_v0,ambient_balanced,0.25,ridge_platt,5,0.15390090914365098,0.48171157012182164,0,-0.006200717014738094,-0.006762821526824808,-0.008812725048913284,-0.0037213937890211435,0.00509133125989214,5,0,0,False,-0.0034691286549160373,-0.0038756969027705923,-0.0051952718880241,-0.00039367579194377056,0.0048015960960803294,5,0,0,False
2026092819,mert_v0,ambient_balanced,0.25,temperature,5,0.1633389921055423,0.512660640937779,0,0.0032373659471532368,0.003134922074254587,0.002489184400799288,0.00447671707591768,0.001987532675118392,0,0,5,False,0.0059689543069752935,0.006370451225939627,0.0020846404295465637,0.010845862810798718,0.008761222381252154,0,0,5,False
2026092819,mert_v0,ambient_balanced,0.5,beta,5,0.15534110425194472,0.48775209249658147,0,-0.0047605219064443816,-0.004337811941662301,-0.0068126483876692345,-0.002705991752108061,0.004106656635561173,5,0,0,False,6.523626980345921e-05,-0.0006519563165878484,-0.0007405176761855481,0.0019528322311158364,0.0026933499073013845,3,0,2,True
2026092819,mert_v0,ambient_balanced,0.5,isotonic,5,0.15721897713376326,0.9948348258046981,0,-0.0028826490246258,-0.002186354496436199,-0.006271775131775542,-2.9698706187603063e-05,0.006242076425587939,5,0,0,False,0.001943109151622041,0.0020243367293326098,-0.0001996444202918557,0.004104289676341938,0.0043039340966337936,1,0,4,True
2026092819,mert_v0,ambient_balanced,0.5,platt,5,0.15527586798214124,0.4893064907548643,0,-0.00482575817624784,-0.0060721307114836864,-0.006290644172778137,-0.002054035435520213,0.004236608737257924,5,0,0,False,0.0,0.0,0.0,0.0,0.0,0,5,0,False
2026092819,mert_v0,ambient_balanced,0.5,prior_offset,5,0.15170958053430864,0.46755681261485443,0,-0.00839204562408044,-0.00839204562408044,-0.00839204562408044,-0.00839204562408044,0.0,5,0,0,False,-0.0035662874478326,-0.0023199149125967544,-0.006338010188560228,-0.002101401451302304,0.004236608737257924,5,0,0,False
2026092819,mert_v0,ambient_balanced,0.5,raw,5,0.16010162615838908,0.49015895653461017,0,0.0,0.0,0.0,0.0,0.0,0,5,0,False,0.00482575817624784,0.0060721307114836864,0.002054035435520213,0.006290644172778137,0.004236608737257924,0,0,5,False
2026092819,mert_v0,ambient_balanced,0.5,ridge_platt,5,0.15320592438444602,0.47650775558803043,0,-0.006895701773943064,-0.006560345722552041,-0.008552844239761048,-0.004860315233227275,0.0036925290065337735,5,0,0,False,-0.002069943597695223,-0.0023465338294396676,-0.0028244688040291177,-0.00026970154977390415,0.0025547672542552136,5,0,0,False
2026092819,mert_v0,ambient_balanced,0.5,temperature,5,0.1623834716912234,0.5087223476335618,0,0.0022818455328343424,0.002355674898242538,0.0014116947121164125,0.003713803797148446,0.0023021090850320336,0,0,5,False,0.007107603709082183,0.007483825423600099,0.005767839232668659,0.008695858450637695,0.0029280192179690356,0,0,5,False
2026092819,mert_v0,ambient_balanced,1.0,beta,1,0.15290263858125783,0.4748284633923249,0,-0.0071989875771312495,-0.0071989875771312495,-0.0071989875771312495,-0.0071989875771312495,0.0,1,0,0,False,0.0005568615797233167,0.0005568615797233167,0.0005568615797233167,0.0005568615797233167,0.0,0,0,1,False
2026092819,mert_v0,ambient_balanced,1.0,isotonic,1,0.15586969242729723,0.8984275873875208,0,-0.004231933731091847,-0.004231933731091847,-0.004231933731091847,-0.004231933731091847,0.0,1,0,0,False,0.003523915425762719,0.003523915425762719,0.003523915425762719,0.003523915425762719,0.0,0,0,1,False
2026092819,mert_v0,ambient_balanced,1.0,platt,1,0.1523457770015345,0.47406767668851224,0,-0.007755849156854566,-0.007755849156854566,-0.007755849156854566,-0.007755849156854566,0.0,1,0,0,False,0.0,0.0,0.0,0.0,0.0,0,1,0,False
2026092819,mert_v0,ambient_balanced,1.0,prior_offset,1,0.15170958053430864,0.46755681261485443,0,-0.00839204562408044,-0.00839204562408044,-0.00839204562408044,-0.00839204562408044,0.0,1,0,0,False,-0.0006361964672258746,-0.0006361964672258746,-0.0006361964672258746,-0.0006361964672258746,0.0,1,0,0,False
2026092819,mert_v0,ambient_balanced,1.0,raw,1,0.16010162615838908,0.4901589565346102,0,0.0,0.0,0.0,0.0,0.0,0,1,0,False,0.007755849156854566,0.007755849156854566,0.007755849156854566,0.007755849156854566,0.0,0,0,1,False
2026092819,mert_v0,ambient_balanced,1.0,ridge_platt,1,0.15167069826872934,0.47139807609945156,0,-0.00843092788965974,-0.00843092788965974,-0.00843092788965974,-0.00843092788965974,0.0,1,0,0,False,-0.0006750787328051733,-0.0006750787328051733,-0.0006750787328051733,-0.0006750787328051733,0.0,1,0,0,False
2026092819,mert_v0,ambient_balanced,1.0,temperature,1,0.16084145738518893,0.496969057330218,0,0.000739831226799853,0.000739831226799853,0.000739831226799853,0.000739831226799853,0.0,0,0,1,False,0.00849568038365442,0.00849568038365442,0.00849568038365442,0.00849568038365442,0.0,0,0,1,False
2026092819,mert_v0,unweighted,0.25,beta,5,0.15792854788125973,0.497607797298467,0,0.006948683351559165,0.006391922819928841,0.0047285588570454284,0.009556366461477311,0.004827807604431883,0,0,5,False,0.0006195455470886013,4.313581930856514e-05,-0.0011335602483290852,0.003519259352526366,0.004652819600855451,2,0,3,True
2026092819,mert_v0,unweighted,0.25,isotonic,5,0.1633039174985284,1.267157167093178,0,0.012324052968827843,0.01271518251275,0.005849577145123408,0.018178275298521035,0.012328698153397627,0,0,5,False,0.005994915164357279,0.00527523117039444,0.0008213648856647271,0.01530561183111856,0.014484246945453833,0,0,5,False
2026092819,mert_v0,unweighted,0.25,platt,5,0.15730900233417114,0.49859253046967567,0,0.006329137804470563,0.005028212259458681,0.0028726634674024754,0.010689926709806397,0.007817263242403921,0,0,5,False,0.0,0.0,0.0,0.0,0.0,0,5,0,False
2026092819,mert_v0,unweighted,0.25,prior_offset,5,0.15097986452970058,0.4663225851807355,0,0.0,0.0,0.0,0.0,0.0,0,5,0,False,-0.006329137804470563,-0.005028212259458681,-0.010689926709806397,-0.0028726634674024754,0.007817263242403921,5,0,0,False
2026092819,mert_v0,unweighted,0.25,raw,5,0.15097986452970058,0.4663225851807355,0,0.0,0.0,0.0,0.0,0.0,0,5,0,False,-0.006329137804470563,-0.005028212259458681,-0.010689926709806397,-0.0028726634674024754,0.007817263242403921,5,0,0,False
2026092819,mert_v0,unweighted,0.25,ridge_platt,5,0.1529556362909433,0.4791845485034698,0,0.0019757717612427284,0.0020297189893281886,-1.877527686838798e-05,0.005494654821782352,0.00551343009865074,1,0,4,True,-0.004353366043227835,-0.004957928423320046,-0.005938284144329065,-0.0008429444780742867,0.005095339666254778,5,0,0,False
2026092819,mert_v0,unweighted,0.25,temperature,5,0.15412794551972242,0.4881907905869789,0,0.003148080990021851,0.003153868355886852,0.002659140085377404,0.0034943671455351377,0.0008352270601577338,0,0,5,False,-0.0031810568144487127,-0.002369072174081277,-0.007536058353919545,0.00047584467124109353,0.008011903025160638,4,0,1,True
2026092819,mert_v0,unweighted,0.5,beta,5,0.15544364735566524,0.4885354557597853,0,0.0044637828259646295,0.005101646703983692,0.002709371067336236,0.006471010650367592,0.0037616395830313565,0,0,5,False,0.00032793050435006024,-0.000263685248080181,-0.0003423393211837711,0.002513223322800323,0.002855562643984094,3,0,2,True
2026092819,mert_v0,unweighted,0.5,isotonic,5,0.15734852573639635,0.9952883474700259,0,0.006368661206695758,0.005859184807015416,0.0028535961553724787,0.00939970982965882,0.006546113674286341,0,0,5,False,0.002232808885081189,0.0025863598581074565,-0.00011946016004393822,0.003691082553315267,0.003810542713359205,1,0,4,True
2026092819,mert_v0,unweighted,0.5,platt,5,0.15511571685131514,0.48904807340323214,0,0.004135852321614569,0.002973056315416417,0.002588423381183369,0.0068133499715513635,0.0042249265903679945,0,0,5,False,0.0,0.0,0.0,0.0,0.0,0,5,0,False
2026092819,mert_v0,unweighted,0.5,prior_offset,5,0.15097986452970058,0.4663225851807355,0,0.0,0.0,0.0,0.0,0.0,0,5,0,False,-0.004135852321614569,-0.002973056315416417,-0.0068133499715513635,-0.002588423381183369,0.0042249265903679945,5,0,0,False
2026092819,mert_v0,unweighted,0.5,raw,5,0.15097986452970058,0.4663225851807355,0,0.0,0.0,0.0,0.0,0.0,0,5,0,False,-0.004135852321614569,-0.002973056315416417,-0.0068133499715513635,-0.002588423381183369,0.0042249265903679945,5,0,0,False
2026092819,mert_v0,unweighted,0.5,ridge_platt,5,0.15259055417193523,0.4746154008871001,0,0.0016106896422346528,0.0008058014914319456,0.00019506636409913347,0.0040070701738443015,0.003812003809745168,0,0,5,False,-0.0025251626793799165,-0.0025694115857074207,-0.0028948933404016053,-0.0021672548239844713,0.000727638516417134,5,0,0,False
2026092819,mert_v0,unweighted,0.5,temperature,5,0.15339166949254152,0.485114868565016,0,0.0024118049628409134,0.0021043009393858225,0.0013215000046566117,0.004276170822422404,0.002954670817765792,0,0,5,False,-0.001724047358773656,-0.0016515563107598052,-0.002826059743117587,-0.0004841224417975465,0.0023419373013200406,5,0,0,False
2026092819,mert_v0,unweighted,1.0,beta,1,0.1524051567104401,0.4733787748255973,0,0.0014252921807395291,0.0014252921807395291,0.0014252921807395291,0.0014252921807395291,0.0,0,0,1,False,0.0001873765107785752,0.0001873765107785752,0.0001873765107785752,0.0001873765107785752,0.0,0,0,1,False
2026092819,mert_v0,unweighted,1.0,isotonic,1,0.15603613063794455,0.8999365352792679,0,0.005056266108243973,0.005056266108243973,0.005056266108243973,0.005056266108243973,0.0,0,0,1,False,0.003818350438283019,0.003818350438283019,0.003818350438283019,0.003818350438283019,0.0,0,0,1,False
2026092819,mert_v0,unweighted,1.0,platt,1,0.15221778019966153,0.47395879046060957,0,0.001237915669960954,0.001237915669960954,0.001237915669960954,0.001237915669960954,0.0,0,0,1,False,0.0,0.0,0.0,0.0,0.0,0,1,0,False
2026092819,mert_v0,unweighted,1.0,prior_offset,1,0.15097986452970058,0.4663225851807355,0,0.0,0.0,0.0,0.0,0.0,0,1,0,False,-0.001237915669960954,-0.001237915669960954,-0.001237915669960954,-0.001237915669960954,0.0,1,0,0,False
2026092819,mert_v0,unweighted,1.0,raw,1,0.15097986452970058,0.4663225851807355,0,0.0,0.0,0.0,0.0,0.0,0,1,0,False,-0.001237915669960954,-0.001237915669960954,-0.001237915669960954,-0.001237915669960954,0.0,1,0,0,False
2026092819,mert_v0,unweighted,1.0,ridge_platt,1,0.15123744403833977,0.4699876753368979,0,0.0002575795086391941,0.0002575795086391941,0.0002575795086391941,0.0002575795086391941,0.0,0,0,1,False,-0.0009803361613217598,-0.0009803361613217598,-0.0009803361613217598,-0.0009803361613217598,0.0,1,0,0,False
2026092819,mert_v0,unweighted,1.0,temperature,1,0.15194035881087675,0.473351773734145,0,0.0009604942811761719,0.0009604942811761719,0.0009604942811761719,0.0009604942811761719,0.0,0,0,1,False,-0.00027742138878478206,-0.00027742138878478206,-0.00027742138878478206,-0.00027742138878478206,0.0,1,0,0,False
2026092819,mert_v1,ambient_balanced,0.25,beta,5,0.15879076198629716,0.4951676574296114,0,-0.0011465862573282692,-0.001982244300323649,-0.0038063142613664613,0.0026455526923406802,0.006451866953707142,3,0,2,True,-0.00024158792206315226,-0.0008228269587866044,-0.0014702880321687262,0.0010602876691221674,0.0025305757012908936,3,0,2,True
2026092819,mert_v1,ambient_balanced,0.25,isotonic,5,0.1660275593579665,1.2962847255298602,0,0.006090211114341065,0.0044752759449406265,0.0016341870447797446,0.013805472005862934,0.01217128496108319,0,0,5,False,0.006995209449606183,0.005534386871751562,0.0002922200138544828,0.01752365154221286,0.017231431528358376,0,0,5,False
2026092819,mert_v1,ambient_balanced,0.25,platt,5,0.1590323499083603,0.49688748030518426,0,-0.000904998335265117,-0.0010591109268109355,-0.003718179536349925,0.004115840724509406,0.007834020260859331,4,0,1,True,0.0,0.0,0.0,0.0,0.0,0,5,0,False
2026092819,mert_v1,ambient_balanced,0.25,prior_offset,5,0.15250044786485306,0.4694950539477474,0,-0.007436900378772371,-0.007436900378772371,-0.007436900378772371,-0.007436900378772371,0.0,5,0,0,False,-0.006531902043507254,-0.006377789451961435,-0.011552741103281777,-0.003718720842422446,0.007834020260859331,5,0,0,False
2026092819,mert_v1,ambient_balanced,0.25,raw,5,0.15993734824362543,0.4900943652172248,0,0.0,0.0,0.0,0.0,0.0,0,5,0,False,0.000904998335265117,0.0010591109268109355,-0.004115840724509406,0.003718179536349925,0.007834020260859331,1,0,4,True
2026092819,mert_v1,ambient_balanced,0.25,ridge_platt,5,0.1554912036707488,0.4834927330002367,0,-0.004446144572876637,-0.005013082998865492,-0.00794512991992688,0.0010730490974144025,0.009018179017341282,4,0,1,True,-0.00354114623761152,-0.003276630250442447,-0.004961642617347023,-0.0024706946211185687,0.002490947996228454,5,0,0,False
2026092819,mert_v1,ambient_balanced,0.25,temperature,5,0.16334798052025895,0.5086156690065404,0,0.0034106322766335297,0.0032767878151891416,0.002433298216512614,0.00496852737867351,0.0025352291621608958,0,0,5,False,0.004315630611898646,0.005643676073655568,-0.0016825425079967926,0.007432538738066596,0.009115081246063389,1,0,4,True
2026092819,mert_v1,ambient_balanced,0.5,beta,5,0.15619749020565893,0.4892400425453262,0,-0.003739858037966498,-0.004891345529215552,-0.005388158128799142,-0.00016219267892542133,0.005225965449873721,5,0,0,False,-0.00042824967644074506,-0.0009134232018750965,-0.0011013055496404411,0.0009008124586872557,0.002002118008327697,4,0,1,True
2026092819,mert_v1,ambient_balanced,0.5,isotonic,5,0.159220796938287,0.9921102512177287,0,-0.0007165513053383976,-0.000377195313487233,-0.00373232390273584,0.003396215484304327,0.007128539387040167,3,0,2,True,0.0025950570561873556,0.0025535340464947764,0.0012809268555339925,0.004114395256191922,0.002833468400657929,0,0,5,False
2026092819,mert_v1,ambient_balanced,0.5,platt,5,0.15662573988209968,0.49091778097973215,0,-0.003311608361525753,-0.003935083327779365,-0.005200865011159794,0.0008426814378095504,0.006043546448969345,4,0,1,True,0.0,0.0,0.0,0.0,0.0,0,5,0,False
2026092819,mert_v1,ambient_balanced,0.5,prior_offset,5,0.15250044786485306,0.4694950539477474,0,-0.007436900378772371,-0.007436900378772371,-0.007436900378772371,-0.007436900378772371,0.0,5,0,0,False,-0.004125292017246618,-0.0035018170509930058,-0.008279581816581921,-0.0022360353676125766,0.006043546448969345,5,0,0,False
2026092819,mert_v1,ambient_balanced,0.5,raw,5,0.15993734824362543,0.4900943652172248,0,0.0,0.0,0.0,0.0,0.0,0,5,0,False,0.003311608361525753,0.003935083327779365,-0.0008426814378095504,0.005200865011159794,0.006043546448969345,1,0,4,True
2026092819,mert_v1,ambient_balanced,0.5,ridge_platt,5,0.15366545844840246,0.47763149345345174,0,-0.006271889795222951,-0.006836752920771905,-0.007353778500143071,-0.003064316259670047,0.004289462240473024,5,0,0,False,-0.0029602814336971983,-0.0029016695929925396,-0.003906997697479597,-0.002152913488983277,0.0017540842084963204,5,0,0,False
2026092819,mert_v1,ambient_balanced,0.5,temperature,5,0.1628362786962222,0.509823584874829,0,0.002898930452596754,0.002187606100863271,0.0017736832696660376,0.005336443921716977,0.003562760652050939,0,0,5,False,0.006210538814122507,0.006122689428642636,0.004493762483907426,0.008380501627392511,0.003886739143485085,0,0,5,False
2026092819,mert_v1,ambient_balanced,1.0,beta,1,0.15361695278611073,0.4755798819998248,0,-0.006320395457514699,-0.006320395457514699,-0.006320395457514699,-0.006320395457514699,0.0,1,0,0,False,-0.0004496981505384967,-0.0004496981505384967,-0.0004496981505384967,-0.0004496981505384967,0.0,1,0,0,False
2026092819,mert_v1,ambient_balanced,1.0,isotonic,1,0.15432744974141852,0.7637464767412132,0,-0.005609898502206917,-0.005609898502206917,-0.005609898502206917,-0.005609898502206917,0.0,1,0,0,False,0.0002607988047692855,0.0002607988047692855,0.0002607988047692855,0.0002607988047692855,0.0,0,0,1,False
2026092819,mert_v1,ambient_balanced,1.0,platt,1,0.15406665093664923,0.4781095012670322,0,-0.0058706973069762025,-0.0058706973069762025,-0.0058706973069762025,-0.0058706973069762025,0.0,1,0,0,False,0.0,0.0,0.0,0.0,0.0,0,1,0,False
2026092819,mert_v1,ambient_balanced,1.0,prior_offset,1,0.15250044786485306,0.4694950539477474,0,-0.007436900378772371,-0.007436900378772371,-0.007436900378772371,-0.007436900378772371,0.0,1,0,0,False,-0.0015662030717961684,-0.0015662030717961684,-0.0015662030717961684,-0.0015662030717961684,0.0,1,0,0,False
2026092819,mert_v1,ambient_balanced,1.0,raw,1,0.15993734824362543,0.4900943652172248,0,0.0,0.0,0.0,0.0,0.0,0,1,0,False,0.0058706973069762025,0.0058706973069762025,0.0058706973069762025,0.0058706973069762025,0.0,0,0,1,False
2026092819,mert_v1,ambient_balanced,1.0,ridge_platt,1,0.15300989300033163,0.47515537507180455,0,-0.006927455243293801,-0.006927455243293801,-0.006927455243293801,-0.006927455243293801,0.0,1,0,0,False,-0.0010567579363175983,-0.0010567579363175983,-0.0010567579363175983,-0.0010567579363175983,0.0,1,0,0,False
2026092819,mert_v1,ambient_balanced,1.0,temperature,1,0.16139730679248393,0.49916262877605266,0,0.0014599585488584976,0.0014599585488584976,0.0014599585488584976,0.0014599585488584976,0.0,0,0,1,False,0.0073306558558347,0.0073306558558347,0.0073306558558347,0.0073306558558347,0.0,0,0,1,False
2026092819,mert_v1,unweighted,0.25,beta,5,0.15949434637856574,0.4982924024242643,0,0.007496729116272594,0.006977295325961558,0.0044187503218278135,0.011719772861721267,0.007301022539893454,0,0,5,False,0.0003998472921130702,-0.00030725131299641495,-0.0005409287969369292,0.0024166086957091715,0.0029575374926461007,3,0,2,True
2026092819,mert_v1,unweighted,0.25,isotonic,5,0.16482562909242898,1.2071883422266487,0,0.012828011830135804,0.012426634657804525,0.009508805188939873,0.01648542772389658,0.006976622534956706,0,0,5,False,0.005731130005976281,0.005595720059963061,0.0001362753667738248,0.011924741093644192,0.011788465726870367,0,0,5,False
2026092819,mert_v1,unweighted,0.25,platt,5,0.15909449908645268,0.49724922573507857,0,0.007096881824159523,0.006830914597841464,0.004560686630252386,0.012260701658658196,0.00770001502840581,0,0,5,False,0.0,0.0,0.0,0.0,0.0,0,5,0,False
2026092819,mert_v1,unweighted,0.25,prior_offset,5,0.15199761726229316,0.46868533651389743,0,0.0,0.0,0.0,0.0,0.0,0,5,0,False,-0.007096881824159523,-0.006830914597841464,-0.012260701658658196,-0.004560686630252386,0.00770001502840581,5,0,0,False
2026092819,mert_v1,unweighted,0.25,raw,5,0.15199761726229316,0.46868533651389743,0,0.0,0.0,0.0,0.0,0.0,0,5,0,False,-0.007096881824159523,-0.006830914597841464,-0.012260701658658196,-0.004560686630252386,0.00770001502840581,5,0,0,False
2026092819,mert_v1,unweighted,0.25,ridge_platt,5,0.15583869758205388,0.48490443582582826,0,0.003841080319760698,0.003091006200394153,-0.0008412957688681832,0.009217910031563192,0.010059205800431376,1,0,4,True,-0.0032558015043988252,-0.003042791627095004,-0.0056974803009004205,-0.001214960293257017,0.0044825200076434035,5,0,0,False
2026092819,mert_v1,unweighted,0.25,temperature,5,0.15472834065588786,0.48531510265296235,0,0.002730723393594697,0.003312724967276387,0.0016432313907732976,0.0035803032605132845,0.001937071869739987,0,0,5,False,-0.004366158430564826,-0.003395618441500048,-0.010617470267884899,-0.0012479616629759993,0.0093695086049089,5,0,0,False
2026092819,mert_v1,unweighted,0.5,beta,5,0.15623115665555726,0.48956505537295236,0,0.0042335393932641015,0.0036514120167038533,0.0022045439521216903,0.007769862358707025,0.0055653184065853345,0,0,5,False,-0.0003894366118461112,-0.0005535651336857905,-0.0009081851534716301,0.0005761501520893664,0.0014843353055609965,4,0,1,True
2026092819,mert_v1,unweighted,0.5,isotonic,5,0.15955594732881168,0.9877277421327163,0,0.007558330066518515,0.007957591607077485,0.003934969342551414,0.011396474560001008,0.007461505217449593,0,0,5,False,0.002935354061408302,0.0027184270478223527,0.0004082983594885792,0.0054946611950401625,0.005086362835551583,0,0,5,False
2026092819,mert_v1,unweighted,0.5,platt,5,0.15662059326740335,0.4910772011857847,0,0.0046229760051102135,0.0039180977678063555,0.002758109085807481,0.008678047512178655,0.005919938426371174,0,0,5,False,0.0,0.0,0.0,0.0,0.0,0,5,0,False
2026092819,mert_v1,unweighted,0.5,prior_offset,5,0.15199761726229316,0.46868533651389743,0,0.0,0.0,0.0,0.0,0.0,0,5,0,False,-0.0046229760051102135,-0.0039180977678063555,-0.008678047512178655,-0.002758109085807481,0.005919938426371174,5,0,0,False
2026092819,mert_v1,unweighted,0.5,raw,5,0.15199761726229316,0.46868533651389743,0,0.0,0.0,0.0,0.0,0.0,0,5,0,False,-0.0046229760051102135,-0.0039180977678063555,-0.008678047512178655,-0.002758109085807481,0.005919938426371174,5,0,0,False
2026092819,mert_v1,unweighted,0.5,ridge_platt,5,0.1533252722677126,0.4764976229638852,0,0.0013276550054194315,0.00042338594510216154,0.00022703601414425512,0.004749089194141715,0.0045220531799974595,0,0,5,False,-0.0032953209996907816,-0.0033039864146201525,-0.00392895831803694,-0.0023347231407053193,0.001594235177331621,5,0,0,False
2026092819,mert_v1,unweighted,0.5,temperature,5,0.1547475910207401,0.48809154926527965,0,0.002749973758446933,0.002863019594300603,0.0012482015611785524,0.00449503092077555,0.0032468293595969977,0,0,5,False,-0.00187300224666328,-0.0013338523750608122,-0.004183016591403105,-0.0005145946714624483,0.0036684219199406565,5,0,0,False
2026092819,mert_v1,unweighted,1.0,beta,1,0.15317979974379142,0.4743777403959828,0,0.0011821824814982618,0.0011821824814982618,0.0011821824814982618,0.0011821824814982618,0.0,0,0,1,False,-0.0008582567270778996,-0.0008582567270778996,-0.0008582567270778996,-0.0008582567270778996,0.0,1,0,0,False
2026092819,mert_v1,unweighted,1.0,isotonic,1,0.1537646796908127,0.7631742028403032,0,0.001767062428519539,0.001767062428519539,0.001767062428519539,0.001767062428519539,0.0,0,0,1,False,-0.00027337678005662225,-0.00027337678005662225,-0.00027337678005662225,-0.00027337678005662225,0.0,1,0,0,False
2026092819,mert_v1,unweighted,1.0,platt,1,0.15403805647086932,0.4782116755568613,0,0.0020404392085761613,0.0020404392085761613,0.0020404392085761613,0.0020404392085761613,0.0,0,0,1,False,0.0,0.0,0.0,0.0,0.0,0,1,0,False
2026092819,mert_v1,unweighted,1.0,prior_offset,1,0.15199761726229316,0.46868533651389743,0,0.0,0.0,0.0,0.0,0.0,0,1,0,False,-0.0020404392085761613,-0.0020404392085761613,-0.0020404392085761613,-0.0020404392085761613,0.0,1,0,0,False
2026092819,mert_v1,unweighted,1.0,raw,1,0.15199761726229316,0.46868533651389743,0,0.0,0.0,0.0,0.0,0.0,0,1,0,False,-0.0020404392085761613,-0.0020404392085761613,-0.0020404392085761613,-0.0020404392085761613,0.0,1,0,0,False
2026092819,mert_v1,unweighted,1.0,ridge_platt,1,0.15243875134200308,0.4733340183423609,0,0.00044113407970991503,0.00044113407970991503,0.00044113407970991503,0.00044113407970991503,0.0,0,0,1,False,-0.0015993051288662463,-0.0015993051288662463,-0.0015993051288662463,-0.0015993051288662463,0.0,1,0,0,False
2026092819,mert_v1,unweighted,1.0,temperature,1,0.15319174615132375,0.4768922935178369,0,0.001194128889030588,0.001194128889030588,0.001194128889030588,0.001194128889030588,0.0,0,0,1,False,-0.0008463103195455735,-0.0008463103195455735,-0.0008463103195455735,-0.0008463103195455735,0.0,1,0,0,False
