seed,representation,weighting,fraction,method,calibration_artists,calibration_tracks,macro_brier,macro_log_loss,delta_raw,delta_platt,fallback_labels,successful_labels,bound_hit_labels
2026092800,maest,ambient_balanced,0.25,raw,24,64,0.14753987455486467,0.4537584942644891,0.0,0.0002207458014921171,0,4,0
2026092800,maest,ambient_balanced,0.25,prior_offset,24,64,0.14468779119274477,0.4515654451586505,-0.002852083362119895,-0.002631337560627778,0,4,0
2026092800,maest,ambient_balanced,0.25,temperature,24,64,0.14905628869408266,0.4592257096349076,0.001516414139217992,0.001737159940710109,0,4,0
2026092800,maest,ambient_balanced,0.25,platt,24,64,0.14731912875337255,0.45672584897232915,-0.0002207458014921171,0.0,0,4,0
2026092800,maest,ambient_balanced,0.25,beta,24,64,0.14734889165847848,0.4605787297247208,-0.0001909828963861937,2.9762905105923387e-05,0,4,3
2026092800,maest,ambient_balanced,0.25,isotonic,24,64,0.15435278416453632,1.326450174928688,0.006812909609671652,0.0070336554111637695,0,4,0
2026092800,maest,ambient_balanced,0.25,ridge_platt,24,64,0.14447265401775658,0.44643097899643086,-0.0030672205371080896,-0.0028464747356159725,0,4,0
2026092800,maest,ambient_balanced,0.5,raw,47,106,0.14753987455486467,0.4537584942644891,0.0,0.0020808841697791403,0,4,0
2026092800,maest,ambient_balanced,0.5,prior_offset,47,106,0.14468779119274477,0.4515654451586505,-0.002852083362119895,-0.0007711991923407546,0,4,0
2026092800,maest,ambient_balanced,0.5,temperature,47,106,0.14841906492065413,0.46148838592556335,0.0008791903657894562,0.0029600745355685965,0,4,0
2026092800,maest,ambient_balanced,0.5,platt,47,106,0.14545899038508553,0.45724903242538334,-0.0020808841697791403,0.0,0,4,0
2026092800,maest,ambient_balanced,0.5,beta,47,106,0.14594428486128863,0.4573141946587297,-0.0015955896935760383,0.00048529447620310195,0,4,2
2026092800,maest,ambient_balanced,0.5,isotonic,47,106,0.1485701001857628,0.9681202811446837,0.001030225630898135,0.0031111098006772753,0,4,0
2026092800,maest,ambient_balanced,0.5,ridge_platt,47,106,0.14398247279794044,0.4478173853735791,-0.0035574017569242333,-0.001476517587145093,0,4,0
2026092800,maest,ambient_balanced,1.0,raw,94,235,0.14753987455486467,0.4537584942644891,0.0,0.0016060692820305256,0,4,0
2026092800,maest,ambient_balanced,1.0,prior_offset,94,235,0.14468779119274477,0.4515654451586505,-0.002852083362119895,-0.0012460140800893693,0,4,0
2026092800,maest,ambient_balanced,1.0,temperature,94,235,0.14796834077502743,0.45778385313936626,0.00042846622016276537,0.002034535502193291,0,4,0
2026092800,maest,ambient_balanced,1.0,platt,94,235,0.14593380527283414,0.4564103764774825,-0.0016060692820305256,0.0,0,4,0
2026092800,maest,ambient_balanced,1.0,beta,94,235,0.14555315499346227,0.4562598970503412,-0.0019867195614023947,-0.0003806502793718691,0,4,1
2026092800,maest,ambient_balanced,1.0,isotonic,94,235,0.14676256544269434,0.8006439693029255,-0.0007773091121703324,0.0008287601698601932,0,4,0
2026092800,maest,ambient_balanced,1.0,ridge_platt,94,235,0.1431231333251569,0.44606645258628463,-0.004416741229707782,-0.002810671947677257,0,4,0
2026092800,maest,unweighted,0.25,raw,24,64,0.14328937017679433,0.44417670807515314,0.0,-0.004021777090011003,0,4,0
2026092800,maest,unweighted,0.25,prior_offset,24,64,0.14328937017679433,0.44417670807515314,0.0,-0.004021777090011003,0,4,0
2026092800,maest,unweighted,0.25,temperature,24,64,0.14453225670419453,0.4491304869161375,0.0012428865274002054,-0.0027788905626107974,0,4,0
2026092800,maest,unweighted,0.25,platt,24,64,0.14731114726680533,0.456705742314247,0.004021777090011003,0.0,0,4,0
2026092800,maest,unweighted,0.25,beta,24,64,0.14735060584586088,0.46047818445203004,0.0040612356690665485,3.945857905554573e-05,0,4,2
2026092800,maest,unweighted,0.25,isotonic,24,64,0.15615628642499343,1.3957118107108766,0.012866916248199106,0.008845139158188103,0,4,0
2026092800,maest,unweighted,0.25,ridge_platt,24,64,0.14450883158816638,0.44662491068835175,0.0012194614113720526,-0.0028023156786389503,0,4,0
2026092800,maest,unweighted,0.5,raw,47,106,0.14328937017679433,0.44417670807515314,0.0,-0.00193122767526549,0,4,0
2026092800,maest,unweighted,0.5,prior_offset,47,106,0.14328937017679433,0.44417670807515314,0.0,-0.00193122767526549,0,4,0
2026092800,maest,unweighted,0.5,temperature,47,106,0.14471539655296609,0.4548676497778238,0.0014260263761717573,-0.0005052012990937327,0,4,0
2026092800,maest,unweighted,0.5,platt,47,106,0.14522059785205982,0.4564750219283034,0.00193122767526549,0.0,0,4,0
2026092800,maest,unweighted,0.5,beta,47,106,0.14576962253303744,0.4570514649905257,0.0024802523562431067,0.0005490246809776167,0,4,2
2026092800,maest,unweighted,0.5,isotonic,47,106,0.14854924196431304,1.000244375679387,0.005259871787518716,0.003328644112253226,0,4,0
2026092800,maest,unweighted,0.5,ridge_platt,47,106,0.14324164035051437,0.44432121646290423,-4.772982627995748e-05,-0.0019789575015454475,0,4,0
2026092800,maest,unweighted,1.0,raw,94,235,0.14328937017679433,0.44417670807515314,0.0,-0.0024238843342643257,0,4,0
2026092800,maest,unweighted,1.0,prior_offset,94,235,0.14328937017679433,0.44417670807515314,0.0,-0.0024238843342643257,0,4,0
2026092800,maest,unweighted,1.0,temperature,94,235,0.1443813745287648,0.4518051244625297,0.0010920043519704603,-0.0013318799822938654,0,4,0
2026092800,maest,unweighted,1.0,platt,94,235,0.14571325451105865,0.45581484630727254,0.0024238843342643257,0.0,0,4,0
2026092800,maest,unweighted,1.0,beta,94,235,0.14554928477231374,0.4549476656337775,0.0022599145955194133,-0.00016396973874491239,0,4,1
2026092800,maest,unweighted,1.0,isotonic,94,235,0.14685091818093746,0.7988140674404796,0.003561548004143128,0.0011376636698788023,0,4,0
2026092800,maest,unweighted,1.0,ridge_platt,94,235,0.14229107558560067,0.4424301357122019,-0.0009982945911936603,-0.003422178925457986,0,4,0
2026092800,mert_v0,ambient_balanced,0.25,raw,24,64,0.15956869067123747,0.4910191116885066,0.0,-0.0074578801304773235,0,4,0
2026092800,mert_v0,ambient_balanced,0.25,prior_offset,24,64,0.15393219681933437,0.47960557128370407,-0.005636493851903096,-0.01309437398238042,0,4,0
2026092800,mert_v0,ambient_balanced,0.25,temperature,24,64,0.1618532850343814,0.49951492923080987,0.0022845943631439325,-0.005173285767333391,0,4,0
2026092800,mert_v0,ambient_balanced,0.25,platt,24,64,0.1670265708017148,0.5252186515188231,0.0074578801304773235,0.0,0,4,0
2026092800,mert_v0,ambient_balanced,0.25,beta,24,64,0.16957892474230307,0.5453531232539363,0.010010234071065605,0.002552353940588281,0,4,4
2026092800,mert_v0,ambient_balanced,0.25,isotonic,24,64,0.18174332067851776,1.8334745387912967,0.022174630007280288,0.014716749876802965,0,4,0
2026092800,mert_v0,ambient_balanced,0.25,ridge_platt,24,64,0.1662231531958677,0.522973461643937,0.006654462524630228,-0.0008034176058470954,0,4,0
2026092800,mert_v0,ambient_balanced,0.5,raw,47,106,0.15956869067123747,0.4910191116885066,0.0,-0.0005162890134479958,0,4,0
2026092800,mert_v0,ambient_balanced,0.5,prior_offset,47,106,0.15393219681933437,0.47960557128370407,-0.005636493851903096,-0.006152782865351092,0,4,0
2026092800,mert_v0,ambient_balanced,0.5,temperature,47,106,0.16064574927974345,0.4987715143174346,0.0010770586085059874,0.0005607695950579916,0,4,0
2026092800,mert_v0,ambient_balanced,0.5,platt,47,106,0.16008497968468546,0.5068395081016255,0.0005162890134479958,0.0,0,4,0
2026092800,mert_v0,ambient_balanced,0.5,beta,47,106,0.16299448045393722,0.517084411508017,0.0034257897826997508,0.002909500769251755,0,4,4
2026092800,mert_v0,ambient_balanced,0.5,isotonic,47,106,0.16923316572639946,1.3232950747115324,0.009664475055161992,0.009148186041713996,0,4,0
2026092800,mert_v0,ambient_balanced,0.5,ridge_platt,47,106,0.15980816884593652,0.5062634487981109,0.0002394781746990482,-0.00027681083874894763,0,4,0
2026092800,mert_v0,ambient_balanced,1.0,raw,94,235,0.15956869067123747,0.4910191116885066,0.0,0.000578156363880894,0,4,0
2026092800,mert_v0,ambient_balanced,1.0,prior_offset,94,235,0.15393219681933437,0.47960557128370407,-0.005636493851903096,-0.005058337488022202,0,4,0
2026092800,mert_v0,ambient_balanced,1.0,temperature,94,235,0.1598690682055308,0.4926210482204737,0.00030037753429332237,0.0008785338981742163,0,4,0
2026092800,mert_v0,ambient_balanced,1.0,platt,94,235,0.15899053430735657,0.49419425455447313,-0.000578156363880894,0.0,0,4,0
2026092800,mert_v0,ambient_balanced,1.0,beta,94,235,0.15938373788111565,0.4967825849161847,-0.0001849527901218173,0.00039320357375907666,0,4,1
2026092800,mert_v0,ambient_balanced,1.0,isotonic,94,235,0.16076580540551466,0.8767129273304985,0.0011971147342771937,0.0017752710981580877,0,4,0
2026092800,mert_v0,ambient_balanced,1.0,ridge_platt,94,235,0.15751253789563222,0.4888735013445461,-0.0020561527756052522,-0.0014779964117243582,0,4,0
2026092800,mert_v0,unweighted,0.25,raw,24,64,0.1535723607035177,0.4775646815229083,0.0,-0.013662030518531376,0,4,0
2026092800,mert_v0,unweighted,0.25,prior_offset,24,64,0.1535723607035177,0.4775646815229083,0.0,-0.013662030518531376,0,4,0
2026092800,mert_v0,unweighted,0.25,temperature,24,64,0.15478617863611566,0.48374160265147614,0.0012138179325979492,-0.012448212585933427,0,4,0
2026092800,mert_v0,unweighted,0.25,platt,24,64,0.16723439122204908,0.5260031444564899,0.013662030518531376,0.0,0,4,0
2026092800,mert_v0,unweighted,0.25,beta,24,64,0.1698524058634912,0.5464844772284592,0.0162800451599735,0.0026180146414421235,0,4,4
2026092800,mert_v0,unweighted,0.25,isotonic,24,64,0.1818568900451284,1.8344756774444528,0.028284529341610687,0.01462249882307931,0,4,0
2026092800,mert_v0,unweighted,0.25,ridge_platt,24,64,0.16643097361620196,0.5237579545816039,0.012858612912684253,-0.0008034176058471232,0,4,0
2026092800,mert_v0,unweighted,0.5,raw,47,106,0.1535723607035177,0.4775646815229083,0.0,-0.006845235433884184,0,4,0
2026092800,mert_v0,unweighted,0.5,prior_offset,47,106,0.1535723607035177,0.4775646815229083,0.0,-0.006845235433884184,0,4,0
2026092800,mert_v0,unweighted,0.5,temperature,47,106,0.15471834561946654,0.4857893851906792,0.0011459849159488333,-0.00569925051793535,0,4,0
2026092800,mert_v0,unweighted,0.5,platt,47,106,0.1604175961374019,0.5079047647653293,0.006845235433884184,0.0,0,4,0
2026092800,mert_v0,unweighted,0.5,beta,47,106,0.16327109077470164,0.5180364815504982,0.009698730071183936,0.0028534946372997527,0,4,3
2026092800,mert_v0,unweighted,0.5,isotonic,47,106,0.17087341584399085,1.328945255162423,0.017301055140473143,0.010455819706588959,0,4,0
2026092800,mert_v0,unweighted,0.5,ridge_platt,47,106,0.1600314507853184,0.5068423803964317,0.006459090081800706,-0.0003861453520834779,0,4,0
2026092800,mert_v0,unweighted,1.0,raw,94,235,0.1535723607035177,0.4775646815229083,0.0,-0.005920298905557675,0,4,0
2026092800,mert_v0,unweighted,1.0,prior_offset,94,235,0.1535723607035177,0.4775646815229083,0.0,-0.005920298905557675,0,4,0
2026092800,mert_v0,unweighted,1.0,temperature,94,235,0.15452773561030686,0.48176942281908025,0.0009553749067891526,-0.004964923998768522,0,4,0
2026092800,mert_v0,unweighted,1.0,platt,94,235,0.15949265960907538,0.49591403677019213,0.005920298905557675,0.0,0,4,0
2026092800,mert_v0,unweighted,1.0,beta,94,235,0.1601134128131953,0.4983997954805422,0.006541052109677592,0.0006207532041199171,0,4,1
2026092800,mert_v0,unweighted,1.0,isotonic,94,235,0.16255129838433938,0.8841301579834318,0.00897893768082167,0.0030586387752639943,0,4,0
2026092800,mert_v0,unweighted,1.0,ridge_platt,94,235,0.15778981410399162,0.4899889932764222,0.004217453400473914,-0.001702845505083761,0,4,0
2026092800,mert_v1,ambient_balanced,0.25,raw,24,64,0.16217091479814208,0.4984824660653908,0.0,-0.0032837175178512534,0,4,0
2026092800,mert_v1,ambient_balanced,0.25,prior_offset,24,64,0.15434960786794724,0.4834503744013605,-0.007821306930194838,-0.011105024448046091,0,4,0
2026092800,mert_v1,ambient_balanced,0.25,temperature,24,64,0.16447621590794698,0.5066989156380053,0.002305301109804897,-0.0009784164080463564,0,4,0
2026092800,mert_v1,ambient_balanced,0.25,platt,24,64,0.16545463231599333,0.5169080239804299,0.0032837175178512534,0.0,0,4,0
2026092800,mert_v1,ambient_balanced,0.25,beta,24,64,0.16867302177316856,0.5344474579464911,0.006502106975026484,0.0032183894571752303,0,4,4
2026092800,mert_v1,ambient_balanced,0.25,isotonic,24,64,0.17924461420239304,1.7556070033748017,0.017073699404250964,0.01378998188639971,0,4,0
2026092800,mert_v1,ambient_balanced,0.25,ridge_platt,24,64,0.1553521278510622,0.4839254362662498,-0.00681878694707988,-0.010102504464931134,0,4,0
2026092800,mert_v1,ambient_balanced,0.5,raw,47,106,0.16217091479814208,0.4984824660653908,0.0,0.0025596269832582896,0,4,0
2026092800,mert_v1,ambient_balanced,0.5,prior_offset,47,106,0.15434960786794724,0.4834503744013605,-0.007821306930194838,-0.005261679946936548,0,4,0
2026092800,mert_v1,ambient_balanced,0.5,temperature,47,106,0.16328595035888033,0.5061737013833476,0.0011150355607382478,0.0036746625439965375,0,4,0
2026092800,mert_v1,ambient_balanced,0.5,platt,47,106,0.1596112878148838,0.5063133142892707,-0.0025596269832582896,0.0,0,4,0
2026092800,mert_v1,ambient_balanced,0.5,beta,47,106,0.1617210478485526,0.5120218070237198,-0.0004498669495894836,0.002109760033668806,0,4,2
2026092800,mert_v1,ambient_balanced,0.5,isotonic,47,106,0.16974140123200232,1.286820694733128,0.007570486433860241,0.01013011341711853,0,4,0
2026092800,mert_v1,ambient_balanced,0.5,ridge_platt,47,106,0.15949869360286664,0.5052331115825855,-0.002672221195275437,-0.00011259421201714748,0,4,0
2026092800,mert_v1,ambient_balanced,1.0,raw,94,235,0.16217091479814208,0.4984824660653908,0.0,0.003960879696647407,0,4,0
2026092800,mert_v1,ambient_balanced,1.0,prior_offset,94,235,0.15434960786794724,0.4834503744013605,-0.007821306930194838,-0.003860427233547431,0,4,0
2026092800,mert_v1,ambient_balanced,1.0,temperature,94,235,0.16297443528380937,0.5015843105850002,0.0008035204856672862,0.004764400182314693,0,4,0
2026092800,mert_v1,ambient_balanced,1.0,platt,94,235,0.15821003510149467,0.49438725252448645,-0.003960879696647407,0.0,0,4,0
2026092800,mert_v1,ambient_balanced,1.0,beta,94,235,0.15858548536465966,0.5013303615399536,-0.0035854294334824177,0.0003754502631649892,0,4,2
2026092800,mert_v1,ambient_balanced,1.0,isotonic,94,235,0.16025316854456148,0.9055897458995933,-0.001917746253580599,0.002043133443066808,0,4,0
2026092800,mert_v1,ambient_balanced,1.0,ridge_platt,94,235,0.15399258262958446,0.4810018566052612,-0.008178332168557623,-0.004217452471910216,0,4,0
2026092800,mert_v1,unweighted,0.25,raw,24,64,0.1540445140347341,0.48101462728536737,0.0,-0.011540011348674467,0,4,0
2026092800,mert_v1,unweighted,0.25,prior_offset,24,64,0.1540445140347341,0.48101462728536737,0.0,-0.011540011348674467,0,4,0
2026092800,mert_v1,unweighted,0.25,temperature,24,64,0.15598514597686652,0.49024799641527034,0.0019406319421324258,-0.009599379406542041,0,4,0
2026092800,mert_v1,unweighted,0.25,platt,24,64,0.16558452538340857,0.5174647912635272,0.011540011348674467,0.0,0,4,0
2026092800,mert_v1,unweighted,0.25,beta,24,64,0.16883556978861508,0.5353071507578615,0.014791055753880983,0.0032510444052065157,0,4,4
2026092800,mert_v1,unweighted,0.25,isotonic,24,64,0.17923206329907343,1.7868415471610457,0.02518754926433933,0.013647537915664865,0,4,0
2026092800,mert_v1,unweighted,0.25,ridge_platt,24,64,0.15551871658818353,0.48475444966526715,0.001474202553449433,-0.010065808795225034,0,4,0
2026092800,mert_v1,unweighted,0.5,raw,47,106,0.1540445140347341,0.48101462728536737,0.0,-0.0059626136037728705,0,4,0
2026092800,mert_v1,unweighted,0.5,prior_offset,47,106,0.1540445140347341,0.48101462728536737,0.0,-0.0059626136037728705,0,4,0
2026092800,mert_v1,unweighted,0.5,temperature,47,106,0.15581478047349243,0.4920213826522724,0.0017702664387583278,-0.004192347165014543,0,4,0
2026092800,mert_v1,unweighted,0.5,platt,47,106,0.16000712763850697,0.5074800965804669,0.0059626136037728705,0.0,0,4,0
2026092800,mert_v1,unweighted,0.5,beta,47,106,0.16209254082393051,0.5130959891659921,0.008048026789196416,0.002085413185423546,0,4,2
2026092800,mert_v1,unweighted,0.5,isotonic,47,106,0.1690961480916331,1.316508691793065,0.015051634056898994,0.009089020453126123,0,4,0
2026092800,mert_v1,unweighted,0.5,ridge_platt,47,106,0.159127470289017,0.5025379376679511,0.0050829562542829,-0.0008796573494899707,0,4,0
2026092800,mert_v1,unweighted,1.0,raw,94,235,0.1540445140347341,0.48101462728536737,0.0,-0.004732539805085811,0,4,0
2026092800,mert_v1,unweighted,1.0,prior_offset,94,235,0.1540445140347341,0.48101462728536737,0.0,-0.004732539805085811,0,4,0
2026092800,mert_v1,unweighted,1.0,temperature,94,235,0.15556818713860632,0.48703395345030764,0.0015236731038722195,-0.003208866701213592,0,4,0
2026092800,mert_v1,unweighted,1.0,platt,94,235,0.1587770538398199,0.496399769032213,0.004732539805085811,0.0,0,4,0
2026092800,mert_v1,unweighted,1.0,beta,94,235,0.1592976382565976,0.49987926267023497,0.005253124221863498,0.0005205844167776863,0,4,2
2026092800,mert_v1,unweighted,1.0,isotonic,94,235,0.160223874857718,0.9365497006258368,0.006179360822983898,0.0014468210178980867,0,4,0
2026092800,mert_v1,unweighted,1.0,ridge_platt,94,235,0.15392285760106547,0.4804530837481944,-0.00012165643366862655,-0.004854196238754438,0,4,0
2026092801,maest,ambient_balanced,0.25,raw,24,72,0.14087464866478902,0.4400203687483843,0.0,-0.010059773062749244,0,4,0
2026092801,maest,ambient_balanced,0.25,prior_offset,24,72,0.13705235481483088,0.4315623251089945,-0.003822293849958136,-0.01388206691270738,0,4,0
2026092801,maest,ambient_balanced,0.25,temperature,24,72,0.1506017924829257,0.47730912529146957,0.009727143818136691,-0.0003326292446125534,0,4,0
2026092801,maest,ambient_balanced,0.25,platt,24,72,0.15093442172753826,0.47512316574641567,0.010059773062749244,0.0,0,4,0
2026092801,maest,ambient_balanced,0.25,beta,24,72,0.14827866243570084,0.4767833001428436,0.0074040137709118214,-0.002655759291837423,0,4,0
2026092801,maest,ambient_balanced,0.25,isotonic,24,72,0.15374556271195566,1.0903840799956503,0.012870914047166643,0.0028111409844173985,0,4,0
2026092801,maest,ambient_balanced,0.25,ridge_platt,24,72,0.1395881296049511,0.4353737794335521,-0.0012865190598379261,-0.01134629212258717,0,4,0
2026092801,maest,ambient_balanced,0.5,raw,47,123,0.14087464866478902,0.4400203687483843,0.0,-0.002265875534981282,0,4,0
2026092801,maest,ambient_balanced,0.5,prior_offset,47,123,0.13705235481483088,0.4315623251089945,-0.003822293849958136,-0.006088169384939418,0,4,0
2026092801,maest,ambient_balanced,0.5,temperature,47,123,0.1431895113854718,0.4499737234568553,0.002314862720682792,4.898718570151006e-05,0,4,0
2026092801,maest,ambient_balanced,0.5,platt,47,123,0.1431405241997703,0.4475091477561376,0.002265875534981282,0.0,0,4,0
2026092801,maest,ambient_balanced,0.5,beta,47,123,0.14059488057712255,0.4467154029771833,-0.000279768087666471,-0.002545643622647753,0,4,1
2026092801,maest,ambient_balanced,0.5,isotonic,47,123,0.14538610321052997,0.7400638095001378,0.0045114545457409505,0.0022455790107596685,0,4,0
2026092801,maest,ambient_balanced,0.5,ridge_platt,47,123,0.13965334009812808,0.4352675831900087,-0.0012213085666609447,-0.0034871841016422267,0,4,0
2026092801,maest,ambient_balanced,1.0,raw,94,245,0.14087464866478902,0.4400203687483843,0.0,0.0018166221135043625,0,4,0
2026092801,maest,ambient_balanced,1.0,prior_offset,94,245,0.13705235481483088,0.4315623251089945,-0.003822293849958136,-0.0020056717364537735,0,4,0
2026092801,maest,ambient_balanced,1.0,temperature,94,245,0.1422971785723639,0.44444295978428994,0.001422529907574882,0.0032391520210792446,0,4,0
2026092801,maest,ambient_balanced,1.0,platt,94,245,0.13905802655128466,0.4353523365490602,-0.0018166221135043625,0.0,0,4,0
2026092801,maest,ambient_balanced,1.0,beta,94,245,0.1383721142615329,0.43362189394536904,-0.0025025344032561236,-0.0006859122897517611,0,4,0
2026092801,maest,ambient_balanced,1.0,isotonic,94,245,0.14329159789618676,0.700011557986282,0.002416949231397736,0.004233571344902098,0,4,0
2026092801,maest,ambient_balanced,1.0,ridge_platt,94,245,0.13820860360252543,0.43140330832061974,-0.002666045062263589,-0.0008494229487592264,0,4,0
2026092801,maest,unweighted,0.25,raw,24,72,0.13632919707376343,0.4280312800946799,0.0,-0.014510483930966933,0,4,0
2026092801,maest,unweighted,0.25,prior_offset,24,72,0.13632919707376343,0.4280312800946799,0.0,-0.014510483930966933,0,4,0
2026092801,maest,unweighted,0.25,temperature,24,72,0.14513417759445743,0.46303641114601357,0.008804980520694006,-0.005705503410272927,0,4,0
2026092801,maest,unweighted,0.25,platt,24,72,0.15083968100473036,0.4749609916723823,0.014510483930966933,0.0,0,4,0
2026092801,maest,unweighted,0.25,beta,24,72,0.14814212770068638,0.4766814201144786,0.011812930626922957,-0.002697553304043976,0,4,0
2026092801,maest,unweighted,0.25,isotonic,24,72,0.15359417060461045,1.1220330914294279,0.017264973530847022,0.002754489599880089,0,4,0
2026092801,maest,unweighted,0.25,ridge_platt,24,72,0.13665912511225428,0.42919602845133625,0.0003299280384908565,-0.014180555892476077,0,4,0
2026092801,maest,unweighted,0.5,raw,47,123,0.13632919707376343,0.4280312800946799,0.0,-0.006810041657693611,0,4,0
2026092801,maest,unweighted,0.5,prior_offset,47,123,0.13632919707376343,0.4280312800946799,0.0,-0.006810041657693611,0,4,0
2026092801,maest,unweighted,0.5,temperature,47,123,0.13809612631444299,0.4364744705401287,0.00176692924067956,-0.005043112417014051,0,4,0
2026092801,maest,unweighted,0.5,platt,47,123,0.14313923873145704,0.44767458307391345,0.006810041657693611,0.0,0,4,0
2026092801,maest,unweighted,0.5,beta,47,123,0.14071137254130855,0.4473710838723493,0.00438217546754513,-0.002427866190148481,0,4,1
2026092801,maest,unweighted,0.5,isotonic,47,123,0.14605504751932585,0.7423571132946976,0.009725850445562428,0.0029158087878688177,0,4,0
2026092801,maest,unweighted,0.5,ridge_platt,47,123,0.13965083255595312,0.43544920775993123,0.0033216354821896943,-0.0034884061755039164,0,4,0
2026092801,maest,unweighted,1.0,raw,94,245,0.13632919707376343,0.4280312800946799,0.0,-0.0027924076903271533,0,4,0
2026092801,maest,unweighted,1.0,prior_offset,94,245,0.13632919707376343,0.4280312800946799,0.0,-0.0027924076903271533,0,4,0
2026092801,maest,unweighted,1.0,temperature,94,245,0.13717166818012627,0.43093477293936067,0.0008424711063628465,-0.0019499365839643068,0,4,0
2026092801,maest,unweighted,1.0,platt,94,245,0.13912160476409058,0.43569073122791846,0.0027924076903271533,0.0,0,4,0
2026092801,maest,unweighted,1.0,beta,94,245,0.1384138775737364,0.43391662078929993,0.002084680499972985,-0.0007077271903541682,0,4,0
2026092801,maest,unweighted,1.0,isotonic,94,245,0.14330397550478505,0.7005766496973016,0.006974778431021622,0.004182370740694469,0,4,0
2026092801,maest,unweighted,1.0,ridge_platt,94,245,0.13746280829161875,0.4298981971633129,0.0011336112178553237,-0.0016587964724718296,0,4,0
2026092801,mert_v0,ambient_balanced,0.25,raw,24,72,0.15051014390799677,0.4677833703574909,0.0,-0.005970879385086975,0,4,0
2026092801,mert_v0,ambient_balanced,0.25,prior_offset,24,72,0.14303230578538784,0.447144746841506,-0.007477838122608937,-0.013448717507695912,0,4,0
2026092801,mert_v0,ambient_balanced,0.25,temperature,24,72,0.1564270341500462,0.48460841999772225,0.005916890242049416,-5.398914303755831e-05,0,4,0
2026092801,mert_v0,ambient_balanced,0.25,platt,24,72,0.15648102329308375,0.4885352879694058,0.005970879385086975,0.0,0,4,0
2026092801,mert_v0,ambient_balanced,0.25,beta,24,72,0.15914728762351008,0.4922742918546564,0.008637143715513301,0.0026662643304263267,0,4,1
2026092801,mert_v0,ambient_balanced,0.25,isotonic,24,72,0.1613666823635804,0.9604796620251046,0.010856538455583625,0.004885659070496651,0,4,0
2026092801,mert_v0,ambient_balanced,0.25,ridge_platt,24,72,0.14445416423230634,0.4520731249135696,-0.006055979675690437,-0.012026859060777412,0,4,0
2026092801,mert_v0,ambient_balanced,0.5,raw,47,123,0.15051014390799677,0.4677833703574909,0.0,0.0017932569983219182,0,4,0
2026092801,mert_v0,ambient_balanced,0.5,prior_offset,47,123,0.14303230578538784,0.447144746841506,-0.007477838122608937,-0.005684581124287019,0,4,0
2026092801,mert_v0,ambient_balanced,0.5,temperature,47,123,0.15177045131297817,0.47172180086574994,0.0012603074049813978,0.003053564403303316,0,4,0
2026092801,mert_v0,ambient_balanced,0.5,platt,47,123,0.14871688690967486,0.4631038803297183,-0.0017932569983219182,0.0,0,4,0
2026092801,mert_v0,ambient_balanced,0.5,beta,47,123,0.15143856680375273,0.4700208447018632,0.0009284228957559537,0.002721679894077872,0,4,2
2026092801,mert_v0,ambient_balanced,0.5,isotonic,47,123,0.1545028434491093,0.5806769077288814,0.003992699541112532,0.00578595653943445,0,4,0
2026092801,mert_v0,ambient_balanced,0.5,ridge_platt,47,123,0.14631828226769733,0.45594361816938594,-0.0041918616402994435,-0.0023986046419775253,0,4,0
2026092801,mert_v0,ambient_balanced,1.0,raw,94,245,0.15051014390799677,0.4677833703574909,0.0,0.0076540555814375855,0,4,0
2026092801,mert_v0,ambient_balanced,1.0,prior_offset,94,245,0.14303230578538784,0.447144746841506,-0.007477838122608937,0.00017621745882864803,0,4,0
2026092801,mert_v0,ambient_balanced,1.0,temperature,94,245,0.15092046897497816,0.46945295673704074,0.0004103250669813818,0.008064380648418967,0,4,0
2026092801,mert_v0,ambient_balanced,1.0,platt,94,245,0.1428560883265592,0.4492042938112186,-0.0076540555814375855,0.0,0,4,0
2026092801,mert_v0,ambient_balanced,1.0,beta,94,245,0.14386919646414098,0.4537785768397777,-0.006640947443855794,0.0010131081375817919,0,4,2
2026092801,mert_v0,ambient_balanced,1.0,isotonic,94,245,0.14840332846561594,0.5690326877490668,-0.0021068154423808383,0.005547240139056747,0,4,0
2026092801,mert_v0,ambient_balanced,1.0,ridge_platt,94,245,0.14248573265988704,0.446874230973373,-0.008024411248109736,-0.0003703556666721508,0,4,0
2026092801,mert_v0,unweighted,0.25,raw,24,72,0.1428696856333354,0.4471996742190184,0.0,-0.013654419198850604,0,4,0
2026092801,mert_v0,unweighted,0.25,prior_offset,24,72,0.1428696856333354,0.4471996742190184,0.0,-0.013654419198850604,0,4,0
2026092801,mert_v0,unweighted,0.25,temperature,24,72,0.1486450929618086,0.46413687515130647,0.005775407328473203,-0.0078790118703774,0,4,0
2026092801,mert_v0,unweighted,0.25,platt,24,72,0.156524104832186,0.48885588662174234,0.013654419198850604,0.0,0,4,0
2026092801,mert_v0,unweighted,0.25,beta,24,72,0.15917441646859032,0.4923516488342315,0.01630473083525491,0.0026503116364043067,0,4,0
2026092801,mert_v0,unweighted,0.25,isotonic,24,72,0.16177873676906307,0.962758069396086,0.01890905113572766,0.005254631936877058,0,4,0
2026092801,mert_v0,unweighted,0.25,ridge_platt,24,72,0.14420797350694103,0.45091056494718523,0.0013382878736056258,-0.012316131325244978,0,4,0
2026092801,mert_v0,unweighted,0.5,raw,47,123,0.1428696856333354,0.4471996742190184,0.0,-0.005857112964998135,0,4,0
2026092801,mert_v0,unweighted,0.5,prior_offset,47,123,0.1428696856333354,0.4471996742190184,0.0,-0.005857112964998135,0,4,0
2026092801,mert_v0,unweighted,0.5,temperature,47,123,0.1441933478555491,0.45119402704302064,0.0013236622222136951,-0.0045334507427844395,0,4,0
2026092801,mert_v0,unweighted,0.5,platt,47,123,0.14872679859833354,0.4634228789776631,0.005857112964998135,0.0,0,4,0
2026092801,mert_v0,unweighted,0.5,beta,47,123,0.1513779033427598,0.46987033903922226,0.008508217709424393,0.002651104744426258,0,4,2
2026092801,mert_v0,unweighted,0.5,isotonic,47,123,0.15394640277222715,0.5794382001587512,0.011076717138891745,0.0052196041738936105,0,4,0
2026092801,mert_v0,unweighted,0.5,ridge_platt,47,123,0.14633253387167655,0.4562822648446306,0.003462848238341143,-0.0023942647266569916,0,4,0
2026092801,mert_v0,unweighted,1.0,raw,94,245,0.1428696856333354,0.4471996742190184,0.0,-1.9407798529935683e-05,0,4,0
2026092801,mert_v0,unweighted,1.0,prior_offset,94,245,0.1428696856333354,0.4471996742190184,0.0,-1.9407798529935683e-05,0,4,0
2026092801,mert_v0,unweighted,1.0,temperature,94,245,0.14325007927136635,0.44863170063654956,0.0003803936380309403,0.0003609858395010046,0,4,0
2026092801,mert_v0,unweighted,1.0,platt,94,245,0.14288909343186534,0.44966465631050645,1.9407798529935683e-05,0.0,0,4,0
2026092801,mert_v0,unweighted,1.0,beta,94,245,0.14385216272687973,0.45403316054312104,0.0009824770935443206,0.0009630692950143849,0,4,2
2026092801,mert_v0,unweighted,1.0,isotonic,94,245,0.14909979926751538,0.571666318976845,0.006230113634179968,0.006210705835650032,0,4,0
2026092801,mert_v0,unweighted,1.0,ridge_platt,94,245,0.1430729703009727,0.44866003552170175,0.00020328466763730457,0.0001838768691073689,0,4,0
2026092801,mert_v1,ambient_balanced,0.25,raw,24,72,0.1502984637653613,0.46540872035604314,0.0,-0.006671396328182644,0,4,0
2026092801,mert_v1,ambient_balanced,0.25,prior_offset,24,72,0.14362897451727738,0.4461932849021436,-0.006669489248083915,-0.013340885576266559,0,4,0
2026092801,mert_v1,ambient_balanced,0.25,temperature,24,72,0.1575918866586613,0.48724845215297735,0.007293422893300011,0.0006220265651173673,0,4,0
2026092801,mert_v1,ambient_balanced,0.25,platt,24,72,0.15696986009354394,0.483703668202752,0.006671396328182644,0.0,0,4,0
2026092801,mert_v1,ambient_balanced,0.25,beta,24,72,0.15716755983451997,0.4837845434968445,0.00686909606915867,0.00019769974097602616,0,4,2
2026092801,mert_v1,ambient_balanced,0.25,isotonic,24,72,0.1605398813300828,0.5906623063208857,0.010241417564721494,0.0035700212365388506,0,4,0
2026092801,mert_v1,ambient_balanced,0.25,ridge_platt,24,72,0.14411634852395144,0.44680476728664975,-0.006182115241409852,-0.012853511569592496,0,4,0
2026092801,mert_v1,ambient_balanced,0.5,raw,47,123,0.1502984637653613,0.46540872035604314,0.0,0.0006691662289061151,0,4,0
2026092801,mert_v1,ambient_balanced,0.5,prior_offset,47,123,0.14362897451727738,0.4461932849021436,-0.006669489248083915,-0.0060003230191778,0,4,0
2026092801,mert_v1,ambient_balanced,0.5,temperature,47,123,0.15211791962478194,0.4724673114099453,0.0018194558594206434,0.0024886220883267585,0,4,0
2026092801,mert_v1,ambient_balanced,0.5,platt,47,123,0.14962929753645518,0.4635683793384408,-0.0006691662289061151,0.0,0,4,0
2026092801,mert_v1,ambient_balanced,0.5,beta,47,123,0.15087288477226582,0.46710408711747103,0.0005744210069045241,0.0012435872358106392,0,4,1
2026092801,mert_v1,ambient_balanced,0.5,isotonic,47,123,0.15339798069517444,0.5767252502787883,0.0030995169298131398,0.003768683158719255,0,4,0
2026092801,mert_v1,ambient_balanced,0.5,ridge_platt,47,123,0.1459338805683081,0.4523977854022502,-0.0043645831970531845,-0.0036954169681470694,0,4,0
2026092801,mert_v1,ambient_balanced,1.0,raw,94,245,0.1502984637653613,0.46540872035604314,0.0,0.005790729029503255,0,4,0
2026092801,mert_v1,ambient_balanced,1.0,prior_offset,94,245,0.14362897451727738,0.4461932849021436,-0.006669489248083915,-0.0008787602185806598,0,4,0
2026092801,mert_v1,ambient_balanced,1.0,temperature,94,245,0.15110927081481526,0.46863738399034827,0.0008108070494539654,0.006601536078957221,0,4,0
2026092801,mert_v1,ambient_balanced,1.0,platt,94,245,0.14450773473585804,0.4502783360848649,-0.005790729029503255,0.0,0,4,0
2026092801,mert_v1,ambient_balanced,1.0,beta,94,245,0.1454902618549967,0.4532694008788181,-0.004808201910364601,0.0009825271191386542,0,4,2
2026092801,mert_v1,ambient_balanced,1.0,isotonic,94,245,0.1476737051057278,0.5894525062611179,-0.0026247586596334915,0.003165970369869764,0,4,0
2026092801,mert_v1,ambient_balanced,1.0,ridge_platt,94,245,0.14385961444202477,0.44654586580090344,-0.006438849323336521,-0.0006481202938332653,0,4,0
2026092801,mert_v1,unweighted,0.25,raw,24,72,0.14376883892936246,0.446972330762616,0.0,-0.013407762342171337,0,4,0
2026092801,mert_v1,unweighted,0.25,prior_offset,24,72,0.14376883892936246,0.446972330762616,0.0,-0.013407762342171337,0,4,0
2026092801,mert_v1,unweighted,0.25,temperature,24,72,0.15109274017613128,0.46925390914113435,0.007323901246768821,-0.006083861095402515,0,4,0
2026092801,mert_v1,unweighted,0.25,platt,24,72,0.1571766012715338,0.4844187017335598,0.013407762342171337,0.0,0,4,0
2026092801,mert_v1,unweighted,0.25,beta,24,72,0.15821407028177026,0.48723910563447004,0.0144452313524078,0.0010374690102364637,0,4,2
2026092801,mert_v1,unweighted,0.25,isotonic,24,72,0.16024749431975985,0.5897772747050951,0.01647865539039739,0.0030708930482260532,0,4,0
2026092801,mert_v1,unweighted,0.25,ridge_platt,24,72,0.14455241022237003,0.4473859536855976,0.0007835712930075733,-0.012624191049163763,0,4,0
2026092801,mert_v1,unweighted,0.5,raw,47,123,0.14376883892936246,0.446972330762616,0.0,-0.006051963379047842,0,4,0
2026092801,mert_v1,unweighted,0.5,prior_offset,47,123,0.14376883892936246,0.446972330762616,0.0,-0.006051963379047842,0,4,0
2026092801,mert_v1,unweighted,0.5,temperature,47,123,0.14624058973729043,0.4557424333497451,0.0024717508079279693,-0.003580212571119873,0,4,0
2026092801,mert_v1,unweighted,0.5,platt,47,123,0.1498208023084103,0.46444908909015764,0.006051963379047842,0.0,0,4,0
2026092801,mert_v1,unweighted,0.5,beta,47,123,0.15167914665608526,0.4702594316082004,0.007910307726722798,0.0018583443476749562,0,4,1
2026092801,mert_v1,unweighted,0.5,isotonic,47,123,0.15340004154407658,0.5767381835860906,0.009631202614714118,0.003579239235666276,0,4,0
2026092801,mert_v1,unweighted,0.5,ridge_platt,47,123,0.14533371680112941,0.4510538851352363,0.0015648778717669565,-0.004487085507280886,0,4,0
2026092801,mert_v1,unweighted,1.0,raw,94,245,0.14376883892936246,0.446972330762616,0.0,-0.0010362622729645221,0,4,0
2026092801,mert_v1,unweighted,1.0,prior_offset,94,245,0.14376883892936246,0.446972330762616,0.0,-0.0010362622729645221,0,4,0
2026092801,mert_v1,unweighted,1.0,temperature,94,245,0.14516620990604648,0.451710743422648,0.0013973709766840203,0.0003611087037194982,0,4,0
2026092801,mert_v1,unweighted,1.0,platt,94,245,0.14480510120232698,0.4514692712892455,0.0010362622729645221,0.0,0,4,0
2026092801,mert_v1,unweighted,1.0,beta,94,245,0.14563242109360383,0.453852029733086,0.001863582164241373,0.0008273198912768509,0,4,2
2026092801,mert_v1,unweighted,1.0,isotonic,94,245,0.14749607811778864,0.5886078374397195,0.0037272391884261846,0.0026909769154616625,0,4,0
2026092801,mert_v1,unweighted,1.0,ridge_platt,94,245,0.1438013539738104,0.44656040722235246,3.25150444479283e-05,-0.0010037472285165938,0,4,0
2026092802,maest,ambient_balanced,0.25,raw,24,48,0.1456326092484287,0.4517998306419461,0.0,0.0019078831315454403,0,4,0
2026092802,maest,ambient_balanced,0.25,prior_offset,24,48,0.139208916163456,0.4327375000350251,-0.006423693084972704,-0.004515809953427263,0,4,0
2026092802,maest,ambient_balanced,0.25,temperature,24,48,0.14781419912141908,0.47169770687437157,0.002181589872990386,0.004089473004535826,0,4,0
2026092802,maest,ambient_balanced,0.25,platt,24,48,0.14372472611688325,0.4589954152821194,-0.0019078831315454403,0.0,0,4,0
2026092802,maest,ambient_balanced,0.25,beta,24,48,0.14602092054870602,0.46325729011090266,0.00038831130027733307,0.0022961944318227734,0,4,2
2026092802,maest,ambient_balanced,0.25,isotonic,24,48,0.15284981909830767,1.1745520127262252,0.007217209849878975,0.009125092981424415,0,4,0
2026092802,maest,ambient_balanced,0.25,ridge_platt,24,48,0.13912860056394172,0.4348595847229768,-0.006504008684486973,-0.004596125552941532,0,4,0
2026092802,maest,ambient_balanced,0.5,raw,47,112,0.1456326092484287,0.4517998306419461,0.0,0.006404377300228775,0,4,0
2026092802,maest,ambient_balanced,0.5,prior_offset,47,112,0.139208916163456,0.4327375000350251,-0.006423693084972704,-1.9315784743928477e-05,0,4,0
2026092802,maest,ambient_balanced,0.5,temperature,47,112,0.14624482421281346,0.4546721840317063,0.0006122149643847663,0.0070165922646135415,0,4,0
2026092802,maest,ambient_balanced,0.5,platt,47,112,0.13922823194819992,0.43618376155833904,-0.006404377300228775,0.0,0,4,0
2026092802,maest,ambient_balanced,0.5,beta,47,112,0.1413733671165226,0.440086481029924,-0.004259242131906094,0.0021451351683226816,0,4,1
2026092802,maest,ambient_balanced,0.5,isotonic,47,112,0.1426075990971584,0.7878009270531174,-0.0030250101512702965,0.0033793671489584787,0,4,0
2026092802,maest,ambient_balanced,0.5,ridge_platt,47,112,0.13858251545008077,0.4332551752645371,-0.007050093798347923,-0.0006457164981191477,0,4,0
2026092802,maest,ambient_balanced,1.0,raw,94,254,0.1456326092484287,0.4517998306419461,0.0,0.006995234184157012,0,4,0
2026092802,maest,ambient_balanced,1.0,prior_offset,94,254,0.139208916163456,0.4327375000350251,-0.006423693084972704,0.0005715410991843084,0,4,0
2026092802,maest,ambient_balanced,1.0,temperature,94,254,0.1461529986489155,0.4526060430463351,0.0005203894004868204,0.007515623584643832,0,4,0
2026092802,maest,ambient_balanced,1.0,platt,94,254,0.13863737506427168,0.4320462971261548,-0.006995234184157012,0.0,0,4,0
2026092802,maest,ambient_balanced,1.0,beta,94,254,0.14005055408909126,0.43514141308995546,-0.005582055159337435,0.0014131790248195775,0,4,0
2026092802,maest,ambient_balanced,1.0,isotonic,94,254,0.1437084830640937,0.6321163699265525,-0.00192412618433499,0.005071107999822022,0,4,0
2026092802,maest,ambient_balanced,1.0,ridge_platt,94,254,0.13830970891121364,0.4323733360623318,-0.007322900337215055,-0.0003276661530580427,0,4,0
2026092802,maest,unweighted,0.25,raw,24,48,0.13853088378137282,0.4310148122106033,0.0,-0.00522718851007864,0,4,0
2026092802,maest,unweighted,0.25,prior_offset,24,48,0.13853088378137282,0.4310148122106033,0.0,-0.00522718851007864,0,4,0
2026092802,maest,unweighted,0.25,temperature,24,48,0.14051861651769748,0.451110360088358,0.00198773273632466,-0.0032394557737539798,0,4,0
2026092802,maest,unweighted,0.25,platt,24,48,0.14375807229145146,0.4589933193878146,0.00522718851007864,0.0,0,4,0
2026092802,maest,unweighted,0.25,beta,24,48,0.14587081062031132,0.4623470720081491,0.007339926838938499,0.002112738328859859,0,4,3
2026092802,maest,unweighted,0.25,isotonic,24,48,0.15321434974367262,1.175105029277838,0.014683465962299802,0.009456277452221162,0,4,0
2026092802,maest,unweighted,0.25,ridge_platt,24,48,0.1393326268454313,0.43390996684762156,0.0008017430640584744,-0.004425445446020165,0,4,0
2026092802,maest,unweighted,0.5,raw,47,112,0.13853088378137282,0.4310148122106033,0.0,-0.0006797800924304709,0,4,0
2026092802,maest,unweighted,0.5,prior_offset,47,112,0.13853088378137282,0.4310148122106033,0.0,-0.0006797800924304709,0,4,0
2026092802,maest,unweighted,0.5,temperature,47,112,0.13899349197981797,0.43508212049668643,0.00046260819844515244,-0.00021717189398531844,0,4,0
2026092802,maest,unweighted,0.5,platt,47,112,0.1392106638738033,0.43599475683821276,0.0006797800924304709,0.0,0,4,0
2026092802,maest,unweighted,0.5,beta,47,112,0.14104520242206464,0.43954986694791565,0.0025143186406918205,0.0018345385482613497,0,4,1
2026092802,maest,unweighted,0.5,isotonic,47,112,0.1432797320677671,0.7894154686771722,0.004748848286394269,0.0040690681939637985,0,4,0
2026092802,maest,unweighted,0.5,ridge_platt,47,112,0.13829074025485294,0.4314105885572911,-0.00024014352651988147,-0.0009199236189503524,0,4,0
2026092802,maest,unweighted,1.0,raw,94,254,0.13853088378137282,0.4310148122106033,0.0,-6.712824379764837e-05,0,4,0
2026092802,maest,unweighted,1.0,prior_offset,94,254,0.13853088378137282,0.4310148122106033,0.0,-6.712824379764837e-05,0,4,0
2026092802,maest,unweighted,1.0,temperature,94,254,0.1388805858913027,0.43250785287068816,0.00034970210992987805,0.0002825738661322297,0,4,0
2026092802,maest,unweighted,1.0,platt,94,254,0.13859801202517047,0.4316995239378601,6.712824379764837e-05,0.0,0,4,0
2026092802,maest,unweighted,1.0,beta,94,254,0.13997797240373533,0.43464407281690365,0.001447088622362508,0.0013799603785648595,0,4,0
2026092802,maest,unweighted,1.0,isotonic,94,254,0.14394454881501415,0.6322738307407495,0.005413665033641324,0.0053465367898436755,0,4,0
2026092802,maest,unweighted,1.0,ridge_platt,94,254,0.13853088378137282,0.4310148122106033,0.0,-6.712824379764837e-05,0,4,0
2026092802,mert_v0,ambient_balanced,0.25,raw,24,48,0.15953899953676634,0.4922514032781119,0.0,-0.0008147535914337645,0,4,0
2026092802,mert_v0,ambient_balanced,0.25,prior_offset,24,48,0.14775021880744588,0.45989953611630235,-0.011788780729320464,-0.012603534320754228,0,4,0
2026092802,mert_v0,ambient_balanced,0.25,temperature,24,48,0.16158660433601246,0.5143775045021209,0.002047604799246122,0.0012328512078123577,0,4,0
2026092802,mert_v0,ambient_balanced,0.25,platt,24,48,0.1603537531282001,0.5290778204849457,0.0008147535914337645,0.0,0,4,0
2026092802,mert_v0,ambient_balanced,0.25,beta,24,48,0.1606271212111419,0.5299509930878774,0.0010881216743755528,0.0002733680829417884,0,4,3
2026092802,mert_v0,ambient_balanced,0.25,isotonic,24,48,0.18075474016644638,2.045718495138843,0.02121574062968004,0.020400987038246277,0,4,0
2026092802,mert_v0,ambient_balanced,0.25,ridge_platt,24,48,0.14890710155547826,0.46691941829519124,-0.01063189798128808,-0.011446651572721844,0,4,0
2026092802,mert_v0,ambient_balanced,0.5,raw,47,112,0.15953899953676634,0.4922514032781119,0.0,0.011357128715980297,0,4,0
2026092802,mert_v0,ambient_balanced,0.5,prior_offset,47,112,0.14775021880744588,0.45989953611630235,-0.011788780729320464,-0.0004316520133401669,0,4,0
2026092802,mert_v0,ambient_balanced,0.5,temperature,47,112,0.15916880224647692,0.4950338283526778,-0.00037019729028942017,0.010986931425690877,0,4,0
2026092802,mert_v0,ambient_balanced,0.5,platt,47,112,0.14818187082078604,0.4751592986019067,-0.011357128715980297,0.0,0,4,0
2026092802,mert_v0,ambient_balanced,0.5,beta,47,112,0.14818604489905707,0.4701534912821606,-0.011352954637709273,4.1740782710242286e-06,0,4,1
2026092802,mert_v0,ambient_balanced,0.5,isotonic,47,112,0.15676044885134233,0.7794840070096002,-0.002778550685424014,0.008578578030556283,0,4,0
2026092802,mert_v0,ambient_balanced,0.5,ridge_platt,47,112,0.1475814534202945,0.4705150048099826,-0.011957546116471846,-0.0006004174004915486,0,4,0
2026092802,mert_v0,ambient_balanced,1.0,raw,94,254,0.15953899953676634,0.4922514032781119,0.0,0.014195403885205765,0,4,0
2026092802,mert_v0,ambient_balanced,1.0,prior_offset,94,254,0.14775021880744588,0.45989953611630235,-0.011788780729320464,0.0024066231558853013,0,4,0
2026092802,mert_v0,ambient_balanced,1.0,temperature,94,254,0.15909105624613812,0.4933437152791443,-0.00044794329062822213,0.013747460594577543,0,4,0
2026092802,mert_v0,ambient_balanced,1.0,platt,94,254,0.14534359565156058,0.461288920624769,-0.014195403885205765,0.0,0,4,0
2026092802,mert_v0,ambient_balanced,1.0,beta,94,254,0.14578355343482924,0.460389690168957,-0.013755446101937102,0.00043995778326866297,0,4,1
2026092802,mert_v0,ambient_balanced,1.0,isotonic,94,254,0.1496165125390121,0.600801051393792,-0.009922486997754248,0.004272916887451517,0,4,0
2026092802,mert_v0,ambient_balanced,1.0,ridge_platt,94,254,0.14560899919601192,0.4616553838737141,-0.013930000340754423,0.0002654035444513425,0,4,0
2026092802,mert_v0,unweighted,0.25,raw,24,48,0.14755728741939353,0.4602925148268813,0.0,-0.0130391637767453,0,4,0
2026092802,mert_v0,unweighted,0.25,prior_offset,24,48,0.14755728741939353,0.4602925148268813,0.0,-0.0130391637767453,0,4,0
2026092802,mert_v0,unweighted,0.25,temperature,24,48,0.149434160323467,0.48279538609352135,0.0018768729040734844,-0.011162290872671815,0,4,0
2026092802,mert_v0,unweighted,0.25,platt,24,48,0.16059645119613883,0.5300111684307103,0.0130391637767453,0.0,0,4,0
2026092802,mert_v0,unweighted,0.25,beta,24,48,0.16166243287580365,0.5334654822266012,0.014105145456410118,0.001065981679664818,0,4,3
2026092802,mert_v0,unweighted,0.25,isotonic,24,48,0.17865869682697433,1.9420142092410027,0.0311014094075808,0.0180622456308355,0,4,0
2026092802,mert_v0,unweighted,0.25,ridge_platt,24,48,0.14943089991676525,0.4675343724996409,0.0018736124973717239,-0.011165551279373576,0,4,0
2026092802,mert_v0,unweighted,0.5,raw,47,112,0.14755728741939353,0.4602925148268813,0.0,-0.0008608586574793131,0,4,0
2026092802,mert_v0,unweighted,0.5,prior_offset,47,112,0.14755728741939353,0.4602925148268813,0.0,-0.0008608586574793131,0,4,0
2026092802,mert_v0,unweighted,0.5,temperature,47,112,0.14703523099278296,0.46409017940435177,-0.0005220564266105732,-0.0013829150840898863,0,4,0
2026092802,mert_v0,unweighted,0.5,platt,47,112,0.14841814607687284,0.4759861791310971,0.0008608586574793131,0.0,0,4,0
2026092802,mert_v0,unweighted,0.5,beta,47,112,0.1486891830658677,0.4716273334499173,0.0011318956464741736,0.0002710369889948605,0,4,1
2026092802,mert_v0,unweighted,0.5,isotonic,47,112,0.15894109738309284,1.0494691004875896,0.01138380996369931,0.010522951306219996,0,4,0
2026092802,mert_v0,unweighted,0.5,ridge_platt,47,112,0.14741424980141546,0.4681096887006746,-0.00014303761797807013,-0.0010038962754573832,0,4,0
2026092802,mert_v0,unweighted,1.0,raw,94,254,0.14755728741939353,0.4602925148268813,0.0,0.0019736181594310065,0,4,0
2026092802,mert_v0,unweighted,1.0,prior_offset,94,254,0.14755728741939353,0.4602925148268813,0.0,0.0019736181594310065,0,4,0
2026092802,mert_v0,unweighted,1.0,temperature,94,254,0.14692403339042948,0.46192090787751827,-0.0006332540289640531,0.0013403641304669534,0,4,0
2026092802,mert_v0,unweighted,1.0,platt,94,254,0.14558366925996252,0.46220335757253883,-0.0019736181594310065,0.0,0,4,0
2026092802,mert_v0,unweighted,1.0,beta,94,254,0.14634568644285398,0.46213153387936484,-0.0012116009765395508,0.0007620171828914557,0,4,1
2026092802,mert_v0,unweighted,1.0,isotonic,94,254,0.1494309024980206,0.6013449693342964,0.0018736150786270722,0.0038472332380580787,0,4,0
2026092802,mert_v0,unweighted,1.0,ridge_platt,94,254,0.14601007165968408,0.4615627074481279,-0.0015472157597094527,0.0004264023997215538,0,4,0
2026092802,mert_v1,ambient_balanced,0.25,raw,24,48,0.15875818756792415,0.4877153970435938,0.0,-0.00013619959076668908,0,4,0
2026092802,mert_v1,ambient_balanced,0.25,prior_offset,24,48,0.14666807436712298,0.45566475854495536,-0.012090113200801167,-0.012226312791567856,0,4,0
2026092802,mert_v1,ambient_balanced,0.25,temperature,24,48,0.15983783280390357,0.5006962124657304,0.0010796452359794206,0.0009434456452127316,0,4,0
2026092802,mert_v1,ambient_balanced,0.25,platt,24,48,0.15889438715869084,0.5095967116699645,0.00013619959076668908,0.0,0,4,0
2026092802,mert_v1,ambient_balanced,0.25,beta,24,48,0.1615131600685548,0.5067505614391501,0.0027549725006306425,0.0026187729098639534,0,4,4
2026092802,mert_v1,ambient_balanced,0.25,isotonic,24,48,0.17388308627361876,1.772308517891524,0.015124898705694612,0.014988699114927923,0,4,0
2026092802,mert_v1,ambient_balanced,0.25,ridge_platt,24,48,0.15361330016384006,0.47861443233609846,-0.005144887404084086,-0.0052810869948507755,0,4,0
2026092802,mert_v1,ambient_balanced,0.5,raw,47,112,0.15875818756792415,0.4877153970435938,0.0,0.011106013612684262,0,4,0
2026092802,mert_v1,ambient_balanced,0.5,prior_offset,47,112,0.14666807436712298,0.45566475854495536,-0.012090113200801167,-0.0009840995881169046,0,4,0
2026092802,mert_v1,ambient_balanced,0.5,temperature,47,112,0.1582563516734937,0.48802466632703223,-0.0005018358944304524,0.01060417771825381,0,4,0
2026092802,mert_v1,ambient_balanced,0.5,platt,47,112,0.14765217395523988,0.466623587415926,-0.011106013612684262,0.0,0,4,0
2026092802,mert_v1,ambient_balanced,0.5,beta,47,112,0.1480925064900051,0.4668204960286486,-0.010665681077919043,0.00044033253476521983,0,4,2
2026092802,mert_v1,ambient_balanced,0.5,isotonic,47,112,0.16073455374939244,1.367128403126483,0.001976366181468292,0.013082379794152554,0,4,0
2026092802,mert_v1,ambient_balanced,0.5,ridge_platt,47,112,0.14699418812393172,0.4611011539569383,-0.011763999443992423,-0.000657985831308161,0,4,0
2026092802,mert_v1,ambient_balanced,1.0,raw,94,254,0.15875818756792415,0.4877153970435938,0.0,0.013691506065964476,0,4,0
2026092802,mert_v1,ambient_balanced,1.0,prior_offset,94,254,0.14666807436712298,0.45566475854495536,-0.012090113200801167,0.0016013928651633091,0,4,0
2026092802,mert_v1,ambient_balanced,1.0,temperature,94,254,0.15841875535365424,0.4876368790188158,-0.000339432214269908,0.013352073851694568,0,4,0
2026092802,mert_v1,ambient_balanced,1.0,platt,94,254,0.14506668150195967,0.4554907278011996,-0.013691506065964476,0.0,0,4,0
2026092802,mert_v1,ambient_balanced,1.0,beta,94,254,0.14537579929612487,0.4569461509335673,-0.013382388271799273,0.00030911779416520346,0,4,2
2026092802,mert_v1,ambient_balanced,1.0,isotonic,94,254,0.15158012656822964,0.7632133169550981,-0.007178060999694508,0.006513445066269968,0,4,0
2026092802,mert_v1,ambient_balanced,1.0,ridge_platt,94,254,0.14508750228721679,0.4559326389305953,-0.013670685280707362,2.082078525711406e-05,0,4,0
2026092802,mert_v1,unweighted,0.25,raw,24,48,0.14667321446965095,0.45662428468031874,0.0,-0.012606112721340074,0,4,0
2026092802,mert_v1,unweighted,0.25,prior_offset,24,48,0.14667321446965095,0.45662428468031874,0.0,-0.012606112721340074,0,4,0
2026092802,mert_v1,unweighted,0.25,temperature,24,48,0.1475674677305335,0.46944172105522,0.0008942532608825493,-0.011711859460457524,0,4,0
2026092802,mert_v1,unweighted,0.25,platt,24,48,0.15927932719099103,0.5109271479115863,0.012606112721340074,0.0,0,4,0
2026092802,mert_v1,unweighted,0.25,beta,24,48,0.1627244608625019,0.5103510226780045,0.016051246392850937,0.003445133671510864,0,4,4
2026092802,mert_v1,unweighted,0.25,isotonic,24,48,0.17508903904911965,1.7758580173908425,0.0284158245794687,0.015809711858128628,0,4,0
2026092802,mert_v1,unweighted,0.25,ridge_platt,24,48,0.15405803294519485,0.4798169621236129,0.007384818475543897,-0.005221294245796176,0,4,0
2026092802,mert_v1,unweighted,0.5,raw,47,112,0.14667321446965095,0.45662428468031874,0.0,-0.0012618787630602757,0,4,0
2026092802,mert_v1,unweighted,0.5,prior_offset,47,112,0.14667321446965095,0.45662428468031874,0.0,-0.0012618787630602757,0,4,0
2026092802,mert_v1,unweighted,0.5,temperature,47,112,0.1460972796823603,0.4577678477666891,-0.0005759347872906495,-0.0018378135503509252,0,4,0
2026092802,mert_v1,unweighted,0.5,platt,47,112,0.14793509323271123,0.4675875057999718,0.0012618787630602757,0.0,0,4,0
2026092802,mert_v1,unweighted,0.5,beta,47,112,0.1485522928727137,0.46813155577378696,0.001879078403062756,0.0006171996400024804,0,4,2
2026092802,mert_v1,unweighted,0.5,isotonic,47,112,0.16185165637943896,1.3701197552442175,0.01517844190978801,0.013916563146727734,0,4,0
2026092802,mert_v1,unweighted,0.5,ridge_platt,47,112,0.14725524327123027,0.4602475108280119,0.0005820288015793151,-0.0006798499614809606,0,4,0
2026092802,mert_v1,unweighted,1.0,raw,94,254,0.14667321446965095,0.45662428468031874,0.0,0.0012600470789196627,0,4,0
2026092802,mert_v1,unweighted,1.0,prior_offset,94,254,0.14667321446965095,0.45662428468031874,0.0,0.0012600470789196627,0,4,0
2026092802,mert_v1,unweighted,1.0,temperature,94,254,0.14621124885766967,0.45692521485663923,-0.00046196561198127983,0.0007980814669383829,0,4,0
2026092802,mert_v1,unweighted,1.0,platt,94,254,0.1454131673907313,0.4568000159284744,-0.0012600470789196627,0.0,0,4,0
2026092802,mert_v1,unweighted,1.0,beta,94,254,0.1461202856679411,0.45919264763162626,-0.0005529288017098455,0.0007071182772098172,0,4,2
2026092802,mert_v1,unweighted,1.0,isotonic,94,254,0.1502699456234822,0.6276611237587414,0.003596731153831245,0.004856778232750908,0,4,0
2026092802,mert_v1,unweighted,1.0,ridge_platt,94,254,0.14546443441759602,0.45627571192608407,-0.0012087800520549363,5.1267026864726395e-05,0,4,0
2026092803,maest,ambient_balanced,0.25,raw,24,51,0.124434260672849,0.39399314676185865,0.0,0.011585757695183233,0,4,0
2026092803,maest,ambient_balanced,0.25,prior_offset,24,51,0.11258449205573612,0.3644785427423835,-0.011849768617112885,-0.0002640109219296527,0,4,0
2026092803,maest,ambient_balanced,0.25,temperature,24,51,0.12517563564085263,0.40075688356444006,0.0007413749680036247,0.012327132663186857,0,4,0
2026092803,maest,ambient_balanced,0.25,platt,24,51,0.11284850297766577,0.3706590473969153,-0.011585757695183233,0.0,0,4,0
2026092803,maest,ambient_balanced,0.25,beta,24,51,0.11266777744014188,0.37561742360450007,-0.011766483232707126,-0.0001807255375238931,0,4,1
2026092803,maest,ambient_balanced,0.25,isotonic,24,51,0.12098580021992746,1.0793218158024183,-0.003448460452921548,0.008137297242261685,0,4,0
2026092803,maest,ambient_balanced,0.25,ridge_platt,24,51,0.11628517920212901,0.37291446820218344,-0.008149081470719993,0.0034366762244632393,0,4,0
2026092803,maest,ambient_balanced,0.5,raw,47,122,0.124434260672849,0.39399314676185865,0.0,0.00552911412083934,0,4,0
2026092803,maest,ambient_balanced,0.5,prior_offset,47,122,0.11258449205573612,0.3644785427423835,-0.011849768617112885,-0.006320654496273545,0,4,0
2026092803,maest,ambient_balanced,0.5,temperature,47,122,0.12718241869371863,0.40144631537731057,0.002748158020869626,0.008277272141708966,0,4,0
2026092803,maest,ambient_balanced,0.5,platt,47,122,0.11890514655200966,0.3801399469032722,-0.00552911412083934,0.0,0,4,0
2026092803,maest,ambient_balanced,0.5,beta,47,122,0.11922369117338136,0.38239461930841645,-0.005210569499467646,0.00031854462137169415,0,4,3
2026092803,maest,ambient_balanced,0.5,isotonic,47,122,0.12011905678401157,0.5730388685160663,-0.004315203888837438,0.0012139102320019024,0,4,0
2026092803,maest,ambient_balanced,0.5,ridge_platt,47,122,0.11333101007031338,0.3668841103767611,-0.011103250602535628,-0.005574136481696287,0,4,0
2026092803,maest,ambient_balanced,1.0,raw,94,245,0.124434260672849,0.39399314676185865,0.0,0.007424130306276991,0,4,0
2026092803,maest,ambient_balanced,1.0,prior_offset,94,245,0.11258449205573612,0.3644785427423835,-0.011849768617112885,-0.004425638310835894,0,4,0
2026092803,maest,ambient_balanced,1.0,temperature,94,245,0.12718757070454095,0.40445833553902055,0.0027533100316919495,0.01017744033796894,0,4,0
2026092803,maest,ambient_balanced,1.0,platt,94,245,0.11701013036657201,0.3788615960286591,-0.007424130306276991,0.0,0,4,0
2026092803,maest,ambient_balanced,1.0,beta,94,245,0.11612312629249869,0.3774102246604299,-0.008311134380350318,-0.0008870040740733276,0,4,0
2026092803,maest,ambient_balanced,1.0,isotonic,94,245,0.11429910210342561,0.4346634729294947,-0.010135158569423389,-0.0027110282631463978,0,4,0
2026092803,maest,ambient_balanced,1.0,ridge_platt,94,245,0.11478009786887014,0.37182587745757173,-0.009654162803978864,-0.0022300324977018726,0,4,0
2026092803,maest,unweighted,0.25,raw,24,51,0.11288072965618777,0.36469424392890576,0.0,1.4333310149536316e-05,0,4,0
2026092803,maest,unweighted,0.25,prior_offset,24,51,0.11288072965618777,0.36469424392890576,0.0,1.4333310149536316e-05,0,4,0
2026092803,maest,unweighted,0.25,temperature,24,51,0.1135596156680306,0.37150933160093863,0.0006788860118428358,0.0006932193219923721,0,4,0
2026092803,maest,unweighted,0.25,platt,24,51,0.11286639634603823,0.37038497534207243,-1.4333310149536316e-05,0.0,0,4,0
2026092803,maest,unweighted,0.25,beta,24,51,0.11263307526704948,0.37526596517393135,-0.00024765438913829096,-0.00023332107898875465,0,4,1
2026092803,maest,unweighted,0.25,isotonic,24,51,0.12093447510469699,1.047058976079313,0.008053745448509217,0.008068078758658753,0,4,0
2026092803,maest,unweighted,0.25,ridge_platt,24,51,0.11284973500523564,0.36456297574192276,-3.099465095213194e-05,-1.6661340802595626e-05,0,4,0
2026092803,maest,unweighted,0.5,raw,47,122,0.11288072965618777,0.36469424392890576,0.0,-0.0061096627324469105,0,4,0
2026092803,maest,unweighted,0.5,prior_offset,47,122,0.11288072965618777,0.36469424392890576,0.0,-0.0061096627324469105,0,4,0
2026092803,maest,unweighted,0.5,temperature,47,122,0.11587665218440295,0.3728362551135976,0.002995922528215178,-0.0031137402042317325,0,4,0
2026092803,maest,unweighted,0.5,platt,47,122,0.11899039238863468,0.3801091610262518,0.0061096627324469105,0.0,0,4,0
2026092803,maest,unweighted,0.5,beta,47,122,0.11920156998656872,0.3818330105675771,0.006320840330380953,0.00021117759793404245,0,4,3
2026092803,maest,unweighted,0.5,isotonic,47,122,0.11945308895768735,0.5717545252748877,0.006572359301499575,0.00046269656905266465,0,4,0
2026092803,maest,unweighted,0.5,ridge_platt,47,122,0.11362059368932216,0.3668339229865408,0.0007398640331343909,-0.00536979869931252,0,4,0
2026092803,maest,unweighted,1.0,raw,94,245,0.11288072965618777,0.36469424392890576,0.0,-0.004192580455929282,0,4,0
2026092803,maest,unweighted,1.0,prior_offset,94,245,0.11288072965618777,0.36469424392890576,0.0,-0.004192580455929282,0,4,0
2026092803,maest,unweighted,1.0,temperature,94,245,0.11579194142551981,0.37569399942501736,0.0029112117693320394,-0.0012813686865972423,0,4,0
2026092803,maest,unweighted,1.0,platt,94,245,0.11707331011211705,0.37880992022857624,0.004192580455929282,0.0,0,4,0
2026092803,maest,unweighted,1.0,beta,94,245,0.11606377941808198,0.3769462075275189,0.0031830497618942077,-0.001009530694035074,0,4,1
2026092803,maest,unweighted,1.0,isotonic,94,245,0.11494131159637626,0.43571260077877083,0.0020605819401884884,-0.0021319985157407934,0,4,0
2026092803,maest,unweighted,1.0,ridge_platt,94,245,0.11527238941590581,0.3722178144286532,0.002391659759718043,-0.001800920696211239,0,4,0
2026092803,mert_v0,ambient_balanced,0.25,raw,24,51,0.14691824428496825,0.45360188421954667,0.0,0.018674174263488302,0,4,0
2026092803,mert_v0,ambient_balanced,0.25,prior_offset,24,51,0.12944663597339134,0.4091953656181782,-0.017471608311576903,0.0012025659519113996,0,4,0
2026092803,mert_v0,ambient_balanced,0.25,temperature,24,51,0.14870472841494603,0.4542708979218735,0.0017864841299777834,0.020460658393466086,0,4,0
2026092803,mert_v0,ambient_balanced,0.25,platt,24,51,0.12824407002147994,0.4033282926284167,-0.018674174263488302,0.0,0,4,0
2026092803,mert_v0,ambient_balanced,0.25,beta,24,51,0.12691529491518455,0.3995375605408453,-0.020002949369783696,-0.0013287751062953934,0,4,2
2026092803,mert_v0,ambient_balanced,0.25,isotonic,24,51,0.13597080989644839,0.8637200109705524,-0.010947434388519861,0.007726739874968441,0,4,0
2026092803,mert_v0,ambient_balanced,0.25,ridge_platt,24,51,0.13465920580833446,0.41680539377603165,-0.012259038476633788,0.0064151357868545145,0,4,0
2026092803,mert_v0,ambient_balanced,0.5,raw,47,122,0.14691824428496825,0.45360188421954667,0.0,0.008864104647314297,0,4,0
2026092803,mert_v0,ambient_balanced,0.5,prior_offset,47,122,0.12944663597339134,0.4091953656181782,-0.017471608311576903,-0.008607503664262606,0,4,0
2026092803,mert_v0,ambient_balanced,0.5,temperature,47,122,0.1479685479508156,0.45520106967032076,0.001050303665847352,0.009914408313161649,0,4,0
2026092803,mert_v0,ambient_balanced,0.5,platt,47,122,0.13805413963765395,0.42807207931764313,-0.008864104647314297,0.0,0,4,1
2026092803,mert_v0,ambient_balanced,0.5,beta,47,122,0.13284262969479052,0.41506050126243754,-0.014075614590177726,-0.005211509942863429,0,4,1
2026092803,mert_v0,ambient_balanced,0.5,isotonic,47,122,0.13158350785717138,0.6719024647849314,-0.015334736427796869,-0.006470631780482572,0,4,0
2026092803,mert_v0,ambient_balanced,0.5,ridge_platt,47,122,0.13157317063489016,0.4137838691033358,-0.01534507365007809,-0.006480969002763792,0,4,0
2026092803,mert_v0,ambient_balanced,1.0,raw,94,245,0.14691824428496825,0.45360188421954667,0.0,0.012368730435391329,0,4,0
2026092803,mert_v0,ambient_balanced,1.0,prior_offset,94,245,0.12944663597339134,0.4091953656181782,-0.017471608311576903,-0.005102877876185574,0,4,0
2026092803,mert_v0,ambient_balanced,1.0,temperature,94,245,0.14907131327963746,0.4617305530862815,0.002153068994669216,0.014521799430060545,0,4,0
2026092803,mert_v0,ambient_balanced,1.0,platt,94,245,0.13454951384957692,0.4214186657193303,-0.012368730435391329,0.0,0,4,0
2026092803,mert_v0,ambient_balanced,1.0,beta,94,245,0.1298745573392485,0.4122411869445605,-0.017043686945719755,-0.004674956510328426,0,4,2
2026092803,mert_v0,ambient_balanced,1.0,isotonic,94,245,0.13325061636626487,0.6784409078807154,-0.013667627918703379,-0.0012988974833120503,0,4,0
2026092803,mert_v0,ambient_balanced,1.0,ridge_platt,94,245,0.1314557862978708,0.4134741457865432,-0.015462457987097444,-0.003093727551706116,0,4,0
2026092803,mert_v0,unweighted,0.25,raw,24,51,0.12933054939480385,0.409590863135765,0.0,0.0014313234581738443,0,4,0
2026092803,mert_v0,unweighted,0.25,prior_offset,24,51,0.12933054939480385,0.409590863135765,0.0,0.0014313234581738443,0,4,0
2026092803,mert_v0,unweighted,0.25,temperature,24,51,0.13050775899815686,0.40715202750481366,0.0011772096033530188,0.002608533061526863,0,4,0
2026092803,mert_v0,unweighted,0.25,platt,24,51,0.12789922593663,0.40255966142864635,-0.0014313234581738443,0.0,0,4,0
2026092803,mert_v0,unweighted,0.25,beta,24,51,0.12722768808412357,0.4004947780464596,-0.0021028613106802707,-0.0006715378525064264,0,4,2
2026092803,mert_v0,unweighted,0.25,isotonic,24,51,0.13218291705205204,0.8868003245821,0.002852367657248195,0.004283691115422039,0,4,0
2026092803,mert_v0,unweighted,0.25,ridge_platt,24,51,0.12960155770092047,0.4045128720167817,0.0002710083061166213,0.0017023317642904656,0,4,0
2026092803,mert_v0,unweighted,0.5,raw,47,122,0.12933054939480385,0.409590863135765,0.0,-0.008466436609533473,0,4,0
2026092803,mert_v0,unweighted,0.5,prior_offset,47,122,0.12933054939480385,0.409590863135765,0.0,-0.008466436609533473,0,4,0
2026092803,mert_v0,unweighted,0.5,temperature,47,122,0.12947209664136178,0.40694692894968415,0.0001415472465579326,-0.00832488936297554,0,4,0
2026092803,mert_v0,unweighted,0.5,platt,47,122,0.13779698600433732,0.42748116146132104,0.008466436609533473,0.0,0,4,1
2026092803,mert_v0,unweighted,0.5,beta,47,122,0.13295012777034462,0.4156250333321029,0.0036195783755407773,-0.004846858233992696,0,4,1
2026092803,mert_v0,unweighted,0.5,isotonic,47,122,0.13089298571793548,0.6412373040520265,0.001562436323131633,-0.00690400028640184,0,4,0
2026092803,mert_v0,unweighted,0.5,ridge_platt,47,122,0.12933054939480385,0.409590863135765,0.0,-0.008466436609533473,0,4,0
2026092803,mert_v0,unweighted,1.0,raw,94,245,0.12933054939480385,0.409590863135765,0.0,-0.0048265710176783605,0,4,0
2026092803,mert_v0,unweighted,1.0,prior_offset,94,245,0.12933054939480385,0.409590863135765,0.0,-0.0048265710176783605,0,4,0
2026092803,mert_v0,unweighted,1.0,temperature,94,245,0.1297397645912158,0.4099068748046649,0.0004092151964119606,-0.0044173558212664,0,4,0
2026092803,mert_v0,unweighted,1.0,platt,94,245,0.1341571204124822,0.42052190669858797,0.0048265710176783605,0.0,0,4,0
2026092803,mert_v0,unweighted,1.0,beta,94,245,0.13010832975127076,0.41315625484203206,0.0007777803564669172,-0.004048790661211443,0,4,2
2026092803,mert_v0,unweighted,1.0,isotonic,94,245,0.13310862119924335,0.6482519731754908,0.003778071804439509,-0.0010484992132388515,0,4,0
2026092803,mert_v0,unweighted,1.0,ridge_platt,94,245,0.12933054939480385,0.409590863135765,0.0,-0.0048265710176783605,0,4,0
2026092803,mert_v1,ambient_balanced,0.25,raw,24,51,0.14695349173948147,0.4538749130100957,0.0,0.01913122595975228,0,4,0
2026092803,mert_v1,ambient_balanced,0.25,prior_offset,24,51,0.12962511926914322,0.41077610098979406,-0.01732837247033825,0.0018028534894140302,0,4,0
2026092803,mert_v1,ambient_balanced,0.25,temperature,24,51,0.14953407959824289,0.45664131755236337,0.0025805878587614184,0.021711813818513698,0,4,0
2026092803,mert_v1,ambient_balanced,0.25,platt,24,51,0.1278222657797292,0.40880261877722945,-0.01913122595975228,0.0,0,4,0
2026092803,mert_v1,ambient_balanced,0.25,beta,24,51,0.12695898768191816,0.40973844483474914,-0.01999450405756331,-0.0008632780978110322,0,4,2
2026092803,mert_v1,ambient_balanced,0.25,isotonic,24,51,0.13456342033942914,1.6120520446754674,-0.012390071400052327,0.006741154559699952,0,4,0
2026092803,mert_v1,ambient_balanced,0.25,ridge_platt,24,51,0.13543739001348673,0.4244565539642219,-0.011516101725994737,0.007615124233757542,0,4,0
2026092803,mert_v1,ambient_balanced,0.5,raw,47,122,0.14695349173948147,0.4538749130100957,0.0,0.01377784187449102,0,4,0
2026092803,mert_v1,ambient_balanced,0.5,prior_offset,47,122,0.12962511926914322,0.41077610098979406,-0.01732837247033825,-0.003550530595847229,0,4,0
2026092803,mert_v1,ambient_balanced,0.5,temperature,47,122,0.1468904890975594,0.4495662290109853,-6.30026419220775e-05,0.013714839232568943,0,4,0
2026092803,mert_v1,ambient_balanced,0.5,platt,47,122,0.13317564986499045,0.41486131214474964,-0.01377784187449102,0.0,0,4,0
2026092803,mert_v1,ambient_balanced,0.5,beta,47,122,0.12806892477346796,0.4032880223833409,-0.01888456696601351,-0.0051067250915224904,0,4,2
2026092803,mert_v1,ambient_balanced,0.5,isotonic,47,122,0.13311686501329634,0.8041914244322078,-0.01383662672618513,-5.8784851694110296e-05,0,4,0
2026092803,mert_v1,ambient_balanced,0.5,ridge_platt,47,122,0.13105440801664303,0.41275774282011174,-0.015899083722838436,-0.002121241848347416,0,4,0
2026092803,mert_v1,ambient_balanced,1.0,raw,94,245,0.14695349173948147,0.4538749130100957,0.0,0.01518265003836125,0,4,0
2026092803,mert_v1,ambient_balanced,1.0,prior_offset,94,245,0.12962511926914322,0.41077610098979406,-0.01732837247033825,-0.0021457224319769985,0,4,0
2026092803,mert_v1,ambient_balanced,1.0,temperature,94,245,0.1481152456400836,0.4571397700698062,0.001161753900602136,0.016344403938963387,0,4,0
2026092803,mert_v1,ambient_balanced,1.0,platt,94,245,0.13177084170112022,0.4154732060841717,-0.01518265003836125,0.0,0,4,0
2026092803,mert_v1,ambient_balanced,1.0,beta,94,245,0.12852881238916433,0.4101343081093818,-0.018424679350317136,-0.003242029311955885,0,4,2
2026092803,mert_v1,ambient_balanced,1.0,isotonic,94,245,0.13093862647572868,0.64491556462435,-0.016014865263752787,-0.000832215225391536,0,4,0
2026092803,mert_v1,ambient_balanced,1.0,ridge_platt,94,245,0.13076681846608745,0.41320626339876915,-0.016186673273394014,-0.0010040232350327638,0,4,0
2026092803,mert_v1,unweighted,0.25,raw,24,51,0.1295933305116433,0.4113582586552061,0.0,0.0022980433490188135,0,4,0
2026092803,mert_v1,unweighted,0.25,prior_offset,24,51,0.1295933305116433,0.4113582586552061,0.0,0.0022980433490188135,0,4,0
2026092803,mert_v1,unweighted,0.25,temperature,24,51,0.13109639683232127,0.41165092026895006,0.0015030663206779815,0.003801109669696795,0,4,0
2026092803,mert_v1,unweighted,0.25,platt,24,51,0.12729528716262448,0.4074206132232213,-0.0022980433490188135,0.0,0,4,0
2026092803,mert_v1,unweighted,0.25,beta,24,51,0.12680507473467648,0.4078129244742504,-0.0027882557769668137,-0.0004902124279480002,0,4,2
2026092803,mert_v1,unweighted,0.25,isotonic,24,51,0.1335443322080693,1.5766379098006682,0.00395100169642601,0.006249045045444823,0,4,0
2026092803,mert_v1,unweighted,0.25,ridge_platt,24,51,0.13097284118992286,0.414099388531021,0.0013795106782795719,0.0036775540272983853,0,4,0
2026092803,mert_v1,unweighted,0.5,raw,47,122,0.1295933305116433,0.4113582586552061,0.0,-0.0032191706772042306,0,4,0
2026092803,mert_v1,unweighted,0.5,prior_offset,47,122,0.1295933305116433,0.4113582586552061,0.0,-0.0032191706772042306,0,4,0
2026092803,mert_v1,unweighted,0.5,temperature,47,122,0.12855697838564373,0.4034033468092185,-0.0010363521259995623,-0.004255522803203793,0,4,0
2026092803,mert_v1,unweighted,0.5,platt,47,122,0.13281250118884752,0.41395609791830384,0.0032191706772042306,0.0,0,4,0
2026092803,mert_v1,unweighted,0.5,beta,47,122,0.12820268678066316,0.4036085484335585,-0.0013906437309801345,-0.004609814408184365,0,4,2
2026092803,mert_v1,unweighted,0.5,isotonic,47,122,0.1346832078360409,0.8736464510098597,0.0050898773243976125,0.001870706647193382,0,4,0
2026092803,mert_v1,unweighted,0.5,ridge_platt,47,122,0.1291953454148528,0.4094384613555532,-0.0003979850967904819,-0.0036171557739947124,0,4,0
2026092803,mert_v1,unweighted,1.0,raw,94,245,0.1295933305116433,0.4113582586552061,0.0,-0.0018560379818385597,0,4,0
2026092803,mert_v1,unweighted,1.0,prior_offset,94,245,0.1295933305116433,0.4113582586552061,0.0,-0.0018560379818385597,0,4,0
2026092803,mert_v1,unweighted,1.0,temperature,94,245,0.12949766690865022,0.4100363451993928,-9.566360299306798e-05,-0.0019517015848316277,0,4,0
2026092803,mert_v1,unweighted,1.0,platt,94,245,0.13144936849348185,0.41482360832738685,0.0018560379818385597,0.0,0,4,0
2026092803,mert_v1,unweighted,1.0,beta,94,245,0.12819235037666066,0.40949106542686564,-0.0014009801349826323,-0.003257018116821192,0,4,2
2026092803,mert_v1,unweighted,1.0,isotonic,94,245,0.1317104325645504,0.6475256505628073,0.002117102052907105,0.00026106407106854523,0,4,0
2026092803,mert_v1,unweighted,1.0,ridge_platt,94,245,0.1295933305116433,0.4113582586552061,0.0,-0.0018560379818385597,0,4,0
2026092804,maest,ambient_balanced,0.25,raw,24,67,0.12982456722227476,0.4087990745037928,0.0,0.0007817984541296508,0,4,0
2026092804,maest,ambient_balanced,0.25,prior_offset,24,67,0.11722908374430613,0.377840707279851,-0.012595483477968628,-0.011813685023838977,0,4,0
2026092804,maest,ambient_balanced,0.25,temperature,24,67,0.14090591384123016,0.44310303191800304,0.011081346618955407,0.011863145073085057,0,4,0
2026092804,maest,ambient_balanced,0.25,platt,24,67,0.1290427687681451,0.4119073331242689,-0.0007817984541296508,0.0,0,4,0
2026092804,maest,ambient_balanced,0.25,beta,24,67,0.12878164110252768,0.411713211075721,-0.001042926119747073,-0.0002611276656174222,0,4,3
2026092804,maest,ambient_balanced,0.25,isotonic,24,67,0.13553606053647974,0.838751992842688,0.0057114933142049795,0.00649329176833463,0,4,0
2026092804,maest,ambient_balanced,0.25,ridge_platt,24,67,0.11700199198423002,0.3770094334107845,-0.01282257523804474,-0.012040776783915089,0,4,0
2026092804,maest,ambient_balanced,0.5,raw,47,117,0.12982456722227476,0.4087990745037928,0.0,0.006497562323260431,0,4,0
2026092804,maest,ambient_balanced,0.5,prior_offset,47,117,0.11722908374430613,0.377840707279851,-0.012595483477968628,-0.006097921154708197,0,4,0
2026092804,maest,ambient_balanced,0.5,temperature,47,117,0.13366038076323944,0.4210000124936926,0.003835813540964683,0.010333375864225114,0,4,0
2026092804,maest,ambient_balanced,0.5,platt,47,117,0.12332700489901433,0.3956171533973367,-0.006497562323260431,0.0,0,4,0
2026092804,maest,ambient_balanced,0.5,beta,47,117,0.12351146416302435,0.396341761377532,-0.006313103059250411,0.0001844592640100201,0,4,2
2026092804,maest,ambient_balanced,0.5,isotonic,47,117,0.13030456400703794,0.699092740657634,0.0004799967847631814,0.006977559108023612,0,4,0
2026092804,maest,ambient_balanced,0.5,ridge_platt,47,117,0.12100050616938268,0.39004989410721685,-0.008824061052892074,-0.002326498729631643,0,4,0
2026092804,maest,ambient_balanced,1.0,raw,94,249,0.12982456722227476,0.4087990745037928,0.0,0.009539855145260345,0,4,0
2026092804,maest,ambient_balanced,1.0,prior_offset,94,249,0.11722908374430613,0.377840707279851,-0.012595483477968628,-0.0030556283327082823,0,4,0
2026092804,maest,ambient_balanced,1.0,temperature,94,249,0.1319122557881571,0.4163469945438475,0.002087688565882345,0.01162754371114269,0,4,0
2026092804,maest,ambient_balanced,1.0,platt,94,249,0.12028471207701441,0.38621992386925796,-0.009539855145260345,0.0,0,4,0
2026092804,maest,ambient_balanced,1.0,beta,94,249,0.11931633383071306,0.38470015195826546,-0.010508233391561692,-0.0009683782463013463,0,4,0
2026092804,maest,ambient_balanced,1.0,isotonic,94,249,0.12429477255705539,0.5854083348487418,-0.00552979466521937,0.004010060480040975,0,4,0
2026092804,maest,ambient_balanced,1.0,ridge_platt,94,249,0.11806923102292811,0.37942340297170396,-0.011755336199346642,-0.0022154810540862963,0,4,0
2026092804,maest,unweighted,0.25,raw,24,67,0.11715325477584673,0.37712758806695235,0.0,-0.012132982670261777,0,4,0
2026092804,maest,unweighted,0.25,prior_offset,24,67,0.11715325477584673,0.37712758806695235,0.0,-0.012132982670261777,0,4,0
2026092804,maest,unweighted,0.25,temperature,24,67,0.12729347245001496,0.4077842389448635,0.010140217674168228,-0.001992764996093549,0,4,0
2026092804,maest,unweighted,0.25,platt,24,67,0.1292862374461085,0.41249463298020417,0.012132982670261777,0.0,0,4,0
2026092804,maest,unweighted,0.25,beta,24,67,0.128397939019515,0.4104567263708681,0.011244684243668257,-0.0008882984265935201,0,4,3
2026092804,maest,unweighted,0.25,isotonic,24,67,0.13434867805569425,0.7374536053237188,0.01719542327984752,0.005062440609585744,0,4,0
2026092804,maest,unweighted,0.25,ridge_platt,24,67,0.11715325477584673,0.37712758806695235,0.0,-0.012132982670261777,0,4,0
2026092804,maest,unweighted,0.5,raw,47,117,0.11715325477584673,0.37712758806695235,0.0,-0.006184877838750907,0,4,0
2026092804,maest,unweighted,0.5,prior_offset,47,117,0.11715325477584673,0.37712758806695235,0.0,-0.006184877838750907,0,4,0
2026092804,maest,unweighted,0.5,temperature,47,117,0.12139477413030789,0.3908815131648775,0.004241519354461154,-0.0019433584842897533,0,4,0
2026092804,maest,unweighted,0.5,platt,47,117,0.12333813261459764,0.3956056457117564,0.006184877838750907,0.0,0,4,0
2026092804,maest,unweighted,0.5,beta,47,117,0.12339294662540927,0.3954037717004787,0.006239691849562537,5.481401081162962e-05,0,4,2
2026092804,maest,unweighted,0.5,isotonic,47,117,0.12882378866085345,0.596446644267487,0.011670533885006718,0.00548565604625581,0,4,0
2026092804,maest,unweighted,0.5,ridge_platt,47,117,0.12046890269175722,0.38877203869588384,0.0033156479159104912,-0.002869229922840416,0,4,0
2026092804,maest,unweighted,1.0,raw,94,249,0.11715325477584673,0.37712758806695235,0.0,-0.0031825159161121275,0,4,0
2026092804,maest,unweighted,1.0,prior_offset,94,249,0.11715325477584673,0.37712758806695235,0.0,-0.0031825159161121275,0,4,0
2026092804,maest,unweighted,1.0,temperature,94,249,0.11863130694571584,0.3824610050148225,0.0014780521698691124,-0.0017044637462430151,0,4,0
2026092804,maest,unweighted,1.0,platt,94,249,0.12033577069195886,0.38616928341095463,0.0031825159161121275,0.0,0,4,0
2026092804,maest,unweighted,1.0,beta,94,249,0.11952689678682786,0.38464453401861176,0.002373642010981128,-0.0008088739051309995,0,4,0
2026092804,maest,unweighted,1.0,isotonic,94,249,0.12368360013438277,0.5845257692560606,0.006530345358536041,0.0033478294424239136,0,4,0
2026092804,maest,unweighted,1.0,ridge_platt,94,249,0.11788786624735724,0.37885554593477416,0.0007346114715105073,-0.00244790444460162,0,4,0
2026092804,mert_v0,ambient_balanced,0.25,raw,24,67,0.15055759335394164,0.4656444208204277,0.0,0.0073279002400639115,0,4,0
2026092804,mert_v0,ambient_balanced,0.25,prior_offset,24,67,0.13566816038920854,0.429695780745022,-0.014889432964733107,-0.0075615327246691955,0,4,0
2026092804,mert_v0,ambient_balanced,0.25,temperature,24,67,0.1595168881271101,0.49280523598708603,0.008959294773168452,0.016287195013232364,0,4,0
2026092804,mert_v0,ambient_balanced,0.25,platt,24,67,0.14322969311387773,0.4536478445733483,-0.0073279002400639115,0.0,0,4,0
2026092804,mert_v0,ambient_balanced,0.25,beta,24,67,0.14226807498696906,0.4504898797198754,-0.008289518366972587,-0.0009616181269086754,0,4,2
2026092804,mert_v0,ambient_balanced,0.25,isotonic,24,67,0.15090209389434187,1.0203284702207909,0.00034450054040022215,0.007672400780464134,0,4,0
2026092804,mert_v0,ambient_balanced,0.25,ridge_platt,24,67,0.13574700466903472,0.43040837793637704,-0.014810588684906922,-0.007482688444843011,0,4,0
2026092804,mert_v0,ambient_balanced,0.5,raw,47,117,0.15055759335394164,0.4656444208204277,0.0,0.013916728278629303,0,4,0
2026092804,mert_v0,ambient_balanced,0.5,prior_offset,47,117,0.13566816038920854,0.429695780745022,-0.014889432964733107,-0.0009727046861038036,0,4,0
2026092804,mert_v0,ambient_balanced,0.5,temperature,47,117,0.1522095464590594,0.470963512208649,0.0016519531051177594,0.015568681383747063,0,4,0
2026092804,mert_v0,ambient_balanced,0.5,platt,47,117,0.13664086507531234,0.43607549966329384,-0.013916728278629303,0.0,0,4,0
2026092804,mert_v0,ambient_balanced,0.5,beta,47,117,0.13703611504875776,0.43880201553240017,-0.013521478305183882,0.0003952499734454218,0,4,1
2026092804,mert_v0,ambient_balanced,0.5,isotonic,47,117,0.13867700637043084,0.7253785724161902,-0.011880586983510799,0.0020361412951185043,0,4,0
2026092804,mert_v0,ambient_balanced,0.5,ridge_platt,47,117,0.13672698655244975,0.43380207197454684,-0.013830606801491896,8.612147713740748e-05,0,4,0
2026092804,mert_v0,ambient_balanced,1.0,raw,94,249,0.15055759335394164,0.4656444208204277,0.0,0.014782381805964917,0,4,0
2026092804,mert_v0,ambient_balanced,1.0,prior_offset,94,249,0.13566816038920854,0.429695780745022,-0.014889432964733107,-0.00010705115876818994,0,4,0
2026092804,mert_v0,ambient_balanced,1.0,temperature,94,249,0.15139870099624952,0.4690658906080509,0.0008411076423078812,0.015623489448272798,0,4,0
2026092804,mert_v0,ambient_balanced,1.0,platt,94,249,0.13577521154797673,0.4295424440709019,-0.014782381805964917,0.0,0,4,0
2026092804,mert_v0,ambient_balanced,1.0,beta,94,249,0.13534970261780704,0.42984179537111195,-0.0152078907361346,-0.0004255089301696824,0,4,2
2026092804,mert_v0,ambient_balanced,1.0,isotonic,94,249,0.14005184170451085,0.7024771351403135,-0.010505751649430795,0.0042766301565341225,0,4,0
2026092804,mert_v0,ambient_balanced,1.0,ridge_platt,94,249,0.13599444664175853,0.429610365824667,-0.014563146712183117,0.00021923509378179995,0,4,0
2026092804,mert_v0,unweighted,0.25,raw,24,67,0.1356309210831636,0.4297915281227217,0.0,-0.007764089280285852,0,4,0
2026092804,mert_v0,unweighted,0.25,prior_offset,24,67,0.1356309210831636,0.4297915281227217,0.0,-0.007764089280285852,0,4,0
2026092804,mert_v0,unweighted,0.25,temperature,24,67,0.14449098534811483,0.4566600211543096,0.008860064264951228,0.0010959749846653766,0,4,0
2026092804,mert_v0,unweighted,0.25,platt,24,67,0.14339501036344945,0.45467955942580907,0.007764089280285852,0.0,0,4,0
2026092804,mert_v0,unweighted,0.25,beta,24,67,0.14213508213170553,0.45136929148284843,0.006504161048541929,-0.001259928231743923,0,4,1
2026092804,mert_v0,unweighted,0.25,isotonic,24,67,0.15108167899012473,0.9884900420635709,0.015450757906961127,0.007686668626675275,0,4,0
2026092804,mert_v0,unweighted,0.25,ridge_platt,24,67,0.1356309210831636,0.4297915281227217,0.0,-0.007764089280285852,0,4,0
2026092804,mert_v0,unweighted,0.5,raw,47,117,0.1356309210831636,0.4297915281227217,0.0,-0.0011479202845780523,0,4,0
2026092804,mert_v0,unweighted,0.5,prior_offset,47,117,0.1356309210831636,0.4297915281227217,0.0,-0.0011479202845780523,0,4,0
2026092804,mert_v0,unweighted,0.5,temperature,47,117,0.1382392480026402,0.4390951511699313,0.0026083269194766,0.0014604066348985478,0,4,0
2026092804,mert_v0,unweighted,0.5,platt,47,117,0.13677884136774165,0.43667202262206817,0.0011479202845780523,0.0,0,4,0
2026092804,mert_v0,unweighted,0.5,beta,47,117,0.137134603649897,0.4390982694502654,0.0015036825667333886,0.00035576228215533634,0,4,1
2026092804,mert_v0,unweighted,0.5,isotonic,47,117,0.14160054730751728,0.8991866026455817,0.00596962622435368,0.004821705939775628,0,4,0
2026092804,mert_v0,unweighted,0.5,ridge_platt,47,117,0.13778316892079617,0.4378860239413024,0.0021522478376325704,0.0010043275530545182,0,4,0
2026092804,mert_v0,unweighted,1.0,raw,94,249,0.1356309210831636,0.4297915281227217,0.0,-0.0003598432917823746,0,4,0
2026092804,mert_v0,unweighted,1.0,prior_offset,94,249,0.1356309210831636,0.4297915281227217,0.0,-0.0003598432917823746,0,4,0
2026092804,mert_v0,unweighted,1.0,temperature,94,249,0.1356853380243868,0.429810164513693,5.44169412231843e-05,-0.0003054263505591903,0,4,0
2026092804,mert_v0,unweighted,1.0,platt,94,249,0.13599076437494598,0.4303000278243537,0.0003598432917823746,0.0,0,4,0
2026092804,mert_v0,unweighted,1.0,beta,94,249,0.13591637104369314,0.43124254296772296,0.00028544996052953797,-7.439333125283665e-05,0,4,2
2026092804,mert_v0,unweighted,1.0,isotonic,94,249,0.14075525174666118,0.642220398176359,0.005124330663497573,0.004764487371715198,0,4,0
2026092804,mert_v0,unweighted,1.0,ridge_platt,94,249,0.13541781598013508,0.4287234399201614,-0.00021310510302852137,-0.000572948394810896,0,4,0
2026092804,mert_v1,ambient_balanced,0.25,raw,24,67,0.15023672996528997,0.4646267235461427,0.0,0.006575520421165659,0,4,0
2026092804,mert_v1,ambient_balanced,0.25,prior_offset,24,67,0.13476444257693737,0.42698702586425785,-0.015472287388352601,-0.008896766967186942,0,4,0
2026092804,mert_v1,ambient_balanced,0.25,temperature,24,67,0.15821690442934697,0.48831209323319025,0.007980174464056994,0.014555694885222653,0,4,0
2026092804,mert_v1,ambient_balanced,0.25,platt,24,67,0.1436612095441243,0.45367046766857066,-0.006575520421165659,0.0,0,4,0
2026092804,mert_v1,ambient_balanced,0.25,beta,24,67,0.1422919285539581,0.44999644501778246,-0.007944801411331859,-0.0013692809901661995,0,4,2
2026092804,mert_v1,ambient_balanced,0.25,isotonic,24,67,0.14996519812029396,1.0162078892036415,-0.00027153184499600913,0.00630398857616965,0,4,0
2026092804,mert_v1,ambient_balanced,0.25,ridge_platt,24,67,0.134790127730223,0.4277217381271438,-0.01544660223506697,-0.00887108181390131,0,4,0
2026092804,mert_v1,ambient_balanced,0.5,raw,47,117,0.15023672996528997,0.4646267235461427,0.0,0.013791699486542769,0,4,0
2026092804,mert_v1,ambient_balanced,0.5,prior_offset,47,117,0.13476444257693737,0.42698702586425785,-0.015472287388352601,-0.0016805879018098324,0,4,0
2026092804,mert_v1,ambient_balanced,0.5,temperature,47,117,0.15243990565647506,0.4720010687994688,0.002203175691185083,0.015994875177727852,0,4,0
2026092804,mert_v1,ambient_balanced,0.5,platt,47,117,0.1364450304787472,0.43638888019460836,-0.013791699486542769,0.0,0,4,0
2026092804,mert_v1,ambient_balanced,0.5,beta,47,117,0.1356495018088007,0.43468596513583113,-0.014587228156489274,-0.0007955286699465047,0,4,2
2026092804,mert_v1,ambient_balanced,0.5,isotonic,47,117,0.14119669390089026,0.9955370930495189,-0.009040036064399709,0.00475166342214306,0,4,0
2026092804,mert_v1,ambient_balanced,0.5,ridge_platt,47,117,0.1359113849014636,0.4311646012799132,-0.014325345063826378,-0.0005336455772836091,0,4,0
2026092804,mert_v1,ambient_balanced,1.0,raw,94,249,0.15023672996528997,0.4646267235461427,0.0,0.015238636648818638,0,4,0
2026092804,mert_v1,ambient_balanced,1.0,prior_offset,94,249,0.13476444257693737,0.42698702586425785,-0.015472287388352601,-0.00023365073953396376,0,4,0
2026092804,mert_v1,ambient_balanced,1.0,temperature,94,249,0.15140968727647316,0.4691761328852848,0.0011729573111831926,0.01641159396000183,0,4,0
2026092804,mert_v1,ambient_balanced,1.0,platt,94,249,0.13499809331647133,0.4276071680375361,-0.015238636648818638,0.0,0,4,0
2026092804,mert_v1,ambient_balanced,1.0,beta,94,249,0.13421136012126064,0.42700066124460995,-0.01602536984402933,-0.0007867331952106926,0,4,1
2026092804,mert_v1,ambient_balanced,1.0,isotonic,94,249,0.13794620443160904,0.7277992633486701,-0.01229052553368093,0.002948111115137708,0,4,0
2026092804,mert_v1,ambient_balanced,1.0,ridge_platt,94,249,0.13523600183066273,0.42724481552005983,-0.015000728134627245,0.0002379085141913928,0,4,0
2026092804,mert_v1,unweighted,0.25,raw,24,67,0.1346037947981594,0.4267934767914455,0.0,-0.008898385210810572,0,4,0
2026092804,mert_v1,unweighted,0.25,prior_offset,24,67,0.1346037947981594,0.4267934767914455,0.0,-0.008898385210810572,0,4,0
2026092804,mert_v1,unweighted,0.25,temperature,24,67,0.14310083486772113,0.45249770078423857,0.008497040069561729,-0.00040134514124884335,0,4,0
2026092804,mert_v1,unweighted,0.25,platt,24,67,0.14350218000896997,0.45355999286554977,0.008898385210810572,0.0,0,4,0
2026092804,mert_v1,unweighted,0.25,beta,24,67,0.1422918285555301,0.4504885827140719,0.007688033757370705,-0.0012103514534398674,0,4,2
2026092804,mert_v1,unweighted,0.25,isotonic,24,67,0.14931784055226074,0.9484709951827535,0.014714045754101346,0.005815660543290774,0,4,0
2026092804,mert_v1,unweighted,0.25,ridge_platt,24,67,0.1346037947981594,0.4267934767914455,0.0,-0.008898385210810572,0,4,0
2026092804,mert_v1,unweighted,0.5,raw,47,117,0.1346037947981594,0.4267934767914455,0.0,-0.0018647564169021746,0,4,0
2026092804,mert_v1,unweighted,0.5,prior_offset,47,117,0.1346037947981594,0.4267934767914455,0.0,-0.0018647564169021746,0,4,0
2026092804,mert_v1,unweighted,0.5,temperature,47,117,0.1380975536121114,0.4398694387945703,0.0034937588139520026,0.001629002397049828,0,4,0
2026092804,mert_v1,unweighted,0.5,platt,47,117,0.13646855121506157,0.4367522982873958,0.0018647564169021746,0.0,0,4,0
2026092804,mert_v1,unweighted,0.5,beta,47,117,0.13586266518244355,0.43494181323213554,0.0012588703842841553,-0.0006058860326180193,0,4,2
2026092804,mert_v1,unweighted,0.5,isotonic,47,117,0.14089255517475335,0.928486676220466,0.006288760376593955,0.00442400395969178,0,4,0
2026092804,mert_v1,unweighted,0.5,ridge_platt,47,117,0.13602976563701272,0.4317448695864111,0.0014259708388533188,-0.0004387855780488559,0,4,0
2026092804,mert_v1,unweighted,1.0,raw,94,249,0.1346037947981594,0.4267934767914455,0.0,-0.00046795083405121174,0,4,0
2026092804,mert_v1,unweighted,1.0,prior_offset,94,249,0.1346037947981594,0.4267934767914455,0.0,-0.00046795083405121174,0,4,0
2026092804,mert_v1,unweighted,1.0,temperature,94,249,0.13493634043110572,0.42766028221284724,0.0003325456329463239,-0.00013540520110488785,0,4,0
2026092804,mert_v1,unweighted,1.0,platt,94,249,0.1350717456322106,0.42790964416764754,0.00046795083405121174,0.0,0,4,0
2026092804,mert_v1,unweighted,1.0,beta,94,249,0.1350513655724226,0.4285013142397838,0.0004475707742631896,-2.0380059788022153e-05,0,4,1
2026092804,mert_v1,unweighted,1.0,isotonic,94,249,0.13842054729210465,0.7294423900212268,0.0038167524939452524,0.0033488016598940407,0,4,0
2026092804,mert_v1,unweighted,1.0,ridge_platt,94,249,0.13435172681273863,0.4255910303382249,-0.00025206798542076747,-0.0007200188194719792,0,4,0
2026092805,maest,ambient_balanced,0.25,raw,24,57,0.1375502497542258,0.4290565507411769,0.0,-0.021556948427862405,0,4,0
2026092805,maest,ambient_balanced,0.25,prior_offset,24,57,0.12568615950206385,0.4020903249483847,-0.011864090252161952,-0.033421038680024356,0,4,0
2026092805,maest,ambient_balanced,0.25,temperature,24,57,0.1547849903634819,0.47657509650081964,0.01723474060925609,-0.004322207818606316,0,4,0
2026092805,maest,ambient_balanced,0.25,platt,24,57,0.1591071981820882,0.48338491195605116,0.021556948427862405,0.0,0,4,0
2026092805,maest,ambient_balanced,0.25,beta,24,57,0.16050177215292677,0.4990489878293597,0.022951522398700963,0.0013945739708385585,0,4,2
2026092805,maest,ambient_balanced,0.25,isotonic,24,57,0.16298663785944567,1.5507465698494196,0.025436388105219865,0.00387943967735746,0,4,0
2026092805,maest,ambient_balanced,0.25,ridge_platt,24,57,0.13545479538236507,0.4285884877241451,-0.0020954543718607332,-0.023652402799723138,0,4,0
2026092805,maest,ambient_balanced,0.5,raw,47,133,0.1375502497542258,0.4290565507411769,0.0,0.0045208421747818806,0,4,0
2026092805,maest,ambient_balanced,0.5,prior_offset,47,133,0.12568615950206385,0.4020903249483847,-0.011864090252161952,-0.007343248077380071,0,4,0
2026092805,maest,ambient_balanced,0.5,temperature,47,133,0.14290927246627083,0.4460364048698717,0.005359022712045025,0.009879864886826906,0,4,0
2026092805,maest,ambient_balanced,0.5,platt,47,133,0.13302940757944393,0.4225747952805083,-0.0045208421747818806,0.0,0,4,0
2026092805,maest,ambient_balanced,0.5,beta,47,133,0.13355733151014137,0.4234159860856912,-0.003992918244084431,0.0005279239306974493,0,4,3
2026092805,maest,ambient_balanced,0.5,isotonic,47,133,0.14328743993107054,1.1771301925652835,0.005737190176844736,0.010258032351626617,0,4,0
2026092805,maest,ambient_balanced,0.5,ridge_platt,47,133,0.1311712443099311,0.4139637189326857,-0.006379005444294705,-0.0018581632695128247,0,4,0
2026092805,maest,ambient_balanced,1.0,raw,94,246,0.1375502497542258,0.4290565507411769,0.0,0.013454313421531791,0,4,0
2026092805,maest,ambient_balanced,1.0,prior_offset,94,246,0.12568615950206385,0.4020903249483847,-0.011864090252161952,0.0015902231693698393,0,4,0
2026092805,maest,ambient_balanced,1.0,temperature,94,246,0.13758428203053324,0.42993606652085387,3.403227630743855e-05,0.01348834569783923,0,4,0
2026092805,maest,ambient_balanced,1.0,platt,94,246,0.12409593633269402,0.3979226442754376,-0.013454313421531791,0.0,0,4,0
2026092805,maest,ambient_balanced,1.0,beta,94,246,0.1250475741515741,0.40020436770117973,-0.012502675602651697,0.0009516378188800939,0,4,0
2026092805,maest,ambient_balanced,1.0,isotonic,94,246,0.13237803288658812,0.8532580187359883,-0.005172216867637691,0.0082820965538941,0,4,0
2026092805,maest,ambient_balanced,1.0,ridge_platt,94,246,0.1256323128640202,0.4012938266629782,-0.011917936890205594,0.0015363765313261973,0,4,0
2026092805,maest,unweighted,0.25,raw,24,57,0.12557030058051044,0.40060447059149085,0.0,-0.03321961143400809,0,4,0
2026092805,maest,unweighted,0.25,prior_offset,24,57,0.12557030058051044,0.40060447059149085,0.0,-0.03321961143400809,0,4,0
2026092805,maest,unweighted,0.25,temperature,24,57,0.1432013567572654,0.4477821012840372,0.01763105617675495,-0.01558855525725314,0,4,0
2026092805,maest,unweighted,0.25,platt,24,57,0.15878991201451853,0.48245299063803665,0.03321961143400809,0.0,0,4,0
2026092805,maest,unweighted,0.25,beta,24,57,0.16023225298232252,0.4981519121138419,0.03466195240181208,0.00144234096780399,0,4,2
2026092805,maest,unweighted,0.25,isotonic,24,57,0.16323881553772193,1.5509490568409163,0.03766851495721149,0.004448903523203401,0,4,0
2026092805,maest,unweighted,0.25,ridge_platt,24,57,0.13540772844964905,0.4274645289540834,0.009837427869138604,-0.023382183564869485,0,4,0
2026092805,maest,unweighted,0.5,raw,47,133,0.12557030058051044,0.40060447059149085,0.0,-0.007446074738402281,0,4,0
2026092805,maest,unweighted,0.5,prior_offset,47,133,0.12557030058051044,0.40060447059149085,0.0,-0.007446074738402281,0,4,0
2026092805,maest,unweighted,0.5,temperature,47,133,0.1318576679546058,0.4201379195933241,0.006287367374095354,-0.0011587073643069268,0,4,0
2026092805,maest,unweighted,0.5,platt,47,133,0.13301637531891272,0.42255929629517464,0.007446074738402281,0.0,0,4,0
2026092805,maest,unweighted,0.5,beta,47,133,0.13301383779019188,0.4225931053126425,0.007443537209681439,-2.5375287208417863e-06,0,4,3
2026092805,maest,unweighted,0.5,isotonic,47,133,0.14288080218827776,1.1759202093468843,0.017310501607767315,0.009864426869365034,0,4,0
2026092805,maest,unweighted,0.5,ridge_platt,47,133,0.12557030058051044,0.40060447059149085,0.0,-0.007446074738402281,0,4,0
2026092805,maest,unweighted,1.0,raw,94,246,0.12557030058051044,0.40060447059149085,0.0,0.0015870393087279722,0,4,0
2026092805,maest,unweighted,1.0,prior_offset,94,246,0.12557030058051044,0.40060447059149085,0.0,0.0015870393087279722,0,4,0
2026092805,maest,unweighted,1.0,temperature,94,246,0.12607576381969907,0.40208108398981274,0.0005054632391886249,0.002092502547916597,0,4,0
2026092805,maest,unweighted,1.0,platt,94,246,0.12398326127178247,0.39746725115913845,-0.0015870393087279722,0.0,0,4,0
2026092805,maest,unweighted,1.0,beta,94,246,0.12462314626475407,0.3992293711481559,-0.0009471543157563711,0.0006398849929716011,0,4,1
2026092805,maest,unweighted,1.0,isotonic,94,246,0.1321010727046372,0.8523899512651368,0.006530772124126755,0.008117811432854727,0,4,0
2026092805,maest,unweighted,1.0,ridge_platt,94,246,0.12557030058051044,0.40060447059149085,0.0,0.0015870393087279722,0,4,0
2026092805,mert_v0,ambient_balanced,0.25,raw,24,57,0.14953139624315873,0.4653164563837856,0.0,-0.013180994052327338,0,4,0
2026092805,mert_v0,ambient_balanced,0.25,prior_offset,24,57,0.13779748912036688,0.43684174971590006,-0.011733907122791848,-0.024914901175119186,0,4,0
2026092805,mert_v0,ambient_balanced,0.25,temperature,24,57,0.17196666939182287,0.5225364808918946,0.022435273148664142,0.009254279096336804,0,4,0
2026092805,mert_v0,ambient_balanced,0.25,platt,24,57,0.16271239029548606,0.4996083318895138,0.013180994052327338,0.0,0,4,0
2026092805,mert_v0,ambient_balanced,0.25,beta,24,57,0.16386700237597843,0.5039248753920784,0.0143356061328197,0.001154612080492362,0,4,2
2026092805,mert_v0,ambient_balanced,0.25,isotonic,24,57,0.16805715893498452,0.8692062254717003,0.018525762691825792,0.005344768639498454,0,4,0
2026092805,mert_v0,ambient_balanced,0.25,ridge_platt,24,57,0.15168151809163277,0.47028256354785214,0.002150121848474046,-0.011030872203853292,0,4,0
2026092805,mert_v0,ambient_balanced,0.5,raw,47,133,0.14953139624315873,0.4653164563837856,0.0,0.005449484033510782,0,4,0
2026092805,mert_v0,ambient_balanced,0.5,prior_offset,47,133,0.13779748912036688,0.43684174971590006,-0.011733907122791848,-0.006284423089281066,0,4,0
2026092805,mert_v0,ambient_balanced,0.5,temperature,47,133,0.15510039948014628,0.4823643087327719,0.0055690032369875575,0.01101848727049834,0,4,0
2026092805,mert_v0,ambient_balanced,0.5,platt,47,133,0.14408191220964794,0.4559508867852563,-0.005449484033510782,0.0,0,4,0
2026092805,mert_v0,ambient_balanced,0.5,beta,47,133,0.14295114146362384,0.4517517605560795,-0.006580254779534889,-0.0011307707460241068,0,4,1
2026092805,mert_v0,ambient_balanced,0.5,isotonic,47,133,0.14876257591476733,0.7250948437999571,-0.0007688203283914008,0.004680663705119381,0,4,0
2026092805,mert_v0,ambient_balanced,0.5,ridge_platt,47,133,0.1430542278798059,0.4496984496447392,-0.006477168363352825,-0.0010276843298420435,0,4,0
2026092805,mert_v0,ambient_balanced,1.0,raw,94,246,0.14953139624315873,0.4653164563837856,0.0,0.01412127738477309,0,4,0
2026092805,mert_v0,ambient_balanced,1.0,prior_offset,94,246,0.13779748912036688,0.43684174971590006,-0.011733907122791848,0.002387370261981242,0,4,0
2026092805,mert_v0,ambient_balanced,1.0,temperature,94,246,0.14931249805197558,0.4653255589715998,-0.0002188981911831478,0.013902379193589942,0,4,0
2026092805,mert_v0,ambient_balanced,1.0,platt,94,246,0.13541011885838564,0.43283167484478546,-0.01412127738477309,0.0,0,4,0
2026092805,mert_v0,ambient_balanced,1.0,beta,94,246,0.13483377870845542,0.4285977610113417,-0.014697617534703306,-0.0005763401499302157,0,4,1
2026092805,mert_v0,ambient_balanced,1.0,isotonic,94,246,0.14131464730241733,0.6139470835612478,-0.008216748940741397,0.0059045284440316925,0,4,0
2026092805,mert_v0,ambient_balanced,1.0,ridge_platt,94,246,0.1363545939528998,0.43396764329808646,-0.013176802290258915,0.0009444750945141744,0,4,0
2026092805,mert_v0,unweighted,0.25,raw,24,57,0.13750022823253882,0.4360753614384143,0.0,-0.025063352195842492,0,4,0
2026092805,mert_v0,unweighted,0.25,prior_offset,24,57,0.13750022823253882,0.4360753614384143,0.0,-0.025063352195842492,0,4,0
2026092805,mert_v0,unweighted,0.25,temperature,24,57,0.16005207301129032,0.49432294920089676,0.022551844778751495,-0.002511507417090997,0,4,0
2026092805,mert_v0,unweighted,0.25,platt,24,57,0.16256358042838132,0.49927597627498466,0.025063352195842492,0.0,0,4,0
2026092805,mert_v0,unweighted,0.25,beta,24,57,0.16364191384598856,0.5034358489155004,0.026141685613449733,0.0010783334176072412,0,4,3
2026092805,mert_v0,unweighted,0.25,isotonic,24,57,0.16798771350951944,0.86875800304097,0.030487485276980614,0.005424133081138122,0,4,0
2026092805,mert_v0,unweighted,0.25,ridge_platt,24,57,0.15155323062656464,0.47008330206904647,0.01405300239402582,-0.011010349801816671,0,4,0
2026092805,mert_v0,unweighted,0.5,raw,47,133,0.13750022823253882,0.4360753614384143,0.0,-0.006552753448018478,0,4,0
2026092805,mert_v0,unweighted,0.5,prior_offset,47,133,0.13750022823253882,0.4360753614384143,0.0,-0.006552753448018478,0,4,0
2026092805,mert_v0,unweighted,0.5,temperature,47,133,0.14357006339375572,0.455870020528901,0.006069835161216897,-0.00048291828680158133,0,4,0
2026092805,mert_v0,unweighted,0.5,platt,47,133,0.1440529816805573,0.45607193305071425,0.006552753448018478,0.0,0,4,0
2026092805,mert_v0,unweighted,0.5,beta,47,133,0.14290855729382101,0.4518325169111703,0.005408329061282191,-0.0011444243867362869,0,4,1
2026092805,mert_v0,unweighted,0.5,isotonic,47,133,0.15018981702514209,0.7286110622839872,0.012689588792603262,0.0061368353445847845,0,4,0
2026092805,mert_v0,unweighted,0.5,ridge_platt,47,133,0.13750022823253882,0.4360753614384143,0.0,-0.006552753448018478,0,4,0
2026092805,mert_v0,unweighted,1.0,raw,94,246,0.13750022823253882,0.4360753614384143,0.0,0.002189378345480858,0,4,0
2026092805,mert_v0,unweighted,1.0,prior_offset,94,246,0.13750022823253882,0.4360753614384143,0.0,0.002189378345480858,0,4,0
2026092805,mert_v0,unweighted,1.0,temperature,94,246,0.1373663243062007,0.43670433115272644,-0.00013390392633813586,0.002055474419142722,0,4,0
2026092805,mert_v0,unweighted,1.0,platt,94,246,0.13531084988705797,0.4327472100988463,-0.002189378345480858,0.0,0,4,0
2026092805,mert_v0,unweighted,1.0,beta,94,246,0.13476527673988786,0.4287808290687447,-0.002734951492650961,-0.0005455731471701031,0,4,1
2026092805,mert_v0,unweighted,1.0,isotonic,94,246,0.14120149557965422,0.6123214338291807,0.0037012673471154,0.005890645692596258,0,4,0
2026092805,mert_v0,unweighted,1.0,ridge_platt,94,246,0.13613019203879637,0.43322529727761977,-0.0013700361937424577,0.0008193421517384003,0,4,0
2026092805,mert_v1,ambient_balanced,0.25,raw,24,57,0.153554436357627,0.47616719170996746,0.0,-0.011704991606323795,0,4,0
2026092805,mert_v1,ambient_balanced,0.25,prior_offset,24,57,0.14007252499040007,0.4437200848023254,-0.013481911367226929,-0.025186902973550723,0,4,0
2026092805,mert_v1,ambient_balanced,0.25,temperature,24,57,0.17430653045026134,0.531966513041888,0.020752094092634343,0.009047102486310549,0,4,0
2026092805,mert_v1,ambient_balanced,0.25,platt,24,57,0.1652594279639508,0.5069161565785417,0.011704991606323795,0.0,0,4,0
2026092805,mert_v1,ambient_balanced,0.25,beta,24,57,0.16491794766648937,0.505031520769839,0.011363511308862373,-0.0003414802974614217,0,4,1
2026092805,mert_v1,ambient_balanced,0.25,isotonic,24,57,0.17902611171148555,1.0866607793583527,0.025471675353858553,0.013766683747534758,0,4,0
2026092805,mert_v1,ambient_balanced,0.25,ridge_platt,24,57,0.1556019419315646,0.4811544537054645,0.002047505573937597,-0.009657486032386198,0,4,0
2026092805,mert_v1,ambient_balanced,0.5,raw,47,133,0.153554436357627,0.47616719170996746,0.0,0.008802293445765025,0,4,0
2026092805,mert_v1,ambient_balanced,0.5,prior_offset,47,133,0.14007252499040007,0.4437200848023254,-0.013481911367226929,-0.004679617921461904,0,4,0
2026092805,mert_v1,ambient_balanced,0.5,temperature,47,133,0.1562005711319292,0.48629264323734434,0.0026461347743022,0.011448428220067225,0,4,0
2026092805,mert_v1,ambient_balanced,0.5,platt,47,133,0.14475214291186198,0.45872780759783044,-0.008802293445765025,0.0,0,4,0
2026092805,mert_v1,ambient_balanced,0.5,beta,47,133,0.14412441883713298,0.4558395602542149,-0.009430017520494022,-0.0006277240747289969,0,4,1
2026092805,mert_v1,ambient_balanced,0.5,isotonic,47,133,0.14801497175883782,0.8190215424832457,-0.005539464598789179,0.003262828846975846,0,4,0
2026092805,mert_v1,ambient_balanced,0.5,ridge_platt,47,133,0.14604366245325315,0.45824449345055207,-0.007510773904373852,0.0012915195413911729,0,4,0
2026092805,mert_v1,ambient_balanced,1.0,raw,94,246,0.153554436357627,0.47616719170996746,0.0,0.01576079628432367,0,4,0
2026092805,mert_v1,ambient_balanced,1.0,prior_offset,94,246,0.14007252499040007,0.4437200848023254,-0.013481911367226929,0.0022788849170967407,0,4,0
2026092805,mert_v1,ambient_balanced,1.0,temperature,94,246,0.15271288327325083,0.47498223423662583,-0.0008415530843761676,0.014919243199947502,0,4,0
2026092805,mert_v1,ambient_balanced,1.0,platt,94,246,0.13779364007330333,0.4407587796765446,-0.01576079628432367,0.0,0,4,0
2026092805,mert_v1,ambient_balanced,1.0,beta,94,246,0.13719013125088517,0.4373348737913263,-0.016364305106741833,-0.000603508822418164,0,4,1
2026092805,mert_v1,ambient_balanced,1.0,isotonic,94,246,0.13868393333969264,0.5382615812415285,-0.014870503017934356,0.0008902932663893137,0,4,0
2026092805,mert_v1,ambient_balanced,1.0,ridge_platt,94,246,0.13839074315560998,0.4412658069980864,-0.01516369320201702,0.0005971030823066492,0,4,0
2026092805,mert_v1,unweighted,0.25,raw,24,57,0.14004205696705144,0.4439861751124907,0.0,-0.025422824314878634,0,4,0
2026092805,mert_v1,unweighted,0.25,prior_offset,24,57,0.14004205696705144,0.4439861751124907,0.0,-0.025422824314878634,0,4,0
2026092805,mert_v1,unweighted,0.25,temperature,24,57,0.15997388280195085,0.49758484047528545,0.019931825834899414,-0.00549099847997922,0,4,0
2026092805,mert_v1,unweighted,0.25,platt,24,57,0.16546488128193007,0.5078117230352529,0.025422824314878634,0.0,0,4,0
2026092805,mert_v1,unweighted,0.25,beta,24,57,0.16518611927524085,0.5060768211329726,0.025144062308189413,-0.00027876200668922047,0,4,1
2026092805,mert_v1,unweighted,0.25,isotonic,24,57,0.17531240305009702,1.0770013863564456,0.03527034608304558,0.009847521768166945,0,4,0
2026092805,mert_v1,unweighted,0.25,ridge_platt,24,57,0.15507211176621355,0.4804701218721038,0.015030054799162113,-0.010392769515716521,0,4,0
2026092805,mert_v1,unweighted,0.5,raw,47,133,0.14004205696705144,0.4439861751124907,0.0,-0.004948140411360602,0,4,0
2026092805,mert_v1,unweighted,0.5,prior_offset,47,133,0.14004205696705144,0.4439861751124907,0.0,-0.004948140411360602,0,4,0
2026092805,mert_v1,unweighted,0.5,temperature,47,133,0.14337043632095767,0.45703427845171285,0.00332837935390623,-0.001619761057454372,0,4,0
2026092805,mert_v1,unweighted,0.5,platt,47,133,0.14499019737841204,0.4596965833457293,0.004948140411360602,0.0,0,4,0
2026092805,mert_v1,unweighted,0.5,beta,47,133,0.14435772034941768,0.4569001461143605,0.004315663382366247,-0.0006324770289943549,0,4,1
2026092805,mert_v1,unweighted,0.5,isotonic,47,133,0.1475116963701494,0.8188617149246917,0.007469639403097972,0.00252149899173737,0,4,0
2026092805,mert_v1,unweighted,0.5,ridge_platt,47,133,0.1398542155216983,0.44351833403131674,-0.0001878414453531374,-0.005135981856713739,0,4,0
2026092805,mert_v1,unweighted,1.0,raw,94,246,0.14004205696705144,0.4439861751124907,0.0,0.0021723260707690317,0,4,0
2026092805,mert_v1,unweighted,1.0,prior_offset,94,246,0.14004205696705144,0.4439861751124907,0.0,0.0021723260707690317,0,4,0
2026092805,mert_v1,unweighted,1.0,temperature,94,246,0.13935266104525895,0.44355356321089123,-0.000689395921792485,0.0014829301489765467,0,4,0
2026092805,mert_v1,unweighted,1.0,platt,94,246,0.1378697308962824,0.44133531427193146,-0.0021723260707690317,0.0,0,4,0
2026092805,mert_v1,unweighted,1.0,beta,94,246,0.13720464090689483,0.4379696100724184,-0.002837416060156611,-0.0006650899893875795,0,4,1
2026092805,mert_v1,unweighted,1.0,isotonic,94,246,0.13862446354777858,0.5391878996500471,-0.0014175934192728612,0.0007547326514961705,0,4,0
2026092805,mert_v1,unweighted,1.0,ridge_platt,94,246,0.1381094739978678,0.4406887736116639,-0.0019325829691836383,0.00023974310158539347,0,4,0
2026092806,maest,ambient_balanced,0.25,raw,24,61,0.14652010209922944,0.44904625989442204,0.0,0.002071528779580667,0,4,0
2026092806,maest,ambient_balanced,0.25,prior_offset,24,61,0.13973631199661932,0.4325189616727665,-0.006783790102610127,-0.00471226132302946,0,4,0
2026092806,maest,ambient_balanced,0.25,temperature,24,61,0.14965433496739766,0.4689858091364633,0.0031342328681682186,0.0052057616477488855,0,4,0
2026092806,maest,ambient_balanced,0.25,platt,24,61,0.14444857331964878,0.45613012908058,-0.002071528779580667,0.0,0,4,0
2026092806,maest,ambient_balanced,0.25,beta,24,61,0.14814960516709552,0.4704140274963486,0.0016295030678660782,0.003701031847446745,0,4,3
2026092806,maest,ambient_balanced,0.25,isotonic,24,61,0.15447807522762969,1.0512781850604211,0.007957973128400242,0.010029501907980909,0,4,0
2026092806,maest,ambient_balanced,0.25,ridge_platt,24,61,0.14099895545923857,0.43880889596932593,-0.00552114663999087,-0.0034496178604102035,0,4,0
2026092806,maest,ambient_balanced,0.5,raw,47,121,0.14652010209922944,0.44904625989442204,0.0,0.005092594115117172,0,4,0
2026092806,maest,ambient_balanced,0.5,prior_offset,47,121,0.13973631199661932,0.4325189616727665,-0.006783790102610127,-0.001691195987492955,0,4,0
2026092806,maest,ambient_balanced,0.5,temperature,47,121,0.1485736601253865,0.4588913399415584,0.0020535580261570596,0.007146152141274231,0,4,0
2026092806,maest,ambient_balanced,0.5,platt,47,121,0.14142750798411227,0.4427149662361286,-0.005092594115117172,0.0,0,4,0
2026092806,maest,ambient_balanced,0.5,beta,47,121,0.1441651712595467,0.45521782482682877,-0.002354930839682745,0.0027376632754344266,0,4,1
2026092806,maest,ambient_balanced,0.5,isotonic,47,121,0.15228389483601665,1.26378125700435,0.005763792736787204,0.010856386851904376,0,4,0
2026092806,maest,ambient_balanced,0.5,ridge_platt,47,121,0.14110833517208216,0.4343870268672839,-0.005411766927147288,-0.00031917281203011627,0,4,0
2026092806,maest,ambient_balanced,1.0,raw,94,240,0.14652010209922944,0.44904625989442204,0.0,0.007327882429814192,0,4,0
2026092806,maest,ambient_balanced,1.0,prior_offset,94,240,0.13973631199661932,0.4325189616727665,-0.006783790102610127,0.0005440923272040654,0,4,0
2026092806,maest,ambient_balanced,1.0,temperature,94,240,0.14695389633848424,0.4492554776268377,0.00043379423925479776,0.00776167666906899,0,4,0
2026092806,maest,ambient_balanced,1.0,platt,94,240,0.13919221966941525,0.4300380513323576,-0.007327882429814192,0.0,0,4,0
2026092806,maest,ambient_balanced,1.0,beta,94,240,0.14045180347148345,0.43630251821390065,-0.006068298627745994,0.0012595838020681982,0,4,1
2026092806,maest,ambient_balanced,1.0,isotonic,94,240,0.1436876138408733,0.819104396229174,-0.002832488258356136,0.004495394171458056,0,4,0
2026092806,maest,ambient_balanced,1.0,ridge_platt,94,240,0.1392356548648506,0.4302152834862032,-0.007284447234378849,4.343519543534291e-05,0,4,0
2026092806,maest,unweighted,0.25,raw,24,61,0.13888474434293424,0.4299907971948971,0.0,-0.005509123137640265,0,4,0
2026092806,maest,unweighted,0.25,prior_offset,24,61,0.13888474434293424,0.4299907971948971,0.0,-0.005509123137640265,0,4,0
2026092806,maest,unweighted,0.25,temperature,24,61,0.1426863464418456,0.45489912257167386,0.0038016020989113664,-0.0017075210387288986,0,4,0
2026092806,maest,unweighted,0.25,platt,24,61,0.1443938674805745,0.4573035741402029,0.005509123137640265,0.0,0,4,0
2026092806,maest,unweighted,0.25,beta,24,61,0.14764037473334857,0.47133324300078466,0.008755630390414326,0.0032465072527740613,0,4,2
2026092806,maest,unweighted,0.25,isotonic,24,61,0.1547959128738981,1.054312360043995,0.01591116853096386,0.010402045393323595,0,4,0
2026092806,maest,unweighted,0.25,ridge_platt,24,61,0.1402557148724686,0.436886862924597,0.00137097052953436,-0.004138152608105905,0,4,0
2026092806,maest,unweighted,0.5,raw,47,121,0.13888474434293424,0.4299907971948971,0.0,-0.002609060003833208,0,4,0
2026092806,maest,unweighted,0.5,prior_offset,47,121,0.13888474434293424,0.4299907971948971,0.0,-0.002609060003833208,0,4,0
2026092806,maest,unweighted,0.5,temperature,47,121,0.1400246577322374,0.4377596821702411,0.0011399133893031654,-0.0014691466145300425,0,4,0
2026092806,maest,unweighted,0.5,platt,47,121,0.14149380434676745,0.44395304268047175,0.002609060003833208,0.0,0,4,0
2026092806,maest,unweighted,0.5,beta,47,121,0.14468978236563357,0.4595995169466923,0.005805038022699327,0.003195978018866119,0,4,1
2026092806,maest,unweighted,0.5,isotonic,47,121,0.15139732303927883,1.1570138152672382,0.01251257869634459,0.009903518692511382,0,4,0
2026092806,maest,unweighted,0.5,ridge_platt,47,121,0.13888474434293424,0.4299907971948971,0.0,-0.002609060003833208,0,4,0
2026092806,maest,unweighted,1.0,raw,94,240,0.13888474434293424,0.4299907971948971,0.0,-0.00013169429528742116,0,4,0
2026092806,maest,unweighted,1.0,prior_offset,94,240,0.13888474434293424,0.4299907971948971,0.0,-0.00013169429528742116,0,4,0
2026092806,maest,unweighted,1.0,temperature,94,240,0.1392527986448505,0.43021282014436807,0.00036805430191624855,0.0002363600066288274,0,4,0
2026092806,maest,unweighted,1.0,platt,94,240,0.13901643863822166,0.42996468139914223,0.00013169429528742116,0.0,0,4,0
2026092806,maest,unweighted,1.0,beta,94,240,0.1403317413822658,0.4363615513324056,0.0014469970393315712,0.00131530274404415,0,4,1
2026092806,maest,unweighted,1.0,isotonic,94,240,0.1424124053116593,0.8160504523796143,0.0035276609687250604,0.0033959666734376392,0,4,0
2026092806,maest,unweighted,1.0,ridge_platt,94,240,0.13888474434293424,0.4299907971948971,0.0,-0.00013169429528742116,0,4,0
2026092806,mert_v0,ambient_balanced,0.25,raw,24,61,0.16133243001353373,0.49218086252502385,0.0,0.010431978163671307,0,4,0
2026092806,mert_v0,ambient_balanced,0.25,prior_offset,24,61,0.14729359684462,0.4578521446009264,-0.014038833168913717,-0.0036068550052424098,0,4,0
2026092806,mert_v0,ambient_balanced,0.25,temperature,24,61,0.16296011003054917,0.5028914341952344,0.001627680017015437,0.012059658180686744,0,4,0
2026092806,mert_v0,ambient_balanced,0.25,platt,24,61,0.15090045184986242,0.4737654131576974,-0.010431978163671307,0.0,0,4,0
2026092806,mert_v0,ambient_balanced,0.25,beta,24,61,0.1526357529364975,0.47864968706681565,-0.008696677077036225,0.0017353010866350826,0,4,2
2026092806,mert_v0,ambient_balanced,0.25,isotonic,24,61,0.15697559822193294,0.8583173691953454,-0.00435683179160079,0.006075146372070517,0,4,0
2026092806,mert_v0,ambient_balanced,0.25,ridge_platt,24,61,0.14933680025670407,0.46676929658839306,-0.011995629756829662,-0.001563651593158355,0,4,0
2026092806,mert_v0,ambient_balanced,0.5,raw,47,121,0.16133243001353373,0.49218086252502385,0.0,0.01368356770181739,0,4,0
2026092806,mert_v0,ambient_balanced,0.5,prior_offset,47,121,0.14729359684462,0.4578521446009264,-0.014038833168913717,-0.00035526546709632734,0,4,0
2026092806,mert_v0,ambient_balanced,0.5,temperature,47,121,0.1607614949717511,0.49028516141896555,-0.0005709350417826276,0.013112632660034762,0,4,0
2026092806,mert_v0,ambient_balanced,0.5,platt,47,121,0.14764886231171634,0.4618199075904593,-0.01368356770181739,0.0,0,4,0
2026092806,mert_v0,ambient_balanced,0.5,beta,47,121,0.14791809167417425,0.4626891760515798,-0.013414338339359483,0.00026922936245790674,0,4,1
2026092806,mert_v0,ambient_balanced,0.5,isotonic,47,121,0.15295958170890905,0.6399462490903278,-0.008372848304624675,0.005310719397192715,0,4,0
2026092806,mert_v0,ambient_balanced,0.5,ridge_platt,47,121,0.1475926188594995,0.458624962152899,-0.01373981115403422,-5.6243452216830914e-05,0,4,0
2026092806,mert_v0,ambient_balanced,1.0,raw,94,240,0.16133243001353373,0.49218086252502385,0.0,0.015645222931493424,0,4,0
2026092806,mert_v0,ambient_balanced,1.0,prior_offset,94,240,0.14729359684462,0.4578521446009264,-0.014038833168913717,0.0016063897625797074,0,4,0
2026092806,mert_v0,ambient_balanced,1.0,temperature,94,240,0.15984693007332254,0.4859891745304315,-0.001485499940211188,0.014159722991282236,0,4,0
2026092806,mert_v0,ambient_balanced,1.0,platt,94,240,0.1456872070820403,0.45127885380741684,-0.015645222931493424,0.0,0,4,0
2026092806,mert_v0,ambient_balanced,1.0,beta,94,240,0.1461805051792853,0.45355800663740864,-0.015151924834248431,0.000493298097244993,0,4,1
2026092806,mert_v0,ambient_balanced,1.0,isotonic,94,240,0.14922759761506016,0.594577192941585,-0.01210483239847357,0.003540390533019855,0,4,0
2026092806,mert_v0,ambient_balanced,1.0,ridge_platt,94,240,0.14647789208385048,0.4540789889028736,-0.014854537929683248,0.0007906850018101763,0,4,0
2026092806,mert_v0,unweighted,0.25,raw,24,61,0.14754257592309517,0.4588845448405627,0.0,-0.0035922554691999453,0,4,0
2026092806,mert_v0,unweighted,0.25,prior_offset,24,61,0.14754257592309517,0.4588845448405627,0.0,-0.0035922554691999453,0,4,0
2026092806,mert_v0,unweighted,0.25,temperature,24,61,0.150572316562704,0.4768277006738383,0.003029740639608841,-0.0005625148295911042,0,4,0
2026092806,mert_v0,unweighted,0.25,platt,24,61,0.1511348313922951,0.47500494864443565,0.0035922554691999453,0.0,0,4,0
2026092806,mert_v0,unweighted,0.25,beta,24,61,0.15258377776142631,0.47874230748021873,0.00504120183833115,0.0014489463691312043,0,4,2
2026092806,mert_v0,unweighted,0.25,isotonic,24,61,0.15753469807075768,0.8595974180412644,0.009992122147662513,0.006399866678462568,0,4,0
2026092806,mert_v0,unweighted,0.25,ridge_platt,24,61,0.14913355753159666,0.46610371637113396,0.0015909816085014905,-0.002001273860698455,0,4,0
2026092806,mert_v0,unweighted,0.5,raw,47,121,0.14754257592309517,0.4588845448405627,0.0,-0.0003886868927197584,0,4,0
2026092806,mert_v0,unweighted,0.5,prior_offset,47,121,0.14754257592309517,0.4588845448405627,0.0,-0.0003886868927197584,0,4,0
2026092806,mert_v0,unweighted,0.5,temperature,47,121,0.14723108754671937,0.4575415874376932,-0.0003114883763757903,-0.0007001752690955487,0,4,0
2026092806,mert_v0,unweighted,0.5,platt,47,121,0.14793126281581492,0.4628892976441322,0.0003886868927197584,0.0,0,4,0
2026092806,mert_v0,unweighted,0.5,beta,47,121,0.14843581573904097,0.46301536691801615,0.000893239815945801,0.0005045529232260426,0,4,1
2026092806,mert_v0,unweighted,0.5,isotonic,47,121,0.15342692082208725,0.5751452234073036,0.005884344898992089,0.00549565800627233,0,4,0
2026092806,mert_v0,unweighted,0.5,ridge_platt,47,121,0.14754257592309517,0.4588845448405627,0.0,-0.0003886868927197584,0,4,0
2026092806,mert_v0,unweighted,1.0,raw,94,240,0.14754257592309517,0.4588845448405627,0.0,0.0015535473565357893,0,4,0
2026092806,mert_v0,unweighted,1.0,prior_offset,94,240,0.14754257592309517,0.4588845448405627,0.0,0.0015535473565357893,0,4,0
2026092806,mert_v0,unweighted,1.0,temperature,94,240,0.14625989111018423,0.4533106186901588,-0.0012826848129109392,0.0002708625436248502,0,4,0
2026092806,mert_v0,unweighted,1.0,platt,94,240,0.14598902856655938,0.4524907351574923,-0.0015535473565357893,0.0,0,4,0
2026092806,mert_v0,unweighted,1.0,beta,94,240,0.14658628967068174,0.45459112366652676,-0.0009562862524134241,0.0005972611041223652,0,4,2
2026092806,mert_v0,unweighted,1.0,isotonic,94,240,0.14914724357044784,0.5611197879101771,0.0016046676473526755,0.003158215003888465,0,4,0
2026092806,mert_v0,unweighted,1.0,ridge_platt,94,240,0.14672469825941387,0.4549056856970583,-0.000817877663681299,0.0007356696928544904,0,4,0
2026092806,mert_v1,ambient_balanced,0.25,raw,24,61,0.15896379194405869,0.4873524191002782,0.0,0.01087608589391062,0,4,0
2026092806,mert_v1,ambient_balanced,0.25,prior_offset,24,61,0.145750796985318,0.45399717891067715,-0.013212994958740676,-0.002336909064830056,0,4,0
2026092806,mert_v1,ambient_balanced,0.25,temperature,24,61,0.15978107611289463,0.493886389288131,0.0008172841688359467,0.011693370062746566,0,4,0
2026092806,mert_v1,ambient_balanced,0.25,platt,24,61,0.14808770605014807,0.46646353342146196,-0.01087608589391062,0.0,0,4,0
2026092806,mert_v1,ambient_balanced,0.25,beta,24,61,0.14944787391801162,0.47105192529208584,-0.009515918026047065,0.0013601678678635543,0,4,3
2026092806,mert_v1,ambient_balanced,0.25,isotonic,24,61,0.16309822322695358,1.2914718022546947,0.004134431282894896,0.015010517176805516,0,4,0
2026092806,mert_v1,ambient_balanced,0.25,ridge_platt,24,61,0.14751232759654576,0.4617179389770401,-0.01145146434751293,-0.0005753784536023099,0,4,0
2026092806,mert_v1,ambient_balanced,0.5,raw,47,121,0.15896379194405869,0.4873524191002782,0.0,0.011953024358435316,0,4,0
2026092806,mert_v1,ambient_balanced,0.5,prior_offset,47,121,0.145750796985318,0.45399717891067715,-0.013212994958740676,-0.0012599706003053601,0,4,0
2026092806,mert_v1,ambient_balanced,0.5,temperature,47,121,0.1578058603409139,0.4826874212614591,-0.001157931603144785,0.01079509275529053,0,4,0
2026092806,mert_v1,ambient_balanced,0.5,platt,47,121,0.14701076758562337,0.4599536574715717,-0.011953024358435316,0.0,0,4,0
2026092806,mert_v1,ambient_balanced,0.5,beta,47,121,0.14766611672576568,0.460606994041678,-0.011297675218293002,0.0006553491401423139,0,4,1
2026092806,mert_v1,ambient_balanced,0.5,isotonic,47,121,0.1543976208392792,1.060776127405997,-0.004566171104779498,0.007386853253655817,0,4,0
2026092806,mert_v1,ambient_balanced,0.5,ridge_platt,47,121,0.1479688101846675,0.4630224258512493,-0.010994981759391176,0.0009580425990441399,0,4,0
2026092806,mert_v1,ambient_balanced,1.0,raw,94,240,0.15896379194405869,0.4873524191002782,0.0,0.014816619075093379,0,4,0
2026092806,mert_v1,ambient_balanced,1.0,prior_offset,94,240,0.145750796985318,0.45399717891067715,-0.013212994958740676,0.0016036241163527032,0,4,0
2026092806,mert_v1,ambient_balanced,1.0,temperature,94,240,0.15760698897679704,0.4802890037781372,-0.00135680296726165,0.013459816107831729,0,4,0
2026092806,mert_v1,ambient_balanced,1.0,platt,94,240,0.1441471728689653,0.44677577432182797,-0.014816619075093379,0.0,0,4,0
2026092806,mert_v1,ambient_balanced,1.0,beta,94,240,0.14396607038363524,0.44673222019074316,-0.01499772156042345,-0.00018110248533007023,0,4,1
2026092806,mert_v1,ambient_balanced,1.0,isotonic,94,240,0.14924216209824565,0.5633066833318005,-0.00972162984581304,0.005094989229280339,0,4,0
2026092806,mert_v1,ambient_balanced,1.0,ridge_platt,94,240,0.14452576920604257,0.4495533971127154,-0.014438022738016115,0.0003785963370772638,0,4,0
2026092806,mert_v1,unweighted,0.25,raw,24,61,0.14587236722350486,0.4549246716496688,0.0,-0.0023505312395779854,0,4,0
2026092806,mert_v1,unweighted,0.25,prior_offset,24,61,0.14587236722350486,0.4549246716496688,0.0,-0.0023505312395779854,0,4,0
2026092806,mert_v1,unweighted,0.25,temperature,24,61,0.14851636336633098,0.46842260448593986,0.0026439961428261216,0.00029346490324813623,0,4,0
2026092806,mert_v1,unweighted,0.25,platt,24,61,0.14822289846308284,0.4671902738126091,0.0023505312395779854,0.0,0,4,0
2026092806,mert_v1,unweighted,0.25,beta,24,61,0.14959106317287074,0.470898054999498,0.0037186959493658855,0.0013681647097879002,0,4,3
2026092806,mert_v1,unweighted,0.25,isotonic,24,61,0.1642725194356219,1.3630899284477647,0.01840015221211705,0.016049620972539064,0,4,0
2026092806,mert_v1,unweighted,0.25,ridge_platt,24,61,0.14704735927727675,0.4609161176043059,0.0011749920537718894,-0.001175539185806096,0,4,0
2026092806,mert_v1,unweighted,0.5,raw,47,121,0.14587236722350486,0.4549246716496688,0.0,-0.0010922506143096755,0,4,0
2026092806,mert_v1,unweighted,0.5,prior_offset,47,121,0.14587236722350486,0.4549246716496688,0.0,-0.0010922506143096755,0,4,0
2026092806,mert_v1,unweighted,0.5,temperature,47,121,0.14535421415145566,0.4516406662342863,-0.0005181530720491934,-0.0016104036863588689,0,4,0
2026092806,mert_v1,unweighted,0.5,platt,47,121,0.14696461783781453,0.4600114357133285,0.0010922506143096755,0.0,0,4,0
2026092806,mert_v1,unweighted,0.5,beta,47,121,0.14803058667443067,0.46089756043459235,0.0021582194509258135,0.001065968836616138,0,4,2
2026092806,mert_v1,unweighted,0.5,isotonic,47,121,0.15434383982287014,1.0286013083931462,0.008471472599365287,0.007379221985055612,0,4,0
2026092806,mert_v1,unweighted,0.5,ridge_platt,47,121,0.14757205382787625,0.4633568941001776,0.001699686604371392,0.0006074359900617166,0,4,0
2026092806,mert_v1,unweighted,1.0,raw,94,240,0.14587236722350486,0.4549246716496688,0.0,0.0015345247614964308,0,4,0
2026092806,mert_v1,unweighted,1.0,prior_offset,94,240,0.14587236722350486,0.4549246716496688,0.0,0.0015345247614964308,0,4,0
2026092806,mert_v1,unweighted,1.0,temperature,94,240,0.1448623557536744,0.4484852574903734,-0.0010100114698304574,0.0005245132916659734,0,4,0
2026092806,mert_v1,unweighted,1.0,platt,94,240,0.14433784246200843,0.4476855332061121,-0.0015345247614964308,0.0,0,4,0
2026092806,mert_v1,unweighted,1.0,beta,94,240,0.14436872516620544,0.44777176991958373,-0.0015036420572994147,3.088270419701611e-05,0,4,2
2026092806,mert_v1,unweighted,1.0,isotonic,94,240,0.14897625042743273,0.5614388161593435,0.0031038832039278763,0.004638407965424307,0,4,0
2026092806,mert_v1,unweighted,1.0,ridge_platt,94,240,0.1446559708300279,0.4504840156057056,-0.001216396393476954,0.00031812836801947686,0,4,0
2026092807,maest,ambient_balanced,0.25,raw,24,52,0.15233946365332104,0.4739996500140511,0.0,0.0011136930888668017,0,4,0
2026092807,maest,ambient_balanced,0.25,prior_offset,24,52,0.14713798908091638,0.4611419729691334,-0.005201474572404663,-0.004087781483537861,0,4,0
2026092807,maest,ambient_balanced,0.25,temperature,24,52,0.15280292223492928,0.4777207810438151,0.0004634585816082337,0.0015771516704750355,0,4,0
2026092807,maest,ambient_balanced,0.25,platt,24,52,0.15122577056445424,0.47284155937179995,-0.0011136930888668017,0.0,0,4,0
2026092807,maest,ambient_balanced,0.25,beta,24,52,0.14939691868623045,0.48290109334233133,-0.0029425449670905934,-0.0018288518782237917,0,4,3
2026092807,maest,ambient_balanced,0.25,isotonic,24,52,0.15270393423099513,1.7176311869595193,0.00036447057767408086,0.0014781636665408826,0,4,0
2026092807,maest,ambient_balanced,0.25,ridge_platt,24,52,0.1472978299616675,0.4603314338524075,-0.005041633691653558,-0.003927940602786756,0,4,0
2026092807,maest,ambient_balanced,0.5,raw,47,120,0.15233946365332104,0.4739996500140511,0.0,0.007269015703835563,0,4,0
2026092807,maest,ambient_balanced,0.5,prior_offset,47,120,0.14713798908091638,0.4611419729691334,-0.005201474572404663,0.0020675411314309,0,4,0
2026092807,maest,ambient_balanced,0.5,temperature,47,120,0.15140771468362746,0.46998361053529547,-0.0009317489696935854,0.0063372667341419775,0,4,0
2026092807,maest,ambient_balanced,0.5,platt,47,120,0.14507044794948548,0.45323720830623027,-0.007269015703835563,0.0,0,4,0
2026092807,maest,ambient_balanced,0.5,beta,47,120,0.14376688547567135,0.45970774038297935,-0.008572578177649698,-0.001303562473814135,0,4,2
2026092807,maest,ambient_balanced,0.5,isotonic,47,120,0.147611770088921,1.031541919449507,-0.004727693564400032,0.002541322139435531,0,4,0
2026092807,maest,ambient_balanced,0.5,ridge_platt,47,120,0.14364333878895896,0.44688649156212423,-0.008696124864362081,-0.0014271091605265185,0,4,0
2026092807,maest,ambient_balanced,1.0,raw,94,249,0.15233946365332104,0.4739996500140511,0.0,0.00814365032176384,0,4,0
2026092807,maest,ambient_balanced,1.0,prior_offset,94,249,0.14713798908091638,0.4611419729691334,-0.005201474572404663,0.002942175749359177,0,4,0
2026092807,maest,ambient_balanced,1.0,temperature,94,249,0.15118490572713592,0.4688659616033404,-0.001154557926185129,0.006989092395578711,0,4,0
2026092807,maest,ambient_balanced,1.0,platt,94,249,0.1441958133315572,0.45039741525674964,-0.00814365032176384,0.0,0,4,0
2026092807,maest,ambient_balanced,1.0,beta,94,249,0.14457456442963743,0.46080947297394004,-0.007764899223683619,0.0003787510980802211,0,4,1
2026092807,maest,ambient_balanced,1.0,isotonic,94,249,0.14798280174659548,1.099998289137984,-0.004356661906725567,0.0037869884150382727,0,4,0
2026092807,maest,ambient_balanced,1.0,ridge_platt,94,249,0.14377346252687342,0.4470612082368606,-0.00856600112644762,-0.00042235080468377983,0,4,0
2026092807,maest,unweighted,0.25,raw,24,52,0.14622046114657145,0.45676379106848264,0.0,-0.004618660881821168,0,4,0
2026092807,maest,unweighted,0.25,prior_offset,24,52,0.14622046114657145,0.45676379106848264,0.0,-0.004618660881821168,0,4,0
2026092807,maest,unweighted,0.25,temperature,24,52,0.14663229955397147,0.4605303601632982,0.0004118384074000281,-0.00420682247442114,0,4,0
2026092807,maest,unweighted,0.25,platt,24,52,0.1508391220283926,0.47158664761057123,0.004618660881821168,0.0,0,4,0
2026092807,maest,unweighted,0.25,beta,24,52,0.1490851952601222,0.4823305480190555,0.00286473411355076,-0.0017539267682704085,0,4,3
2026092807,maest,unweighted,0.25,isotonic,24,52,0.15585689084646356,1.9875243265443103,0.009636429699892118,0.00501776881807095,0,4,0
2026092807,maest,unweighted,0.25,ridge_platt,24,52,0.14695998036217583,0.45922501380167424,0.0007395192156043895,-0.003879141666216779,0,4,0
2026092807,maest,unweighted,0.5,raw,47,120,0.14622046114657145,0.45676379106848264,0.0,0.001256721322401344,0,4,0
2026092807,maest,unweighted,0.5,prior_offset,47,120,0.14622046114657145,0.45676379106848264,0.0,0.001256721322401344,0,4,0
2026092807,maest,unweighted,0.5,temperature,47,120,0.14472107692718905,0.4511539333406451,-0.0014993842193823936,-0.0002426628969810496,0,4,0
2026092807,maest,unweighted,0.5,platt,47,120,0.1449637398241701,0.4526512650904776,-0.001256721322401344,0.0,0,4,0
2026092807,maest,unweighted,0.5,beta,47,120,0.14397710790669405,0.4601711869654019,-0.002243353239877399,-0.0009866319174760552,0,4,2
2026092807,maest,unweighted,0.5,isotonic,47,120,0.1476137007230528,1.096496170860373,0.0013932395764813532,0.0026499608988826973,0,4,0
2026092807,maest,unweighted,0.5,ridge_platt,47,120,0.14407591330029637,0.4480088709598221,-0.0021445478462750744,-0.0008878265238737304,0,4,0
2026092807,maest,unweighted,1.0,raw,94,249,0.14622046114657145,0.45676379106848264,0.0,0.0021753011913104026,0,4,0
2026092807,maest,unweighted,1.0,prior_offset,94,249,0.14622046114657145,0.45676379106848264,0.0,0.0021753011913104026,0,4,0
2026092807,maest,unweighted,1.0,temperature,94,249,0.14491499468058625,0.4511945883322729,-0.0013054664659852,0.0008698347253252026,0,4,0
2026092807,maest,unweighted,1.0,platt,94,249,0.14404515995526104,0.4497158650040296,-0.0021753011913104026,0.0,0,4,0
2026092807,maest,unweighted,1.0,beta,94,249,0.14448198564623144,0.46015113844857547,-0.0017384755003400088,0.0004368256909703938,0,4,2
2026092807,maest,unweighted,1.0,isotonic,94,249,0.1478755334909993,1.0990976749657682,0.0016550723444278548,0.0038303735357382573,0,4,0
2026092807,maest,unweighted,1.0,ridge_platt,94,249,0.14407585048850496,0.44791908605688324,-0.0021446106580664814,3.0690533243921125e-05,0,4,0
2026092807,mert_v0,ambient_balanced,0.25,raw,24,52,0.16479825088136343,0.5015137543230958,0.0,0.0007960117071489914,0,4,0
2026092807,mert_v0,ambient_balanced,0.25,prior_offset,24,52,0.15728155836526705,0.48562720455172026,-0.007516692516096379,-0.006720680808947388,0,4,0
2026092807,mert_v0,ambient_balanced,0.25,temperature,24,52,0.17073702773697752,0.5273510697348862,0.005938776855614086,0.006734788562763078,0,4,0
2026092807,mert_v0,ambient_balanced,0.25,platt,24,52,0.16400223917421444,0.5143180056897936,-0.0007960117071489914,0.0,0,4,0
2026092807,mert_v0,ambient_balanced,0.25,beta,24,52,0.16261088747399344,0.5148944526477479,-0.0021873634073699966,-0.0013913517002210052,0,4,2
2026092807,mert_v0,ambient_balanced,0.25,isotonic,24,52,0.16861983350288795,2.1297110885200876,0.0038215826215245163,0.004617594328673508,0,4,0
2026092807,mert_v0,ambient_balanced,0.25,ridge_platt,24,52,0.16075508751841064,0.4980452773755465,-0.004043163362952795,-0.003247151655803804,0,4,0
2026092807,mert_v0,ambient_balanced,0.5,raw,47,120,0.16479825088136343,0.5015137543230958,0.0,0.00622289940667492,0,4,0
2026092807,mert_v0,ambient_balanced,0.5,prior_offset,47,120,0.15728155836526705,0.48562720455172026,-0.007516692516096379,-0.0012937931094214594,0,4,0
2026092807,mert_v0,ambient_balanced,0.5,temperature,47,120,0.16741320853442482,0.5115631478816878,0.002614957653061384,0.008837857059736304,0,4,0
2026092807,mert_v0,ambient_balanced,0.5,platt,47,120,0.15857535147468851,0.49301761517645426,-0.00622289940667492,0.0,0,4,0
2026092807,mert_v0,ambient_balanced,0.5,beta,47,120,0.1580708653346572,0.4935362577581771,-0.006727385546706238,-0.0005044861400313183,0,4,0
2026092807,mert_v0,ambient_balanced,0.5,isotonic,47,120,0.16348966238528806,0.895129775585676,-0.0013085884960753746,0.004914310910599545,0,4,0
2026092807,mert_v0,ambient_balanced,0.5,ridge_platt,47,120,0.1564837136695588,0.48198631746430065,-0.00831453721180464,-0.00209163780512972,0,4,0
2026092807,mert_v0,ambient_balanced,1.0,raw,94,249,0.16479825088136343,0.5015137543230958,0.0,0.006809035791735807,0,4,0
2026092807,mert_v0,ambient_balanced,1.0,prior_offset,94,249,0.15728155836526705,0.48562720455172026,-0.007516692516096379,-0.0007076567243605725,0,4,0
2026092807,mert_v0,ambient_balanced,1.0,temperature,94,249,0.1668944211782151,0.509132688547403,0.0020961702968516627,0.00890520608858747,0,4,0
2026092807,mert_v0,ambient_balanced,1.0,platt,94,249,0.15798921508962763,0.4917530066708918,-0.006809035791735807,0.0,0,4,0
2026092807,mert_v0,ambient_balanced,1.0,beta,94,249,0.15717617130580563,0.4913604954810065,-0.0076220795755578,-0.0008130437838219928,0,4,1
2026092807,mert_v0,ambient_balanced,1.0,isotonic,94,249,0.16095421727832712,0.8216741940232235,-0.003844033603036312,0.002965002188699495,0,4,0
2026092807,mert_v0,ambient_balanced,1.0,ridge_platt,94,249,0.1572728991260004,0.48491755616709614,-0.007525351755363036,-0.0007163159636272287,0,4,0
2026092807,mert_v0,unweighted,0.25,raw,24,52,0.15673593402893407,0.4832868909918918,0.0,-0.007249561084630596,0,4,0
2026092807,mert_v0,unweighted,0.25,prior_offset,24,52,0.15673593402893407,0.4832868909918918,0.0,-0.007249561084630596,0,4,0
2026092807,mert_v0,unweighted,0.25,temperature,24,52,0.1631244055554315,0.5117115491729903,0.006388471526497436,-0.0008610895581331601,0,4,0
2026092807,mert_v0,unweighted,0.25,platt,24,52,0.16398549511356467,0.5143579094877192,0.007249561084630596,0.0,0,4,0
2026092807,mert_v0,unweighted,0.25,beta,24,52,0.1626004403082913,0.5148076747549855,0.005864506279357223,-0.0013850548052733724,0,4,2
2026092807,mert_v0,unweighted,0.25,isotonic,24,52,0.16903672541605508,2.161896138258442,0.012300791387121007,0.0050512303024904115,0,4,0
2026092807,mert_v0,unweighted,0.25,ridge_platt,24,52,0.16001659468440416,0.49672313842279725,0.0032806606554700857,-0.00396890042916051,0,4,0
2026092807,mert_v0,unweighted,0.5,raw,47,120,0.15673593402893407,0.4832868909918918,0.0,-0.0017112803294517254,0,4,0
2026092807,mert_v0,unweighted,0.5,prior_offset,47,120,0.15673593402893407,0.4832868909918918,0.0,-0.0017112803294517254,0,4,0
2026092807,mert_v0,unweighted,0.5,temperature,47,120,0.15896726106256415,0.4921513522440522,0.002231327033630076,0.0005200467041783507,0,4,0
2026092807,mert_v0,unweighted,0.5,platt,47,120,0.1584472143583858,0.49287142189005784,0.0017112803294517254,0.0,0,4,0
2026092807,mert_v0,unweighted,0.5,beta,47,120,0.157945540552952,0.4934141684968896,0.0012096065240179421,-0.0005016738054337833,0,4,0
2026092807,mert_v0,unweighted,0.5,isotonic,47,120,0.16221094071214634,0.8912058386852744,0.005475006683212269,0.0037637263537605437,0,4,0
2026092807,mert_v0,unweighted,0.5,ridge_platt,47,120,0.15652696487857823,0.48281176102940826,-0.00020896915035584218,-0.0019202494798075675,0,4,0
2026092807,mert_v0,unweighted,1.0,raw,94,249,0.15673593402893407,0.4832868909918918,0.0,-0.0011105943891649706,0,4,0
2026092807,mert_v0,unweighted,1.0,prior_offset,94,249,0.15673593402893407,0.4832868909918918,0.0,-0.0011105943891649706,0,4,0
2026092807,mert_v0,unweighted,1.0,temperature,94,249,0.1587851171782852,0.49136297228504855,0.0020491831493511248,0.0009385887601861542,0,4,0
2026092807,mert_v0,unweighted,1.0,platt,94,249,0.15784652841809904,0.4915591691504531,0.0011105943891649706,0.0,0,4,0
2026092807,mert_v0,unweighted,1.0,beta,94,249,0.15703242927158317,0.4910122994533147,0.000296495242649103,-0.0008140991465158676,0,4,1
2026092807,mert_v0,unweighted,1.0,isotonic,94,249,0.15885107353808692,0.8155391163503147,0.002115139509152847,0.0010045451199878763,0,4,0
2026092807,mert_v0,unweighted,1.0,ridge_platt,94,249,0.15719502676680208,0.48501114252050853,0.00045909273786801097,-0.0006515016512969596,0,4,0
2026092807,mert_v1,ambient_balanced,0.25,raw,24,52,0.16641340735760976,0.5052919392191318,0.0,-0.0005140741971851603,0,4,0
2026092807,mert_v1,ambient_balanced,0.25,prior_offset,24,52,0.15961478622843733,0.490591618559554,-0.0067986211291724274,-0.007312695326357588,0,4,0
2026092807,mert_v1,ambient_balanced,0.25,temperature,24,52,0.17117327959498488,0.523051370365644,0.004759872237375118,0.0042457980401899575,0,4,0
2026092807,mert_v1,ambient_balanced,0.25,platt,24,52,0.16692748155479492,0.5184689985501436,0.0005140741971851603,0.0,0,4,0
2026092807,mert_v1,ambient_balanced,0.25,beta,24,52,0.16637192494657616,0.5171674852183621,-4.148241103360539e-05,-0.0005555566082187657,0,4,2
2026092807,mert_v1,ambient_balanced,0.25,isotonic,24,52,0.17258685621266254,2.0386024897632065,0.006173448855052777,0.005659374657867616,0,4,0
2026092807,mert_v1,ambient_balanced,0.25,ridge_platt,24,52,0.1626495334254279,0.4985943565825459,-0.0037638739321818604,-0.004277948129367021,0,4,0
2026092807,mert_v1,ambient_balanced,0.5,raw,47,120,0.16641340735760976,0.5052919392191318,0.0,0.0036870062513239543,0,4,0
2026092807,mert_v1,ambient_balanced,0.5,prior_offset,47,120,0.15961478622843733,0.490591618559554,-0.0067986211291724274,-0.003111614877848473,0,4,0
2026092807,mert_v1,ambient_balanced,0.5,temperature,47,120,0.16968370307858902,0.5167897864895206,0.003270295720979255,0.006957301972303209,0,4,0
2026092807,mert_v1,ambient_balanced,0.5,platt,47,120,0.1627264011062858,0.5015697117636201,-0.0036870062513239543,0.0,0,4,0
2026092807,mert_v1,ambient_balanced,0.5,beta,47,120,0.16325518318179585,0.5029970629201151,-0.0031582241758139062,0.0005287820755100481,0,4,1
2026092807,mert_v1,ambient_balanced,0.5,isotonic,47,120,0.16837620336095777,1.029864697420802,0.001962796003348005,0.0056498022546719595,0,4,0
2026092807,mert_v1,ambient_balanced,0.5,ridge_platt,47,120,0.15851356862590116,0.48597019091865856,-0.007899838731708603,-0.004212832480384648,0,4,0
2026092807,mert_v1,ambient_balanced,1.0,raw,94,249,0.16641340735760976,0.5052919392191318,0.0,0.005729068656180197,0,4,0
2026092807,mert_v1,ambient_balanced,1.0,prior_offset,94,249,0.15961478622843733,0.490591618559554,-0.0067986211291724274,-0.00106955247299223,0,4,0
2026092807,mert_v1,ambient_balanced,1.0,temperature,94,249,0.168988640009344,0.5142062534565717,0.0025752326517342328,0.00830430130791443,0,4,0
2026092807,mert_v1,ambient_balanced,1.0,platt,94,249,0.16068433870142956,0.49678191559289214,-0.005729068656180197,0.0,0,4,0
2026092807,mert_v1,ambient_balanced,1.0,beta,94,249,0.1599464385839286,0.49415910648054195,-0.006466968773681164,-0.000737900117500967,0,4,1
2026092807,mert_v1,ambient_balanced,1.0,isotonic,94,249,0.165378730986059,0.7974685403724873,-0.0010346763715507468,0.004694392284629451,0,4,0
2026092807,mert_v1,ambient_balanced,1.0,ridge_platt,94,249,0.15932613720998157,0.48871054994367963,-0.007087270147628194,-0.0013582014914479967,0,4,0
2026092807,mert_v1,unweighted,0.25,raw,24,52,0.15886962641359884,0.48778440952554386,0.0,-0.007858178515273262,0,4,0
2026092807,mert_v1,unweighted,0.25,prior_offset,24,52,0.15886962641359884,0.48778440952554386,0.0,-0.007858178515273262,0,4,0
2026092807,mert_v1,unweighted,0.25,temperature,24,52,0.16443313457905157,0.5097221025829879,0.00556350816545273,-0.0022946703498205323,0,4,0
2026092807,mert_v1,unweighted,0.25,platt,24,52,0.1667278049288721,0.5178314786466065,0.007858178515273262,0.0,0,4,0
2026092807,mert_v1,unweighted,0.25,beta,24,52,0.1662699671813051,0.516574495953079,0.007400340767706265,-0.000457837747566997,0,4,2
2026092807,mert_v1,unweighted,0.25,isotonic,24,52,0.17180728974955264,1.94235432896582,0.012937663335953808,0.0050794848206805465,0,4,0
2026092807,mert_v1,unweighted,0.25,ridge_platt,24,52,0.16193964271574762,0.4970875314944607,0.003070016302148787,-0.004788162213124475,0,4,0
2026092807,mert_v1,unweighted,0.5,raw,47,120,0.15886962641359884,0.48778440952554386,0.0,-0.0036670851159819884,0,4,0
2026092807,mert_v1,unweighted,0.5,prior_offset,47,120,0.15886962641359884,0.48778440952554386,0.0,-0.0036670851159819884,0,4,0
2026092807,mert_v1,unweighted,0.5,temperature,47,120,0.1618413868398425,0.498120727718141,0.002971760426243669,-0.0006953246897383192,0,4,0
2026092807,mert_v1,unweighted,0.5,platt,47,120,0.16253671152958082,0.5013047065328108,0.0036670851159819884,0.0,0,4,0
2026092807,mert_v1,unweighted,0.5,beta,47,120,0.16327774865931444,0.5033736391164549,0.004408122245715601,0.0007410371297336127,0,4,1
2026092807,mert_v1,unweighted,0.5,isotonic,47,120,0.1681778817478523,0.997850680087391,0.009308255334253474,0.005641170218271485,0,4,0
2026092807,mert_v1,unweighted,0.5,ridge_platt,47,120,0.15867466526601667,0.4871940660925906,-0.0001949611475821622,-0.0038620462635641506,0,4,0
2026092807,mert_v1,unweighted,1.0,raw,94,249,0.15886962641359884,0.48778440952554386,0.0,-0.0015870835569878061,0,4,0
2026092807,mert_v1,unweighted,1.0,prior_offset,94,249,0.15886962641359884,0.48778440952554386,0.0,-0.0015870835569878061,0,4,0
2026092807,mert_v1,unweighted,1.0,temperature,94,249,0.16146209552375113,0.49688844026503504,0.00259246911015229,0.001005385553164484,0,4,0
2026092807,mert_v1,unweighted,1.0,platt,94,249,0.16045670997058664,0.49641749286940284,0.0015870835569878061,0.0,0,4,0
2026092807,mert_v1,unweighted,1.0,beta,94,249,0.15989350627911642,0.49417026075296305,0.0010238798655175796,-0.0005632036914702265,0,4,1
2026092807,mert_v1,unweighted,1.0,isotonic,94,249,0.1649575652451949,0.7968966460649832,0.006087938831596057,0.004500855274608251,0,4,0
2026092807,mert_v1,unweighted,1.0,ridge_platt,94,249,0.1592822273349607,0.4891776043269775,0.0004126009213618609,-0.0011744826356259452,0,4,0
2026092808,maest,ambient_balanced,0.25,raw,24,51,0.1577617197600129,0.48982818596201455,0.0,0.006226860541845652,0,4,0
2026092808,maest,ambient_balanced,0.25,prior_offset,24,51,0.14930965166924096,0.4709200854558397,-0.008452068090771953,-0.0022252075489263,0,4,0
2026092808,maest,ambient_balanced,0.25,temperature,24,51,0.16012561191545244,0.5024191015309389,0.0023638921554395287,0.008590752697285181,0,4,0
2026092808,maest,ambient_balanced,0.25,platt,24,51,0.15153485921816726,0.4779906544939592,-0.006226860541845652,0.0,0,4,0
2026092808,maest,ambient_balanced,0.25,beta,24,51,0.15058895361784855,0.4749108085544195,-0.007172766142164361,-0.0009459056003187083,0,4,0
2026092808,maest,ambient_balanced,0.25,isotonic,24,51,0.15984177335981245,1.362309620691901,0.0020800535997995417,0.008306914141645194,0,4,0
2026092808,maest,ambient_balanced,0.25,ridge_platt,24,51,0.15031457240147014,0.47211301252010257,-0.007447147358542766,-0.0012202868166971137,0,4,0
2026092808,maest,ambient_balanced,0.5,raw,47,131,0.1577617197600129,0.48982818596201455,0.0,0.0042778759700933255,0,4,0
2026092808,maest,ambient_balanced,0.5,prior_offset,47,131,0.14930965166924096,0.4709200854558397,-0.008452068090771953,-0.004174192120678627,0,4,0
2026092808,maest,ambient_balanced,0.5,temperature,47,131,0.1587391162982461,0.49165157140542115,0.0009773965382331995,0.005255272508326525,0,4,0
2026092808,maest,ambient_balanced,0.5,platt,47,131,0.15348384378991958,0.47763623486279033,-0.0042778759700933255,0.0,0,4,0
2026092808,maest,ambient_balanced,0.5,beta,47,131,0.15238181973867101,0.477377480970261,-0.0053799000213418935,-0.001102024051248568,0,4,1
2026092808,maest,ambient_balanced,0.5,isotonic,47,131,0.16201842762391402,0.9371480227355564,0.004256707863901116,0.008534583833994441,0,4,0
2026092808,maest,ambient_balanced,0.5,ridge_platt,47,131,0.14807043708417997,0.46425326682002777,-0.00969128267583294,-0.005413406705739615,0,4,0
2026092808,maest,ambient_balanced,1.0,raw,94,231,0.1577617197600129,0.48982818596201455,0.0,0.00811341743632632,0,4,0
2026092808,maest,ambient_balanced,1.0,prior_offset,94,231,0.14930965166924096,0.4709200854558397,-0.008452068090771953,-0.00033865065444563247,0,4,0
2026092808,maest,ambient_balanced,1.0,temperature,94,231,0.1578298568574436,0.4910342331999362,6.813709743069829e-05,0.008181554533757018,0,4,0
2026092808,maest,ambient_balanced,1.0,platt,94,231,0.1496483023236866,0.4699608563155444,-0.00811341743632632,0.0,0,4,0
2026092808,maest,ambient_balanced,1.0,beta,94,231,0.1487069491446373,0.46733398899868905,-0.009054770615375601,-0.0009413531790492813,0,4,0
2026092808,maest,ambient_balanced,1.0,isotonic,94,231,0.15455387263470202,0.9202305887207332,-0.0032078471253108864,0.004905570311015434,0,4,0
2026092808,maest,ambient_balanced,1.0,ridge_platt,94,231,0.14907419168524258,0.4664845822041735,-0.008687528074770329,-0.0005741106384440087,0,4,0
2026092808,maest,unweighted,0.25,raw,24,51,0.1486282310047211,0.466010943487274,0.0,-0.0023143446586122995,0,4,0
2026092808,maest,unweighted,0.25,prior_offset,24,51,0.1486282310047211,0.466010943487274,0.0,-0.0023143446586122995,0,4,0
2026092808,maest,unweighted,0.25,temperature,24,51,0.15011291317283562,0.4727031819109212,0.0014846821681145095,-0.0008296624904977901,0,4,0
2026092808,maest,unweighted,0.25,platt,24,51,0.1509425756633334,0.47527155405500415,0.0023143446586122995,0.0,0,4,0
2026092808,maest,unweighted,0.25,beta,24,51,0.14950442779900666,0.47085179305963243,0.0008761967942855498,-0.0014381478643267498,0,4,0
2026092808,maest,unweighted,0.25,isotonic,24,51,0.15878705822302233,1.38008171468067,0.01015882721830122,0.00784448255968892,0,4,0
2026092808,maest,unweighted,0.25,ridge_platt,24,51,0.1486282310047211,0.466010943487274,0.0,-0.0023143446586122995,0,4,0
2026092808,maest,unweighted,0.5,raw,47,131,0.1486282310047211,0.466010943487274,0.0,-0.004614822899697391,0,4,0
2026092808,maest,unweighted,0.5,prior_offset,47,131,0.1486282310047211,0.466010943487274,0.0,-0.004614822899697391,0,4,0
2026092808,maest,unweighted,0.5,temperature,47,131,0.15006917176652235,0.4701304720498284,0.0014409407618012349,-0.0031738821378961557,0,4,0
2026092808,maest,unweighted,0.5,platt,47,131,0.1532430539044185,0.47682262354971217,0.004614822899697391,0.0,0,4,0
2026092808,maest,unweighted,0.5,beta,47,131,0.15198284745534044,0.47611678694055143,0.0033546164506193243,-0.0012602064490780662,0,4,1
2026092808,maest,unweighted,0.5,isotonic,47,131,0.15998089261480974,0.8058881213305142,0.011352661610088632,0.006737838710391242,0,4,0
2026092808,maest,unweighted,0.5,ridge_platt,47,131,0.14925634223699466,0.4681353093994194,0.0006281112322735483,-0.003986711667423842,0,4,0
2026092808,maest,unweighted,1.0,raw,94,231,0.1486282310047211,0.466010943487274,0.0,-0.0006860971506742752,0,4,0
2026092808,maest,unweighted,1.0,prior_offset,94,231,0.1486282310047211,0.466010943487274,0.0,-0.0006860971506742752,0,4,0
2026092808,maest,unweighted,1.0,temperature,94,231,0.14875294288051613,0.46755958006826126,0.0001247118757950194,-0.0005613852748792558,0,4,0
2026092808,maest,unweighted,1.0,platt,94,231,0.1493143281553954,0.468759802904442,0.0006860971506742752,0.0,0,4,0
2026092808,maest,unweighted,1.0,beta,94,231,0.14831524754015427,0.4657118655413313,-0.0003129834645668461,-0.0009990806152411214,0,4,0
2026092808,maest,unweighted,1.0,isotonic,94,231,0.15313404794029786,0.8533354223427415,0.004505816935576751,0.0038197197849024755,0,4,0
2026092808,maest,unweighted,1.0,ridge_platt,94,231,0.1486282310047211,0.466010943487274,0.0,-0.0006860971506742752,0,4,0
2026092808,mert_v0,ambient_balanced,0.25,raw,24,51,0.17127790398020662,0.5242949720196433,0.0,0.0012046515865885288,0,4,0
2026092808,mert_v0,ambient_balanced,0.25,prior_offset,24,51,0.15929369951766387,0.495189509462236,-0.011984204462542752,-0.010779552875954224,0,4,0
2026092808,mert_v0,ambient_balanced,0.25,temperature,24,51,0.17582301994269028,0.5442339227439069,0.0045451159624836646,0.005749767549072193,0,4,0
2026092808,mert_v0,ambient_balanced,0.25,platt,24,51,0.1700732523936181,0.5264208540190634,-0.0012046515865885288,0.0,0,4,0
2026092808,mert_v0,ambient_balanced,0.25,beta,24,51,0.1665760553108246,0.5204656061967853,-0.0047018486693820305,-0.0034971970827935017,0,4,4
2026092808,mert_v0,ambient_balanced,0.25,isotonic,24,51,0.17004568261161623,1.2875880790123775,-0.001232221368590386,-2.7569782001857224e-05,0,4,0
2026092808,mert_v0,ambient_balanced,0.25,ridge_platt,24,51,0.1627643670976932,0.5031266062587578,-0.008513536882513412,-0.007308885295924883,0,4,0
2026092808,mert_v0,ambient_balanced,0.5,raw,47,131,0.17127790398020662,0.5242949720196433,0.0,0.008632310253965075,0,4,0
2026092808,mert_v0,ambient_balanced,0.5,prior_offset,47,131,0.15929369951766387,0.495189509462236,-0.011984204462542752,-0.003351894208577677,0,4,0
2026092808,mert_v0,ambient_balanced,0.5,temperature,47,131,0.17194575000828516,0.5283422675595301,0.0006678460280785392,0.009300156282043615,0,4,0
2026092808,mert_v0,ambient_balanced,0.5,platt,47,131,0.16264559372624154,0.5082655500315478,-0.008632310253965075,0.0,0,4,0
2026092808,mert_v0,ambient_balanced,0.5,beta,47,131,0.15989912718292232,0.5028223971782425,-0.011378776797284301,-0.002746466543319226,0,4,1
2026092808,mert_v0,ambient_balanced,0.5,isotonic,47,131,0.16429058789708884,0.8391182368350606,-0.006987316083117784,0.0016449941708472915,0,4,0
2026092808,mert_v0,ambient_balanced,0.5,ridge_platt,47,131,0.16185686507907315,0.5014837102716978,-0.009421038901133466,-0.0007887286471683908,0,4,0
2026092808,mert_v0,ambient_balanced,1.0,raw,94,231,0.17127790398020662,0.5242949720196433,0.0,0.011070412859762208,0,4,0
2026092808,mert_v0,ambient_balanced,1.0,prior_offset,94,231,0.15929369951766387,0.495189509462236,-0.011984204462542752,-0.0009137916027805448,0,4,0
2026092808,mert_v0,ambient_balanced,1.0,temperature,94,231,0.17214644974416327,0.5310560725408444,0.0008685457639566463,0.011938958623718854,0,4,0
2026092808,mert_v0,ambient_balanced,1.0,platt,94,231,0.1602074911204444,0.5038416477352731,-0.011070412859762208,0.0,0,4,0
2026092808,mert_v0,ambient_balanced,1.0,beta,94,231,0.15831745135340988,0.4963477956432402,-0.012960452626796737,-0.0018900397670345293,0,4,0
2026092808,mert_v0,ambient_balanced,1.0,isotonic,94,231,0.16170116639176657,0.8690368612809958,-0.009576737588440049,0.001493675271322159,0,4,0
2026092808,mert_v0,ambient_balanced,1.0,ridge_platt,94,231,0.16027173139512524,0.5023274644578355,-0.01100617258508138,6.424027468082683e-05,0,4,0
2026092808,mert_v0,unweighted,0.25,raw,24,51,0.158988165340716,0.49424514393006996,0.0,-0.011568951253898702,0,4,0
2026092808,mert_v0,unweighted,0.25,prior_offset,24,51,0.158988165340716,0.49424514393006996,0.0,-0.011568951253898702,0,4,0
2026092808,mert_v0,unweighted,0.25,temperature,24,51,0.16093312323741898,0.4998630770246161,0.0019449578967029868,-0.009623993357195715,0,4,0
2026092808,mert_v0,unweighted,0.25,platt,24,51,0.1705571165946147,0.5288104424863224,0.011568951253898702,0.0,0,4,0
2026092808,mert_v0,unweighted,0.25,beta,24,51,0.16852008170223448,0.5251256521758746,0.009531916361518483,-0.0020370348923802184,0,4,3
2026092808,mert_v0,unweighted,0.25,isotonic,24,51,0.17432226391506395,1.3890746781448327,0.015334098574347949,0.003765147320449247,0,4,0
2026092808,mert_v0,unweighted,0.25,ridge_platt,24,51,0.158988165340716,0.49424514393006996,0.0,-0.011568951253898702,0,4,0
2026092808,mert_v0,unweighted,0.5,raw,47,131,0.158988165340716,0.49424514393006996,0.0,-0.004104040595509728,0,4,0
2026092808,mert_v0,unweighted,0.5,prior_offset,47,131,0.158988165340716,0.49424514393006996,0.0,-0.004104040595509728,0,4,0
2026092808,mert_v0,unweighted,0.5,temperature,47,131,0.15967574101414625,0.4983198897293305,0.0006875756734302518,-0.0034164649220794763,0,4,0
2026092808,mert_v0,unweighted,0.5,platt,47,131,0.16309220593622573,0.5100921512423776,0.004104040595509728,0.0,0,4,0
2026092808,mert_v0,unweighted,0.5,beta,47,131,0.16097783465508994,0.5053555732436508,0.001989669314373943,-0.002114371281135785,0,4,1
2026092808,mert_v0,unweighted,0.5,isotonic,47,131,0.16601127174365618,0.8769124258494839,0.007023106402940182,0.0029190658074304543,0,4,0
2026092808,mert_v0,unweighted,0.5,ridge_platt,47,131,0.16044884486960484,0.49863306412616576,0.001460679528888842,-0.002643361066620886,0,4,0
2026092808,mert_v0,unweighted,1.0,raw,94,231,0.158988165340716,0.49424514393006996,0.0,-0.0014017781043616506,0,4,0
2026092808,mert_v0,unweighted,1.0,prior_offset,94,231,0.158988165340716,0.49424514393006996,0.0,-0.0014017781043616506,0,4,0
2026092808,mert_v0,unweighted,1.0,temperature,94,231,0.15932590576652056,0.4986740174115578,0.0003377404258045613,-0.0010640376785570893,0,4,0
2026092808,mert_v0,unweighted,1.0,platt,94,231,0.16038994344507765,0.504777164181527,0.0014017781043616506,0.0,0,4,0
2026092808,mert_v0,unweighted,1.0,beta,94,231,0.15913321551056728,0.497893312257536,0.0001450501698512796,-0.001256727934510371,0,4,1
2026092808,mert_v0,unweighted,1.0,isotonic,94,231,0.1631155509443032,0.9041204921426125,0.004127385603587191,0.002725607499225541,0,4,0
2026092808,mert_v0,unweighted,1.0,ridge_platt,94,231,0.1585065846117932,0.4989290866138328,-0.00048158072892279247,-0.001883358833284443,0,4,0
2026092808,mert_v1,ambient_balanced,0.25,raw,24,51,0.16900320294303134,0.5170621618140456,0.0,-0.00413099034555342,0,4,0
2026092808,mert_v1,ambient_balanced,0.25,prior_offset,24,51,0.1573124816029678,0.4880706694763595,-0.011690721340063548,-0.015821711685616968,0,4,0
2026092808,mert_v1,ambient_balanced,0.25,temperature,24,51,0.17457415433435997,0.5530937114278366,0.005570951391328627,0.0014399610457752066,0,4,0
2026092808,mert_v1,ambient_balanced,0.25,platt,24,51,0.17313419328858476,0.5402640171021049,0.00413099034555342,0.0,0,4,0
2026092808,mert_v1,ambient_balanced,0.25,beta,24,51,0.17252328807785133,0.5354654982878282,0.0035200851348199946,-0.0006109052107334256,0,4,2
2026092808,mert_v1,ambient_balanced,0.25,isotonic,24,51,0.1853688829214034,1.8303878626078662,0.016365679978372072,0.012234689632818652,0,4,0
2026092808,mert_v1,ambient_balanced,0.25,ridge_platt,24,51,0.1624179189053015,0.5028315796496542,-0.006585284037729844,-0.010716274383283264,0,4,0
2026092808,mert_v1,ambient_balanced,0.5,raw,47,131,0.16900320294303134,0.5170621618140456,0.0,0.004929710327850667,0,4,0
2026092808,mert_v1,ambient_balanced,0.5,prior_offset,47,131,0.1573124816029678,0.4880706694763595,-0.011690721340063548,-0.006761011012212881,0,4,0
2026092808,mert_v1,ambient_balanced,0.5,temperature,47,131,0.16935447533153541,0.5188051180714308,0.00035127238850407583,0.005280982716354743,0,4,0
2026092808,mert_v1,ambient_balanced,0.5,platt,47,131,0.16407349261518067,0.5060502346517803,-0.004929710327850667,0.0,0,4,0
2026092808,mert_v1,ambient_balanced,0.5,beta,47,131,0.1627160472114157,0.503012526892097,-0.006287155731615646,-0.0013574454037649786,0,4,0
2026092808,mert_v1,ambient_balanced,0.5,isotonic,47,131,0.16591273350755964,0.9090565929410336,-0.003090469435471699,0.0018392408923789683,0,4,0
2026092808,mert_v1,ambient_balanced,0.5,ridge_platt,47,131,0.1586503063414093,0.4909323762124229,-0.01035289660162203,-0.005423186273771363,0,4,0
2026092808,mert_v1,ambient_balanced,1.0,raw,94,231,0.16900320294303134,0.5170621618140456,0.0,0.009684704476023182,0,4,0
2026092808,mert_v1,ambient_balanced,1.0,prior_offset,94,231,0.1573124816029678,0.4880706694763595,-0.011690721340063548,-0.0020060168640403664,0,4,0
2026092808,mert_v1,ambient_balanced,1.0,temperature,94,231,0.16931528875967572,0.5211742982186394,0.00031208581664438073,0.009996790292667562,0,4,0
2026092808,mert_v1,ambient_balanced,1.0,platt,94,231,0.15931849846700816,0.4980484716698711,-0.009684704476023182,0.0,0,4,0
2026092808,mert_v1,ambient_balanced,1.0,beta,94,231,0.15820629834149585,0.49287654051321816,-0.010796904601535484,-0.0011122001255123026,0,4,0
2026092808,mert_v1,ambient_balanced,1.0,isotonic,94,231,0.16255921963911932,0.9324668332773577,-0.006443983303912021,0.0032407211721111606,0,4,0
2026092808,mert_v1,ambient_balanced,1.0,ridge_platt,94,231,0.1592075936612633,0.49461513906043125,-0.009795609281768036,-0.00011090480574485473,0,4,0
2026092808,mert_v1,unweighted,0.25,raw,24,51,0.15684000169192164,0.4867639286231629,0.0,-0.015327422490193754,0,4,0
2026092808,mert_v1,unweighted,0.25,prior_offset,24,51,0.15684000169192164,0.4867639286231629,0.0,-0.015327422490193754,0,4,0
2026092808,mert_v1,unweighted,0.25,temperature,24,51,0.15918956313468624,0.4962303153387505,0.0023495614427646028,-0.012977861047429151,0,4,0
2026092808,mert_v1,unweighted,0.25,platt,24,51,0.1721674241821154,0.5371105009270538,0.015327422490193754,0.0,0,4,0
2026092808,mert_v1,unweighted,0.25,beta,24,51,0.17058563335009358,0.5291964859010382,0.013745631658171942,-0.0015817908320218121,0,4,3
2026092808,mert_v1,unweighted,0.25,isotonic,24,51,0.18083732642965128,1.9957281717306765,0.02399732473772964,0.008669902247535888,0,4,0
2026092808,mert_v1,unweighted,0.25,ridge_platt,24,51,0.15904806309989894,0.49380027609838484,0.002208061407977302,-0.013119361082216452,0,4,0
2026092808,mert_v1,unweighted,0.5,raw,47,131,0.15684000169192164,0.4867639286231629,0.0,-0.0073446408050360235,0,4,0
2026092808,mert_v1,unweighted,0.5,prior_offset,47,131,0.15684000169192164,0.4867639286231629,0.0,-0.0073446408050360235,0,4,0
2026092808,mert_v1,unweighted,0.5,temperature,47,131,0.1576657932209021,0.48950684256363036,0.0008257915289804629,-0.0065188492760555605,0,4,0
2026092808,mert_v1,unweighted,0.5,platt,47,131,0.16418464249695766,0.5065111575184846,0.0073446408050360235,0.0,0,4,0
2026092808,mert_v1,unweighted,0.5,beta,47,131,0.16284994210330606,0.5032813405082064,0.006009940411384418,-0.0013347003936516055,0,4,1
2026092808,mert_v1,unweighted,0.5,isotonic,47,131,0.16582413888578068,0.9378797563880179,0.008984137193859043,0.0016394963888230196,0,4,0
2026092808,mert_v1,unweighted,0.5,ridge_platt,47,131,0.15772481749185469,0.4889524923754121,0.0008848157999330475,-0.006459825005102976,0,4,0
2026092808,mert_v1,unweighted,1.0,raw,94,231,0.15684000169192164,0.4867639286231629,0.0,-0.0025245636839794916,0,4,0
2026092808,mert_v1,unweighted,1.0,prior_offset,94,231,0.15684000169192164,0.4867639286231629,0.0,-0.0025245636839794916,0,4,0
2026092808,mert_v1,unweighted,1.0,temperature,94,231,0.15712370309904766,0.4898091408101074,0.00028370140712602465,-0.002240862276853467,0,4,0
2026092808,mert_v1,unweighted,1.0,platt,94,231,0.15936456537590113,0.49827125907120573,0.0025245636839794916,0.0,0,4,0
2026092808,mert_v1,unweighted,1.0,beta,94,231,0.15850987567497438,0.49291880317674497,0.0016698739830527387,-0.0008546897009267529,0,4,1
2026092808,mert_v1,unweighted,1.0,isotonic,94,231,0.1632691583509269,0.9650513662304843,0.0064291566590052585,0.003904592975025767,0,4,0
2026092808,mert_v1,unweighted,1.0,ridge_platt,94,231,0.15788054581102473,0.4918499476177436,0.0010405441191030929,-0.0014840195648763987,0,4,0
2026092809,maest,ambient_balanced,0.25,raw,24,83,0.11973691190601769,0.3874322232751393,0.0,-0.016709870381105787,0,4,0
2026092809,maest,ambient_balanced,0.25,prior_offset,24,83,0.11048371630904573,0.3625698853711836,-0.009253195596971964,-0.02596306597807775,0,4,0
2026092809,maest,ambient_balanced,0.25,temperature,24,83,0.14460029816444378,0.4689009323462239,0.024863386258426087,0.0081535158773203,0,4,0
2026092809,maest,ambient_balanced,0.25,platt,24,83,0.13644678228712348,0.4498231600155385,0.016709870381105787,0.0,0,4,0
2026092809,maest,ambient_balanced,0.25,beta,24,83,0.13683897534186265,0.4495327154793741,0.017102063435844958,0.00039219305473917054,0,4,1
2026092809,maest,ambient_balanced,0.25,isotonic,24,83,0.13716974574678226,1.331058508926077,0.017432833840764564,0.0007229634596587764,0,4,0
2026092809,maest,ambient_balanced,0.25,ridge_platt,24,83,0.1388393428406277,0.44277203422048494,0.019102430934610018,0.0023925605535042305,0,4,0
2026092809,maest,ambient_balanced,0.5,raw,47,132,0.11973691190601769,0.3874322232751393,0.0,0.00011936694875326614,0,4,0
2026092809,maest,ambient_balanced,0.5,prior_offset,47,132,0.11048371630904573,0.3625698853711836,-0.009253195596971964,-0.009133828648218698,0,4,0
2026092809,maest,ambient_balanced,0.5,temperature,47,132,0.1280775564356537,0.4157651164490527,0.008340644529635996,0.008460011478389262,0,4,0
2026092809,maest,ambient_balanced,0.5,platt,47,132,0.11961754495726443,0.3946684428855401,-0.00011936694875326614,0.0,0,4,0
2026092809,maest,ambient_balanced,0.5,beta,47,132,0.1194802373856449,0.39583410997784463,-0.0002566745203727988,-0.00013730757161953266,0,4,1
2026092809,maest,ambient_balanced,0.5,isotonic,47,132,0.12207948472487945,0.9850556651017037,0.0023425728188617573,0.0024619397676150234,0,4,0
2026092809,maest,ambient_balanced,0.5,ridge_platt,47,132,0.11582718781087852,0.3841287064687132,-0.003909724095139178,-0.0037903571463859115,0,4,0
2026092809,maest,ambient_balanced,1.0,raw,94,231,0.11973691190601769,0.3874322232751393,0.0,0.007182897214989076,0,4,0
2026092809,maest,ambient_balanced,1.0,prior_offset,94,231,0.11048371630904573,0.3625698853711836,-0.009253195596971964,-0.002070298381982888,0,4,0
2026092809,maest,ambient_balanced,1.0,temperature,94,231,0.12059722282865058,0.39103225150457044,0.0008603109226328898,0.008043208137621966,0,4,0
2026092809,maest,ambient_balanced,1.0,platt,94,231,0.11255401469102862,0.36925190115657697,-0.007182897214989076,0.0,0,4,0
2026092809,maest,ambient_balanced,1.0,beta,94,231,0.11178810582740199,0.36928832580618043,-0.0079488060786157,-0.0007659088636266242,0,4,1
2026092809,maest,ambient_balanced,1.0,isotonic,94,231,0.11295885354768417,0.617023101874162,-0.006778058358333519,0.00040483885665555663,0,4,0
2026092809,maest,ambient_balanced,1.0,ridge_platt,94,231,0.11230040880298854,0.36912172060713466,-0.007436503103029152,-0.000253605888040076,0,4,0
2026092809,maest,unweighted,0.25,raw,24,83,0.1096672953056513,0.3603403847094508,0.0,-0.026198700187178584,0,4,0
2026092809,maest,unweighted,0.25,prior_offset,24,83,0.1096672953056513,0.3603403847094508,0.0,-0.026198700187178584,0,4,0
2026092809,maest,unweighted,0.25,temperature,24,83,0.13481788023575042,0.4443159071135697,0.025150584930099126,-0.0010481152570794572,0,4,0
2026092809,maest,unweighted,0.25,platt,24,83,0.13586599549282988,0.44845128333975565,0.026198700187178584,0.0,0,4,0
2026092809,maest,unweighted,0.25,beta,24,83,0.13619619290211887,0.4479228051375687,0.02652889759646758,0.0003301974092889959,0,4,2
2026092809,maest,unweighted,0.25,isotonic,24,83,0.13690736321737562,1.329527292263664,0.027240067911724328,0.0010413677245457442,0,4,0
2026092809,maest,unweighted,0.25,ridge_platt,24,83,0.1338676893182579,0.42901623465926914,0.02420039401260661,-0.0019983061745719732,0,4,0
2026092809,maest,unweighted,0.5,raw,47,132,0.1096672953056513,0.3603403847094508,0.0,-0.00931785583112582,0,4,0
2026092809,maest,unweighted,0.5,prior_offset,47,132,0.1096672953056513,0.3603403847094508,0.0,-0.00931785583112582,0,4,0
2026092809,maest,unweighted,0.5,temperature,47,132,0.11809311764457021,0.38919250292431407,0.00842582233891892,-0.0008920334922069006,0,4,0
2026092809,maest,unweighted,0.5,platt,47,132,0.11898515113677711,0.39311927355144805,0.00931785583112582,0.0,0,4,0
2026092809,maest,unweighted,0.5,beta,47,132,0.11888375712739642,0.39391043278985327,0.009216461821745126,-0.00010139400938069532,0,4,2
2026092809,maest,unweighted,0.5,isotonic,47,132,0.12139072985498649,0.9830984555628939,0.011723434549335193,0.0024055787182093724,0,4,0
2026092809,maest,unweighted,0.5,ridge_platt,47,132,0.11430536468300884,0.3798324033734434,0.004638069377357543,-0.004679786453768278,0,4,0
2026092809,maest,unweighted,1.0,raw,94,231,0.1096672953056513,0.3603403847094508,0.0,-0.0022486605102464696,0,4,0
2026092809,maest,unweighted,1.0,prior_offset,94,231,0.1096672953056513,0.3603403847094508,0.0,-0.0022486605102464696,0,4,0
2026092809,maest,unweighted,1.0,temperature,94,231,0.11054660155143313,0.36413305283369996,0.0008793062457818357,-0.001369354264464634,0,4,0
2026092809,maest,unweighted,1.0,platt,94,231,0.11191595581589776,0.3676657070106024,0.0022486605102464696,0.0,0,4,0
2026092809,maest,unweighted,1.0,beta,94,231,0.111254854265784,0.36703255762275866,0.0015875589601327122,-0.0006611015501137574,0,4,1
2026092809,maest,unweighted,1.0,isotonic,94,231,0.11321339337177155,0.6173665751584787,0.0035460980661202596,0.00129743755587379,0,4,0
2026092809,maest,unweighted,1.0,ridge_platt,94,231,0.11179151382776227,0.36787628037758074,0.0021242185221109766,-0.000124441988135493,0,4,0
2026092809,mert_v0,ambient_balanced,0.25,raw,24,83,0.1405743602262434,0.4407907257844385,0.0,-0.00922752942132471,0,4,0
2026092809,mert_v0,ambient_balanced,0.25,prior_offset,24,83,0.1256838693887702,0.4035797394586888,-0.014890490837473208,-0.024118020258797918,0,4,0
2026092809,mert_v0,ambient_balanced,0.25,temperature,24,83,0.16347004304293372,0.49300248494635057,0.022895682816690327,0.013668153395365618,0,4,0
2026092809,mert_v0,ambient_balanced,0.25,platt,24,83,0.1498018896475681,0.4625640660455831,0.00922752942132471,0.0,0,4,1
2026092809,mert_v0,ambient_balanced,0.25,beta,24,83,0.1477118579866925,0.4566087219610399,0.007137497760449113,-0.0020900316608755964,0,4,1
2026092809,mert_v0,ambient_balanced,0.25,isotonic,24,83,0.1549325534440591,0.8504612256866401,0.014358193217815701,0.005130663796490992,0,4,0
2026092809,mert_v0,ambient_balanced,0.25,ridge_platt,24,83,0.15598941428985164,0.475476699678394,0.015415054063608241,0.006187524642283532,0,4,1
2026092809,mert_v0,ambient_balanced,0.5,raw,47,132,0.1405743602262434,0.4407907257844385,0.0,0.008119806043529326,0,4,0
2026092809,mert_v0,ambient_balanced,0.5,prior_offset,47,132,0.1256838693887702,0.4035797394586888,-0.014890490837473208,-0.006770684793943882,0,4,0
2026092809,mert_v0,ambient_balanced,0.5,temperature,47,132,0.14725143522420345,0.45836681864594153,0.006677074997960053,0.01479688104148938,0,4,0
2026092809,mert_v0,ambient_balanced,0.5,platt,47,132,0.13245455418271407,0.42338902297329645,-0.008119806043529326,0.0,0,4,0
2026092809,mert_v0,ambient_balanced,0.5,beta,47,132,0.12884780139285867,0.41377272821325745,-0.01172655883338472,-0.003606752789855394,0,4,1
2026092809,mert_v0,ambient_balanced,0.5,isotonic,47,132,0.13462568732097643,0.7984019353139439,-0.005948672905266961,0.0021711331382623655,0,4,0
2026092809,mert_v0,ambient_balanced,0.5,ridge_platt,47,132,0.12964353019565505,0.4147595565988014,-0.01093083003058834,-0.0028110239870590137,0,4,0
2026092809,mert_v0,ambient_balanced,1.0,raw,94,231,0.1405743602262434,0.4407907257844385,0.0,0.01663407606028916,0,4,0
2026092809,mert_v0,ambient_balanced,1.0,prior_offset,94,231,0.1256838693887702,0.4035797394586888,-0.014890490837473208,0.001743585222815952,0,4,0
2026092809,mert_v0,ambient_balanced,1.0,temperature,94,231,0.13864430686142462,0.43357723007491594,-0.0019300533648187734,0.014704022695470387,0,4,0
2026092809,mert_v0,ambient_balanced,1.0,platt,94,231,0.12394028416595423,0.39836474957104145,-0.01663407606028916,0.0,0,4,0
2026092809,mert_v0,ambient_balanced,1.0,beta,94,231,0.1217929091157526,0.3910689160851202,-0.018781451110490788,-0.0021473750502016276,0,4,2
2026092809,mert_v0,ambient_balanced,1.0,isotonic,94,231,0.1261200316723747,0.7142834849314077,-0.01445432855386869,0.0021797475064204708,0,4,0
2026092809,mert_v0,ambient_balanced,1.0,ridge_platt,94,231,0.12311412590274183,0.3958810405341004,-0.017460234323501564,-0.0008261582632124037,0,4,0
2026092809,mert_v0,unweighted,0.25,raw,24,83,0.12553800572208726,0.403919500791097,0.0,-0.02429192825681653,0,4,0
2026092809,mert_v0,unweighted,0.25,prior_offset,24,83,0.12553800572208726,0.403919500791097,0.0,-0.02429192825681653,0,4,0
2026092809,mert_v0,unweighted,0.25,temperature,24,83,0.14948005577217818,0.4605766263905182,0.023942050050090924,-0.00034987820672560677,0,4,0
2026092809,mert_v0,unweighted,0.25,platt,24,83,0.1498299339789038,0.46261748683917625,0.02429192825681653,0.0,0,4,1
2026092809,mert_v0,unweighted,0.25,beta,24,83,0.14774917008157862,0.45679656479318326,0.02221116435949136,-0.002080763897325172,0,4,1
2026092809,mert_v0,unweighted,0.25,isotonic,24,83,0.1542794689857263,0.8813638209064426,0.02874146326363905,0.004449535006822519,0,4,0
2026092809,mert_v0,unweighted,0.25,ridge_platt,24,83,0.14842174564269872,0.45641488652180695,0.022883739920611462,-0.0014081883362050684,0,4,1
2026092809,mert_v0,unweighted,0.5,raw,47,132,0.12553800572208726,0.403919500791097,0.0,-0.006985326976373191,0,4,0
2026092809,mert_v0,unweighted,0.5,prior_offset,47,132,0.12553800572208726,0.403919500791097,0.0,-0.006985326976373191,0,4,0
2026092809,mert_v0,unweighted,0.5,temperature,47,132,0.13150358308874094,0.42013169028555275,0.005965577366653679,-0.0010197496097195113,0,4,0
2026092809,mert_v0,unweighted,0.5,platt,47,132,0.13252333269846045,0.42358363137386235,0.006985326976373191,0.0,0,4,0
2026092809,mert_v0,unweighted,0.5,beta,47,132,0.1289361749375032,0.4140159273890614,0.0033981692154159415,-0.003587157760957249,0,4,1
2026092809,mert_v0,unweighted,0.5,isotonic,47,132,0.13449533079046852,0.8302201832417919,0.008957325068381261,0.0019719980920080704,0,4,0
2026092809,mert_v0,unweighted,0.5,ridge_platt,47,132,0.1274649285933081,0.410084820946149,0.001926922871220843,-0.005058404105152348,0,4,0
2026092809,mert_v0,unweighted,1.0,raw,94,231,0.12553800572208726,0.403919500791097,0.0,0.001865730915284275,0,4,0
2026092809,mert_v0,unweighted,1.0,prior_offset,94,231,0.12553800572208726,0.403919500791097,0.0,0.001865730915284275,0,4,0
2026092809,mert_v0,unweighted,1.0,temperature,94,231,0.12342837261987652,0.3958510986475096,-0.0021096331022107395,-0.0002439021869264646,0,4,0
2026092809,mert_v0,unweighted,1.0,platt,94,231,0.12367227480680298,0.39779087800675006,-0.001865730915284275,0.0,0,4,0
2026092809,mert_v0,unweighted,1.0,beta,94,231,0.12156057710442085,0.39079254073877034,-0.003977428617666409,-0.0021116977023821343,0,4,2
2026092809,mert_v0,unweighted,1.0,isotonic,94,231,0.12483658200719287,0.7111788899740176,-0.0007014237148943864,0.0011643072003898886,0,4,0
2026092809,mert_v0,unweighted,1.0,ridge_platt,94,231,0.12293391736360136,0.3958321031231826,-0.002604088358485898,-0.0007383574432016232,0,4,0
2026092809,mert_v1,ambient_balanced,0.25,raw,24,83,0.13925989836481698,0.4355131750495851,0.0,-0.014797220111667397,0,4,0
2026092809,mert_v1,ambient_balanced,0.25,prior_offset,24,83,0.12361187777124769,0.39621529310071774,-0.01564802059356929,-0.030445240705236687,0,4,0
2026092809,mert_v1,ambient_balanced,0.25,temperature,24,83,0.16901319912306959,0.5070584265740774,0.02975330075825261,0.014956080646585213,0,4,0
2026092809,mert_v1,ambient_balanced,0.25,platt,24,83,0.15405711847648437,0.4719743860316602,0.014797220111667397,0.0,0,4,1
2026092809,mert_v1,ambient_balanced,0.25,beta,24,83,0.1544019284627834,0.47686624209544926,0.015142030097966414,0.00034480998629901616,0,4,2
2026092809,mert_v1,ambient_balanced,0.25,isotonic,24,83,0.15744272314166674,1.2617926723506356,0.018182824776849765,0.003385604665182368,0,4,0
2026092809,mert_v1,ambient_balanced,0.25,ridge_platt,24,83,0.15983395882377796,0.48793820527867343,0.020574060458960985,0.005776840347293588,0,4,0
2026092809,mert_v1,ambient_balanced,0.5,raw,47,132,0.13925989836481698,0.4355131750495851,0.0,0.00267305473127441,0,4,0
2026092809,mert_v1,ambient_balanced,0.5,prior_offset,47,132,0.12361187777124769,0.39621529310071774,-0.01564802059356929,-0.01297496586229488,0,4,0
2026092809,mert_v1,ambient_balanced,0.5,temperature,47,132,0.1509158829696895,0.4666443022095147,0.011655984604872521,0.014329039336146931,0,4,0
2026092809,mert_v1,ambient_balanced,0.5,platt,47,132,0.13658684363354257,0.4301672641919261,-0.00267305473127441,0.0,0,4,1
2026092809,mert_v1,ambient_balanced,0.5,beta,47,132,0.13545663847607214,0.42816938150849354,-0.003803259888744831,-0.0011302051574704208,0,4,1
2026092809,mert_v1,ambient_balanced,0.5,isotonic,47,132,0.14084735465908704,0.687945531400371,0.0015874562942700676,0.004260511025544478,0,4,0
2026092809,mert_v1,ambient_balanced,0.5,ridge_platt,47,132,0.138261762879509,0.43510987677588514,-0.0009981354853079716,0.0016749192459664386,0,4,1
2026092809,mert_v1,ambient_balanced,1.0,raw,94,231,0.13925989836481698,0.4355131750495851,0.0,0.01353603807304335,0,4,0
2026092809,mert_v1,ambient_balanced,1.0,prior_offset,94,231,0.12361187777124769,0.39621529310071774,-0.01564802059356929,-0.00211198252052594,0,4,0
2026092809,mert_v1,ambient_balanced,1.0,temperature,94,231,0.13960624983766814,0.4344319508404905,0.00034635147285116963,0.013882389545894519,0,4,0
2026092809,mert_v1,ambient_balanced,1.0,platt,94,231,0.12572386029177363,0.3997162333399997,-0.01353603807304335,0.0,0,4,0
2026092809,mert_v1,ambient_balanced,1.0,beta,94,231,0.1246566208133789,0.3967877497198138,-0.014603277551438074,-0.0010672394783947242,0,4,2
2026092809,mert_v1,ambient_balanced,1.0,isotonic,94,231,0.1278606483057085,0.5878666993400923,-0.011399250059108468,0.0021367880139348816,0,4,0
2026092809,mert_v1,ambient_balanced,1.0,ridge_platt,94,231,0.12577561011072697,0.40134396269790035,-0.01348428825409001,5.174981895333941e-05,0,4,0
2026092809,mert_v1,unweighted,0.25,raw,24,83,0.12376648729096548,0.39732906148392777,0.0,-0.030630698430767933,0,4,0
2026092809,mert_v1,unweighted,0.25,prior_offset,24,83,0.12376648729096548,0.39732906148392777,0.0,-0.030630698430767933,0,4,0
2026092809,mert_v1,unweighted,0.25,temperature,24,83,0.15423613162691063,0.47241631000225587,0.03046964433594515,-0.00016105409482278232,0,4,0
2026092809,mert_v1,unweighted,0.25,platt,24,83,0.15439718572173342,0.4729124436067691,0.030630698430767933,0.0,0,4,1
2026092809,mert_v1,unweighted,0.25,beta,24,83,0.15473364771691556,0.4778981216003295,0.030967160425950074,0.00033646199518214126,0,4,2
2026092809,mert_v1,unweighted,0.25,isotonic,24,83,0.1568217555993507,1.2296958336765809,0.033055268308385205,0.002424569877617272,0,4,0
2026092809,mert_v1,unweighted,0.25,ridge_platt,24,83,0.15230584846279058,0.4689332121521648,0.028539361171825095,-0.002091337258942838,0,4,0
2026092809,mert_v1,unweighted,0.5,raw,47,132,0.12376648729096548,0.39732906148392777,0.0,-0.01321023234365773,0,4,0
2026092809,mert_v1,unweighted,0.5,prior_offset,47,132,0.12376648729096548,0.39732906148392777,0.0,-0.01321023234365773,0,4,0
2026092809,mert_v1,unweighted,0.5,temperature,47,132,0.13423268318994197,0.4254059712101038,0.010466195898976488,-0.0027440364446812415,0,4,0
2026092809,mert_v1,unweighted,0.5,platt,47,132,0.1369767196346232,0.4312105422020742,0.01321023234365773,0.0,0,4,1
2026092809,mert_v1,unweighted,0.5,beta,47,132,0.13589229521423932,0.429365206948489,0.012125807923273835,-0.0010844244203838949,0,4,1
2026092809,mert_v1,unweighted,0.5,isotonic,47,132,0.13973091976315083,0.6542345358121832,0.015964432472185347,0.0027542001285276174,0,4,0
2026092809,mert_v1,unweighted,0.5,ridge_platt,47,132,0.13630111691210098,0.4310923613698769,0.012534629621135496,-0.0006756027225222339,0,4,1
2026092809,mert_v1,unweighted,1.0,raw,94,231,0.12376648729096548,0.39732906148392777,0.0,-0.0019997464053810587,0,4,0
2026092809,mert_v1,unweighted,1.0,prior_offset,94,231,0.12376648729096548,0.39732906148392777,0.0,-0.0019997464053810587,0,4,0
2026092809,mert_v1,unweighted,1.0,temperature,94,231,0.12332182631261596,0.39356617671147626,-0.0004446609783495259,-0.0024444073837305846,0,4,0
2026092809,mert_v1,unweighted,1.0,platt,94,231,0.12576623369634654,0.39996748340340005,0.0019997464053810587,0.0,0,4,0
2026092809,mert_v1,unweighted,1.0,beta,94,231,0.12470366030437141,0.3970637998554681,0.0009371730134059286,-0.0010625733919751301,0,4,2
2026092809,mert_v1,unweighted,1.0,isotonic,94,231,0.1275256591159748,0.5554741812999126,0.0037591718250093165,0.0017594254196282577,0,4,0
2026092809,mert_v1,unweighted,1.0,ridge_platt,94,231,0.12572372672506701,0.4020277133316862,0.001957239434101532,-4.250697127952674e-05,0,4,0
2026092810,maest,ambient_balanced,0.25,raw,24,56,0.15779665233543383,0.47986003293384055,0.0,0.0004930701605994348,0,4,0
2026092810,maest,ambient_balanced,0.25,prior_offset,24,56,0.14781097550240607,0.4520582887776671,-0.009985676833027757,-0.009492606672428322,0,4,0
2026092810,maest,ambient_balanced,0.25,temperature,24,56,0.1591566870414177,0.4873065092180746,0.0013600347059838647,0.0018531048665832994,0,4,0
2026092810,maest,ambient_balanced,0.25,platt,24,56,0.1573035821748344,0.48263200143530044,-0.0004930701605994348,0.0,0,4,0
2026092810,maest,ambient_balanced,0.25,beta,24,56,0.15779986573663846,0.4840023777074363,3.2134012046269866e-06,0.0004962835618040617,0,4,0
2026092810,maest,ambient_balanced,0.25,isotonic,24,56,0.1688203773031503,1.2344707552443832,0.011023724967716475,0.01151679512831591,0,4,0
2026092810,maest,ambient_balanced,0.25,ridge_platt,24,56,0.15696859105868527,0.47765846045832033,-0.0008280612767485596,-0.0003349911161491248,0,4,0
2026092810,maest,ambient_balanced,0.5,raw,47,111,0.15779665233543383,0.47986003293384055,0.0,0.006635433488562104,0,4,0
2026092810,maest,ambient_balanced,0.5,prior_offset,47,111,0.14781097550240607,0.4520582887776671,-0.009985676833027757,-0.003350243344465653,0,4,0
2026092810,maest,ambient_balanced,0.5,temperature,47,111,0.15885546798941963,0.4843282511741779,0.0010588156539858007,0.007694249142547904,0,4,0
2026092810,maest,ambient_balanced,0.5,platt,47,111,0.15116121884687173,0.46265216523691416,-0.006635433488562104,0.0,0,4,0
2026092810,maest,ambient_balanced,0.5,beta,47,111,0.1511815866438609,0.4658705000829915,-0.006615065691572941,2.0367796989162468e-05,0,4,2
2026092810,maest,ambient_balanced,0.5,isotonic,47,111,0.15717969755984473,1.2027447819023038,-0.0006169547755890958,0.006018478712973008,0,4,0
2026092810,maest,ambient_balanced,0.5,ridge_platt,47,111,0.15147041452175122,0.46292316453947685,-0.006326237813682606,0.00030919567487949773,0,4,0
2026092810,maest,ambient_balanced,1.0,raw,94,247,0.15779665233543383,0.47986003293384055,0.0,0.009411561777133648,0,4,0
2026092810,maest,ambient_balanced,1.0,prior_offset,94,247,0.14781097550240607,0.4520582887776671,-0.009985676833027757,-0.0005741150558941088,0,4,0
2026092810,maest,ambient_balanced,1.0,temperature,94,247,0.15740308628165872,0.4784251031954521,-0.00039356605377510734,0.00901799572335854,0,4,0
2026092810,maest,ambient_balanced,1.0,platt,94,247,0.14838509055830018,0.45379900211908164,-0.009411561777133648,0.0,0,4,0
2026092810,maest,ambient_balanced,1.0,beta,94,247,0.14836070613078,0.4549559655882061,-0.009435946204653822,-2.4384427520174334e-05,0,4,0
2026092810,maest,ambient_balanced,1.0,isotonic,94,247,0.1544006703868843,0.5704117377183963,-0.003395981948549537,0.006015579828584111,0,4,0
2026092810,maest,ambient_balanced,1.0,ridge_platt,94,247,0.147611218672223,0.452862773501847,-0.010185433663210841,-0.0007738718860771931,0,4,0
2026092810,maest,unweighted,0.25,raw,24,56,0.14778931222594177,0.4528394677721708,0.0,-0.00975795620577527,0,4,0
2026092810,maest,unweighted,0.25,prior_offset,24,56,0.14778931222594177,0.4528394677721708,0.0,-0.00975795620577527,0,4,0
2026092810,maest,unweighted,0.25,temperature,24,56,0.1490688445169706,0.4609756152255015,0.0012795322910288398,-0.00847842391474643,0,4,0
2026092810,maest,unweighted,0.25,platt,24,56,0.15754726843171704,0.48341121975313506,0.00975795620577527,0.0,0,4,0
2026092810,maest,unweighted,0.25,beta,24,56,0.1579878617159038,0.4844379874975582,0.010198549489962017,0.0004405932841867466,0,4,0
2026092810,maest,unweighted,0.25,isotonic,24,56,0.16953344648474492,1.4385918207828758,0.021744134258803144,0.011986178053027874,0,4,0
2026092810,maest,unweighted,0.25,ridge_platt,24,56,0.14778931222594177,0.4528394677721708,0.0,-0.00975795620577527,0,4,0
2026092810,maest,unweighted,0.5,raw,47,111,0.14778931222594177,0.4528394677721708,0.0,-0.003596478437745382,0,4,0
2026092810,maest,unweighted,0.5,prior_offset,47,111,0.14778931222594177,0.4528394677721708,0.0,-0.003596478437745382,0,4,0
2026092810,maest,unweighted,0.5,temperature,47,111,0.14885930340622522,0.4573681591744137,0.0010699911802834472,-0.0025264872574619346,0,4,0
2026092810,maest,unweighted,0.5,platt,47,111,0.15138579066368715,0.4634858077273018,0.003596478437745382,0.0,0,4,0
2026092810,maest,unweighted,0.5,beta,47,111,0.15154005019975886,0.46736846615618266,0.0037507379738170865,0.00015425953607170473,0,4,2
2026092810,maest,unweighted,0.5,isotonic,47,111,0.15658336314932617,1.202500538270657,0.008794050923384394,0.005197572485639013,0,4,0
2026092810,maest,unweighted,0.5,ridge_platt,47,111,0.14780441905349004,0.4527317451787571,1.5106827548266866e-05,-0.003581371610197115,0,4,0
2026092810,maest,unweighted,1.0,raw,94,247,0.14778931222594177,0.4528394677721708,0.0,-0.0008531292010344194,0,4,0
2026092810,maest,unweighted,1.0,prior_offset,94,247,0.14778931222594177,0.4528394677721708,0.0,-0.0008531292010344194,0,4,0
2026092810,maest,unweighted,1.0,temperature,94,247,0.14739175886397002,0.4519695095897153,-0.00039755336197175306,-0.0012506825630061724,0,4,0
2026092810,maest,unweighted,1.0,platt,94,247,0.1486424414269762,0.4544974036968676,0.0008531292010344194,0.0,0,4,0
2026092810,maest,unweighted,1.0,beta,94,247,0.14860589123208492,0.4557126222428679,0.0008165790061431533,-3.65501948912661e-05,0,4,0
2026092810,maest,unweighted,1.0,isotonic,94,247,0.15398621079956842,0.5692655468680168,0.006196898573626652,0.005343769372592233,0,4,0
2026092810,maest,unweighted,1.0,ridge_platt,94,247,0.14780112906815568,0.45319288796070706,1.1816842213907552e-05,-0.0008413123588205118,0,4,0
2026092810,mert_v0,ambient_balanced,0.25,raw,24,56,0.16577851642060823,0.5019798098520084,0.0,0.005029926984638278,0,4,0
2026092810,mert_v0,ambient_balanced,0.25,prior_offset,24,56,0.15275066742423007,0.46808064436669977,-0.013027848996378155,-0.007997922011739877,0,4,0
2026092810,mert_v0,ambient_balanced,0.25,temperature,24,56,0.1665899525301536,0.5056502838231581,0.0008114361095453715,0.005841363094183649,0,4,0
2026092810,mert_v0,ambient_balanced,0.25,platt,24,56,0.16074858943596995,0.4934918259446745,-0.005029926984638278,0.0,0,4,0
2026092810,mert_v0,ambient_balanced,0.25,beta,24,56,0.16103586394466163,0.4955549041053622,-0.0047426524759466016,0.00028727450869167614,0,4,1
2026092810,mert_v0,ambient_balanced,0.25,isotonic,24,56,0.17064438944855528,1.039462262857697,0.004865873027947054,0.009895800012585332,0,4,0
2026092810,mert_v0,ambient_balanced,0.25,ridge_platt,24,56,0.15722662974107673,0.4817593706448056,-0.008551886679531495,-0.0035219596948932175,0,4,0
2026092810,mert_v0,ambient_balanced,0.5,raw,47,111,0.16577851642060823,0.5019798098520084,0.0,0.007504756460004036,0,4,0
2026092810,mert_v0,ambient_balanced,0.5,prior_offset,47,111,0.15275066742423007,0.46808064436669977,-0.013027848996378155,-0.005523092536374119,0,4,0
2026092810,mert_v0,ambient_balanced,0.5,temperature,47,111,0.16529077787064336,0.5014771819643136,-0.00048773854996486676,0.007017017910039169,0,4,0
2026092810,mert_v0,ambient_balanced,0.5,platt,47,111,0.1582737599606042,0.48275312114640007,-0.007504756460004036,0.0,0,4,0
2026092810,mert_v0,ambient_balanced,0.5,beta,47,111,0.15839739047804943,0.48186405698016166,-0.007381125942558797,0.000123630517445239,0,4,1
2026092810,mert_v0,ambient_balanced,0.5,isotonic,47,111,0.17019056795592316,1.0082055794575508,0.0044120515353149314,0.011916807995318968,0,4,0
2026092810,mert_v0,ambient_balanced,0.5,ridge_platt,47,111,0.15309417524002747,0.4686927045918804,-0.01268434118058076,-0.005179584720576724,0,4,0
2026092810,mert_v0,ambient_balanced,1.0,raw,94,247,0.16577851642060823,0.5019798098520084,0.0,0.009008470511905203,0,4,0
2026092810,mert_v0,ambient_balanced,1.0,prior_offset,94,247,0.15275066742423007,0.46808064436669977,-0.013027848996378155,-0.004019378484472952,0,4,0
2026092810,mert_v0,ambient_balanced,1.0,temperature,94,247,0.16530634213343462,0.5008883000142258,-0.0004721742871736101,0.008536296224731593,0,4,0
2026092810,mert_v0,ambient_balanced,1.0,platt,94,247,0.15677004590870303,0.47870722863826076,-0.009008470511905203,0.0,0,4,0
2026092810,mert_v0,ambient_balanced,1.0,beta,94,247,0.1569699871218025,0.478064040346756,-0.00880852929880574,0.00019994121309946378,0,4,1
2026092810,mert_v0,ambient_balanced,1.0,isotonic,94,247,0.16318926868560915,0.823522746412778,-0.0025892477349990783,0.006419222776906125,0,4,0
2026092810,mert_v0,ambient_balanced,1.0,ridge_platt,94,247,0.15671741601206648,0.47839396458683237,-0.009061100408541745,-5.2629896636541273e-05,0,4,0
2026092810,mert_v0,unweighted,0.25,raw,24,56,0.15296825163079442,0.46955895807851616,0.0,-0.007960049467745811,0,4,0
2026092810,mert_v0,unweighted,0.25,prior_offset,24,56,0.15296825163079442,0.46955895807851616,0.0,-0.007960049467745811,0,4,0
2026092810,mert_v0,unweighted,0.25,temperature,24,56,0.15404365713261023,0.47520510093716706,0.0010754055018158126,-0.0068846439659299985,0,4,0
2026092810,mert_v0,unweighted,0.25,platt,24,56,0.16092830109854023,0.49414419657782377,0.007960049467745811,0.0,0,4,0
2026092810,mert_v0,unweighted,0.25,beta,24,56,0.16114174589278601,0.497336430148571,0.008173494261991598,0.00021344479424578733,0,4,1
2026092810,mert_v0,unweighted,0.25,isotonic,24,56,0.17281337679594194,1.145487903651104,0.019845125165147526,0.011885075697401715,0,4,0
2026092810,mert_v0,unweighted,0.25,ridge_platt,24,56,0.15296825163079442,0.46955895807851616,0.0,-0.007960049467745811,0,4,0
2026092810,mert_v0,unweighted,0.5,raw,47,111,0.15296825163079442,0.46955895807851616,0.0,-0.005692603795520196,0,4,0
2026092810,mert_v0,unweighted,0.5,prior_offset,47,111,0.15296825163079442,0.46955895807851616,0.0,-0.005692603795520196,0,4,0
2026092810,mert_v0,unweighted,0.5,temperature,47,111,0.15317948735517925,0.47106439720065507,0.00021123572438483396,-0.005481368071135362,0,4,0
2026092810,mert_v0,unweighted,0.5,platt,47,111,0.1586608554263146,0.4842757774083284,0.005692603795520196,0.0,0,4,0
2026092810,mert_v0,unweighted,0.5,beta,47,111,0.1586769050409326,0.4837588302357508,0.005708653410138181,1.6049614617985597e-05,0,4,1
2026092810,mert_v0,unweighted,0.5,isotonic,47,111,0.1701963911321564,1.1417772815731264,0.017228139501361983,0.011535535705841787,0,4,0
2026092810,mert_v0,unweighted,0.5,ridge_platt,47,111,0.15338741862685143,0.47028466741381314,0.00041916699605701324,-0.0052734367994631826,0,4,0
2026092810,mert_v0,unweighted,1.0,raw,94,247,0.15296825163079442,0.46955895807851616,0.0,-0.0040799392772645215,0,4,0
2026092810,mert_v0,unweighted,1.0,prior_offset,94,247,0.15296825163079442,0.46955895807851616,0.0,-0.0040799392772645215,0,4,0
2026092810,mert_v0,unweighted,1.0,temperature,94,247,0.15315048942694054,0.47030781448125364,0.000182237796146123,-0.0038977014811183985,0,4,0
2026092810,mert_v0,unweighted,1.0,platt,94,247,0.15704819090805894,0.47984037152991343,0.0040799392772645215,0.0,0,4,0
2026092810,mert_v0,unweighted,1.0,beta,94,247,0.15707900134782074,0.4794048728119237,0.004110749717026324,3.081043976180253e-05,0,4,1
2026092810,mert_v0,unweighted,1.0,isotonic,94,247,0.1629664828244295,0.8233346898032875,0.009998231193635077,0.005918291916370555,0,4,0
2026092810,mert_v0,unweighted,1.0,ridge_platt,94,247,0.15716510473397674,0.48035476009233924,0.004196853103182324,0.00011691382591780264,0,4,0
2026092810,mert_v1,ambient_balanced,0.25,raw,24,56,0.16527803053097506,0.5021194589789888,0.0,0.0091161126596504,0,4,0
2026092810,mert_v1,ambient_balanced,0.25,prior_offset,24,56,0.15122857458351746,0.46765812530363826,-0.0140494559474576,-0.0049333432878072014,0,4,0
2026092810,mert_v1,ambient_balanced,0.25,temperature,24,56,0.1659717820061494,0.5089703607981505,0.0006937514751743368,0.009809864134824736,0,4,0
2026092810,mert_v1,ambient_balanced,0.25,platt,24,56,0.15616191787132466,0.4895689022445553,-0.0091161126596504,0.0,0,4,0
2026092810,mert_v1,ambient_balanced,0.25,beta,24,56,0.15880311340741296,0.49927237762934623,-0.006474917123562102,0.0026411955360882977,0,4,3
2026092810,mert_v1,ambient_balanced,0.25,isotonic,24,56,0.16691080414361933,1.271609817750721,0.0016327736126442727,0.010748886272294672,0,4,0
2026092810,mert_v1,ambient_balanced,0.25,ridge_platt,24,56,0.15635059276651336,0.48118364195364083,-0.008927437764461699,0.00018867489518870073,0,4,0
2026092810,mert_v1,ambient_balanced,0.5,raw,47,111,0.16527803053097506,0.5021194589789888,0.0,0.009428510263047835,0,4,0
2026092810,mert_v1,ambient_balanced,0.5,prior_offset,47,111,0.15122857458351746,0.46765812530363826,-0.0140494559474576,-0.004620945684409766,0,4,0
2026092810,mert_v1,ambient_balanced,0.5,temperature,47,111,0.1656331536119182,0.5060086501097422,0.00035512308094312606,0.00978363334399096,0,4,0
2026092810,mert_v1,ambient_balanced,0.5,platt,47,111,0.15584952026792723,0.4853351653887354,-0.009428510263047835,0.0,0,4,0
2026092810,mert_v1,ambient_balanced,0.5,beta,47,111,0.1568285311964264,0.4871725708742158,-0.008449499334548666,0.0009790109284991688,0,4,1
2026092810,mert_v1,ambient_balanced,0.5,isotonic,47,111,0.16430678203908597,1.272138663466202,-0.0009712484918890929,0.008457261771158742,0,4,0
2026092810,mert_v1,ambient_balanced,0.5,ridge_platt,47,111,0.15148998559753535,0.4696953977924756,-0.013788044933439714,-0.004359534670391879,0,4,0
2026092810,mert_v1,ambient_balanced,1.0,raw,94,247,0.16527803053097506,0.5021194589789888,0.0,0.010765589580861212,0,4,0
2026092810,mert_v1,ambient_balanced,1.0,prior_offset,94,247,0.15122857458351746,0.46765812530363826,-0.0140494559474576,-0.0032838663665963885,0,4,0
2026092810,mert_v1,ambient_balanced,1.0,temperature,94,247,0.16521207821931727,0.5044144604213545,-6.595231165779092e-05,0.010699637269203421,0,4,0
2026092810,mert_v1,ambient_balanced,1.0,platt,94,247,0.15451244095011385,0.48148710671339456,-0.010765589580861212,0.0,0,4,0
2026092810,mert_v1,ambient_balanced,1.0,beta,94,247,0.1553745081559448,0.48216829443175,-0.009903522375030255,0.0008620672058309575,0,4,1
2026092810,mert_v1,ambient_balanced,1.0,isotonic,94,247,0.15754623281832345,0.9429775852760351,-0.007731797712651617,0.0030337918682095955,0,4,0
2026092810,mert_v1,ambient_balanced,1.0,ridge_platt,94,247,0.15410973783435553,0.4790258551134175,-0.011168292696619536,-0.00040270311575832385,0,4,0
2026092810,mert_v1,unweighted,0.25,raw,24,56,0.1513192786074931,0.4687578952047514,0.0,-0.004774969376427907,0,4,0
2026092810,mert_v1,unweighted,0.25,prior_offset,24,56,0.1513192786074931,0.4687578952047514,0.0,-0.004774969376427907,0,4,0
2026092810,mert_v1,unweighted,0.25,temperature,24,56,0.15246101055747763,0.4772806279617593,0.0011417319499845147,-0.003633237426443392,0,4,0
2026092810,mert_v1,unweighted,0.25,platt,24,56,0.15609424798392102,0.4898278946492301,0.004774969376427907,0.0,0,4,0
2026092810,mert_v1,unweighted,0.25,beta,24,56,0.158381783180948,0.4993867852656153,0.007062504573454892,0.0022875351970269853,0,4,3
2026092810,mert_v1,unweighted,0.25,isotonic,24,56,0.16735647045547086,1.3102756918823477,0.01603719184797775,0.011262222471549843,0,4,0
2026092810,mert_v1,unweighted,0.25,ridge_platt,24,56,0.1513192786074931,0.4687578952047514,0.0,-0.004774969376427907,0,4,0
2026092810,mert_v1,unweighted,0.5,raw,47,111,0.1513192786074931,0.4687578952047514,0.0,-0.004735119643229563,0,4,0
2026092810,mert_v1,unweighted,0.5,prior_offset,47,111,0.1513192786074931,0.4687578952047514,0.0,-0.004735119643229563,0,4,0
2026092810,mert_v1,unweighted,0.5,temperature,47,111,0.15170580058971023,0.4734272864993998,0.000386521982217114,-0.004348597661012449,0,4,0
2026092810,mert_v1,unweighted,0.5,platt,47,111,0.15605439825072268,0.4870242951257175,0.004735119643229563,0.0,0,4,0
2026092810,mert_v1,unweighted,0.5,beta,47,111,0.15680324342410212,0.48850339888436567,0.0054839648166090105,0.0007488451733794477,0,4,1
2026092810,mert_v1,unweighted,0.5,isotonic,47,111,0.16418067418910384,1.3710438828349396,0.01286139558161073,0.008126275938381167,0,4,0
2026092810,mert_v1,unweighted,0.5,ridge_platt,47,111,0.1514192340904204,0.47046703517266697,9.995548292729417e-05,-0.004635164160302269,0,4,0
2026092810,mert_v1,unweighted,1.0,raw,94,247,0.1513192786074931,0.4687578952047514,0.0,-0.003191386686610953,0,4,0
2026092810,mert_v1,unweighted,1.0,prior_offset,94,247,0.1513192786074931,0.4687578952047514,0.0,-0.003191386686610953,0,4,0
2026092810,mert_v1,unweighted,1.0,temperature,94,247,0.15148939027472696,0.47214450921994516,0.00017011166723385207,-0.003021275019377101,0,4,0
2026092810,mert_v1,unweighted,1.0,platt,94,247,0.15451066529410407,0.48210201941002173,0.003191386686610953,0.0,0,4,0
2026092810,mert_v1,unweighted,1.0,beta,94,247,0.15510207669547732,0.4825978041372879,0.003782798087984207,0.0005914114013732541,0,4,1
2026092810,mert_v1,unweighted,1.0,isotonic,94,247,0.15797889174614135,0.9465503967640202,0.0066596131386482404,0.0034682264520372874,0,4,0
2026092810,mert_v1,unweighted,1.0,ridge_platt,94,247,0.15398817704636308,0.47919209482770064,0.002668898438869971,-0.000522488247740982,0,4,0
2026092811,maest,ambient_balanced,0.25,raw,24,59,0.1387816513182546,0.4284445113519589,0.0,-0.0025800485177623345,0,4,0
2026092811,maest,ambient_balanced,0.25,prior_offset,24,59,0.13373369504244959,0.4203786523445702,-0.00504795627580501,-0.0076280047935673445,0,4,0
2026092811,maest,ambient_balanced,0.25,temperature,24,59,0.13903148733864476,0.42989492287342784,0.00024983602039016506,-0.0023302124973721694,0,4,0
2026092811,maest,ambient_balanced,0.25,platt,24,59,0.14136169983601693,0.44510682367295373,0.0025800485177623345,0.0,0,4,0
2026092811,maest,ambient_balanced,0.25,beta,24,59,0.14393723679775292,0.4926177343316406,0.00515558547949832,0.002575536961735986,0,4,1
2026092811,maest,ambient_balanced,0.25,isotonic,24,59,0.15073193878004007,1.515235317190872,0.011950287461785475,0.00937023894402314,0,4,0
2026092811,maest,ambient_balanced,0.25,ridge_platt,24,59,0.1377497198235108,0.4275903049113593,-0.0010319314947437874,-0.003611980012506122,0,4,0
2026092811,maest,ambient_balanced,0.5,raw,47,140,0.1387816513182546,0.4284445113519589,0.0,0.00576702487208286,0,4,0
2026092811,maest,ambient_balanced,0.5,prior_offset,47,140,0.13373369504244959,0.4203786523445702,-0.00504795627580501,0.0007190685962778498,0,4,0
2026092811,maest,ambient_balanced,0.5,temperature,47,140,0.13906478799665922,0.42998936577593094,0.0002831366784046274,0.006050161550487487,0,4,0
2026092811,maest,ambient_balanced,0.5,platt,47,140,0.13301462644617174,0.41826979991459234,-0.00576702487208286,0.0,0,4,0
2026092811,maest,ambient_balanced,0.5,beta,47,140,0.13351414798407782,0.4180256689236431,-0.005267503334176776,0.0004995215379060836,0,4,0
2026092811,maest,ambient_balanced,0.5,isotonic,47,140,0.14292461581209687,0.577617284666817,0.004142964493842272,0.009909989365925131,0,4,0
2026092811,maest,ambient_balanced,0.5,ridge_platt,47,140,0.13805958843095065,0.426996696851321,-0.0007220628873039481,0.005044961984778912,0,4,0
2026092811,maest,ambient_balanced,1.0,raw,94,247,0.1387816513182546,0.4284445113519589,0.0,0.005774100997824688,0,4,0
2026092811,maest,ambient_balanced,1.0,prior_offset,94,247,0.13373369504244959,0.4203786523445702,-0.00504795627580501,0.0007261447220196782,0,4,0
2026092811,maest,ambient_balanced,1.0,temperature,94,247,0.139282085959868,0.4312679273549267,0.0005004346416133953,0.006274535639438084,0,4,0
2026092811,maest,ambient_balanced,1.0,platt,94,247,0.1330075503204299,0.41829365689563774,-0.005774100997824688,0.0,0,4,0
2026092811,maest,ambient_balanced,1.0,beta,94,247,0.13338729782678865,0.41797250066798275,-0.005394353491465942,0.0003797475063587463,0,4,0
2026092811,maest,ambient_balanced,1.0,isotonic,94,247,0.13958525661219953,0.5353450227452671,0.0008036052939449367,0.006577706291769625,0,4,0
2026092811,maest,ambient_balanced,1.0,ridge_platt,94,247,0.13260609778211782,0.4155906720470461,-0.006175553536136774,-0.00040145253831208594,0,4,0
2026092811,maest,unweighted,0.25,raw,24,59,0.13279826042198192,0.41574751252498265,0.0,-0.00831651917862683,0,4,0
2026092811,maest,unweighted,0.25,prior_offset,24,59,0.13279826042198192,0.41574751252498265,0.0,-0.00831651917862683,0,4,0
2026092811,maest,unweighted,0.25,temperature,24,59,0.13266200941263195,0.414811984569147,-0.00013625100934996914,-0.008452770187976799,0,4,0
2026092811,maest,unweighted,0.25,platt,24,59,0.14111477960060875,0.44432124963697395,0.00831651917862683,0.0,0,4,0
2026092811,maest,unweighted,0.25,beta,24,59,0.14351818586449727,0.4898357780779128,0.010719925442515349,0.002403406263888519,0,4,1
2026092811,maest,unweighted,0.25,isotonic,24,59,0.14867845036210164,1.507801862715394,0.01588018994011972,0.007563670761492891,0,4,0
2026092811,maest,unweighted,0.25,ridge_platt,24,59,0.1366502849665855,0.425380869365934,0.003852024544603566,-0.004464494634023264,0,4,0
2026092811,maest,unweighted,0.5,raw,47,140,0.13279826042198192,0.41574751252498265,0.0,-3.9412910309122307e-05,0,4,0
2026092811,maest,unweighted,0.5,prior_offset,47,140,0.13279826042198192,0.41574751252498265,0.0,-3.9412910309122307e-05,0,4,0
2026092811,maest,unweighted,0.5,temperature,47,140,0.13282113707062151,0.4161275880600833,2.287664863959149e-05,-1.6536261669530816e-05,0,4,0
2026092811,maest,unweighted,0.5,platt,47,140,0.13283767333229105,0.4175280573726025,3.9412910309122307e-05,0.0,0,4,0
2026092811,maest,unweighted,0.5,beta,47,140,0.13366891182730253,0.4174996844189678,0.0008706514053206105,0.0008312384950114882,0,4,1
2026092811,maest,unweighted,0.5,isotonic,47,140,0.13965759561141972,0.5692342210716276,0.006859335189437793,0.006819922279128671,0,4,0
2026092811,maest,unweighted,0.5,ridge_platt,47,140,0.13261238142792722,0.41553455382635307,-0.0001858789940547001,-0.0002252919043638224,0,4,0
2026092811,maest,unweighted,1.0,raw,94,247,0.13279826042198192,0.41574751252498265,0.0,-3.647880738913423e-05,0,4,0
2026092811,maest,unweighted,1.0,prior_offset,94,247,0.13279826042198192,0.41574751252498265,0.0,-3.647880738913423e-05,0,4,0
2026092811,maest,unweighted,1.0,temperature,94,247,0.13290140053586116,0.41617490399033447,0.00010314011387924094,6.666130649010671e-05,0,4,0
2026092811,maest,unweighted,1.0,platt,94,247,0.13283473922937106,0.41771499646278604,3.647880738913423e-05,0.0,0,4,0
2026092811,maest,unweighted,1.0,beta,94,247,0.13319468280529087,0.4174606313875642,0.0003964223833089475,0.0003599435759198133,0,4,1
2026092811,maest,unweighted,1.0,isotonic,94,247,0.13734910353020235,0.5286321645076958,0.0045508431082204315,0.004514364300831297,0,4,0
2026092811,maest,unweighted,1.0,ridge_platt,94,247,0.13279826042198192,0.41574751252498265,0.0,-3.647880738913423e-05,0,4,0
2026092811,mert_v0,ambient_balanced,0.25,raw,24,59,0.15894291833625246,0.4847342259975982,0.0,0.004136187338804831,0,4,0
2026092811,mert_v0,ambient_balanced,0.25,prior_offset,24,59,0.14956661441926777,0.46374362487211385,-0.009376303916984685,-0.005240116578179854,0,4,0
2026092811,mert_v0,ambient_balanced,0.25,temperature,24,59,0.1597853769885691,0.4902143568052015,0.0008424586523166355,0.0049786459911214664,0,4,0
2026092811,mert_v0,ambient_balanced,0.25,platt,24,59,0.15480673099744763,0.49890284850184086,-0.004136187338804831,0.0,0,4,0
2026092811,mert_v0,ambient_balanced,0.25,beta,24,59,0.1559921522510065,0.5021019173333117,-0.0029507660852459705,0.0011854212535588604,0,4,2
2026092811,mert_v0,ambient_balanced,0.25,isotonic,24,59,0.16465988795786954,1.446032312617049,0.0057169696216170796,0.00985315696042191,0,4,0
2026092811,mert_v0,ambient_balanced,0.25,ridge_platt,24,59,0.1489027267567031,0.46589284385432445,-0.010040191579549357,-0.005904004240744526,0,4,0
2026092811,mert_v0,ambient_balanced,0.5,raw,47,140,0.15894291833625246,0.4847342259975982,0.0,0.012109970588173258,0,4,0
2026092811,mert_v0,ambient_balanced,0.5,prior_offset,47,140,0.14956661441926777,0.46374362487211385,-0.009376303916984685,0.0027336666711885726,0,4,0
2026092811,mert_v0,ambient_balanced,0.5,temperature,47,140,0.15815017700105152,0.4813654174472699,-0.000792741335200936,0.011317229252972322,0,4,0
2026092811,mert_v0,ambient_balanced,0.5,platt,47,140,0.1468329477480792,0.4571023216491299,-0.012109970588173258,0.0,0,4,0
2026092811,mert_v0,ambient_balanced,0.5,beta,47,140,0.1476350705847913,0.46038810242154377,-0.011307847751461153,0.0008021228367121047,0,4,4
2026092811,mert_v0,ambient_balanced,0.5,isotonic,47,140,0.15770678439541597,0.919369788574459,-0.0012361339408364924,0.010873836647336765,0,4,0
2026092811,mert_v0,ambient_balanced,0.5,ridge_platt,47,140,0.14989819154506112,0.46374229802784406,-0.009044726791191338,0.00306524379698192,0,4,0
2026092811,mert_v0,ambient_balanced,1.0,raw,94,247,0.15894291833625246,0.4847342259975982,0.0,0.012611407928366791,0,4,0
2026092811,mert_v0,ambient_balanced,1.0,prior_offset,94,247,0.14956661441926777,0.46374362487211385,-0.009376303916984685,0.003235104011382106,0,4,0
2026092811,mert_v0,ambient_balanced,1.0,temperature,94,247,0.15826808757428046,0.4825186268135966,-0.0006748307619720006,0.01193657716639479,0,4,0
2026092811,mert_v0,ambient_balanced,1.0,platt,94,247,0.14633151040788567,0.4554100515145303,-0.012611407928366791,0.0,0,4,0
2026092811,mert_v0,ambient_balanced,1.0,beta,94,247,0.14550285488999887,0.453313184545757,-0.013440063446253592,-0.0008286555178868005,0,4,2
2026092811,mert_v0,ambient_balanced,1.0,isotonic,94,247,0.1502135807549373,0.6304766340106586,-0.008729337581315166,0.003882070347051625,0,4,0
2026092811,mert_v0,ambient_balanced,1.0,ridge_platt,94,247,0.1470857414197308,0.45729229972848523,-0.011857176916521661,0.0007542310118451301,0,4,0
2026092811,mert_v0,unweighted,0.25,raw,24,59,0.14901259510664683,0.4615100093290929,0.0,-0.00568860805054916,0,4,0
2026092811,mert_v0,unweighted,0.25,prior_offset,24,59,0.14901259510664683,0.4615100093290929,0.0,-0.00568860805054916,0,4,0
2026092811,mert_v0,unweighted,0.25,temperature,24,59,0.15056780119204144,0.47021437327891236,0.0015552060853946115,-0.004133401965154548,0,4,0
2026092811,mert_v0,unweighted,0.25,platt,24,59,0.154701203157196,0.4984880583152099,0.00568860805054916,0.0,0,4,0
2026092811,mert_v0,unweighted,0.25,beta,24,59,0.15612103697939173,0.5026336037220062,0.007108441872744897,0.0014198338221957374,0,4,2
2026092811,mert_v0,unweighted,0.25,isotonic,24,59,0.1634840594610667,1.4432418502800546,0.014471464354419872,0.008782856303870712,0,4,0
2026092811,mert_v0,unweighted,0.25,ridge_platt,24,59,0.14860135941966196,0.4644322774403813,-0.0004112356869848677,-0.0060998437375340275,0,4,0
2026092811,mert_v0,unweighted,0.5,raw,47,140,0.14901259510664683,0.4615100093290929,0.0,0.002283276796191669,0,4,0
2026092811,mert_v0,unweighted,0.5,prior_offset,47,140,0.14901259510664683,0.4615100093290929,0.0,0.002283276796191669,0,4,0
2026092811,mert_v0,unweighted,0.5,temperature,47,140,0.14808954800400315,0.45784034699833914,-0.0009230471026436815,0.0013602296935479874,0,4,0
2026092811,mert_v0,unweighted,0.5,platt,47,140,0.14672931831045516,0.45677026719319075,-0.002283276796191669,0.0,0,4,0
2026092811,mert_v0,unweighted,0.5,beta,47,140,0.14793427056958164,0.46115251890339054,-0.0010783245370651895,0.0012049522591264794,0,4,4
2026092811,mert_v0,unweighted,0.5,isotonic,47,140,0.15820517574154683,0.8881674395830299,0.0091925806349,0.011475857431091668,0,4,0
2026092811,mert_v0,unweighted,0.5,ridge_platt,47,140,0.14662066316741448,0.45662442365275546,-0.0023919319392323446,-0.0001086551430406757,0,4,0
2026092811,mert_v0,unweighted,1.0,raw,94,247,0.14901259510664683,0.4615100093290929,0.0,0.002781330318634062,0,4,0
2026092811,mert_v0,unweighted,1.0,prior_offset,94,247,0.14901259510664683,0.4615100093290929,0.0,0.002781330318634062,0,4,0
2026092811,mert_v0,unweighted,1.0,temperature,94,247,0.14829778394517001,0.4589257511799606,-0.0007148111614768138,0.0020665191571572483,0,4,0
2026092811,mert_v0,unweighted,1.0,platt,94,247,0.14623126478801277,0.4551381134961617,-0.002781330318634062,0.0,0,4,0
2026092811,mert_v0,unweighted,1.0,beta,94,247,0.14542061918237653,0.45314043008043137,-0.0035919759242702964,-0.0008106456056362343,0,4,2
2026092811,mert_v0,unweighted,1.0,isotonic,94,247,0.15116979418478968,0.6333902436570559,0.002157199078142852,0.004938529396776914,0,4,0
2026092811,mert_v0,unweighted,1.0,ridge_platt,94,247,0.147206510857813,0.45741376850014026,-0.001806084248833828,0.0009752460698002341,0,4,0
2026092811,mert_v1,ambient_balanced,0.25,raw,24,59,0.15659990268076412,0.4788354154079728,0.0,0.004301534936437562,0,4,0
2026092811,mert_v1,ambient_balanced,0.25,prior_offset,24,59,0.147071276519735,0.45667720677349133,-0.009528626161029119,-0.005227091224591557,0,4,0
2026092811,mert_v1,ambient_balanced,0.25,temperature,24,59,0.1567122379129201,0.4793868264448717,0.00011233523215598007,0.004413870168593542,0,4,0
2026092811,mert_v1,ambient_balanced,0.25,platt,24,59,0.15229836774432656,0.47944885826729916,-0.004301534936437562,0.0,0,4,0
2026092811,mert_v1,ambient_balanced,0.25,beta,24,59,0.152346921289044,0.4750916265237497,-0.004252981391720118,4.855354471744455e-05,0,4,2
2026092811,mert_v1,ambient_balanced,0.25,isotonic,24,59,0.161018328295208,1.2958780868162982,0.004418425614443888,0.00871996055088145,0,4,0
2026092811,mert_v1,ambient_balanced,0.25,ridge_platt,24,59,0.14743671609982617,0.45478857028303615,-0.009163186580937954,-0.004861651644500392,0,4,0
2026092811,mert_v1,ambient_balanced,0.5,raw,47,140,0.15659990268076412,0.4788354154079728,0.0,0.012117887914917691,0,4,0
2026092811,mert_v1,ambient_balanced,0.5,prior_offset,47,140,0.147071276519735,0.45667720677349133,-0.009528626161029119,0.002589261753888572,0,4,0
2026092811,mert_v1,ambient_balanced,0.5,temperature,47,140,0.1557940915777296,0.47385898258221365,-0.000805811103034515,0.011312076811883176,0,4,0
2026092811,mert_v1,ambient_balanced,0.5,platt,47,140,0.14448201476584643,0.45036586399900996,-0.012117887914917691,0.0,0,4,0
2026092811,mert_v1,ambient_balanced,0.5,beta,47,140,0.14456755093453919,0.44829132790175236,-0.01203235174622494,8.553616869275138e-05,0,4,3
2026092811,mert_v1,ambient_balanced,0.5,isotonic,47,140,0.14935288515521208,0.8950012195566772,-0.007247017525552041,0.00487087038936565,0,4,0
2026092811,mert_v1,ambient_balanced,0.5,ridge_platt,47,140,0.14715900339202737,0.4560361794451098,-0.00944089928873676,0.0026769886261809317,0,4,0
2026092811,mert_v1,ambient_balanced,1.0,raw,94,247,0.15659990268076412,0.4788354154079728,0.0,0.013230490539437367,0,4,0
2026092811,mert_v1,ambient_balanced,1.0,prior_offset,94,247,0.147071276519735,0.45667720677349133,-0.009528626161029119,0.0037018643784082483,0,4,0
2026092811,mert_v1,ambient_balanced,1.0,temperature,94,247,0.1558476054155349,0.47508307349360757,-0.0007522972652292126,0.012478193274208155,0,4,0
2026092811,mert_v1,ambient_balanced,1.0,platt,94,247,0.14336941214132676,0.4466655513241773,-0.013230490539437367,0.0,0,4,0
2026092811,mert_v1,ambient_balanced,1.0,beta,94,247,0.1427438197660704,0.44300531838048535,-0.01385608291469373,-0.0006255923752563619,0,4,2
2026092811,mert_v1,ambient_balanced,1.0,isotonic,94,247,0.14717600298512018,0.6251097190300468,-0.009423899695643945,0.0038065908437934226,0,4,0
2026092811,mert_v1,ambient_balanced,1.0,ridge_platt,94,247,0.1428568036022983,0.44431955394466105,-0.013743099078465826,-0.0005126085390284585,0,4,0
2026092811,mert_v1,unweighted,0.25,raw,24,59,0.14644131152620574,0.45443059228546234,0.0,-0.005703609469848686,0,4,0
2026092811,mert_v1,unweighted,0.25,prior_offset,24,59,0.14644131152620574,0.45443059228546234,0.0,-0.005703609469848686,0,4,0
2026092811,mert_v1,unweighted,0.25,temperature,24,59,0.1468631334039814,0.4561178205652094,0.00042182187777567437,-0.005281787592073012,0,4,0
2026092811,mert_v1,unweighted,0.25,platt,24,59,0.15214492099605442,0.4789095922399334,0.005703609469848686,0.0,0,4,0
2026092811,mert_v1,unweighted,0.25,beta,24,59,0.1522383328752944,0.47497711168348267,0.00579702134908866,9.341187923997407e-05,0,4,3
2026092811,mert_v1,unweighted,0.25,isotonic,24,59,0.1604665947145687,1.262144799802171,0.014025283188362964,0.008321673718514278,0,4,0
2026092811,mert_v1,unweighted,0.25,ridge_platt,24,59,0.14693145470124971,0.4530756503454512,0.0004901431750439778,-0.005213466294804708,0,4,0
2026092811,mert_v1,unweighted,0.5,raw,47,140,0.14644131152620574,0.45443059228546234,0.0,0.0022320135512236827,0,4,0
2026092811,mert_v1,unweighted,0.5,prior_offset,47,140,0.14644131152620574,0.45443059228546234,0.0,0.0022320135512236827,0,4,0
2026092811,mert_v1,unweighted,0.5,temperature,47,140,0.1455235462861998,0.4494093174822169,-0.0009177652400059466,0.0013142483112177361,0,4,0
2026092811,mert_v1,unweighted,0.5,platt,47,140,0.14420929797498205,0.449643921498429,-0.0022320135512236827,0.0,0,4,0
2026092811,mert_v1,unweighted,0.5,beta,47,140,0.14433406550984043,0.4477972370489923,-0.002107246016365305,0.00012476753485837766,0,4,3
2026092811,mert_v1,unweighted,0.5,isotonic,47,140,0.15032211084137626,0.8987108961527333,0.003880799315170519,0.006112812866394202,0,4,0
2026092811,mert_v1,unweighted,0.5,ridge_platt,47,140,0.14362581955505416,0.4476741679669637,-0.002815491971151579,-0.0005834784199278964,0,4,0
2026092811,mert_v1,unweighted,1.0,raw,94,247,0.14644131152620574,0.45443059228546234,0.0,0.00326530933159605,0,4,0
2026092811,mert_v1,unweighted,1.0,prior_offset,94,247,0.14644131152620574,0.45443059228546234,0.0,0.00326530933159605,0,4,0
2026092811,mert_v1,unweighted,1.0,temperature,94,247,0.14560687277615786,0.45038531082460187,-0.0008344387500478778,0.0024308705815481724,0,4,0
2026092811,mert_v1,unweighted,1.0,platt,94,247,0.1431760021946097,0.44614833356026096,-0.00326530933159605,0.0,0,4,0
2026092811,mert_v1,unweighted,1.0,beta,94,247,0.1425673748557078,0.4426482481329919,-0.0038739366704979294,-0.0006086273389018793,0,4,3
2026092811,mert_v1,unweighted,1.0,isotonic,94,247,0.1471424040327402,0.6253648142423487,0.0007010925065344675,0.003966401838130518,0,4,0
2026092811,mert_v1,unweighted,1.0,ridge_platt,94,247,0.14279386385287499,0.4439384240462012,-0.0036474476733307504,-0.0003821383417347002,0,4,0
2026092812,maest,ambient_balanced,0.25,raw,24,59,0.1437021464174832,0.4450674608891519,0.0,0.00971499536842857,0,4,0
2026092812,maest,ambient_balanced,0.25,prior_offset,24,59,0.13241893127695004,0.4215660013014773,-0.011283215140533154,-0.0015682197721045843,0,4,0
2026092812,maest,ambient_balanced,0.25,temperature,24,59,0.14842604312905155,0.4590974891568319,0.004723896711568365,0.014438892079996934,0,4,0
2026092812,maest,ambient_balanced,0.25,platt,24,59,0.13398715104905462,0.4283473309522609,-0.00971499536842857,0.0,0,4,0
2026092812,maest,ambient_balanced,0.25,beta,24,59,0.1358472459098809,0.4456343087484671,-0.007854900507602292,0.001860094860826278,0,4,2
2026092812,maest,ambient_balanced,0.25,isotonic,24,59,0.14041553418515376,0.7138850321294834,-0.003286612232329428,0.006428383136099142,0,4,0
2026092812,maest,ambient_balanced,0.25,ridge_platt,24,59,0.13614133290847763,0.4275077710935045,-0.0075608135090055595,0.00215418185942301,0,4,0
2026092812,maest,ambient_balanced,0.5,raw,47,133,0.1437021464174832,0.4450674608891519,0.0,0.009625276381568376,0,4,0
2026092812,maest,ambient_balanced,0.5,prior_offset,47,133,0.13241893127695004,0.4215660013014773,-0.011283215140533154,-0.0016579387589647776,0,4,0
2026092812,maest,ambient_balanced,0.5,temperature,47,133,0.14399938648178465,0.44566041045112664,0.0002972400643014572,0.009922516445869833,0,4,0
2026092812,maest,ambient_balanced,0.5,platt,47,133,0.1340768700359148,0.4258847318767691,-0.009625276381568376,0.0,0,4,0
2026092812,maest,ambient_balanced,0.5,beta,47,133,0.13914906720479422,0.4523745055932569,-0.004553079212688965,0.005072197168879411,0,4,2
2026092812,maest,ambient_balanced,0.5,isotonic,47,133,0.14300320198154093,1.0028061839705118,-0.0006989444359422614,0.008926331945626115,0,4,0
2026092812,maest,ambient_balanced,0.5,ridge_platt,47,133,0.1319755924958824,0.41864171764879304,-0.011726553921600796,-0.00210127754003242,0,4,0
2026092812,maest,ambient_balanced,1.0,raw,94,246,0.1437021464174832,0.4450674608891519,0.0,0.011328785576865175,0,4,0
2026092812,maest,ambient_balanced,1.0,prior_offset,94,246,0.13241893127695004,0.4215660013014773,-0.011283215140533154,4.557043633202085e-05,0,4,0
2026092812,maest,ambient_balanced,1.0,temperature,94,246,0.14436653909654676,0.446017814045001,0.000664392679063569,0.011993178255928744,0,4,0
2026092812,maest,ambient_balanced,1.0,platt,94,246,0.13237336084061802,0.42025945332680337,-0.011328785576865175,0.0,0,4,0
2026092812,maest,ambient_balanced,1.0,beta,94,246,0.13564441178125758,0.43712120807676014,-0.00805773463622561,0.003271050940639564,0,4,0
2026092812,maest,ambient_balanced,1.0,isotonic,94,246,0.1406071355596169,0.988497392097373,-0.003095010857866287,0.008233774718998887,0,4,0
2026092812,maest,ambient_balanced,1.0,ridge_platt,94,246,0.1328015075197124,0.4215501059453637,-0.010900638897770792,0.0004281466790943822,0,4,0
2026092812,maest,unweighted,0.25,raw,24,59,0.13238431257675407,0.4197813590021194,0.0,-0.0014908523785933936,0,4,0
2026092812,maest,unweighted,0.25,prior_offset,24,59,0.13238431257675407,0.4197813590021194,0.0,-0.0014908523785933936,0,4,0
2026092812,maest,unweighted,0.25,temperature,24,59,0.13715201655238748,0.43398275191426655,0.004767703975633419,0.003276851597040026,0,4,0
2026092812,maest,unweighted,0.25,platt,24,59,0.13387516495534746,0.428109873547563,0.0014908523785933936,0.0,0,4,0
2026092812,maest,unweighted,0.25,beta,24,59,0.135841852833244,0.44556954754567474,0.0034575402564899216,0.001966687877896528,0,4,1
2026092812,maest,unweighted,0.25,isotonic,24,59,0.14155956531538297,0.7187666376756612,0.009175252738628903,0.007684400360035509,0,4,0
2026092812,maest,unweighted,0.25,ridge_platt,24,59,0.132540945035392,0.4202973690855624,0.00015663245863792308,-0.0013342199199554705,0,4,0
2026092812,maest,unweighted,0.5,raw,47,133,0.13238431257675407,0.4197813590021194,0.0,-0.0016805414753852943,0,4,0
2026092812,maest,unweighted,0.5,prior_offset,47,133,0.13238431257675407,0.4197813590021194,0.0,-0.0016805414753852943,0,4,0
2026092812,maest,unweighted,0.5,temperature,47,133,0.13268729593160591,0.4204411828834997,0.000302983354851849,-0.0013775581205334453,0,4,0
2026092812,maest,unweighted,0.5,platt,47,133,0.13406485405213936,0.42594105605195093,0.0016805414753852943,0.0,0,4,0
2026092812,maest,unweighted,0.5,beta,47,133,0.13889159538273813,0.45138478663370596,0.00650728280598406,0.004826741330598766,0,4,2
2026092812,maest,unweighted,0.5,isotonic,47,133,0.143073987695929,1.0336811556837862,0.01068967511917493,0.009009133643789635,0,4,0
2026092812,maest,unweighted,0.5,ridge_platt,47,133,0.13238431257675407,0.4197813590021194,0.0,-0.0016805414753852943,0,4,0
2026092812,maest,unweighted,1.0,raw,94,246,0.13238431257675407,0.4197813590021194,0.0,1.936955691289599e-05,0,4,0
2026092812,maest,unweighted,1.0,prior_offset,94,246,0.13238431257675407,0.4197813590021194,0.0,1.936955691289599e-05,0,4,0
2026092812,maest,unweighted,1.0,temperature,94,246,0.13272450900891047,0.4206426983061821,0.0003401964321564088,0.0003595659890693048,0,4,0
2026092812,maest,unweighted,1.0,platt,94,246,0.13236494301984117,0.4203272379207893,-1.936955691289599e-05,0.0,0,4,0
2026092812,maest,unweighted,1.0,beta,94,246,0.13562986556767656,0.43711384900325506,0.0032455529909224956,0.0032649225478353916,0,4,0
2026092812,maest,unweighted,1.0,isotonic,94,246,0.14093765198842134,0.9571050023169885,0.008553339411667277,0.008572708968580173,0,4,0
2026092812,maest,unweighted,1.0,ridge_platt,94,246,0.13244850752259413,0.4203435151217213,6.419494584006258e-05,8.356450275295857e-05,0,4,0
2026092812,mert_v0,ambient_balanced,0.25,raw,24,59,0.15210292198823103,0.469879900902534,0.0,0.01370938350389328,0,4,0
2026092812,mert_v0,ambient_balanced,0.25,prior_offset,24,59,0.13700452802137003,0.4350864221922159,-0.015098393966860996,-0.0013890104629677158,0,4,0
2026092812,mert_v0,ambient_balanced,0.25,temperature,24,59,0.15327731954970722,0.47330011674821637,0.0011743975614761926,0.014883781065369472,0,4,0
2026092812,mert_v0,ambient_balanced,0.25,platt,24,59,0.13839353848433775,0.4421432092237142,-0.01370938350389328,0.0,0,4,0
2026092812,mert_v0,ambient_balanced,0.25,beta,24,59,0.13764840718602797,0.4435503269063655,-0.014454514802203056,-0.0007451312983097758,0,4,3
2026092812,mert_v0,ambient_balanced,0.25,isotonic,24,59,0.1449664287395026,0.7711150330082115,-0.0071364932487284205,0.006572890255164859,0,4,0
2026092812,mert_v0,ambient_balanced,0.25,ridge_platt,24,59,0.13712006732852045,0.4360601062884368,-0.014982854659710582,-0.0012734711558173017,0,4,0
2026092812,mert_v0,ambient_balanced,0.5,raw,47,133,0.15210292198823103,0.469879900902534,0.0,0.012222030390995509,0,4,0
2026092812,mert_v0,ambient_balanced,0.5,prior_offset,47,133,0.13700452802137003,0.4350864221922159,-0.015098393966860996,-0.002876363575865487,0,4,0
2026092812,mert_v0,ambient_balanced,0.5,temperature,47,133,0.15167002899959994,0.46758788144590496,-0.00043289298863108394,0.011789137402364425,0,4,0
2026092812,mert_v0,ambient_balanced,0.5,platt,47,133,0.13988089159723552,0.44285793085526315,-0.012222030390995509,0.0,0,4,0
2026092812,mert_v0,ambient_balanced,0.5,beta,47,133,0.14011416257485304,0.44579798880833577,-0.011988759413377986,0.00023327097761752236,0,4,0
2026092812,mert_v0,ambient_balanced,0.5,isotonic,47,133,0.14321051814085084,0.6102862805537121,-0.008892403847380187,0.0033296265436153216,0,4,0
2026092812,mert_v0,ambient_balanced,0.5,ridge_platt,47,133,0.13714625547714893,0.4355036341373096,-0.0149566665110821,-0.002734636120086592,0,4,0
2026092812,mert_v0,ambient_balanced,1.0,raw,94,246,0.15210292198823103,0.469879900902534,0.0,0.017028897592582193,0,4,0
2026092812,mert_v0,ambient_balanced,1.0,prior_offset,94,246,0.13700452802137003,0.4350864221922159,-0.015098393966860996,0.0019305036257211972,0,4,0
2026092812,mert_v0,ambient_balanced,1.0,temperature,94,246,0.1518540259213684,0.46829513864641914,-0.000248896066862625,0.016780001525719568,0,4,0
2026092812,mert_v0,ambient_balanced,1.0,platt,94,246,0.13507402439564883,0.431567013695413,-0.017028897592582193,0.0,0,4,0
2026092812,mert_v0,ambient_balanced,1.0,beta,94,246,0.13521498265648424,0.43198883182525394,-0.016887939331746787,0.0001409582608354054,0,4,1
2026092812,mert_v0,ambient_balanced,1.0,isotonic,94,246,0.13908951685810783,0.6301828778642603,-0.013013405130123196,0.004015492462458997,0,4,0
2026092812,mert_v0,ambient_balanced,1.0,ridge_platt,94,246,0.13539821412565295,0.43290185098306516,-0.016704707862578078,0.0003241897300041152,0,4,0
2026092812,mert_v0,unweighted,0.25,raw,24,59,0.13698629832185902,0.434784327617118,0.0,-0.0013256637351632405,0,4,0
2026092812,mert_v0,unweighted,0.25,prior_offset,24,59,0.13698629832185902,0.434784327617118,0.0,-0.0013256637351632405,0,4,0
2026092812,mert_v0,unweighted,0.25,temperature,24,59,0.1387645883378702,0.4425691929212936,0.0017782900160111803,0.00045262628084793977,0,4,0
2026092812,mert_v0,unweighted,0.25,platt,24,59,0.13831196205702226,0.44153304791453113,0.0013256637351632405,0.0,0,4,0
2026092812,mert_v0,unweighted,0.25,beta,24,59,0.13753067564151422,0.4430995983480775,0.0005443773196552038,-0.0007812864155080368,0,4,4
2026092812,mert_v0,unweighted,0.25,isotonic,24,59,0.14593677165901492,0.7129444213016096,0.008950473337155901,0.00762480960199266,0,4,0
2026092812,mert_v0,unweighted,0.25,ridge_platt,24,59,0.13705529774149147,0.4350143891988351,6.899941963245393e-05,-0.0012566643155307866,0,4,0
2026092812,mert_v0,unweighted,0.5,raw,47,133,0.13698629832185902,0.434784327617118,0.0,-0.003008973570503226,0,4,0
2026092812,mert_v0,unweighted,0.5,prior_offset,47,133,0.13698629832185902,0.434784327617118,0.0,-0.003008973570503226,0,4,0
2026092812,mert_v0,unweighted,0.5,temperature,47,133,0.1364762394985806,0.43400843374297904,-0.0005100588232784253,-0.0035190323937816514,0,4,0
2026092812,mert_v0,unweighted,0.5,platt,47,133,0.13999527189236224,0.4430300954545638,0.003008973570503226,0.0,0,4,0
2026092812,mert_v0,unweighted,0.5,beta,47,133,0.140225623943266,0.44610258285604865,0.0032393256214069688,0.00023035205090374267,0,4,1
2026092812,mert_v0,unweighted,0.5,isotonic,47,133,0.1437867923133697,0.6426141243829864,0.00680049399151067,0.003791520421007444,0,4,0
2026092812,mert_v0,unweighted,0.5,ridge_platt,47,133,0.13694894497643403,0.4347060655610743,-3.735334542498414e-05,-0.0030463269159282103,0,4,0
2026092812,mert_v0,unweighted,1.0,raw,94,246,0.13698629832185902,0.434784327617118,0.0,0.001730180228417505,0,4,0
2026092812,mert_v0,unweighted,1.0,prior_offset,94,246,0.13698629832185902,0.434784327617118,0.0,0.001730180228417505,0,4,0
2026092812,mert_v0,unweighted,1.0,temperature,94,246,0.13667385564246493,0.43415842298510443,-0.00031244267939409265,0.0014177375490234123,0,4,0
2026092812,mert_v0,unweighted,1.0,platt,94,246,0.1352561180934415,0.43180705894475474,-0.001730180228417505,0.0,0,4,0
2026092812,mert_v0,unweighted,1.0,beta,94,246,0.13537294320727045,0.43226553355148184,-0.0016133551145885716,0.00011682511382893335,0,4,2
2026092812,mert_v0,unweighted,1.0,isotonic,94,246,0.13935966664398539,0.629868426670818,0.002373368322126368,0.004103548550543873,0,4,0
2026092812,mert_v0,unweighted,1.0,ridge_platt,94,246,0.13528666654834415,0.4323477125876985,-0.0016996317735148703,3.054845490263469e-05,0,4,0
2026092812,mert_v1,ambient_balanced,0.25,raw,24,59,0.15609270599515065,0.4783579747116902,0.0,0.015169800385234494,0,4,0
2026092812,mert_v1,ambient_balanced,0.25,prior_offset,24,59,0.1395726554230801,0.44262768222390036,-0.016520050572070566,-0.0013502501868360717,0,4,0
2026092812,mert_v1,ambient_balanced,0.25,temperature,24,59,0.157648792248197,0.48335697275905365,0.001556086253046346,0.01672588663828084,0,4,0
2026092812,mert_v1,ambient_balanced,0.25,platt,24,59,0.14092290560991616,0.4480905489480906,-0.015169800385234494,0.0,0,4,0
2026092812,mert_v1,ambient_balanced,0.25,beta,24,59,0.14012721142006831,0.45086766431379777,-0.01596549457508234,-0.0007956941898478453,0,4,4
2026092812,mert_v1,ambient_balanced,0.25,isotonic,24,59,0.1425622137791815,0.7738156146709612,-0.013530492215969164,0.00163930816926533,0,4,0
2026092812,mert_v1,ambient_balanced,0.25,ridge_platt,24,59,0.13908045743797695,0.4411929648986061,-0.017012248557173704,-0.0018424481719392094,0,4,0
2026092812,mert_v1,ambient_balanced,0.5,raw,47,133,0.15609270599515065,0.4783579747116902,0.0,0.014398475828010293,0,4,0
2026092812,mert_v1,ambient_balanced,0.5,prior_offset,47,133,0.1395726554230801,0.44262768222390036,-0.016520050572070566,-0.002121574744060273,0,4,0
2026092812,mert_v1,ambient_balanced,0.5,temperature,47,133,0.1553476388108926,0.4754747833766467,-0.0007450671842580414,0.013653408643752252,0,4,0
2026092812,mert_v1,ambient_balanced,0.5,platt,47,133,0.14169423016714036,0.44839743918111064,-0.014398475828010293,0.0,0,4,0
2026092812,mert_v1,ambient_balanced,0.5,beta,47,133,0.1409360971204664,0.4512042270518634,-0.015156608874684258,-0.0007581330466739644,0,4,0
2026092812,mert_v1,ambient_balanced,0.5,isotonic,47,133,0.14142813084275865,0.6777058629453134,-0.014664575152392001,-0.0002660993243817078,0,4,0
2026092812,mert_v1,ambient_balanced,0.5,ridge_platt,47,133,0.13926713194887197,0.4415930893670733,-0.016825574046278685,-0.002427098218268392,0,4,0
2026092812,mert_v1,ambient_balanced,1.0,raw,94,246,0.15609270599515065,0.4783579747116902,0.0,0.018045334249995715,0,4,0
2026092812,mert_v1,ambient_balanced,1.0,prior_offset,94,246,0.1395726554230801,0.44262768222390036,-0.016520050572070566,0.0015252836779251489,0,4,0
2026092812,mert_v1,ambient_balanced,1.0,temperature,94,246,0.15598616462024903,0.4779041192706192,-0.0001065413749016253,0.01793879287509409,0,4,0
2026092812,mert_v1,ambient_balanced,1.0,platt,94,246,0.13804737174515494,0.4400719295752514,-0.018045334249995715,0.0,0,4,0
2026092812,mert_v1,ambient_balanced,1.0,beta,94,246,0.13773240419209812,0.4402426655946172,-0.018360301803052537,-0.0003149675530568219,0,4,0
2026092812,mert_v1,ambient_balanced,1.0,isotonic,94,246,0.14070798141296564,0.5419157271234466,-0.015384724582185011,0.002660609667810704,0,4,0
2026092812,mert_v1,ambient_balanced,1.0,ridge_platt,94,246,0.1379266996436977,0.43987519890430277,-0.018166006351452962,-0.0001206721014572476,0,4,0
2026092812,mert_v1,unweighted,0.25,raw,24,59,0.13929383309610371,0.44130967383564135,0.0,-0.001518654596009833,0,4,0
2026092812,mert_v1,unweighted,0.25,prior_offset,24,59,0.13929383309610371,0.44130967383564135,0.0,-0.001518654596009833,0,4,0
2026092812,mert_v1,unweighted,0.25,temperature,24,59,0.14105321128903225,0.44836679780407174,0.0017593781929285401,0.00024072359691870715,0,4,0
2026092812,mert_v1,unweighted,0.25,platt,24,59,0.14081248769211355,0.44771351325023245,0.001518654596009833,0.0,0,4,0
2026092812,mert_v1,unweighted,0.25,beta,24,59,0.1399710372444729,0.45055524181884427,0.0006772041483691926,-0.0008414504476406404,0,4,4
2026092812,mert_v1,unweighted,0.25,isotonic,24,59,0.14221316631951297,0.7728945725698866,0.0029193332234092595,0.0014006786273994265,0,4,0
2026092812,mert_v1,unweighted,0.25,ridge_platt,24,59,0.13917353183615264,0.441947038350035,-0.00012030125995107777,-0.0016389558559609108,0,4,0
2026092812,mert_v1,unweighted,0.5,raw,47,133,0.13929383309610371,0.44130967383564135,0.0,-0.0022150704376095454,0,4,0
2026092812,mert_v1,unweighted,0.5,prior_offset,47,133,0.13929383309610371,0.44130967383564135,0.0,-0.0022150704376095454,0,4,0
2026092812,mert_v1,unweighted,0.5,temperature,47,133,0.13842914580112373,0.4396574442860012,-0.0008646872949799878,-0.003079757732589533,0,4,0
2026092812,mert_v1,unweighted,0.5,platt,47,133,0.14150890353371326,0.4480191739882072,0.0022150704376095454,0.0,0,4,0
2026092812,mert_v1,unweighted,0.5,beta,47,133,0.1408041702300802,0.45093184104327755,0.001510337133976497,-0.0007047333036330483,0,4,1
2026092812,mert_v1,unweighted,0.5,isotonic,47,133,0.14086406283571198,0.6754426540326373,0.0015702297396082698,-0.0006448406980012755,0,4,0
2026092812,mert_v1,unweighted,0.5,ridge_platt,47,133,0.1392277787320199,0.4412715668097948,-6.605436408380072e-05,-0.002281124801693346,0,4,0
2026092812,mert_v1,unweighted,1.0,raw,94,246,0.13929383309610371,0.44130967383564135,0.0,0.0014089754585899228,0,4,0
2026092812,mert_v1,unweighted,1.0,prior_offset,94,246,0.13929383309610371,0.44130967383564135,0.0,0.0014089754585899228,0,4,0
2026092812,mert_v1,unweighted,1.0,temperature,94,246,0.13900169395021053,0.4417548307026888,-0.00029213914589318324,0.0011168363126967396,0,4,0
2026092812,mert_v1,unweighted,1.0,platt,94,246,0.1378848576375138,0.43970702799588285,-0.0014089754585899228,0.0,0,4,0
2026092812,mert_v1,unweighted,1.0,beta,94,246,0.13765525753746383,0.4400437046546932,-0.0016385755586398876,-0.00022960010004996478,0,4,1
2026092812,mert_v1,unweighted,1.0,isotonic,94,246,0.14022048192564562,0.5414391969690715,0.0009266488295419095,0.0023356242881318323,0,4,0
2026092812,mert_v1,unweighted,1.0,ridge_platt,94,246,0.13740749675417857,0.43801737691703146,-0.0018863363419251433,-0.00047736088333522053,0,4,0
2026092813,maest,ambient_balanced,0.25,raw,24,69,0.1345848879384436,0.41547716315812133,0.0,0.003199696782588274,0,4,0
2026092813,maest,ambient_balanced,0.25,prior_offset,24,69,0.12885757678820622,0.4022929223550341,-0.005727311150237363,-0.002527614367649089,0,4,0
2026092813,maest,ambient_balanced,0.25,temperature,24,69,0.13575964474286323,0.41926890288827207,0.001174756804419641,0.004374453587007915,0,4,0
2026092813,maest,ambient_balanced,0.25,platt,24,69,0.1313851911558553,0.40752877092135503,-0.003199696782588274,0.0,0,4,0
2026092813,maest,ambient_balanced,0.25,beta,24,69,0.13160038615189065,0.41237321651808756,-0.0029845017865529344,0.00021519499603533943,0,4,1
2026092813,maest,ambient_balanced,0.25,isotonic,24,69,0.13607299304225584,0.8446292838895172,0.001488105103812254,0.004687801886400528,0,4,0
2026092813,maest,ambient_balanced,0.25,ridge_platt,24,69,0.13011942526700374,0.4055899103854869,-0.0044654626714398515,-0.0012657658888515777,0,4,0
2026092813,maest,ambient_balanced,0.5,raw,47,114,0.1345848879384436,0.41547716315812133,0.0,0.0059467281486466905,0,4,0
2026092813,maest,ambient_balanced,0.5,prior_offset,47,114,0.12885757678820622,0.4022929223550341,-0.005727311150237363,0.0002194169984093275,0,4,0
2026092813,maest,ambient_balanced,0.5,temperature,47,114,0.13552574591237498,0.41650318041668616,0.0009408579739313971,0.006887586122578088,0,4,0
2026092813,maest,ambient_balanced,0.5,platt,47,114,0.1286381597897969,0.3985786553914693,-0.0059467281486466905,0.0,0,4,0
2026092813,maest,ambient_balanced,0.5,beta,47,114,0.13004443239831376,0.401760381010889,-0.0045404555401298285,0.001406272608516862,0,4,1
2026092813,maest,ambient_balanced,0.5,isotonic,47,114,0.13331019001273342,0.7048037507718721,-0.0012746979257101665,0.004672030222936524,0,4,0
2026092813,maest,ambient_balanced,0.5,ridge_platt,47,114,0.1289176142078332,0.40085279755286957,-0.005667273730610378,0.0002794544180363123,0,4,0
2026092813,maest,ambient_balanced,1.0,raw,94,238,0.1345848879384436,0.41547716315812133,0.0,0.004310620607830884,0,4,0
2026092813,maest,ambient_balanced,1.0,prior_offset,94,238,0.12885757678820622,0.4022929223550341,-0.005727311150237363,-0.001416690542406479,0,4,0
2026092813,maest,ambient_balanced,1.0,temperature,94,238,0.13528989111340745,0.41890974806582126,0.0007050031749638586,0.0050156237827947425,0,4,0
2026092813,maest,ambient_balanced,1.0,platt,94,238,0.1302742673306127,0.40660493605854786,-0.004310620607830884,0.0,0,4,0
2026092813,maest,ambient_balanced,1.0,beta,94,238,0.13005266825863623,0.4103351747872567,-0.004532219679807353,-0.00022159907197646933,0,4,0
2026092813,maest,ambient_balanced,1.0,isotonic,94,238,0.1329165969481504,0.5740659491304632,-0.0016682909902931975,0.0026423296175376865,0,4,0
2026092813,maest,ambient_balanced,1.0,ridge_platt,94,238,0.12824210957073923,0.39851676545530923,-0.00634277836770436,-0.0020321577598734764,0,4,0
2026092813,maest,unweighted,0.25,raw,24,69,0.12854084073893268,0.4001428460956493,0.0,-0.0035595964576527472,0,4,0
2026092813,maest,unweighted,0.25,prior_offset,24,69,0.12854084073893268,0.4001428460956493,0.0,-0.0035595964576527472,0,4,0
2026092813,maest,unweighted,0.25,temperature,24,69,0.12964968742875238,0.40345574209455737,0.001108846689819698,-0.002450749767833049,0,4,0
2026092813,maest,unweighted,0.25,platt,24,69,0.13210043719658543,0.40961019786530606,0.0035595964576527472,0.0,0,4,0
2026092813,maest,unweighted,0.25,beta,24,69,0.1325125964865022,0.4111036105204069,0.0039717557475695275,0.0004121592899167803,0,4,2
2026092813,maest,unweighted,0.25,isotonic,24,69,0.1380058161752406,0.8477173537154039,0.00946497543630792,0.005905378978655174,0,4,0
2026092813,maest,unweighted,0.25,ridge_platt,24,69,0.12826420747757386,0.4007893731139722,-0.0002766332613588218,-0.003836229719011569,0,4,0
2026092813,maest,unweighted,0.5,raw,47,114,0.12854084073893268,0.4001428460956493,0.0,-0.0005786897837868343,0,4,0
2026092813,maest,unweighted,0.5,prior_offset,47,114,0.12854084073893268,0.4001428460956493,0.0,-0.0005786897837868343,0,4,0
2026092813,maest,unweighted,0.5,temperature,47,114,0.12975064859175367,0.4024052012192698,0.0012098078528209877,0.0006311180690341534,0,4,0
2026092813,maest,unweighted,0.5,platt,47,114,0.12911953052271952,0.39996465152796373,0.0005786897837868343,0.0,0,4,0
2026092813,maest,unweighted,0.5,beta,47,114,0.13062178643724257,0.4028811200844666,0.002080945698309883,0.0015022559145230485,0,4,1
2026092813,maest,unweighted,0.5,isotonic,47,114,0.13407952539947912,0.7072918239428434,0.005538684660546439,0.004959994876759605,0,4,0
2026092813,maest,unweighted,0.5,ridge_platt,47,114,0.12796141432777605,0.3984106947058976,-0.0005794264111566305,-0.0011581161949434648,0,4,0
2026092813,maest,unweighted,1.0,raw,94,238,0.12854084073893268,0.4001428460956493,0.0,-0.002184108219198233,0,4,0
2026092813,maest,unweighted,1.0,prior_offset,94,238,0.12854084073893268,0.4001428460956493,0.0,-0.002184108219198233,0,4,0
2026092813,maest,unweighted,1.0,temperature,94,238,0.12966804168919657,0.4056781115686616,0.0011272009502638902,-0.0010569072689343428,0,4,0
2026092813,maest,unweighted,1.0,platt,94,238,0.13072494895813092,0.40782951397953215,0.002184108219198233,0.0,0,4,0
2026092813,maest,unweighted,1.0,beta,94,238,0.13062798917887336,0.41008520114139596,0.002087148439940678,-9.695977925755495e-05,0,4,1
2026092813,maest,unweighted,1.0,isotonic,94,238,0.13439306323942615,0.5780191774571188,0.00585222250049347,0.003668114281295237,0,4,0
2026092813,maest,unweighted,1.0,ridge_platt,94,238,0.12862165159435524,0.39929532009613466,8.081085542255284e-05,-0.0021032973637756802,0,4,0
2026092813,mert_v0,ambient_balanced,0.25,raw,24,69,0.15518814696658698,0.47369080935259456,0.0,-0.0006313684697254185,0,4,0
2026092813,mert_v0,ambient_balanced,0.25,prior_offset,24,69,0.14416281790778213,0.44515393380020696,-0.01102532905880485,-0.011656697528530269,0,4,0
2026092813,mert_v0,ambient_balanced,0.25,temperature,24,69,0.15716498814685845,0.4824655457400496,0.0019768411802714714,0.0013454727105460529,0,4,0
2026092813,mert_v0,ambient_balanced,0.25,platt,24,69,0.1558195154363124,0.4746052509686084,0.0006313684697254185,0.0,0,4,1
2026092813,mert_v0,ambient_balanced,0.25,beta,24,69,0.15634303213676587,0.4766491158440231,0.0011548851701788931,0.0005235167004534746,0,4,2
2026092813,mert_v0,ambient_balanced,0.25,isotonic,24,69,0.15638310090948868,1.0073538071574137,0.0011949539429016998,0.0005635854731762813,0,4,0
2026092813,mert_v0,ambient_balanced,0.25,ridge_platt,24,69,0.15687361692665958,0.4805127696804604,0.0016854699600725997,0.0010541014903471813,0,4,1
2026092813,mert_v0,ambient_balanced,0.5,raw,47,114,0.15518814696658698,0.47369080935259456,0.0,0.009763408410731117,0,4,0
2026092813,mert_v0,ambient_balanced,0.5,prior_offset,47,114,0.14416281790778213,0.44515393380020696,-0.01102532905880485,-0.0012619206480737333,0,4,0
2026092813,mert_v0,ambient_balanced,0.5,temperature,47,114,0.15592044519766252,0.4774508365405058,0.0007322982310755399,0.010495706641806657,0,4,0
2026092813,mert_v0,ambient_balanced,0.5,platt,47,114,0.14542473855585586,0.44909238198376145,-0.009763408410731117,0.0,0,4,0
2026092813,mert_v0,ambient_balanced,0.5,beta,47,114,0.14455309486767254,0.4480765592258509,-0.010635052098914438,-0.0008716436881833212,0,4,1
2026092813,mert_v0,ambient_balanced,0.5,isotonic,47,114,0.14692060276951194,0.8158299933829949,-0.008267544197075039,0.0014958642136560785,0,4,0
2026092813,mert_v0,ambient_balanced,0.5,ridge_platt,47,114,0.1452294284266645,0.44886721485464265,-0.009958718539922473,-0.00019531012919135615,0,4,0
2026092813,mert_v0,ambient_balanced,1.0,raw,94,238,0.15518814696658698,0.47369080935259456,0.0,0.01117925015271351,0,4,0
2026092813,mert_v0,ambient_balanced,1.0,prior_offset,94,238,0.14416281790778213,0.44515393380020696,-0.01102532905880485,0.00015392109390865993,0,4,0
2026092813,mert_v0,ambient_balanced,1.0,temperature,94,238,0.15509197254393536,0.473893271392384,-9.617442265161258e-05,0.011083075730061898,0,4,0
2026092813,mert_v0,ambient_balanced,1.0,platt,94,238,0.14400889681387347,0.4443800513100741,-0.01117925015271351,0.0,0,4,0
2026092813,mert_v0,ambient_balanced,1.0,beta,94,238,0.14334308893686792,0.4442651703012326,-0.011845058029719052,-0.000665807877005542,0,4,2
2026092813,mert_v0,ambient_balanced,1.0,isotonic,94,238,0.14360709991450804,0.5112505653691581,-0.011581047052078935,-0.0004017968993654253,0,4,0
2026092813,mert_v0,ambient_balanced,1.0,ridge_platt,94,238,0.14275366263252184,0.44010738244302305,-0.012434484334065132,-0.0012552341813516221,0,4,0
2026092813,mert_v0,unweighted,0.25,raw,24,69,0.1441094315387052,0.44550817542454946,0.0,-0.012180375228550061,0,4,0
2026092813,mert_v0,unweighted,0.25,prior_offset,24,69,0.1441094315387052,0.44550817542454946,0.0,-0.012180375228550061,0,4,0
2026092813,mert_v0,unweighted,0.25,temperature,24,69,0.14560130663855336,0.45162358840327577,0.0014918750998481611,-0.0106885001287019,0,4,0
2026092813,mert_v0,unweighted,0.25,platt,24,69,0.15628980676725526,0.4757584731561395,0.012180375228550061,0.0,0,4,1
2026092813,mert_v0,unweighted,0.25,beta,24,69,0.15698229200089653,0.47810683775740476,0.012872860462191327,0.0006924852336412657,0,4,2
2026092813,mert_v0,unweighted,0.25,isotonic,24,69,0.15765160768233663,0.9410311653599763,0.01354217614363143,0.0013618009150813681,0,4,0
2026092813,mert_v0,unweighted,0.25,ridge_platt,24,69,0.1519986472367328,0.46809182819660966,0.007889215698027585,-0.004291159530522476,0,4,1
2026092813,mert_v0,unweighted,0.5,raw,47,114,0.1441094315387052,0.44550817542454946,0.0,-0.0015270284464757866,0,4,0
2026092813,mert_v0,unweighted,0.5,prior_offset,47,114,0.1441094315387052,0.44550817542454946,0.0,-0.0015270284464757866,0,4,0
2026092813,mert_v0,unweighted,0.5,temperature,47,114,0.14508196238320176,0.44976646918528457,0.0009725308444965552,-0.0005544976019792314,0,4,0
2026092813,mert_v0,unweighted,0.5,platt,47,114,0.145636459985181,0.44996636996203576,0.0015270284464757866,0.0,0,4,0
2026092813,mert_v0,unweighted,0.5,beta,47,114,0.14469134198897338,0.44872555961228766,0.0005819104502681749,-0.0009451179962076117,0,4,1
2026092813,mert_v0,unweighted,0.5,isotonic,47,114,0.14718270015901885,0.7502173017816727,0.0030732686203136517,0.001546240173837865,0,4,0
2026092813,mert_v0,unweighted,0.5,ridge_platt,47,114,0.14309363036519368,0.44277559976637426,-0.0010158011735115213,-0.002542829619987308,0,4,0
2026092813,mert_v0,unweighted,1.0,raw,94,238,0.1441094315387052,0.44550817542454946,0.0,-0.000112251392135998,0,4,0
2026092813,mert_v0,unweighted,1.0,prior_offset,94,238,0.1441094315387052,0.44550817542454946,0.0,-0.000112251392135998,0,4,0
2026092813,mert_v0,unweighted,1.0,temperature,94,238,0.1445674054495955,0.4467800949612468,0.00045797391089030803,0.00034572251875431004,0,4,0
2026092813,mert_v0,unweighted,1.0,platt,94,238,0.1442216829308412,0.44526266981823515,0.000112251392135998,0.0,0,4,0
2026092813,mert_v0,unweighted,1.0,beta,94,238,0.14388940479285262,0.4454290033727608,-0.0002200267458525862,-0.0003322781379885842,0,4,2
2026092813,mert_v0,unweighted,1.0,isotonic,94,238,0.14449690442913124,0.5138022649729069,0.0003874728904260383,0.0002752214982900403,0,4,0
2026092813,mert_v0,unweighted,1.0,ridge_platt,94,238,0.1429510083102916,0.4410960342117073,-0.0011584232284136131,-0.0012706746205496111,0,4,0
2026092813,mert_v1,ambient_balanced,0.25,raw,24,69,0.15663290282879977,0.4788640595489023,0.0,-0.0033348344259867546,0,4,0
2026092813,mert_v1,ambient_balanced,0.25,prior_offset,24,69,0.14528669294624855,0.44967962146021895,-0.011346209882551223,-0.014681044308537977,0,4,0
2026092813,mert_v1,ambient_balanced,0.25,temperature,24,69,0.16150943068786738,0.5032903579535959,0.004876527859067614,0.0015416934330808596,0,4,0
2026092813,mert_v1,ambient_balanced,0.25,platt,24,69,0.15996773725478652,0.4927584549280374,0.0033348344259867546,0.0,0,4,1
2026092813,mert_v1,ambient_balanced,0.25,beta,24,69,0.15988907809746536,0.4926097261697342,0.00325617526866559,-7.86591573211648e-05,0,4,3
2026092813,mert_v1,ambient_balanced,0.25,isotonic,24,69,0.1614723927425965,1.1873186133217506,0.004839489913796735,0.0015046554878099805,0,4,0
2026092813,mert_v1,ambient_balanced,0.25,ridge_platt,24,69,0.156440515745366,0.4814478280926545,-0.00019238708343377597,-0.0035272215094205306,0,4,1
2026092813,mert_v1,ambient_balanced,0.5,raw,47,114,0.15663290282879977,0.4788640595489023,0.0,0.010612980022035617,0,4,0
2026092813,mert_v1,ambient_balanced,0.5,prior_offset,47,114,0.14528669294624855,0.44967962146021895,-0.011346209882551223,-0.0007332298605156051,0,4,0
2026092813,mert_v1,ambient_balanced,0.5,temperature,47,114,0.15707694698748512,0.48267843201141425,0.0004440441586853472,0.011057024180720965,0,4,0
2026092813,mert_v1,ambient_balanced,0.5,platt,47,114,0.14601992280676415,0.45282106995883326,-0.010612980022035617,0.0,0,4,0
2026092813,mert_v1,ambient_balanced,0.5,beta,47,114,0.1439786072037998,0.45065681403073876,-0.012654295624999978,-0.002041315602964361,0,4,3
2026092813,mert_v1,ambient_balanced,0.5,isotonic,47,114,0.14965901205509813,0.6889951508780155,-0.006973890773701641,0.0036390892483339765,0,4,0
2026092813,mert_v1,ambient_balanced,0.5,ridge_platt,47,114,0.14734446642616708,0.45599487635576136,-0.009288436402632688,0.0013245436194029292,0,4,0
2026092813,mert_v1,ambient_balanced,1.0,raw,94,238,0.15663290282879977,0.4788640595489023,0.0,0.011674375122443126,0,4,0
2026092813,mert_v1,ambient_balanced,1.0,prior_offset,94,238,0.14528669294624855,0.44967962146021895,-0.011346209882551223,0.00032816523989190327,0,4,0
2026092813,mert_v1,ambient_balanced,1.0,temperature,94,238,0.1564682381796068,0.4793304424468244,-0.0001646646491929582,0.011509710473250168,0,4,0
2026092813,mert_v1,ambient_balanced,1.0,platt,94,238,0.14495852770635664,0.4484792410232984,-0.011674375122443126,0.0,0,4,0
2026092813,mert_v1,ambient_balanced,1.0,beta,94,238,0.1437029535726702,0.4481093637582042,-0.012929949256129558,-0.0012555741336864323,0,4,1
2026092813,mert_v1,ambient_balanced,1.0,isotonic,94,238,0.14747674833609006,0.5528046124251147,-0.009156154492709706,0.0025182206297334198,0,4,0
2026092813,mert_v1,ambient_balanced,1.0,ridge_platt,94,238,0.14443045043456185,0.4466206407680534,-0.012202452394237923,-0.0005280772717947968,0,4,0
2026092813,mert_v1,unweighted,0.25,raw,24,69,0.14511233706385407,0.4494974785161379,0.0,-0.014926752505225294,0,4,0
2026092813,mert_v1,unweighted,0.25,prior_offset,24,69,0.14511233706385407,0.4494974785161379,0.0,-0.014926752505225294,0,4,0
2026092813,mert_v1,unweighted,0.25,temperature,24,69,0.14782888741879022,0.45884850384401055,0.002716550354936148,-0.012210202150289146,0,4,0
2026092813,mert_v1,unweighted,0.25,platt,24,69,0.16003908956907936,0.4905480693373885,0.014926752505225294,0.0,0,4,1
2026092813,mert_v1,unweighted,0.25,beta,24,69,0.1601198019136706,0.4911750661335501,0.01500746484981652,8.071234459122723e-05,0,4,3
2026092813,mert_v1,unweighted,0.25,isotonic,24,69,0.16206274033332332,1.1902850712345976,0.016950403269469255,0.0020236507642439616,0,4,0
2026092813,mert_v1,unweighted,0.25,ridge_platt,24,69,0.15389997189674764,0.47278452049682185,0.008787634832893576,-0.006139117672331718,0,4,1
2026092813,mert_v1,unweighted,0.5,raw,47,114,0.14511233706385407,0.4494974785161379,0.0,-0.0009100738996475621,0,4,0
2026092813,mert_v1,unweighted,0.5,prior_offset,47,114,0.14511233706385407,0.4494974785161379,0.0,-0.0009100738996475621,0,4,0
2026092813,mert_v1,unweighted,0.5,temperature,47,114,0.1459536096905153,0.4534288509941733,0.0008412726266612269,-6.88012729863352e-05,0,4,0
2026092813,mert_v1,unweighted,0.5,platt,47,114,0.14602241096350163,0.4527239382931293,0.0009100738996475621,0.0,0,4,0
2026092813,mert_v1,unweighted,0.5,beta,47,114,0.1446362015540393,0.45047871031922726,-0.0004761355098147624,-0.0013862094094623245,0,4,3
2026092813,mert_v1,unweighted,0.5,isotonic,47,114,0.14861124915013613,0.6868986206985537,0.0034989120862820577,0.0025888381866344956,0,4,0
2026092813,mert_v1,unweighted,0.5,ridge_platt,47,114,0.14470229407895158,0.44870533123283074,-0.00041004298490249225,-0.0013201168845500544,0,4,0
2026092813,mert_v1,unweighted,1.0,raw,94,238,0.14511233706385407,0.4494974785161379,0.0,8.800820363771833e-05,0,4,0
2026092813,mert_v1,unweighted,1.0,prior_offset,94,238,0.14511233706385407,0.4494974785161379,0.0,8.800820363771833e-05,0,4,0
2026092813,mert_v1,unweighted,1.0,temperature,94,238,0.14552450575630316,0.4503796183256648,0.0004121686924490886,0.0005001768960868069,0,4,0
2026092813,mert_v1,unweighted,1.0,platt,94,238,0.14502432886021635,0.44856343803951004,-8.800820363771833e-05,0.0,0,4,0
2026092813,mert_v1,unweighted,1.0,beta,94,238,0.1444100476365408,0.4479905240357479,-0.0007022894273132629,-0.0006142812236755446,0,4,1
2026092813,mert_v1,unweighted,1.0,isotonic,94,238,0.14750820313408508,0.5529439254499541,0.002395866070231012,0.0024838742738687303,0,4,0
2026092813,mert_v1,unweighted,1.0,ridge_platt,94,238,0.14423540583626998,0.44645613428291725,-0.0008769312275840879,-0.0007889230239463696,0,4,0
2026092814,maest,ambient_balanced,0.25,raw,24,65,0.13974561418700465,0.4389878775444871,0.0,-0.00921893376455657,0,4,0
2026092814,maest,ambient_balanced,0.25,prior_offset,24,65,0.1333679043812847,0.4266393795818239,-0.006377709805719944,-0.015596643570276514,0,4,0
2026092814,maest,ambient_balanced,0.25,temperature,24,65,0.15171079475137494,0.4838526251390506,0.011965180564370292,0.002746246799813723,0,4,0
2026092814,maest,ambient_balanced,0.25,platt,24,65,0.14896454795156122,0.4774915893299482,0.00921893376455657,0.0,0,4,1
2026092814,maest,ambient_balanced,0.25,beta,24,65,0.15099347000436936,0.5005257947619967,0.011247855817364705,0.0020289220528081353,0,4,3
2026092814,maest,ambient_balanced,0.25,isotonic,24,65,0.1570001157179438,1.448002338308755,0.01725450153093916,0.00803556776638259,0,4,0
2026092814,maest,ambient_balanced,0.25,ridge_platt,24,65,0.14741671031518624,0.4589021717315268,0.007671096128181593,-0.0015478376363749768,0,4,1
2026092814,maest,ambient_balanced,0.5,raw,47,125,0.13974561418700465,0.4389878775444871,0.0,0.0030857968667114544,0,4,0
2026092814,maest,ambient_balanced,0.5,prior_offset,47,125,0.1333679043812847,0.4266393795818239,-0.006377709805719944,-0.00329191293900849,0,4,0
2026092814,maest,ambient_balanced,0.5,temperature,47,125,0.14410075312426862,0.4539208088747466,0.004355138937263969,0.007440935803975424,0,4,0
2026092814,maest,ambient_balanced,0.5,platt,47,125,0.1366598173202932,0.4383009189064915,-0.0030857968667114544,0.0,0,4,0
2026092814,maest,ambient_balanced,0.5,beta,47,125,0.13942701057586718,0.45729448414076057,-0.0003186036111374746,0.0027671932555739798,0,4,2
2026092814,maest,ambient_balanced,0.5,isotonic,47,125,0.1403991258056715,1.05779830687278,0.0006535116186668355,0.00373930848537829,0,4,0
2026092814,maest,ambient_balanced,0.5,ridge_platt,47,125,0.13372756009268025,0.4260674770653171,-0.006018054094324404,-0.00293225722761295,0,4,0
2026092814,maest,ambient_balanced,1.0,raw,94,228,0.13974561418700465,0.4389878775444871,0.0,0.00596560884153971,0,4,0
2026092814,maest,ambient_balanced,1.0,prior_offset,94,228,0.1333679043812847,0.4266393795818239,-0.006377709805719944,-0.00041210096418023423,0,4,0
2026092814,maest,ambient_balanced,1.0,temperature,94,228,0.14054447849292895,0.4406328456979334,0.0007988643059242961,0.006764473147464006,0,4,0
2026092814,maest,ambient_balanced,1.0,platt,94,228,0.13378000534546494,0.4240809419263004,-0.00596560884153971,0.0,0,4,0
2026092814,maest,ambient_balanced,1.0,beta,94,228,0.13467428928115496,0.42416908213807814,-0.005071324905849689,0.0008942839356900212,0,4,1
2026092814,maest,ambient_balanced,1.0,isotonic,94,228,0.13894941384142917,0.6553566383623509,-0.0007962003455754818,0.005169408495964228,0,4,0
2026092814,maest,ambient_balanced,1.0,ridge_platt,94,228,0.1331890547451143,0.4247186725697003,-0.006556559441890347,-0.0005909506003506371,0,4,0
2026092814,maest,unweighted,0.25,raw,24,65,0.13218612426642556,0.42130880503584334,0.0,-0.01642649554388964,0,4,0
2026092814,maest,unweighted,0.25,prior_offset,24,65,0.13218612426642556,0.42130880503584334,0.0,-0.01642649554388964,0,4,0
2026092814,maest,unweighted,0.25,temperature,24,65,0.1429151240869061,0.46263238136528995,0.010728999820480534,-0.005697495723409107,0,4,0
2026092814,maest,unweighted,0.25,platt,24,65,0.1486126198103152,0.4767050582768907,0.01642649554388964,0.0,0,4,1
2026092814,maest,unweighted,0.25,beta,24,65,0.151576216014228,0.5083002560145987,0.01939009174780243,0.0029635962039127883,0,4,3
2026092814,maest,unweighted,0.25,isotonic,24,65,0.1595111709386272,1.548213625518838,0.027325046672201647,0.010898551128312006,0,4,0
2026092814,maest,unweighted,0.25,ridge_platt,24,65,0.14593740213923273,0.4521635299257938,0.013751277872807166,-0.002675217671082475,0,4,1
2026092814,maest,unweighted,0.5,raw,47,125,0.13218612426642556,0.42130880503584334,0.0,-0.003902849463344127,0,4,0
2026092814,maest,unweighted,0.5,prior_offset,47,125,0.13218612426642556,0.42130880503584334,0.0,-0.003902849463344127,0,4,0
2026092814,maest,unweighted,0.5,temperature,47,125,0.13625450738202124,0.4360281319520979,0.004068383115595681,0.0001655336522515538,0,4,0
2026092814,maest,unweighted,0.5,platt,47,125,0.1360889737297697,0.43640979642206457,0.003902849463344127,0.0,0,4,0
2026092814,maest,unweighted,0.5,beta,47,125,0.1387245728850569,0.45483996135372345,0.006538448618631343,0.002635599155287216,0,4,3
2026092814,maest,unweighted,0.5,isotonic,47,125,0.13937194996693955,1.0847081684085949,0.007185825700513987,0.00328297623716986,0,4,0
2026092814,maest,unweighted,0.5,ridge_platt,47,125,0.1328444691707881,0.42308662566400357,0.0006583449043625345,-0.0032445045589815924,0,4,0
2026092814,maest,unweighted,1.0,raw,94,228,0.13218612426642556,0.42130880503584334,0.0,-0.0010200277996563756,0,4,0
2026092814,maest,unweighted,1.0,prior_offset,94,228,0.13218612426642556,0.42130880503584334,0.0,-0.0010200277996563756,0,4,0
2026092814,maest,unweighted,1.0,temperature,94,228,0.1326610835250036,0.42248336003492065,0.0004749592585780449,-0.0005450685410783307,0,4,0
2026092814,maest,unweighted,1.0,platt,94,228,0.13320615206608194,0.4222082752062861,0.0010200277996563756,0.0,0,4,0
2026092814,maest,unweighted,1.0,beta,94,228,0.1340748541218609,0.4223500820269334,0.0018887298554353393,0.0008687020557789638,0,4,2
2026092814,maest,unweighted,1.0,isotonic,94,228,0.13806002643180781,0.6833748224210685,0.00587390216538225,0.004853874365725874,0,4,0
2026092814,maest,unweighted,1.0,ridge_platt,94,228,0.1323018508430466,0.42185897257316973,0.00011572657662103913,-0.0009043012230353364,0,4,0
2026092814,mert_v0,ambient_balanced,0.25,raw,24,65,0.15304029132990937,0.4760717979277569,0.0,-0.00436194891406283,0,4,0
2026092814,mert_v0,ambient_balanced,0.25,prior_offset,24,65,0.14295774954868998,0.45173060481181504,-0.010082541781219395,-0.014444490695282225,0,4,0
2026092814,mert_v0,ambient_balanced,0.25,temperature,24,65,0.16165468832336002,0.5049875567835839,0.008614396993450651,0.004252448079387822,0,4,0
2026092814,mert_v0,ambient_balanced,0.25,platt,24,65,0.1574022402439722,0.4967934524300649,0.00436194891406283,0.0,0,4,1
2026092814,mert_v0,ambient_balanced,0.25,beta,24,65,0.15644481301997093,0.4936984950777328,0.003404521690061557,-0.0009574272240012727,0,4,3
2026092814,mert_v0,ambient_balanced,0.25,isotonic,24,65,0.15801744507074894,0.8976830527533866,0.004977153740839568,0.0006152048267767385,0,4,0
2026092814,mert_v0,ambient_balanced,0.25,ridge_platt,24,65,0.15475883007402008,0.47857048136898694,0.0017185387441107092,-0.0026434101699521206,0,4,1
2026092814,mert_v0,ambient_balanced,0.5,raw,47,125,0.15304029132990937,0.4760717979277569,0.0,0.005406098926106356,0,4,0
2026092814,mert_v0,ambient_balanced,0.5,prior_offset,47,125,0.14295774954868998,0.45173060481181504,-0.010082541781219395,-0.004676442855113039,0,4,0
2026092814,mert_v0,ambient_balanced,0.5,temperature,47,125,0.15461716367991257,0.47846034339682914,0.0015768723500032,0.006982971276109556,0,4,0
2026092814,mert_v0,ambient_balanced,0.5,platt,47,125,0.14763419240380302,0.4605252806812381,-0.005406098926106356,0.0,0,4,0
2026092814,mert_v0,ambient_balanced,0.5,beta,47,125,0.14817833816934833,0.4638521024071119,-0.004861953160561039,0.0005441457655453175,0,4,4
2026092814,mert_v0,ambient_balanced,0.5,isotonic,47,125,0.1479826058187224,0.8935981361212517,-0.00505768551118696,0.00034841341491939626,0,4,0
2026092814,mert_v0,ambient_balanced,0.5,ridge_platt,47,125,0.1428929882258728,0.451144326117478,-0.010147303104036581,-0.004741204177930225,0,4,0
2026092814,mert_v0,ambient_balanced,1.0,raw,94,228,0.15304029132990937,0.4760717979277569,0.0,0.011169775676067306,0,4,0
2026092814,mert_v0,ambient_balanced,1.0,prior_offset,94,228,0.14295774954868998,0.45173060481181504,-0.010082541781219395,0.001087233894847911,0,4,0
2026092814,mert_v0,ambient_balanced,1.0,temperature,94,228,0.1524400637522535,0.4734862628386838,-0.0006002275776558763,0.01056954809841143,0,4,0
2026092814,mert_v0,ambient_balanced,1.0,platt,94,228,0.14187051565384207,0.4461576216014701,-0.011169775676067306,0.0,0,4,0
2026092814,mert_v0,ambient_balanced,1.0,beta,94,228,0.14298644470464494,0.44931114150254736,-0.010053846625264429,0.0011159290508028774,0,4,4
2026092814,mert_v0,ambient_balanced,1.0,isotonic,94,228,0.1454048004268595,0.827493445113414,-0.00763549090304988,0.0035342847730174265,0,4,0
2026092814,mert_v0,ambient_balanced,1.0,ridge_platt,94,228,0.14285196550148607,0.45095751084376146,-0.0101883258284233,0.0009814498476440059,0,4,0
2026092814,mert_v0,unweighted,0.25,raw,24,65,0.14268372009235006,0.45086701997917894,0.0,-0.014606759105582373,0,4,0
2026092814,mert_v0,unweighted,0.25,prior_offset,24,65,0.14268372009235006,0.45086701997917894,0.0,-0.014606759105582373,0,4,0
2026092814,mert_v0,unweighted,0.25,temperature,24,65,0.15066368617327153,0.4777886243512378,0.007979966080921469,-0.006626793024660904,0,4,0
2026092814,mert_v0,unweighted,0.25,platt,24,65,0.15729047919793243,0.49658128773346627,0.014606759105582373,0.0,0,4,1
2026092814,mert_v0,unweighted,0.25,beta,24,65,0.156197488609925,0.49331031220430666,0.013513768517574937,-0.0010929905880074364,0,4,3
2026092814,mert_v0,unweighted,0.25,isotonic,24,65,0.16090284963711604,0.9722857422361535,0.018219129544765983,0.0036123704391836098,0,4,0
2026092814,mert_v0,unweighted,0.25,ridge_platt,24,65,0.15437212725101634,0.4770994634293458,0.011688407158666286,-0.002918351946916087,0,4,1
2026092814,mert_v0,unweighted,0.5,raw,47,125,0.14268372009235006,0.45086701997917894,0.0,-0.004935387634760174,0,4,0
2026092814,mert_v0,unweighted,0.5,prior_offset,47,125,0.14268372009235006,0.45086701997917894,0.0,-0.004935387634760174,0,4,0
2026092814,mert_v0,unweighted,0.5,temperature,47,125,0.1439329125256545,0.4522943600934831,0.0012491924333044302,-0.003686195201455744,0,4,0
2026092814,mert_v0,unweighted,0.5,platt,47,125,0.14761910772711023,0.4605164083855049,0.004935387634760174,0.0,0,4,0
2026092814,mert_v0,unweighted,0.5,beta,47,125,0.14817556891565486,0.46375894327896855,0.005491848823304807,0.0005564611885446324,0,4,4
2026092814,mert_v0,unweighted,0.5,isotonic,47,125,0.14944958302779138,0.9301764541781795,0.006765862935441319,0.0018304753006811447,0,4,0
2026092814,mert_v0,unweighted,0.5,ridge_platt,47,125,0.14268372009235006,0.45086701997917894,0.0,-0.004935387634760174,0,4,0
2026092814,mert_v0,unweighted,1.0,raw,94,228,0.14268372009235006,0.45086701997917894,0.0,0.0007421281212728059,0,4,0
2026092814,mert_v0,unweighted,1.0,prior_offset,94,228,0.14268372009235006,0.45086701997917894,0.0,0.0007421281212728059,0,4,0
2026092814,mert_v0,unweighted,1.0,temperature,94,228,0.14196115805889797,0.4481239327242591,-0.0007225620334520844,1.9566087820721556e-05,0,4,0
2026092814,mert_v0,unweighted,1.0,platt,94,228,0.14194159197107725,0.4463565437413093,-0.0007421281212728059,0.0,0,4,0
2026092814,mert_v0,unweighted,1.0,beta,94,228,0.14308218376620815,0.4491603363788106,0.000398463673858096,0.001140591795130902,0,4,4
2026092814,mert_v0,unweighted,1.0,isotonic,94,228,0.14508071040072779,0.7962477787026706,0.0023969903083777278,0.0031391184296505337,0,4,0
2026092814,mert_v0,unweighted,1.0,ridge_platt,94,228,0.14252215617346478,0.4504042811284981,-0.00016156391888527688,0.000580564202387529,0,4,0
2026092814,mert_v1,ambient_balanced,0.25,raw,24,65,0.15444483102040105,0.47892877218728663,0.0,-0.00329832048528661,0,4,0
2026092814,mert_v1,ambient_balanced,0.25,prior_offset,24,65,0.14293520550543143,0.45123395475745176,-0.011509625514969618,-0.014807946000256228,0,4,0
2026092814,mert_v1,ambient_balanced,0.25,temperature,24,65,0.16007954181951037,0.49440225283180184,0.0056347107991093215,0.0023363903138227116,0,4,0
2026092814,mert_v1,ambient_balanced,0.25,platt,24,65,0.15774315150568766,0.49630830297710293,0.00329832048528661,0.0,0,4,0
2026092814,mert_v1,ambient_balanced,0.25,beta,24,65,0.15689717674065679,0.49479393884937123,0.0024523457202557386,-0.0008459747650308713,0,4,3
2026092814,mert_v1,ambient_balanced,0.25,isotonic,24,65,0.15761130911954796,1.0445315183953527,0.0031664780991469132,-0.00013184238613969668,0,4,0
2026092814,mert_v1,ambient_balanced,0.25,ridge_platt,24,65,0.15605726661384703,0.48443676697158256,0.0016124355934459822,-0.0016858848918406277,0,4,0
2026092814,mert_v1,ambient_balanced,0.5,raw,47,125,0.15444483102040105,0.47892877218728663,0.0,0.00809774700248514,0,4,0
2026092814,mert_v1,ambient_balanced,0.5,prior_offset,47,125,0.14293520550543143,0.45123395475745176,-0.011509625514969618,-0.0034118785124844786,0,4,0
2026092814,mert_v1,ambient_balanced,0.5,temperature,47,125,0.15471701957109535,0.47724864401287465,0.00027218855069430226,0.008369935553179442,0,4,0
2026092814,mert_v1,ambient_balanced,0.5,platt,47,125,0.1463470840179159,0.4574259944522525,-0.00809774700248514,0.0,0,4,0
2026092814,mert_v1,ambient_balanced,0.5,beta,47,125,0.14717028296726023,0.460652669192926,-0.007274548053140817,0.0008231989493443226,0,4,3
2026092814,mert_v1,ambient_balanced,0.5,isotonic,47,125,0.14819202662567024,0.9555001386688492,-0.006252804394730804,0.0018449426077543352,0,4,0
2026092814,mert_v1,ambient_balanced,0.5,ridge_platt,47,125,0.14282386780116205,0.4508467565268985,-0.011620963219239,-0.0035232162167538605,0,4,0
2026092814,mert_v1,ambient_balanced,1.0,raw,94,228,0.15444483102040105,0.47892877218728663,0.0,0.012592913057614535,0,4,0
2026092814,mert_v1,ambient_balanced,1.0,prior_offset,94,228,0.14293520550543143,0.45123395475745176,-0.011509625514969618,0.0010832875426449173,0,4,0
2026092814,mert_v1,ambient_balanced,1.0,temperature,94,228,0.1538734700829823,0.4764624664473082,-0.0005713609374187467,0.012021552120195789,0,4,0
2026092814,mert_v1,ambient_balanced,1.0,platt,94,228,0.1418519179627865,0.44710450714222505,-0.012592913057614535,0.0,0,4,0
2026092814,mert_v1,ambient_balanced,1.0,beta,94,228,0.14316543877854135,0.45047960763385336,-0.011279392241859698,0.0013135208157548373,0,4,3
2026092814,mert_v1,ambient_balanced,1.0,isotonic,94,228,0.14706101691525336,0.7133138364871637,-0.007383814105147685,0.005209098952466851,0,4,0
2026092814,mert_v1,ambient_balanced,1.0,ridge_platt,94,228,0.14284360611958244,0.45079893835235013,-0.011601224900818607,0.000991688156795928,0,4,0
2026092814,mert_v1,unweighted,0.25,raw,24,65,0.1428715350259768,0.45126522002572406,0.0,-0.014861006686453015,0,4,0
2026092814,mert_v1,unweighted,0.25,prior_offset,24,65,0.1428715350259768,0.45126522002572406,0.0,-0.014861006686453015,0,4,0
2026092814,mert_v1,unweighted,0.25,temperature,24,65,0.14780894428974445,0.46610625998295585,0.00493740926376765,-0.009923597422685365,0,4,0
2026092814,mert_v1,unweighted,0.25,platt,24,65,0.1577325417124298,0.4966151365953192,0.014861006686453015,0.0,0,4,0
2026092814,mert_v1,unweighted,0.25,beta,24,65,0.15679820170561876,0.4949271306211364,0.013926666679641958,-0.0009343400068110574,0,4,3
2026092814,mert_v1,unweighted,0.25,isotonic,24,65,0.1579132217275387,1.045613490444904,0.01504168670156189,0.000180680015108875,0,4,0
2026092814,mert_v1,unweighted,0.25,ridge_platt,24,65,0.1557554362143102,0.48350226519437617,0.012883901188333408,-0.001977105498119608,0,4,0
2026092814,mert_v1,unweighted,0.5,raw,47,125,0.1428715350259768,0.45126522002572406,0.0,-0.0035194931969992904,0,4,0
2026092814,mert_v1,unweighted,0.5,prior_offset,47,125,0.1428715350259768,0.45126522002572406,0.0,-0.0035194931969992904,0,4,0
2026092814,mert_v1,unweighted,0.5,temperature,47,125,0.14338788038642614,0.4510186424634563,0.0005163453604493384,-0.003003147836549952,0,4,0
2026092814,mert_v1,unweighted,0.5,platt,47,125,0.1463910282229761,0.45783312768575957,0.0035194931969992904,0.0,0,4,0
2026092814,mert_v1,unweighted,0.5,beta,47,125,0.14708034656620528,0.46083644387965983,0.00420881154022848,0.0006893183432291894,0,4,3
2026092814,mert_v1,unweighted,0.5,isotonic,47,125,0.1477845491039743,0.9544370010613642,0.004913014077997491,0.0013935208809982003,0,4,0
2026092814,mert_v1,unweighted,0.5,ridge_platt,47,125,0.1428715350259768,0.45126522002572406,0.0,-0.0035194931969992904,0,4,0
2026092814,mert_v1,unweighted,1.0,raw,94,228,0.1428715350259768,0.45126522002572406,0.0,0.000898276342201132,0,4,0
2026092814,mert_v1,unweighted,1.0,prior_offset,94,228,0.1428715350259768,0.45126522002572406,0.0,0.000898276342201132,0,4,0
2026092814,mert_v1,unweighted,1.0,temperature,94,228,0.14257941445958466,0.4508009716854285,-0.00029212056639213446,0.0006061557758089975,0,4,0
2026092814,mert_v1,unweighted,1.0,platt,94,228,0.14197325868377567,0.44773173543736544,-0.000898276342201132,0.0,0,4,0
2026092814,mert_v1,unweighted,1.0,beta,94,228,0.14317338547986863,0.45061238504625156,0.0003018504538918332,0.0012001267960929651,0,4,3
2026092814,mert_v1,unweighted,1.0,isotonic,94,228,0.14593643109353646,0.7390336094430136,0.0030648960675596637,0.003963172409760796,0,4,0
2026092814,mert_v1,unweighted,1.0,ridge_platt,94,228,0.14270020863823574,0.4507641287820427,-0.0001713263877410609,0.000726949954460071,0,4,0
2026092815,maest,ambient_balanced,0.25,raw,24,55,0.13947986336280593,0.4362476899184021,0.0,-0.005578636786392227,0,4,0
2026092815,maest,ambient_balanced,0.25,prior_offset,24,55,0.1327892949110702,0.41776132042347686,-0.00669056845173574,-0.012269205238127967,0,4,0
2026092815,maest,ambient_balanced,0.25,temperature,24,55,0.14045142781151118,0.44125971950759046,0.0009715644487052477,-0.004607072337686979,0,4,0
2026092815,maest,ambient_balanced,0.25,platt,24,55,0.14505850014919816,0.4517136983454089,0.005578636786392227,0.0,0,4,0
2026092815,maest,ambient_balanced,0.25,beta,24,55,0.14067754097244992,0.45471086384183557,0.0011976776096439823,-0.004380959176748245,0,4,4
2026092815,maest,ambient_balanced,0.25,isotonic,24,55,0.1514336679046609,1.3207389084153116,0.011953804541854962,0.006375167755462735,0,4,0
2026092815,maest,ambient_balanced,0.25,ridge_platt,24,55,0.13444299266024504,0.42066134500641006,-0.005036870702560897,-0.010615507488953124,0,4,0
2026092815,maest,ambient_balanced,0.5,raw,47,116,0.13947986336280593,0.4362476899184021,0.0,0.005985915805187314,0,4,0
2026092815,maest,ambient_balanced,0.5,prior_offset,47,116,0.1327892949110702,0.41776132042347686,-0.00669056845173574,-0.000704652646548426,0,4,0
2026092815,maest,ambient_balanced,0.5,temperature,47,116,0.14254213345928712,0.44579815405203105,0.00306227009648119,0.009048185901668504,0,4,0
2026092815,maest,ambient_balanced,0.5,platt,47,116,0.13349394755761862,0.41944305246459934,-0.005985915805187314,0.0,0,4,0
2026092815,maest,ambient_balanced,0.5,beta,47,116,0.13329547747735299,0.42102031084640285,-0.006184385885452948,-0.00019847008026563362,0,4,2
2026092815,maest,ambient_balanced,0.5,isotonic,47,116,0.13881787881974722,0.7415811331449825,-0.0006619845430587135,0.005323931262128601,0,4,0
2026092815,maest,ambient_balanced,0.5,ridge_platt,47,116,0.13090931060076788,0.4114429774250999,-0.008570552762038053,-0.002584636956850739,0,4,0
2026092815,maest,ambient_balanced,1.0,raw,94,246,0.13947986336280593,0.4362476899184021,0.0,0.007933125762480925,0,4,0
2026092815,maest,ambient_balanced,1.0,prior_offset,94,246,0.1327892949110702,0.41776132042347686,-0.00669056845173574,0.0012425573107451848,0,4,0
2026092815,maest,ambient_balanced,1.0,temperature,94,246,0.14033420631021562,0.43776500571904997,0.0008543429474096864,0.008787468709890611,0,4,0
2026092815,maest,ambient_balanced,1.0,platt,94,246,0.131546737600325,0.41344155538937766,-0.007933125762480925,0.0,0,4,0
2026092815,maest,ambient_balanced,1.0,beta,94,246,0.13005036961896646,0.410706250540662,-0.009429493743839473,-0.0014963679813585484,0,4,0
2026092815,maest,ambient_balanced,1.0,isotonic,94,246,0.13426640777611992,0.696883194200517,-0.005213455586686011,0.0027196701757949138,0,4,0
2026092815,maest,ambient_balanced,1.0,ridge_platt,94,246,0.13051796883433142,0.4104744364924847,-0.008961894528474512,-0.0010287687659935874,0,4,0
2026092815,maest,unweighted,0.25,raw,24,55,0.13262526651039602,0.4161419312800613,0.0,-0.01310616859446398,0,4,0
2026092815,maest,unweighted,0.25,prior_offset,24,55,0.13262526651039602,0.4161419312800613,0.0,-0.01310616859446398,0,4,0
2026092815,maest,unweighted,0.25,temperature,24,55,0.13450832101855437,0.42480181487478863,0.0018830545081583439,-0.011223114086305636,0,4,0
2026092815,maest,unweighted,0.25,platt,24,55,0.14573143510486,0.4540088180464641,0.01310616859446398,0.0,0,4,0
2026092815,maest,unweighted,0.25,beta,24,55,0.1423672533399641,0.45798095624265656,0.009741986829568089,-0.0033641817648958905,0,4,4
2026092815,maest,unweighted,0.25,isotonic,24,55,0.15095907474527312,1.2854282541873563,0.018333808234877097,0.005227639640413118,0,4,0
2026092815,maest,unweighted,0.25,ridge_platt,24,55,0.13262007116318494,0.4159765926681536,-5.195347211078838e-06,-0.013111363941675058,0,4,0
2026092815,maest,unweighted,0.5,raw,47,116,0.13262526651039602,0.4161419312800613,0.0,-0.0012177653133019495,0,4,0
2026092815,maest,unweighted,0.5,prior_offset,47,116,0.13262526651039602,0.4161419312800613,0.0,-0.0012177653133019495,0,4,0
2026092815,maest,unweighted,0.5,temperature,47,116,0.13507626827505653,0.42322113550581103,0.00245100176466051,0.0012332364513585603,0,4,0
2026092815,maest,unweighted,0.5,platt,47,116,0.13384303182369797,0.4204754639050797,0.0012177653133019495,0.0,0,4,0
2026092815,maest,unweighted,0.5,beta,47,116,0.13424118768299095,0.42347360352795027,0.0016159211725949307,0.00039815585929298125,0,4,2
2026092815,maest,unweighted,0.5,isotonic,47,116,0.13744400738755289,0.7027663648367156,0.004818740877156863,0.0036009755638549135,0,4,0
2026092815,maest,unweighted,0.5,ridge_platt,47,116,0.13266676204788486,0.4163738376611427,4.149553748883372e-05,-0.0011762697758131158,0,4,0
2026092815,maest,unweighted,1.0,raw,94,246,0.13262526651039602,0.4161419312800613,0.0,0.0005964375492451823,0,4,0
2026092815,maest,unweighted,1.0,prior_offset,94,246,0.13262526651039602,0.4161419312800613,0.0,0.0005964375492451823,0,4,0
2026092815,maest,unweighted,1.0,temperature,94,246,0.13294685760587385,0.4164138789111853,0.00032159109547783005,0.0009180286447230124,0,4,0
2026092815,maest,unweighted,1.0,platt,94,246,0.13202882896115084,0.41478399590341475,-0.0005964375492451823,0.0,0,4,0
2026092815,maest,unweighted,1.0,beta,94,246,0.13101183649842935,0.4131111765471744,-0.0016134300119666767,-0.0010169924627214944,0,4,1
2026092815,maest,unweighted,1.0,isotonic,94,246,0.13533611901186426,0.7348543603828429,0.0027108525014682416,0.003307290050713424,0,4,0
2026092815,maest,unweighted,1.0,ridge_platt,94,246,0.1325007058064657,0.4156962846825222,-0.00012456070393032648,0.00047187684531485585,0,4,0
2026092815,mert_v0,ambient_balanced,0.25,raw,24,55,0.15131156963259348,0.4680527276164599,0.0,-0.0011399299193231016,0,4,0
2026092815,mert_v0,ambient_balanced,0.25,prior_offset,24,55,0.14046994193904958,0.44086678173668065,-0.01084162769354391,-0.011981557612867011,0,4,0
2026092815,mert_v0,ambient_balanced,0.25,temperature,24,55,0.15188710486006193,0.4734507437179427,0.0005755352274684489,-0.0005643946918546527,0,4,0
2026092815,mert_v0,ambient_balanced,0.25,platt,24,55,0.15245149955191659,0.4729559906058125,0.0011399299193231016,0.0,0,4,0
2026092815,mert_v0,ambient_balanced,0.25,beta,24,55,0.15291605751946663,0.4855620324909084,0.001604487886873146,0.0004645579675500444,0,4,4
2026092815,mert_v0,ambient_balanced,0.25,isotonic,24,55,0.16217286726269384,1.340790654189489,0.010861297630100353,0.009721367710777251,0,4,0
2026092815,mert_v0,ambient_balanced,0.25,ridge_platt,24,55,0.14410589571902005,0.4446883945056491,-0.007205673913573435,-0.008345603832896537,0,4,0
2026092815,mert_v0,ambient_balanced,0.5,raw,47,116,0.15131156963259348,0.4680527276164599,0.0,0.010377183817537217,0,4,0
2026092815,mert_v0,ambient_balanced,0.5,prior_offset,47,116,0.14046994193904958,0.44086678173668065,-0.01084162769354391,-0.0004644438760066927,0,4,0
2026092815,mert_v0,ambient_balanced,0.5,temperature,47,116,0.1524420856361251,0.46717804113913913,0.0011305160035316175,0.011507699821068834,0,4,0
2026092815,mert_v0,ambient_balanced,0.5,platt,47,116,0.14093438581505627,0.438760521664977,-0.010377183817537217,0.0,0,4,0
2026092815,mert_v0,ambient_balanced,0.5,beta,47,116,0.14107310221820554,0.4503208958746265,-0.010238467414387942,0.00013871640314927491,0,4,2
2026092815,mert_v0,ambient_balanced,0.5,isotonic,47,116,0.14912216403576256,0.8796798389941962,-0.0021894055968309234,0.008187778220706293,0,4,0
2026092815,mert_v0,ambient_balanced,0.5,ridge_platt,47,116,0.1390452144507857,0.435208576620932,-0.012266355181807798,-0.001889171364270581,0,4,0
2026092815,mert_v0,ambient_balanced,1.0,raw,94,246,0.15131156963259348,0.4680527276164599,0.0,0.012358601660886842,0,4,0
2026092815,mert_v0,ambient_balanced,1.0,prior_offset,94,246,0.14046994193904958,0.44086678173668065,-0.01084162769354391,0.0015169739673429328,0,4,0
2026092815,mert_v0,ambient_balanced,1.0,temperature,94,246,0.15082634798489275,0.4641654866649005,-0.0004852216477007343,0.011873380013186108,0,4,0
2026092815,mert_v0,ambient_balanced,1.0,platt,94,246,0.13895296797170664,0.4348323522323915,-0.012358601660886842,0.0,0,4,0
2026092815,mert_v0,ambient_balanced,1.0,beta,94,246,0.13875225879350897,0.44337624792856856,-0.012559310839084514,-0.0002007091781976722,0,4,2
2026092815,mert_v0,ambient_balanced,1.0,isotonic,94,246,0.13895187063827663,0.6751315071584891,-0.012359698994316853,-1.0973334300112825e-06,0,4,0
2026092815,mert_v0,ambient_balanced,1.0,ridge_platt,94,246,0.1391110178072875,0.4357030892370027,-0.012200551825305994,0.00015804983558084795,0,4,0
2026092815,mert_v0,unweighted,0.25,raw,24,55,0.14081247359482388,0.441951107082338,0.0,-0.012559808061000988,0,4,0
2026092815,mert_v0,unweighted,0.25,prior_offset,24,55,0.14081247359482388,0.441951107082338,0.0,-0.012559808061000988,0,4,0
2026092815,mert_v0,unweighted,0.25,temperature,24,55,0.14261273450178502,0.4521312550175911,0.001800260906961143,-0.010759547154039845,0,4,0
2026092815,mert_v0,unweighted,0.25,platt,24,55,0.15337228165582487,0.4764674568065035,0.012559808061000988,0.0,0,4,0
2026092815,mert_v0,unweighted,0.25,beta,24,55,0.15449454003204094,0.49068826649537256,0.01368206643721706,0.0011222583762160732,0,4,4
2026092815,mert_v0,unweighted,0.25,isotonic,24,55,0.1605391636054665,1.472716553638052,0.019726690010642617,0.007166881949641629,0,4,0
2026092815,mert_v0,unweighted,0.25,ridge_platt,24,55,0.14201596355278867,0.4406028806377863,0.0012034899579647929,-0.011356318103036195,0,4,0
2026092815,mert_v0,unweighted,0.5,raw,47,116,0.14081247359482388,0.441951107082338,0.0,-0.000580970582409468,0,4,0
2026092815,mert_v0,unweighted,0.5,prior_offset,47,116,0.14081247359482388,0.441951107082338,0.0,-0.000580970582409468,0,4,0
2026092815,mert_v0,unweighted,0.5,temperature,47,116,0.14169495588677572,0.44033396687939214,0.0008824822919518416,0.0003015117095423736,0,4,0
2026092815,mert_v0,unweighted,0.5,platt,47,116,0.14139344417723335,0.44053426522611894,0.000580970582409468,0.0,0,4,0
2026092815,mert_v0,unweighted,0.5,beta,47,116,0.1419605674406173,0.45342566740679524,0.0011480938457934242,0.0005671232633839562,0,4,2
2026092815,mert_v0,unweighted,0.5,isotonic,47,116,0.14621471112493414,0.801740647526059,0.005402237530110265,0.0048212669477007974,0,4,0
2026092815,mert_v0,unweighted,0.5,ridge_platt,47,116,0.14030892005624548,0.4379575043001987,-0.000503553538578394,-0.001084524120987862,0,4,0
2026092815,mert_v0,unweighted,1.0,raw,94,246,0.14081247359482388,0.441951107082338,0.0,0.00141208646413013,0,4,0
2026092815,mert_v0,unweighted,1.0,prior_offset,94,246,0.14081247359482388,0.441951107082338,0.0,0.00141208646413013,0,4,0
2026092815,mert_v0,unweighted,1.0,temperature,94,246,0.14013004238776033,0.43761171276116323,-0.0006824312070635441,0.000729655257066586,0,4,0
2026092815,mert_v0,unweighted,1.0,platt,94,246,0.13940038713069375,0.4365545977898901,-0.00141208646413013,0.0,0,4,0
2026092815,mert_v0,unweighted,1.0,beta,94,246,0.1396376238239651,0.4464111988227051,-0.0011748497708587713,0.00023723669327135877,0,4,2
2026092815,mert_v0,unweighted,1.0,isotonic,94,246,0.13959688054591834,0.6445969864613545,-0.0012155930489055333,0.00019649341522459673,0,4,0
2026092815,mert_v0,unweighted,1.0,ridge_platt,94,246,0.14005653050475736,0.4383643040950517,-0.0007559430900665187,0.0006561433740636113,0,4,0
2026092815,mert_v1,ambient_balanced,0.25,raw,24,55,0.1506441676537454,0.4682289107946979,0.0,0.006143847904854893,0,4,0
2026092815,mert_v1,ambient_balanced,0.25,prior_offset,24,55,0.1394611373821961,0.4393559126525431,-0.011183030271549294,-0.0050391823666944,0,4,0
2026092815,mert_v1,ambient_balanced,0.25,temperature,24,55,0.1502460006929995,0.4730939889543776,-0.0003981669607458771,0.005745680944109016,0,4,0
2026092815,mert_v1,ambient_balanced,0.25,platt,24,55,0.1445003197488905,0.45829957160911317,-0.006143847904854893,0.0,0,4,0
2026092815,mert_v1,ambient_balanced,0.25,beta,24,55,0.14411716001782096,0.4609030911198507,-0.0065270076359244256,-0.00038315973106953227,0,4,1
2026092815,mert_v1,ambient_balanced,0.25,isotonic,24,55,0.15959700968411605,1.6436090009330617,0.008952842030370667,0.01509668993522556,0,4,0
2026092815,mert_v1,ambient_balanced,0.25,ridge_platt,24,55,0.1414499403766054,0.44103536317754755,-0.009194227277139977,-0.0030503793722850836,0,4,0
2026092815,mert_v1,ambient_balanced,0.5,raw,47,116,0.1506441676537454,0.4682289107946979,0.0,0.010365411674513936,0,4,0
2026092815,mert_v1,ambient_balanced,0.5,prior_offset,47,116,0.1394611373821961,0.4393559126525431,-0.011183030271549294,-0.0008176185970353578,0,4,0
2026092815,mert_v1,ambient_balanced,0.5,temperature,47,116,0.15043874578268096,0.4635917671189278,-0.00020542187106442622,0.01015998980344951,0,4,0
2026092815,mert_v1,ambient_balanced,0.5,platt,47,116,0.14027875597923145,0.4375681870913194,-0.010365411674513936,0.0,0,4,0
2026092815,mert_v1,ambient_balanced,0.5,beta,47,116,0.1398067612483364,0.4397906913125792,-0.010837406405408978,-0.0004719947308950423,0,4,1
2026092815,mert_v1,ambient_balanced,0.5,isotonic,47,116,0.1511015069017944,1.092379939534035,0.0004573392480490268,0.010822750922562963,0,4,0
2026092815,mert_v1,ambient_balanced,0.5,ridge_platt,47,116,0.13728500425949772,0.4312318376849118,-0.01335916339424767,-0.0029937517197337338,0,4,0
2026092815,mert_v1,ambient_balanced,1.0,raw,94,246,0.1506441676537454,0.4682289107946979,0.0,0.013504636350466698,0,4,0
2026092815,mert_v1,ambient_balanced,1.0,prior_offset,94,246,0.1394611373821961,0.4393559126525431,-0.011183030271549294,0.0023216060789174042,0,4,0
2026092815,mert_v1,ambient_balanced,1.0,temperature,94,246,0.1493679548369871,0.46229118532673286,-0.0012762128167582987,0.012228423533708399,0,4,0
2026092815,mert_v1,ambient_balanced,1.0,platt,94,246,0.1371395313032787,0.43153985245755666,-0.013504636350466698,0.0,0,4,0
2026092815,mert_v1,ambient_balanced,1.0,beta,94,246,0.13641913900812094,0.4332271071004286,-0.014225028645624443,-0.0007203922951577457,0,4,2
2026092815,mert_v1,ambient_balanced,1.0,isotonic,94,246,0.14249109932222684,0.8600598523291794,-0.008153068331518548,0.00535156801894815,0,4,0
2026092815,mert_v1,ambient_balanced,1.0,ridge_platt,94,246,0.13794799337907826,0.43494631107943765,-0.012696174274667127,0.0008084620757995709,0,4,0
2026092815,mert_v1,unweighted,0.25,raw,24,55,0.13974253334924108,0.4406328008105079,0.0,-0.005643489256934059,0,4,0
2026092815,mert_v1,unweighted,0.25,prior_offset,24,55,0.13974253334924108,0.4406328008105079,0.0,-0.005643489256934059,0,4,0
2026092815,mert_v1,unweighted,0.25,temperature,24,55,0.14091717803545464,0.45137745739620605,0.0011746446862135607,-0.004468844570720498,0,4,0
2026092815,mert_v1,unweighted,0.25,platt,24,55,0.14538602260617514,0.46204507986006355,0.005643489256934059,0.0,0,4,0
2026092815,mert_v1,unweighted,0.25,beta,24,55,0.14567345561601147,0.46592217343115927,0.005930922266770389,0.0002874330098363298,0,4,1
2026092815,mert_v1,unweighted,0.25,isotonic,24,55,0.15830636401197148,1.7100116349440617,0.0185638306627304,0.012920341405796343,0,4,0
2026092815,mert_v1,unweighted,0.25,ridge_platt,24,55,0.1395329262134201,0.4368793135256505,-0.00020960713582099388,-0.005853096392755053,0,4,0
2026092815,mert_v1,unweighted,0.5,raw,47,116,0.13974253334924108,0.4406328008105079,0.0,-0.0009502936059227196,0,4,0
2026092815,mert_v1,unweighted,0.5,prior_offset,47,116,0.13974253334924108,0.4406328008105079,0.0,-0.0009502936059227196,0,4,0
2026092815,mert_v1,unweighted,0.5,temperature,47,116,0.13956688350622354,0.43607215280891565,-0.0001756498430175446,-0.0011259434489402642,0,4,0
2026092815,mert_v1,unweighted,0.5,platt,47,116,0.1406928269551638,0.4391430154866854,0.0009502936059227196,0.0,0,4,0
2026092815,mert_v1,unweighted,0.5,beta,47,116,0.1405415828713343,0.4423683805994111,0.0007990495220932259,-0.00015124408382949373,0,4,1
2026092815,mert_v1,unweighted,0.5,isotonic,47,116,0.14937991193243247,1.0878402591773433,0.009637378583191386,0.008687084977268666,0,4,0
2026092815,mert_v1,unweighted,0.5,ridge_platt,47,116,0.138423250180627,0.43361141214175536,-0.0013192831686140716,-0.002269576774536791,0,4,0
2026092815,mert_v1,unweighted,1.0,raw,94,246,0.13974253334924108,0.4406328008105079,0.0,0.002130466278197962,0,4,0
2026092815,mert_v1,unweighted,1.0,prior_offset,94,246,0.13974253334924108,0.4406328008105079,0.0,0.002130466278197962,0,4,0
2026092815,mert_v1,unweighted,1.0,temperature,94,246,0.13837628723688344,0.4346558467868473,-0.0013662461123576386,0.0007642201658403236,0,4,0
2026092815,mert_v1,unweighted,1.0,platt,94,246,0.13761206707104312,0.43321443691617095,-0.002130466278197962,0.0,0,4,0
2026092815,mert_v1,unweighted,1.0,beta,94,246,0.13734157530878702,0.4363543571612097,-0.0024009580404540654,-0.00027049176225610316,0,4,2
2026092815,mert_v1,unweighted,1.0,isotonic,94,246,0.14314034862372824,0.7930768705891481,0.0033978152744871537,0.005528281552685116,0,4,0
2026092815,mert_v1,unweighted,1.0,ridge_platt,94,246,0.13900087155280028,0.4374980997438112,-0.0007416617964408068,0.0013888044817571554,0,4,0
2026092816,maest,ambient_balanced,0.25,raw,24,49,0.13927856474249856,0.43255662564990943,0.0,0.008926854559543451,0,4,0
2026092816,maest,ambient_balanced,0.25,prior_offset,24,49,0.12565009907011096,0.3989970574934786,-0.013628465672387596,-0.004701611112844145,0,4,0
2026092816,maest,ambient_balanced,0.25,temperature,24,49,0.14122634266432452,0.43592701152760355,0.0019477779218259605,0.010874632481369412,0,4,0
2026092816,maest,ambient_balanced,0.25,platt,24,49,0.1303517101829551,0.41063671321415374,-0.008926854559543451,0.0,0,4,0
2026092816,maest,ambient_balanced,0.25,beta,24,49,0.12802415787000576,0.41898602223478715,-0.011254406872492795,-0.0023275523129493436,0,4,4
2026092816,maest,ambient_balanced,0.25,isotonic,24,49,0.1402735582392037,2.0591915678697887,0.0009949934967051488,0.0099218480562486,0,4,0
2026092816,maest,ambient_balanced,0.25,ridge_platt,24,49,0.1253894707404111,0.3980265700476506,-0.01388909400208746,-0.004962239442544009,0,4,0
2026092816,maest,ambient_balanced,0.5,raw,47,114,0.13927856474249856,0.43255662564990943,0.0,0.009890575358583398,0,4,0
2026092816,maest,ambient_balanced,0.5,prior_offset,47,114,0.12565009907011096,0.3989970574934786,-0.013628465672387596,-0.0037378903138041986,0,4,0
2026092816,maest,ambient_balanced,0.5,temperature,47,114,0.143306562860662,0.4446204196749669,0.004027998118163456,0.013918573476746854,0,4,0
2026092816,maest,ambient_balanced,0.5,platt,47,114,0.12938798938391516,0.40970650628380484,-0.009890575358583398,0.0,0,4,0
2026092816,maest,ambient_balanced,0.5,beta,47,114,0.12985056678988716,0.41069920695365947,-0.0094279979526114,0.0004625774059719978,0,4,3
2026092816,maest,ambient_balanced,0.5,isotonic,47,114,0.13366270853408926,0.7219186776974937,-0.005615856208409292,0.0042747191501741055,0,4,0
2026092816,maest,ambient_balanced,0.5,ridge_platt,47,114,0.1263689229000686,0.39916298707865516,-0.012909641842429959,-0.003019066483846561,0,4,0
2026092816,maest,ambient_balanced,1.0,raw,94,234,0.13927856474249856,0.43255662564990943,0.0,0.012095460649829332,0,4,0
2026092816,maest,ambient_balanced,1.0,prior_offset,94,234,0.12565009907011096,0.3989970574934786,-0.013628465672387596,-0.0015330050225582648,0,4,0
2026092816,maest,ambient_balanced,1.0,temperature,94,234,0.14052182704684568,0.43567399094755116,0.0012432623043471258,0.013338722954176457,0,4,0
2026092816,maest,ambient_balanced,1.0,platt,94,234,0.12718310409266922,0.4022749884608412,-0.012095460649829332,0.0,0,4,0
2026092816,maest,ambient_balanced,1.0,beta,94,234,0.1275775181099054,0.40354088393422793,-0.011701046632593165,0.00039441401723616654,0,4,1
2026092816,maest,ambient_balanced,1.0,isotonic,94,234,0.12969128090415527,0.5605609472190736,-0.009587283838343286,0.002508176811486046,0,4,0
2026092816,maest,ambient_balanced,1.0,ridge_platt,94,234,0.12546982065645584,0.39735249237405024,-0.013808744086042712,-0.0017132834362133809,0,4,0
2026092816,maest,unweighted,0.25,raw,24,49,0.12577019503101403,0.3986440379056687,0.0,-0.004413074692739383,0,4,0
2026092816,maest,unweighted,0.25,prior_offset,24,49,0.12577019503101403,0.3986440379056687,0.0,-0.004413074692739383,0,4,0
2026092816,maest,unweighted,0.25,temperature,24,49,0.12705101042154385,0.4006555436166921,0.0012808153905298214,-0.0031322593022095613,0,4,0
2026092816,maest,unweighted,0.25,platt,24,49,0.1301832697237534,0.4097083167051464,0.004413074692739383,0.0,0,4,0
2026092816,maest,unweighted,0.25,beta,24,49,0.12789197536837854,0.41173115753242906,0.002121780337364515,-0.0022912943553748677,0,4,4
2026092816,maest,unweighted,0.25,isotonic,24,49,0.1409288246518436,2.187916677958933,0.015158629620829561,0.010745554928090179,0,4,0
2026092816,maest,unweighted,0.25,ridge_platt,24,49,0.12584360241108478,0.400115212388348,7.34073800707502e-05,-0.0043396673126686325,0,4,0
2026092816,maest,unweighted,0.5,raw,47,114,0.12577019503101403,0.3986440379056687,0.0,-0.003578834787717561,0,4,0
2026092816,maest,unweighted,0.5,prior_offset,47,114,0.12577019503101403,0.3986440379056687,0.0,-0.003578834787717561,0,4,0
2026092816,maest,unweighted,0.5,temperature,47,114,0.12889400897200082,0.4085982014272337,0.0031238139409867915,-0.00045502084673076926,0,4,0
2026092816,maest,unweighted,0.5,platt,47,114,0.1293490298187316,0.40953904934302143,0.003578834787717561,0.0,0,4,0
2026092816,maest,unweighted,0.5,beta,47,114,0.1297858126114052,0.4101699578916187,0.004015617580391179,0.00043678279267361786,0,4,3
2026092816,maest,unweighted,0.5,isotonic,47,114,0.1334262402955244,0.7215464426385763,0.007656045264510386,0.004077210476792825,0,4,0
2026092816,maest,unweighted,0.5,ridge_platt,47,114,0.126333778907188,0.3989926983250115,0.0005635838761739731,-0.0030152509115435877,0,4,0
2026092816,maest,unweighted,1.0,raw,94,234,0.12577019503101403,0.3986440379056687,0.0,-0.0012848457468924435,0,4,0
2026092816,maest,unweighted,1.0,prior_offset,94,234,0.12577019503101403,0.3986440379056687,0.0,-0.0012848457468924435,0,4,0
2026092816,maest,unweighted,1.0,temperature,94,234,0.12742303448547282,0.4033578680233795,0.0016528394544587932,0.00036799370756634975,0,4,0
2026092816,maest,unweighted,1.0,platt,94,234,0.12705504077790647,0.4018778508938736,0.0012848457468924435,0.0,0,4,0
2026092816,maest,unweighted,1.0,beta,94,234,0.12740733017651748,0.40220677386109394,0.0016371351455034544,0.00035228939861101094,0,4,1
2026092816,maest,unweighted,1.0,isotonic,94,234,0.1291251696835843,0.5591537972715716,0.003354974652570286,0.0020701289056778427,0,4,0
2026092816,maest,unweighted,1.0,ridge_platt,94,234,0.1251811307060392,0.39636244020660766,-0.0005890643249748251,-0.0018739100718672685,0,4,0
2026092816,mert_v0,ambient_balanced,0.25,raw,24,49,0.15600803366124588,0.4790004666718601,0.0,0.008330232781675329,0,4,0
2026092816,mert_v0,ambient_balanced,0.25,prior_offset,24,49,0.14124854766754816,0.44141211058158675,-0.014759485993697724,-0.0064292532120223955,0,4,0
2026092816,mert_v0,ambient_balanced,0.25,temperature,24,49,0.1621648669602813,0.5012527278823713,0.006156833299035408,0.014487066080710737,0,4,0
2026092816,mert_v0,ambient_balanced,0.25,platt,24,49,0.14767780087957055,0.4821518294307119,-0.008330232781675329,0.0,0,4,0
2026092816,mert_v0,ambient_balanced,0.25,beta,24,49,0.1487468590868251,0.49280794906533826,-0.00726117457442077,0.0010690582072545585,0,4,3
2026092816,mert_v0,ambient_balanced,0.25,isotonic,24,49,0.15437823117173968,1.8123624961514802,-0.001629802489506199,0.0067004302921691294,0,4,0
2026092816,mert_v0,ambient_balanced,0.25,ridge_platt,24,49,0.142688451503023,0.44799436589595926,-0.013319582158222876,-0.004989349376547547,0,4,0
2026092816,mert_v0,ambient_balanced,0.5,raw,47,114,0.15600803366124588,0.4790004666718601,0.0,0.010984068927033686,0,4,0
2026092816,mert_v0,ambient_balanced,0.5,prior_offset,47,114,0.14124854766754816,0.44141211058158675,-0.014759485993697724,-0.0037754170666640385,0,4,0
2026092816,mert_v0,ambient_balanced,0.5,temperature,47,114,0.16316283865153092,0.49813867230963704,0.007154804990285035,0.01813887391731872,0,4,0
2026092816,mert_v0,ambient_balanced,0.5,platt,47,114,0.1450239647342122,0.45566798121034957,-0.010984068927033686,0.0,0,4,0
2026092816,mert_v0,ambient_balanced,0.5,beta,47,114,0.145562635208348,0.45445649718947745,-0.01044539845289788,0.000538670474135805,0,4,2
2026092816,mert_v0,ambient_balanced,0.5,isotonic,47,114,0.1486011760769701,0.7999770027336319,-0.007406857584275783,0.003577211342757902,0,4,0
2026092816,mert_v0,ambient_balanced,0.5,ridge_platt,47,114,0.14278142425257445,0.4476079153501449,-0.01322660940867143,-0.0022425404816377448,0,4,0
2026092816,mert_v0,ambient_balanced,1.0,raw,94,234,0.15600803366124588,0.4790004666718601,0.0,0.015193884097958271,0,4,0
2026092816,mert_v0,ambient_balanced,1.0,prior_offset,94,234,0.14124854766754816,0.44141211058158675,-0.014759485993697724,0.00043439810426054715,0,4,0
2026092816,mert_v0,ambient_balanced,1.0,temperature,94,234,0.15829475607500165,0.4837285428470771,0.0022867224137557707,0.017480606511714042,0,4,0
2026092816,mert_v0,ambient_balanced,1.0,platt,94,234,0.1408141495632876,0.44121206781877786,-0.015193884097958271,0.0,0,4,0
2026092816,mert_v0,ambient_balanced,1.0,beta,94,234,0.14040247372351938,0.43897516982611645,-0.015605559937726499,-0.0004116758397682274,0,4,1
2026092816,mert_v0,ambient_balanced,1.0,isotonic,94,234,0.14093682413320663,0.6557715632761185,-0.015071209528039253,0.00012267456991901793,0,4,0
2026092816,mert_v0,ambient_balanced,1.0,ridge_platt,94,234,0.14100448467674057,0.44053865884128135,-0.015003548984505316,0.00019033511345295517,0,4,0
2026092816,mert_v0,unweighted,0.25,raw,24,49,0.14077913473767262,0.44036738635640194,0.0,-0.0065853907761726505,0,4,0
2026092816,mert_v0,unweighted,0.25,prior_offset,24,49,0.14077913473767262,0.44036738635640194,0.0,-0.0065853907761726505,0,4,0
2026092816,mert_v0,unweighted,0.25,temperature,24,49,0.1467449993086501,0.4629628978984667,0.005965864570977475,-0.0006195262051951755,0,4,0
2026092816,mert_v0,unweighted,0.25,platt,24,49,0.14736452551384527,0.4813426414323796,0.0065853907761726505,0.0,0,4,0
2026092816,mert_v0,unweighted,0.25,beta,24,49,0.14827166883188148,0.4884497305271985,0.007492534094208858,0.0009071433180362076,0,4,3
2026092816,mert_v0,unweighted,0.25,isotonic,24,49,0.15197001069757476,1.7418138377699737,0.011190875959902147,0.004605485183729496,0,4,0
2026092816,mert_v0,unweighted,0.25,ridge_platt,24,49,0.1428927153491608,0.44795384086412415,0.0021135806114881694,-0.004471810164684481,0,4,0
2026092816,mert_v0,unweighted,0.5,raw,47,114,0.14077913473767262,0.44036738635640194,0.0,-0.004183467963268295,0,4,0
2026092816,mert_v0,unweighted,0.5,prior_offset,47,114,0.14077913473767262,0.44036738635640194,0.0,-0.004183467963268295,0,4,0
2026092816,mert_v0,unweighted,0.5,temperature,47,114,0.14514014987308113,0.45382944948020154,0.004361015135408514,0.00017754717214021887,0,4,0
2026092816,mert_v0,unweighted,0.5,platt,47,114,0.1449626027009409,0.45558146888483664,0.004183467963268295,0.0,0,4,0
2026092816,mert_v0,unweighted,0.5,beta,47,114,0.14576415950422902,0.4552777838495097,0.004985024766556406,0.0008015568032881115,0,4,2
2026092816,mert_v0,unweighted,0.5,isotonic,47,114,0.14836381992659323,0.7988030347884736,0.007584685188920609,0.0034012172256523143,0,4,0
2026092816,mert_v0,unweighted,0.5,ridge_platt,47,114,0.14272006221930317,0.447521403024632,0.00194092748163055,-0.0022425404816377448,0,4,0
2026092816,mert_v0,unweighted,1.0,raw,94,234,0.14077913473767262,0.44036738635640194,0.0,0.0001522875234521992,0,4,0
2026092816,mert_v0,unweighted,1.0,prior_offset,94,234,0.14077913473767262,0.44036738635640194,0.0,0.0001522875234521992,0,4,0
2026092816,mert_v0,unweighted,1.0,temperature,94,234,0.14259653625096863,0.44471544306551375,0.001817401513296013,0.0019696890367482123,0,4,0
2026092816,mert_v0,unweighted,1.0,platt,94,234,0.14062684721422042,0.4407928512817339,-0.0001522875234521992,0.0,0,4,0
2026092816,mert_v0,unweighted,1.0,beta,94,234,0.14054217155758955,0.4394613564732737,-0.00023696318008306627,-8.467565663086707e-05,0,4,1
2026092816,mert_v0,unweighted,1.0,isotonic,94,234,0.14041925421163448,0.6537808481392697,-0.0003598805260381366,-0.00020759300258593738,0,4,0
2026092816,mert_v0,unweighted,1.0,ridge_platt,94,234,0.14146741317790587,0.4406126196202567,0.0006882784402332531,0.0008405659636854523,0,4,0
2026092816,mert_v1,ambient_balanced,0.25,raw,24,49,0.1576919361103717,0.48347753907259383,0.0,0.006987750011038213,0,4,0
2026092816,mert_v1,ambient_balanced,0.25,prior_offset,24,49,0.1406499290159976,0.43923156988079765,-0.01704200709437409,-0.010054257083335877,0,4,0
2026092816,mert_v1,ambient_balanced,0.25,temperature,24,49,0.16721507357679796,0.5319559370396842,0.009523137466426274,0.016510887477464486,0,4,0
2026092816,mert_v1,ambient_balanced,0.25,platt,24,49,0.15070418609933348,0.5096370556804811,-0.006987750011038213,0.0,0,4,0
2026092816,mert_v1,ambient_balanced,0.25,beta,24,49,0.14737284069937648,0.518133465870105,-0.01031909541099521,-0.0033313453999569975,0,4,4
2026092816,mert_v1,ambient_balanced,0.25,isotonic,24,49,0.15683342620391866,2.3653128380512767,-0.000858509906453031,0.006129240104585182,0,4,0
2026092816,mert_v1,ambient_balanced,0.25,ridge_platt,24,49,0.14798962215952202,0.5034797733316629,-0.009702313950849667,-0.002714563939811454,0,4,0
2026092816,mert_v1,ambient_balanced,0.5,raw,47,114,0.1576919361103717,0.48347753907259383,0.0,0.012637361858719831,0,4,0
2026092816,mert_v1,ambient_balanced,0.5,prior_offset,47,114,0.1406499290159976,0.43923156988079765,-0.01704200709437409,-0.004404645235654259,0,4,0
2026092816,mert_v1,ambient_balanced,0.5,temperature,47,114,0.1662228207403686,0.5063990169354499,0.008530884629996904,0.021168246488716735,0,4,0
2026092816,mert_v1,ambient_balanced,0.5,platt,47,114,0.14505457425165186,0.4584803765297981,-0.012637361858719831,0.0,0,4,0
2026092816,mert_v1,ambient_balanced,0.5,beta,47,114,0.145792576231793,0.45945542459408584,-0.01189935987857868,0.0007380019801411508,0,4,3
2026092816,mert_v1,ambient_balanced,0.5,isotonic,47,114,0.15020646848146976,0.906652072901949,-0.007485467628901926,0.005151894229817905,0,4,0
2026092816,mert_v1,ambient_balanced,0.5,ridge_platt,47,114,0.14323342083575522,0.4521233069956031,-0.014458515274616474,-0.0018211534158966425,0,4,0
2026092816,mert_v1,ambient_balanced,1.0,raw,94,234,0.1576919361103717,0.48347753907259383,0.0,0.017635208241563588,0,4,0
2026092816,mert_v1,ambient_balanced,1.0,prior_offset,94,234,0.1406499290159976,0.43923156988079765,-0.01704200709437409,0.0005932011471894982,0,4,0
2026092816,mert_v1,ambient_balanced,1.0,temperature,94,234,0.15953467393985005,0.4858673015717814,0.001842737829478358,0.019477946071041946,0,4,0
2026092816,mert_v1,ambient_balanced,1.0,platt,94,234,0.1400567278688081,0.4385783158171085,-0.017635208241563588,0.0,0,4,0
2026092816,mert_v1,ambient_balanced,1.0,beta,94,234,0.13910465143681078,0.43633375030501903,-0.01858728467356091,-0.000952076431997323,0,4,2
2026092816,mert_v1,ambient_balanced,1.0,isotonic,94,234,0.13617671371312548,0.5808532146700237,-0.02151522239724621,-0.0038800141556826206,0,4,0
2026092816,mert_v1,ambient_balanced,1.0,ridge_platt,94,234,0.14005568487704778,0.4373790024517603,-0.017636251233323907,-1.0429917603194117e-06,0,4,0
2026092816,mert_v1,unweighted,0.25,raw,24,49,0.14035444762834862,0.4389497653531667,0.0,-0.010067980375816798,0,4,0
2026092816,mert_v1,unweighted,0.25,prior_offset,24,49,0.14035444762834862,0.4389497653531667,0.0,-0.010067980375816798,0,4,0
2026092816,mert_v1,unweighted,0.25,temperature,24,49,0.14991410041546555,0.48889238412475033,0.009559652787116929,-0.0005083275886998695,0,4,0
2026092816,mert_v1,unweighted,0.25,platt,24,49,0.15042242800416541,0.5089292595269843,0.010067980375816798,0.0,0,4,0
2026092816,mert_v1,unweighted,0.25,beta,24,49,0.14734127379965148,0.5155003255576095,0.006986826171302862,-0.003081154204513936,0,4,4
2026092816,mert_v1,unweighted,0.25,isotonic,24,49,0.15776873775981062,2.244581996231723,0.017414290131462007,0.007346309755645208,0,4,0
2026092816,mert_v1,unweighted,0.25,ridge_platt,24,49,0.1486987240529997,0.5047005977875073,0.008344276424651076,-0.0017237039511657226,0,4,0
2026092816,mert_v1,unweighted,0.5,raw,47,114,0.14035444762834862,0.4389497653531667,0.0,-0.004608198529836266,0,4,0
2026092816,mert_v1,unweighted,0.5,prior_offset,47,114,0.14035444762834862,0.4389497653531667,0.0,-0.004608198529836266,0,4,0
2026092816,mert_v1,unweighted,0.5,temperature,47,114,0.14563177416600254,0.4565377560690775,0.00527732653765392,0.0006691280078176542,0,4,0
2026092816,mert_v1,unweighted,0.5,platt,47,114,0.14496264615818488,0.4582116457114611,0.004608198529836266,0.0,0,4,0
2026092816,mert_v1,unweighted,0.5,beta,47,114,0.14599324886401444,0.46029059152257573,0.005638801235665819,0.001030602705829553,0,4,3
2026092816,mert_v1,unweighted,0.5,isotonic,47,114,0.15004645215173926,0.9056142870122118,0.00969200452339064,0.0050838059935543745,0,4,0
2026092816,mert_v1,unweighted,0.5,ridge_platt,47,114,0.14314149274228824,0.4518545761772661,0.0027870451139396235,-0.0018211534158966425,0,4,0
2026092816,mert_v1,unweighted,1.0,raw,94,234,0.14035444762834862,0.4389497653531667,0.0,0.00047741410884047375,0,4,0
2026092816,mert_v1,unweighted,1.0,prior_offset,94,234,0.14035444762834862,0.4389497653531667,0.0,0.00047741410884047375,0,4,0
2026092816,mert_v1,unweighted,1.0,temperature,94,234,0.14234463799078936,0.4433121950672978,0.001990190362440747,0.0024676044712812206,0,4,0
2026092816,mert_v1,unweighted,1.0,platt,94,234,0.13987703351950814,0.438305356434306,-0.00047741410884047375,0.0,0,4,0
2026092816,mert_v1,unweighted,1.0,beta,94,234,0.13933579027983267,0.4369703115808046,-0.0010186573485159445,-0.0005412432396754707,0,4,2
2026092816,mert_v1,unweighted,1.0,isotonic,94,234,0.13593279461086102,0.579640002576383,-0.004421653017487592,-0.003944238908647119,0,4,0
2026092816,mert_v1,unweighted,1.0,ridge_platt,94,234,0.14077792522870602,0.4379511398677687,0.0004234776003574081,0.0009008917091978819,0,4,0
2026092817,maest,ambient_balanced,0.25,raw,24,67,0.13394550768491897,0.419875662478343,0.0,-0.01031461918406601,0,4,0
2026092817,maest,ambient_balanced,0.25,prior_offset,24,67,0.12777693576979715,0.4055852474871383,-0.006168571915121823,-0.016483191099187833,0,4,0
2026092817,maest,ambient_balanced,0.25,temperature,24,67,0.1353669820638311,0.42605801686028194,0.0014214743789121298,-0.00889314480515388,0,4,0
2026092817,maest,ambient_balanced,0.25,platt,24,67,0.14426012686898498,0.45145876259560663,0.01031461918406601,0.0,0,4,0
2026092817,maest,ambient_balanced,0.25,beta,24,67,0.1464689048957346,0.48258136782549677,0.012523397210815634,0.002208778026749625,0,4,2
2026092817,maest,ambient_balanced,0.25,isotonic,24,67,0.14654285214576313,1.611578789146637,0.012597344460844151,0.0022827252767781414,0,4,0
2026092817,maest,ambient_balanced,0.25,ridge_platt,24,67,0.13494988301564928,0.4253372464701982,0.001004375330730306,-0.009310243853335703,0,4,0
2026092817,maest,ambient_balanced,0.5,raw,47,118,0.13394550768491897,0.419875662478343,0.0,0.002664630486054864,0,4,0
2026092817,maest,ambient_balanced,0.5,prior_offset,47,118,0.12777693576979715,0.4055852474871383,-0.006168571915121823,-0.003503941429066959,0,4,0
2026092817,maest,ambient_balanced,0.5,temperature,47,118,0.13455640234257968,0.423066357992384,0.0006108946576607044,0.0032755251437155686,0,4,0
2026092817,maest,ambient_balanced,0.5,platt,47,118,0.1312808771988641,0.416134843749804,-0.002664630486054864,0.0,0,4,0
2026092817,maest,ambient_balanced,0.5,beta,47,118,0.1331903422666358,0.4237698292012381,-0.000755165418283188,0.0019094650677716762,0,4,1
2026092817,maest,ambient_balanced,0.5,isotonic,47,118,0.1351563833869059,0.8108423844952913,0.0012108757019869132,0.0038755061880417774,0,4,0
2026092817,maest,ambient_balanced,0.5,ridge_platt,47,118,0.12783020130754433,0.40549189125750684,-0.006115306377374646,-0.003450675891319782,0,4,0
2026092817,maest,ambient_balanced,1.0,raw,94,239,0.13394550768491897,0.419875662478343,0.0,0.004369777542473002,0,4,0
2026092817,maest,ambient_balanced,1.0,prior_offset,94,239,0.12777693576979715,0.4055852474871383,-0.006168571915121823,-0.001798794372648821,0,4,0
2026092817,maest,ambient_balanced,1.0,temperature,94,239,0.13425993693248425,0.42153911840260183,0.0003144292475652788,0.004684206790038281,0,4,0
2026092817,maest,ambient_balanced,1.0,platt,94,239,0.12957573014244597,0.4100272318685634,-0.004369777542473002,0.0,0,4,0
2026092817,maest,ambient_balanced,1.0,beta,94,239,0.13118131029690855,0.41770357815126224,-0.0027641973880104254,0.001605580154462577,0,4,0
2026092817,maest,ambient_balanced,1.0,isotonic,94,239,0.1312868926326263,0.7378450950983874,-0.0026586150522926733,0.001711162490180329,0,4,0
2026092817,maest,ambient_balanced,1.0,ridge_platt,94,239,0.12911477551682193,0.4082288445036821,-0.0048307321680970405,-0.0004609546256240382,0,4,0
2026092817,maest,unweighted,0.25,raw,24,67,0.12707403624674107,0.4031252942070308,0.0,-0.016444032659178598,0,4,0
2026092817,maest,unweighted,0.25,prior_offset,24,67,0.12707403624674107,0.4031252942070308,0.0,-0.016444032659178598,0,4,0
2026092817,maest,unweighted,0.25,temperature,24,67,0.1286875433238464,0.40989495387397074,0.0016135070771053361,-0.014830525582073262,0,4,0
2026092817,maest,unweighted,0.25,platt,24,67,0.14351806890591967,0.4496937154532819,0.016444032659178598,0.0,0,4,0
2026092817,maest,unweighted,0.25,beta,24,67,0.1453038317611246,0.4802422949195407,0.01822979551438353,0.001785762855204931,0,4,2
2026092817,maest,unweighted,0.25,isotonic,24,67,0.14896620823537732,1.61594546093794,0.021892171988636244,0.005448139329457646,0,4,0
2026092817,maest,unweighted,0.25,ridge_platt,24,67,0.13264989733948895,0.41785271828836573,0.00557586109274788,-0.010868171566430718,0,4,0
2026092817,maest,unweighted,0.5,raw,47,118,0.12707403624674107,0.4031252942070308,0.0,-0.003976230515866458,0,4,0
2026092817,maest,unweighted,0.5,prior_offset,47,118,0.12707403624674107,0.4031252942070308,0.0,-0.003976230515866458,0,4,0
2026092817,maest,unweighted,0.5,temperature,47,118,0.12815275318244773,0.40839521743020735,0.0010787169357066584,-0.0028975135801597995,0,4,0
2026092817,maest,unweighted,0.5,platt,47,118,0.13105026676260753,0.4154227814981915,0.003976230515866458,0.0,0,4,0
2026092817,maest,unweighted,0.5,beta,47,118,0.13223084751306266,0.42146326064211986,0.005156811266321587,0.0011805807504551291,0,4,1
2026092817,maest,unweighted,0.5,isotonic,47,118,0.13470428249349253,0.8088730479876224,0.00763024624675146,0.003654015730885002,0,4,0
2026092817,maest,unweighted,0.5,ridge_platt,47,118,0.12716082241169124,0.4037362613623838,8.678616495017e-05,-0.003889444350916288,0,4,0
2026092817,maest,unweighted,1.0,raw,94,239,0.12707403624674107,0.4031252942070308,0.0,-0.00218963079789683,0,4,0
2026092817,maest,unweighted,1.0,prior_offset,94,239,0.12707403624674107,0.4031252942070308,0.0,-0.00218963079789683,0,4,0
2026092817,maest,unweighted,1.0,temperature,94,239,0.12732535186984248,0.40429033976643514,0.00025131562310140576,-0.0019383151747954241,0,4,0
2026092817,maest,unweighted,1.0,platt,94,239,0.1292636670446379,0.40931684037348376,0.00218963079789683,0.0,0,4,0
2026092817,maest,unweighted,1.0,beta,94,239,0.13068067735540556,0.41657982693270623,0.003606641108664488,0.001417010310767658,0,4,1
2026092817,maest,unweighted,1.0,isotonic,94,239,0.13066670043185083,0.7361588179917424,0.0035926641851097563,0.0014030333872129264,0,4,0
2026092817,maest,unweighted,1.0,ridge_platt,94,239,0.12880271241901387,0.40751845300860245,0.0017286761722727917,-0.0004609546256240382,0,4,0
2026092817,mert_v0,ambient_balanced,0.25,raw,24,67,0.15155504154096103,0.4704871467250034,0.0,-0.0009875507621371626,0,4,0
2026092817,mert_v0,ambient_balanced,0.25,prior_offset,24,67,0.14296235789761982,0.4486066931506926,-0.008592683643341203,-0.009580234405478366,0,4,0
2026092817,mert_v0,ambient_balanced,0.25,temperature,24,67,0.1505448071816627,0.46746898909915074,-0.0010102343592983398,-0.0019977851214355025,0,4,0
2026092817,mert_v0,ambient_balanced,0.25,platt,24,67,0.1525425923030982,0.4722014844409674,0.0009875507621371626,0.0,0,4,0
2026092817,mert_v0,ambient_balanced,0.25,beta,24,67,0.15672374993680196,0.4882777271072755,0.0051687083958409374,0.004181157633703775,0,4,2
2026092817,mert_v0,ambient_balanced,0.25,isotonic,24,67,0.17171820626874446,1.8463396616312315,0.020163164727783428,0.019175613965646265,0,4,0
2026092817,mert_v0,ambient_balanced,0.25,ridge_platt,24,67,0.14254123543265246,0.4478534769085091,-0.00901380610830857,-0.010001356870445732,0,4,0
2026092817,mert_v0,ambient_balanced,0.5,raw,47,118,0.15155504154096103,0.4704871467250034,0.0,0.00672087145402353,0,4,0
2026092817,mert_v0,ambient_balanced,0.5,prior_offset,47,118,0.14296235789761982,0.4486066931506926,-0.008592683643341203,-0.0018718121893176731,0,4,0
2026092817,mert_v0,ambient_balanced,0.5,temperature,47,118,0.15103337978066717,0.46932694272821296,-0.0005216617602938622,0.006199209693729668,0,4,0
2026092817,mert_v0,ambient_balanced,0.5,platt,47,118,0.1448341700869375,0.4532892717179965,-0.00672087145402353,0.0,0,4,0
2026092817,mert_v0,ambient_balanced,0.5,beta,47,118,0.14482023762774474,0.45309741477166876,-0.006734803913216292,-1.3932459192761426e-05,0,4,2
2026092817,mert_v0,ambient_balanced,0.5,isotonic,47,118,0.14793766867053265,0.849276604427882,-0.003617372870428376,0.0031034985835951545,0,4,0
2026092817,mert_v0,ambient_balanced,0.5,ridge_platt,47,118,0.14243986622672727,0.44764555103499254,-0.009115175314233753,-0.002394303860210223,0,4,0
2026092817,mert_v0,ambient_balanced,1.0,raw,94,239,0.15155504154096103,0.4704871467250034,0.0,0.009434764403193435,0,4,0
2026092817,mert_v0,ambient_balanced,1.0,prior_offset,94,239,0.14296235789761982,0.4486066931506926,-0.008592683643341203,0.0008420807598522317,0,4,0
2026092817,mert_v0,ambient_balanced,1.0,temperature,94,239,0.15077541504734332,0.4682646192377161,-0.0007796264936177077,0.008655137909575727,0,4,0
2026092817,mert_v0,ambient_balanced,1.0,platt,94,239,0.1421202771377676,0.4455374811151625,-0.009434764403193435,0.0,0,4,0
2026092817,mert_v0,ambient_balanced,1.0,beta,94,239,0.14197206225650535,0.4451358730684388,-0.009582979284455673,-0.00014821488126223747,0,4,2
2026092817,mert_v0,ambient_balanced,1.0,isotonic,94,239,0.14499059221884494,0.6144183792733355,-0.006564449322116084,0.0028703150810773514,0,4,0
2026092817,mert_v0,ambient_balanced,1.0,ridge_platt,94,239,0.14334124597901543,0.4491475463857406,-0.008213795561945597,0.0012209688412478381,0,4,0
2026092817,mert_v0,unweighted,0.25,raw,24,67,0.1424506894068714,0.4470462966699809,0.0,-0.009574734773119598,0,4,0
2026092817,mert_v0,unweighted,0.25,prior_offset,24,67,0.1424506894068714,0.4470462966699809,0.0,-0.009574734773119598,0,4,0
2026092817,mert_v0,unweighted,0.25,temperature,24,67,0.1416075752520846,0.44475431844133145,-0.0008431141547868004,-0.010417848927906398,0,4,0
2026092817,mert_v0,unweighted,0.25,platt,24,67,0.152025424179991,0.4709467892667773,0.009574734773119598,0.0,0,4,0
2026092817,mert_v0,unweighted,0.25,beta,24,67,0.15623633039759788,0.48728467704997797,0.013785640990726489,0.004210906217606891,0,4,2
2026092817,mert_v0,unweighted,0.25,isotonic,24,67,0.1710407882321392,1.8117210576874345,0.028590098825267807,0.01901536405214821,0,4,0
2026092817,mert_v0,unweighted,0.25,ridge_platt,24,67,0.1424506894068714,0.4470462966699809,0.0,-0.009574734773119598,0,4,0
2026092817,mert_v0,unweighted,0.5,raw,47,118,0.1424506894068714,0.4470462966699809,0.0,-0.002096742083315256,0,4,0
2026092817,mert_v0,unweighted,0.5,prior_offset,47,118,0.1424506894068714,0.4470462966699809,0.0,-0.002096742083315256,0,4,0
2026092817,mert_v0,unweighted,0.5,temperature,47,118,0.14214601072219363,0.44677748296323055,-0.0003046786846777616,-0.0024014207679930177,0,4,0
2026092817,mert_v0,unweighted,0.5,platt,47,118,0.14454743149018665,0.45252162595167855,0.002096742083315256,0.0,0,4,0
2026092817,mert_v0,unweighted,0.5,beta,47,118,0.1443407262418407,0.45194324516231443,0.0018900368349692998,-0.00020670524834595638,0,4,2
2026092817,mert_v0,unweighted,0.5,isotonic,47,118,0.14791150866433836,0.817174422932743,0.00546081925746697,0.003364077174151714,0,4,0
2026092817,mert_v0,unweighted,0.5,ridge_platt,47,118,0.14238891733393982,0.44693160585188224,-6.177207293156517e-05,-0.0021585141562468213,0,4,0
2026092817,mert_v0,unweighted,1.0,raw,94,239,0.1424506894068714,0.4470462966699809,0.0,0.0006236292328463955,0,4,0
2026092817,mert_v0,unweighted,1.0,prior_offset,94,239,0.1424506894068714,0.4470462966699809,0.0,0.0006236292328463955,0,4,0
2026092817,mert_v0,unweighted,1.0,temperature,94,239,0.14191184211081814,0.4454120776712367,-0.0005388472960532464,8.478193679314905e-05,0,4,0
2026092817,mert_v0,unweighted,1.0,platt,94,239,0.141827060174025,0.44477972980970165,-0.0006236292328463955,0.0,0,4,0
2026092817,mert_v0,unweighted,1.0,beta,94,239,0.1415245538186513,0.4439259948978356,-0.0009261355882200784,-0.00030250635537368287,0,4,2
2026092817,mert_v0,unweighted,1.0,isotonic,94,239,0.14469231811375105,0.6447291227240044,0.0022416287068796614,0.002865257939726057,0,4,0
2026092817,mert_v0,unweighted,1.0,ridge_platt,94,239,0.1424506894068714,0.4470462966699809,0.0,0.0006236292328463955,0,4,0
2026092817,mert_v1,ambient_balanced,0.25,raw,24,67,0.15439091452007545,0.47508873932729256,0.0,0.0021745118745248315,0,4,0
2026092817,mert_v1,ambient_balanced,0.25,prior_offset,24,67,0.14387173035595094,0.45016962619977086,-0.010519184164124507,-0.008344672289599675,0,4,0
2026092817,mert_v1,ambient_balanced,0.25,temperature,24,67,0.15389585570250258,0.47334297058494185,-0.0004950588175728632,0.0016794530569519683,0,4,0
2026092817,mert_v1,ambient_balanced,0.25,platt,24,67,0.1522164026455506,0.47064209232437587,-0.0021745118745248315,0.0,0,4,0
2026092817,mert_v1,ambient_balanced,0.25,beta,24,67,0.1534896270313988,0.4849454803874045,-0.0009012874886766553,0.0012732243858481762,0,4,2
2026092817,mert_v1,ambient_balanced,0.25,isotonic,24,67,0.16145929835402775,1.6813693412385842,0.0070683838339523075,0.009242895708477139,0,4,0
2026092817,mert_v1,ambient_balanced,0.25,ridge_platt,24,67,0.14422403678333018,0.45126422567221425,-0.010166877736745267,-0.007992365862220435,0,4,0
2026092817,mert_v1,ambient_balanced,0.5,raw,47,118,0.15439091452007545,0.47508873932729256,0.0,0.010510939495889576,0,4,0
2026092817,mert_v1,ambient_balanced,0.5,prior_offset,47,118,0.14387173035595094,0.45016962619977086,-0.010519184164124507,-8.244668234930197e-06,0,4,0
2026092817,mert_v1,ambient_balanced,0.5,temperature,47,118,0.15400799716818805,0.4739569095486187,-0.00038291735188739073,0.010128022144002186,0,4,0
2026092817,mert_v1,ambient_balanced,0.5,platt,47,118,0.14387997502418587,0.4493633434225308,-0.010510939495889576,0.0,0,4,0
2026092817,mert_v1,ambient_balanced,0.5,beta,47,118,0.14456007121009318,0.4516280317407826,-0.009830843309982268,0.0006800961859073085,0,4,3
2026092817,mert_v1,ambient_balanced,0.5,isotonic,47,118,0.14747248701794713,0.813979700133749,-0.006918427502128316,0.0035925119937612604,0,4,0
2026092817,mert_v1,ambient_balanced,0.5,ridge_platt,47,118,0.14380537239266364,0.4498541813074706,-0.010585542127411807,-7.460263152223034e-05,0,4,0
2026092817,mert_v1,ambient_balanced,1.0,raw,94,239,0.15439091452007545,0.47508873932729256,0.0,0.010778142565491339,0,4,0
2026092817,mert_v1,ambient_balanced,1.0,prior_offset,94,239,0.14387173035595094,0.45016962619977086,-0.010519184164124507,0.00025895840136683224,0,4,0
2026092817,mert_v1,ambient_balanced,1.0,temperature,94,239,0.15400394192838313,0.47349637115989746,-0.00038697259169231946,0.01039116997379902,0,4,0
2026092817,mert_v1,ambient_balanced,1.0,platt,94,239,0.1436127719545841,0.4479608814284723,-0.010778142565491339,0.0,0,4,0
2026092817,mert_v1,ambient_balanced,1.0,beta,94,239,0.14406128006693877,0.44927483095965126,-0.010329634453136671,0.0004485081123546675,0,4,1
2026092817,mert_v1,ambient_balanced,1.0,isotonic,94,239,0.14558435169916434,0.6112757819996297,-0.008806562820911107,0.001971579744580232,0,4,0
2026092817,mert_v1,ambient_balanced,1.0,ridge_platt,94,239,0.14452920230918173,0.45122867258241134,-0.009861712210893714,0.0009164303545976249,0,4,0
2026092817,mert_v1,unweighted,0.25,raw,24,67,0.14356237262777938,0.44924570573844685,0.0,-0.008310524496768251,0,4,0
2026092817,mert_v1,unweighted,0.25,prior_offset,24,67,0.14356237262777938,0.44924570573844685,0.0,-0.008310524496768251,0,4,0
2026092817,mert_v1,unweighted,0.25,temperature,24,67,0.14310693211627262,0.44786960109299884,-0.000455440511506755,-0.008765965008275006,0,4,0
2026092817,mert_v1,unweighted,0.25,platt,24,67,0.15187289712454763,0.46996101447111677,0.008310524496768251,0.0,0,4,0
2026092817,mert_v1,unweighted,0.25,beta,24,67,0.1527992547493755,0.48356865539944777,0.009236882121596124,0.0009263576248278726,0,4,2
2026092817,mert_v1,unweighted,0.25,isotonic,24,67,0.16101160713085638,1.6802345058112134,0.017449234503077005,0.009138710006308753,0,4,0
2026092817,mert_v1,unweighted,0.25,ridge_platt,24,67,0.14356237262777938,0.44924570573844685,0.0,-0.008310524496768251,0,4,0
2026092817,mert_v1,unweighted,0.5,raw,47,118,0.14356237262777938,0.44924570573844685,0.0,-0.00022508562624518058,0,4,0
2026092817,mert_v1,unweighted,0.5,prior_offset,47,118,0.14356237262777938,0.44924570573844685,0.0,-0.00022508562624518058,0,4,0
2026092817,mert_v1,unweighted,0.5,temperature,47,118,0.14323106794658283,0.44839775047218555,-0.0003313046811965481,-0.0005563903074417287,0,4,0
2026092817,mert_v1,unweighted,0.5,platt,47,118,0.14378745825402456,0.4493292659287017,0.00022508562624518058,0.0,0,4,0
2026092817,mert_v1,unweighted,0.5,beta,47,118,0.1441711884173578,0.4508511486711732,0.0006088157895784152,0.0003837301633332346,0,4,3
2026092817,mert_v1,unweighted,0.5,isotonic,47,118,0.1474005675241932,0.8134881879065498,0.0038381948964138213,0.0036131092701686407,0,4,0
2026092817,mert_v1,unweighted,0.5,ridge_platt,47,118,0.1435214451372209,0.4491269251534247,-4.0927490558478885e-05,-0.00026601311680365947,0,4,0
2026092817,mert_v1,unweighted,1.0,raw,94,239,0.14356237262777938,0.44924570573844685,0.0,6.730155171111307e-05,0,4,0
2026092817,mert_v1,unweighted,1.0,prior_offset,94,239,0.14356237262777938,0.44924570573844685,0.0,6.730155171111307e-05,0,4,0
2026092817,mert_v1,unweighted,1.0,temperature,94,239,0.14313412075648507,0.44754833336024014,-0.0004282518712943051,-0.000360950319583192,0,4,0
2026092817,mert_v1,unweighted,1.0,platt,94,239,0.14349507107606826,0.447895716266207,-6.730155171111307e-05,0.0,0,4,0
2026092817,mert_v1,unweighted,1.0,beta,94,239,0.14363470072209264,0.4484336864599461,7.232809431326204e-05,0.0001396296460243751,0,4,1
2026092817,mert_v1,unweighted,1.0,isotonic,94,239,0.1453306806875912,0.676538478068554,0.0017683080598118184,0.0018356096115229315,0,4,0
2026092817,mert_v1,unweighted,1.0,ridge_platt,94,239,0.1443388742214569,0.4509980398945146,0.0007765015936775088,0.0008438031453886219,0,4,0
2026092818,maest,ambient_balanced,0.25,raw,24,46,0.13242659467478496,0.4161373649241842,0.0,-0.010859905238160855,0,4,0
2026092818,maest,ambient_balanced,0.25,prior_offset,24,46,0.1263255033846111,0.4035869937871819,-0.00610109129017386,-0.016960996528334715,0,4,0
2026092818,maest,ambient_balanced,0.25,temperature,24,46,0.1367426326022931,0.45411932935242444,0.004316037927508148,-0.006543867310652707,0,4,0
2026092818,maest,ambient_balanced,0.25,platt,24,46,0.14328649991294581,0.46629233746760707,0.010859905238160855,0.0,0,4,0
2026092818,maest,ambient_balanced,0.25,beta,24,46,0.1444764732185091,0.48983143186914874,0.012049878543724135,0.00118997330556328,0,4,3
2026092818,maest,ambient_balanced,0.25,isotonic,24,46,0.15052383614267556,1.4094693035962307,0.0180972414678906,0.007237336229729746,0,4,0
2026092818,maest,ambient_balanced,0.25,ridge_platt,24,46,0.1422521427121277,0.4425100294059744,0.00982554803734273,-0.0010343572008181257,0,4,0
2026092818,maest,ambient_balanced,0.5,raw,47,109,0.13242659467478496,0.4161373649241842,0.0,0.0023542535500504502,0,4,0
2026092818,maest,ambient_balanced,0.5,prior_offset,47,109,0.1263255033846111,0.4035869937871819,-0.00610109129017386,-0.00374683774012341,0,4,0
2026092818,maest,ambient_balanced,0.5,temperature,47,109,0.1339231421816775,0.4220918327669428,0.0014965475068925427,0.003850801056942993,0,4,0
2026092818,maest,ambient_balanced,0.5,platt,47,109,0.1300723411247345,0.41146117394088755,-0.0023542535500504502,0.0,0,4,0
2026092818,maest,ambient_balanced,0.5,beta,47,109,0.13092041798432516,0.41165235675814704,-0.0015061766904597984,0.0008480768595906518,0,4,1
2026092818,maest,ambient_balanced,0.5,isotonic,47,109,0.13453991014662067,0.48694580876042176,0.002113315471835714,0.004467569021886164,0,4,0
2026092818,maest,ambient_balanced,0.5,ridge_platt,47,109,0.12825320941399623,0.407113590805585,-0.004173385260788726,-0.0018191317107382754,0,4,0
2026092818,maest,ambient_balanced,1.0,raw,94,232,0.13242659467478496,0.4161373649241842,0.0,0.004439584512321765,0,4,0
2026092818,maest,ambient_balanced,1.0,prior_offset,94,232,0.1263255033846111,0.4035869937871819,-0.00610109129017386,-0.0016615067778520953,0,4,0
2026092818,maest,ambient_balanced,1.0,temperature,94,232,0.1343102382123113,0.42493368295786954,0.0018836435375263472,0.006323228049848112,0,4,0
2026092818,maest,ambient_balanced,1.0,platt,94,232,0.1279870101624632,0.4091360988262853,-0.004439584512321765,0.0,0,4,0
2026092818,maest,ambient_balanced,1.0,beta,94,232,0.1298169897281355,0.4111111207933693,-0.0026096049466494686,0.0018299795656722961,0,4,1
2026092818,maest,ambient_balanced,1.0,isotonic,94,232,0.12875613612467177,0.4715842434118532,-0.0036704585501131926,0.0007691259622085722,0,4,0
2026092818,maest,ambient_balanced,1.0,ridge_platt,94,232,0.12636074796290578,0.40308990089593766,-0.00606584671187918,-0.0016262621995574156,0,4,0
2026092818,maest,unweighted,0.25,raw,24,46,0.12496107708455753,0.3981376502127121,0.0,-0.017838226527636447,0,4,0
2026092818,maest,unweighted,0.25,prior_offset,24,46,0.12496107708455753,0.3981376502127121,0.0,-0.017838226527636447,0,4,0
2026092818,maest,unweighted,0.25,temperature,24,46,0.12935394192636607,0.4366868748503712,0.004392864841808536,-0.013445361685827911,0,4,0
2026092818,maest,unweighted,0.25,platt,24,46,0.14279930361219398,0.46473660267524847,0.017838226527636447,0.0,0,4,0
2026092818,maest,unweighted,0.25,beta,24,46,0.143272879414268,0.4855846068748152,0.01831180232971047,0.00047357580207402217,0,4,3
2026092818,maest,unweighted,0.25,isotonic,24,46,0.14983378871474948,1.372186758142137,0.024872711630191946,0.007034485102555499,0,4,0
2026092818,maest,unweighted,0.25,ridge_platt,24,46,0.13478662512190026,0.4245103146945023,0.00982554803734273,-0.008012678490293718,0,4,0
2026092818,maest,unweighted,0.5,raw,47,109,0.12496107708455753,0.3981376502127121,0.0,-0.004528032545088628,0,4,0
2026092818,maest,unweighted,0.5,prior_offset,47,109,0.12496107708455753,0.3981376502127121,0.0,-0.004528032545088628,0,4,0
2026092818,maest,unweighted,0.5,temperature,47,109,0.1263368090042507,0.40340670744800106,0.0013757319196931739,-0.0031523006253954544,0,4,0
2026092818,maest,unweighted,0.5,platt,47,109,0.12948910962964616,0.4099841759939692,0.004528032545088628,0.0,0,4,0
2026092818,maest,unweighted,0.5,beta,47,109,0.12951525574098746,0.40840609599820743,0.00455417865642993,2.614611134130196e-05,0,4,1
2026092818,maest,unweighted,0.5,isotonic,47,109,0.1333412577489544,0.4824723178895824,0.008380180664396858,0.0038521481193082296,0,4,0
2026092818,maest,unweighted,0.5,ridge_platt,47,109,0.12496107708455753,0.3981376502127121,0.0,-0.004528032545088628,0,4,0
2026092818,maest,unweighted,1.0,raw,94,232,0.12496107708455753,0.3981376502127121,0.0,-0.002454061166868887,0,4,0
2026092818,maest,unweighted,1.0,prior_offset,94,232,0.12496107708455753,0.3981376502127121,0.0,-0.002454061166868887,0,4,0
2026092818,maest,unweighted,1.0,temperature,94,232,0.1267766304817016,0.4063765445121357,0.0018155533971440652,-0.000638507769724822,0,4,0
2026092818,maest,unweighted,1.0,platt,94,232,0.12741513825142642,0.40764738730130656,0.002454061166868887,0.0,0,4,0
2026092818,maest,unweighted,1.0,beta,94,232,0.12839085795698263,0.4076129828219073,0.0034297808724250978,0.0009757197055562106,0,4,1
2026092818,maest,unweighted,1.0,isotonic,94,232,0.12922078377680443,0.47181872803049396,0.004259706692246901,0.0018056455253780135,0,4,0
2026092818,maest,unweighted,1.0,ridge_platt,94,232,0.12556283117170317,0.40089723729714904,0.0006017540871456339,-0.0018523070797232533,0,4,0
2026092818,mert_v0,ambient_balanced,0.25,raw,24,46,0.15630134283231867,0.47897186519340956,0.0,-0.005962301152968835,0,4,0
2026092818,mert_v0,ambient_balanced,0.25,prior_offset,24,46,0.14443305014473,0.4507357797009966,-0.011868292687588655,-0.01783059384055749,0,4,0
2026092818,mert_v0,ambient_balanced,0.25,temperature,24,46,0.16108854032371545,0.509890862876486,0.004787197491396777,-0.0011751036615720578,0,4,0
2026092818,mert_v0,ambient_balanced,0.25,platt,24,46,0.1622636439852875,0.5450152835783643,0.005962301152968835,0.0,0,4,0
2026092818,mert_v0,ambient_balanced,0.25,beta,24,46,0.16510068691649707,0.5490932964244591,0.008799344084178401,0.0028370429312095657,0,4,1
2026092818,mert_v0,ambient_balanced,0.25,isotonic,24,46,0.17005351744893854,2.014495689371352,0.013752174616619872,0.007789873463651037,0,4,0
2026092818,mert_v0,ambient_balanced,0.25,ridge_platt,24,46,0.16255602823476017,0.5177095015789556,0.006254685402441507,0.0002923842494726714,0,4,0
2026092818,mert_v0,ambient_balanced,0.5,raw,47,109,0.15630134283231867,0.47897186519340956,0.0,0.010236852901233773,0,4,0
2026092818,mert_v0,ambient_balanced,0.5,prior_offset,47,109,0.14443305014473,0.4507357797009966,-0.011868292687588655,-0.0016314397863548824,0,4,0
2026092818,mert_v0,ambient_balanced,0.5,temperature,47,109,0.1561169159722373,0.47752417349777304,-0.00018442686008135478,0.010052426041152418,0,4,0
2026092818,mert_v0,ambient_balanced,0.5,platt,47,109,0.1460644899310849,0.45415618473603275,-0.010236852901233773,0.0,0,4,0
2026092818,mert_v0,ambient_balanced,0.5,beta,47,109,0.14633151727289145,0.4522070191954981,-0.009969825559427214,0.0002670273418065583,0,4,2
2026092818,mert_v0,ambient_balanced,0.5,isotonic,47,109,0.15005478103167608,0.8242508300152496,-0.006246561800642592,0.003990291100591181,0,4,0
2026092818,mert_v0,ambient_balanced,0.5,ridge_platt,47,109,0.14895931646174765,0.4618725977495445,-0.00734202637057102,0.002894826530662753,0,4,0
2026092818,mert_v0,ambient_balanced,1.0,raw,94,232,0.15630134283231867,0.47897186519340956,0.0,0.014188719156111446,0,4,0
2026092818,mert_v0,ambient_balanced,1.0,prior_offset,94,232,0.14443305014473,0.4507357797009966,-0.011868292687588655,0.0023204264685227904,0,4,0
2026092818,mert_v0,ambient_balanced,1.0,temperature,94,232,0.15633596431399652,0.4801848283076125,3.462148167784895e-05,0.014223340637789295,0,4,0
2026092818,mert_v0,ambient_balanced,1.0,platt,94,232,0.14211262367620722,0.4489749954728224,-0.014188719156111446,0.0,0,4,0
2026092818,mert_v0,ambient_balanced,1.0,beta,94,232,0.14252825076248465,0.4453938581049606,-0.013773092069834014,0.0004156270862774314,0,4,3
2026092818,mert_v0,ambient_balanced,1.0,isotonic,94,232,0.14582945203942888,0.6199051826969127,-0.010471890792889793,0.0037168283632216526,0,4,0
2026092818,mert_v0,ambient_balanced,1.0,ridge_platt,94,232,0.1422700918570141,0.4498140207570181,-0.014031250975304554,0.00015746818080689118,0,4,0
2026092818,mert_v0,unweighted,0.25,raw,24,46,0.14383312528452857,0.4490031779814187,0.0,-0.018232649328301154,0,4,0
2026092818,mert_v0,unweighted,0.25,prior_offset,24,46,0.14383312528452857,0.4490031779814187,0.0,-0.018232649328301154,0,4,0
2026092818,mert_v0,unweighted,0.25,temperature,24,46,0.1484707219226964,0.47983826040912236,0.004637596638167818,-0.013595052690133336,0,4,0
2026092818,mert_v0,unweighted,0.25,platt,24,46,0.16206577461282973,0.5447939982688185,0.018232649328301154,0.0,0,4,0
2026092818,mert_v0,unweighted,0.25,beta,24,46,0.1648551299005221,0.5488882387948157,0.021022004615993517,0.0027893552876923633,0,4,1
2026092818,mert_v0,unweighted,0.25,isotonic,24,46,0.16957446058983502,2.078164115766422,0.02574133530530645,0.007508685977005297,0,4,0
2026092818,mert_v0,unweighted,0.25,ridge_platt,24,46,0.15209849810503465,0.4926039537589299,0.008265372820506073,-0.009967276507795081,0,4,0
2026092818,mert_v0,unweighted,0.5,raw,47,109,0.14383312528452857,0.4490031779814187,0.0,-0.001966344289776184,0,4,0
2026092818,mert_v0,unweighted,0.5,prior_offset,47,109,0.14383312528452857,0.4490031779814187,0.0,-0.001966344289776184,0,4,0
2026092818,mert_v0,unweighted,0.5,temperature,47,109,0.14397154478016977,0.4495621304352673,0.0001384194956411955,-0.0018279247941349885,0,4,0
2026092818,mert_v0,unweighted,0.5,platt,47,109,0.14579946957430476,0.45391634529059005,0.001966344289776184,0.0,0,4,0
2026092818,mert_v0,unweighted,0.5,beta,47,109,0.14594263553024672,0.4521316666007912,0.002109510245718149,0.00014316595594196513,0,4,2
2026092818,mert_v0,unweighted,0.5,isotonic,47,109,0.14922115237500444,0.823176806901346,0.0053880270904758665,0.0034216828006996824,0,4,0
2026092818,mert_v0,unweighted,0.5,ridge_platt,47,109,0.14369079365697626,0.44873371155959524,-0.0001423316275523112,-0.0021086759173284952,0,4,0
2026092818,mert_v0,unweighted,1.0,raw,94,232,0.14383312528452857,0.4490031779814187,0.0,0.0019785402940689645,0,4,0
2026092818,mert_v0,unweighted,1.0,prior_offset,94,232,0.14383312528452857,0.4490031779814187,0.0,0.0019785402940689645,0,4,0
2026092818,mert_v0,unweighted,1.0,temperature,94,232,0.1440235724112455,0.4515646435805833,0.00019044712671692499,0.0021689874207858895,0,4,0
2026092818,mert_v0,unweighted,1.0,platt,94,232,0.1418545849904596,0.4487724083375168,-0.0019785402940689645,0.0,0,4,0
2026092818,mert_v0,unweighted,1.0,beta,94,232,0.1421398774857332,0.4450930274868775,-0.001693247798795372,0.00028529249527359246,0,4,3
2026092818,mert_v0,unweighted,1.0,isotonic,94,232,0.14576846736694066,0.6207012529298094,0.0019353420824120837,0.003913882376481048,0,4,0
2026092818,mert_v0,unweighted,1.0,ridge_platt,94,232,0.14138326833186193,0.4481580517654409,-0.0024498569526666403,-0.0004713166585976758,0,4,0
2026092818,mert_v1,ambient_balanced,0.25,raw,24,46,0.15782969449920206,0.4826748373272127,0.0,-0.0018623099206152294,0,4,0
2026092818,mert_v1,ambient_balanced,0.25,prior_offset,24,46,0.1460964969214961,0.45322027778799356,-0.011733197577705967,-0.013595507498321197,0,4,0
2026092818,mert_v1,ambient_balanced,0.25,temperature,24,46,0.1634024184461743,0.5169174351184628,0.005572723946972252,0.003710414026357023,0,4,0
2026092818,mert_v1,ambient_balanced,0.25,platt,24,46,0.1596920044198173,0.5338210772241246,0.0018623099206152294,0.0,0,4,0
2026092818,mert_v1,ambient_balanced,0.25,beta,24,46,0.16058697235656763,0.5347050783782182,0.00275727785736557,0.0008949679367503405,0,4,1
2026092818,mert_v1,ambient_balanced,0.25,isotonic,24,46,0.16919458703453827,2.6736285307404297,0.011364892535336207,0.009502582614720978,0,4,0
2026092818,mert_v1,ambient_balanced,0.25,ridge_platt,24,46,0.16306965894665068,0.5272240877608896,0.0052399644474486196,0.00337765452683339,0,4,0
2026092818,mert_v1,ambient_balanced,0.5,raw,47,109,0.15782969449920206,0.4826748373272127,0.0,0.009929786235069349,0,4,0
2026092818,mert_v1,ambient_balanced,0.5,prior_offset,47,109,0.1460964969214961,0.45322027778799356,-0.011733197577705967,-0.0018034113426366183,0,4,0
2026092818,mert_v1,ambient_balanced,0.5,temperature,47,109,0.15802139242864321,0.48175631396430474,0.0001916979294411536,0.010121484164510502,0,4,0
2026092818,mert_v1,ambient_balanced,0.5,platt,47,109,0.1478999082641327,0.45771271660314183,-0.009929786235069349,0.0,0,4,0
2026092818,mert_v1,ambient_balanced,0.5,beta,47,109,0.1480031839593871,0.4577249921768437,-0.009826510539814953,0.00010327569525439562,0,4,2
2026092818,mert_v1,ambient_balanced,0.5,isotonic,47,109,0.15474852438739564,1.0711995927823135,-0.0030811701118064194,0.0068486161232629295,0,4,0
2026092818,mert_v1,ambient_balanced,0.5,ridge_platt,47,109,0.15071647093362245,0.46527149915853805,-0.007113223565579613,0.002816562669489736,0,4,0
2026092818,mert_v1,ambient_balanced,1.0,raw,94,232,0.15782969449920206,0.4826748373272127,0.0,0.012598562264832358,0,4,0
2026092818,mert_v1,ambient_balanced,1.0,prior_offset,94,232,0.1460964969214961,0.45322027778799356,-0.011733197577705967,0.0008653646871263909,0,4,0
2026092818,mert_v1,ambient_balanced,1.0,temperature,94,232,0.15846865449103426,0.4855132908583174,0.0006389599918321942,0.013237522256664552,0,4,0
2026092818,mert_v1,ambient_balanced,1.0,platt,94,232,0.1452311322343697,0.456258225527671,-0.012598562264832358,0.0,0,4,0
2026092818,mert_v1,ambient_balanced,1.0,beta,94,232,0.14532941731723448,0.4543163592526855,-0.012500277181967584,9.828508286477411e-05,0,4,1
2026092818,mert_v1,ambient_balanced,1.0,isotonic,94,232,0.15121184857428493,0.8294184224083243,-0.006617845924917126,0.005980716339915232,0,4,0
2026092818,mert_v1,ambient_balanced,1.0,ridge_platt,94,232,0.14533753045616812,0.45456082160889655,-0.012492164043033938,0.00010639822179842051,0,4,0
2026092818,mert_v1,unweighted,0.25,raw,24,46,0.14561095456332607,0.4521780377046617,0.0,-0.013263917939840775,0,4,0
2026092818,mert_v1,unweighted,0.25,prior_offset,24,46,0.14561095456332607,0.4521780377046617,0.0,-0.013263917939840775,0,4,0
2026092818,mert_v1,unweighted,0.25,temperature,24,46,0.15039104747180002,0.48423421529273375,0.0047800929084739485,-0.008483825031366826,0,4,0
2026092818,mert_v1,unweighted,0.25,platt,24,46,0.15887487250316684,0.5323474453361071,0.013263917939840775,0.0,0,4,0
2026092818,mert_v1,unweighted,0.25,beta,24,46,0.15876623650110744,0.5307313723645908,0.013155281937781371,-0.00010863600205940349,0,4,2
2026092818,mert_v1,unweighted,0.25,isotonic,24,46,0.16352955821716814,2.2599714062327436,0.01791860365384207,0.004654685714001294,0,4,0
2026092818,mert_v1,unweighted,0.25,ridge_platt,24,46,0.1526257851938219,0.5011425158561155,0.007014830630495822,-0.006249087309344953,0,4,0
2026092818,mert_v1,unweighted,0.5,raw,47,109,0.14561095456332607,0.4521780377046617,0.0,-0.002018335035553598,0,4,0
2026092818,mert_v1,unweighted,0.5,prior_offset,47,109,0.14561095456332607,0.4521780377046617,0.0,-0.002018335035553598,0,4,0
2026092818,mert_v1,unweighted,0.5,temperature,47,109,0.14609647780233603,0.4538587961543954,0.0004855232390099662,-0.0015328117965436316,0,4,0
2026092818,mert_v1,unweighted,0.5,platt,47,109,0.14762928959887966,0.4575514754534773,0.002018335035553598,0.0,0,4,0
2026092818,mert_v1,unweighted,0.5,beta,47,109,0.1479469530656575,0.45836452490565605,0.0023359985023314322,0.0003176634667778344,0,4,2
2026092818,mert_v1,unweighted,0.5,isotonic,47,109,0.15494073445003467,1.0715468169221807,0.009329779886708606,0.007311444851155008,0,4,0
2026092818,mert_v1,unweighted,0.5,ridge_platt,47,109,0.14545217223144244,0.4519468191233861,-0.0001587823318836279,-0.0021771173674372257,0,4,0
2026092818,mert_v1,unweighted,1.0,raw,94,232,0.14561095456332607,0.4521780377046617,0.0,0.000665030182231019,0,4,0
2026092818,mert_v1,unweighted,1.0,prior_offset,94,232,0.14561095456332607,0.4521780377046617,0.0,0.000665030182231019,0,4,0
2026092818,mert_v1,unweighted,1.0,temperature,94,232,0.14627789128283536,0.45650579828851856,0.0006669367195092923,0.0013319669017403113,0,4,0
2026092818,mert_v1,unweighted,1.0,platt,94,232,0.14494592438109505,0.4560952252600471,-0.000665030182231019,0.0,0,4,0
2026092818,mert_v1,unweighted,1.0,beta,94,232,0.14530508517882798,0.45485686534823194,-0.00030586938449808643,0.0003591607977329325,0,4,2
2026092818,mert_v1,unweighted,1.0,isotonic,94,232,0.1508590223016094,0.829899420341592,0.005248067738283346,0.005913097920514365,0,4,0
2026092818,mert_v1,unweighted,1.0,ridge_platt,94,232,0.14451983845907293,0.45296919988046713,-0.001091116104253137,-0.00042608592202211804,0,4,0
2026092819,maest,ambient_balanced,0.25,raw,24,65,0.14691881726478126,0.4554579534240617,0.0,-0.006521534740068308,0,4,0
2026092819,maest,ambient_balanced,0.25,prior_offset,24,65,0.14312353402871858,0.4436471185961853,-0.00379528323606268,-0.010316817976130987,0,4,0
2026092819,maest,ambient_balanced,0.25,temperature,24,65,0.15319623726991494,0.4972580880889248,0.006277420005133677,-0.00024411473493463065,0,4,0
2026092819,maest,ambient_balanced,0.25,platt,24,65,0.15344035200484957,0.5000646963419719,0.006521534740068308,0.0,0,4,0
2026092819,maest,ambient_balanced,0.25,beta,24,65,0.15401793993971713,0.5005995310730333,0.0070991226749358705,0.0005775879348675628,0,4,2
2026092819,maest,ambient_balanced,0.25,isotonic,24,65,0.15803976080350962,1.3611856836432281,0.011120943538728362,0.004599408798660054,0,4,0
2026092819,maest,ambient_balanced,0.25,ridge_platt,24,65,0.15076206113401927,0.4793312136554022,0.003843243869238011,-0.0026782908708302966,0,4,0
2026092819,maest,ambient_balanced,0.5,raw,47,126,0.14691881726478126,0.4554579534240617,0.0,0.00015952600829130525,0,4,0
2026092819,maest,ambient_balanced,0.5,prior_offset,47,126,0.14312353402871858,0.4436471185961853,-0.00379528323606268,-0.0036357572277713746,0,4,0
2026092819,maest,ambient_balanced,0.5,temperature,47,126,0.15068574598720322,0.4842427341806912,0.0037669287224219583,0.0039264547307132636,0,4,0
2026092819,maest,ambient_balanced,0.5,platt,47,126,0.14675929125648995,0.47294905893868555,-0.00015952600829130525,0.0,0,4,0
2026092819,maest,ambient_balanced,0.5,beta,47,126,0.1471881668181303,0.47676404162685565,0.0002693495533490353,0.0004288755616403406,0,4,1
2026092819,maest,ambient_balanced,0.5,isotonic,47,126,0.15368969399149182,1.2531213161577217,0.006770876726710562,0.006930402735001867,0,4,0
2026092819,maest,ambient_balanced,0.5,ridge_platt,47,126,0.14542299700054812,0.4632343153143777,-0.0014958202642331442,-0.001336294255941839,0,4,0
2026092819,maest,ambient_balanced,1.0,raw,94,234,0.14691881726478126,0.4554579534240617,0.0,0.0015941053670125993,0,4,0
2026092819,maest,ambient_balanced,1.0,prior_offset,94,234,0.14312353402871858,0.4436471185961853,-0.00379528323606268,-0.0022011778690500805,0,4,0
2026092819,maest,ambient_balanced,1.0,temperature,94,234,0.14819338242049562,0.4623063694038537,0.0012745651557143634,0.0028686705227269627,0,4,0
2026092819,maest,ambient_balanced,1.0,platt,94,234,0.14532471189776866,0.45224482280827905,-0.0015941053670125993,0.0,0,4,0
2026092819,maest,ambient_balanced,1.0,beta,94,234,0.14653534586725636,0.45905566898536576,-0.00038347139752489823,0.001210633969487701,0,4,0
2026092819,maest,ambient_balanced,1.0,isotonic,94,234,0.15256250055720338,0.8539929696979145,0.005643683292422125,0.007237788659434724,0,4,0
2026092819,maest,ambient_balanced,1.0,ridge_platt,94,234,0.14347065670422435,0.44731608540961865,-0.003448160560556912,-0.0018540551935443128,0,4,0
2026092819,maest,unweighted,0.25,raw,24,65,0.1419148237461504,0.4400306833366228,0.0,-0.011512597631576499,0,4,0
2026092819,maest,unweighted,0.25,prior_offset,24,65,0.1419148237461504,0.4400306833366228,0.0,-0.011512597631576499,0,4,0
2026092819,maest,unweighted,0.25,temperature,24,65,0.14517466726419329,0.4735826592489253,0.0032598435180428986,-0.0082527541135336,0,4,0
2026092819,maest,unweighted,0.25,platt,24,65,0.15342742137772689,0.5000530245666811,0.011512597631576499,0.0,0,4,0
2026092819,maest,unweighted,0.25,beta,24,65,0.154390174720112,0.5024730617607507,0.012475350973961602,0.0009627533423851031,0,4,2
2026092819,maest,unweighted,0.25,isotonic,24,65,0.1576065538594527,1.3283206899980031,0.015691730113302327,0.004179132481725828,0,4,0
2026092819,maest,unweighted,0.25,ridge_platt,24,65,0.1511107240562566,0.4806606354995917,0.009195900310106225,-0.0023166973214702735,0,4,0
2026092819,maest,unweighted,0.5,raw,47,126,0.1419148237461504,0.4400306833366228,0.0,-0.00466702717949935,0,4,0
2026092819,maest,unweighted,0.5,prior_offset,47,126,0.1419148237461504,0.4400306833366228,0.0,-0.00466702717949935,0,4,0
2026092819,maest,unweighted,0.5,temperature,47,126,0.1439245957964625,0.4656277583696042,0.0020097720503121086,-0.0026572551291872415,0,4,0
2026092819,maest,unweighted,0.5,platt,47,126,0.14658185092564974,0.47237176258811026,0.00466702717949935,0.0,0,4,0
2026092819,maest,unweighted,0.5,beta,47,126,0.14707280572237977,0.4767207156667192,0.005157981976229381,0.000490954796730031,0,4,1
2026092819,maest,unweighted,0.5,isotonic,47,126,0.15337031837951434,1.285191823443873,0.011455494633363955,0.006788467453864605,0,4,0
2026092819,maest,unweighted,0.5,ridge_platt,47,126,0.14524555666970787,0.4626570189638024,0.0033307329235574834,-0.0013362942559418667,0,4,0
2026092819,maest,unweighted,1.0,raw,94,234,0.1419148237461504,0.4400306833366228,0.0,-0.0033403374886937787,0,4,0
2026092819,maest,unweighted,1.0,prior_offset,94,234,0.1419148237461504,0.4400306833366228,0.0,-0.0033403374886937787,0,4,0
2026092819,maest,unweighted,1.0,temperature,94,234,0.14192027807307747,0.4433583341413576,5.454326927084585e-06,-0.003334883161766694,0,4,0
2026092819,maest,unweighted,1.0,platt,94,234,0.14525516123484417,0.4519180097230811,0.0033403374886937787,0.0,0,4,0
2026092819,maest,unweighted,1.0,beta,94,234,0.1465392416780796,0.45896495647340213,0.00462441793192922,0.0012840804432354413,0,4,0
2026092819,maest,unweighted,1.0,isotonic,94,234,0.15184554854431326,0.8516969839171388,0.009930724798162871,0.006590387309469092,0,4,0
2026092819,maest,unweighted,1.0,ridge_platt,94,234,0.1437951067058103,0.44757702376503483,0.001880282959659918,-0.0014600545290338607,0,4,0
2026092819,mert_v0,ambient_balanced,0.25,raw,24,65,0.16010162615838908,0.4901589565346102,0.0,0.0008089402982072447,0,4,0
2026092819,mert_v0,ambient_balanced,0.25,prior_offset,24,65,0.15170958053430864,0.46755681261485443,-0.00839204562408044,-0.007583105325873196,0,4,0
2026092819,mert_v0,ambient_balanced,0.25,temperature,24,65,0.163236548176374,0.5122894730044308,0.0031349220179849313,0.003943862316192176,0,4,0
2026092819,mert_v0,ambient_balanced,0.25,platt,24,65,0.15929268586018183,0.5164515589500784,-0.0008089402982072447,0.0,0,4,0
2026092819,mert_v0,ambient_balanced,0.25,beta,24,65,0.16002208775242496,0.5103941200665252,-7.953840596411355e-05,0.0007294018922431311,0,4,2
2026092819,mert_v0,ambient_balanced,0.25,isotonic,24,65,0.16434964396176907,1.519002644403439,0.004248017803379994,0.005056958101587239,0,4,0
2026092819,mert_v0,ambient_balanced,0.25,ridge_platt,24,65,0.1554169888427003,0.4975614162219674,-0.004684637315688772,-0.0038756970174815275,0,4,0
2026092819,mert_v0,ambient_balanced,0.5,raw,47,126,0.16010162615838908,0.4901589565346102,0.0,0.006206310451543906,0,4,0
2026092819,mert_v0,ambient_balanced,0.5,prior_offset,47,126,0.15170958053430864,0.46755681261485443,-0.00839204562408044,-0.002185735172536535,0,4,0
2026092819,mert_v0,ambient_balanced,0.5,temperature,47,126,0.1625911740631123,0.5095231905309963,0.0024895479047232216,0.008695858356267128,0,4,0
2026092819,mert_v0,ambient_balanced,0.5,platt,47,126,0.15389531570684517,0.48817905373372716,-0.006206310451543906,0.0,0,4,0
2026092819,mert_v0,ambient_balanced,0.5,beta,47,126,0.1544001135457514,0.48742685864358143,-0.0057015126126376825,0.0005047978389062235,0,4,0
2026092819,mert_v0,ambient_balanced,0.5,isotonic,47,126,0.15472203837372478,0.9277718445828627,-0.005379587784664297,0.000826722666879609,0,4,0
2026092819,mert_v0,ambient_balanced,0.5,ridge_platt,47,126,0.15154878190410997,0.4769121438692129,-0.008552844254279102,-0.0023465338027351956,0,4,0
2026092819,mert_v0,ambient_balanced,1.0,raw,94,234,0.16010162615838908,0.4901589565346102,0.0,0.007755849390800845,0,4,0
2026092819,mert_v0,ambient_balanced,1.0,prior_offset,94,234,0.15170958053430864,0.46755681261485443,-0.00839204562408044,-0.0006361962332795956,0,4,0
2026092819,mert_v0,ambient_balanced,1.0,temperature,94,234,0.16084145741856443,0.4969690575985481,0.0007398312601753498,0.008495680650976195,0,4,0
2026092819,mert_v0,ambient_balanced,1.0,platt,94,234,0.15234577676758823,0.47406767573893016,-0.007755849390800845,0.0,0,4,0
2026092819,mert_v0,ambient_balanced,1.0,beta,94,234,0.15290263837182544,0.4748284626479983,-0.007198987786563638,0.0005568616042372077,0,4,0
2026092819,mert_v0,ambient_balanced,1.0,isotonic,94,234,0.15586969242729723,0.8984275873875208,-0.004231933731091847,0.0035239156597089982,0,4,0
2026092819,mert_v0,ambient_balanced,1.0,ridge_platt,94,234,0.15167069809229075,0.47139807428802016,-0.008430928066098325,-0.0006750786752974802,0,4,0
2026092819,mert_v0,unweighted,0.25,raw,24,65,0.15097986452970058,0.4663225851807355,0.0,-0.008115733489107324,0,4,0
2026092819,mert_v0,unweighted,0.25,prior_offset,24,65,0.15097986452970058,0.4663225851807355,0.0,-0.008115733489107324,0,4,0
2026092819,mert_v0,unweighted,0.25,temperature,24,65,0.15447423172227343,0.48898920594136835,0.0034943671925728448,-0.004621366296534479,0,4,0
2026092819,mert_v0,unweighted,0.25,platt,24,65,0.1590955980188079,0.515960224150166,0.008115733489107324,0.0,0,4,0
2026092819,mert_v0,unweighted,0.25,beta,24,65,0.1599750838167169,0.510453951409846,0.008995219287016326,0.000879485797909002,0,4,2
2026092819,mert_v0,unweighted,0.25,isotonic,24,65,0.16437082913932863,1.4877147697920279,0.013390964609628048,0.005275231120520724,0,4,0
2026092819,mert_v0,unweighted,0.25,ridge_platt,24,65,0.15315731369821015,0.4907951519671069,0.0021774491685095654,-0.005938284320597759,0,4,0
2026092819,mert_v0,unweighted,0.5,raw,47,126,0.15097986452970058,0.4663225851807355,0.0,-0.0027644778908141876,0,4,0
2026092819,mert_v0,unweighted,0.5,prior_offset,47,126,0.15097986452970058,0.4663225851807355,0.0,-0.0027644778908141876,0,4,0
2026092819,mert_v0,unweighted,0.5,temperature,47,126,0.1526230233370532,0.4839250066865507,0.0016431588073526071,-0.0011213190834615805,0,4,0
2026092819,mert_v0,unweighted,0.5,platt,47,126,0.15374434242051477,0.4878497830413132,0.0027644778908141876,0.0,0,4,0
2026092819,mert_v0,unweighted,0.5,beta,47,126,0.15377112256724917,0.48559147724066004,0.002791258037548594,2.678014673440643e-05,0,4,0
2026092819,mert_v0,unweighted,0.5,isotonic,47,126,0.15547964322770225,0.9298807762066981,0.004499778698001666,0.0017353008071874787,0,4,0
2026092819,mert_v0,unweighted,0.5,ridge_platt,47,126,0.1511749308926012,0.47574365357521453,0.00019506636290061996,-0.0025694115279135676,0,4,0
2026092819,mert_v0,unweighted,1.0,raw,94,234,0.15097986452970058,0.4663225851807355,0.0,-0.0012379157042928801,0,4,0
2026092819,mert_v0,unweighted,1.0,prior_offset,94,234,0.15097986452970058,0.4663225851807355,0.0,-0.0012379157042928801,0,4,0
2026092819,mert_v0,unweighted,1.0,temperature,94,234,0.15194035884670704,0.47335177400984996,0.000960494317006455,-0.00027742138728642507,0,4,0
2026092819,mert_v0,unweighted,1.0,platt,94,234,0.15221778023399346,0.4739587901487101,0.0012379157042928801,0.0,0,4,0
2026092819,mert_v0,unweighted,1.0,beta,94,234,0.15240515549557238,0.4733787708033961,0.001425290965871795,0.00018737526157891482,0,4,0
2026092819,mert_v0,unweighted,1.0,isotonic,94,234,0.15603613063794455,0.8999365352792679,0.005056266108243973,0.003818350403951093,0,4,0
2026092819,mert_v0,unweighted,1.0,ridge_platt,94,234,0.15123744386873364,0.4699876735375669,0.0002575793390330594,-0.0009803363652598207,0,4,0
2026092819,mert_v1,ambient_balanced,0.25,raw,24,65,0.15993734824362543,0.4900943652172248,0.0,0.0008800548040768796,0,4,0
2026092819,mert_v1,ambient_balanced,0.25,prior_offset,24,65,0.15250044786485306,0.4694950539477474,-0.007436900378772371,-0.006556845574695491,0,4,0
2026092819,mert_v1,ambient_balanced,0.25,temperature,24,65,0.1632141358878628,0.5080643438954653,0.003276787644237361,0.004156842448314241,0,4,0
2026092819,mert_v1,ambient_balanced,0.25,platt,24,65,0.15905729343954855,0.5039183403381715,-0.0008800548040768796,0.0,0,4,0
2026092819,mert_v1,ambient_balanced,0.25,beta,24,65,0.16000531477139404,0.5034475320676839,6.796652776860923e-05,0.0009480213318454889,0,4,2
2026092819,mert_v1,ambient_balanced,0.25,isotonic,24,65,0.16606540808138356,1.2915073395923427,0.006128059837758132,0.0070081146418350115,0,4,0
2026092819,mert_v1,ambient_balanced,0.25,ridge_platt,24,65,0.15578066323027495,0.490819134802877,-0.004156685013350481,-0.003276630209273601,0,4,0
2026092819,mert_v1,ambient_balanced,0.5,raw,47,126,0.15993734824362543,0.4900943652172248,0.0,0.005200864980899889,0,4,0
2026092819,mert_v1,ambient_balanced,0.5,prior_offset,47,126,0.15250044786485306,0.4694950539477474,-0.007436900378772371,-0.0022360353978724823,0,4,0
2026092819,mert_v1,ambient_balanced,0.5,temperature,47,126,0.1631169847958091,0.5118770863684003,0.0031796365521836734,0.008380501533083562,0,4,0
2026092819,mert_v1,ambient_balanced,0.5,platt,47,126,0.15473648326272554,0.48973646510685964,-0.005200864980899889,0.0,0,4,0
2026092819,mert_v1,ambient_balanced,0.5,beta,47,126,0.15471402546766988,0.4874783290202736,-0.005223322775955552,-2.24577950556637e-05,0,4,1
2026092819,mert_v1,ambient_balanced,0.5,isotonic,47,126,0.1562050243408896,0.8994563977111526,-0.00373232390273584,0.0014685410781640484,0,4,0
2026092819,mert_v1,ambient_balanced,0.5,ridge_platt,47,126,0.15258356970641843,0.4792889991058425,-0.007353778537207006,-0.0021529135563071178,0,4,0
2026092819,mert_v1,ambient_balanced,1.0,raw,94,234,0.15993734824362543,0.4900943652172248,0.0,0.005870697587242457,0,4,0
2026092819,mert_v1,ambient_balanced,1.0,prior_offset,94,234,0.15250044786485306,0.4694950539477474,-0.007436900378772371,-0.0015662027915299137,0,4,0
2026092819,mert_v1,ambient_balanced,1.0,temperature,94,234,0.1613973067071267,0.4991626287762063,0.0014599584635012763,0.0073306560507437335,0,4,0
2026092819,mert_v1,ambient_balanced,1.0,platt,94,234,0.15406665065638298,0.478109500655528,-0.005870697587242457,0.0,0,4,0
2026092819,mert_v1,ambient_balanced,1.0,beta,94,234,0.1536169480926019,0.47557986869043567,-0.006320400151023531,-0.00044970256378107365,0,4,0
2026092819,mert_v1,ambient_balanced,1.0,isotonic,94,234,0.15432744974141852,0.7637464767412132,-0.005609898502206917,0.00026079908503554017,0,4,0
2026092819,mert_v1,ambient_balanced,1.0,ridge_platt,94,234,0.15300989300502144,0.47515537518099216,-0.006927455238603997,-0.0010567576513615395,0,4,0
2026092819,mert_v1,unweighted,0.25,raw,24,65,0.15199761726229316,0.46868533651389743,0.0,-0.006975921802641616,0,4,0
2026092819,mert_v1,unweighted,0.25,prior_offset,24,65,0.15199761726229316,0.46868533651389743,0.0,-0.006975921802641616,0,4,0
2026092819,mert_v1,unweighted,0.25,temperature,24,65,0.15557792052260236,0.48749749265324105,0.0035803032603091978,-0.003395618542332418,0,4,0
2026092819,mert_v1,unweighted,0.25,platt,24,65,0.15897353906493478,0.5038450066394695,0.006975921802641616,0.0,0,4,0
2026092819,mert_v1,unweighted,0.25,beta,24,65,0.15984178146615827,0.5030524319104057,0.007844164203865106,0.0008682424012234902,0,4,2
2026092819,mert_v1,unweighted,0.25,isotonic,24,65,0.1653198318168992,1.2565078703843988,0.013322214554606027,0.006346292751964411,0,4,0
2026092819,mert_v1,unweighted,0.25,ridge_platt,24,65,0.15775857866754323,0.4976641718366086,0.005760961405250065,-0.0012149603973915513,0,4,0
2026092819,mert_v1,unweighted,0.5,raw,47,126,0.15199761726229316,0.46868533651389743,0.0,-0.0027581091065192465,0,4,0
2026092819,mert_v1,unweighted,0.5,prior_offset,47,126,0.15199761726229316,0.46868533651389743,0.0,-0.0027581091065192465,0,4,0
2026092819,mert_v1,unweighted,0.5,temperature,47,126,0.15424113167950537,0.4884453621164395,0.0022435144172122112,-0.0005145946893070352,0,4,0
2026092819,mert_v1,unweighted,0.5,platt,47,126,0.1547557263688124,0.4898676534344264,0.0027581091065192465,0.0,0,4,0
2026092819,mert_v1,unweighted,0.5,beta,47,126,0.1542021611787242,0.4860216920163971,0.0022045439164310454,-0.000553565190088201,0,4,1
2026092819,mert_v1,unweighted,0.5,isotonic,47,126,0.1570874731224093,0.9021291498021984,0.005089855860116149,0.0023317467535969028,0,4,0
2026092819,mert_v1,unweighted,0.5,ridge_platt,47,126,0.15242100316592394,0.47808759528160244,0.00042338590363077966,-0.002334723202888467,0,4,0
2026092819,mert_v1,unweighted,1.0,raw,94,234,0.15199761726229316,0.46868533651389743,0.0,-0.0020404392187381437,0,4,0
2026092819,mert_v1,unweighted,1.0,prior_offset,94,234,0.15199761726229316,0.46868533651389743,0.0,-0.0020404392187381437,0,4,0
2026092819,mert_v1,unweighted,1.0,temperature,94,234,0.1531917461841459,0.47689229382023735,0.0011941289218527495,-0.0008463102968853942,0,4,0
2026092819,mert_v1,unweighted,1.0,platt,94,234,0.1540380564810313,0.4782116756562412,0.0020404392187381437,0.0,0,4,0
2026092819,mert_v1,unweighted,1.0,beta,94,234,0.1531797998892263,0.47437774049068737,0.0011821826269331481,-0.0008582565918049956,0,4,1
2026092819,mert_v1,unweighted,1.0,isotonic,94,234,0.1537646796908127,0.7631742028403032,0.001767062428519539,-0.0002733767902186046,0,4,0
2026092819,mert_v1,unweighted,1.0,ridge_platt,94,234,0.15243875135733967,0.4733340184712944,0.00044113409504650813,-0.0015993051236916356,0,4,0
