seed,representation,weighting,method,label,bins,bin,count,mean_probability,positive_fraction
2026092800,maest,ambient_balanced,raw,electronic,5,0,91,0.08418874649503609,0.054945054945054944
2026092800,maest,ambient_balanced,raw,electronic,5,1,49,0.28355033302460786,0.40816326530612246
2026092800,maest,ambient_balanced,raw,electronic,5,2,42,0.4940553224640447,0.4523809523809524
2026092800,maest,ambient_balanced,raw,electronic,5,3,39,0.707062264835739,0.5897435897435898
2026092800,maest,ambient_balanced,raw,electronic,5,4,25,0.8679557360671685,0.92
2026092800,maest,ambient_balanced,raw,electronic,10,0,59,0.05459142026601531,0.05084745762711865
2026092800,maest,ambient_balanced,raw,electronic,10,1,32,0.13875881672979312,0.0625
2026092800,maest,ambient_balanced,raw,electronic,10,2,29,0.2454510961888489,0.3793103448275862
2026092800,maest,ambient_balanced,raw,electronic,10,3,20,0.33879422643645835,0.45
2026092800,maest,ambient_balanced,raw,electronic,10,4,25,0.44985197284887823,0.48
2026092800,maest,ambient_balanced,raw,electronic,10,5,17,0.559060248368701,0.4117647058823529
2026092800,maest,ambient_balanced,raw,electronic,10,6,16,0.6510138053211052,0.625
2026092800,maest,ambient_balanced,raw,electronic,10,7,23,0.7460524975415711,0.5652173913043478
2026092800,maest,ambient_balanced,raw,electronic,10,8,18,0.8466295054335676,0.8888888888888888
2026092800,maest,ambient_balanced,raw,electronic,10,9,7,0.9227946148392846,1.0
2026092800,maest,ambient_balanced,raw,pop,5,0,131,0.11177498152993855,0.13740458015267176
2026092800,maest,ambient_balanced,raw,pop,5,1,86,0.2817004955214407,0.22093023255813954
2026092800,maest,ambient_balanced,raw,pop,5,2,23,0.46062041502069456,0.34782608695652173
2026092800,maest,ambient_balanced,raw,pop,5,3,5,0.6897777937128762,0.2
2026092800,maest,ambient_balanced,raw,pop,5,4,1,0.8039744564774848,1.0
2026092800,maest,ambient_balanced,raw,pop,10,0,47,0.06470139826634429,0.1276595744680851
2026092800,maest,ambient_balanced,raw,pop,10,1,84,0.1381137721655211,0.14285714285714285
2026092800,maest,ambient_balanced,raw,pop,10,2,55,0.24700701940827105,0.21818181818181817
2026092800,maest,ambient_balanced,raw,pop,10,3,31,0.34325343701254796,0.22580645161290322
2026092800,maest,ambient_balanced,raw,pop,10,4,19,0.4431630447315258,0.3684210526315789
2026092800,maest,ambient_balanced,raw,pop,10,5,4,0.543542923894245,0.25
2026092800,maest,ambient_balanced,raw,pop,10,6,3,0.6574864324250876,0.0
2026092800,maest,ambient_balanced,raw,pop,10,7,2,0.7382148356445591,0.5
2026092800,maest,ambient_balanced,raw,pop,10,8,1,0.8039744564774848,1.0
2026092800,maest,ambient_balanced,raw,pop,10,9,0,,
2026092800,maest,ambient_balanced,raw,ambient,5,0,100,0.10756827455240861,0.08
2026092800,maest,ambient_balanced,raw,ambient,5,1,69,0.29353668459765964,0.2463768115942029
2026092800,maest,ambient_balanced,raw,ambient,5,2,46,0.49847598029646994,0.32608695652173914
2026092800,maest,ambient_balanced,raw,ambient,5,3,17,0.6792549295530653,0.29411764705882354
2026092800,maest,ambient_balanced,raw,ambient,5,4,14,0.8676364868033962,0.5
2026092800,maest,ambient_balanced,raw,ambient,10,0,44,0.05884377272199667,0.045454545454545456
2026092800,maest,ambient_balanced,raw,ambient,10,1,56,0.14585181170487513,0.10714285714285714
2026092800,maest,ambient_balanced,raw,ambient,10,2,37,0.2442329138149331,0.13513513513513514
2026092800,maest,ambient_balanced,raw,ambient,10,3,32,0.3505441695651872,0.375
2026092800,maest,ambient_balanced,raw,ambient,10,4,23,0.44236247509663346,0.21739130434782608
2026092800,maest,ambient_balanced,raw,ambient,10,5,23,0.5545894854963064,0.43478260869565216
2026092800,maest,ambient_balanced,raw,ambient,10,6,10,0.6388259738921562,0.3
2026092800,maest,ambient_balanced,raw,ambient,10,7,7,0.737010580497221,0.2857142857142857
2026092800,maest,ambient_balanced,raw,ambient,10,8,11,0.8479990787373779,0.45454545454545453
2026092800,maest,ambient_balanced,raw,ambient,10,9,3,0.9396403163787967,0.6666666666666666
2026092800,maest,ambient_balanced,raw,rock,5,0,198,0.06339002018161875,0.08585858585858586
2026092800,maest,ambient_balanced,raw,rock,5,1,15,0.25952394499313347,0.4666666666666667
2026092800,maest,ambient_balanced,raw,rock,5,2,13,0.48342439802268206,0.6923076923076923
2026092800,maest,ambient_balanced,raw,rock,5,3,10,0.6939560126083208,0.7
2026092800,maest,ambient_balanced,raw,rock,5,4,10,0.869250504031362,0.9
2026092800,maest,ambient_balanced,raw,rock,10,0,162,0.04626509064905847,0.06172839506172839
2026092800,maest,ambient_balanced,raw,rock,10,1,36,0.14045220307814002,0.19444444444444445
2026092800,maest,ambient_balanced,raw,rock,10,2,13,0.24887988125572955,0.46153846153846156
2026092800,maest,ambient_balanced,raw,rock,10,3,2,0.32871035928625914,0.5
2026092800,maest,ambient_balanced,raw,rock,10,4,9,0.44667534821211746,0.5555555555555556
2026092800,maest,ambient_balanced,raw,rock,10,5,4,0.5661097600964523,1.0
2026092800,maest,ambient_balanced,raw,rock,10,6,5,0.6551016872043268,0.6
2026092800,maest,ambient_balanced,raw,rock,10,7,5,0.732810338012315,0.8
2026092800,maest,ambient_balanced,raw,rock,10,8,8,0.854768481791802,0.875
2026092800,maest,ambient_balanced,raw,rock,10,9,2,0.9271785929896019,1.0
2026092800,maest,ambient_balanced,prior_offset,electronic,5,0,91,0.08418874649503609,0.054945054945054944
2026092800,maest,ambient_balanced,prior_offset,electronic,5,1,49,0.28355033302460786,0.40816326530612246
2026092800,maest,ambient_balanced,prior_offset,electronic,5,2,42,0.4940553224640447,0.4523809523809524
2026092800,maest,ambient_balanced,prior_offset,electronic,5,3,39,0.707062264835739,0.5897435897435898
2026092800,maest,ambient_balanced,prior_offset,electronic,5,4,25,0.8679557360671685,0.92
2026092800,maest,ambient_balanced,prior_offset,electronic,10,0,59,0.05459142026601531,0.05084745762711865
2026092800,maest,ambient_balanced,prior_offset,electronic,10,1,32,0.13875881672979312,0.0625
2026092800,maest,ambient_balanced,prior_offset,electronic,10,2,29,0.2454510961888489,0.3793103448275862
2026092800,maest,ambient_balanced,prior_offset,electronic,10,3,20,0.33879422643645835,0.45
2026092800,maest,ambient_balanced,prior_offset,electronic,10,4,25,0.44985197284887823,0.48
2026092800,maest,ambient_balanced,prior_offset,electronic,10,5,17,0.559060248368701,0.4117647058823529
2026092800,maest,ambient_balanced,prior_offset,electronic,10,6,16,0.6510138053211052,0.625
2026092800,maest,ambient_balanced,prior_offset,electronic,10,7,23,0.7460524975415711,0.5652173913043478
2026092800,maest,ambient_balanced,prior_offset,electronic,10,8,18,0.8466295054335676,0.8888888888888888
2026092800,maest,ambient_balanced,prior_offset,electronic,10,9,7,0.9227946148392846,1.0
2026092800,maest,ambient_balanced,prior_offset,pop,5,0,131,0.11177498152993855,0.13740458015267176
2026092800,maest,ambient_balanced,prior_offset,pop,5,1,86,0.2817004955214407,0.22093023255813954
2026092800,maest,ambient_balanced,prior_offset,pop,5,2,23,0.46062041502069456,0.34782608695652173
2026092800,maest,ambient_balanced,prior_offset,pop,5,3,5,0.6897777937128762,0.2
2026092800,maest,ambient_balanced,prior_offset,pop,5,4,1,0.8039744564774848,1.0
2026092800,maest,ambient_balanced,prior_offset,pop,10,0,47,0.06470139826634429,0.1276595744680851
2026092800,maest,ambient_balanced,prior_offset,pop,10,1,84,0.1381137721655211,0.14285714285714285
2026092800,maest,ambient_balanced,prior_offset,pop,10,2,55,0.24700701940827105,0.21818181818181817
2026092800,maest,ambient_balanced,prior_offset,pop,10,3,31,0.34325343701254796,0.22580645161290322
2026092800,maest,ambient_balanced,prior_offset,pop,10,4,19,0.4431630447315258,0.3684210526315789
2026092800,maest,ambient_balanced,prior_offset,pop,10,5,4,0.543542923894245,0.25
2026092800,maest,ambient_balanced,prior_offset,pop,10,6,3,0.6574864324250876,0.0
2026092800,maest,ambient_balanced,prior_offset,pop,10,7,2,0.7382148356445591,0.5
2026092800,maest,ambient_balanced,prior_offset,pop,10,8,1,0.8039744564774848,1.0
2026092800,maest,ambient_balanced,prior_offset,pop,10,9,0,,
2026092800,maest,ambient_balanced,prior_offset,ambient,5,0,192,0.06925269744118316,0.15625
2026092800,maest,ambient_balanced,prior_offset,ambient,5,1,37,0.2716731492774171,0.3783783783783784
2026092800,maest,ambient_balanced,prior_offset,ambient,5,2,9,0.5103545155233311,0.4444444444444444
2026092800,maest,ambient_balanced,prior_offset,ambient,5,3,6,0.6401029651333798,0.5
2026092800,maest,ambient_balanced,prior_offset,ambient,5,4,2,0.8491213761817566,0.5
2026092800,maest,ambient_balanced,prior_offset,ambient,10,0,139,0.04252024172982835,0.09352517985611511
2026092800,maest,ambient_balanced,prior_offset,ambient,10,1,53,0.13936234543888726,0.32075471698113206
2026092800,maest,ambient_balanced,prior_offset,ambient,10,2,28,0.24462062539108517,0.39285714285714285
2026092800,maest,ambient_balanced,prior_offset,ambient,10,3,9,0.3558365569237831,0.3333333333333333
2026092800,maest,ambient_balanced,prior_offset,ambient,10,4,3,0.44244831102746024,0.3333333333333333
2026092800,maest,ambient_balanced,prior_offset,ambient,10,5,6,0.5443076177712665,0.5
2026092800,maest,ambient_balanced,prior_offset,ambient,10,6,6,0.6401029651333798,0.5
2026092800,maest,ambient_balanced,prior_offset,ambient,10,7,0,,
2026092800,maest,ambient_balanced,prior_offset,ambient,10,8,2,0.8491213761817566,0.5
2026092800,maest,ambient_balanced,prior_offset,ambient,10,9,0,,
2026092800,maest,ambient_balanced,prior_offset,rock,5,0,198,0.06339002018161875,0.08585858585858586
2026092800,maest,ambient_balanced,prior_offset,rock,5,1,15,0.25952394499313347,0.4666666666666667
2026092800,maest,ambient_balanced,prior_offset,rock,5,2,13,0.48342439802268206,0.6923076923076923
2026092800,maest,ambient_balanced,prior_offset,rock,5,3,10,0.6939560126083208,0.7
2026092800,maest,ambient_balanced,prior_offset,rock,5,4,10,0.869250504031362,0.9
2026092800,maest,ambient_balanced,prior_offset,rock,10,0,162,0.04626509064905847,0.06172839506172839
2026092800,maest,ambient_balanced,prior_offset,rock,10,1,36,0.14045220307814002,0.19444444444444445
2026092800,maest,ambient_balanced,prior_offset,rock,10,2,13,0.24887988125572955,0.46153846153846156
2026092800,maest,ambient_balanced,prior_offset,rock,10,3,2,0.32871035928625914,0.5
2026092800,maest,ambient_balanced,prior_offset,rock,10,4,9,0.44667534821211746,0.5555555555555556
2026092800,maest,ambient_balanced,prior_offset,rock,10,5,4,0.5661097600964523,1.0
2026092800,maest,ambient_balanced,prior_offset,rock,10,6,5,0.6551016872043268,0.6
2026092800,maest,ambient_balanced,prior_offset,rock,10,7,5,0.732810338012315,0.8
2026092800,maest,ambient_balanced,prior_offset,rock,10,8,8,0.854768481791802,0.875
2026092800,maest,ambient_balanced,prior_offset,rock,10,9,2,0.9271785929896019,1.0
2026092800,maest,ambient_balanced,temperature,electronic,5,0,100,0.08381672471163838,0.07
2026092800,maest,ambient_balanced,temperature,electronic,5,1,41,0.2905674905063445,0.43902439024390244
2026092800,maest,ambient_balanced,temperature,electronic,5,2,39,0.49041095783693894,0.46153846153846156
2026092800,maest,ambient_balanced,temperature,electronic,5,3,37,0.7041732630719869,0.5945945945945946
2026092800,maest,ambient_balanced,temperature,electronic,5,4,29,0.871465670107286,0.8620689655172413
2026092800,maest,ambient_balanced,temperature,electronic,10,0,68,0.0518072616593057,0.04411764705882353
2026092800,maest,ambient_balanced,temperature,electronic,10,1,32,0.15183683369784534,0.125
2026092800,maest,ambient_balanced,temperature,electronic,10,2,26,0.25798543886364605,0.38461538461538464
2026092800,maest,ambient_balanced,temperature,electronic,10,3,15,0.3470430466870218,0.5333333333333333
2026092800,maest,ambient_balanced,temperature,electronic,10,4,24,0.4482410446534632,0.5
2026092800,maest,ambient_balanced,temperature,electronic,10,5,15,0.5578828189305,0.4
2026092800,maest,ambient_balanced,temperature,electronic,10,6,17,0.6515812408694407,0.6470588235294118
2026092800,maest,ambient_balanced,temperature,electronic,10,7,20,0.7488764819441511,0.55
2026092800,maest,ambient_balanced,temperature,electronic,10,8,20,0.8459878733448527,0.8
2026092800,maest,ambient_balanced,temperature,electronic,10,9,9,0.9280829962460272,1.0
2026092800,maest,ambient_balanced,temperature,pop,5,0,158,0.1000529868411752,0.16455696202531644
2026092800,maest,ambient_balanced,temperature,pop,5,1,64,0.28902345255942713,0.203125
2026092800,maest,ambient_balanced,temperature,pop,5,2,18,0.4713645559178095,0.3333333333333333
2026092800,maest,ambient_balanced,temperature,pop,5,3,5,0.7180221556422518,0.2
2026092800,maest,ambient_balanced,temperature,pop,5,4,1,0.8400645394138244,1.0
2026092800,maest,ambient_balanced,temperature,pop,10,0,88,0.06160972227393725,0.11363636363636363
2026092800,maest,ambient_balanced,temperature,pop,10,1,70,0.14838166229713154,0.22857142857142856
2026092800,maest,ambient_balanced,temperature,pop,10,2,39,0.25178073923236005,0.15384615384615385
2026092800,maest,ambient_balanced,temperature,pop,10,3,25,0.3471220853496518,0.28
2026092800,maest,ambient_balanced,temperature,pop,10,4,14,0.44858923219159463,0.35714285714285715
2026092800,maest,ambient_balanced,temperature,pop,10,5,4,0.5510781889595613,0.25
2026092800,maest,ambient_balanced,temperature,pop,10,6,1,0.6245955167154186,0.0
2026092800,maest,ambient_balanced,temperature,pop,10,7,4,0.74137881537396,0.25
2026092800,maest,ambient_balanced,temperature,pop,10,8,1,0.8400645394138244,1.0
2026092800,maest,ambient_balanced,temperature,pop,10,9,0,,
2026092800,maest,ambient_balanced,temperature,ambient,5,0,113,0.09440732657699417,0.08849557522123894
2026092800,maest,ambient_balanced,temperature,ambient,5,1,59,0.2932311620834612,0.2542372881355932
2026092800,maest,ambient_balanced,temperature,ambient,5,2,41,0.5007774052517188,0.36585365853658536
2026092800,maest,ambient_balanced,temperature,ambient,5,3,18,0.6854288713727928,0.2222222222222222
2026092800,maest,ambient_balanced,temperature,ambient,5,4,15,0.8900339725749098,0.5333333333333333
2026092800,maest,ambient_balanced,temperature,ambient,10,0,62,0.05380808512477379,0.08064516129032258
2026092800,maest,ambient_balanced,temperature,ambient,10,1,51,0.14376326716596796,0.09803921568627451
2026092800,maest,ambient_balanced,temperature,ambient,10,2,34,0.24910299716583892,0.17647058823529413
2026092800,maest,ambient_balanced,temperature,ambient,10,3,25,0.3532454663714278,0.36
2026092800,maest,ambient_balanced,temperature,ambient,10,4,20,0.44035466356265934,0.25
2026092800,maest,ambient_balanced,temperature,ambient,10,5,21,0.5583228735270134,0.47619047619047616
2026092800,maest,ambient_balanced,temperature,ambient,10,6,10,0.6370537278560594,0.1
2026092800,maest,ambient_balanced,temperature,ambient,10,7,8,0.7458978007687094,0.375
2026092800,maest,ambient_balanced,temperature,ambient,10,8,11,0.8686609097340096,0.45454545454545453
2026092800,maest,ambient_balanced,temperature,ambient,10,9,4,0.9488098953873859,0.75
2026092800,maest,ambient_balanced,temperature,rock,5,0,185,0.09180348656019516,0.08648648648648649
2026092800,maest,ambient_balanced,temperature,rock,5,1,28,0.2672391802744756,0.2857142857142857
2026092800,maest,ambient_balanced,temperature,rock,5,2,14,0.4941631686977323,0.6428571428571429
2026092800,maest,ambient_balanced,temperature,rock,5,3,12,0.6908537523049029,0.8333333333333334
2026092800,maest,ambient_balanced,temperature,rock,5,4,7,0.8432212689623361,0.8571428571428571
2026092800,maest,ambient_balanced,temperature,rock,10,0,120,0.06582750773953853,0.016666666666666666
2026092800,maest,ambient_balanced,temperature,rock,10,1,65,0.13975913976756127,0.2153846153846154
2026092800,maest,ambient_balanced,temperature,rock,10,2,20,0.24198878348312686,0.15
2026092800,maest,ambient_balanced,temperature,rock,10,3,8,0.33036517225284723,0.625
2026092800,maest,ambient_balanced,temperature,rock,10,4,9,0.45748443612295653,0.5555555555555556
2026092800,maest,ambient_balanced,temperature,rock,10,5,5,0.5601848873323287,0.8
2026092800,maest,ambient_balanced,temperature,rock,10,6,8,0.6559785129308877,0.75
2026092800,maest,ambient_balanced,temperature,rock,10,7,4,0.7606042310529332,1.0
2026092800,maest,ambient_balanced,temperature,rock,10,8,7,0.8432212689623361,0.8571428571428571
2026092800,maest,ambient_balanced,temperature,rock,10,9,0,,
2026092800,maest,ambient_balanced,platt,electronic,5,0,107,0.08109336301218029,0.09345794392523364
2026092800,maest,ambient_balanced,platt,electronic,5,1,53,0.29981550925742934,0.4528301886792453
2026092800,maest,ambient_balanced,platt,electronic,5,2,33,0.5060155174316906,0.5454545454545454
2026092800,maest,ambient_balanced,platt,electronic,5,3,34,0.6927518523345588,0.6176470588235294
2026092800,maest,ambient_balanced,platt,electronic,5,4,19,0.8552831877978968,0.8947368421052632
2026092800,maest,ambient_balanced,platt,electronic,10,0,75,0.05133989180420256,0.05333333333333334
2026092800,maest,ambient_balanced,platt,electronic,10,1,32,0.15082806115587807,0.1875
2026092800,maest,ambient_balanced,platt,electronic,10,2,28,0.24445422612362883,0.4642857142857143
2026092800,maest,ambient_balanced,platt,electronic,10,3,25,0.3618201463672859,0.44
2026092800,maest,ambient_balanced,platt,electronic,10,4,15,0.4528844593915851,0.4666666666666667
2026092800,maest,ambient_balanced,platt,electronic,10,5,18,0.5502913991317786,0.6111111111111112
2026092800,maest,ambient_balanced,platt,electronic,10,6,19,0.6555217657342236,0.47368421052631576
2026092800,maest,ambient_balanced,platt,electronic,10,7,15,0.7399099620283163,0.8
2026092800,maest,ambient_balanced,platt,electronic,10,8,17,0.8446076526206401,0.8823529411764706
2026092800,maest,ambient_balanced,platt,electronic,10,9,2,0.9460252368045805,1.0
2026092800,maest,ambient_balanced,platt,pop,5,0,140,0.08668687125878137,0.15
2026092800,maest,ambient_balanced,platt,pop,5,1,68,0.2801659776989426,0.17647058823529413
2026092800,maest,ambient_balanced,platt,pop,5,2,28,0.4908623464624878,0.39285714285714285
2026092800,maest,ambient_balanced,platt,pop,5,3,5,0.6678201285138625,0.2
2026092800,maest,ambient_balanced,platt,pop,5,4,5,0.851768686584838,0.4
2026092800,maest,ambient_balanced,platt,pop,10,0,92,0.057968386822217555,0.10869565217391304
2026092800,maest,ambient_balanced,platt,pop,10,1,48,0.14173063309552872,0.22916666666666666
2026092800,maest,ambient_balanced,platt,pop,10,2,44,0.24484753383548535,0.20454545454545456
2026092800,maest,ambient_balanced,platt,pop,10,3,24,0.344916458115281,0.125
2026092800,maest,ambient_balanced,platt,pop,10,4,15,0.4496123805310129,0.4
2026092800,maest,ambient_balanced,platt,pop,10,5,13,0.5384584609988049,0.38461538461538464
2026092800,maest,ambient_balanced,platt,pop,10,6,4,0.6523788354690148,0.25
2026092800,maest,ambient_balanced,platt,pop,10,7,1,0.7295853006932533,0.0
2026092800,maest,ambient_balanced,platt,pop,10,8,4,0.8363440625206158,0.25
2026092800,maest,ambient_balanced,platt,pop,10,9,1,0.9134671828417265,1.0
2026092800,maest,ambient_balanced,platt,ambient,5,0,184,0.06952191965848925,0.15217391304347827
2026092800,maest,ambient_balanced,platt,ambient,5,1,39,0.27719552617093973,0.3333333333333333
2026092800,maest,ambient_balanced,platt,ambient,5,2,9,0.4657195367296503,0.4444444444444444
2026092800,maest,ambient_balanced,platt,ambient,5,3,12,0.6719955614088259,0.5
2026092800,maest,ambient_balanced,platt,ambient,5,4,2,0.9005457704043764,0.5
2026092800,maest,ambient_balanced,platt,ambient,10,0,134,0.041975408100990486,0.08955223880597014
2026092800,maest,ambient_balanced,platt,ambient,10,1,50,0.14334657063258593,0.32
2026092800,maest,ambient_balanced,platt,ambient,10,2,27,0.25282167627858515,0.4074074074074074
2026092800,maest,ambient_balanced,platt,ambient,10,3,12,0.3320366884287375,0.16666666666666666
2026092800,maest,ambient_balanced,platt,ambient,10,4,7,0.4461511353819864,0.42857142857142855
2026092800,maest,ambient_balanced,platt,ambient,10,5,2,0.5342089414464741,0.5
2026092800,maest,ambient_balanced,platt,ambient,10,6,9,0.648398805544021,0.3333333333333333
2026092800,maest,ambient_balanced,platt,ambient,10,7,3,0.7427858290032404,1.0
2026092800,maest,ambient_balanced,platt,ambient,10,8,1,0.8940504689102653,1.0
2026092800,maest,ambient_balanced,platt,ambient,10,9,1,0.9070410718984876,0.0
2026092800,maest,ambient_balanced,platt,rock,5,0,182,0.09051743388247492,0.08241758241758242
2026092800,maest,ambient_balanced,platt,rock,5,1,29,0.28337405336633315,0.27586206896551724
2026092800,maest,ambient_balanced,platt,rock,5,2,11,0.5081702384049596,0.5454545454545454
2026092800,maest,ambient_balanced,platt,rock,5,3,13,0.7018595951499654,0.7692307692307693
2026092800,maest,ambient_balanced,platt,rock,5,4,11,0.877789586514152,0.9090909090909091
2026092800,maest,ambient_balanced,platt,rock,10,0,120,0.06272472398748684,0.016666666666666666
2026092800,maest,ambient_balanced,platt,rock,10,1,62,0.14430977561470992,0.20967741935483872
2026092800,maest,ambient_balanced,platt,rock,10,2,19,0.2499458861602456,0.15789473684210525
2026092800,maest,ambient_balanced,platt,rock,10,3,10,0.3468875710578995,0.5
2026092800,maest,ambient_balanced,platt,rock,10,4,4,0.45454056623821437,0.5
2026092800,maest,ambient_balanced,platt,rock,10,5,7,0.5388157653573853,0.5714285714285714
2026092800,maest,ambient_balanced,platt,rock,10,6,6,0.6501708195404358,0.8333333333333334
2026092800,maest,ambient_balanced,platt,rock,10,7,7,0.7461642599581337,0.7142857142857143
2026092800,maest,ambient_balanced,platt,rock,10,8,8,0.8606476594530482,1.0
2026092800,maest,ambient_balanced,platt,rock,10,9,3,0.9235013920104289,0.6666666666666666
2026092800,maest,ambient_balanced,beta,electronic,5,0,104,0.0629253303995388,0.07692307692307693
2026092800,maest,ambient_balanced,beta,electronic,5,1,36,0.2891790190674992,0.4722222222222222
2026092800,maest,ambient_balanced,beta,electronic,5,2,47,0.497617386528638,0.48936170212765956
2026092800,maest,ambient_balanced,beta,electronic,5,3,58,0.6975777032592928,0.7068965517241379
2026092800,maest,ambient_balanced,beta,electronic,5,4,1,0.8194890864522313,1.0
2026092800,maest,ambient_balanced,beta,electronic,10,0,79,0.0344022205268168,0.05063291139240506
2026092800,maest,ambient_balanced,beta,electronic,10,1,25,0.15305835759734035,0.16
2026092800,maest,ambient_balanced,beta,electronic,10,2,22,0.2555936003666688,0.4090909090909091
2026092800,maest,ambient_balanced,beta,electronic,10,3,14,0.3419561055973753,0.5714285714285714
2026092800,maest,ambient_balanced,beta,electronic,10,4,25,0.44586028192768623,0.48
2026092800,maest,ambient_balanced,beta,electronic,10,5,22,0.5564322781206289,0.5
2026092800,maest,ambient_balanced,beta,electronic,10,6,30,0.6571685292251392,0.5666666666666667
2026092800,maest,ambient_balanced,beta,electronic,10,7,28,0.7408732468673148,0.8571428571428571
2026092800,maest,ambient_balanced,beta,electronic,10,8,1,0.8194890864522313,1.0
2026092800,maest,ambient_balanced,beta,electronic,10,9,0,,
2026092800,maest,ambient_balanced,beta,pop,5,0,156,0.09978221380943694,0.16025641025641027
2026092800,maest,ambient_balanced,beta,pop,5,1,53,0.2822339170552707,0.1509433962264151
2026092800,maest,ambient_balanced,beta,pop,5,2,26,0.4798931878328271,0.4230769230769231
2026092800,maest,ambient_balanced,beta,pop,5,3,6,0.6795009694653471,0.16666666666666666
2026092800,maest,ambient_balanced,beta,pop,5,4,5,0.9055069523189548,0.4
2026092800,maest,ambient_balanced,beta,pop,10,0,91,0.06388961126550115,0.10989010989010989
2026092800,maest,ambient_balanced,beta,pop,10,1,65,0.15003185737094707,0.23076923076923078
2026092800,maest,ambient_balanced,beta,pop,10,2,32,0.25014287969094506,0.15625
2026092800,maest,ambient_balanced,beta,pop,10,3,21,0.3311345454199574,0.14285714285714285
2026092800,maest,ambient_balanced,beta,pop,10,4,16,0.4439814323445092,0.375
2026092800,maest,ambient_balanced,beta,pop,10,5,10,0.5373519966141357,0.5
2026092800,maest,ambient_balanced,beta,pop,10,6,4,0.6450514242868362,0.25
2026092800,maest,ambient_balanced,beta,pop,10,7,2,0.748400059822369,0.0
2026092800,maest,ambient_balanced,beta,pop,10,8,3,0.8758473103053638,0.0
2026092800,maest,ambient_balanced,beta,pop,10,9,2,0.9499964153393412,1.0
2026092800,maest,ambient_balanced,beta,ambient,5,0,183,0.067410512170942,0.14754098360655737
2026092800,maest,ambient_balanced,beta,ambient,5,1,40,0.2892529752789045,0.35
2026092800,maest,ambient_balanced,beta,ambient,5,2,11,0.4944071659391048,0.45454545454545453
2026092800,maest,ambient_balanced,beta,ambient,5,3,10,0.6627692213409686,0.5
2026092800,maest,ambient_balanced,beta,ambient,5,4,2,0.8608990589268554,0.5
2026092800,maest,ambient_balanced,beta,ambient,10,0,134,0.03795114633335866,0.08955223880597014
2026092800,maest,ambient_balanced,beta,ambient,10,1,49,0.14797285956351686,0.30612244897959184
2026092800,maest,ambient_balanced,beta,ambient,10,2,23,0.25499840225323817,0.43478260869565216
2026092800,maest,ambient_balanced,beta,ambient,10,3,17,0.3355973976077471,0.23529411764705882
2026092800,maest,ambient_balanced,beta,ambient,10,4,7,0.45406059298397505,0.42857142857142855
2026092800,maest,ambient_balanced,beta,ambient,10,5,4,0.5650136686105819,0.5
2026092800,maest,ambient_balanced,beta,ambient,10,6,8,0.6456264980674993,0.375
2026092800,maest,ambient_balanced,beta,ambient,10,7,2,0.731340114434846,1.0
2026092800,maest,ambient_balanced,beta,ambient,10,8,2,0.8608990589268554,0.5
2026092800,maest,ambient_balanced,beta,ambient,10,9,0,,
2026092800,maest,ambient_balanced,beta,rock,5,0,175,0.07234976016751546,0.06285714285714286
2026092800,maest,ambient_balanced,beta,rock,5,1,29,0.27594558193474883,0.2413793103448276
2026092800,maest,ambient_balanced,beta,rock,5,2,16,0.502711862495234,0.625
2026092800,maest,ambient_balanced,beta,rock,5,3,26,0.7284684366880124,0.8076923076923077
2026092800,maest,ambient_balanced,beta,rock,5,4,0,,
2026092800,maest,ambient_balanced,beta,rock,10,0,131,0.04817846862503825,0.022900763358778626
2026092800,maest,ambient_balanced,beta,rock,10,1,44,0.14431428725989073,0.18181818181818182
2026092800,maest,ambient_balanced,beta,rock,10,2,18,0.2389407775914879,0.2777777777777778
2026092800,maest,ambient_balanced,beta,rock,10,3,11,0.3364988981328122,0.18181818181818182
2026092800,maest,ambient_balanced,beta,rock,10,4,9,0.4410388172614831,0.6666666666666666
2026092800,maest,ambient_balanced,beta,rock,10,5,7,0.5820057777957707,0.5714285714285714
2026092800,maest,ambient_balanced,beta,rock,10,6,8,0.6606867356032768,0.75
2026092800,maest,ambient_balanced,beta,rock,10,7,18,0.7585936371701171,0.8333333333333334
2026092800,maest,ambient_balanced,beta,rock,10,8,0,,
2026092800,maest,ambient_balanced,beta,rock,10,9,0,,
2026092800,maest,ambient_balanced,isotonic,electronic,5,0,88,0.020359848484848484,0.056818181818181816
2026092800,maest,ambient_balanced,isotonic,electronic,5,1,96,0.3626370888676885,0.4270833333333333
2026092800,maest,ambient_balanced,isotonic,electronic,5,2,1,0.4119317358946243,0.0
2026092800,maest,ambient_balanced,isotonic,electronic,5,3,42,0.6985780423280423,0.6428571428571429
2026092800,maest,ambient_balanced,isotonic,electronic,5,4,19,0.8656325689591206,0.8947368421052632
2026092800,maest,ambient_balanced,isotonic,electronic,10,0,79,0.008438818565400847,0.05063291139240506
2026092800,maest,ambient_balanced,isotonic,electronic,10,1,9,0.125,0.1111111111111111
2026092800,maest,ambient_balanced,isotonic,electronic,10,2,1,0.20251125972349654,0.0
2026092800,maest,ambient_balanced,isotonic,electronic,10,3,95,0.3643226239113118,0.43157894736842106
2026092800,maest,ambient_balanced,isotonic,electronic,10,4,1,0.4119317358946243,0.0
2026092800,maest,ambient_balanced,isotonic,electronic,10,5,0,,
2026092800,maest,ambient_balanced,isotonic,electronic,10,6,32,0.673828125,0.59375
2026092800,maest,ambient_balanced,isotonic,electronic,10,7,10,0.7777777777777778,0.8
2026092800,maest,ambient_balanced,isotonic,electronic,10,8,18,0.8581677116790717,0.8888888888888888
2026092800,maest,ambient_balanced,isotonic,electronic,10,9,1,1.0,1.0
2026092800,maest,ambient_balanced,isotonic,pop,5,0,158,0.07887858124551755,0.16455696202531644
2026092800,maest,ambient_balanced,isotonic,pop,5,1,49,0.26024698483477965,0.14285714285714285
2026092800,maest,ambient_balanced,isotonic,pop,5,2,34,0.5853658536585366,0.35294117647058826
2026092800,maest,ambient_balanced,isotonic,pop,5,3,0,,
2026092800,maest,ambient_balanced,isotonic,pop,5,4,5,0.9368162279919539,0.4
2026092800,maest,ambient_balanced,isotonic,pop,10,0,122,0.05515229707138631,0.12295081967213115
2026092800,maest,ambient_balanced,isotonic,pop,10,1,36,0.15928432205785123,0.3055555555555556
2026092800,maest,ambient_balanced,isotonic,pop,10,2,48,0.2593537571895436,0.14583333333333334
2026092800,maest,ambient_balanced,isotonic,pop,10,3,1,0.30312191180610965,0.0
2026092800,maest,ambient_balanced,isotonic,pop,10,4,0,,
2026092800,maest,ambient_balanced,isotonic,pop,10,5,34,0.5853658536585366,0.35294117647058826
2026092800,maest,ambient_balanced,isotonic,pop,10,6,0,,
2026092800,maest,ambient_balanced,isotonic,pop,10,7,0,,
2026092800,maest,ambient_balanced,isotonic,pop,10,8,2,0.8776816257514237,0.0
2026092800,maest,ambient_balanced,isotonic,pop,10,9,3,0.9762392961523073,0.6666666666666666
2026092800,maest,ambient_balanced,isotonic,ambient,5,0,155,0.032359161900302115,0.12258064516129032
2026092800,maest,ambient_balanced,isotonic,ambient,5,1,76,0.29994179646890423,0.32894736842105265
2026092800,maest,ambient_balanced,isotonic,ambient,5,2,0,,
2026092800,maest,ambient_balanced,isotonic,ambient,5,3,11,0.6574675324675325,0.45454545454545453
2026092800,maest,ambient_balanced,isotonic,ambient,5,4,4,1.0,0.75
2026092800,maest,ambient_balanced,isotonic,ambient,10,0,151,0.028637336204810376,0.11258278145695365
2026092800,maest,ambient_balanced,isotonic,ambient,10,1,4,0.17285808190511487,0.5
2026092800,maest,ambient_balanced,isotonic,ambient,10,2,28,0.27272727272727265,0.2857142857142857
2026092800,maest,ambient_balanced,isotonic,ambient,10,3,48,0.31581693531818944,0.3541666666666667
2026092800,maest,ambient_balanced,isotonic,ambient,10,4,0,,
2026092800,maest,ambient_balanced,isotonic,ambient,10,5,0,,
2026092800,maest,ambient_balanced,isotonic,ambient,10,6,7,0.625,0.5714285714285714
2026092800,maest,ambient_balanced,isotonic,ambient,10,7,4,0.7142857142857143,0.25
2026092800,maest,ambient_balanced,isotonic,ambient,10,8,0,,
2026092800,maest,ambient_balanced,isotonic,ambient,10,9,4,1.0,0.75
2026092800,maest,ambient_balanced,isotonic,rock,5,0,159,0.031866669230349906,0.05660377358490566
2026092800,maest,ambient_balanced,isotonic,rock,5,1,43,0.3403763409091497,0.20930232558139536
2026092800,maest,ambient_balanced,isotonic,rock,5,2,21,0.5396825396825398,0.5714285714285714
2026092800,maest,ambient_balanced,isotonic,rock,5,3,23,0.6653070190924314,0.8260869565217391
2026092800,maest,ambient_balanced,isotonic,rock,5,4,0,,
2026092800,maest,ambient_balanced,isotonic,rock,10,0,158,0.03099615459550009,0.056962025316455694
2026092800,maest,ambient_balanced,isotonic,rock,10,1,1,0.16940798153662145,0.0
2026092800,maest,ambient_balanced,isotonic,rock,10,2,0,,
2026092800,maest,ambient_balanced,isotonic,rock,10,3,43,0.3403763409091497,0.20930232558139536
2026092800,maest,ambient_balanced,isotonic,rock,10,4,0,,
2026092800,maest,ambient_balanced,isotonic,rock,10,5,21,0.5396825396825398,0.5714285714285714
2026092800,maest,ambient_balanced,isotonic,rock,10,6,23,0.6653070190924314,0.8260869565217391
2026092800,maest,ambient_balanced,isotonic,rock,10,7,0,,
2026092800,maest,ambient_balanced,isotonic,rock,10,8,0,,
2026092800,maest,ambient_balanced,isotonic,rock,10,9,0,,
2026092800,maest,ambient_balanced,ridge_platt,electronic,5,0,91,0.08418874649503609,0.054945054945054944
2026092800,maest,ambient_balanced,ridge_platt,electronic,5,1,49,0.28355033302460786,0.40816326530612246
2026092800,maest,ambient_balanced,ridge_platt,electronic,5,2,42,0.4940553224640447,0.4523809523809524
2026092800,maest,ambient_balanced,ridge_platt,electronic,5,3,39,0.707062264835739,0.5897435897435898
2026092800,maest,ambient_balanced,ridge_platt,electronic,5,4,25,0.8679557360671685,0.92
2026092800,maest,ambient_balanced,ridge_platt,electronic,10,0,59,0.05459142026601531,0.05084745762711865
2026092800,maest,ambient_balanced,ridge_platt,electronic,10,1,32,0.13875881672979312,0.0625
2026092800,maest,ambient_balanced,ridge_platt,electronic,10,2,29,0.2454510961888489,0.3793103448275862
2026092800,maest,ambient_balanced,ridge_platt,electronic,10,3,20,0.33879422643645835,0.45
2026092800,maest,ambient_balanced,ridge_platt,electronic,10,4,25,0.44985197284887823,0.48
2026092800,maest,ambient_balanced,ridge_platt,electronic,10,5,17,0.559060248368701,0.4117647058823529
2026092800,maest,ambient_balanced,ridge_platt,electronic,10,6,16,0.6510138053211052,0.625
2026092800,maest,ambient_balanced,ridge_platt,electronic,10,7,23,0.7460524975415711,0.5652173913043478
2026092800,maest,ambient_balanced,ridge_platt,electronic,10,8,18,0.8466295054335676,0.8888888888888888
2026092800,maest,ambient_balanced,ridge_platt,electronic,10,9,7,0.9227946148392846,1.0
2026092800,maest,ambient_balanced,ridge_platt,pop,5,0,131,0.11177498152993855,0.13740458015267176
2026092800,maest,ambient_balanced,ridge_platt,pop,5,1,86,0.2817004955214407,0.22093023255813954
2026092800,maest,ambient_balanced,ridge_platt,pop,5,2,23,0.46062041502069456,0.34782608695652173
2026092800,maest,ambient_balanced,ridge_platt,pop,5,3,5,0.6897777937128762,0.2
2026092800,maest,ambient_balanced,ridge_platt,pop,5,4,1,0.8039744564774848,1.0
2026092800,maest,ambient_balanced,ridge_platt,pop,10,0,47,0.06470139826634429,0.1276595744680851
2026092800,maest,ambient_balanced,ridge_platt,pop,10,1,84,0.1381137721655211,0.14285714285714285
2026092800,maest,ambient_balanced,ridge_platt,pop,10,2,55,0.24700701940827105,0.21818181818181817
2026092800,maest,ambient_balanced,ridge_platt,pop,10,3,31,0.34325343701254796,0.22580645161290322
2026092800,maest,ambient_balanced,ridge_platt,pop,10,4,19,0.4431630447315258,0.3684210526315789
2026092800,maest,ambient_balanced,ridge_platt,pop,10,5,4,0.543542923894245,0.25
2026092800,maest,ambient_balanced,ridge_platt,pop,10,6,3,0.6574864324250876,0.0
2026092800,maest,ambient_balanced,ridge_platt,pop,10,7,2,0.7382148356445591,0.5
2026092800,maest,ambient_balanced,ridge_platt,pop,10,8,1,0.8039744564774848,1.0
2026092800,maest,ambient_balanced,ridge_platt,pop,10,9,0,,
2026092800,maest,ambient_balanced,ridge_platt,ambient,5,0,174,0.07656318159049624,0.14942528735632185
2026092800,maest,ambient_balanced,ridge_platt,ambient,5,1,48,0.2877481440396311,0.3125
2026092800,maest,ambient_balanced,ridge_platt,ambient,5,2,10,0.4931221090168386,0.4
2026092800,maest,ambient_balanced,ridge_platt,ambient,5,3,12,0.6968704527175817,0.5
2026092800,maest,ambient_balanced,ridge_platt,ambient,5,4,2,0.9066685752075295,0.5
2026092800,maest,ambient_balanced,ridge_platt,ambient,10,0,120,0.045637582708651286,0.08333333333333333
2026092800,maest,ambient_balanced,ridge_platt,ambient,10,1,54,0.1452867346612628,0.2962962962962963
2026092800,maest,ambient_balanced,ridge_platt,ambient,10,2,27,0.24468486960687225,0.3333333333333333
2026092800,maest,ambient_balanced,ridge_platt,ambient,10,3,21,0.3431152111674639,0.2857142857142857
2026092800,maest,ambient_balanced,ridge_platt,ambient,10,4,6,0.4638029826997903,0.5
2026092800,maest,ambient_balanced,ridge_platt,ambient,10,5,4,0.5371007984924109,0.25
2026092800,maest,ambient_balanced,ridge_platt,ambient,10,6,6,0.6527972523576419,0.5
2026092800,maest,ambient_balanced,ridge_platt,ambient,10,7,6,0.7409436530775216,0.5
2026092800,maest,ambient_balanced,ridge_platt,ambient,10,8,0,,
2026092800,maest,ambient_balanced,ridge_platt,ambient,10,9,2,0.9066685752075295,0.5
2026092800,maest,ambient_balanced,ridge_platt,rock,5,0,182,0.09051743388247492,0.08241758241758242
2026092800,maest,ambient_balanced,ridge_platt,rock,5,1,29,0.28337405336633315,0.27586206896551724
2026092800,maest,ambient_balanced,ridge_platt,rock,5,2,11,0.5081702384049596,0.5454545454545454
2026092800,maest,ambient_balanced,ridge_platt,rock,5,3,13,0.7018595951499654,0.7692307692307693
2026092800,maest,ambient_balanced,ridge_platt,rock,5,4,11,0.877789586514152,0.9090909090909091
2026092800,maest,ambient_balanced,ridge_platt,rock,10,0,120,0.06272472398748684,0.016666666666666666
2026092800,maest,ambient_balanced,ridge_platt,rock,10,1,62,0.14430977561470992,0.20967741935483872
2026092800,maest,ambient_balanced,ridge_platt,rock,10,2,19,0.2499458861602456,0.15789473684210525
2026092800,maest,ambient_balanced,ridge_platt,rock,10,3,10,0.3468875710578995,0.5
2026092800,maest,ambient_balanced,ridge_platt,rock,10,4,4,0.45454056623821437,0.5
2026092800,maest,ambient_balanced,ridge_platt,rock,10,5,7,0.5388157653573853,0.5714285714285714
2026092800,maest,ambient_balanced,ridge_platt,rock,10,6,6,0.6501708195404358,0.8333333333333334
2026092800,maest,ambient_balanced,ridge_platt,rock,10,7,7,0.7461642599581337,0.7142857142857143
2026092800,maest,ambient_balanced,ridge_platt,rock,10,8,8,0.8606476594530482,1.0
2026092800,maest,ambient_balanced,ridge_platt,rock,10,9,3,0.9235013920104289,0.6666666666666666
2026092800,maest,unweighted,raw,electronic,5,0,91,0.08418874649503609,0.054945054945054944
2026092800,maest,unweighted,raw,electronic,5,1,49,0.28355033302460786,0.40816326530612246
2026092800,maest,unweighted,raw,electronic,5,2,42,0.4940553224640447,0.4523809523809524
2026092800,maest,unweighted,raw,electronic,5,3,39,0.707062264835739,0.5897435897435898
2026092800,maest,unweighted,raw,electronic,5,4,25,0.8679557360671685,0.92
2026092800,maest,unweighted,raw,electronic,10,0,59,0.05459142026601531,0.05084745762711865
2026092800,maest,unweighted,raw,electronic,10,1,32,0.13875881672979312,0.0625
2026092800,maest,unweighted,raw,electronic,10,2,29,0.2454510961888489,0.3793103448275862
2026092800,maest,unweighted,raw,electronic,10,3,20,0.33879422643645835,0.45
2026092800,maest,unweighted,raw,electronic,10,4,25,0.44985197284887823,0.48
2026092800,maest,unweighted,raw,electronic,10,5,17,0.559060248368701,0.4117647058823529
2026092800,maest,unweighted,raw,electronic,10,6,16,0.6510138053211052,0.625
2026092800,maest,unweighted,raw,electronic,10,7,23,0.7460524975415711,0.5652173913043478
2026092800,maest,unweighted,raw,electronic,10,8,18,0.8466295054335676,0.8888888888888888
2026092800,maest,unweighted,raw,electronic,10,9,7,0.9227946148392846,1.0
2026092800,maest,unweighted,raw,pop,5,0,131,0.11177498152993855,0.13740458015267176
2026092800,maest,unweighted,raw,pop,5,1,86,0.2817004955214407,0.22093023255813954
2026092800,maest,unweighted,raw,pop,5,2,23,0.46062041502069456,0.34782608695652173
2026092800,maest,unweighted,raw,pop,5,3,5,0.6897777937128762,0.2
2026092800,maest,unweighted,raw,pop,5,4,1,0.8039744564774848,1.0
2026092800,maest,unweighted,raw,pop,10,0,47,0.06470139826634429,0.1276595744680851
2026092800,maest,unweighted,raw,pop,10,1,84,0.1381137721655211,0.14285714285714285
2026092800,maest,unweighted,raw,pop,10,2,55,0.24700701940827105,0.21818181818181817
2026092800,maest,unweighted,raw,pop,10,3,31,0.34325343701254796,0.22580645161290322
2026092800,maest,unweighted,raw,pop,10,4,19,0.4431630447315258,0.3684210526315789
2026092800,maest,unweighted,raw,pop,10,5,4,0.543542923894245,0.25
2026092800,maest,unweighted,raw,pop,10,6,3,0.6574864324250876,0.0
2026092800,maest,unweighted,raw,pop,10,7,2,0.7382148356445591,0.5
2026092800,maest,unweighted,raw,pop,10,8,1,0.8039744564774848,1.0
2026092800,maest,unweighted,raw,pop,10,9,0,,
2026092800,maest,unweighted,raw,ambient,5,0,178,0.08561295511538931,0.15168539325842698
2026092800,maest,unweighted,raw,ambient,5,1,45,0.2722237001260188,0.3111111111111111
2026092800,maest,unweighted,raw,ambient,5,2,15,0.48600644703780665,0.4
2026092800,maest,unweighted,raw,ambient,5,3,6,0.6411079651495176,0.6666666666666666
2026092800,maest,unweighted,raw,ambient,5,4,2,0.8565089343420671,0.5
2026092800,maest,unweighted,raw,ambient,10,0,113,0.0514671542805818,0.07079646017699115
2026092800,maest,unweighted,raw,ambient,10,1,65,0.14497411656667006,0.2923076923076923
2026092800,maest,unweighted,raw,ambient,10,2,31,0.2463436792260861,0.3548387096774194
2026092800,maest,unweighted,raw,ambient,10,3,14,0.3295294606901556,0.21428571428571427
2026092800,maest,unweighted,raw,ambient,10,4,8,0.42903234375148813,0.375
2026092800,maest,unweighted,raw,ambient,10,5,7,0.5511197079364564,0.42857142857142855
2026092800,maest,unweighted,raw,ambient,10,6,6,0.6411079651495176,0.6666666666666666
2026092800,maest,unweighted,raw,ambient,10,7,0,,
2026092800,maest,unweighted,raw,ambient,10,8,2,0.8565089343420671,0.5
2026092800,maest,unweighted,raw,ambient,10,9,0,,
2026092800,maest,unweighted,raw,rock,5,0,198,0.06339002018161875,0.08585858585858586
2026092800,maest,unweighted,raw,rock,5,1,15,0.25952394499313347,0.4666666666666667
2026092800,maest,unweighted,raw,rock,5,2,13,0.48342439802268206,0.6923076923076923
2026092800,maest,unweighted,raw,rock,5,3,10,0.6939560126083208,0.7
2026092800,maest,unweighted,raw,rock,5,4,10,0.869250504031362,0.9
2026092800,maest,unweighted,raw,rock,10,0,162,0.04626509064905847,0.06172839506172839
2026092800,maest,unweighted,raw,rock,10,1,36,0.14045220307814002,0.19444444444444445
2026092800,maest,unweighted,raw,rock,10,2,13,0.24887988125572955,0.46153846153846156
2026092800,maest,unweighted,raw,rock,10,3,2,0.32871035928625914,0.5
2026092800,maest,unweighted,raw,rock,10,4,9,0.44667534821211746,0.5555555555555556
2026092800,maest,unweighted,raw,rock,10,5,4,0.5661097600964523,1.0
2026092800,maest,unweighted,raw,rock,10,6,5,0.6551016872043268,0.6
2026092800,maest,unweighted,raw,rock,10,7,5,0.732810338012315,0.8
2026092800,maest,unweighted,raw,rock,10,8,8,0.854768481791802,0.875
2026092800,maest,unweighted,raw,rock,10,9,2,0.9271785929896019,1.0
2026092800,maest,unweighted,prior_offset,electronic,5,0,91,0.08418874649503609,0.054945054945054944
2026092800,maest,unweighted,prior_offset,electronic,5,1,49,0.28355033302460786,0.40816326530612246
2026092800,maest,unweighted,prior_offset,electronic,5,2,42,0.4940553224640447,0.4523809523809524
2026092800,maest,unweighted,prior_offset,electronic,5,3,39,0.707062264835739,0.5897435897435898
2026092800,maest,unweighted,prior_offset,electronic,5,4,25,0.8679557360671685,0.92
2026092800,maest,unweighted,prior_offset,electronic,10,0,59,0.05459142026601531,0.05084745762711865
2026092800,maest,unweighted,prior_offset,electronic,10,1,32,0.13875881672979312,0.0625
2026092800,maest,unweighted,prior_offset,electronic,10,2,29,0.2454510961888489,0.3793103448275862
2026092800,maest,unweighted,prior_offset,electronic,10,3,20,0.33879422643645835,0.45
2026092800,maest,unweighted,prior_offset,electronic,10,4,25,0.44985197284887823,0.48
2026092800,maest,unweighted,prior_offset,electronic,10,5,17,0.559060248368701,0.4117647058823529
2026092800,maest,unweighted,prior_offset,electronic,10,6,16,0.6510138053211052,0.625
2026092800,maest,unweighted,prior_offset,electronic,10,7,23,0.7460524975415711,0.5652173913043478
2026092800,maest,unweighted,prior_offset,electronic,10,8,18,0.8466295054335676,0.8888888888888888
2026092800,maest,unweighted,prior_offset,electronic,10,9,7,0.9227946148392846,1.0
2026092800,maest,unweighted,prior_offset,pop,5,0,131,0.11177498152993855,0.13740458015267176
2026092800,maest,unweighted,prior_offset,pop,5,1,86,0.2817004955214407,0.22093023255813954
2026092800,maest,unweighted,prior_offset,pop,5,2,23,0.46062041502069456,0.34782608695652173
2026092800,maest,unweighted,prior_offset,pop,5,3,5,0.6897777937128762,0.2
2026092800,maest,unweighted,prior_offset,pop,5,4,1,0.8039744564774848,1.0
2026092800,maest,unweighted,prior_offset,pop,10,0,47,0.06470139826634429,0.1276595744680851
2026092800,maest,unweighted,prior_offset,pop,10,1,84,0.1381137721655211,0.14285714285714285
2026092800,maest,unweighted,prior_offset,pop,10,2,55,0.24700701940827105,0.21818181818181817
2026092800,maest,unweighted,prior_offset,pop,10,3,31,0.34325343701254796,0.22580645161290322
2026092800,maest,unweighted,prior_offset,pop,10,4,19,0.4431630447315258,0.3684210526315789
2026092800,maest,unweighted,prior_offset,pop,10,5,4,0.543542923894245,0.25
2026092800,maest,unweighted,prior_offset,pop,10,6,3,0.6574864324250876,0.0
2026092800,maest,unweighted,prior_offset,pop,10,7,2,0.7382148356445591,0.5
2026092800,maest,unweighted,prior_offset,pop,10,8,1,0.8039744564774848,1.0
2026092800,maest,unweighted,prior_offset,pop,10,9,0,,
2026092800,maest,unweighted,prior_offset,ambient,5,0,178,0.08561295511538931,0.15168539325842698
2026092800,maest,unweighted,prior_offset,ambient,5,1,45,0.2722237001260188,0.3111111111111111
2026092800,maest,unweighted,prior_offset,ambient,5,2,15,0.48600644703780665,0.4
2026092800,maest,unweighted,prior_offset,ambient,5,3,6,0.6411079651495176,0.6666666666666666
2026092800,maest,unweighted,prior_offset,ambient,5,4,2,0.8565089343420671,0.5
2026092800,maest,unweighted,prior_offset,ambient,10,0,113,0.0514671542805818,0.07079646017699115
2026092800,maest,unweighted,prior_offset,ambient,10,1,65,0.14497411656667006,0.2923076923076923
2026092800,maest,unweighted,prior_offset,ambient,10,2,31,0.2463436792260861,0.3548387096774194
2026092800,maest,unweighted,prior_offset,ambient,10,3,14,0.3295294606901556,0.21428571428571427
2026092800,maest,unweighted,prior_offset,ambient,10,4,8,0.42903234375148813,0.375
2026092800,maest,unweighted,prior_offset,ambient,10,5,7,0.5511197079364564,0.42857142857142855
2026092800,maest,unweighted,prior_offset,ambient,10,6,6,0.6411079651495176,0.6666666666666666
2026092800,maest,unweighted,prior_offset,ambient,10,7,0,,
2026092800,maest,unweighted,prior_offset,ambient,10,8,2,0.8565089343420671,0.5
2026092800,maest,unweighted,prior_offset,ambient,10,9,0,,
2026092800,maest,unweighted,prior_offset,rock,5,0,198,0.06339002018161875,0.08585858585858586
2026092800,maest,unweighted,prior_offset,rock,5,1,15,0.25952394499313347,0.4666666666666667
2026092800,maest,unweighted,prior_offset,rock,5,2,13,0.48342439802268206,0.6923076923076923
2026092800,maest,unweighted,prior_offset,rock,5,3,10,0.6939560126083208,0.7
2026092800,maest,unweighted,prior_offset,rock,5,4,10,0.869250504031362,0.9
2026092800,maest,unweighted,prior_offset,rock,10,0,162,0.04626509064905847,0.06172839506172839
2026092800,maest,unweighted,prior_offset,rock,10,1,36,0.14045220307814002,0.19444444444444445
2026092800,maest,unweighted,prior_offset,rock,10,2,13,0.24887988125572955,0.46153846153846156
2026092800,maest,unweighted,prior_offset,rock,10,3,2,0.32871035928625914,0.5
2026092800,maest,unweighted,prior_offset,rock,10,4,9,0.44667534821211746,0.5555555555555556
2026092800,maest,unweighted,prior_offset,rock,10,5,4,0.5661097600964523,1.0
2026092800,maest,unweighted,prior_offset,rock,10,6,5,0.6551016872043268,0.6
2026092800,maest,unweighted,prior_offset,rock,10,7,5,0.732810338012315,0.8
2026092800,maest,unweighted,prior_offset,rock,10,8,8,0.854768481791802,0.875
2026092800,maest,unweighted,prior_offset,rock,10,9,2,0.9271785929896019,1.0
2026092800,maest,unweighted,temperature,electronic,5,0,100,0.08381672471163838,0.07
2026092800,maest,unweighted,temperature,electronic,5,1,41,0.2905674905063445,0.43902439024390244
2026092800,maest,unweighted,temperature,electronic,5,2,39,0.49041095783693894,0.46153846153846156
2026092800,maest,unweighted,temperature,electronic,5,3,37,0.7041732630719869,0.5945945945945946
2026092800,maest,unweighted,temperature,electronic,5,4,29,0.871465670107286,0.8620689655172413
2026092800,maest,unweighted,temperature,electronic,10,0,68,0.0518072616593057,0.04411764705882353
2026092800,maest,unweighted,temperature,electronic,10,1,32,0.15183683369784534,0.125
2026092800,maest,unweighted,temperature,electronic,10,2,26,0.25798543886364605,0.38461538461538464
2026092800,maest,unweighted,temperature,electronic,10,3,15,0.3470430466870218,0.5333333333333333
2026092800,maest,unweighted,temperature,electronic,10,4,24,0.4482410446534632,0.5
2026092800,maest,unweighted,temperature,electronic,10,5,15,0.5578828189305,0.4
2026092800,maest,unweighted,temperature,electronic,10,6,17,0.6515812408694407,0.6470588235294118
2026092800,maest,unweighted,temperature,electronic,10,7,20,0.7488764819441511,0.55
2026092800,maest,unweighted,temperature,electronic,10,8,20,0.8459878733448527,0.8
2026092800,maest,unweighted,temperature,electronic,10,9,9,0.9280829962460272,1.0
2026092800,maest,unweighted,temperature,pop,5,0,158,0.1000529868411752,0.16455696202531644
2026092800,maest,unweighted,temperature,pop,5,1,64,0.28902345255942713,0.203125
2026092800,maest,unweighted,temperature,pop,5,2,18,0.4713645559178095,0.3333333333333333
2026092800,maest,unweighted,temperature,pop,5,3,5,0.7180221556422518,0.2
2026092800,maest,unweighted,temperature,pop,5,4,1,0.8400645394138244,1.0
2026092800,maest,unweighted,temperature,pop,10,0,88,0.06160972227393725,0.11363636363636363
2026092800,maest,unweighted,temperature,pop,10,1,70,0.14838166229713154,0.22857142857142856
2026092800,maest,unweighted,temperature,pop,10,2,39,0.25178073923236005,0.15384615384615385
2026092800,maest,unweighted,temperature,pop,10,3,25,0.3471220853496518,0.28
2026092800,maest,unweighted,temperature,pop,10,4,14,0.44858923219159463,0.35714285714285715
2026092800,maest,unweighted,temperature,pop,10,5,4,0.5510781889595613,0.25
2026092800,maest,unweighted,temperature,pop,10,6,1,0.6245955167154186,0.0
2026092800,maest,unweighted,temperature,pop,10,7,4,0.74137881537396,0.25
2026092800,maest,unweighted,temperature,pop,10,8,1,0.8400645394138244,1.0
2026092800,maest,unweighted,temperature,pop,10,9,0,,
2026092800,maest,unweighted,temperature,ambient,5,0,190,0.07169268326976011,0.15263157894736842
2026092800,maest,unweighted,temperature,ambient,5,1,36,0.2762127266109867,0.3611111111111111
2026092800,maest,unweighted,temperature,ambient,5,2,11,0.49806292738231084,0.36363636363636365
2026092800,maest,unweighted,temperature,ambient,5,3,7,0.6531320451147266,0.7142857142857143
2026092800,maest,unweighted,temperature,ambient,5,4,2,0.8867118237854864,0.5
2026092800,maest,unweighted,temperature,ambient,10,0,139,0.04409881979512539,0.09352517985611511
2026092800,maest,unweighted,temperature,ambient,10,1,51,0.14689948764180374,0.3137254901960784
2026092800,maest,unweighted,temperature,ambient,10,2,25,0.24718282441471495,0.4
2026092800,maest,unweighted,temperature,ambient,10,3,11,0.34218977705705894,0.2727272727272727
2026092800,maest,unweighted,temperature,ambient,10,4,5,0.434679140161031,0.4
2026092800,maest,unweighted,temperature,ambient,10,5,6,0.5508827500667105,0.3333333333333333
2026092800,maest,unweighted,temperature,ambient,10,6,6,0.6435058960031009,0.6666666666666666
2026092800,maest,unweighted,temperature,ambient,10,7,1,0.7108889397844796,1.0
2026092800,maest,unweighted,temperature,ambient,10,8,2,0.8867118237854864,0.5
2026092800,maest,unweighted,temperature,ambient,10,9,0,,
2026092800,maest,unweighted,temperature,rock,5,0,185,0.09180348656019516,0.08648648648648649
2026092800,maest,unweighted,temperature,rock,5,1,28,0.2672391802744756,0.2857142857142857
2026092800,maest,unweighted,temperature,rock,5,2,14,0.4941631686977323,0.6428571428571429
2026092800,maest,unweighted,temperature,rock,5,3,12,0.6908537523049029,0.8333333333333334
2026092800,maest,unweighted,temperature,rock,5,4,7,0.8432212689623361,0.8571428571428571
2026092800,maest,unweighted,temperature,rock,10,0,120,0.06582750773953853,0.016666666666666666
2026092800,maest,unweighted,temperature,rock,10,1,65,0.13975913976756127,0.2153846153846154
2026092800,maest,unweighted,temperature,rock,10,2,20,0.24198878348312686,0.15
2026092800,maest,unweighted,temperature,rock,10,3,8,0.33036517225284723,0.625
2026092800,maest,unweighted,temperature,rock,10,4,9,0.45748443612295653,0.5555555555555556
2026092800,maest,unweighted,temperature,rock,10,5,5,0.5601848873323287,0.8
2026092800,maest,unweighted,temperature,rock,10,6,8,0.6559785129308877,0.75
2026092800,maest,unweighted,temperature,rock,10,7,4,0.7606042310529332,1.0
2026092800,maest,unweighted,temperature,rock,10,8,7,0.8432212689623361,0.8571428571428571
2026092800,maest,unweighted,temperature,rock,10,9,0,,
2026092800,maest,unweighted,platt,electronic,5,0,107,0.08109336301218029,0.09345794392523364
2026092800,maest,unweighted,platt,electronic,5,1,53,0.29981550925742934,0.4528301886792453
2026092800,maest,unweighted,platt,electronic,5,2,33,0.5060155174316906,0.5454545454545454
2026092800,maest,unweighted,platt,electronic,5,3,34,0.6927518523345588,0.6176470588235294
2026092800,maest,unweighted,platt,electronic,5,4,19,0.8552831877978968,0.8947368421052632
2026092800,maest,unweighted,platt,electronic,10,0,75,0.05133989180420256,0.05333333333333334
2026092800,maest,unweighted,platt,electronic,10,1,32,0.15082806115587807,0.1875
2026092800,maest,unweighted,platt,electronic,10,2,28,0.24445422612362883,0.4642857142857143
2026092800,maest,unweighted,platt,electronic,10,3,25,0.3618201463672859,0.44
2026092800,maest,unweighted,platt,electronic,10,4,15,0.4528844593915851,0.4666666666666667
2026092800,maest,unweighted,platt,electronic,10,5,18,0.5502913991317786,0.6111111111111112
2026092800,maest,unweighted,platt,electronic,10,6,19,0.6555217657342236,0.47368421052631576
2026092800,maest,unweighted,platt,electronic,10,7,15,0.7399099620283163,0.8
2026092800,maest,unweighted,platt,electronic,10,8,17,0.8446076526206401,0.8823529411764706
2026092800,maest,unweighted,platt,electronic,10,9,2,0.9460252368045805,1.0
2026092800,maest,unweighted,platt,pop,5,0,140,0.08668687125878137,0.15
2026092800,maest,unweighted,platt,pop,5,1,68,0.2801659776989426,0.17647058823529413
2026092800,maest,unweighted,platt,pop,5,2,28,0.4908623464624878,0.39285714285714285
2026092800,maest,unweighted,platt,pop,5,3,5,0.6678201285138625,0.2
2026092800,maest,unweighted,platt,pop,5,4,5,0.851768686584838,0.4
2026092800,maest,unweighted,platt,pop,10,0,92,0.057968386822217555,0.10869565217391304
2026092800,maest,unweighted,platt,pop,10,1,48,0.14173063309552872,0.22916666666666666
2026092800,maest,unweighted,platt,pop,10,2,44,0.24484753383548535,0.20454545454545456
2026092800,maest,unweighted,platt,pop,10,3,24,0.344916458115281,0.125
2026092800,maest,unweighted,platt,pop,10,4,15,0.4496123805310129,0.4
2026092800,maest,unweighted,platt,pop,10,5,13,0.5384584609988049,0.38461538461538464
2026092800,maest,unweighted,platt,pop,10,6,4,0.6523788354690148,0.25
2026092800,maest,unweighted,platt,pop,10,7,1,0.7295853006932533,0.0
2026092800,maest,unweighted,platt,pop,10,8,4,0.8363440625206158,0.25
2026092800,maest,unweighted,platt,pop,10,9,1,0.9134671828417265,1.0
2026092800,maest,unweighted,platt,ambient,5,0,185,0.06832134171759294,0.14594594594594595
2026092800,maest,unweighted,platt,ambient,5,1,38,0.2762694734003197,0.3684210526315789
2026092800,maest,unweighted,platt,ambient,5,2,10,0.48264912451428205,0.4
2026092800,maest,unweighted,platt,ambient,5,3,11,0.6702372305052288,0.5454545454545454
2026092800,maest,unweighted,platt,ambient,5,4,2,0.9176147556453411,0.5
2026092800,maest,unweighted,platt,ambient,10,0,139,0.04229368002639345,0.09352517985611511
2026092800,maest,unweighted,platt,ambient,10,1,46,0.14697014552360876,0.30434782608695654
2026092800,maest,unweighted,platt,ambient,10,2,25,0.24555354157480236,0.44
2026092800,maest,unweighted,platt,ambient,10,3,13,0.3353385730647762,0.23076923076923078
2026092800,maest,unweighted,platt,ambient,10,4,7,0.4454788818706472,0.42857142857142855
2026092800,maest,unweighted,platt,ambient,10,5,3,0.5693796906827632,0.3333333333333333
2026092800,maest,unweighted,platt,ambient,10,6,8,0.6441637176007111,0.5
2026092800,maest,unweighted,platt,ambient,10,7,3,0.739766598250609,0.6666666666666666
2026092800,maest,unweighted,platt,ambient,10,8,0,,
2026092800,maest,unweighted,platt,ambient,10,9,2,0.9176147556453411,0.5
2026092800,maest,unweighted,platt,rock,5,0,182,0.09051743388247492,0.08241758241758242
2026092800,maest,unweighted,platt,rock,5,1,29,0.28337405336633315,0.27586206896551724
2026092800,maest,unweighted,platt,rock,5,2,11,0.5081702384049596,0.5454545454545454
2026092800,maest,unweighted,platt,rock,5,3,13,0.7018595951499654,0.7692307692307693
2026092800,maest,unweighted,platt,rock,5,4,11,0.877789586514152,0.9090909090909091
2026092800,maest,unweighted,platt,rock,10,0,120,0.06272472398748684,0.016666666666666666
2026092800,maest,unweighted,platt,rock,10,1,62,0.14430977561470992,0.20967741935483872
2026092800,maest,unweighted,platt,rock,10,2,19,0.2499458861602456,0.15789473684210525
2026092800,maest,unweighted,platt,rock,10,3,10,0.3468875710578995,0.5
2026092800,maest,unweighted,platt,rock,10,4,4,0.45454056623821437,0.5
2026092800,maest,unweighted,platt,rock,10,5,7,0.5388157653573853,0.5714285714285714
2026092800,maest,unweighted,platt,rock,10,6,6,0.6501708195404358,0.8333333333333334
2026092800,maest,unweighted,platt,rock,10,7,7,0.7461642599581337,0.7142857142857143
2026092800,maest,unweighted,platt,rock,10,8,8,0.8606476594530482,1.0
2026092800,maest,unweighted,platt,rock,10,9,3,0.9235013920104289,0.6666666666666666
2026092800,maest,unweighted,beta,electronic,5,0,104,0.0629253303995388,0.07692307692307693
2026092800,maest,unweighted,beta,electronic,5,1,36,0.2891790190674992,0.4722222222222222
2026092800,maest,unweighted,beta,electronic,5,2,47,0.497617386528638,0.48936170212765956
2026092800,maest,unweighted,beta,electronic,5,3,58,0.6975777032592928,0.7068965517241379
2026092800,maest,unweighted,beta,electronic,5,4,1,0.8194890864522313,1.0
2026092800,maest,unweighted,beta,electronic,10,0,79,0.0344022205268168,0.05063291139240506
2026092800,maest,unweighted,beta,electronic,10,1,25,0.15305835759734035,0.16
2026092800,maest,unweighted,beta,electronic,10,2,22,0.2555936003666688,0.4090909090909091
2026092800,maest,unweighted,beta,electronic,10,3,14,0.3419561055973753,0.5714285714285714
2026092800,maest,unweighted,beta,electronic,10,4,25,0.44586028192768623,0.48
2026092800,maest,unweighted,beta,electronic,10,5,22,0.5564322781206289,0.5
2026092800,maest,unweighted,beta,electronic,10,6,30,0.6571685292251392,0.5666666666666667
2026092800,maest,unweighted,beta,electronic,10,7,28,0.7408732468673148,0.8571428571428571
2026092800,maest,unweighted,beta,electronic,10,8,1,0.8194890864522313,1.0
2026092800,maest,unweighted,beta,electronic,10,9,0,,
2026092800,maest,unweighted,beta,pop,5,0,156,0.09978221380943694,0.16025641025641027
2026092800,maest,unweighted,beta,pop,5,1,53,0.2822339170552707,0.1509433962264151
2026092800,maest,unweighted,beta,pop,5,2,26,0.4798931878328271,0.4230769230769231
2026092800,maest,unweighted,beta,pop,5,3,6,0.6795009694653471,0.16666666666666666
2026092800,maest,unweighted,beta,pop,5,4,5,0.9055069523189548,0.4
2026092800,maest,unweighted,beta,pop,10,0,91,0.06388961126550115,0.10989010989010989
2026092800,maest,unweighted,beta,pop,10,1,65,0.15003185737094707,0.23076923076923078
2026092800,maest,unweighted,beta,pop,10,2,32,0.25014287969094506,0.15625
2026092800,maest,unweighted,beta,pop,10,3,21,0.3311345454199574,0.14285714285714285
2026092800,maest,unweighted,beta,pop,10,4,16,0.4439814323445092,0.375
2026092800,maest,unweighted,beta,pop,10,5,10,0.5373519966141357,0.5
2026092800,maest,unweighted,beta,pop,10,6,4,0.6450514242868362,0.25
2026092800,maest,unweighted,beta,pop,10,7,2,0.748400059822369,0.0
2026092800,maest,unweighted,beta,pop,10,8,3,0.8758473103053638,0.0
2026092800,maest,unweighted,beta,pop,10,9,2,0.9499964153393412,1.0
2026092800,maest,unweighted,beta,ambient,5,0,185,0.06824535303224452,0.14594594594594595
2026092800,maest,unweighted,beta,ambient,5,1,38,0.27691095736988663,0.3684210526315789
2026092800,maest,unweighted,beta,ambient,5,2,10,0.4829827720513607,0.4
2026092800,maest,unweighted,beta,ambient,5,3,11,0.6693743693925587,0.5454545454545454
2026092800,maest,unweighted,beta,ambient,5,4,2,0.9155784702447598,0.5
2026092800,maest,unweighted,beta,ambient,10,0,139,0.04211895120045616,0.09352517985611511
2026092800,maest,unweighted,beta,ambient,10,1,46,0.14719252378482245,0.30434782608695654
2026092800,maest,unweighted,beta,ambient,10,2,25,0.2461535891327955,0.44
2026092800,maest,unweighted,beta,ambient,10,3,13,0.33605974244121567,0.23076923076923078
2026092800,maest,unweighted,beta,ambient,10,4,7,0.4460046691965709,0.42857142857142855
2026092800,maest,unweighted,beta,ambient,10,5,3,0.5692650120458699,0.3333333333333333
2026092800,maest,unweighted,beta,ambient,10,6,8,0.643504015685078,0.5
2026092800,maest,unweighted,beta,ambient,10,7,3,0.738361979279174,0.6666666666666666
2026092800,maest,unweighted,beta,ambient,10,8,0,,
2026092800,maest,unweighted,beta,ambient,10,9,2,0.9155784702447598,0.5
2026092800,maest,unweighted,beta,rock,5,0,175,0.07234976016751546,0.06285714285714286
2026092800,maest,unweighted,beta,rock,5,1,29,0.27594558193474883,0.2413793103448276
2026092800,maest,unweighted,beta,rock,5,2,16,0.502711862495234,0.625
2026092800,maest,unweighted,beta,rock,5,3,26,0.7284684366880124,0.8076923076923077
2026092800,maest,unweighted,beta,rock,5,4,0,,
2026092800,maest,unweighted,beta,rock,10,0,131,0.04817846862503825,0.022900763358778626
2026092800,maest,unweighted,beta,rock,10,1,44,0.14431428725989073,0.18181818181818182
2026092800,maest,unweighted,beta,rock,10,2,18,0.2389407775914879,0.2777777777777778
2026092800,maest,unweighted,beta,rock,10,3,11,0.3364988981328122,0.18181818181818182
2026092800,maest,unweighted,beta,rock,10,4,9,0.4410388172614831,0.6666666666666666
2026092800,maest,unweighted,beta,rock,10,5,7,0.5820057777957707,0.5714285714285714
2026092800,maest,unweighted,beta,rock,10,6,8,0.6606867356032768,0.75
2026092800,maest,unweighted,beta,rock,10,7,18,0.7585936371701171,0.8333333333333334
2026092800,maest,unweighted,beta,rock,10,8,0,,
2026092800,maest,unweighted,beta,rock,10,9,0,,
2026092800,maest,unweighted,isotonic,electronic,5,0,88,0.020359848484848484,0.056818181818181816
2026092800,maest,unweighted,isotonic,electronic,5,1,96,0.3626370888676885,0.4270833333333333
2026092800,maest,unweighted,isotonic,electronic,5,2,1,0.4119317358946243,0.0
2026092800,maest,unweighted,isotonic,electronic,5,3,42,0.6985780423280423,0.6428571428571429
2026092800,maest,unweighted,isotonic,electronic,5,4,19,0.8656325689591206,0.8947368421052632
2026092800,maest,unweighted,isotonic,electronic,10,0,79,0.008438818565400847,0.05063291139240506
2026092800,maest,unweighted,isotonic,electronic,10,1,9,0.125,0.1111111111111111
2026092800,maest,unweighted,isotonic,electronic,10,2,1,0.20251125972349654,0.0
2026092800,maest,unweighted,isotonic,electronic,10,3,95,0.3643226239113118,0.43157894736842106
2026092800,maest,unweighted,isotonic,electronic,10,4,1,0.4119317358946243,0.0
2026092800,maest,unweighted,isotonic,electronic,10,5,0,,
2026092800,maest,unweighted,isotonic,electronic,10,6,32,0.673828125,0.59375
2026092800,maest,unweighted,isotonic,electronic,10,7,10,0.7777777777777778,0.8
2026092800,maest,unweighted,isotonic,electronic,10,8,18,0.8581677116790717,0.8888888888888888
2026092800,maest,unweighted,isotonic,electronic,10,9,1,1.0,1.0
2026092800,maest,unweighted,isotonic,pop,5,0,158,0.07887858124551755,0.16455696202531644
2026092800,maest,unweighted,isotonic,pop,5,1,49,0.26024698483477965,0.14285714285714285
2026092800,maest,unweighted,isotonic,pop,5,2,34,0.5853658536585366,0.35294117647058826
2026092800,maest,unweighted,isotonic,pop,5,3,0,,
2026092800,maest,unweighted,isotonic,pop,5,4,5,0.9368162279919539,0.4
2026092800,maest,unweighted,isotonic,pop,10,0,122,0.05515229707138631,0.12295081967213115
2026092800,maest,unweighted,isotonic,pop,10,1,36,0.15928432205785123,0.3055555555555556
2026092800,maest,unweighted,isotonic,pop,10,2,48,0.2593537571895436,0.14583333333333334
2026092800,maest,unweighted,isotonic,pop,10,3,1,0.30312191180610965,0.0
2026092800,maest,unweighted,isotonic,pop,10,4,0,,
2026092800,maest,unweighted,isotonic,pop,10,5,34,0.5853658536585366,0.35294117647058826
2026092800,maest,unweighted,isotonic,pop,10,6,0,,
2026092800,maest,unweighted,isotonic,pop,10,7,0,,
2026092800,maest,unweighted,isotonic,pop,10,8,2,0.8776816257514237,0.0
2026092800,maest,unweighted,isotonic,pop,10,9,3,0.9762392961523073,0.6666666666666666
2026092800,maest,unweighted,isotonic,ambient,5,0,159,0.041311921263385294,0.1320754716981132
2026092800,maest,unweighted,isotonic,ambient,5,1,71,0.2781403994418552,0.323943661971831
2026092800,maest,unweighted,isotonic,ambient,5,2,0,,
2026092800,maest,unweighted,isotonic,ambient,5,3,12,0.6922386083266999,0.4166666666666667
2026092800,maest,unweighted,isotonic,ambient,5,4,4,1.0,0.75
2026092800,maest,unweighted,isotonic,ambient,10,0,112,0.008482248001560595,0.07142857142857142
2026092800,maest,unweighted,isotonic,ambient,10,1,47,0.11954433414262709,0.2765957446808511
2026092800,maest,unweighted,isotonic,ambient,10,2,37,0.25591617818729356,0.35135135135135137
2026092800,maest,unweighted,isotonic,ambient,10,3,34,0.3023255813953489,0.29411764705882354
2026092800,maest,unweighted,isotonic,ambient,10,4,0,,
2026092800,maest,unweighted,isotonic,ambient,10,5,0,,
2026092800,maest,unweighted,isotonic,ambient,10,6,7,0.6509804714172,0.2857142857142857
2026092800,maest,unweighted,isotonic,ambient,10,7,5,0.75,0.6
2026092800,maest,unweighted,isotonic,ambient,10,8,0,,
2026092800,maest,unweighted,isotonic,ambient,10,9,4,1.0,0.75
2026092800,maest,unweighted,isotonic,rock,5,0,159,0.031866669230349906,0.05660377358490566
2026092800,maest,unweighted,isotonic,rock,5,1,43,0.3403763409091497,0.20930232558139536
2026092800,maest,unweighted,isotonic,rock,5,2,21,0.5396825396825398,0.5714285714285714
2026092800,maest,unweighted,isotonic,rock,5,3,23,0.6653070190924314,0.8260869565217391
2026092800,maest,unweighted,isotonic,rock,5,4,0,,
2026092800,maest,unweighted,isotonic,rock,10,0,158,0.03099615459550009,0.056962025316455694
2026092800,maest,unweighted,isotonic,rock,10,1,1,0.16940798153662145,0.0
2026092800,maest,unweighted,isotonic,rock,10,2,0,,
2026092800,maest,unweighted,isotonic,rock,10,3,43,0.3403763409091497,0.20930232558139536
2026092800,maest,unweighted,isotonic,rock,10,4,0,,
2026092800,maest,unweighted,isotonic,rock,10,5,21,0.5396825396825398,0.5714285714285714
2026092800,maest,unweighted,isotonic,rock,10,6,23,0.6653070190924314,0.8260869565217391
2026092800,maest,unweighted,isotonic,rock,10,7,0,,
2026092800,maest,unweighted,isotonic,rock,10,8,0,,
2026092800,maest,unweighted,isotonic,rock,10,9,0,,
2026092800,maest,unweighted,ridge_platt,electronic,5,0,91,0.08418874649503609,0.054945054945054944
2026092800,maest,unweighted,ridge_platt,electronic,5,1,49,0.28355033302460786,0.40816326530612246
2026092800,maest,unweighted,ridge_platt,electronic,5,2,42,0.4940553224640447,0.4523809523809524
2026092800,maest,unweighted,ridge_platt,electronic,5,3,39,0.707062264835739,0.5897435897435898
2026092800,maest,unweighted,ridge_platt,electronic,5,4,25,0.8679557360671685,0.92
2026092800,maest,unweighted,ridge_platt,electronic,10,0,59,0.05459142026601531,0.05084745762711865
2026092800,maest,unweighted,ridge_platt,electronic,10,1,32,0.13875881672979312,0.0625
2026092800,maest,unweighted,ridge_platt,electronic,10,2,29,0.2454510961888489,0.3793103448275862
2026092800,maest,unweighted,ridge_platt,electronic,10,3,20,0.33879422643645835,0.45
2026092800,maest,unweighted,ridge_platt,electronic,10,4,25,0.44985197284887823,0.48
2026092800,maest,unweighted,ridge_platt,electronic,10,5,17,0.559060248368701,0.4117647058823529
2026092800,maest,unweighted,ridge_platt,electronic,10,6,16,0.6510138053211052,0.625
2026092800,maest,unweighted,ridge_platt,electronic,10,7,23,0.7460524975415711,0.5652173913043478
2026092800,maest,unweighted,ridge_platt,electronic,10,8,18,0.8466295054335676,0.8888888888888888
2026092800,maest,unweighted,ridge_platt,electronic,10,9,7,0.9227946148392846,1.0
2026092800,maest,unweighted,ridge_platt,pop,5,0,131,0.11177498152993855,0.13740458015267176
2026092800,maest,unweighted,ridge_platt,pop,5,1,86,0.2817004955214407,0.22093023255813954
2026092800,maest,unweighted,ridge_platt,pop,5,2,23,0.46062041502069456,0.34782608695652173
2026092800,maest,unweighted,ridge_platt,pop,5,3,5,0.6897777937128762,0.2
2026092800,maest,unweighted,ridge_platt,pop,5,4,1,0.8039744564774848,1.0
2026092800,maest,unweighted,ridge_platt,pop,10,0,47,0.06470139826634429,0.1276595744680851
2026092800,maest,unweighted,ridge_platt,pop,10,1,84,0.1381137721655211,0.14285714285714285
2026092800,maest,unweighted,ridge_platt,pop,10,2,55,0.24700701940827105,0.21818181818181817
2026092800,maest,unweighted,ridge_platt,pop,10,3,31,0.34325343701254796,0.22580645161290322
2026092800,maest,unweighted,ridge_platt,pop,10,4,19,0.4431630447315258,0.3684210526315789
2026092800,maest,unweighted,ridge_platt,pop,10,5,4,0.543542923894245,0.25
2026092800,maest,unweighted,ridge_platt,pop,10,6,3,0.6574864324250876,0.0
2026092800,maest,unweighted,ridge_platt,pop,10,7,2,0.7382148356445591,0.5
2026092800,maest,unweighted,ridge_platt,pop,10,8,1,0.8039744564774848,1.0
2026092800,maest,unweighted,ridge_platt,pop,10,9,0,,
2026092800,maest,unweighted,ridge_platt,ambient,5,0,178,0.08561295511538931,0.15168539325842698
2026092800,maest,unweighted,ridge_platt,ambient,5,1,45,0.2722237001260188,0.3111111111111111
2026092800,maest,unweighted,ridge_platt,ambient,5,2,15,0.48600644703780665,0.4
2026092800,maest,unweighted,ridge_platt,ambient,5,3,6,0.6411079651495176,0.6666666666666666
2026092800,maest,unweighted,ridge_platt,ambient,5,4,2,0.8565089343420671,0.5
2026092800,maest,unweighted,ridge_platt,ambient,10,0,113,0.0514671542805818,0.07079646017699115
2026092800,maest,unweighted,ridge_platt,ambient,10,1,65,0.14497411656667006,0.2923076923076923
2026092800,maest,unweighted,ridge_platt,ambient,10,2,31,0.2463436792260861,0.3548387096774194
2026092800,maest,unweighted,ridge_platt,ambient,10,3,14,0.3295294606901556,0.21428571428571427
2026092800,maest,unweighted,ridge_platt,ambient,10,4,8,0.42903234375148813,0.375
2026092800,maest,unweighted,ridge_platt,ambient,10,5,7,0.5511197079364564,0.42857142857142855
2026092800,maest,unweighted,ridge_platt,ambient,10,6,6,0.6411079651495176,0.6666666666666666
2026092800,maest,unweighted,ridge_platt,ambient,10,7,0,,
2026092800,maest,unweighted,ridge_platt,ambient,10,8,2,0.8565089343420671,0.5
2026092800,maest,unweighted,ridge_platt,ambient,10,9,0,,
2026092800,maest,unweighted,ridge_platt,rock,5,0,182,0.09051743388247492,0.08241758241758242
2026092800,maest,unweighted,ridge_platt,rock,5,1,29,0.28337405336633315,0.27586206896551724
2026092800,maest,unweighted,ridge_platt,rock,5,2,11,0.5081702384049596,0.5454545454545454
2026092800,maest,unweighted,ridge_platt,rock,5,3,13,0.7018595951499654,0.7692307692307693
2026092800,maest,unweighted,ridge_platt,rock,5,4,11,0.877789586514152,0.9090909090909091
2026092800,maest,unweighted,ridge_platt,rock,10,0,120,0.06272472398748684,0.016666666666666666
2026092800,maest,unweighted,ridge_platt,rock,10,1,62,0.14430977561470992,0.20967741935483872
2026092800,maest,unweighted,ridge_platt,rock,10,2,19,0.2499458861602456,0.15789473684210525
2026092800,maest,unweighted,ridge_platt,rock,10,3,10,0.3468875710578995,0.5
2026092800,maest,unweighted,ridge_platt,rock,10,4,4,0.45454056623821437,0.5
2026092800,maest,unweighted,ridge_platt,rock,10,5,7,0.5388157653573853,0.5714285714285714
2026092800,maest,unweighted,ridge_platt,rock,10,6,6,0.6501708195404358,0.8333333333333334
2026092800,maest,unweighted,ridge_platt,rock,10,7,7,0.7461642599581337,0.7142857142857143
2026092800,maest,unweighted,ridge_platt,rock,10,8,8,0.8606476594530482,1.0
2026092800,maest,unweighted,ridge_platt,rock,10,9,3,0.9235013920104289,0.6666666666666666
2026092800,mert_v0,ambient_balanced,raw,electronic,5,0,77,0.13714098114366755,0.09090909090909091
2026092800,mert_v0,ambient_balanced,raw,electronic,5,1,76,0.3002341802434849,0.3157894736842105
2026092800,mert_v0,ambient_balanced,raw,electronic,5,2,39,0.49323173010956356,0.5128205128205128
2026092800,mert_v0,ambient_balanced,raw,electronic,5,3,42,0.6996824847774737,0.6428571428571429
2026092800,mert_v0,ambient_balanced,raw,electronic,5,4,12,0.8545918479821767,1.0
2026092800,mert_v0,ambient_balanced,raw,electronic,10,0,18,0.08317294809174301,0.0
2026092800,mert_v0,ambient_balanced,raw,electronic,10,1,59,0.15360580478662755,0.11864406779661017
2026092800,mert_v0,ambient_balanced,raw,electronic,10,2,39,0.24807874963300916,0.28205128205128205
2026092800,mert_v0,ambient_balanced,raw,electronic,10,3,37,0.35520882331939185,0.35135135135135137
2026092800,mert_v0,ambient_balanced,raw,electronic,10,4,20,0.4445480837471452,0.5
2026092800,mert_v0,ambient_balanced,raw,electronic,10,5,19,0.5444776736489512,0.5263157894736842
2026092800,mert_v0,ambient_balanced,raw,electronic,10,6,20,0.6512832034688801,0.55
2026092800,mert_v0,ambient_balanced,raw,electronic,10,7,22,0.7436818314216496,0.7272727272727273
2026092800,mert_v0,ambient_balanced,raw,electronic,10,8,10,0.8428046785203905,1.0
2026092800,mert_v0,ambient_balanced,raw,electronic,10,9,2,0.9135276952911087,1.0
2026092800,mert_v0,ambient_balanced,raw,pop,5,0,108,0.14376515866465675,0.17592592592592593
2026092800,mert_v0,ambient_balanced,raw,pop,5,1,123,0.27289742305042647,0.1951219512195122
2026092800,mert_v0,ambient_balanced,raw,pop,5,2,15,0.46805275960116643,0.26666666666666666
2026092800,mert_v0,ambient_balanced,raw,pop,5,3,0,,
2026092800,mert_v0,ambient_balanced,raw,pop,5,4,0,,
2026092800,mert_v0,ambient_balanced,raw,pop,10,0,14,0.07568560926007739,0.14285714285714285
2026092800,mert_v0,ambient_balanced,raw,pop,10,1,94,0.15390466602278557,0.18085106382978725
2026092800,mert_v0,ambient_balanced,raw,pop,10,2,89,0.24568392391260577,0.19101123595505617
2026092800,mert_v0,ambient_balanced,raw,pop,10,3,34,0.3441327590288398,0.20588235294117646
2026092800,mert_v0,ambient_balanced,raw,pop,10,4,10,0.43289040437252335,0.3
2026092800,mert_v0,ambient_balanced,raw,pop,10,5,5,0.5383774700584525,0.2
2026092800,mert_v0,ambient_balanced,raw,pop,10,6,0,,
2026092800,mert_v0,ambient_balanced,raw,pop,10,7,0,,
2026092800,mert_v0,ambient_balanced,raw,pop,10,8,0,,
2026092800,mert_v0,ambient_balanced,raw,pop,10,9,0,,
2026092800,mert_v0,ambient_balanced,raw,ambient,5,0,50,0.1503499768057601,0.1
2026092800,mert_v0,ambient_balanced,raw,ambient,5,1,109,0.2909940449678428,0.1651376146788991
2026092800,mert_v0,ambient_balanced,raw,ambient,5,2,57,0.5077191069218138,0.3508771929824561
2026092800,mert_v0,ambient_balanced,raw,ambient,5,3,23,0.6748039800301819,0.30434782608695654
2026092800,mert_v0,ambient_balanced,raw,ambient,5,4,7,0.8204777407065394,0.2857142857142857
2026092800,mert_v0,ambient_balanced,raw,ambient,10,0,3,0.07207009535719322,0.3333333333333333
2026092800,mert_v0,ambient_balanced,raw,ambient,10,1,47,0.1553465649833282,0.0851063829787234
2026092800,mert_v0,ambient_balanced,raw,ambient,10,2,64,0.2475869212270268,0.09375
2026092800,mert_v0,ambient_balanced,raw,ambient,10,3,45,0.35272862095478114,0.26666666666666666
2026092800,mert_v0,ambient_balanced,raw,ambient,10,4,23,0.4486994051573031,0.21739130434782608
2026092800,mert_v0,ambient_balanced,raw,ambient,10,5,34,0.5476441992919239,0.4411764705882353
2026092800,mert_v0,ambient_balanced,raw,ambient,10,6,14,0.6395481855882441,0.2857142857142857
2026092800,mert_v0,ambient_balanced,raw,ambient,10,7,9,0.7296463269398629,0.3333333333333333
2026092800,mert_v0,ambient_balanced,raw,ambient,10,8,7,0.8204777407065394,0.2857142857142857
2026092800,mert_v0,ambient_balanced,raw,ambient,10,9,0,,
2026092800,mert_v0,ambient_balanced,raw,rock,5,0,185,0.10117390675842444,0.11351351351351352
2026092800,mert_v0,ambient_balanced,raw,rock,5,1,42,0.2650163914051553,0.2619047619047619
2026092800,mert_v0,ambient_balanced,raw,rock,5,2,11,0.5008756388442639,0.8181818181818182
2026092800,mert_v0,ambient_balanced,raw,rock,5,3,8,0.6537179737375491,1.0
2026092800,mert_v0,ambient_balanced,raw,rock,5,4,0,,
2026092800,mert_v0,ambient_balanced,raw,rock,10,0,100,0.06396202658979705,0.06
2026092800,mert_v0,ambient_balanced,raw,rock,10,1,85,0.14495258930975077,0.17647058823529413
2026092800,mert_v0,ambient_balanced,raw,rock,10,2,30,0.23562446314077415,0.2
2026092800,mert_v0,ambient_balanced,raw,rock,10,3,12,0.3384962120661082,0.4166666666666667
2026092800,mert_v0,ambient_balanced,raw,rock,10,4,6,0.4541549916452912,0.8333333333333334
2026092800,mert_v0,ambient_balanced,raw,rock,10,5,5,0.5569404154830313,0.8
2026092800,mert_v0,ambient_balanced,raw,rock,10,6,6,0.6354033362854702,1.0
2026092800,mert_v0,ambient_balanced,raw,rock,10,7,2,0.7086618860937858,1.0
2026092800,mert_v0,ambient_balanced,raw,rock,10,8,0,,
2026092800,mert_v0,ambient_balanced,raw,rock,10,9,0,,
2026092800,mert_v0,ambient_balanced,prior_offset,electronic,5,0,77,0.13714098114366755,0.09090909090909091
2026092800,mert_v0,ambient_balanced,prior_offset,electronic,5,1,76,0.3002341802434849,0.3157894736842105
2026092800,mert_v0,ambient_balanced,prior_offset,electronic,5,2,39,0.49323173010956356,0.5128205128205128
2026092800,mert_v0,ambient_balanced,prior_offset,electronic,5,3,42,0.6996824847774737,0.6428571428571429
2026092800,mert_v0,ambient_balanced,prior_offset,electronic,5,4,12,0.8545918479821767,1.0
2026092800,mert_v0,ambient_balanced,prior_offset,electronic,10,0,18,0.08317294809174301,0.0
2026092800,mert_v0,ambient_balanced,prior_offset,electronic,10,1,59,0.15360580478662755,0.11864406779661017
2026092800,mert_v0,ambient_balanced,prior_offset,electronic,10,2,39,0.24807874963300916,0.28205128205128205
2026092800,mert_v0,ambient_balanced,prior_offset,electronic,10,3,37,0.35520882331939185,0.35135135135135137
2026092800,mert_v0,ambient_balanced,prior_offset,electronic,10,4,20,0.4445480837471452,0.5
2026092800,mert_v0,ambient_balanced,prior_offset,electronic,10,5,19,0.5444776736489512,0.5263157894736842
2026092800,mert_v0,ambient_balanced,prior_offset,electronic,10,6,20,0.6512832034688801,0.55
2026092800,mert_v0,ambient_balanced,prior_offset,electronic,10,7,22,0.7436818314216496,0.7272727272727273
2026092800,mert_v0,ambient_balanced,prior_offset,electronic,10,8,10,0.8428046785203905,1.0
2026092800,mert_v0,ambient_balanced,prior_offset,electronic,10,9,2,0.9135276952911087,1.0
2026092800,mert_v0,ambient_balanced,prior_offset,pop,5,0,108,0.14376515866465675,0.17592592592592593
2026092800,mert_v0,ambient_balanced,prior_offset,pop,5,1,123,0.27289742305042647,0.1951219512195122
2026092800,mert_v0,ambient_balanced,prior_offset,pop,5,2,15,0.46805275960116643,0.26666666666666666
2026092800,mert_v0,ambient_balanced,prior_offset,pop,5,3,0,,
2026092800,mert_v0,ambient_balanced,prior_offset,pop,5,4,0,,
2026092800,mert_v0,ambient_balanced,prior_offset,pop,10,0,14,0.07568560926007739,0.14285714285714285
2026092800,mert_v0,ambient_balanced,prior_offset,pop,10,1,94,0.15390466602278557,0.18085106382978725
2026092800,mert_v0,ambient_balanced,prior_offset,pop,10,2,89,0.24568392391260577,0.19101123595505617
2026092800,mert_v0,ambient_balanced,prior_offset,pop,10,3,34,0.3441327590288398,0.20588235294117646
2026092800,mert_v0,ambient_balanced,prior_offset,pop,10,4,10,0.43289040437252335,0.3
2026092800,mert_v0,ambient_balanced,prior_offset,pop,10,5,5,0.5383774700584525,0.2
2026092800,mert_v0,ambient_balanced,prior_offset,pop,10,6,0,,
2026092800,mert_v0,ambient_balanced,prior_offset,pop,10,7,0,,
2026092800,mert_v0,ambient_balanced,prior_offset,pop,10,8,0,,
2026092800,mert_v0,ambient_balanced,prior_offset,pop,10,9,0,,
2026092800,mert_v0,ambient_balanced,prior_offset,ambient,5,0,183,0.0896306347009662,0.15300546448087432
2026092800,mert_v0,ambient_balanced,prior_offset,ambient,5,1,53,0.26962208304852336,0.37735849056603776
2026092800,mert_v0,ambient_balanced,prior_offset,ambient,5,2,10,0.5019368445764928,0.4
2026092800,mert_v0,ambient_balanced,prior_offset,ambient,5,3,0,,
2026092800,mert_v0,ambient_balanced,prior_offset,ambient,5,4,0,,
2026092800,mert_v0,ambient_balanced,prior_offset,ambient,10,0,117,0.06200895218845371,0.09401709401709402
2026092800,mert_v0,ambient_balanced,prior_offset,ambient,10,1,66,0.13859634460951104,0.25757575757575757
2026092800,mert_v0,ambient_balanced,prior_offset,ambient,10,2,40,0.24188077606543432,0.4
2026092800,mert_v0,ambient_balanced,prior_offset,ambient,10,3,13,0.3549799506887975,0.3076923076923077
2026092800,mert_v0,ambient_balanced,prior_offset,ambient,10,4,5,0.45850689886351265,0.4
2026092800,mert_v0,ambient_balanced,prior_offset,ambient,10,5,5,0.5453667902894729,0.4
2026092800,mert_v0,ambient_balanced,prior_offset,ambient,10,6,0,,
2026092800,mert_v0,ambient_balanced,prior_offset,ambient,10,7,0,,
2026092800,mert_v0,ambient_balanced,prior_offset,ambient,10,8,0,,
2026092800,mert_v0,ambient_balanced,prior_offset,ambient,10,9,0,,
2026092800,mert_v0,ambient_balanced,prior_offset,rock,5,0,185,0.10117390675842444,0.11351351351351352
2026092800,mert_v0,ambient_balanced,prior_offset,rock,5,1,42,0.2650163914051553,0.2619047619047619
2026092800,mert_v0,ambient_balanced,prior_offset,rock,5,2,11,0.5008756388442639,0.8181818181818182
2026092800,mert_v0,ambient_balanced,prior_offset,rock,5,3,8,0.6537179737375491,1.0
2026092800,mert_v0,ambient_balanced,prior_offset,rock,5,4,0,,
2026092800,mert_v0,ambient_balanced,prior_offset,rock,10,0,100,0.06396202658979705,0.06
2026092800,mert_v0,ambient_balanced,prior_offset,rock,10,1,85,0.14495258930975077,0.17647058823529413
2026092800,mert_v0,ambient_balanced,prior_offset,rock,10,2,30,0.23562446314077415,0.2
2026092800,mert_v0,ambient_balanced,prior_offset,rock,10,3,12,0.3384962120661082,0.4166666666666667
2026092800,mert_v0,ambient_balanced,prior_offset,rock,10,4,6,0.4541549916452912,0.8333333333333334
2026092800,mert_v0,ambient_balanced,prior_offset,rock,10,5,5,0.5569404154830313,0.8
2026092800,mert_v0,ambient_balanced,prior_offset,rock,10,6,6,0.6354033362854702,1.0
2026092800,mert_v0,ambient_balanced,prior_offset,rock,10,7,2,0.7086618860937858,1.0
2026092800,mert_v0,ambient_balanced,prior_offset,rock,10,8,0,,
2026092800,mert_v0,ambient_balanced,prior_offset,rock,10,9,0,,
2026092800,mert_v0,ambient_balanced,temperature,electronic,5,0,99,0.10847484230728142,0.12121212121212122
2026092800,mert_v0,ambient_balanced,temperature,electronic,5,1,59,0.2982419974225543,0.3559322033898305
2026092800,mert_v0,ambient_balanced,temperature,electronic,5,2,32,0.49966803326250886,0.5
2026092800,mert_v0,ambient_balanced,temperature,electronic,5,3,33,0.7126606998843086,0.5757575757575758
2026092800,mert_v0,ambient_balanced,temperature,electronic,5,4,23,0.8614717935211348,0.9565217391304348
2026092800,mert_v0,ambient_balanced,temperature,electronic,10,0,46,0.06794756835658174,0.06521739130434782
2026092800,mert_v0,ambient_balanced,temperature,electronic,10,1,53,0.14364945743430374,0.16981132075471697
2026092800,mert_v0,ambient_balanced,temperature,electronic,10,2,32,0.2549307908321318,0.34375
2026092800,mert_v0,ambient_balanced,temperature,electronic,10,3,27,0.34957379782601816,0.37037037037037035
2026092800,mert_v0,ambient_balanced,temperature,electronic,10,4,15,0.44387820370604986,0.5333333333333333
2026092800,mert_v0,ambient_balanced,temperature,electronic,10,5,17,0.5488943534593843,0.47058823529411764
2026092800,mert_v0,ambient_balanced,temperature,electronic,10,6,16,0.6646939687145166,0.625
2026092800,mert_v0,ambient_balanced,temperature,electronic,10,7,17,0.7578058586323484,0.5294117647058824
2026092800,mert_v0,ambient_balanced,temperature,electronic,10,8,16,0.8355634999164555,0.9375
2026092800,mert_v0,ambient_balanced,temperature,electronic,10,9,7,0.9206907503318301,1.0
2026092800,mert_v0,ambient_balanced,temperature,pop,5,0,149,0.12338131183303377,0.19463087248322147
2026092800,mert_v0,ambient_balanced,temperature,pop,5,1,85,0.2691935343050126,0.17647058823529413
2026092800,mert_v0,ambient_balanced,temperature,pop,5,2,12,0.4782964459407013,0.25
2026092800,mert_v0,ambient_balanced,temperature,pop,5,3,0,,
2026092800,mert_v0,ambient_balanced,temperature,pop,5,4,0,,
2026092800,mert_v0,ambient_balanced,temperature,pop,10,0,43,0.06859544548295253,0.11627906976744186
2026092800,mert_v0,ambient_balanced,temperature,pop,10,1,106,0.14560576705051959,0.22641509433962265
2026092800,mert_v0,ambient_balanced,temperature,pop,10,2,61,0.24012147518044583,0.14754098360655737
2026092800,mert_v0,ambient_balanced,temperature,pop,10,3,24,0.3430850179132861,0.25
2026092800,mert_v0,ambient_balanced,temperature,pop,10,4,7,0.42959693895539364,0.2857142857142857
2026092800,mert_v0,ambient_balanced,temperature,pop,10,5,5,0.5464757557201322,0.2
2026092800,mert_v0,ambient_balanced,temperature,pop,10,6,0,,
2026092800,mert_v0,ambient_balanced,temperature,pop,10,7,0,,
2026092800,mert_v0,ambient_balanced,temperature,pop,10,8,0,,
2026092800,mert_v0,ambient_balanced,temperature,pop,10,9,0,,
2026092800,mert_v0,ambient_balanced,temperature,ambient,5,0,70,0.14091022849864662,0.07142857142857142
2026092800,mert_v0,ambient_balanced,temperature,ambient,5,1,91,0.28909333840262114,0.1978021978021978
2026092800,mert_v0,ambient_balanced,temperature,ambient,5,2,52,0.5075850591924099,0.38461538461538464
2026092800,mert_v0,ambient_balanced,temperature,ambient,5,3,25,0.6797108572554749,0.24
2026092800,mert_v0,ambient_balanced,temperature,ambient,5,4,8,0.8448166117093028,0.375
2026092800,mert_v0,ambient_balanced,temperature,ambient,10,0,11,0.07788987033792905,0.18181818181818182
2026092800,mert_v0,ambient_balanced,temperature,ambient,10,1,59,0.15265978679979741,0.05084745762711865
2026092800,mert_v0,ambient_balanced,temperature,ambient,10,2,51,0.24499857874416592,0.13725490196078433
2026092800,mert_v0,ambient_balanced,temperature,ambient,10,3,40,0.3453141569671516,0.275
2026092800,mert_v0,ambient_balanced,temperature,ambient,10,4,21,0.44665945199315626,0.23809523809523808
2026092800,mert_v0,ambient_balanced,temperature,ambient,10,5,31,0.5488572447144849,0.4838709677419355
2026092800,mert_v0,ambient_balanced,temperature,ambient,10,6,15,0.6406589075934638,0.26666666666666666
2026092800,mert_v0,ambient_balanced,temperature,ambient,10,7,10,0.738288781748491,0.2
2026092800,mert_v0,ambient_balanced,temperature,ambient,10,8,8,0.8448166117093028,0.375
2026092800,mert_v0,ambient_balanced,temperature,ambient,10,9,0,,
2026092800,mert_v0,ambient_balanced,temperature,rock,5,0,153,0.12568719685278318,0.0915032679738562
2026092800,mert_v0,ambient_balanced,temperature,rock,5,1,73,0.26619897509289153,0.2465753424657534
2026092800,mert_v0,ambient_balanced,temperature,rock,5,2,13,0.5003511836193281,0.7692307692307693
2026092800,mert_v0,ambient_balanced,temperature,rock,5,3,7,0.6317498152751017,1.0
2026092800,mert_v0,ambient_balanced,temperature,rock,5,4,0,,
2026092800,mert_v0,ambient_balanced,temperature,rock,10,0,44,0.07620234537446956,0.045454545454545456
2026092800,mert_v0,ambient_balanced,temperature,rock,10,1,109,0.1456627332293501,0.11009174311926606
2026092800,mert_v0,ambient_balanced,temperature,rock,10,2,54,0.23930044914537946,0.2037037037037037
2026092800,mert_v0,ambient_balanced,temperature,rock,10,3,19,0.3426474172595048,0.3684210526315789
2026092800,mert_v0,ambient_balanced,temperature,rock,10,4,7,0.4550433268849991,0.7142857142857143
2026092800,mert_v0,ambient_balanced,temperature,rock,10,5,6,0.5532103498093787,0.8333333333333334
2026092800,mert_v0,ambient_balanced,temperature,rock,10,6,7,0.6317498152751017,1.0
2026092800,mert_v0,ambient_balanced,temperature,rock,10,7,0,,
2026092800,mert_v0,ambient_balanced,temperature,rock,10,8,0,,
2026092800,mert_v0,ambient_balanced,temperature,rock,10,9,0,,
2026092800,mert_v0,ambient_balanced,platt,electronic,5,0,107,0.10868394084493285,0.14018691588785046
2026092800,mert_v0,ambient_balanced,platt,electronic,5,1,61,0.29198371157305003,0.39344262295081966
2026092800,mert_v0,ambient_balanced,platt,electronic,5,2,31,0.4986784318139451,0.5483870967741935
2026092800,mert_v0,ambient_balanced,platt,electronic,5,3,35,0.6944465408744298,0.6285714285714286
2026092800,mert_v0,ambient_balanced,platt,electronic,5,4,12,0.8586933274171393,1.0
2026092800,mert_v0,ambient_balanced,platt,electronic,10,0,51,0.06959982069372735,0.0784313725490196
2026092800,mert_v0,ambient_balanced,platt,electronic,10,1,56,0.1442784074112093,0.19642857142857142
2026092800,mert_v0,ambient_balanced,platt,electronic,10,2,34,0.25234954975895335,0.3235294117647059
2026092800,mert_v0,ambient_balanced,platt,electronic,10,3,27,0.3418933968204313,0.48148148148148145
2026092800,mert_v0,ambient_balanced,platt,electronic,10,4,18,0.45615340653580305,0.3333333333333333
2026092800,mert_v0,ambient_balanced,platt,electronic,10,5,13,0.5575592360452191,0.8461538461538461
2026092800,mert_v0,ambient_balanced,platt,electronic,10,6,17,0.6475952519446938,0.47058823529411764
2026092800,mert_v0,ambient_balanced,platt,electronic,10,7,18,0.7386949804191802,0.7777777777777778
2026092800,mert_v0,ambient_balanced,platt,electronic,10,8,10,0.8457659567036163,1.0
2026092800,mert_v0,ambient_balanced,platt,electronic,10,9,2,0.923330180984755,1.0
2026092800,mert_v0,ambient_balanced,platt,pop,5,0,136,0.10188829251782738,0.19852941176470587
2026092800,mert_v0,ambient_balanced,platt,pop,5,1,71,0.2890184258007054,0.15492957746478872
2026092800,mert_v0,ambient_balanced,platt,pop,5,2,25,0.4941941034975899,0.24
2026092800,mert_v0,ambient_balanced,platt,pop,5,3,11,0.6695145595227143,0.18181818181818182
2026092800,mert_v0,ambient_balanced,platt,pop,5,4,3,0.8391032683968667,0.3333333333333333
2026092800,mert_v0,ambient_balanced,platt,pop,10,0,72,0.05880330630099078,0.16666666666666666
2026092800,mert_v0,ambient_balanced,platt,pop,10,1,64,0.1503589020117686,0.234375
2026092800,mert_v0,ambient_balanced,platt,pop,10,2,44,0.2536263238468706,0.13636363636363635
2026092800,mert_v0,ambient_balanced,platt,pop,10,3,27,0.3466944437995473,0.18518518518518517
2026092800,mert_v0,ambient_balanced,platt,pop,10,4,13,0.45531367477704304,0.07692307692307693
2026092800,mert_v0,ambient_balanced,platt,pop,10,5,12,0.536314567944849,0.4166666666666667
2026092800,mert_v0,ambient_balanced,platt,pop,10,6,8,0.6391107967685521,0.125
2026092800,mert_v0,ambient_balanced,platt,pop,10,7,3,0.7505912602004802,0.3333333333333333
2026092800,mert_v0,ambient_balanced,platt,pop,10,8,3,0.8391032683968667,0.3333333333333333
2026092800,mert_v0,ambient_balanced,platt,pop,10,9,0,,
2026092800,mert_v0,ambient_balanced,platt,ambient,5,0,176,0.09066572941663965,0.14772727272727273
2026092800,mert_v0,ambient_balanced,platt,ambient,5,1,54,0.268673615800855,0.3888888888888889
2026092800,mert_v0,ambient_balanced,platt,ambient,5,2,15,0.4894734128883557,0.3333333333333333
2026092800,mert_v0,ambient_balanced,platt,ambient,5,3,1,0.6253783187158437,0.0
2026092800,mert_v0,ambient_balanced,platt,ambient,5,4,0,,
2026092800,mert_v0,ambient_balanced,platt,ambient,10,0,111,0.06275167439626429,0.0990990990990991
2026092800,mert_v0,ambient_balanced,platt,ambient,10,1,65,0.1383343464514345,0.23076923076923078
2026092800,mert_v0,ambient_balanced,platt,ambient,10,2,41,0.24686746528844378,0.4146341463414634
2026092800,mert_v0,ambient_balanced,platt,ambient,10,3,13,0.33744685972461347,0.3076923076923077
2026092800,mert_v0,ambient_balanced,platt,ambient,10,4,8,0.42736953615862616,0.25
2026092800,mert_v0,ambient_balanced,platt,ambient,10,5,7,0.5604492720080466,0.42857142857142855
2026092800,mert_v0,ambient_balanced,platt,ambient,10,6,1,0.6253783187158437,0.0
2026092800,mert_v0,ambient_balanced,platt,ambient,10,7,0,,
2026092800,mert_v0,ambient_balanced,platt,ambient,10,8,0,,
2026092800,mert_v0,ambient_balanced,platt,ambient,10,9,0,,
2026092800,mert_v0,ambient_balanced,platt,rock,5,0,149,0.12240275748562597,0.08053691275167785
2026092800,mert_v0,ambient_balanced,platt,rock,5,1,73,0.27053069601048646,0.2602739726027397
2026092800,mert_v0,ambient_balanced,platt,rock,5,2,14,0.49075239898514894,0.6428571428571429
2026092800,mert_v0,ambient_balanced,platt,rock,5,3,10,0.6703209164564801,0.9
2026092800,mert_v0,ambient_balanced,platt,rock,5,4,0,,
2026092800,mert_v0,ambient_balanced,platt,rock,10,0,52,0.075428152911521,0.057692307692307696
2026092800,mert_v0,ambient_balanced,platt,rock,10,1,97,0.14758501973153793,0.09278350515463918
2026092800,mert_v0,ambient_balanced,platt,rock,10,2,55,0.24479112316838209,0.23636363636363636
2026092800,mert_v0,ambient_balanced,platt,rock,10,3,18,0.3491793908058053,0.3333333333333333
2026092800,mert_v0,ambient_balanced,platt,rock,10,4,8,0.4431545055540026,0.5
2026092800,mert_v0,ambient_balanced,platt,rock,10,5,6,0.5542162568933441,0.8333333333333334
2026092800,mert_v0,ambient_balanced,platt,rock,10,6,8,0.6559555945487068,0.875
2026092800,mert_v0,ambient_balanced,platt,rock,10,7,2,0.7277822040875734,1.0
2026092800,mert_v0,ambient_balanced,platt,rock,10,8,0,,
2026092800,mert_v0,ambient_balanced,platt,rock,10,9,0,,
2026092800,mert_v0,ambient_balanced,beta,electronic,5,0,103,0.08925564230443507,0.13592233009708737
2026092800,mert_v0,ambient_balanced,beta,electronic,5,1,57,0.2977138859891387,0.3508771929824561
2026092800,mert_v0,ambient_balanced,beta,electronic,5,2,34,0.49481665575577016,0.5294117647058824
2026092800,mert_v0,ambient_balanced,beta,electronic,5,3,50,0.6865397998898739,0.72
2026092800,mert_v0,ambient_balanced,beta,electronic,5,4,2,0.8142023676519603,1.0
2026092800,mert_v0,ambient_balanced,beta,electronic,10,0,63,0.05514948260459374,0.07936507936507936
2026092800,mert_v0,ambient_balanced,beta,electronic,10,1,40,0.14297284383168518,0.225
2026092800,mert_v0,ambient_balanced,beta,electronic,10,2,29,0.2508561708604283,0.3103448275862069
2026092800,mert_v0,ambient_balanced,beta,electronic,10,3,28,0.34624509094387446,0.39285714285714285
2026092800,mert_v0,ambient_balanced,beta,electronic,10,4,15,0.4432257431387513,0.5333333333333333
2026092800,mert_v0,ambient_balanced,beta,electronic,10,5,19,0.5355463236113113,0.5263157894736842
2026092800,mert_v0,ambient_balanced,beta,electronic,10,6,29,0.64950062005642,0.5517241379310345
2026092800,mert_v0,ambient_balanced,beta,electronic,10,7,21,0.7376891434694055,0.9523809523809523
2026092800,mert_v0,ambient_balanced,beta,electronic,10,8,2,0.8142023676519603,1.0
2026092800,mert_v0,ambient_balanced,beta,electronic,10,9,0,,
2026092800,mert_v0,ambient_balanced,beta,pop,5,0,148,0.10969380605423423,0.19594594594594594
2026092800,mert_v0,ambient_balanced,beta,pop,5,1,59,0.2754695806501617,0.15254237288135594
2026092800,mert_v0,ambient_balanced,beta,pop,5,2,24,0.4850751293188002,0.20833333333333334
2026092800,mert_v0,ambient_balanced,beta,pop,5,3,9,0.6787626790953339,0.2222222222222222
2026092800,mert_v0,ambient_balanced,beta,pop,5,4,6,0.8809374780425877,0.3333333333333333
2026092800,mert_v0,ambient_balanced,beta,pop,10,0,70,0.06936256554528104,0.15714285714285714
2026092800,mert_v0,ambient_balanced,beta,pop,10,1,78,0.14588850907508968,0.23076923076923078
2026092800,mert_v0,ambient_balanced,beta,pop,10,2,42,0.2519856144890729,0.14285714285714285
2026092800,mert_v0,ambient_balanced,beta,pop,10,3,17,0.3334887911657929,0.17647058823529413
2026092800,mert_v0,ambient_balanced,beta,pop,10,4,14,0.44464308990504725,0.07142857142857142
2026092800,mert_v0,ambient_balanced,beta,pop,10,5,10,0.5416799844980542,0.4
2026092800,mert_v0,ambient_balanced,beta,pop,10,6,6,0.660119621287037,0.16666666666666666
2026092800,mert_v0,ambient_balanced,beta,pop,10,7,3,0.7160487947119275,0.3333333333333333
2026092800,mert_v0,ambient_balanced,beta,pop,10,8,4,0.8483014837065392,0.25
2026092800,mert_v0,ambient_balanced,beta,pop,10,9,2,0.9462094667146848,0.5
2026092800,mert_v0,ambient_balanced,beta,ambient,5,0,173,0.08275067021319883,0.15028901734104047
2026092800,mert_v0,ambient_balanced,beta,ambient,5,1,57,0.28815732666942745,0.3684210526315789
2026092800,mert_v0,ambient_balanced,beta,ambient,5,2,16,0.47547947560169057,0.3125
2026092800,mert_v0,ambient_balanced,beta,ambient,5,3,0,,
2026092800,mert_v0,ambient_balanced,beta,ambient,5,4,0,,
2026092800,mert_v0,ambient_balanced,beta,ambient,10,0,116,0.05214070974397818,0.09482758620689655
2026092800,mert_v0,ambient_balanced,beta,ambient,10,1,57,0.14504462485231456,0.2631578947368421
2026092800,mert_v0,ambient_balanced,beta,ambient,10,2,33,0.2528912368440809,0.45454545454545453
2026092800,mert_v0,ambient_balanced,beta,ambient,10,3,24,0.33664820017927904,0.25
2026092800,mert_v0,ambient_balanced,beta,ambient,10,4,9,0.43709027387547106,0.3333333333333333
2026092800,mert_v0,ambient_balanced,beta,ambient,10,5,7,0.5248370206782585,0.2857142857142857
2026092800,mert_v0,ambient_balanced,beta,ambient,10,6,0,,
2026092800,mert_v0,ambient_balanced,beta,ambient,10,7,0,,
2026092800,mert_v0,ambient_balanced,beta,ambient,10,8,0,,
2026092800,mert_v0,ambient_balanced,beta,ambient,10,9,0,,
2026092800,mert_v0,ambient_balanced,beta,rock,5,0,142,0.10985861485823731,0.07746478873239436
2026092800,mert_v0,ambient_balanced,beta,rock,5,1,74,0.274506785530754,0.22972972972972974
2026092800,mert_v0,ambient_balanced,beta,rock,5,2,20,0.4821267233306322,0.6
2026092800,mert_v0,ambient_balanced,beta,rock,5,3,10,0.6307680010481367,0.9
2026092800,mert_v0,ambient_balanced,beta,rock,5,4,0,,
2026092800,mert_v0,ambient_balanced,beta,rock,10,0,65,0.066560296256256,0.06153846153846154
2026092800,mert_v0,ambient_balanced,beta,rock,10,1,77,0.14640914354822154,0.09090909090909091
2026092800,mert_v0,ambient_balanced,beta,rock,10,2,54,0.24879055994835808,0.24074074074074073
2026092800,mert_v0,ambient_balanced,beta,rock,10,3,20,0.3439405946032229,0.2
2026092800,mert_v0,ambient_balanced,beta,rock,10,4,12,0.43897266290162545,0.4166666666666667
2026092800,mert_v0,ambient_balanced,beta,rock,10,5,8,0.5468578139741426,0.875
2026092800,mert_v0,ambient_balanced,beta,rock,10,6,10,0.6307680010481367,0.9
2026092800,mert_v0,ambient_balanced,beta,rock,10,7,0,,
2026092800,mert_v0,ambient_balanced,beta,rock,10,8,0,,
2026092800,mert_v0,ambient_balanced,beta,rock,10,9,0,,
2026092800,mert_v0,ambient_balanced,isotonic,electronic,5,0,83,0.041493667735297474,0.08433734939759036
2026092800,mert_v0,ambient_balanced,isotonic,electronic,5,1,82,0.2850178923228545,0.3780487804878049
2026092800,mert_v0,ambient_balanced,isotonic,electronic,5,2,46,0.5289388813569802,0.5
2026092800,mert_v0,ambient_balanced,isotonic,electronic,5,3,3,0.7003016845956429,0.3333333333333333
2026092800,mert_v0,ambient_balanced,isotonic,electronic,5,4,32,0.8085825120292731,0.875
2026092800,mert_v0,ambient_balanced,isotonic,electronic,10,0,83,0.041493667735297474,0.08433734939759036
2026092800,mert_v0,ambient_balanced,isotonic,electronic,10,1,0,,
2026092800,mert_v0,ambient_balanced,isotonic,electronic,10,2,35,0.23054690254510612,0.3142857142857143
2026092800,mert_v0,ambient_balanced,isotonic,electronic,10,3,47,0.32558139534883734,0.425531914893617
2026092800,mert_v0,ambient_balanced,isotonic,electronic,10,4,21,0.47619047619047616,0.3333333333333333
2026092800,mert_v0,ambient_balanced,isotonic,electronic,10,5,25,0.5732475416968437,0.64
2026092800,mert_v0,ambient_balanced,isotonic,electronic,10,6,2,0.6810704391341853,0.5
2026092800,mert_v0,ambient_balanced,isotonic,electronic,10,7,1,0.7387641755185581,0.0
2026092800,mert_v0,ambient_balanced,isotonic,electronic,10,8,31,0.8024077543527983,0.8709677419354839
2026092800,mert_v0,ambient_balanced,isotonic,electronic,10,9,1,1.0,1.0
2026092800,mert_v0,ambient_balanced,isotonic,pop,5,0,148,0.11142183578980211,0.19594594594594594
2026092800,mert_v0,ambient_balanced,isotonic,pop,5,1,74,0.30832441848626396,0.13513513513513514
2026092800,mert_v0,ambient_balanced,isotonic,pop,5,2,7,0.4667484198058421,0.5714285714285714
2026092800,mert_v0,ambient_balanced,isotonic,pop,5,3,11,0.6692950696472524,0.18181818181818182
2026092800,mert_v0,ambient_balanced,isotonic,pop,5,4,6,1.0,0.3333333333333333
2026092800,mert_v0,ambient_balanced,isotonic,pop,10,0,47,0.015696274815343407,0.10638297872340426
2026092800,mert_v0,ambient_balanced,isotonic,pop,10,1,101,0.1559673938670255,0.2376237623762376
2026092800,mert_v0,ambient_balanced,isotonic,pop,10,2,1,0.2683879203644868,0.0
2026092800,mert_v0,ambient_balanced,isotonic,pop,10,3,73,0.30887149380300066,0.136986301369863
2026092800,mert_v0,ambient_balanced,isotonic,pop,10,4,5,0.42857142857142855,0.4
2026092800,mert_v0,ambient_balanced,isotonic,pop,10,5,2,0.5621908978918759,1.0
2026092800,mert_v0,ambient_balanced,isotonic,pop,10,6,11,0.6692950696472524,0.18181818181818182
2026092800,mert_v0,ambient_balanced,isotonic,pop,10,7,0,,
2026092800,mert_v0,ambient_balanced,isotonic,pop,10,8,0,,
2026092800,mert_v0,ambient_balanced,isotonic,pop,10,9,6,1.0,0.3333333333333333
2026092800,mert_v0,ambient_balanced,isotonic,ambient,5,0,183,0.07612135512284113,0.15300546448087432
2026092800,mert_v0,ambient_balanced,isotonic,ambient,5,1,47,0.30646641635377564,0.40425531914893614
2026092800,mert_v0,ambient_balanced,isotonic,ambient,5,2,16,0.5666666666666667,0.3125
2026092800,mert_v0,ambient_balanced,isotonic,ambient,5,3,0,,
2026092800,mert_v0,ambient_balanced,isotonic,ambient,5,4,0,,
2026092800,mert_v0,ambient_balanced,isotonic,ambient,10,0,94,0.03045473508552356,0.07446808510638298
2026092800,mert_v0,ambient_balanced,isotonic,ambient,10,1,89,0.12435351561169339,0.23595505617977527
2026092800,mert_v0,ambient_balanced,isotonic,ambient,10,2,3,0.20000000000000004,0.3333333333333333
2026092800,mert_v0,ambient_balanced,isotonic,ambient,10,3,44,0.3137254901960785,0.4090909090909091
2026092800,mert_v0,ambient_balanced,isotonic,ambient,10,4,0,,
2026092800,mert_v0,ambient_balanced,isotonic,ambient,10,5,16,0.5666666666666667,0.3125
2026092800,mert_v0,ambient_balanced,isotonic,ambient,10,6,0,,
2026092800,mert_v0,ambient_balanced,isotonic,ambient,10,7,0,,
2026092800,mert_v0,ambient_balanced,isotonic,ambient,10,8,0,,
2026092800,mert_v0,ambient_balanced,isotonic,ambient,10,9,0,,
2026092800,mert_v0,ambient_balanced,isotonic,rock,5,0,179,0.10858063945147589,0.11173184357541899
2026092800,mert_v0,ambient_balanced,isotonic,rock,5,1,17,0.25,0.23529411764705882
2026092800,mert_v0,ambient_balanced,isotonic,rock,5,2,29,0.46782560592452016,0.27586206896551724
2026092800,mert_v0,ambient_balanced,isotonic,rock,5,3,21,0.6146520146520146,0.8095238095238095
2026092800,mert_v0,ambient_balanced,isotonic,rock,5,4,0,,
2026092800,mert_v0,ambient_balanced,isotonic,rock,10,0,80,0.06432814660621473,0.0625
2026092800,mert_v0,ambient_balanced,isotonic,rock,10,1,99,0.14434022962946472,0.15151515151515152
2026092800,mert_v0,ambient_balanced,isotonic,rock,10,2,17,0.25,0.23529411764705882
2026092800,mert_v0,ambient_balanced,isotonic,rock,10,3,0,,
2026092800,mert_v0,ambient_balanced,isotonic,rock,10,4,20,0.43289258313600876,0.2
2026092800,mert_v0,ambient_balanced,isotonic,rock,10,5,9,0.5454545454545454,0.4444444444444444
2026092800,mert_v0,ambient_balanced,isotonic,rock,10,6,21,0.6146520146520146,0.8095238095238095
2026092800,mert_v0,ambient_balanced,isotonic,rock,10,7,0,,
2026092800,mert_v0,ambient_balanced,isotonic,rock,10,8,0,,
2026092800,mert_v0,ambient_balanced,isotonic,rock,10,9,0,,
2026092800,mert_v0,ambient_balanced,ridge_platt,electronic,5,0,77,0.13714098114366755,0.09090909090909091
2026092800,mert_v0,ambient_balanced,ridge_platt,electronic,5,1,76,0.3002341802434849,0.3157894736842105
2026092800,mert_v0,ambient_balanced,ridge_platt,electronic,5,2,39,0.49323173010956356,0.5128205128205128
2026092800,mert_v0,ambient_balanced,ridge_platt,electronic,5,3,42,0.6996824847774737,0.6428571428571429
2026092800,mert_v0,ambient_balanced,ridge_platt,electronic,5,4,12,0.8545918479821767,1.0
2026092800,mert_v0,ambient_balanced,ridge_platt,electronic,10,0,18,0.08317294809174301,0.0
2026092800,mert_v0,ambient_balanced,ridge_platt,electronic,10,1,59,0.15360580478662755,0.11864406779661017
2026092800,mert_v0,ambient_balanced,ridge_platt,electronic,10,2,39,0.24807874963300916,0.28205128205128205
2026092800,mert_v0,ambient_balanced,ridge_platt,electronic,10,3,37,0.35520882331939185,0.35135135135135137
2026092800,mert_v0,ambient_balanced,ridge_platt,electronic,10,4,20,0.4445480837471452,0.5
2026092800,mert_v0,ambient_balanced,ridge_platt,electronic,10,5,19,0.5444776736489512,0.5263157894736842
2026092800,mert_v0,ambient_balanced,ridge_platt,electronic,10,6,20,0.6512832034688801,0.55
2026092800,mert_v0,ambient_balanced,ridge_platt,electronic,10,7,22,0.7436818314216496,0.7272727272727273
2026092800,mert_v0,ambient_balanced,ridge_platt,electronic,10,8,10,0.8428046785203905,1.0
2026092800,mert_v0,ambient_balanced,ridge_platt,electronic,10,9,2,0.9135276952911087,1.0
2026092800,mert_v0,ambient_balanced,ridge_platt,pop,5,0,135,0.10447042375863304,0.2
2026092800,mert_v0,ambient_balanced,ridge_platt,pop,5,1,72,0.2833322409520872,0.1527777777777778
2026092800,mert_v0,ambient_balanced,ridge_platt,pop,5,2,27,0.4856593861188991,0.2222222222222222
2026092800,mert_v0,ambient_balanced,ridge_platt,pop,5,3,10,0.6716342416244231,0.2
2026092800,mert_v0,ambient_balanced,ridge_platt,pop,5,4,2,0.8377118583513314,0.5
2026092800,mert_v0,ambient_balanced,ridge_platt,pop,10,0,68,0.060353879290205456,0.14705882352941177
2026092800,mert_v0,ambient_balanced,ridge_platt,pop,10,1,67,0.14924542411464908,0.2537313432835821
2026092800,mert_v0,ambient_balanced,ridge_platt,pop,10,2,46,0.25107573456495036,0.15217391304347827
2026092800,mert_v0,ambient_balanced,ridge_platt,pop,10,3,26,0.3404014445600986,0.15384615384615385
2026092800,mert_v0,ambient_balanced,ridge_platt,pop,10,4,17,0.4515654817524519,0.058823529411764705
2026092800,mert_v0,ambient_balanced,ridge_platt,pop,10,5,10,0.5436190235418593,0.5
2026092800,mert_v0,ambient_balanced,ridge_platt,pop,10,6,6,0.6265775382390214,0.16666666666666666
2026092800,mert_v0,ambient_balanced,ridge_platt,pop,10,7,4,0.7392192967025258,0.25
2026092800,mert_v0,ambient_balanced,ridge_platt,pop,10,8,2,0.8377118583513314,0.5
2026092800,mert_v0,ambient_balanced,ridge_platt,pop,10,9,0,,
2026092800,mert_v0,ambient_balanced,ridge_platt,ambient,5,0,169,0.10240733660059359,0.15384615384615385
2026092800,mert_v0,ambient_balanced,ridge_platt,ambient,5,1,59,0.2849514194130726,0.3559322033898305
2026092800,mert_v0,ambient_balanced,ridge_platt,ambient,5,2,14,0.4848755009369268,0.2857142857142857
2026092800,mert_v0,ambient_balanced,ridge_platt,ambient,5,3,4,0.625612221899962,0.25
2026092800,mert_v0,ambient_balanced,ridge_platt,ambient,5,4,0,,
2026092800,mert_v0,ambient_balanced,ridge_platt,ambient,10,0,88,0.06661616928428137,0.07954545454545454
2026092800,mert_v0,ambient_balanced,ridge_platt,ambient,10,1,81,0.14129156775905627,0.2345679012345679
2026092800,mert_v0,ambient_balanced,ridge_platt,ambient,10,2,36,0.2510384159421947,0.4166666666666667
2026092800,mert_v0,ambient_balanced,ridge_platt,ambient,10,3,23,0.3380326422370554,0.2608695652173913
2026092800,mert_v0,ambient_balanced,ridge_platt,ambient,10,4,10,0.45099451463633944,0.2
2026092800,mert_v0,ambient_balanced,ridge_platt,ambient,10,5,4,0.5695779666883951,0.5
2026092800,mert_v0,ambient_balanced,ridge_platt,ambient,10,6,4,0.625612221899962,0.25
2026092800,mert_v0,ambient_balanced,ridge_platt,ambient,10,7,0,,
2026092800,mert_v0,ambient_balanced,ridge_platt,ambient,10,8,0,,
2026092800,mert_v0,ambient_balanced,ridge_platt,ambient,10,9,0,,
2026092800,mert_v0,ambient_balanced,ridge_platt,rock,5,0,178,0.10506379441748784,0.11235955056179775
2026092800,mert_v0,ambient_balanced,ridge_platt,rock,5,1,49,0.26481202458495895,0.24489795918367346
2026092800,mert_v0,ambient_balanced,ridge_platt,rock,5,2,10,0.4956489920439268,0.8
2026092800,mert_v0,ambient_balanced,ridge_platt,rock,5,3,9,0.6473819815855338,1.0
2026092800,mert_v0,ambient_balanced,ridge_platt,rock,5,4,0,,
2026092800,mert_v0,ambient_balanced,ridge_platt,rock,10,0,93,0.06771433482245165,0.06451612903225806
2026092800,mert_v0,ambient_balanced,ridge_platt,rock,10,1,85,0.14592849726852744,0.16470588235294117
2026092800,mert_v0,ambient_balanced,ridge_platt,rock,10,2,36,0.23608909578369738,0.19444444444444445
2026092800,mert_v0,ambient_balanced,ridge_platt,rock,10,3,13,0.3443524428038372,0.38461538461538464
2026092800,mert_v0,ambient_balanced,ridge_platt,rock,10,4,5,0.4519056444365093,0.8
2026092800,mert_v0,ambient_balanced,ridge_platt,rock,10,5,5,0.5393923396513444,0.8
2026092800,mert_v0,ambient_balanced,ridge_platt,rock,10,6,7,0.6304989450385146,1.0
2026092800,mert_v0,ambient_balanced,ridge_platt,rock,10,7,2,0.7064726095001013,1.0
2026092800,mert_v0,ambient_balanced,ridge_platt,rock,10,8,0,,
2026092800,mert_v0,ambient_balanced,ridge_platt,rock,10,9,0,,
2026092800,mert_v0,unweighted,raw,electronic,5,0,77,0.13714098114366755,0.09090909090909091
2026092800,mert_v0,unweighted,raw,electronic,5,1,76,0.3002341802434849,0.3157894736842105
2026092800,mert_v0,unweighted,raw,electronic,5,2,39,0.49323173010956356,0.5128205128205128
2026092800,mert_v0,unweighted,raw,electronic,5,3,42,0.6996824847774737,0.6428571428571429
2026092800,mert_v0,unweighted,raw,electronic,5,4,12,0.8545918479821767,1.0
2026092800,mert_v0,unweighted,raw,electronic,10,0,18,0.08317294809174301,0.0
2026092800,mert_v0,unweighted,raw,electronic,10,1,59,0.15360580478662755,0.11864406779661017
2026092800,mert_v0,unweighted,raw,electronic,10,2,39,0.24807874963300916,0.28205128205128205
2026092800,mert_v0,unweighted,raw,electronic,10,3,37,0.35520882331939185,0.35135135135135137
2026092800,mert_v0,unweighted,raw,electronic,10,4,20,0.4445480837471452,0.5
2026092800,mert_v0,unweighted,raw,electronic,10,5,19,0.5444776736489512,0.5263157894736842
2026092800,mert_v0,unweighted,raw,electronic,10,6,20,0.6512832034688801,0.55
2026092800,mert_v0,unweighted,raw,electronic,10,7,22,0.7436818314216496,0.7272727272727273
2026092800,mert_v0,unweighted,raw,electronic,10,8,10,0.8428046785203905,1.0
2026092800,mert_v0,unweighted,raw,electronic,10,9,2,0.9135276952911087,1.0
2026092800,mert_v0,unweighted,raw,pop,5,0,108,0.14376515866465675,0.17592592592592593
2026092800,mert_v0,unweighted,raw,pop,5,1,123,0.27289742305042647,0.1951219512195122
2026092800,mert_v0,unweighted,raw,pop,5,2,15,0.46805275960116643,0.26666666666666666
2026092800,mert_v0,unweighted,raw,pop,5,3,0,,
2026092800,mert_v0,unweighted,raw,pop,5,4,0,,
2026092800,mert_v0,unweighted,raw,pop,10,0,14,0.07568560926007739,0.14285714285714285
2026092800,mert_v0,unweighted,raw,pop,10,1,94,0.15390466602278557,0.18085106382978725
2026092800,mert_v0,unweighted,raw,pop,10,2,89,0.24568392391260577,0.19101123595505617
2026092800,mert_v0,unweighted,raw,pop,10,3,34,0.3441327590288398,0.20588235294117646
2026092800,mert_v0,unweighted,raw,pop,10,4,10,0.43289040437252335,0.3
2026092800,mert_v0,unweighted,raw,pop,10,5,5,0.5383774700584525,0.2
2026092800,mert_v0,unweighted,raw,pop,10,6,0,,
2026092800,mert_v0,unweighted,raw,pop,10,7,0,,
2026092800,mert_v0,unweighted,raw,pop,10,8,0,,
2026092800,mert_v0,unweighted,raw,pop,10,9,0,,
2026092800,mert_v0,unweighted,raw,ambient,5,0,176,0.10721809486676043,0.1590909090909091
2026092800,mert_v0,unweighted,raw,ambient,5,1,54,0.26921209500681065,0.35185185185185186
2026092800,mert_v0,unweighted,raw,ambient,5,2,16,0.47106126416945693,0.3125
2026092800,mert_v0,unweighted,raw,ambient,5,3,0,,
2026092800,mert_v0,unweighted,raw,ambient,5,4,0,,
2026092800,mert_v0,unweighted,raw,ambient,10,0,84,0.0721980527425147,0.09523809523809523
2026092800,mert_v0,unweighted,raw,ambient,10,1,92,0.1391929159367239,0.21739130434782608
2026092800,mert_v0,unweighted,raw,ambient,10,2,43,0.25248344141361967,0.37209302325581395
2026092800,mert_v0,unweighted,raw,ambient,10,3,11,0.3346059226892845,0.2727272727272727
2026092800,mert_v0,unweighted,raw,ambient,10,4,11,0.4362212402144275,0.36363636363636365
2026092800,mert_v0,unweighted,raw,ambient,10,5,5,0.5477093168705216,0.2
2026092800,mert_v0,unweighted,raw,ambient,10,6,0,,
2026092800,mert_v0,unweighted,raw,ambient,10,7,0,,
2026092800,mert_v0,unweighted,raw,ambient,10,8,0,,
2026092800,mert_v0,unweighted,raw,ambient,10,9,0,,
2026092800,mert_v0,unweighted,raw,rock,5,0,185,0.10117390675842444,0.11351351351351352
2026092800,mert_v0,unweighted,raw,rock,5,1,42,0.2650163914051553,0.2619047619047619
2026092800,mert_v0,unweighted,raw,rock,5,2,11,0.5008756388442639,0.8181818181818182
2026092800,mert_v0,unweighted,raw,rock,5,3,8,0.6537179737375491,1.0
2026092800,mert_v0,unweighted,raw,rock,5,4,0,,
2026092800,mert_v0,unweighted,raw,rock,10,0,100,0.06396202658979705,0.06
2026092800,mert_v0,unweighted,raw,rock,10,1,85,0.14495258930975077,0.17647058823529413
2026092800,mert_v0,unweighted,raw,rock,10,2,30,0.23562446314077415,0.2
2026092800,mert_v0,unweighted,raw,rock,10,3,12,0.3384962120661082,0.4166666666666667
2026092800,mert_v0,unweighted,raw,rock,10,4,6,0.4541549916452912,0.8333333333333334
2026092800,mert_v0,unweighted,raw,rock,10,5,5,0.5569404154830313,0.8
2026092800,mert_v0,unweighted,raw,rock,10,6,6,0.6354033362854702,1.0
2026092800,mert_v0,unweighted,raw,rock,10,7,2,0.7086618860937858,1.0
2026092800,mert_v0,unweighted,raw,rock,10,8,0,,
2026092800,mert_v0,unweighted,raw,rock,10,9,0,,
2026092800,mert_v0,unweighted,prior_offset,electronic,5,0,77,0.13714098114366755,0.09090909090909091
2026092800,mert_v0,unweighted,prior_offset,electronic,5,1,76,0.3002341802434849,0.3157894736842105
2026092800,mert_v0,unweighted,prior_offset,electronic,5,2,39,0.49323173010956356,0.5128205128205128
2026092800,mert_v0,unweighted,prior_offset,electronic,5,3,42,0.6996824847774737,0.6428571428571429
2026092800,mert_v0,unweighted,prior_offset,electronic,5,4,12,0.8545918479821767,1.0
2026092800,mert_v0,unweighted,prior_offset,electronic,10,0,18,0.08317294809174301,0.0
2026092800,mert_v0,unweighted,prior_offset,electronic,10,1,59,0.15360580478662755,0.11864406779661017
2026092800,mert_v0,unweighted,prior_offset,electronic,10,2,39,0.24807874963300916,0.28205128205128205
2026092800,mert_v0,unweighted,prior_offset,electronic,10,3,37,0.35520882331939185,0.35135135135135137
2026092800,mert_v0,unweighted,prior_offset,electronic,10,4,20,0.4445480837471452,0.5
2026092800,mert_v0,unweighted,prior_offset,electronic,10,5,19,0.5444776736489512,0.5263157894736842
2026092800,mert_v0,unweighted,prior_offset,electronic,10,6,20,0.6512832034688801,0.55
2026092800,mert_v0,unweighted,prior_offset,electronic,10,7,22,0.7436818314216496,0.7272727272727273
2026092800,mert_v0,unweighted,prior_offset,electronic,10,8,10,0.8428046785203905,1.0
2026092800,mert_v0,unweighted,prior_offset,electronic,10,9,2,0.9135276952911087,1.0
2026092800,mert_v0,unweighted,prior_offset,pop,5,0,108,0.14376515866465675,0.17592592592592593
2026092800,mert_v0,unweighted,prior_offset,pop,5,1,123,0.27289742305042647,0.1951219512195122
2026092800,mert_v0,unweighted,prior_offset,pop,5,2,15,0.46805275960116643,0.26666666666666666
2026092800,mert_v0,unweighted,prior_offset,pop,5,3,0,,
2026092800,mert_v0,unweighted,prior_offset,pop,5,4,0,,
2026092800,mert_v0,unweighted,prior_offset,pop,10,0,14,0.07568560926007739,0.14285714285714285
2026092800,mert_v0,unweighted,prior_offset,pop,10,1,94,0.15390466602278557,0.18085106382978725
2026092800,mert_v0,unweighted,prior_offset,pop,10,2,89,0.24568392391260577,0.19101123595505617
2026092800,mert_v0,unweighted,prior_offset,pop,10,3,34,0.3441327590288398,0.20588235294117646
2026092800,mert_v0,unweighted,prior_offset,pop,10,4,10,0.43289040437252335,0.3
2026092800,mert_v0,unweighted,prior_offset,pop,10,5,5,0.5383774700584525,0.2
2026092800,mert_v0,unweighted,prior_offset,pop,10,6,0,,
2026092800,mert_v0,unweighted,prior_offset,pop,10,7,0,,
2026092800,mert_v0,unweighted,prior_offset,pop,10,8,0,,
2026092800,mert_v0,unweighted,prior_offset,pop,10,9,0,,
2026092800,mert_v0,unweighted,prior_offset,ambient,5,0,176,0.10721809486676043,0.1590909090909091
2026092800,mert_v0,unweighted,prior_offset,ambient,5,1,54,0.26921209500681065,0.35185185185185186
2026092800,mert_v0,unweighted,prior_offset,ambient,5,2,16,0.47106126416945693,0.3125
2026092800,mert_v0,unweighted,prior_offset,ambient,5,3,0,,
2026092800,mert_v0,unweighted,prior_offset,ambient,5,4,0,,
2026092800,mert_v0,unweighted,prior_offset,ambient,10,0,84,0.0721980527425147,0.09523809523809523
2026092800,mert_v0,unweighted,prior_offset,ambient,10,1,92,0.1391929159367239,0.21739130434782608
2026092800,mert_v0,unweighted,prior_offset,ambient,10,2,43,0.25248344141361967,0.37209302325581395
2026092800,mert_v0,unweighted,prior_offset,ambient,10,3,11,0.3346059226892845,0.2727272727272727
2026092800,mert_v0,unweighted,prior_offset,ambient,10,4,11,0.4362212402144275,0.36363636363636365
2026092800,mert_v0,unweighted,prior_offset,ambient,10,5,5,0.5477093168705216,0.2
2026092800,mert_v0,unweighted,prior_offset,ambient,10,6,0,,
2026092800,mert_v0,unweighted,prior_offset,ambient,10,7,0,,
2026092800,mert_v0,unweighted,prior_offset,ambient,10,8,0,,
2026092800,mert_v0,unweighted,prior_offset,ambient,10,9,0,,
2026092800,mert_v0,unweighted,prior_offset,rock,5,0,185,0.10117390675842444,0.11351351351351352
2026092800,mert_v0,unweighted,prior_offset,rock,5,1,42,0.2650163914051553,0.2619047619047619
2026092800,mert_v0,unweighted,prior_offset,rock,5,2,11,0.5008756388442639,0.8181818181818182
2026092800,mert_v0,unweighted,prior_offset,rock,5,3,8,0.6537179737375491,1.0
2026092800,mert_v0,unweighted,prior_offset,rock,5,4,0,,
2026092800,mert_v0,unweighted,prior_offset,rock,10,0,100,0.06396202658979705,0.06
2026092800,mert_v0,unweighted,prior_offset,rock,10,1,85,0.14495258930975077,0.17647058823529413
2026092800,mert_v0,unweighted,prior_offset,rock,10,2,30,0.23562446314077415,0.2
2026092800,mert_v0,unweighted,prior_offset,rock,10,3,12,0.3384962120661082,0.4166666666666667
2026092800,mert_v0,unweighted,prior_offset,rock,10,4,6,0.4541549916452912,0.8333333333333334
2026092800,mert_v0,unweighted,prior_offset,rock,10,5,5,0.5569404154830313,0.8
2026092800,mert_v0,unweighted,prior_offset,rock,10,6,6,0.6354033362854702,1.0
2026092800,mert_v0,unweighted,prior_offset,rock,10,7,2,0.7086618860937858,1.0
2026092800,mert_v0,unweighted,prior_offset,rock,10,8,0,,
2026092800,mert_v0,unweighted,prior_offset,rock,10,9,0,,
2026092800,mert_v0,unweighted,temperature,electronic,5,0,99,0.10847484230728142,0.12121212121212122
2026092800,mert_v0,unweighted,temperature,electronic,5,1,59,0.2982419974225543,0.3559322033898305
2026092800,mert_v0,unweighted,temperature,electronic,5,2,32,0.49966803326250886,0.5
2026092800,mert_v0,unweighted,temperature,electronic,5,3,33,0.7126606998843086,0.5757575757575758
2026092800,mert_v0,unweighted,temperature,electronic,5,4,23,0.8614717935211348,0.9565217391304348
2026092800,mert_v0,unweighted,temperature,electronic,10,0,46,0.06794756835658174,0.06521739130434782
2026092800,mert_v0,unweighted,temperature,electronic,10,1,53,0.14364945743430374,0.16981132075471697
2026092800,mert_v0,unweighted,temperature,electronic,10,2,32,0.2549307908321318,0.34375
2026092800,mert_v0,unweighted,temperature,electronic,10,3,27,0.34957379782601816,0.37037037037037035
2026092800,mert_v0,unweighted,temperature,electronic,10,4,15,0.44387820370604986,0.5333333333333333
2026092800,mert_v0,unweighted,temperature,electronic,10,5,17,0.5488943534593843,0.47058823529411764
2026092800,mert_v0,unweighted,temperature,electronic,10,6,16,0.6646939687145166,0.625
2026092800,mert_v0,unweighted,temperature,electronic,10,7,17,0.7578058586323484,0.5294117647058824
2026092800,mert_v0,unweighted,temperature,electronic,10,8,16,0.8355634999164555,0.9375
2026092800,mert_v0,unweighted,temperature,electronic,10,9,7,0.9206907503318301,1.0
2026092800,mert_v0,unweighted,temperature,pop,5,0,149,0.12338131183303377,0.19463087248322147
2026092800,mert_v0,unweighted,temperature,pop,5,1,85,0.2691935343050126,0.17647058823529413
2026092800,mert_v0,unweighted,temperature,pop,5,2,12,0.4782964459407013,0.25
2026092800,mert_v0,unweighted,temperature,pop,5,3,0,,
2026092800,mert_v0,unweighted,temperature,pop,5,4,0,,
2026092800,mert_v0,unweighted,temperature,pop,10,0,43,0.06859544548295253,0.11627906976744186
2026092800,mert_v0,unweighted,temperature,pop,10,1,106,0.14560576705051959,0.22641509433962265
2026092800,mert_v0,unweighted,temperature,pop,10,2,61,0.24012147518044583,0.14754098360655737
2026092800,mert_v0,unweighted,temperature,pop,10,3,24,0.3430850179132861,0.25
2026092800,mert_v0,unweighted,temperature,pop,10,4,7,0.42959693895539364,0.2857142857142857
2026092800,mert_v0,unweighted,temperature,pop,10,5,5,0.5464757557201322,0.2
2026092800,mert_v0,unweighted,temperature,pop,10,6,0,,
2026092800,mert_v0,unweighted,temperature,pop,10,7,0,,
2026092800,mert_v0,unweighted,temperature,pop,10,8,0,,
2026092800,mert_v0,unweighted,temperature,pop,10,9,0,,
2026092800,mert_v0,unweighted,temperature,ambient,5,0,181,0.09517215313976475,0.16574585635359115
2026092800,mert_v0,unweighted,temperature,ambient,5,1,51,0.26512009184554947,0.3333333333333333
2026092800,mert_v0,unweighted,temperature,ambient,5,2,14,0.47901360458952086,0.35714285714285715
2026092800,mert_v0,unweighted,temperature,ambient,5,3,0,,
2026092800,mert_v0,unweighted,temperature,ambient,5,4,0,,
2026092800,mert_v0,unweighted,temperature,ambient,10,0,108,0.06647402925348891,0.10185185185185185
2026092800,mert_v0,unweighted,temperature,ambient,10,1,73,0.13762965149206324,0.2602739726027397
2026092800,mert_v0,unweighted,temperature,ambient,10,2,42,0.2467320800026818,0.35714285714285715
2026092800,mert_v0,unweighted,temperature,ambient,10,3,9,0.3509308137789317,0.2222222222222222
2026092800,mert_v0,unweighted,temperature,ambient,10,4,9,0.43867863677627134,0.4444444444444444
2026092800,mert_v0,unweighted,temperature,ambient,10,5,5,0.55161654665337,0.2
2026092800,mert_v0,unweighted,temperature,ambient,10,6,0,,
2026092800,mert_v0,unweighted,temperature,ambient,10,7,0,,
2026092800,mert_v0,unweighted,temperature,ambient,10,8,0,,
2026092800,mert_v0,unweighted,temperature,ambient,10,9,0,,
2026092800,mert_v0,unweighted,temperature,rock,5,0,153,0.12568719685278318,0.0915032679738562
2026092800,mert_v0,unweighted,temperature,rock,5,1,73,0.26619897509289153,0.2465753424657534
2026092800,mert_v0,unweighted,temperature,rock,5,2,13,0.5003511836193281,0.7692307692307693
2026092800,mert_v0,unweighted,temperature,rock,5,3,7,0.6317498152751017,1.0
2026092800,mert_v0,unweighted,temperature,rock,5,4,0,,
2026092800,mert_v0,unweighted,temperature,rock,10,0,44,0.07620234537446956,0.045454545454545456
2026092800,mert_v0,unweighted,temperature,rock,10,1,109,0.1456627332293501,0.11009174311926606
2026092800,mert_v0,unweighted,temperature,rock,10,2,54,0.23930044914537946,0.2037037037037037
2026092800,mert_v0,unweighted,temperature,rock,10,3,19,0.3426474172595048,0.3684210526315789
2026092800,mert_v0,unweighted,temperature,rock,10,4,7,0.4550433268849991,0.7142857142857143
2026092800,mert_v0,unweighted,temperature,rock,10,5,6,0.5532103498093787,0.8333333333333334
2026092800,mert_v0,unweighted,temperature,rock,10,6,7,0.6317498152751017,1.0
2026092800,mert_v0,unweighted,temperature,rock,10,7,0,,
2026092800,mert_v0,unweighted,temperature,rock,10,8,0,,
2026092800,mert_v0,unweighted,temperature,rock,10,9,0,,
2026092800,mert_v0,unweighted,platt,electronic,5,0,107,0.10868394084493285,0.14018691588785046
2026092800,mert_v0,unweighted,platt,electronic,5,1,61,0.29198371157305003,0.39344262295081966
2026092800,mert_v0,unweighted,platt,electronic,5,2,31,0.4986784318139451,0.5483870967741935
2026092800,mert_v0,unweighted,platt,electronic,5,3,35,0.6944465408744298,0.6285714285714286
2026092800,mert_v0,unweighted,platt,electronic,5,4,12,0.8586933274171393,1.0
2026092800,mert_v0,unweighted,platt,electronic,10,0,51,0.06959982069372735,0.0784313725490196
2026092800,mert_v0,unweighted,platt,electronic,10,1,56,0.1442784074112093,0.19642857142857142
2026092800,mert_v0,unweighted,platt,electronic,10,2,34,0.25234954975895335,0.3235294117647059
2026092800,mert_v0,unweighted,platt,electronic,10,3,27,0.3418933968204313,0.48148148148148145
2026092800,mert_v0,unweighted,platt,electronic,10,4,18,0.45615340653580305,0.3333333333333333
2026092800,mert_v0,unweighted,platt,electronic,10,5,13,0.5575592360452191,0.8461538461538461
2026092800,mert_v0,unweighted,platt,electronic,10,6,17,0.6475952519446938,0.47058823529411764
2026092800,mert_v0,unweighted,platt,electronic,10,7,18,0.7386949804191802,0.7777777777777778
2026092800,mert_v0,unweighted,platt,electronic,10,8,10,0.8457659567036163,1.0
2026092800,mert_v0,unweighted,platt,electronic,10,9,2,0.923330180984755,1.0
2026092800,mert_v0,unweighted,platt,pop,5,0,136,0.10188829251782738,0.19852941176470587
2026092800,mert_v0,unweighted,platt,pop,5,1,71,0.2890184258007054,0.15492957746478872
2026092800,mert_v0,unweighted,platt,pop,5,2,25,0.4941941034975899,0.24
2026092800,mert_v0,unweighted,platt,pop,5,3,11,0.6695145595227143,0.18181818181818182
2026092800,mert_v0,unweighted,platt,pop,5,4,3,0.8391032683968667,0.3333333333333333
2026092800,mert_v0,unweighted,platt,pop,10,0,72,0.05880330630099078,0.16666666666666666
2026092800,mert_v0,unweighted,platt,pop,10,1,64,0.1503589020117686,0.234375
2026092800,mert_v0,unweighted,platt,pop,10,2,44,0.2536263238468706,0.13636363636363635
2026092800,mert_v0,unweighted,platt,pop,10,3,27,0.3466944437995473,0.18518518518518517
2026092800,mert_v0,unweighted,platt,pop,10,4,13,0.45531367477704304,0.07692307692307693
2026092800,mert_v0,unweighted,platt,pop,10,5,12,0.536314567944849,0.4166666666666667
2026092800,mert_v0,unweighted,platt,pop,10,6,8,0.6391107967685521,0.125
2026092800,mert_v0,unweighted,platt,pop,10,7,3,0.7505912602004802,0.3333333333333333
2026092800,mert_v0,unweighted,platt,pop,10,8,3,0.8391032683968667,0.3333333333333333
2026092800,mert_v0,unweighted,platt,pop,10,9,0,,
2026092800,mert_v0,unweighted,platt,ambient,5,0,179,0.09156575376044192,0.1564245810055866
2026092800,mert_v0,unweighted,platt,ambient,5,1,51,0.26954091675770436,0.37254901960784315
2026092800,mert_v0,unweighted,platt,ambient,5,2,14,0.4882486817666955,0.2857142857142857
2026092800,mert_v0,unweighted,platt,ambient,5,3,2,0.6100282393360257,0.5
2026092800,mert_v0,unweighted,platt,ambient,5,4,0,,
2026092800,mert_v0,unweighted,platt,ambient,10,0,113,0.06409658686069508,0.09734513274336283
2026092800,mert_v0,unweighted,platt,ambient,10,1,66,0.13859629708879634,0.25757575757575757
2026092800,mert_v0,unweighted,platt,ambient,10,2,39,0.24830624655700823,0.41025641025641024
2026092800,mert_v0,unweighted,platt,ambient,10,3,12,0.33855359490996695,0.25
2026092800,mert_v0,unweighted,platt,ambient,10,4,8,0.43815475874905135,0.25
2026092800,mert_v0,unweighted,platt,ambient,10,5,6,0.5550405791235543,0.3333333333333333
2026092800,mert_v0,unweighted,platt,ambient,10,6,2,0.6100282393360257,0.5
2026092800,mert_v0,unweighted,platt,ambient,10,7,0,,
2026092800,mert_v0,unweighted,platt,ambient,10,8,0,,
2026092800,mert_v0,unweighted,platt,ambient,10,9,0,,
2026092800,mert_v0,unweighted,platt,rock,5,0,149,0.12240275748562597,0.08053691275167785
2026092800,mert_v0,unweighted,platt,rock,5,1,73,0.27053069601048646,0.2602739726027397
2026092800,mert_v0,unweighted,platt,rock,5,2,14,0.49075239898514894,0.6428571428571429
2026092800,mert_v0,unweighted,platt,rock,5,3,10,0.6703209164564801,0.9
2026092800,mert_v0,unweighted,platt,rock,5,4,0,,
2026092800,mert_v0,unweighted,platt,rock,10,0,52,0.075428152911521,0.057692307692307696
2026092800,mert_v0,unweighted,platt,rock,10,1,97,0.14758501973153793,0.09278350515463918
2026092800,mert_v0,unweighted,platt,rock,10,2,55,0.24479112316838209,0.23636363636363636
2026092800,mert_v0,unweighted,platt,rock,10,3,18,0.3491793908058053,0.3333333333333333
2026092800,mert_v0,unweighted,platt,rock,10,4,8,0.4431545055540026,0.5
2026092800,mert_v0,unweighted,platt,rock,10,5,6,0.5542162568933441,0.8333333333333334
2026092800,mert_v0,unweighted,platt,rock,10,6,8,0.6559555945487068,0.875
2026092800,mert_v0,unweighted,platt,rock,10,7,2,0.7277822040875734,1.0
2026092800,mert_v0,unweighted,platt,rock,10,8,0,,
2026092800,mert_v0,unweighted,platt,rock,10,9,0,,
2026092800,mert_v0,unweighted,beta,electronic,5,0,103,0.08925564230443507,0.13592233009708737
2026092800,mert_v0,unweighted,beta,electronic,5,1,57,0.2977138859891387,0.3508771929824561
2026092800,mert_v0,unweighted,beta,electronic,5,2,34,0.49481665575577016,0.5294117647058824
2026092800,mert_v0,unweighted,beta,electronic,5,3,50,0.6865397998898739,0.72
2026092800,mert_v0,unweighted,beta,electronic,5,4,2,0.8142023676519603,1.0
2026092800,mert_v0,unweighted,beta,electronic,10,0,63,0.05514948260459374,0.07936507936507936
2026092800,mert_v0,unweighted,beta,electronic,10,1,40,0.14297284383168518,0.225
2026092800,mert_v0,unweighted,beta,electronic,10,2,29,0.2508561708604283,0.3103448275862069
2026092800,mert_v0,unweighted,beta,electronic,10,3,28,0.34624509094387446,0.39285714285714285
2026092800,mert_v0,unweighted,beta,electronic,10,4,15,0.4432257431387513,0.5333333333333333
2026092800,mert_v0,unweighted,beta,electronic,10,5,19,0.5355463236113113,0.5263157894736842
2026092800,mert_v0,unweighted,beta,electronic,10,6,29,0.64950062005642,0.5517241379310345
2026092800,mert_v0,unweighted,beta,electronic,10,7,21,0.7376891434694055,0.9523809523809523
2026092800,mert_v0,unweighted,beta,electronic,10,8,2,0.8142023676519603,1.0
2026092800,mert_v0,unweighted,beta,electronic,10,9,0,,
2026092800,mert_v0,unweighted,beta,pop,5,0,148,0.10969380605423423,0.19594594594594594
2026092800,mert_v0,unweighted,beta,pop,5,1,59,0.2754695806501617,0.15254237288135594
2026092800,mert_v0,unweighted,beta,pop,5,2,24,0.4850751293188002,0.20833333333333334
2026092800,mert_v0,unweighted,beta,pop,5,3,9,0.6787626790953339,0.2222222222222222
2026092800,mert_v0,unweighted,beta,pop,5,4,6,0.8809374780425877,0.3333333333333333
2026092800,mert_v0,unweighted,beta,pop,10,0,70,0.06936256554528104,0.15714285714285714
2026092800,mert_v0,unweighted,beta,pop,10,1,78,0.14588850907508968,0.23076923076923078
2026092800,mert_v0,unweighted,beta,pop,10,2,42,0.2519856144890729,0.14285714285714285
2026092800,mert_v0,unweighted,beta,pop,10,3,17,0.3334887911657929,0.17647058823529413
2026092800,mert_v0,unweighted,beta,pop,10,4,14,0.44464308990504725,0.07142857142857142
2026092800,mert_v0,unweighted,beta,pop,10,5,10,0.5416799844980542,0.4
2026092800,mert_v0,unweighted,beta,pop,10,6,6,0.660119621287037,0.16666666666666666
2026092800,mert_v0,unweighted,beta,pop,10,7,3,0.7160487947119275,0.3333333333333333
2026092800,mert_v0,unweighted,beta,pop,10,8,4,0.8483014837065392,0.25
2026092800,mert_v0,unweighted,beta,pop,10,9,2,0.9462094667146848,0.5
2026092800,mert_v0,unweighted,beta,ambient,5,0,176,0.08487286536714432,0.1590909090909091
2026092800,mert_v0,unweighted,beta,ambient,5,1,52,0.27719927457946303,0.36538461538461536
2026092800,mert_v0,unweighted,beta,ambient,5,2,18,0.4819223515265852,0.2777777777777778
2026092800,mert_v0,unweighted,beta,ambient,5,3,0,,
2026092800,mert_v0,unweighted,beta,ambient,5,4,0,,
2026092800,mert_v0,unweighted,beta,ambient,10,0,117,0.056917136507087504,0.09401709401709402
2026092800,mert_v0,unweighted,beta,ambient,10,1,59,0.14031049717437558,0.288135593220339
2026092800,mert_v0,unweighted,beta,ambient,10,2,35,0.2519039918374829,0.4
2026092800,mert_v0,unweighted,beta,ambient,10,3,17,0.3292777978717751,0.29411764705882354
2026092800,mert_v0,unweighted,beta,ambient,10,4,10,0.43656633536256084,0.2
2026092800,mert_v0,unweighted,beta,ambient,10,5,8,0.5386173717316157,0.375
2026092800,mert_v0,unweighted,beta,ambient,10,6,0,,
2026092800,mert_v0,unweighted,beta,ambient,10,7,0,,
2026092800,mert_v0,unweighted,beta,ambient,10,8,0,,
2026092800,mert_v0,unweighted,beta,ambient,10,9,0,,
2026092800,mert_v0,unweighted,beta,rock,5,0,142,0.10985861485823731,0.07746478873239436
2026092800,mert_v0,unweighted,beta,rock,5,1,74,0.274506785530754,0.22972972972972974
2026092800,mert_v0,unweighted,beta,rock,5,2,20,0.4821267233306322,0.6
2026092800,mert_v0,unweighted,beta,rock,5,3,10,0.6307680010481367,0.9
2026092800,mert_v0,unweighted,beta,rock,5,4,0,,
2026092800,mert_v0,unweighted,beta,rock,10,0,65,0.066560296256256,0.06153846153846154
2026092800,mert_v0,unweighted,beta,rock,10,1,77,0.14640914354822154,0.09090909090909091
2026092800,mert_v0,unweighted,beta,rock,10,2,54,0.24879055994835808,0.24074074074074073
2026092800,mert_v0,unweighted,beta,rock,10,3,20,0.3439405946032229,0.2
2026092800,mert_v0,unweighted,beta,rock,10,4,12,0.43897266290162545,0.4166666666666667
2026092800,mert_v0,unweighted,beta,rock,10,5,8,0.5468578139741426,0.875
2026092800,mert_v0,unweighted,beta,rock,10,6,10,0.6307680010481367,0.9
2026092800,mert_v0,unweighted,beta,rock,10,7,0,,
2026092800,mert_v0,unweighted,beta,rock,10,8,0,,
2026092800,mert_v0,unweighted,beta,rock,10,9,0,,
2026092800,mert_v0,unweighted,isotonic,electronic,5,0,83,0.041493667735297474,0.08433734939759036
2026092800,mert_v0,unweighted,isotonic,electronic,5,1,82,0.2850178923228545,0.3780487804878049
2026092800,mert_v0,unweighted,isotonic,electronic,5,2,46,0.5289388813569802,0.5
2026092800,mert_v0,unweighted,isotonic,electronic,5,3,3,0.7003016845956429,0.3333333333333333
2026092800,mert_v0,unweighted,isotonic,electronic,5,4,32,0.8085825120292731,0.875
2026092800,mert_v0,unweighted,isotonic,electronic,10,0,83,0.041493667735297474,0.08433734939759036
2026092800,mert_v0,unweighted,isotonic,electronic,10,1,0,,
2026092800,mert_v0,unweighted,isotonic,electronic,10,2,35,0.23054690254510612,0.3142857142857143
2026092800,mert_v0,unweighted,isotonic,electronic,10,3,47,0.32558139534883734,0.425531914893617
2026092800,mert_v0,unweighted,isotonic,electronic,10,4,21,0.47619047619047616,0.3333333333333333
2026092800,mert_v0,unweighted,isotonic,electronic,10,5,25,0.5732475416968437,0.64
2026092800,mert_v0,unweighted,isotonic,electronic,10,6,2,0.6810704391341853,0.5
2026092800,mert_v0,unweighted,isotonic,electronic,10,7,1,0.7387641755185581,0.0
2026092800,mert_v0,unweighted,isotonic,electronic,10,8,31,0.8024077543527983,0.8709677419354839
2026092800,mert_v0,unweighted,isotonic,electronic,10,9,1,1.0,1.0
2026092800,mert_v0,unweighted,isotonic,pop,5,0,148,0.11142183578980211,0.19594594594594594
2026092800,mert_v0,unweighted,isotonic,pop,5,1,74,0.30832441848626396,0.13513513513513514
2026092800,mert_v0,unweighted,isotonic,pop,5,2,7,0.4667484198058421,0.5714285714285714
2026092800,mert_v0,unweighted,isotonic,pop,5,3,11,0.6692950696472524,0.18181818181818182
2026092800,mert_v0,unweighted,isotonic,pop,5,4,6,1.0,0.3333333333333333
2026092800,mert_v0,unweighted,isotonic,pop,10,0,47,0.015696274815343407,0.10638297872340426
2026092800,mert_v0,unweighted,isotonic,pop,10,1,101,0.1559673938670255,0.2376237623762376
2026092800,mert_v0,unweighted,isotonic,pop,10,2,1,0.2683879203644868,0.0
2026092800,mert_v0,unweighted,isotonic,pop,10,3,73,0.30887149380300066,0.136986301369863
2026092800,mert_v0,unweighted,isotonic,pop,10,4,5,0.42857142857142855,0.4
2026092800,mert_v0,unweighted,isotonic,pop,10,5,2,0.5621908978918759,1.0
2026092800,mert_v0,unweighted,isotonic,pop,10,6,11,0.6692950696472524,0.18181818181818182
2026092800,mert_v0,unweighted,isotonic,pop,10,7,0,,
2026092800,mert_v0,unweighted,isotonic,pop,10,8,0,,
2026092800,mert_v0,unweighted,isotonic,pop,10,9,6,1.0,0.3333333333333333
2026092800,mert_v0,unweighted,isotonic,ambient,5,0,162,0.06287268822215684,0.15432098765432098
2026092800,mert_v0,unweighted,isotonic,ambient,5,1,68,0.2591905597634761,0.3235294117647059
2026092800,mert_v0,unweighted,isotonic,ambient,5,2,1,0.4343576803574188,0.0
2026092800,mert_v0,unweighted,isotonic,ambient,5,3,15,0.5999999999999999,0.3333333333333333
2026092800,mert_v0,unweighted,isotonic,ambient,5,4,0,,
2026092800,mert_v0,unweighted,isotonic,ambient,10,0,161,0.06204141676999911,0.14906832298136646
2026092800,mert_v0,unweighted,isotonic,ambient,10,1,1,0.1967073920195487,1.0
2026092800,mert_v0,unweighted,isotonic,ambient,10,2,65,0.253401721693388,0.3230769230769231
2026092800,mert_v0,unweighted,isotonic,ambient,10,3,3,0.38461538461538464,0.3333333333333333
2026092800,mert_v0,unweighted,isotonic,ambient,10,4,1,0.4343576803574188,0.0
2026092800,mert_v0,unweighted,isotonic,ambient,10,5,0,,
2026092800,mert_v0,unweighted,isotonic,ambient,10,6,15,0.5999999999999999,0.3333333333333333
2026092800,mert_v0,unweighted,isotonic,ambient,10,7,0,,
2026092800,mert_v0,unweighted,isotonic,ambient,10,8,0,,
2026092800,mert_v0,unweighted,isotonic,ambient,10,9,0,,
2026092800,mert_v0,unweighted,isotonic,rock,5,0,179,0.10858063945147589,0.11173184357541899
2026092800,mert_v0,unweighted,isotonic,rock,5,1,17,0.25,0.23529411764705882
2026092800,mert_v0,unweighted,isotonic,rock,5,2,29,0.46782560592452016,0.27586206896551724
2026092800,mert_v0,unweighted,isotonic,rock,5,3,21,0.6146520146520146,0.8095238095238095
2026092800,mert_v0,unweighted,isotonic,rock,5,4,0,,
2026092800,mert_v0,unweighted,isotonic,rock,10,0,80,0.06432814660621473,0.0625
2026092800,mert_v0,unweighted,isotonic,rock,10,1,99,0.14434022962946472,0.15151515151515152
2026092800,mert_v0,unweighted,isotonic,rock,10,2,17,0.25,0.23529411764705882
2026092800,mert_v0,unweighted,isotonic,rock,10,3,0,,
2026092800,mert_v0,unweighted,isotonic,rock,10,4,20,0.43289258313600876,0.2
2026092800,mert_v0,unweighted,isotonic,rock,10,5,9,0.5454545454545454,0.4444444444444444
2026092800,mert_v0,unweighted,isotonic,rock,10,6,21,0.6146520146520146,0.8095238095238095
2026092800,mert_v0,unweighted,isotonic,rock,10,7,0,,
2026092800,mert_v0,unweighted,isotonic,rock,10,8,0,,
2026092800,mert_v0,unweighted,isotonic,rock,10,9,0,,
2026092800,mert_v0,unweighted,ridge_platt,electronic,5,0,77,0.13714098114366755,0.09090909090909091
2026092800,mert_v0,unweighted,ridge_platt,electronic,5,1,76,0.3002341802434849,0.3157894736842105
2026092800,mert_v0,unweighted,ridge_platt,electronic,5,2,39,0.49323173010956356,0.5128205128205128
2026092800,mert_v0,unweighted,ridge_platt,electronic,5,3,42,0.6996824847774737,0.6428571428571429
2026092800,mert_v0,unweighted,ridge_platt,electronic,5,4,12,0.8545918479821767,1.0
2026092800,mert_v0,unweighted,ridge_platt,electronic,10,0,18,0.08317294809174301,0.0
2026092800,mert_v0,unweighted,ridge_platt,electronic,10,1,59,0.15360580478662755,0.11864406779661017
2026092800,mert_v0,unweighted,ridge_platt,electronic,10,2,39,0.24807874963300916,0.28205128205128205
2026092800,mert_v0,unweighted,ridge_platt,electronic,10,3,37,0.35520882331939185,0.35135135135135137
2026092800,mert_v0,unweighted,ridge_platt,electronic,10,4,20,0.4445480837471452,0.5
2026092800,mert_v0,unweighted,ridge_platt,electronic,10,5,19,0.5444776736489512,0.5263157894736842
2026092800,mert_v0,unweighted,ridge_platt,electronic,10,6,20,0.6512832034688801,0.55
2026092800,mert_v0,unweighted,ridge_platt,electronic,10,7,22,0.7436818314216496,0.7272727272727273
2026092800,mert_v0,unweighted,ridge_platt,electronic,10,8,10,0.8428046785203905,1.0
2026092800,mert_v0,unweighted,ridge_platt,electronic,10,9,2,0.9135276952911087,1.0
2026092800,mert_v0,unweighted,ridge_platt,pop,5,0,135,0.10447042375863304,0.2
2026092800,mert_v0,unweighted,ridge_platt,pop,5,1,72,0.2833322409520872,0.1527777777777778
2026092800,mert_v0,unweighted,ridge_platt,pop,5,2,27,0.4856593861188991,0.2222222222222222
2026092800,mert_v0,unweighted,ridge_platt,pop,5,3,10,0.6716342416244231,0.2
2026092800,mert_v0,unweighted,ridge_platt,pop,5,4,2,0.8377118583513314,0.5
2026092800,mert_v0,unweighted,ridge_platt,pop,10,0,68,0.060353879290205456,0.14705882352941177
2026092800,mert_v0,unweighted,ridge_platt,pop,10,1,67,0.14924542411464908,0.2537313432835821
2026092800,mert_v0,unweighted,ridge_platt,pop,10,2,46,0.25107573456495036,0.15217391304347827
2026092800,mert_v0,unweighted,ridge_platt,pop,10,3,26,0.3404014445600986,0.15384615384615385
2026092800,mert_v0,unweighted,ridge_platt,pop,10,4,17,0.4515654817524519,0.058823529411764705
2026092800,mert_v0,unweighted,ridge_platt,pop,10,5,10,0.5436190235418593,0.5
2026092800,mert_v0,unweighted,ridge_platt,pop,10,6,6,0.6265775382390214,0.16666666666666666
2026092800,mert_v0,unweighted,ridge_platt,pop,10,7,4,0.7392192967025258,0.25
2026092800,mert_v0,unweighted,ridge_platt,pop,10,8,2,0.8377118583513314,0.5
2026092800,mert_v0,unweighted,ridge_platt,pop,10,9,0,,
2026092800,mert_v0,unweighted,ridge_platt,ambient,5,0,176,0.10721809486676043,0.1590909090909091
2026092800,mert_v0,unweighted,ridge_platt,ambient,5,1,54,0.26921209500681065,0.35185185185185186
2026092800,mert_v0,unweighted,ridge_platt,ambient,5,2,16,0.47106126416945693,0.3125
2026092800,mert_v0,unweighted,ridge_platt,ambient,5,3,0,,
2026092800,mert_v0,unweighted,ridge_platt,ambient,5,4,0,,
2026092800,mert_v0,unweighted,ridge_platt,ambient,10,0,84,0.0721980527425147,0.09523809523809523
2026092800,mert_v0,unweighted,ridge_platt,ambient,10,1,92,0.1391929159367239,0.21739130434782608
2026092800,mert_v0,unweighted,ridge_platt,ambient,10,2,43,0.25248344141361967,0.37209302325581395
2026092800,mert_v0,unweighted,ridge_platt,ambient,10,3,11,0.3346059226892845,0.2727272727272727
2026092800,mert_v0,unweighted,ridge_platt,ambient,10,4,11,0.4362212402144275,0.36363636363636365
2026092800,mert_v0,unweighted,ridge_platt,ambient,10,5,5,0.5477093168705216,0.2
2026092800,mert_v0,unweighted,ridge_platt,ambient,10,6,0,,
2026092800,mert_v0,unweighted,ridge_platt,ambient,10,7,0,,
2026092800,mert_v0,unweighted,ridge_platt,ambient,10,8,0,,
2026092800,mert_v0,unweighted,ridge_platt,ambient,10,9,0,,
2026092800,mert_v0,unweighted,ridge_platt,rock,5,0,178,0.10506379441748784,0.11235955056179775
2026092800,mert_v0,unweighted,ridge_platt,rock,5,1,49,0.26481202458495895,0.24489795918367346
2026092800,mert_v0,unweighted,ridge_platt,rock,5,2,10,0.4956489920439268,0.8
2026092800,mert_v0,unweighted,ridge_platt,rock,5,3,9,0.6473819815855338,1.0
2026092800,mert_v0,unweighted,ridge_platt,rock,5,4,0,,
2026092800,mert_v0,unweighted,ridge_platt,rock,10,0,93,0.06771433482245165,0.06451612903225806
2026092800,mert_v0,unweighted,ridge_platt,rock,10,1,85,0.14592849726852744,0.16470588235294117
2026092800,mert_v0,unweighted,ridge_platt,rock,10,2,36,0.23608909578369738,0.19444444444444445
2026092800,mert_v0,unweighted,ridge_platt,rock,10,3,13,0.3443524428038372,0.38461538461538464
2026092800,mert_v0,unweighted,ridge_platt,rock,10,4,5,0.4519056444365093,0.8
2026092800,mert_v0,unweighted,ridge_platt,rock,10,5,5,0.5393923396513444,0.8
2026092800,mert_v0,unweighted,ridge_platt,rock,10,6,7,0.6304989450385146,1.0
2026092800,mert_v0,unweighted,ridge_platt,rock,10,7,2,0.7064726095001013,1.0
2026092800,mert_v0,unweighted,ridge_platt,rock,10,8,0,,
2026092800,mert_v0,unweighted,ridge_platt,rock,10,9,0,,
2026092800,mert_v1,ambient_balanced,raw,electronic,5,0,75,0.12501810116984333,0.05333333333333334
2026092800,mert_v1,ambient_balanced,raw,electronic,5,1,76,0.29421386759467,0.34210526315789475
2026092800,mert_v1,ambient_balanced,raw,electronic,5,2,37,0.5028150506665234,0.5135135135135135
2026092800,mert_v1,ambient_balanced,raw,electronic,5,3,42,0.691411593452104,0.6190476190476191
2026092800,mert_v1,ambient_balanced,raw,electronic,5,4,16,0.8536215106710476,0.9375
2026092800,mert_v1,ambient_balanced,raw,electronic,10,0,24,0.07443686725017074,0.041666666666666664
2026092800,mert_v1,ambient_balanced,raw,electronic,10,1,51,0.148821034779101,0.058823529411764705
2026092800,mert_v1,ambient_balanced,raw,electronic,10,2,40,0.24772916436969208,0.35
2026092800,mert_v1,ambient_balanced,raw,electronic,10,3,36,0.3458635378446453,0.3333333333333333
2026092800,mert_v1,ambient_balanced,raw,electronic,10,4,18,0.4561551676843317,0.5
2026092800,mert_v1,ambient_balanced,raw,electronic,10,5,19,0.547019150333863,0.5263157894736842
2026092800,mert_v1,ambient_balanced,raw,electronic,10,6,24,0.6519837123594264,0.4583333333333333
2026092800,mert_v1,ambient_balanced,raw,electronic,10,7,18,0.743982101575674,0.8333333333333334
2026092800,mert_v1,ambient_balanced,raw,electronic,10,8,16,0.8536215106710476,0.9375
2026092800,mert_v1,ambient_balanced,raw,electronic,10,9,0,,
2026092800,mert_v1,ambient_balanced,raw,pop,5,0,115,0.13875602764485992,0.16521739130434782
2026092800,mert_v1,ambient_balanced,raw,pop,5,1,115,0.2799029952516148,0.20869565217391303
2026092800,mert_v1,ambient_balanced,raw,pop,5,2,16,0.47681834986224625,0.25
2026092800,mert_v1,ambient_balanced,raw,pop,5,3,0,,
2026092800,mert_v1,ambient_balanced,raw,pop,5,4,0,,
2026092800,mert_v1,ambient_balanced,raw,pop,10,0,22,0.07468412382564148,0.13636363636363635
2026092800,mert_v1,ambient_balanced,raw,pop,10,1,93,0.15391282209671808,0.17204301075268819
2026092800,mert_v1,ambient_balanced,raw,pop,10,2,78,0.2485114316629002,0.21794871794871795
2026092800,mert_v1,ambient_balanced,raw,pop,10,3,37,0.34607980497917534,0.1891891891891892
2026092800,mert_v1,ambient_balanced,raw,pop,10,4,10,0.4308134547529848,0.1
2026092800,mert_v1,ambient_balanced,raw,pop,10,5,6,0.5534931750443487,0.5
2026092800,mert_v1,ambient_balanced,raw,pop,10,6,0,,
2026092800,mert_v1,ambient_balanced,raw,pop,10,7,0,,
2026092800,mert_v1,ambient_balanced,raw,pop,10,8,0,,
2026092800,mert_v1,ambient_balanced,raw,pop,10,9,0,,
2026092800,mert_v1,ambient_balanced,raw,ambient,5,0,37,0.13894443785098418,0.10810810810810811
2026092800,mert_v1,ambient_balanced,raw,ambient,5,1,110,0.2883395904035543,0.15454545454545454
2026092800,mert_v1,ambient_balanced,raw,ambient,5,2,65,0.4857863784969067,0.2923076923076923
2026092800,mert_v1,ambient_balanced,raw,ambient,5,3,31,0.6986431523673798,0.3548387096774194
2026092800,mert_v1,ambient_balanced,raw,ambient,5,4,3,0.871101062158503,0.3333333333333333
2026092800,mert_v1,ambient_balanced,raw,ambient,10,0,8,0.08213010665888461,0.25
2026092800,mert_v1,ambient_balanced,raw,ambient,10,1,29,0.15461735680052888,0.06896551724137931
2026092800,mert_v1,ambient_balanced,raw,ambient,10,2,69,0.24949094458037058,0.13043478260869565
2026092800,mert_v1,ambient_balanced,raw,ambient,10,3,41,0.3537190187401316,0.1951219512195122
2026092800,mert_v1,ambient_balanced,raw,ambient,10,4,40,0.44829026838232944,0.2
2026092800,mert_v1,ambient_balanced,raw,ambient,10,5,25,0.5457801546802302,0.44
2026092800,mert_v1,ambient_balanced,raw,ambient,10,6,16,0.6514645774320553,0.4375
2026092800,mert_v1,ambient_balanced,raw,ambient,10,7,15,0.7489669656317262,0.26666666666666666
2026092800,mert_v1,ambient_balanced,raw,ambient,10,8,2,0.8258020260805345,0.0
2026092800,mert_v1,ambient_balanced,raw,ambient,10,9,1,0.96169913431444,1.0
2026092800,mert_v1,ambient_balanced,raw,rock,5,0,189,0.10014795452175203,0.13227513227513227
2026092800,mert_v1,ambient_balanced,raw,rock,5,1,35,0.25785776770857505,0.22857142857142856
2026092800,mert_v1,ambient_balanced,raw,rock,5,2,17,0.4880722313061088,0.6470588235294118
2026092800,mert_v1,ambient_balanced,raw,rock,5,3,5,0.6791101057652343,1.0
2026092800,mert_v1,ambient_balanced,raw,rock,5,4,0,,
2026092800,mert_v1,ambient_balanced,raw,rock,10,0,101,0.06394154952924505,0.0891089108910891
2026092800,mert_v1,ambient_balanced,raw,rock,10,1,88,0.14170303297906112,0.18181818181818182
2026092800,mert_v1,ambient_balanced,raw,rock,10,2,29,0.23561755514614377,0.13793103448275862
2026092800,mert_v1,ambient_balanced,raw,rock,10,3,6,0.3653521284269927,0.6666666666666666
2026092800,mert_v1,ambient_balanced,raw,rock,10,4,10,0.44273642251308976,0.4
2026092800,mert_v1,ambient_balanced,raw,rock,10,5,7,0.5528376724389934,1.0
2026092800,mert_v1,ambient_balanced,raw,rock,10,6,3,0.6534569219064349,1.0
2026092800,mert_v1,ambient_balanced,raw,rock,10,7,2,0.7175898815534338,1.0
2026092800,mert_v1,ambient_balanced,raw,rock,10,8,0,,
2026092800,mert_v1,ambient_balanced,raw,rock,10,9,0,,
2026092800,mert_v1,ambient_balanced,prior_offset,electronic,5,0,75,0.12501810116984333,0.05333333333333334
2026092800,mert_v1,ambient_balanced,prior_offset,electronic,5,1,76,0.29421386759467,0.34210526315789475
2026092800,mert_v1,ambient_balanced,prior_offset,electronic,5,2,37,0.5028150506665234,0.5135135135135135
2026092800,mert_v1,ambient_balanced,prior_offset,electronic,5,3,42,0.691411593452104,0.6190476190476191
2026092800,mert_v1,ambient_balanced,prior_offset,electronic,5,4,16,0.8536215106710476,0.9375
2026092800,mert_v1,ambient_balanced,prior_offset,electronic,10,0,24,0.07443686725017074,0.041666666666666664
2026092800,mert_v1,ambient_balanced,prior_offset,electronic,10,1,51,0.148821034779101,0.058823529411764705
2026092800,mert_v1,ambient_balanced,prior_offset,electronic,10,2,40,0.24772916436969208,0.35
2026092800,mert_v1,ambient_balanced,prior_offset,electronic,10,3,36,0.3458635378446453,0.3333333333333333
2026092800,mert_v1,ambient_balanced,prior_offset,electronic,10,4,18,0.4561551676843317,0.5
2026092800,mert_v1,ambient_balanced,prior_offset,electronic,10,5,19,0.547019150333863,0.5263157894736842
2026092800,mert_v1,ambient_balanced,prior_offset,electronic,10,6,24,0.6519837123594264,0.4583333333333333
2026092800,mert_v1,ambient_balanced,prior_offset,electronic,10,7,18,0.743982101575674,0.8333333333333334
2026092800,mert_v1,ambient_balanced,prior_offset,electronic,10,8,16,0.8536215106710476,0.9375
2026092800,mert_v1,ambient_balanced,prior_offset,electronic,10,9,0,,
2026092800,mert_v1,ambient_balanced,prior_offset,pop,5,0,115,0.13875602764485992,0.16521739130434782
2026092800,mert_v1,ambient_balanced,prior_offset,pop,5,1,115,0.2799029952516148,0.20869565217391303
2026092800,mert_v1,ambient_balanced,prior_offset,pop,5,2,16,0.47681834986224625,0.25
2026092800,mert_v1,ambient_balanced,prior_offset,pop,5,3,0,,
2026092800,mert_v1,ambient_balanced,prior_offset,pop,5,4,0,,
2026092800,mert_v1,ambient_balanced,prior_offset,pop,10,0,22,0.07468412382564148,0.13636363636363635
2026092800,mert_v1,ambient_balanced,prior_offset,pop,10,1,93,0.15391282209671808,0.17204301075268819
2026092800,mert_v1,ambient_balanced,prior_offset,pop,10,2,78,0.2485114316629002,0.21794871794871795
2026092800,mert_v1,ambient_balanced,prior_offset,pop,10,3,37,0.34607980497917534,0.1891891891891892
2026092800,mert_v1,ambient_balanced,prior_offset,pop,10,4,10,0.4308134547529848,0.1
2026092800,mert_v1,ambient_balanced,prior_offset,pop,10,5,6,0.5534931750443487,0.5
2026092800,mert_v1,ambient_balanced,prior_offset,pop,10,6,0,,
2026092800,mert_v1,ambient_balanced,prior_offset,pop,10,7,0,,
2026092800,mert_v1,ambient_balanced,prior_offset,pop,10,8,0,,
2026092800,mert_v1,ambient_balanced,prior_offset,pop,10,9,0,,
2026092800,mert_v1,ambient_balanced,prior_offset,ambient,5,0,187,0.09811489097529767,0.15508021390374332
2026092800,mert_v1,ambient_balanced,prior_offset,ambient,5,1,45,0.2747566405387781,0.4222222222222222
2026092800,mert_v1,ambient_balanced,prior_offset,ambient,5,2,13,0.45849907075122154,0.23076923076923078
2026092800,mert_v1,ambient_balanced,prior_offset,ambient,5,3,0,,
2026092800,mert_v1,ambient_balanced,prior_offset,ambient,5,4,1,0.8615580933704686,1.0
2026092800,mert_v1,ambient_balanced,prior_offset,ambient,10,0,109,0.06423331367421248,0.11926605504587157
2026092800,mert_v1,ambient_balanced,prior_offset,ambient,10,1,78,0.14546222335758335,0.20512820512820512
2026092800,mert_v1,ambient_balanced,prior_offset,ambient,10,2,31,0.24085673773757751,0.45161290322580644
2026092800,mert_v1,ambient_balanced,prior_offset,ambient,10,3,14,0.3498207110271508,0.35714285714285715
2026092800,mert_v1,ambient_balanced,prior_offset,ambient,10,4,11,0.44335034153447545,0.2727272727272727
2026092800,mert_v1,ambient_balanced,prior_offset,ambient,10,5,2,0.5418170814433257,0.0
2026092800,mert_v1,ambient_balanced,prior_offset,ambient,10,6,0,,
2026092800,mert_v1,ambient_balanced,prior_offset,ambient,10,7,0,,
2026092800,mert_v1,ambient_balanced,prior_offset,ambient,10,8,1,0.8615580933704686,1.0
2026092800,mert_v1,ambient_balanced,prior_offset,ambient,10,9,0,,
2026092800,mert_v1,ambient_balanced,prior_offset,rock,5,0,189,0.10014795452175203,0.13227513227513227
2026092800,mert_v1,ambient_balanced,prior_offset,rock,5,1,35,0.25785776770857505,0.22857142857142856
2026092800,mert_v1,ambient_balanced,prior_offset,rock,5,2,17,0.4880722313061088,0.6470588235294118
2026092800,mert_v1,ambient_balanced,prior_offset,rock,5,3,5,0.6791101057652343,1.0
2026092800,mert_v1,ambient_balanced,prior_offset,rock,5,4,0,,
2026092800,mert_v1,ambient_balanced,prior_offset,rock,10,0,101,0.06394154952924505,0.0891089108910891
2026092800,mert_v1,ambient_balanced,prior_offset,rock,10,1,88,0.14170303297906112,0.18181818181818182
2026092800,mert_v1,ambient_balanced,prior_offset,rock,10,2,29,0.23561755514614377,0.13793103448275862
2026092800,mert_v1,ambient_balanced,prior_offset,rock,10,3,6,0.3653521284269927,0.6666666666666666
2026092800,mert_v1,ambient_balanced,prior_offset,rock,10,4,10,0.44273642251308976,0.4
2026092800,mert_v1,ambient_balanced,prior_offset,rock,10,5,7,0.5528376724389934,1.0
2026092800,mert_v1,ambient_balanced,prior_offset,rock,10,6,3,0.6534569219064349,1.0
2026092800,mert_v1,ambient_balanced,prior_offset,rock,10,7,2,0.7175898815534338,1.0
2026092800,mert_v1,ambient_balanced,prior_offset,rock,10,8,0,,
2026092800,mert_v1,ambient_balanced,prior_offset,rock,10,9,0,,
2026092800,mert_v1,ambient_balanced,temperature,electronic,5,0,108,0.0891509794284029,0.12962962962962962
2026092800,mert_v1,ambient_balanced,temperature,electronic,5,1,48,0.28366006736184507,0.3541666666666667
2026092800,mert_v1,ambient_balanced,temperature,electronic,5,2,26,0.5035448955322998,0.5769230769230769
2026092800,mert_v1,ambient_balanced,temperature,electronic,5,3,36,0.7094140189471766,0.5
2026092800,mert_v1,ambient_balanced,temperature,electronic,5,4,28,0.8900728572547602,0.9285714285714286
2026092800,mert_v1,ambient_balanced,temperature,electronic,10,0,67,0.05341648670371217,0.05970149253731343
2026092800,mert_v1,ambient_balanced,temperature,electronic,10,1,41,0.1475463699785073,0.24390243902439024
2026092800,mert_v1,ambient_balanced,temperature,electronic,10,2,29,0.24947880449797916,0.3448275862068966
2026092800,mert_v1,ambient_balanced,temperature,electronic,10,3,19,0.3358314685751142,0.3684210526315789
2026092800,mert_v1,ambient_balanced,temperature,electronic,10,4,13,0.4626577887537435,0.6153846153846154
2026092800,mert_v1,ambient_balanced,temperature,electronic,10,5,13,0.5444320023108559,0.5384615384615384
2026092800,mert_v1,ambient_balanced,temperature,electronic,10,6,17,0.6555248885730871,0.4117647058823529
2026092800,mert_v1,ambient_balanced,temperature,electronic,10,7,19,0.7576306092818884,0.5789473684210527
2026092800,mert_v1,ambient_balanced,temperature,electronic,10,8,13,0.8444697872280005,0.8461538461538461
2026092800,mert_v1,ambient_balanced,temperature,electronic,10,9,15,0.9295955179446181,1.0
2026092800,mert_v1,ambient_balanced,temperature,pop,5,0,142,0.1242400532534113,0.16901408450704225
2026092800,mert_v1,ambient_balanced,temperature,pop,5,1,90,0.2752757347782694,0.2111111111111111
2026092800,mert_v1,ambient_balanced,temperature,pop,5,2,14,0.4852601953462261,0.2857142857142857
2026092800,mert_v1,ambient_balanced,temperature,pop,5,3,0,,
2026092800,mert_v1,ambient_balanced,temperature,pop,5,4,0,,
2026092800,mert_v1,ambient_balanced,temperature,pop,10,0,41,0.06941711211179578,0.14634146341463414
2026092800,mert_v1,ambient_balanced,temperature,pop,10,1,101,0.14649491054852257,0.1782178217821782
2026092800,mert_v1,ambient_balanced,temperature,pop,10,2,62,0.2441618951296509,0.25806451612903225
2026092800,mert_v1,ambient_balanced,temperature,pop,10,3,28,0.344170665428782,0.10714285714285714
2026092800,mert_v1,ambient_balanced,temperature,pop,10,4,8,0.4279946989083787,0.125
2026092800,mert_v1,ambient_balanced,temperature,pop,10,5,6,0.5616141905966893,0.5
2026092800,mert_v1,ambient_balanced,temperature,pop,10,6,0,,
2026092800,mert_v1,ambient_balanced,temperature,pop,10,7,0,,
2026092800,mert_v1,ambient_balanced,temperature,pop,10,8,0,,
2026092800,mert_v1,ambient_balanced,temperature,pop,10,9,0,,
2026092800,mert_v1,ambient_balanced,temperature,ambient,5,0,65,0.13980937974594437,0.1076923076923077
2026092800,mert_v1,ambient_balanced,temperature,ambient,5,1,87,0.28996979470450146,0.1839080459770115
2026092800,mert_v1,ambient_balanced,temperature,ambient,5,2,56,0.4826460228244302,0.26785714285714285
2026092800,mert_v1,ambient_balanced,temperature,ambient,5,3,32,0.7039861277514944,0.34375
2026092800,mert_v1,ambient_balanced,temperature,ambient,5,4,6,0.8597881403049318,0.5
2026092800,mert_v1,ambient_balanced,temperature,ambient,10,0,14,0.07006009301207293,0.21428571428571427
2026092800,mert_v1,ambient_balanced,temperature,ambient,10,1,51,0.15895624277092868,0.0784313725490196
2026092800,mert_v1,ambient_balanced,temperature,ambient,10,2,51,0.246740910994414,0.13725490196078433
2026092800,mert_v1,ambient_balanced,temperature,ambient,10,3,36,0.35121071329379205,0.25
2026092800,mert_v1,ambient_balanced,temperature,ambient,10,4,35,0.4464308063738785,0.17142857142857143
2026092800,mert_v1,ambient_balanced,temperature,ambient,10,5,21,0.5430047169086829,0.42857142857142855
2026092800,mert_v1,ambient_balanced,temperature,ambient,10,6,15,0.6457780153737214,0.5333333333333333
2026092800,mert_v1,ambient_balanced,temperature,ambient,10,7,17,0.7553462269083531,0.17647058823529413
2026092800,mert_v1,ambient_balanced,temperature,ambient,10,8,5,0.8361899578792507,0.4
2026092800,mert_v1,ambient_balanced,temperature,ambient,10,9,1,0.9777790524333374,1.0
2026092800,mert_v1,ambient_balanced,temperature,rock,5,0,161,0.1294887633185191,0.09937888198757763
2026092800,mert_v1,ambient_balanced,temperature,rock,5,1,59,0.25520396582292304,0.2542372881355932
2026092800,mert_v1,ambient_balanced,temperature,rock,5,2,22,0.479015836438831,0.6363636363636364
2026092800,mert_v1,ambient_balanced,temperature,rock,5,3,4,0.6620798748669391,1.0
2026092800,mert_v1,ambient_balanced,temperature,rock,5,4,0,,
2026092800,mert_v1,ambient_balanced,temperature,rock,10,0,43,0.0758844631269658,0.023255813953488372
2026092800,mert_v1,ambient_balanced,temperature,rock,10,1,118,0.1490225337273055,0.1271186440677966
2026092800,mert_v1,ambient_balanced,temperature,rock,10,2,49,0.24009509924353425,0.22448979591836735
2026092800,mert_v1,ambient_balanced,temperature,rock,10,3,10,0.32923741206192786,0.4
2026092800,mert_v1,ambient_balanced,temperature,rock,10,4,14,0.43971697290344147,0.42857142857142855
2026092800,mert_v1,ambient_balanced,temperature,rock,10,5,8,0.5477888476257629,1.0
2026092800,mert_v1,ambient_balanced,temperature,rock,10,6,4,0.6620798748669391,1.0
2026092800,mert_v1,ambient_balanced,temperature,rock,10,7,0,,
2026092800,mert_v1,ambient_balanced,temperature,rock,10,8,0,,
2026092800,mert_v1,ambient_balanced,temperature,rock,10,9,0,,
2026092800,mert_v1,ambient_balanced,platt,electronic,5,0,111,0.08893666284665103,0.14414414414414414
2026092800,mert_v1,ambient_balanced,platt,electronic,5,1,48,0.27652648286325515,0.3541666666666667
2026092800,mert_v1,ambient_balanced,platt,electronic,5,2,29,0.49998099172068977,0.5517241379310345
2026092800,mert_v1,ambient_balanced,platt,electronic,5,3,36,0.7062497800487337,0.5555555555555556
2026092800,mert_v1,ambient_balanced,platt,electronic,5,4,22,0.887421778521378,0.9545454545454546
2026092800,mert_v1,ambient_balanced,platt,electronic,10,0,70,0.05473050252676725,0.05714285714285714
2026092800,mert_v1,ambient_balanced,platt,electronic,10,1,41,0.14733742436840386,0.2926829268292683
2026092800,mert_v1,ambient_balanced,platt,electronic,10,2,35,0.25108771305357575,0.3142857142857143
2026092800,mert_v1,ambient_balanced,platt,electronic,10,3,13,0.34501547850469994,0.46153846153846156
2026092800,mert_v1,ambient_balanced,platt,electronic,10,4,15,0.455644888836275,0.4666666666666667
2026092800,mert_v1,ambient_balanced,platt,electronic,10,5,14,0.5474839590968483,0.6428571428571429
2026092800,mert_v1,ambient_balanced,platt,electronic,10,6,16,0.6512092601093473,0.4375
2026092800,mert_v1,ambient_balanced,platt,electronic,10,7,20,0.7502821960002429,0.65
2026092800,mert_v1,ambient_balanced,platt,electronic,10,8,13,0.8615249605475926,0.9230769230769231
2026092800,mert_v1,ambient_balanced,platt,electronic,10,9,9,0.9248282933724012,1.0
2026092800,mert_v1,ambient_balanced,platt,pop,5,0,127,0.10677014743133927,0.1732283464566929
2026092800,mert_v1,ambient_balanced,platt,pop,5,1,82,0.2824846317530708,0.21951219512195122
2026092800,mert_v1,ambient_balanced,platt,pop,5,2,29,0.4789265069144431,0.13793103448275862
2026092800,mert_v1,ambient_balanced,platt,pop,5,3,8,0.7146115991527698,0.375
2026092800,mert_v1,ambient_balanced,platt,pop,5,4,0,,
2026092800,mert_v1,ambient_balanced,platt,pop,10,0,58,0.062477841347975654,0.15517241379310345
2026092800,mert_v1,ambient_balanced,platt,pop,10,1,69,0.14400136124054347,0.18840579710144928
2026092800,mert_v1,ambient_balanced,platt,pop,10,2,52,0.24594216576933592,0.19230769230769232
2026092800,mert_v1,ambient_balanced,platt,pop,10,3,30,0.345824906124878,0.26666666666666666
2026092800,mert_v1,ambient_balanced,platt,pop,10,4,18,0.44656565318062597,0.16666666666666666
2026092800,mert_v1,ambient_balanced,platt,pop,10,5,11,0.5318806312061443,0.09090909090909091
2026092800,mert_v1,ambient_balanced,platt,pop,10,6,3,0.649077142304457,0.3333333333333333
2026092800,mert_v1,ambient_balanced,platt,pop,10,7,5,0.7539322732617575,0.4
2026092800,mert_v1,ambient_balanced,platt,pop,10,8,0,,
2026092800,mert_v1,ambient_balanced,platt,pop,10,9,0,,
2026092800,mert_v1,ambient_balanced,platt,ambient,5,0,182,0.09681623991331435,0.15384615384615385
2026092800,mert_v1,ambient_balanced,platt,ambient,5,1,46,0.28086636716909924,0.41304347826086957
2026092800,mert_v1,ambient_balanced,platt,ambient,5,2,16,0.4824286132333315,0.25
2026092800,mert_v1,ambient_balanced,platt,ambient,5,3,1,0.6428865705967934,0.0
2026092800,mert_v1,ambient_balanced,platt,ambient,5,4,1,0.9049886989907386,1.0
2026092800,mert_v1,ambient_balanced,platt,ambient,10,0,109,0.062126908871982835,0.11926605504587157
2026092800,mert_v1,ambient_balanced,platt,ambient,10,1,73,0.1486126383174943,0.2054794520547945
2026092800,mert_v1,ambient_balanced,platt,ambient,10,2,31,0.2444834975697533,0.3870967741935484
2026092800,mert_v1,ambient_balanced,platt,ambient,10,3,15,0.35605763100774745,0.4666666666666667
2026092800,mert_v1,ambient_balanced,platt,ambient,10,4,12,0.46381670750893983,0.16666666666666666
2026092800,mert_v1,ambient_balanced,platt,ambient,10,5,4,0.5382643304065066,0.5
2026092800,mert_v1,ambient_balanced,platt,ambient,10,6,1,0.6428865705967934,0.0
2026092800,mert_v1,ambient_balanced,platt,ambient,10,7,0,,
2026092800,mert_v1,ambient_balanced,platt,ambient,10,8,0,,
2026092800,mert_v1,ambient_balanced,platt,ambient,10,9,1,0.9049886989907386,1.0
2026092800,mert_v1,ambient_balanced,platt,rock,5,0,158,0.1276101618647896,0.10126582278481013
2026092800,mert_v1,ambient_balanced,platt,rock,5,1,62,0.2580362156783647,0.24193548387096775
2026092800,mert_v1,ambient_balanced,platt,rock,5,2,21,0.4916796642903055,0.6190476190476191
2026092800,mert_v1,ambient_balanced,platt,rock,5,3,5,0.6694971210791231,1.0
2026092800,mert_v1,ambient_balanced,platt,rock,5,4,0,,
2026092800,mert_v1,ambient_balanced,platt,rock,10,0,46,0.07533317991335213,0.043478260869565216
2026092800,mert_v1,ambient_balanced,platt,rock,10,1,112,0.14908106516627287,0.125
2026092800,mert_v1,ambient_balanced,platt,rock,10,2,51,0.2412464832461669,0.21568627450980393
2026092800,mert_v1,ambient_balanced,platt,rock,10,3,11,0.3358795205912817,0.36363636363636365
2026092800,mert_v1,ambient_balanced,platt,rock,10,4,12,0.44729242703403793,0.4166666666666667
2026092800,mert_v1,ambient_balanced,platt,rock,10,5,9,0.5508626472986622,0.8888888888888888
2026092800,mert_v1,ambient_balanced,platt,rock,10,6,4,0.6595851874486962,1.0
2026092800,mert_v1,ambient_balanced,platt,rock,10,7,1,0.7091448556008296,1.0
2026092800,mert_v1,ambient_balanced,platt,rock,10,8,0,,
2026092800,mert_v1,ambient_balanced,platt,rock,10,9,0,,
2026092800,mert_v1,ambient_balanced,beta,electronic,5,0,109,0.078837813509465,0.13761467889908258
2026092800,mert_v1,ambient_balanced,beta,electronic,5,1,47,0.28272858012067564,0.3404255319148936
2026092800,mert_v1,ambient_balanced,beta,electronic,5,2,31,0.5067927549941366,0.5483870967741935
2026092800,mert_v1,ambient_balanced,beta,electronic,5,3,43,0.7039941234925017,0.627906976744186
2026092800,mert_v1,ambient_balanced,beta,electronic,5,4,16,0.853077910542399,0.9375
2026092800,mert_v1,ambient_balanced,beta,electronic,10,0,72,0.04466239319845224,0.05555555555555555
2026092800,mert_v1,ambient_balanced,beta,electronic,10,1,37,0.14534133411467903,0.2972972972972973
2026092800,mert_v1,ambient_balanced,beta,electronic,10,2,30,0.25122103585937056,0.3333333333333333
2026092800,mert_v1,ambient_balanced,beta,electronic,10,3,17,0.3383301288170961,0.35294117647058826
2026092800,mert_v1,ambient_balanced,beta,electronic,10,4,15,0.46035132457083716,0.5333333333333333
2026092800,mert_v1,ambient_balanced,beta,electronic,10,5,16,0.5503315960159798,0.5625
2026092800,mert_v1,ambient_balanced,beta,electronic,10,6,19,0.6512111345169554,0.5263157894736842
2026092800,mert_v1,ambient_balanced,beta,electronic,10,7,24,0.7457806564314758,0.7083333333333334
2026092800,mert_v1,ambient_balanced,beta,electronic,10,8,16,0.853077910542399,0.9375
2026092800,mert_v1,ambient_balanced,beta,electronic,10,9,0,,
2026092800,mert_v1,ambient_balanced,beta,pop,5,0,137,0.1159812490449755,0.1678832116788321
2026092800,mert_v1,ambient_balanced,beta,pop,5,1,77,0.2791887836135894,0.22077922077922077
2026092800,mert_v1,ambient_balanced,beta,pop,5,2,24,0.4896545721046823,0.16666666666666666
2026092800,mert_v1,ambient_balanced,beta,pop,5,3,4,0.7162494376098628,0.25
2026092800,mert_v1,ambient_balanced,beta,pop,5,4,4,0.8319004782948783,0.5
2026092800,mert_v1,ambient_balanced,beta,pop,10,0,54,0.07180028330652688,0.14814814814814814
2026092800,mert_v1,ambient_balanced,beta,pop,10,1,83,0.14472549181456856,0.18072289156626506
2026092800,mert_v1,ambient_balanced,beta,pop,10,2,50,0.24357679575798308,0.24
2026092800,mert_v1,ambient_balanced,beta,pop,10,3,27,0.34513690927211943,0.18518518518518517
2026092800,mert_v1,ambient_balanced,beta,pop,10,4,14,0.45283631559081383,0.21428571428571427
2026092800,mert_v1,ambient_balanced,beta,pop,10,5,10,0.541200131224098,0.1
2026092800,mert_v1,ambient_balanced,beta,pop,10,6,1,0.6392185387283109,0.0
2026092800,mert_v1,ambient_balanced,beta,pop,10,7,3,0.7419264039037134,0.3333333333333333
2026092800,mert_v1,ambient_balanced,beta,pop,10,8,4,0.8319004782948783,0.5
2026092800,mert_v1,ambient_balanced,beta,pop,10,9,0,,
2026092800,mert_v1,ambient_balanced,beta,ambient,5,0,168,0.07655968771819407,0.16071428571428573
2026092800,mert_v1,ambient_balanced,beta,ambient,5,1,52,0.2750328429709636,0.3269230769230769
2026092800,mert_v1,ambient_balanced,beta,ambient,5,2,25,0.46058712271295116,0.28
2026092800,mert_v1,ambient_balanced,beta,ambient,5,3,1,0.6320192811470644,1.0
2026092800,mert_v1,ambient_balanced,beta,ambient,5,4,0,,
2026092800,mert_v1,ambient_balanced,beta,ambient,10,0,118,0.045073282482603914,0.11864406779661017
2026092800,mert_v1,ambient_balanced,beta,ambient,10,1,50,0.15086760407418687,0.26
2026092800,mert_v1,ambient_balanced,beta,ambient,10,2,36,0.24490112251924184,0.2777777777777778
2026092800,mert_v1,ambient_balanced,beta,ambient,10,3,16,0.34282921398733746,0.4375
2026092800,mert_v1,ambient_balanced,beta,ambient,10,4,21,0.4486034451044144,0.2857142857142857
2026092800,mert_v1,ambient_balanced,beta,ambient,10,5,4,0.5235014301577693,0.25
2026092800,mert_v1,ambient_balanced,beta,ambient,10,6,1,0.6320192811470644,1.0
2026092800,mert_v1,ambient_balanced,beta,ambient,10,7,0,,
2026092800,mert_v1,ambient_balanced,beta,ambient,10,8,0,,
2026092800,mert_v1,ambient_balanced,beta,ambient,10,9,0,,
2026092800,mert_v1,ambient_balanced,beta,rock,5,0,149,0.118031450743817,0.10067114093959731
2026092800,mert_v1,ambient_balanced,beta,rock,5,1,70,0.2644792002134683,0.21428571428571427
2026092800,mert_v1,ambient_balanced,beta,rock,5,2,24,0.4946703998258674,0.6666666666666666
2026092800,mert_v1,ambient_balanced,beta,rock,5,3,3,0.6105378930132018,1.0
2026092800,mert_v1,ambient_balanced,beta,rock,5,4,0,,
2026092800,mert_v1,ambient_balanced,beta,rock,10,0,56,0.06813656288731666,0.05357142857142857
2026092800,mert_v1,ambient_balanced,beta,rock,10,1,93,0.14807568429181717,0.12903225806451613
2026092800,mert_v1,ambient_balanced,beta,rock,10,2,57,0.24611704713589302,0.21052631578947367
2026092800,mert_v1,ambient_balanced,beta,rock,10,3,13,0.3449901790920679,0.23076923076923078
2026092800,mert_v1,ambient_balanced,beta,rock,10,4,13,0.4550428828984386,0.46153846153846156
2026092800,mert_v1,ambient_balanced,beta,rock,10,5,11,0.5415029198310106,0.9090909090909091
2026092800,mert_v1,ambient_balanced,beta,rock,10,6,3,0.6105378930132018,1.0
2026092800,mert_v1,ambient_balanced,beta,rock,10,7,0,,
2026092800,mert_v1,ambient_balanced,beta,rock,10,8,0,,
2026092800,mert_v1,ambient_balanced,beta,rock,10,9,0,,
2026092800,mert_v1,ambient_balanced,isotonic,electronic,5,0,101,0.06930693069306931,0.12871287128712872
2026092800,mert_v1,ambient_balanced,isotonic,electronic,5,1,58,0.23295454545454547,0.3448275862068966
2026092800,mert_v1,ambient_balanced,isotonic,electronic,5,2,10,0.4,0.6
2026092800,mert_v1,ambient_balanced,isotonic,electronic,5,3,55,0.7053306206335958,0.5454545454545454
2026092800,mert_v1,ambient_balanced,isotonic,electronic,5,4,22,0.9118305441034764,0.9545454545454546
2026092800,mert_v1,ambient_balanced,isotonic,electronic,10,0,56,0.0,0.05357142857142857
2026092800,mert_v1,ambient_balanced,isotonic,electronic,10,1,45,0.15555555555555559,0.2222222222222222
2026092800,mert_v1,ambient_balanced,isotonic,electronic,10,2,45,0.20833333333333343,0.3111111111111111
2026092800,mert_v1,ambient_balanced,isotonic,electronic,10,3,13,0.31818181818181823,0.46153846153846156
2026092800,mert_v1,ambient_balanced,isotonic,electronic,10,4,10,0.4,0.6
2026092800,mert_v1,ambient_balanced,isotonic,electronic,10,5,0,,
2026092800,mert_v1,ambient_balanced,isotonic,electronic,10,6,37,0.6857219061166432,0.5135135135135135
2026092800,mert_v1,ambient_balanced,isotonic,electronic,10,7,18,0.7456374226962212,0.6111111111111112
2026092800,mert_v1,ambient_balanced,isotonic,electronic,10,8,8,0.8126038963600606,0.875
2026092800,mert_v1,ambient_balanced,isotonic,electronic,10,9,14,0.9685314856711423,1.0
2026092800,mert_v1,ambient_balanced,isotonic,pop,5,0,120,0.09148495954502413,0.16666666666666666
2026092800,mert_v1,ambient_balanced,isotonic,pop,5,1,112,0.29988677938471725,0.20535714285714285
2026092800,mert_v1,ambient_balanced,isotonic,pop,5,2,3,0.5305689795867395,0.0
2026092800,mert_v1,ambient_balanced,isotonic,pop,5,3,4,0.7042235693802329,0.25
2026092800,mert_v1,ambient_balanced,isotonic,pop,5,4,7,0.8888888888888891,0.42857142857142855
2026092800,mert_v1,ambient_balanced,isotonic,pop,10,0,33,0.017455188859376216,0.15151515151515152
2026092800,mert_v1,ambient_balanced,isotonic,pop,10,1,87,0.11956521739130437,0.1724137931034483
2026092800,mert_v1,ambient_balanced,isotonic,pop,10,2,74,0.2800000000000001,0.21621621621621623
2026092800,mert_v1,ambient_balanced,isotonic,pop,10,3,38,0.3386136655549561,0.18421052631578946
2026092800,mert_v1,ambient_balanced,isotonic,pop,10,4,0,,
2026092800,mert_v1,ambient_balanced,isotonic,pop,10,5,3,0.5305689795867395,0.0
2026092800,mert_v1,ambient_balanced,isotonic,pop,10,6,1,0.6740371346637887,0.0
2026092800,mert_v1,ambient_balanced,isotonic,pop,10,7,3,0.7142857142857143,0.3333333333333333
2026092800,mert_v1,ambient_balanced,isotonic,pop,10,8,7,0.8888888888888891,0.42857142857142855
2026092800,mert_v1,ambient_balanced,isotonic,pop,10,9,0,,
2026092800,mert_v1,ambient_balanced,isotonic,ambient,5,0,169,0.05671269856123149,0.15976331360946747
2026092800,mert_v1,ambient_balanced,isotonic,ambient,5,1,48,0.32537154990998335,0.3125
2026092800,mert_v1,ambient_balanced,isotonic,ambient,5,2,28,0.4548811302905271,0.32142857142857145
2026092800,mert_v1,ambient_balanced,isotonic,ambient,5,3,0,,
2026092800,mert_v1,ambient_balanced,isotonic,ambient,5,4,1,1.0,1.0
2026092800,mert_v1,ambient_balanced,isotonic,ambient,10,0,125,0.0307625249765241,0.12
2026092800,mert_v1,ambient_balanced,isotonic,ambient,10,1,44,0.13043478260869562,0.2727272727272727
2026092800,mert_v1,ambient_balanced,isotonic,ambient,10,2,4,0.23724644410001974,0.0
2026092800,mert_v1,ambient_balanced,isotonic,ambient,10,3,44,0.33338292316543466,0.3409090909090909
2026092800,mert_v1,ambient_balanced,isotonic,ambient,10,4,18,0.4134752222819965,0.3333333333333333
2026092800,mert_v1,ambient_balanced,isotonic,ambient,10,5,10,0.5294117647058824,0.3
2026092800,mert_v1,ambient_balanced,isotonic,ambient,10,6,0,,
2026092800,mert_v1,ambient_balanced,isotonic,ambient,10,7,0,,
2026092800,mert_v1,ambient_balanced,isotonic,ambient,10,8,0,,
2026092800,mert_v1,ambient_balanced,isotonic,ambient,10,9,1,1.0,1.0
2026092800,mert_v1,ambient_balanced,isotonic,rock,5,0,175,0.12346947647798219,0.11428571428571428
2026092800,mert_v1,ambient_balanced,isotonic,rock,5,1,34,0.21495675530106775,0.20588235294117646
2026092800,mert_v1,ambient_balanced,isotonic,rock,5,2,9,0.4,0.2222222222222222
2026092800,mert_v1,ambient_balanced,isotonic,rock,5,3,28,0.625,0.7142857142857143
2026092800,mert_v1,ambient_balanced,isotonic,rock,5,4,0,,
2026092800,mert_v1,ambient_balanced,isotonic,rock,10,0,34,0.026737967914438505,0.029411764705882353
2026092800,mert_v1,ambient_balanced,isotonic,rock,10,1,141,0.14679480478408494,0.1347517730496454
2026092800,mert_v1,ambient_balanced,isotonic,rock,10,2,31,0.2035009574269776,0.22580645161290322
2026092800,mert_v1,ambient_balanced,isotonic,rock,10,3,3,0.3333333333333333,0.0
2026092800,mert_v1,ambient_balanced,isotonic,rock,10,4,9,0.4,0.2222222222222222
2026092800,mert_v1,ambient_balanced,isotonic,rock,10,5,0,,
2026092800,mert_v1,ambient_balanced,isotonic,rock,10,6,28,0.625,0.7142857142857143
2026092800,mert_v1,ambient_balanced,isotonic,rock,10,7,0,,
2026092800,mert_v1,ambient_balanced,isotonic,rock,10,8,0,,
2026092800,mert_v1,ambient_balanced,isotonic,rock,10,9,0,,
2026092800,mert_v1,ambient_balanced,ridge_platt,electronic,5,0,78,0.11934924693720074,0.0641025641025641
2026092800,mert_v1,ambient_balanced,ridge_platt,electronic,5,1,75,0.2904208818035425,0.3333333333333333
2026092800,mert_v1,ambient_balanced,ridge_platt,electronic,5,2,35,0.5032055149482471,0.5428571428571428
2026092800,mert_v1,ambient_balanced,ridge_platt,electronic,5,3,42,0.6920252750109448,0.6190476190476191
2026092800,mert_v1,ambient_balanced,ridge_platt,electronic,5,4,16,0.8577784565709016,0.9375
2026092800,mert_v1,ambient_balanced,ridge_platt,electronic,10,0,27,0.07083678961087965,0.037037037037037035
2026092800,mert_v1,ambient_balanced,ridge_platt,electronic,10,1,51,0.14503231258054716,0.0784313725490196
2026092800,mert_v1,ambient_balanced,ridge_platt,electronic,10,2,42,0.24680738961051796,0.35714285714285715
2026092800,mert_v1,ambient_balanced,ridge_platt,electronic,10,3,33,0.3459289627764827,0.30303030303030304
2026092800,mert_v1,ambient_balanced,ridge_platt,electronic,10,4,17,0.45840375653536264,0.5294117647058824
2026092800,mert_v1,ambient_balanced,ridge_platt,electronic,10,5,18,0.5455182867826381,0.5555555555555556
2026092800,mert_v1,ambient_balanced,ridge_platt,electronic,10,6,23,0.6492860376048403,0.43478260869565216
2026092800,mert_v1,ambient_balanced,ridge_platt,electronic,10,7,19,0.7437622466078082,0.8421052631578947
2026092800,mert_v1,ambient_balanced,ridge_platt,electronic,10,8,15,0.8549092651475836,0.9333333333333333
2026092800,mert_v1,ambient_balanced,ridge_platt,electronic,10,9,1,0.90081632792067,1.0
2026092800,mert_v1,ambient_balanced,ridge_platt,pop,5,0,115,0.13875602764485992,0.16521739130434782
2026092800,mert_v1,ambient_balanced,ridge_platt,pop,5,1,115,0.2799029952516148,0.20869565217391303
2026092800,mert_v1,ambient_balanced,ridge_platt,pop,5,2,16,0.47681834986224625,0.25
2026092800,mert_v1,ambient_balanced,ridge_platt,pop,5,3,0,,
2026092800,mert_v1,ambient_balanced,ridge_platt,pop,5,4,0,,
2026092800,mert_v1,ambient_balanced,ridge_platt,pop,10,0,22,0.07468412382564148,0.13636363636363635
2026092800,mert_v1,ambient_balanced,ridge_platt,pop,10,1,93,0.15391282209671808,0.17204301075268819
2026092800,mert_v1,ambient_balanced,ridge_platt,pop,10,2,78,0.2485114316629002,0.21794871794871795
2026092800,mert_v1,ambient_balanced,ridge_platt,pop,10,3,37,0.34607980497917534,0.1891891891891892
2026092800,mert_v1,ambient_balanced,ridge_platt,pop,10,4,10,0.4308134547529848,0.1
2026092800,mert_v1,ambient_balanced,ridge_platt,pop,10,5,6,0.5534931750443487,0.5
2026092800,mert_v1,ambient_balanced,ridge_platt,pop,10,6,0,,
2026092800,mert_v1,ambient_balanced,ridge_platt,pop,10,7,0,,
2026092800,mert_v1,ambient_balanced,ridge_platt,pop,10,8,0,,
2026092800,mert_v1,ambient_balanced,ridge_platt,pop,10,9,0,,
2026092800,mert_v1,ambient_balanced,ridge_platt,ambient,5,0,163,0.10323620065233491,0.15337423312883436
2026092800,mert_v1,ambient_balanced,ridge_platt,ambient,5,1,58,0.2672869415963634,0.3448275862068966
2026092800,mert_v1,ambient_balanced,ridge_platt,ambient,5,2,23,0.4831591351410519,0.2608695652173913
2026092800,mert_v1,ambient_balanced,ridge_platt,ambient,5,3,1,0.6646518051695405,0.0
2026092800,mert_v1,ambient_balanced,ridge_platt,ambient,5,4,1,0.9079086711137101,1.0
2026092800,mert_v1,ambient_balanced,ridge_platt,ambient,10,0,85,0.06659617417056103,0.11764705882352941
2026092800,mert_v1,ambient_balanced,ridge_platt,ambient,10,1,78,0.14316443463888337,0.19230769230769232
2026092800,mert_v1,ambient_balanced,ridge_platt,ambient,10,2,44,0.24201918787136947,0.29545454545454547
2026092800,mert_v1,ambient_balanced,ridge_platt,ambient,10,3,14,0.34669988187491574,0.5
2026092800,mert_v1,ambient_balanced,ridge_platt,ambient,10,4,13,0.44148418969194847,0.23076923076923078
2026092800,mert_v1,ambient_balanced,ridge_platt,ambient,10,5,10,0.5373365642248863,0.3
2026092800,mert_v1,ambient_balanced,ridge_platt,ambient,10,6,1,0.6646518051695405,0.0
2026092800,mert_v1,ambient_balanced,ridge_platt,ambient,10,7,0,,
2026092800,mert_v1,ambient_balanced,ridge_platt,ambient,10,8,0,,
2026092800,mert_v1,ambient_balanced,ridge_platt,ambient,10,9,1,0.9079086711137101,1.0
2026092800,mert_v1,ambient_balanced,ridge_platt,rock,5,0,183,0.10481723058594261,0.13114754098360656
2026092800,mert_v1,ambient_balanced,ridge_platt,rock,5,1,41,0.2582771442095454,0.21951219512195122
2026092800,mert_v1,ambient_balanced,ridge_platt,rock,5,2,17,0.4925480666378544,0.6470588235294118
2026092800,mert_v1,ambient_balanced,ridge_platt,rock,5,3,5,0.6773708225770293,1.0
2026092800,mert_v1,ambient_balanced,ridge_platt,rock,5,4,0,,
2026092800,mert_v1,ambient_balanced,ridge_platt,rock,10,0,90,0.06623036852748944,0.08888888888888889
2026092800,mert_v1,ambient_balanced,ridge_platt,rock,10,1,93,0.14215935515863923,0.17204301075268819
2026092800,mert_v1,ambient_balanced,ridge_platt,rock,10,2,33,0.23441373211057387,0.15151515151515152
2026092800,mert_v1,ambient_balanced,ridge_platt,rock,10,3,8,0.35671371911780303,0.5
2026092800,mert_v1,ambient_balanced,ridge_platt,rock,10,4,10,0.44869137650331475,0.4
2026092800,mert_v1,ambient_balanced,ridge_platt,rock,10,5,7,0.5552004811157684,1.0
2026092800,mert_v1,ambient_balanced,ridge_platt,rock,10,6,3,0.6524912354730102,1.0
2026092800,mert_v1,ambient_balanced,ridge_platt,rock,10,7,2,0.714690203233058,1.0
2026092800,mert_v1,ambient_balanced,ridge_platt,rock,10,8,0,,
2026092800,mert_v1,ambient_balanced,ridge_platt,rock,10,9,0,,
2026092800,mert_v1,unweighted,raw,electronic,5,0,75,0.12501810116984333,0.05333333333333334
2026092800,mert_v1,unweighted,raw,electronic,5,1,76,0.29421386759467,0.34210526315789475
2026092800,mert_v1,unweighted,raw,electronic,5,2,37,0.5028150506665234,0.5135135135135135
2026092800,mert_v1,unweighted,raw,electronic,5,3,42,0.691411593452104,0.6190476190476191
2026092800,mert_v1,unweighted,raw,electronic,5,4,16,0.8536215106710476,0.9375
2026092800,mert_v1,unweighted,raw,electronic,10,0,24,0.07443686725017074,0.041666666666666664
2026092800,mert_v1,unweighted,raw,electronic,10,1,51,0.148821034779101,0.058823529411764705
2026092800,mert_v1,unweighted,raw,electronic,10,2,40,0.24772916436969208,0.35
2026092800,mert_v1,unweighted,raw,electronic,10,3,36,0.3458635378446453,0.3333333333333333
2026092800,mert_v1,unweighted,raw,electronic,10,4,18,0.4561551676843317,0.5
2026092800,mert_v1,unweighted,raw,electronic,10,5,19,0.547019150333863,0.5263157894736842
2026092800,mert_v1,unweighted,raw,electronic,10,6,24,0.6519837123594264,0.4583333333333333
2026092800,mert_v1,unweighted,raw,electronic,10,7,18,0.743982101575674,0.8333333333333334
2026092800,mert_v1,unweighted,raw,electronic,10,8,16,0.8536215106710476,0.9375
2026092800,mert_v1,unweighted,raw,electronic,10,9,0,,
2026092800,mert_v1,unweighted,raw,pop,5,0,115,0.13875602764485992,0.16521739130434782
2026092800,mert_v1,unweighted,raw,pop,5,1,115,0.2799029952516148,0.20869565217391303
2026092800,mert_v1,unweighted,raw,pop,5,2,16,0.47681834986224625,0.25
2026092800,mert_v1,unweighted,raw,pop,5,3,0,,
2026092800,mert_v1,unweighted,raw,pop,5,4,0,,
2026092800,mert_v1,unweighted,raw,pop,10,0,22,0.07468412382564148,0.13636363636363635
2026092800,mert_v1,unweighted,raw,pop,10,1,93,0.15391282209671808,0.17204301075268819
2026092800,mert_v1,unweighted,raw,pop,10,2,78,0.2485114316629002,0.21794871794871795
2026092800,mert_v1,unweighted,raw,pop,10,3,37,0.34607980497917534,0.1891891891891892
2026092800,mert_v1,unweighted,raw,pop,10,4,10,0.4308134547529848,0.1
2026092800,mert_v1,unweighted,raw,pop,10,5,6,0.5534931750443487,0.5
2026092800,mert_v1,unweighted,raw,pop,10,6,0,,
2026092800,mert_v1,unweighted,raw,pop,10,7,0,,
2026092800,mert_v1,unweighted,raw,pop,10,8,0,,
2026092800,mert_v1,unweighted,raw,pop,10,9,0,,
2026092800,mert_v1,unweighted,raw,ambient,5,0,172,0.11283395594764986,0.16279069767441862
2026092800,mert_v1,unweighted,raw,ambient,5,1,59,0.2679403762079156,0.3220338983050847
2026092800,mert_v1,unweighted,raw,ambient,5,2,14,0.4593136377445003,0.2857142857142857
2026092800,mert_v1,unweighted,raw,ambient,5,3,0,,
2026092800,mert_v1,unweighted,raw,ambient,5,4,1,0.8313093145032455,1.0
2026092800,mert_v1,unweighted,raw,ambient,10,0,72,0.07222926147863466,0.125
2026092800,mert_v1,unweighted,raw,ambient,10,1,100,0.14206933596534083,0.19
2026092800,mert_v1,unweighted,raw,ambient,10,2,42,0.2370360656751042,0.30952380952380953
2026092800,mert_v1,unweighted,raw,ambient,10,3,17,0.34429220223015555,0.35294117647058826
2026092800,mert_v1,unweighted,raw,ambient,10,4,11,0.4427169277679966,0.2727272727272727
2026092800,mert_v1,unweighted,raw,ambient,10,5,3,0.5201682409916807,0.3333333333333333
2026092800,mert_v1,unweighted,raw,ambient,10,6,0,,
2026092800,mert_v1,unweighted,raw,ambient,10,7,0,,
2026092800,mert_v1,unweighted,raw,ambient,10,8,1,0.8313093145032455,1.0
2026092800,mert_v1,unweighted,raw,ambient,10,9,0,,
2026092800,mert_v1,unweighted,raw,rock,5,0,189,0.10014795452175203,0.13227513227513227
2026092800,mert_v1,unweighted,raw,rock,5,1,35,0.25785776770857505,0.22857142857142856
2026092800,mert_v1,unweighted,raw,rock,5,2,17,0.4880722313061088,0.6470588235294118
2026092800,mert_v1,unweighted,raw,rock,5,3,5,0.6791101057652343,1.0
2026092800,mert_v1,unweighted,raw,rock,5,4,0,,
2026092800,mert_v1,unweighted,raw,rock,10,0,101,0.06394154952924505,0.0891089108910891
2026092800,mert_v1,unweighted,raw,rock,10,1,88,0.14170303297906112,0.18181818181818182
2026092800,mert_v1,unweighted,raw,rock,10,2,29,0.23561755514614377,0.13793103448275862
2026092800,mert_v1,unweighted,raw,rock,10,3,6,0.3653521284269927,0.6666666666666666
2026092800,mert_v1,unweighted,raw,rock,10,4,10,0.44273642251308976,0.4
2026092800,mert_v1,unweighted,raw,rock,10,5,7,0.5528376724389934,1.0
2026092800,mert_v1,unweighted,raw,rock,10,6,3,0.6534569219064349,1.0
2026092800,mert_v1,unweighted,raw,rock,10,7,2,0.7175898815534338,1.0
2026092800,mert_v1,unweighted,raw,rock,10,8,0,,
2026092800,mert_v1,unweighted,raw,rock,10,9,0,,
2026092800,mert_v1,unweighted,prior_offset,electronic,5,0,75,0.12501810116984333,0.05333333333333334
2026092800,mert_v1,unweighted,prior_offset,electronic,5,1,76,0.29421386759467,0.34210526315789475
2026092800,mert_v1,unweighted,prior_offset,electronic,5,2,37,0.5028150506665234,0.5135135135135135
2026092800,mert_v1,unweighted,prior_offset,electronic,5,3,42,0.691411593452104,0.6190476190476191
2026092800,mert_v1,unweighted,prior_offset,electronic,5,4,16,0.8536215106710476,0.9375
2026092800,mert_v1,unweighted,prior_offset,electronic,10,0,24,0.07443686725017074,0.041666666666666664
2026092800,mert_v1,unweighted,prior_offset,electronic,10,1,51,0.148821034779101,0.058823529411764705
2026092800,mert_v1,unweighted,prior_offset,electronic,10,2,40,0.24772916436969208,0.35
2026092800,mert_v1,unweighted,prior_offset,electronic,10,3,36,0.3458635378446453,0.3333333333333333
2026092800,mert_v1,unweighted,prior_offset,electronic,10,4,18,0.4561551676843317,0.5
2026092800,mert_v1,unweighted,prior_offset,electronic,10,5,19,0.547019150333863,0.5263157894736842
2026092800,mert_v1,unweighted,prior_offset,electronic,10,6,24,0.6519837123594264,0.4583333333333333
2026092800,mert_v1,unweighted,prior_offset,electronic,10,7,18,0.743982101575674,0.8333333333333334
2026092800,mert_v1,unweighted,prior_offset,electronic,10,8,16,0.8536215106710476,0.9375
2026092800,mert_v1,unweighted,prior_offset,electronic,10,9,0,,
2026092800,mert_v1,unweighted,prior_offset,pop,5,0,115,0.13875602764485992,0.16521739130434782
2026092800,mert_v1,unweighted,prior_offset,pop,5,1,115,0.2799029952516148,0.20869565217391303
2026092800,mert_v1,unweighted,prior_offset,pop,5,2,16,0.47681834986224625,0.25
2026092800,mert_v1,unweighted,prior_offset,pop,5,3,0,,
2026092800,mert_v1,unweighted,prior_offset,pop,5,4,0,,
2026092800,mert_v1,unweighted,prior_offset,pop,10,0,22,0.07468412382564148,0.13636363636363635
2026092800,mert_v1,unweighted,prior_offset,pop,10,1,93,0.15391282209671808,0.17204301075268819
2026092800,mert_v1,unweighted,prior_offset,pop,10,2,78,0.2485114316629002,0.21794871794871795
2026092800,mert_v1,unweighted,prior_offset,pop,10,3,37,0.34607980497917534,0.1891891891891892
2026092800,mert_v1,unweighted,prior_offset,pop,10,4,10,0.4308134547529848,0.1
2026092800,mert_v1,unweighted,prior_offset,pop,10,5,6,0.5534931750443487,0.5
2026092800,mert_v1,unweighted,prior_offset,pop,10,6,0,,
2026092800,mert_v1,unweighted,prior_offset,pop,10,7,0,,
2026092800,mert_v1,unweighted,prior_offset,pop,10,8,0,,
2026092800,mert_v1,unweighted,prior_offset,pop,10,9,0,,
2026092800,mert_v1,unweighted,prior_offset,ambient,5,0,172,0.11283395594764986,0.16279069767441862
2026092800,mert_v1,unweighted,prior_offset,ambient,5,1,59,0.2679403762079156,0.3220338983050847
2026092800,mert_v1,unweighted,prior_offset,ambient,5,2,14,0.4593136377445003,0.2857142857142857
2026092800,mert_v1,unweighted,prior_offset,ambient,5,3,0,,
2026092800,mert_v1,unweighted,prior_offset,ambient,5,4,1,0.8313093145032455,1.0
2026092800,mert_v1,unweighted,prior_offset,ambient,10,0,72,0.07222926147863466,0.125
2026092800,mert_v1,unweighted,prior_offset,ambient,10,1,100,0.14206933596534083,0.19
2026092800,mert_v1,unweighted,prior_offset,ambient,10,2,42,0.2370360656751042,0.30952380952380953
2026092800,mert_v1,unweighted,prior_offset,ambient,10,3,17,0.34429220223015555,0.35294117647058826
2026092800,mert_v1,unweighted,prior_offset,ambient,10,4,11,0.4427169277679966,0.2727272727272727
2026092800,mert_v1,unweighted,prior_offset,ambient,10,5,3,0.5201682409916807,0.3333333333333333
2026092800,mert_v1,unweighted,prior_offset,ambient,10,6,0,,
2026092800,mert_v1,unweighted,prior_offset,ambient,10,7,0,,
2026092800,mert_v1,unweighted,prior_offset,ambient,10,8,1,0.8313093145032455,1.0
2026092800,mert_v1,unweighted,prior_offset,ambient,10,9,0,,
2026092800,mert_v1,unweighted,prior_offset,rock,5,0,189,0.10014795452175203,0.13227513227513227
2026092800,mert_v1,unweighted,prior_offset,rock,5,1,35,0.25785776770857505,0.22857142857142856
2026092800,mert_v1,unweighted,prior_offset,rock,5,2,17,0.4880722313061088,0.6470588235294118
2026092800,mert_v1,unweighted,prior_offset,rock,5,3,5,0.6791101057652343,1.0
2026092800,mert_v1,unweighted,prior_offset,rock,5,4,0,,
2026092800,mert_v1,unweighted,prior_offset,rock,10,0,101,0.06394154952924505,0.0891089108910891
2026092800,mert_v1,unweighted,prior_offset,rock,10,1,88,0.14170303297906112,0.18181818181818182
2026092800,mert_v1,unweighted,prior_offset,rock,10,2,29,0.23561755514614377,0.13793103448275862
2026092800,mert_v1,unweighted,prior_offset,rock,10,3,6,0.3653521284269927,0.6666666666666666
2026092800,mert_v1,unweighted,prior_offset,rock,10,4,10,0.44273642251308976,0.4
2026092800,mert_v1,unweighted,prior_offset,rock,10,5,7,0.5528376724389934,1.0
2026092800,mert_v1,unweighted,prior_offset,rock,10,6,3,0.6534569219064349,1.0
2026092800,mert_v1,unweighted,prior_offset,rock,10,7,2,0.7175898815534338,1.0
2026092800,mert_v1,unweighted,prior_offset,rock,10,8,0,,
2026092800,mert_v1,unweighted,prior_offset,rock,10,9,0,,
2026092800,mert_v1,unweighted,temperature,electronic,5,0,108,0.0891509794284029,0.12962962962962962
2026092800,mert_v1,unweighted,temperature,electronic,5,1,48,0.28366006736184507,0.3541666666666667
2026092800,mert_v1,unweighted,temperature,electronic,5,2,26,0.5035448955322998,0.5769230769230769
2026092800,mert_v1,unweighted,temperature,electronic,5,3,36,0.7094140189471766,0.5
2026092800,mert_v1,unweighted,temperature,electronic,5,4,28,0.8900728572547602,0.9285714285714286
2026092800,mert_v1,unweighted,temperature,electronic,10,0,67,0.05341648670371217,0.05970149253731343
2026092800,mert_v1,unweighted,temperature,electronic,10,1,41,0.1475463699785073,0.24390243902439024
2026092800,mert_v1,unweighted,temperature,electronic,10,2,29,0.24947880449797916,0.3448275862068966
2026092800,mert_v1,unweighted,temperature,electronic,10,3,19,0.3358314685751142,0.3684210526315789
2026092800,mert_v1,unweighted,temperature,electronic,10,4,13,0.4626577887537435,0.6153846153846154
2026092800,mert_v1,unweighted,temperature,electronic,10,5,13,0.5444320023108559,0.5384615384615384
2026092800,mert_v1,unweighted,temperature,electronic,10,6,17,0.6555248885730871,0.4117647058823529
2026092800,mert_v1,unweighted,temperature,electronic,10,7,19,0.7576306092818884,0.5789473684210527
2026092800,mert_v1,unweighted,temperature,electronic,10,8,13,0.8444697872280005,0.8461538461538461
2026092800,mert_v1,unweighted,temperature,electronic,10,9,15,0.9295955179446181,1.0
2026092800,mert_v1,unweighted,temperature,pop,5,0,142,0.1242400532534113,0.16901408450704225
2026092800,mert_v1,unweighted,temperature,pop,5,1,90,0.2752757347782694,0.2111111111111111
2026092800,mert_v1,unweighted,temperature,pop,5,2,14,0.4852601953462261,0.2857142857142857
2026092800,mert_v1,unweighted,temperature,pop,5,3,0,,
2026092800,mert_v1,unweighted,temperature,pop,5,4,0,,
2026092800,mert_v1,unweighted,temperature,pop,10,0,41,0.06941711211179578,0.14634146341463414
2026092800,mert_v1,unweighted,temperature,pop,10,1,101,0.14649491054852257,0.1782178217821782
2026092800,mert_v1,unweighted,temperature,pop,10,2,62,0.2441618951296509,0.25806451612903225
2026092800,mert_v1,unweighted,temperature,pop,10,3,28,0.344170665428782,0.10714285714285714
2026092800,mert_v1,unweighted,temperature,pop,10,4,8,0.4279946989083787,0.125
2026092800,mert_v1,unweighted,temperature,pop,10,5,6,0.5616141905966893,0.5
2026092800,mert_v1,unweighted,temperature,pop,10,6,0,,
2026092800,mert_v1,unweighted,temperature,pop,10,7,0,,
2026092800,mert_v1,unweighted,temperature,pop,10,8,0,,
2026092800,mert_v1,unweighted,temperature,pop,10,9,0,,
2026092800,mert_v1,unweighted,temperature,ambient,5,0,191,0.10185006825840247,0.16230366492146597
2026092800,mert_v1,unweighted,temperature,ambient,5,1,42,0.2792738600188965,0.40476190476190477
2026092800,mert_v1,unweighted,temperature,ambient,5,2,12,0.46496579577839287,0.25
2026092800,mert_v1,unweighted,temperature,ambient,5,3,0,,
2026092800,mert_v1,unweighted,temperature,ambient,5,4,1,0.85572610964713,1.0
2026092800,mert_v1,unweighted,temperature,ambient,10,0,109,0.06665869816105022,0.11926605504587157
2026092800,mert_v1,unweighted,temperature,ambient,10,1,82,0.14862884070488291,0.21951219512195122
2026092800,mert_v1,unweighted,temperature,ambient,10,2,27,0.24220539567850347,0.48148148148148145
2026092800,mert_v1,unweighted,temperature,ambient,10,3,15,0.34599709583160393,0.26666666666666666
2026092800,mert_v1,unweighted,temperature,ambient,10,4,9,0.44578809885562826,0.2222222222222222
2026092800,mert_v1,unweighted,temperature,ambient,10,5,3,0.5224988865466865,0.3333333333333333
2026092800,mert_v1,unweighted,temperature,ambient,10,6,0,,
2026092800,mert_v1,unweighted,temperature,ambient,10,7,0,,
2026092800,mert_v1,unweighted,temperature,ambient,10,8,1,0.85572610964713,1.0
2026092800,mert_v1,unweighted,temperature,ambient,10,9,0,,
2026092800,mert_v1,unweighted,temperature,rock,5,0,161,0.1294887633185191,0.09937888198757763
2026092800,mert_v1,unweighted,temperature,rock,5,1,59,0.25520396582292304,0.2542372881355932
2026092800,mert_v1,unweighted,temperature,rock,5,2,22,0.479015836438831,0.6363636363636364
2026092800,mert_v1,unweighted,temperature,rock,5,3,4,0.6620798748669391,1.0
2026092800,mert_v1,unweighted,temperature,rock,5,4,0,,
2026092800,mert_v1,unweighted,temperature,rock,10,0,43,0.0758844631269658,0.023255813953488372
2026092800,mert_v1,unweighted,temperature,rock,10,1,118,0.1490225337273055,0.1271186440677966
2026092800,mert_v1,unweighted,temperature,rock,10,2,49,0.24009509924353425,0.22448979591836735
2026092800,mert_v1,unweighted,temperature,rock,10,3,10,0.32923741206192786,0.4
2026092800,mert_v1,unweighted,temperature,rock,10,4,14,0.43971697290344147,0.42857142857142855
2026092800,mert_v1,unweighted,temperature,rock,10,5,8,0.5477888476257629,1.0
2026092800,mert_v1,unweighted,temperature,rock,10,6,4,0.6620798748669391,1.0
2026092800,mert_v1,unweighted,temperature,rock,10,7,0,,
2026092800,mert_v1,unweighted,temperature,rock,10,8,0,,
2026092800,mert_v1,unweighted,temperature,rock,10,9,0,,
2026092800,mert_v1,unweighted,platt,electronic,5,0,111,0.08893666284665103,0.14414414414414414
2026092800,mert_v1,unweighted,platt,electronic,5,1,48,0.27652648286325515,0.3541666666666667
2026092800,mert_v1,unweighted,platt,electronic,5,2,29,0.49998099172068977,0.5517241379310345
2026092800,mert_v1,unweighted,platt,electronic,5,3,36,0.7062497800487337,0.5555555555555556
2026092800,mert_v1,unweighted,platt,electronic,5,4,22,0.887421778521378,0.9545454545454546
2026092800,mert_v1,unweighted,platt,electronic,10,0,70,0.05473050252676725,0.05714285714285714
2026092800,mert_v1,unweighted,platt,electronic,10,1,41,0.14733742436840386,0.2926829268292683
2026092800,mert_v1,unweighted,platt,electronic,10,2,35,0.25108771305357575,0.3142857142857143
2026092800,mert_v1,unweighted,platt,electronic,10,3,13,0.34501547850469994,0.46153846153846156
2026092800,mert_v1,unweighted,platt,electronic,10,4,15,0.455644888836275,0.4666666666666667
2026092800,mert_v1,unweighted,platt,electronic,10,5,14,0.5474839590968483,0.6428571428571429
2026092800,mert_v1,unweighted,platt,electronic,10,6,16,0.6512092601093473,0.4375
2026092800,mert_v1,unweighted,platt,electronic,10,7,20,0.7502821960002429,0.65
2026092800,mert_v1,unweighted,platt,electronic,10,8,13,0.8615249605475926,0.9230769230769231
2026092800,mert_v1,unweighted,platt,electronic,10,9,9,0.9248282933724012,1.0
2026092800,mert_v1,unweighted,platt,pop,5,0,127,0.10677014743133927,0.1732283464566929
2026092800,mert_v1,unweighted,platt,pop,5,1,82,0.2824846317530708,0.21951219512195122
2026092800,mert_v1,unweighted,platt,pop,5,2,29,0.4789265069144431,0.13793103448275862
2026092800,mert_v1,unweighted,platt,pop,5,3,8,0.7146115991527698,0.375
2026092800,mert_v1,unweighted,platt,pop,5,4,0,,
2026092800,mert_v1,unweighted,platt,pop,10,0,58,0.062477841347975654,0.15517241379310345
2026092800,mert_v1,unweighted,platt,pop,10,1,69,0.14400136124054347,0.18840579710144928
2026092800,mert_v1,unweighted,platt,pop,10,2,52,0.24594216576933592,0.19230769230769232
2026092800,mert_v1,unweighted,platt,pop,10,3,30,0.345824906124878,0.26666666666666666
2026092800,mert_v1,unweighted,platt,pop,10,4,18,0.44656565318062597,0.16666666666666666
2026092800,mert_v1,unweighted,platt,pop,10,5,11,0.5318806312061443,0.09090909090909091
2026092800,mert_v1,unweighted,platt,pop,10,6,3,0.649077142304457,0.3333333333333333
2026092800,mert_v1,unweighted,platt,pop,10,7,5,0.7539322732617575,0.4
2026092800,mert_v1,unweighted,platt,pop,10,8,0,,
2026092800,mert_v1,unweighted,platt,pop,10,9,0,,
2026092800,mert_v1,unweighted,platt,ambient,5,0,180,0.09214512627877672,0.15555555555555556
2026092800,mert_v1,unweighted,platt,ambient,5,1,47,0.26914419673152723,0.40425531914893614
2026092800,mert_v1,unweighted,platt,ambient,5,2,17,0.49008461140934473,0.23529411764705882
2026092800,mert_v1,unweighted,platt,ambient,5,3,1,0.6312902587641661,0.0
2026092800,mert_v1,unweighted,platt,ambient,5,4,1,0.9139667612984197,1.0
2026092800,mert_v1,unweighted,platt,ambient,10,0,114,0.061152621001327644,0.11403508771929824
2026092800,mert_v1,unweighted,platt,ambient,10,1,66,0.14567763539437062,0.22727272727272727
2026092800,mert_v1,unweighted,platt,ambient,10,2,34,0.23735296545508286,0.38235294117647056
2026092800,mert_v1,unweighted,platt,ambient,10,3,13,0.3522904939160743,0.46153846153846156
2026092800,mert_v1,unweighted,platt,ambient,10,4,9,0.44747676452004126,0.2222222222222222
2026092800,mert_v1,unweighted,platt,ambient,10,5,8,0.5380184391598113,0.25
2026092800,mert_v1,unweighted,platt,ambient,10,6,1,0.6312902587641661,0.0
2026092800,mert_v1,unweighted,platt,ambient,10,7,0,,
2026092800,mert_v1,unweighted,platt,ambient,10,8,0,,
2026092800,mert_v1,unweighted,platt,ambient,10,9,1,0.9139667612984197,1.0
2026092800,mert_v1,unweighted,platt,rock,5,0,158,0.1276101618647896,0.10126582278481013
2026092800,mert_v1,unweighted,platt,rock,5,1,62,0.2580362156783647,0.24193548387096775
2026092800,mert_v1,unweighted,platt,rock,5,2,21,0.4916796642903055,0.6190476190476191
2026092800,mert_v1,unweighted,platt,rock,5,3,5,0.6694971210791231,1.0
2026092800,mert_v1,unweighted,platt,rock,5,4,0,,
2026092800,mert_v1,unweighted,platt,rock,10,0,46,0.07533317991335213,0.043478260869565216
2026092800,mert_v1,unweighted,platt,rock,10,1,112,0.14908106516627287,0.125
2026092800,mert_v1,unweighted,platt,rock,10,2,51,0.2412464832461669,0.21568627450980393
2026092800,mert_v1,unweighted,platt,rock,10,3,11,0.3358795205912817,0.36363636363636365
2026092800,mert_v1,unweighted,platt,rock,10,4,12,0.44729242703403793,0.4166666666666667
2026092800,mert_v1,unweighted,platt,rock,10,5,9,0.5508626472986622,0.8888888888888888
2026092800,mert_v1,unweighted,platt,rock,10,6,4,0.6595851874486962,1.0
2026092800,mert_v1,unweighted,platt,rock,10,7,1,0.7091448556008296,1.0
2026092800,mert_v1,unweighted,platt,rock,10,8,0,,
2026092800,mert_v1,unweighted,platt,rock,10,9,0,,
2026092800,mert_v1,unweighted,beta,electronic,5,0,109,0.078837813509465,0.13761467889908258
2026092800,mert_v1,unweighted,beta,electronic,5,1,47,0.28272858012067564,0.3404255319148936
2026092800,mert_v1,unweighted,beta,electronic,5,2,31,0.5067927549941366,0.5483870967741935
2026092800,mert_v1,unweighted,beta,electronic,5,3,43,0.7039941234925017,0.627906976744186
2026092800,mert_v1,unweighted,beta,electronic,5,4,16,0.853077910542399,0.9375
2026092800,mert_v1,unweighted,beta,electronic,10,0,72,0.04466239319845224,0.05555555555555555
2026092800,mert_v1,unweighted,beta,electronic,10,1,37,0.14534133411467903,0.2972972972972973
2026092800,mert_v1,unweighted,beta,electronic,10,2,30,0.25122103585937056,0.3333333333333333
2026092800,mert_v1,unweighted,beta,electronic,10,3,17,0.3383301288170961,0.35294117647058826
2026092800,mert_v1,unweighted,beta,electronic,10,4,15,0.46035132457083716,0.5333333333333333
2026092800,mert_v1,unweighted,beta,electronic,10,5,16,0.5503315960159798,0.5625
2026092800,mert_v1,unweighted,beta,electronic,10,6,19,0.6512111345169554,0.5263157894736842
2026092800,mert_v1,unweighted,beta,electronic,10,7,24,0.7457806564314758,0.7083333333333334
2026092800,mert_v1,unweighted,beta,electronic,10,8,16,0.853077910542399,0.9375
2026092800,mert_v1,unweighted,beta,electronic,10,9,0,,
2026092800,mert_v1,unweighted,beta,pop,5,0,137,0.1159812490449755,0.1678832116788321
2026092800,mert_v1,unweighted,beta,pop,5,1,77,0.2791887836135894,0.22077922077922077
2026092800,mert_v1,unweighted,beta,pop,5,2,24,0.4896545721046823,0.16666666666666666
2026092800,mert_v1,unweighted,beta,pop,5,3,4,0.7162494376098628,0.25
2026092800,mert_v1,unweighted,beta,pop,5,4,4,0.8319004782948783,0.5
2026092800,mert_v1,unweighted,beta,pop,10,0,54,0.07180028330652688,0.14814814814814814
2026092800,mert_v1,unweighted,beta,pop,10,1,83,0.14472549181456856,0.18072289156626506
2026092800,mert_v1,unweighted,beta,pop,10,2,50,0.24357679575798308,0.24
2026092800,mert_v1,unweighted,beta,pop,10,3,27,0.34513690927211943,0.18518518518518517
2026092800,mert_v1,unweighted,beta,pop,10,4,14,0.45283631559081383,0.21428571428571427
2026092800,mert_v1,unweighted,beta,pop,10,5,10,0.541200131224098,0.1
2026092800,mert_v1,unweighted,beta,pop,10,6,1,0.6392185387283109,0.0
2026092800,mert_v1,unweighted,beta,pop,10,7,3,0.7419264039037134,0.3333333333333333
2026092800,mert_v1,unweighted,beta,pop,10,8,4,0.8319004782948783,0.5
2026092800,mert_v1,unweighted,beta,pop,10,9,0,,
2026092800,mert_v1,unweighted,beta,ambient,5,0,177,0.08360560235333395,0.15819209039548024
2026092800,mert_v1,unweighted,beta,ambient,5,1,46,0.27119339226288813,0.391304347826087
2026092800,mert_v1,unweighted,beta,ambient,5,2,21,0.47913667496370715,0.23809523809523808
2026092800,mert_v1,unweighted,beta,ambient,5,3,2,0.6839686513260024,0.5
2026092800,mert_v1,unweighted,beta,ambient,5,4,0,,
2026092800,mert_v1,unweighted,beta,ambient,10,0,116,0.05107584747299844,0.1206896551724138
2026092800,mert_v1,unweighted,beta,ambient,10,1,61,0.14546546409298833,0.22950819672131148
2026092800,mert_v1,unweighted,beta,ambient,10,2,33,0.24183322358342002,0.3333333333333333
2026092800,mert_v1,unweighted,beta,ambient,10,3,13,0.3457230512184611,0.5384615384615384
2026092800,mert_v1,unweighted,beta,ambient,10,4,12,0.4399142312983369,0.25
2026092800,mert_v1,unweighted,beta,ambient,10,5,9,0.5314332665175339,0.2222222222222222
2026092800,mert_v1,unweighted,beta,ambient,10,6,1,0.6014601316079382,0.0
2026092800,mert_v1,unweighted,beta,ambient,10,7,1,0.7664771710440667,1.0
2026092800,mert_v1,unweighted,beta,ambient,10,8,0,,
2026092800,mert_v1,unweighted,beta,ambient,10,9,0,,
2026092800,mert_v1,unweighted,beta,rock,5,0,149,0.118031450743817,0.10067114093959731
2026092800,mert_v1,unweighted,beta,rock,5,1,70,0.2644792002134683,0.21428571428571427
2026092800,mert_v1,unweighted,beta,rock,5,2,24,0.4946703998258674,0.6666666666666666
2026092800,mert_v1,unweighted,beta,rock,5,3,3,0.6105378930132018,1.0
2026092800,mert_v1,unweighted,beta,rock,5,4,0,,
2026092800,mert_v1,unweighted,beta,rock,10,0,56,0.06813656288731666,0.05357142857142857
2026092800,mert_v1,unweighted,beta,rock,10,1,93,0.14807568429181717,0.12903225806451613
2026092800,mert_v1,unweighted,beta,rock,10,2,57,0.24611704713589302,0.21052631578947367
2026092800,mert_v1,unweighted,beta,rock,10,3,13,0.3449901790920679,0.23076923076923078
2026092800,mert_v1,unweighted,beta,rock,10,4,13,0.4550428828984386,0.46153846153846156
2026092800,mert_v1,unweighted,beta,rock,10,5,11,0.5415029198310106,0.9090909090909091
2026092800,mert_v1,unweighted,beta,rock,10,6,3,0.6105378930132018,1.0
2026092800,mert_v1,unweighted,beta,rock,10,7,0,,
2026092800,mert_v1,unweighted,beta,rock,10,8,0,,
2026092800,mert_v1,unweighted,beta,rock,10,9,0,,
2026092800,mert_v1,unweighted,isotonic,electronic,5,0,101,0.06930693069306931,0.12871287128712872
2026092800,mert_v1,unweighted,isotonic,electronic,5,1,58,0.23295454545454547,0.3448275862068966
2026092800,mert_v1,unweighted,isotonic,electronic,5,2,10,0.4,0.6
2026092800,mert_v1,unweighted,isotonic,electronic,5,3,55,0.7053306206335958,0.5454545454545454
2026092800,mert_v1,unweighted,isotonic,electronic,5,4,22,0.9118305441034764,0.9545454545454546
2026092800,mert_v1,unweighted,isotonic,electronic,10,0,56,0.0,0.05357142857142857
2026092800,mert_v1,unweighted,isotonic,electronic,10,1,45,0.15555555555555559,0.2222222222222222
2026092800,mert_v1,unweighted,isotonic,electronic,10,2,45,0.20833333333333343,0.3111111111111111
2026092800,mert_v1,unweighted,isotonic,electronic,10,3,13,0.31818181818181823,0.46153846153846156
2026092800,mert_v1,unweighted,isotonic,electronic,10,4,10,0.4,0.6
2026092800,mert_v1,unweighted,isotonic,electronic,10,5,0,,
2026092800,mert_v1,unweighted,isotonic,electronic,10,6,37,0.6857219061166432,0.5135135135135135
2026092800,mert_v1,unweighted,isotonic,electronic,10,7,18,0.7456374226962212,0.6111111111111112
2026092800,mert_v1,unweighted,isotonic,electronic,10,8,8,0.8126038963600606,0.875
2026092800,mert_v1,unweighted,isotonic,electronic,10,9,14,0.9685314856711423,1.0
2026092800,mert_v1,unweighted,isotonic,pop,5,0,120,0.09148495954502413,0.16666666666666666
2026092800,mert_v1,unweighted,isotonic,pop,5,1,112,0.29988677938471725,0.20535714285714285
2026092800,mert_v1,unweighted,isotonic,pop,5,2,3,0.5305689795867395,0.0
2026092800,mert_v1,unweighted,isotonic,pop,5,3,4,0.7042235693802329,0.25
2026092800,mert_v1,unweighted,isotonic,pop,5,4,7,0.8888888888888891,0.42857142857142855
2026092800,mert_v1,unweighted,isotonic,pop,10,0,33,0.017455188859376216,0.15151515151515152
2026092800,mert_v1,unweighted,isotonic,pop,10,1,87,0.11956521739130437,0.1724137931034483
2026092800,mert_v1,unweighted,isotonic,pop,10,2,74,0.2800000000000001,0.21621621621621623
2026092800,mert_v1,unweighted,isotonic,pop,10,3,38,0.3386136655549561,0.18421052631578946
2026092800,mert_v1,unweighted,isotonic,pop,10,4,0,,
2026092800,mert_v1,unweighted,isotonic,pop,10,5,3,0.5305689795867395,0.0
2026092800,mert_v1,unweighted,isotonic,pop,10,6,1,0.6740371346637887,0.0
2026092800,mert_v1,unweighted,isotonic,pop,10,7,3,0.7142857142857143,0.3333333333333333
2026092800,mert_v1,unweighted,isotonic,pop,10,8,7,0.8888888888888891,0.42857142857142855
2026092800,mert_v1,unweighted,isotonic,pop,10,9,0,,
2026092800,mert_v1,unweighted,isotonic,ambient,5,0,178,0.058798276668316045,0.15730337078651685
2026092800,mert_v1,unweighted,isotonic,ambient,5,1,44,0.36407804886902473,0.4090909090909091
2026092800,mert_v1,unweighted,isotonic,ambient,5,2,23,0.46499987042337154,0.21739130434782608
2026092800,mert_v1,unweighted,isotonic,ambient,5,3,0,,
2026092800,mert_v1,unweighted,isotonic,ambient,5,4,1,1.0,1.0
2026092800,mert_v1,unweighted,isotonic,ambient,10,0,117,0.031274241867841245,0.11965811965811966
2026092800,mert_v1,unweighted,isotonic,ambient,10,1,61,0.11159027784299723,0.22950819672131148
2026092800,mert_v1,unweighted,isotonic,ambient,10,2,2,0.24227521465342747,0.0
2026092800,mert_v1,unweighted,isotonic,ambient,10,3,42,0.3698781838316722,0.42857142857142855
2026092800,mert_v1,unweighted,isotonic,ambient,10,4,13,0.4158746253275441,0.23076923076923078
2026092800,mert_v1,unweighted,isotonic,ambient,10,5,10,0.5288626890479474,0.2
2026092800,mert_v1,unweighted,isotonic,ambient,10,6,0,,
2026092800,mert_v1,unweighted,isotonic,ambient,10,7,0,,
2026092800,mert_v1,unweighted,isotonic,ambient,10,8,0,,
2026092800,mert_v1,unweighted,isotonic,ambient,10,9,1,1.0,1.0
2026092800,mert_v1,unweighted,isotonic,rock,5,0,175,0.12346947647798219,0.11428571428571428
2026092800,mert_v1,unweighted,isotonic,rock,5,1,34,0.21495675530106775,0.20588235294117646
2026092800,mert_v1,unweighted,isotonic,rock,5,2,9,0.4,0.2222222222222222
2026092800,mert_v1,unweighted,isotonic,rock,5,3,28,0.625,0.7142857142857143
2026092800,mert_v1,unweighted,isotonic,rock,5,4,0,,
2026092800,mert_v1,unweighted,isotonic,rock,10,0,34,0.026737967914438505,0.029411764705882353
2026092800,mert_v1,unweighted,isotonic,rock,10,1,141,0.14679480478408494,0.1347517730496454
2026092800,mert_v1,unweighted,isotonic,rock,10,2,31,0.2035009574269776,0.22580645161290322
2026092800,mert_v1,unweighted,isotonic,rock,10,3,3,0.3333333333333333,0.0
2026092800,mert_v1,unweighted,isotonic,rock,10,4,9,0.4,0.2222222222222222
2026092800,mert_v1,unweighted,isotonic,rock,10,5,0,,
2026092800,mert_v1,unweighted,isotonic,rock,10,6,28,0.625,0.7142857142857143
2026092800,mert_v1,unweighted,isotonic,rock,10,7,0,,
2026092800,mert_v1,unweighted,isotonic,rock,10,8,0,,
2026092800,mert_v1,unweighted,isotonic,rock,10,9,0,,
2026092800,mert_v1,unweighted,ridge_platt,electronic,5,0,78,0.11934924693720074,0.0641025641025641
2026092800,mert_v1,unweighted,ridge_platt,electronic,5,1,75,0.2904208818035425,0.3333333333333333
2026092800,mert_v1,unweighted,ridge_platt,electronic,5,2,35,0.5032055149482471,0.5428571428571428
2026092800,mert_v1,unweighted,ridge_platt,electronic,5,3,42,0.6920252750109448,0.6190476190476191
2026092800,mert_v1,unweighted,ridge_platt,electronic,5,4,16,0.8577784565709016,0.9375
2026092800,mert_v1,unweighted,ridge_platt,electronic,10,0,27,0.07083678961087965,0.037037037037037035
2026092800,mert_v1,unweighted,ridge_platt,electronic,10,1,51,0.14503231258054716,0.0784313725490196
2026092800,mert_v1,unweighted,ridge_platt,electronic,10,2,42,0.24680738961051796,0.35714285714285715
2026092800,mert_v1,unweighted,ridge_platt,electronic,10,3,33,0.3459289627764827,0.30303030303030304
2026092800,mert_v1,unweighted,ridge_platt,electronic,10,4,17,0.45840375653536264,0.5294117647058824
2026092800,mert_v1,unweighted,ridge_platt,electronic,10,5,18,0.5455182867826381,0.5555555555555556
2026092800,mert_v1,unweighted,ridge_platt,electronic,10,6,23,0.6492860376048403,0.43478260869565216
2026092800,mert_v1,unweighted,ridge_platt,electronic,10,7,19,0.7437622466078082,0.8421052631578947
2026092800,mert_v1,unweighted,ridge_platt,electronic,10,8,15,0.8549092651475836,0.9333333333333333
2026092800,mert_v1,unweighted,ridge_platt,electronic,10,9,1,0.90081632792067,1.0
2026092800,mert_v1,unweighted,ridge_platt,pop,5,0,115,0.13875602764485992,0.16521739130434782
2026092800,mert_v1,unweighted,ridge_platt,pop,5,1,115,0.2799029952516148,0.20869565217391303
2026092800,mert_v1,unweighted,ridge_platt,pop,5,2,16,0.47681834986224625,0.25
2026092800,mert_v1,unweighted,ridge_platt,pop,5,3,0,,
2026092800,mert_v1,unweighted,ridge_platt,pop,5,4,0,,
2026092800,mert_v1,unweighted,ridge_platt,pop,10,0,22,0.07468412382564148,0.13636363636363635
2026092800,mert_v1,unweighted,ridge_platt,pop,10,1,93,0.15391282209671808,0.17204301075268819
2026092800,mert_v1,unweighted,ridge_platt,pop,10,2,78,0.2485114316629002,0.21794871794871795
2026092800,mert_v1,unweighted,ridge_platt,pop,10,3,37,0.34607980497917534,0.1891891891891892
2026092800,mert_v1,unweighted,ridge_platt,pop,10,4,10,0.4308134547529848,0.1
2026092800,mert_v1,unweighted,ridge_platt,pop,10,5,6,0.5534931750443487,0.5
2026092800,mert_v1,unweighted,ridge_platt,pop,10,6,0,,
2026092800,mert_v1,unweighted,ridge_platt,pop,10,7,0,,
2026092800,mert_v1,unweighted,ridge_platt,pop,10,8,0,,
2026092800,mert_v1,unweighted,ridge_platt,pop,10,9,0,,
2026092800,mert_v1,unweighted,ridge_platt,ambient,5,0,172,0.11283395594764986,0.16279069767441862
2026092800,mert_v1,unweighted,ridge_platt,ambient,5,1,59,0.2679403762079156,0.3220338983050847
2026092800,mert_v1,unweighted,ridge_platt,ambient,5,2,14,0.4593136377445003,0.2857142857142857
2026092800,mert_v1,unweighted,ridge_platt,ambient,5,3,0,,
2026092800,mert_v1,unweighted,ridge_platt,ambient,5,4,1,0.8313093145032455,1.0
2026092800,mert_v1,unweighted,ridge_platt,ambient,10,0,72,0.07222926147863466,0.125
2026092800,mert_v1,unweighted,ridge_platt,ambient,10,1,100,0.14206933596534083,0.19
2026092800,mert_v1,unweighted,ridge_platt,ambient,10,2,42,0.2370360656751042,0.30952380952380953
2026092800,mert_v1,unweighted,ridge_platt,ambient,10,3,17,0.34429220223015555,0.35294117647058826
2026092800,mert_v1,unweighted,ridge_platt,ambient,10,4,11,0.4427169277679966,0.2727272727272727
2026092800,mert_v1,unweighted,ridge_platt,ambient,10,5,3,0.5201682409916807,0.3333333333333333
2026092800,mert_v1,unweighted,ridge_platt,ambient,10,6,0,,
2026092800,mert_v1,unweighted,ridge_platt,ambient,10,7,0,,
2026092800,mert_v1,unweighted,ridge_platt,ambient,10,8,1,0.8313093145032455,1.0
2026092800,mert_v1,unweighted,ridge_platt,ambient,10,9,0,,
2026092800,mert_v1,unweighted,ridge_platt,rock,5,0,183,0.10481723058594261,0.13114754098360656
2026092800,mert_v1,unweighted,ridge_platt,rock,5,1,41,0.2582771442095454,0.21951219512195122
2026092800,mert_v1,unweighted,ridge_platt,rock,5,2,17,0.4925480666378544,0.6470588235294118
2026092800,mert_v1,unweighted,ridge_platt,rock,5,3,5,0.6773708225770293,1.0
2026092800,mert_v1,unweighted,ridge_platt,rock,5,4,0,,
2026092800,mert_v1,unweighted,ridge_platt,rock,10,0,90,0.06623036852748944,0.08888888888888889
2026092800,mert_v1,unweighted,ridge_platt,rock,10,1,93,0.14215935515863923,0.17204301075268819
2026092800,mert_v1,unweighted,ridge_platt,rock,10,2,33,0.23441373211057387,0.15151515151515152
2026092800,mert_v1,unweighted,ridge_platt,rock,10,3,8,0.35671371911780303,0.5
2026092800,mert_v1,unweighted,ridge_platt,rock,10,4,10,0.44869137650331475,0.4
2026092800,mert_v1,unweighted,ridge_platt,rock,10,5,7,0.5552004811157684,1.0
2026092800,mert_v1,unweighted,ridge_platt,rock,10,6,3,0.6524912354730102,1.0
2026092800,mert_v1,unweighted,ridge_platt,rock,10,7,2,0.714690203233058,1.0
2026092800,mert_v1,unweighted,ridge_platt,rock,10,8,0,,
2026092800,mert_v1,unweighted,ridge_platt,rock,10,9,0,,
